#VRML V2.0 utf8
# from cover_insert_r3_10p.stl, one piece by stl_to_wrl.py, units mm

Shape {
appearance Appearance {
material Material {
diffuseColor 0.35 0.35 0.37
shininess 0.2
}
}
geometry IndexedFaceSet {
coord Coordinate {
point [
-9.4500 -6.4750 0.5875,
-9.4500 -6.4750 1.5875,
-9.4500 6.4750 0.5875,
-9.4500 6.4750 1.5875,
-9.4382 -6.6630 0.5875,
-9.4382 -6.6630 1.5875,
-9.4382 6.6630 0.5875,
-9.4382 6.6630 1.5875,
-9.4029 -6.8480 0.5875,
-9.4029 -6.8480 1.5875,
-9.4029 6.8480 0.5875,
-9.4029 6.8480 1.5875,
-9.3447 -7.0272 0.5875,
-9.3447 -7.0272 1.5875,
-9.3447 7.0272 0.5875,
-9.3447 7.0272 1.5875,
-9.2645 -7.1976 0.5875,
-9.2645 -7.1976 1.5875,
-9.2645 7.1976 0.5875,
-9.2645 7.1976 1.5875,
-9.1635 -7.3567 0.5875,
-9.1635 -7.3567 1.5875,
-9.1635 7.3567 0.5875,
-9.1635 7.3567 1.5875,
-9.0435 -7.5018 0.5875,
-9.0435 -7.5018 1.5875,
-9.0435 7.5018 0.5875,
-9.0435 7.5018 1.5875,
-8.9061 -7.6308 0.5875,
-8.9061 -7.6308 1.5875,
-8.9061 7.6308 0.5875,
-8.9061 7.6308 1.5875,
-8.7537 -7.7415 0.5875,
-8.7537 -7.7415 1.5875,
-8.7537 7.7415 0.5875,
-8.7537 7.7415 1.5875,
-8.7300 0.0000 -0.8500,
-8.7288 0.0000 -0.8896,
-8.7288 0.0000 -0.8104,
-8.7287 -0.0396 -0.8500,
-8.7287 0.0396 -0.8500,
-8.7275 -0.0395 -0.8896,
-8.7275 -0.0395 -0.8104,
-8.7275 0.0395 -0.8896,
-8.7275 0.0395 -0.8104,
-8.7250 -0.0790 -0.8500,
-8.7250 0.0000 -0.9289,
-8.7250 0.0000 -0.7711,
-8.7250 0.0790 -0.8500,
-8.7238 -0.0788 -0.8896,
-8.7238 -0.0788 -0.8104,
-8.7238 -0.0392 -0.9289,
-8.7238 -0.0392 -0.7711,
-8.7238 0.0392 -0.9289,
-8.7238 0.0392 -0.7711,
-8.7238 0.0788 -0.8896,
-8.7238 0.0788 -0.8104,
-8.7201 -0.0783 -0.9289,
-8.7201 -0.0783 -0.7711,
-8.7201 0.0783 -0.9289,
-8.7201 0.0783 -0.7711,
-8.7188 -0.1180 -0.8500,
-8.7188 0.0000 -0.9680,
-8.7188 0.0000 -0.7320,
-8.7188 0.1180 -0.8500,
-8.7176 -0.1178 -0.8896,
-8.7176 -0.1178 -0.8104,
-8.7176 -0.0389 -0.9680,
-8.7176 -0.0389 -0.7320,
-8.7176 0.0389 -0.9680,
-8.7176 0.0389 -0.7320,
-8.7176 0.1178 -0.8896,
-8.7176 0.1178 -0.8104,
-8.7140 -0.1171 -0.9289,
-8.7140 -0.1171 -0.7711,
-8.7140 -0.0776 -0.9680,
-8.7140 -0.0776 -0.7320,
-8.7140 0.0776 -0.9680,
-8.7140 0.0776 -0.7320,
-8.7140 0.1171 -0.9289,
-8.7140 0.1171 -0.7711,
-8.7102 -0.1567 -0.8500,
-8.7102 0.0000 -1.0067,
-8.7102 0.0000 -0.6933,
-8.7102 0.1567 -0.8500,
-8.7090 -0.1564 -0.8896,
-8.7090 -0.1564 -0.8104,
-8.7090 -0.0383 -1.0067,
-8.7090 -0.0383 -0.6933,
-8.7090 0.0383 -1.0067,
-8.7090 0.0383 -0.6933,
-8.7090 0.1564 -0.8896,
-8.7090 0.1564 -0.8104,
-8.7079 -0.1160 -0.9680,
-8.7079 -0.1160 -0.7320,
-8.7079 0.1160 -0.9680,
-8.7079 0.1160 -0.7320,
-8.7054 -0.1554 -0.9289,
-8.7054 -0.1554 -0.7711,
-8.7054 -0.0765 -1.0067,
-8.7054 -0.0765 -0.6933,
-8.7054 0.0765 -1.0067,
-8.7054 0.0765 -0.6933,
-8.7054 0.1554 -0.9289,
-8.7054 0.1554 -0.7711,
-8.6994 -0.1539 -0.9680,
-8.6994 -0.1539 -0.7320,
-8.6994 -0.1143 -1.0067,
-8.6994 -0.1143 -0.6933,
-8.6994 0.1143 -1.0067,
-8.6994 0.1143 -0.6933,
-8.6994 0.1539 -0.9680,
-8.6994 0.1539 -0.7320,
-8.6992 -0.1947 -0.8500,
-8.6992 0.0000 -1.0447,
-8.6992 0.0000 -0.6553,
-8.6992 0.1947 -0.8500,
-8.6980 -0.1943 -0.8896,
-8.6980 -0.1943 -0.8104,
-8.6980 -0.0376 -1.0447,
-8.6980 -0.0376 -0.6553,
-8.6980 0.0376 -1.0447,
-8.6980 0.0376 -0.6553,
-8.6980 0.1943 -0.8896,
-8.6980 0.1943 -0.8104,
-8.6944 -0.1931 -0.9289,
-8.6944 -0.1931 -0.7711,
-8.6944 -0.0751 -1.0447,
-8.6944 -0.0751 -0.6553,
-8.6944 0.0751 -1.0447,
-8.6944 0.0751 -0.6553,
-8.6944 0.1931 -0.9289,
-8.6944 0.1931 -0.7711,
-8.6910 -0.1517 -1.0067,
-8.6910 -0.1517 -0.6933,
-8.6910 0.1517 -1.0067,
-8.6910 0.1517 -0.6933,
-8.6885 -0.1912 -0.9680,
-8.6885 -0.1912 -0.7320,
-8.6885 -0.1123 -1.0447,
-8.6885 -0.1123 -0.6553,
-8.6885 0.1123 -1.0447,
-8.6885 0.1123 -0.6553,
-8.6885 0.1912 -0.9680,
-8.6885 0.1912 -0.7320,
-8.6858 0.0000 -1.0819,
-8.6858 0.0000 -0.6181,
-8.6857 -0.2319 -0.8500,
-8.6857 0.2319 -0.8500,
-8.6846 -0.2315 -0.8896,
-8.6846 -0.2315 -0.8104,
-8.6846 -0.0368 -1.0819,
-8.6846 -0.0368 -0.6181,
-8.6846 0.0368 -1.0819,
-8.6846 0.0368 -0.6181,
-8.6846 0.2315 -0.8896,
-8.6846 0.2315 -0.8104,
-8.6811 -0.2301 -0.9289,
-8.6811 -0.2301 -0.7711,
-8.6811 -0.0734 -1.0819,
-8.6811 -0.0734 -0.6181,
-8.6811 0.0734 -1.0819,
-8.6811 0.0734 -0.6181,
-8.6811 0.2301 -0.9289,
-8.6811 0.2301 -0.7711,
-8.6803 -0.1886 -1.0067,
-8.6803 -0.1886 -0.6933,
-8.6803 -0.1490 -1.0447,
-8.6803 -0.1490 -0.6553,
-8.6803 0.1490 -1.0447,
-8.6803 0.1490 -0.6553,
-8.6803 0.1886 -1.0067,
-8.6803 0.1886 -0.6933,
-8.6754 -0.2278 -0.9680,
-8.6754 -0.2278 -0.7320,
-8.6754 -0.1098 -1.0819,
-8.6754 -0.1098 -0.6181,
-8.6754 0.1098 -1.0819,
-8.6754 0.1098 -0.6181,
-8.6754 0.2278 -0.9680,
-8.6754 0.2278 -0.7320,
-8.6700 -0.2682 -0.8500,
-8.6700 0.0000 -1.1182,
-8.6700 0.0000 -0.5818,
-8.6700 0.2682 -0.8500,
-8.6698 -0.1851 -1.0447,
-8.6698 -0.1851 -0.6553,
-8.6698 0.1851 -1.0447,
-8.6698 0.1851 -0.6553,
-8.6689 -0.2677 -0.8896,
-8.6689 -0.2677 -0.8104,
-8.6689 -0.0358 -1.1182,
-8.6689 -0.0358 -0.5818,
-8.6689 0.0358 -1.1182,
-8.6689 0.0358 -0.5818,
-8.6689 0.2677 -0.8896,
-8.6689 0.2677 -0.8104,
-8.6674 -0.1457 -1.0819,
-8.6674 -0.1457 -0.6181,
-8.6674 0.1457 -1.0819,
-8.6674 0.1457 -0.6181,
-8.6673 -0.2246 -1.0067,
-8.6673 -0.2246 -0.6933,
-8.6673 0.2246 -1.0067,
-8.6673 0.2246 -0.6933,
-8.6655 -0.2661 -0.9289,
-8.6655 -0.2661 -0.7711,
-8.6655 -0.0714 -1.1182,
-8.6655 -0.0714 -0.5818,
-8.6655 0.0714 -1.1182,
-8.6655 0.0714 -0.5818,
-8.6655 0.2661 -0.9289,
-8.6655 0.2661 -0.7711,
-8.6599 -0.2635 -0.9680,
-8.6599 -0.2635 -0.7320,
-8.6599 -0.1068 -1.1182,
-8.6599 -0.1068 -0.5818,
-8.6599 0.1068 -1.1182,
-8.6599 0.1068 -0.5818,
-8.6599 0.2635 -0.9680,
-8.6599 0.2635 -0.7320,
-8.6571 -0.2206 -1.0447,
-8.6571 -0.2206 -0.6553,
-8.6571 -0.1810 -1.0819,
-8.6571 -0.1810 -0.6181,
-8.6571 0.1810 -1.0819,
-8.6571 0.1810 -0.6181,
-8.6571 0.2206 -1.0447,
-8.6571 0.2206 -0.6553,
-8.6521 -0.3035 -0.8500,
-8.6521 -0.2598 -1.0067,
-8.6521 -0.2598 -0.6933,
-8.6521 -0.1418 -1.1182,
-8.6521 -0.1418 -0.5818,
-8.6521 0.0000 -1.1535,
-8.6521 0.0000 -0.5465,
-8.6521 0.1418 -1.1182,
-8.6521 0.1418 -0.5818,
-8.6521 0.2598 -1.0067,
-8.6521 0.2598 -0.6933,
-8.6521 0.3035 -0.8500,
-8.6510 -0.3029 -0.8896,
-8.6510 -0.3029 -0.8104,
-8.6510 -0.0347 -1.1535,
-8.6510 -0.0347 -0.5465,
-8.6510 0.0347 -1.1535,
-8.6510 0.0347 -0.5465,
-8.6510 0.3029 -0.8896,
-8.6510 0.3029 -0.8104,
-8.6477 -0.3011 -0.9289,
-8.6477 -0.3011 -0.7711,
-8.6477 -0.0692 -1.1535,
-8.6477 -0.0692 -0.5465,
-8.6477 0.0692 -1.1535,
-8.6477 0.0692 -0.5465,
-8.6477 0.3011 -0.9289,
-8.6477 0.3011 -0.7711,
-8.6446 -0.2156 -1.0819,
-8.6446 -0.2156 -0.6181,
-8.6446 0.2156 -1.0819,
-8.6446 0.2156 -0.6181,
-8.6423 -0.2981 -0.9680,
-8.6423 -0.2981 -0.7320,
-8.6423 -0.1034 -1.1535,
-8.6423 -0.1034 -0.5465,
-8.6423 0.1034 -1.1535,
-8.6423 0.1034 -0.5465,
-8.6423 0.2981 -0.9680,
-8.6423 0.2981 -0.7320,
-8.6421 -0.2551 -1.0447,
-8.6421 -0.2551 -0.6553,
-8.6421 -0.1762 -1.1182,
-8.6421 -0.1762 -0.5818,
-8.6421 0.1762 -1.1182,
-8.6421 0.1762 -0.5818,
-8.6421 0.2551 -1.0447,
-8.6421 0.2551 -0.6553,
-8.6347 -0.2940 -1.0067,
-8.6347 -0.2940 -0.6933,
-8.6347 -0.1373 -1.1535,
-8.6347 -0.1373 -0.5465,
-8.6347 0.1373 -1.1535,
-8.6347 0.1373 -0.5465,
-8.6347 0.2940 -1.0067,
-8.6347 0.2940 -0.6933,
-8.6319 -0.3376 -0.8500,
-8.6319 0.0000 -1.1876,
-8.6319 0.0000 -0.5124,
-8.6319 0.3376 -0.8500,
-8.6309 -0.3369 -0.8896,
-8.6309 -0.3369 -0.8104,
-8.6309 -0.0334 -1.1876,
-8.6309 -0.0334 -0.5124,
-8.6309 0.0334 -1.1876,
-8.6309 0.0334 -0.5124,
-8.6309 0.3369 -0.8896,
-8.6309 0.3369 -0.8104,
-8.6300 -0.2494 -1.0819,
-8.6300 -0.2494 -0.6181,
-8.6300 -0.2098 -1.1182,
-8.6300 -0.2098 -0.5818,
-8.6300 0.2098 -1.1182,
-8.6300 0.2098 -0.5818,
-8.6300 0.2494 -1.0819,
-8.6300 0.2494 -0.6181,
-8.6277 -0.3349 -0.9289,
-8.6277 -0.3349 -0.7711,
-8.6277 -0.0667 -1.1876,
-8.6277 -0.0667 -0.5124,
-8.6277 0.0667 -1.1876,
-8.6277 0.0667 -0.5124,
-8.6277 0.3349 -0.9289,
-8.6277 0.3349 -0.7711,
-8.6250 -0.2886 -1.0447,
-8.6250 -0.2886 -0.6553,
-8.6250 -0.1706 -1.1535,
-8.6250 -0.1706 -0.5465,
-8.6250 0.1706 -1.1535,
-8.6250 0.1706 -0.5465,
-8.6250 0.2886 -1.0447,
-8.6250 0.2886 -0.6553,
-8.6225 -0.3316 -0.9680,
-8.6225 -0.3316 -0.7320,
-8.6225 -0.0997 -1.1876,
-8.6225 -0.0997 -0.5124,
-8.6225 0.0997 -1.1876,
-8.6225 0.0997 -0.5124,
-8.6225 0.3316 -0.9680,
-8.6225 0.3316 -0.7320,
-8.6158 -0.2427 -1.1182,
-8.6158 -0.2427 -0.5818,
-8.6158 0.2427 -1.1182,
-8.6158 0.2427 -0.5818,
-8.6152 -0.3270 -1.0067,
-8.6152 -0.3270 -0.6933,
-8.6152 -0.1323 -1.1876,
-8.6152 -0.1323 -0.5124,
-8.6152 0.1323 -1.1876,
-8.6152 0.1323 -0.5124,
-8.6152 0.3270 -1.0067,
-8.6152 0.3270 -0.6933,
-8.6133 -0.2822 -1.0819,
-8.6133 -0.2822 -0.6181,
-8.6133 -0.2032 -1.1535,
-8.6133 -0.2032 -0.5465,
-8.6133 0.2032 -1.1535,
-8.6133 0.2032 -0.5465,
-8.6133 0.2822 -1.0819,
-8.6133 0.2822 -0.6181,
-8.6097 -0.3703 -0.8500,
-8.6097 0.0000 -1.2203,
-8.6097 0.0000 -0.4797,
-8.6097 0.3703 -0.8500,
-8.6087 -0.3696 -0.8896,
-8.6087 -0.3696 -0.8104,
-8.6087 -0.0320 -1.2203,
-8.6087 -0.0320 -0.4797,
-8.6087 0.0320 -1.2203,
-8.6087 0.0320 -0.4797,
-8.6087 0.3696 -0.8896,
-8.6087 0.3696 -0.8104,
-8.6059 -0.3210 -1.0447,
-8.6059 -0.3210 -0.6553,
-8.6059 -0.1644 -1.1876,
-8.6059 -0.1644 -0.5124,
-8.6059 0.1644 -1.1876,
-8.6059 0.1644 -0.5124,
-8.6059 0.3210 -1.0447,
-8.6059 0.3210 -0.6553,
-8.6057 -0.3674 -0.9289,
-8.6057 -0.3674 -0.7711,
-8.6057 -0.0639 -1.2203,
-8.6057 -0.0639 -0.4797,
-8.6057 0.0639 -1.2203,
-8.6057 0.0639 -0.4797,
-8.6057 0.3674 -0.9289,
-8.6057 0.3674 -0.7711,
-8.6006 -0.3637 -0.9680,
-8.6006 -0.3637 -0.7320,
-8.6006 -0.0955 -1.2203,
-8.6006 -0.0955 -0.4797,
-8.6006 0.0955 -1.2203,
-8.6006 0.0955 -0.4797,
-8.6006 0.3637 -0.9680,
-8.6006 0.3637 -0.7320,
-8.5995 -0.2746 -1.1182,
-8.5995 -0.2746 -0.5818,
-8.5995 -0.2351 -1.1535,
-8.5995 -0.2351 -0.5465,
-8.5995 0.2351 -1.1535,
-8.5995 0.2351 -0.5465,
-8.5995 0.2746 -1.1182,
-8.5995 0.2746 -0.5818,
-8.5946 -0.3139 -1.0819,
-8.5946 -0.3139 -0.6181,
-8.5946 -0.1958 -1.1876,
-8.5946 -0.1958 -0.5124,
-8.5946 0.1958 -1.1876,
-8.5946 0.1958 -0.5124,
-8.5946 0.3139 -1.0819,
-8.5946 0.3139 -0.6181,
-8.5937 -0.3587 -1.0067,
-8.5937 -0.3587 -0.6933,
-8.5937 -0.1267 -1.2203,
-8.5937 -0.1267 -0.4797,
-8.5937 0.1267 -1.2203,
-8.5937 0.1267 -0.4797,
-8.5937 0.3587 -1.0067,
-8.5937 0.3587 -0.6933,
-8.5887 -7.8322 0.5875,
-8.5887 -7.8322 1.5875,
-8.5887 7.8322 0.5875,
-8.5887 7.8322 1.5875,
-8.5854 -0.4016 -0.8500,
-8.5854 0.0000 -1.2516,
-8.5854 0.0000 -0.4484,
-8.5854 0.4016 -0.8500,
-8.5847 -0.3522 -1.0447,
-8.5847 -0.3522 -0.6553,
-8.5847 -0.1575 -1.2203,
-8.5847 -0.1575 -0.4797,
-8.5847 0.1575 -1.2203,
-8.5847 0.1575 -0.4797,
-8.5847 0.3522 -1.0447,
-8.5847 0.3522 -0.6553,
-8.5845 -0.4008 -0.8896,
-8.5845 -0.4008 -0.8104,
-8.5845 -0.0305 -1.2516,
-8.5845 -0.0305 -0.4484,
-8.5845 0.0305 -1.2516,
-8.5845 0.0305 -0.4484,
-8.5845 0.4008 -0.8896,
-8.5845 0.4008 -0.8104,
-8.5838 -0.2660 -1.1535,
-8.5838 -0.2660 -0.5465,
-8.5838 0.2660 -1.1535,
-8.5838 0.2660 -0.5465,
-8.5816 -0.3984 -0.9289,
-8.5816 -0.3984 -0.7711,
-8.5816 -0.0608 -1.2516,
-8.5816 -0.0608 -0.4484,
-8.5816 0.0608 -1.2516,
-8.5816 0.0608 -0.4484,
-8.5816 0.3984 -0.9289,
-8.5816 0.3984 -0.7711,
-8.5813 -0.3054 -1.1182,
-8.5813 -0.3054 -0.5818,
-8.5813 -0.2265 -1.1876,
-8.5813 -0.2265 -0.5124,
-8.5813 0.2265 -1.1876,
-8.5813 0.2265 -0.5124,
-8.5813 0.3054 -1.1182,
-8.5813 0.3054 -0.5818,
-8.5768 -0.3945 -0.9680,
-8.5768 -0.3945 -0.7320,
-8.5768 -0.0910 -1.2516,
-8.5768 -0.0910 -0.4484,
-8.5768 0.0910 -1.2516,
-8.5768 0.0910 -0.4484,
-8.5768 0.3945 -0.9680,
-8.5768 0.3945 -0.7320,
-8.5739 -0.3443 -1.0819,
-8.5739 -0.3443 -0.6181,
-8.5739 -0.1876 -1.2203,
-8.5739 -0.1876 -0.4797,
-8.5739 0.1876 -1.2203,
-8.5739 0.1876 -0.4797,
-8.5739 0.3443 -1.0819,
-8.5739 0.3443 -0.6181,
-8.5702 -0.3890 -1.0067,
-8.5702 -0.3890 -0.6933,
-8.5702 -0.1207 -1.2516,
-8.5702 -0.1207 -0.4484,
-8.5702 0.1207 -1.2516,
-8.5702 0.1207 -0.4484,
-8.5702 0.3890 -1.0067,
-8.5702 0.3890 -0.6933,
-8.5661 -0.2958 -1.1535,
-8.5661 -0.2958 -0.5465,
-8.5661 -0.2563 -1.1876,
-8.5661 -0.2563 -0.5124,
-8.5661 0.2563 -1.1876,
-8.5661 0.2563 -0.5124,
-8.5661 0.2958 -1.1535,
-8.5661 0.2958 -0.5465,
-8.5617 -0.3819 -1.0447,
-8.5617 -0.3819 -0.6553,
-8.5617 -0.1500 -1.2516,
-8.5617 -0.1500 -0.4484,
-8.5617 0.1500 -1.2516,
-8.5617 0.1500 -0.4484,
-8.5617 0.3819 -1.0447,
-8.5617 0.3819 -0.6553,
-8.5612 -0.3351 -1.1182,
-8.5612 -0.3351 -0.5818,
-8.5612 -0.2170 -1.2203,
-8.5612 -0.2170 -0.4797,
-8.5612 0.2170 -1.2203,
-8.5612 0.2170 -0.4797,
-8.5612 0.3351 -1.1182,
-8.5612 0.3351 -0.5818,
-8.5592 -0.4313 -0.8500,
-8.5592 0.0000 -1.2813,
-8.5592 0.0000 -0.4187,
-8.5592 0.4313 -0.8500,
-8.5583 -0.4304 -0.8896,
-8.5583 -0.4304 -0.8104,
-8.5583 -0.0288 -1.2813,
-8.5583 -0.0288 -0.4187,
-8.5583 0.0288 -1.2813,
-8.5583 0.0288 -0.4187,
-8.5583 0.4304 -0.8896,
-8.5583 0.4304 -0.8104,
-8.5556 -0.4279 -0.9289,
-8.5556 -0.4279 -0.7711,
-8.5556 -0.0576 -1.2813,
-8.5556 -0.0576 -0.4187,
-8.5556 0.0576 -1.2813,
-8.5556 0.0576 -0.4187,
-8.5556 0.4279 -0.9289,
-8.5556 0.4279 -0.7711,
-8.5513 -0.3734 -1.0819,
-8.5513 -0.3734 -0.6181,
-8.5513 -0.1787 -1.2516,
-8.5513 -0.1787 -0.4484,
-8.5513 0.1787 -1.2516,
-8.5513 0.1787 -0.4484,
-8.5513 0.3734 -1.0819,
-8.5513 0.3734 -0.6181,
-8.5511 -0.4236 -0.9680,
-8.5511 -0.4236 -0.7320,
-8.5511 -0.0861 -1.2813,
-8.5511 -0.0861 -0.4187,
-8.5511 0.0861 -1.2813,
-8.5511 0.0861 -0.4187,
-8.5511 0.4236 -0.9680,
-8.5511 0.4236 -0.7320,
-8.5491 -0.2850 -1.1876,
-8.5491 -0.2850 -0.5124,
-8.5491 0.2850 -1.1876,
-8.5491 0.2850 -0.5124,
-8.5466 -0.3245 -1.1535,
-8.5466 -0.3245 -0.5465,
-8.5466 -0.2455 -1.2203,
-8.5466 -0.2455 -0.4797,
-8.5466 0.2455 -1.2203,
-8.5466 0.2455 -0.4797,
-8.5466 0.3245 -1.1535,
-8.5466 0.3245 -0.5465,
-8.5448 -0.4177 -1.0067,
-8.5448 -0.4177 -0.6933,
-8.5448 -0.1142 -1.2813,
-8.5448 -0.1142 -0.4187,
-8.5448 0.1142 -1.2813,
-8.5448 0.1142 -0.4187,
-8.5448 0.4177 -1.0067,
-8.5448 0.4177 -0.6933,
-8.5392 -0.3634 -1.1182,
-8.5392 -0.3634 -0.5818,
-8.5392 -0.2067 -1.2516,
-8.5392 -0.2067 -0.4484,
-8.5392 0.2067 -1.2516,
-8.5392 0.2067 -0.4484,
-8.5392 0.3634 -1.1182,
-8.5392 0.3634 -0.5818,
-8.5368 -0.4101 -1.0447,
-8.5368 -0.4101 -0.6553,
-8.5368 -0.1419 -1.2813,
-8.5368 -0.1419 -0.4187,
-8.5368 0.1419 -1.2813,
-8.5368 0.1419 -0.4187,
-8.5368 0.4101 -1.0447,
-8.5368 0.4101 -0.6553,
-8.5313 -0.4592 -0.8500,
-8.5313 0.0000 -1.3092,
-8.5313 0.0000 -0.3908,
-8.5313 0.4592 -0.8500,
-8.5304 -0.4583 -0.8896,
-8.5304 -0.4583 -0.8104,
-8.5304 -0.0271 -1.3092,
-8.5304 -0.0271 -0.3908,
-8.5304 0.0271 -1.3092,
-8.5304 0.0271 -0.3908,
-8.5304 0.4583 -0.8896,
-8.5304 0.4583 -0.8104,
-8.5303 -0.3127 -1.1876,
-8.5303 -0.3127 -0.5124,
-8.5303 -0.2731 -1.2203,
-8.5303 -0.2731 -0.4797,
-8.5303 0.2731 -1.2203,
-8.5303 0.2731 -0.4797,
-8.5303 0.3127 -1.1876,
-8.5303 0.3127 -0.5124,
-8.5279 -0.4556 -0.9289,
-8.5279 -0.4556 -0.7711,
-8.5279 -0.0541 -1.3092,
-8.5279 -0.0541 -0.3908,
-8.5279 0.0541 -1.3092,
-8.5279 0.0541 -0.3908,
-8.5279 0.4556 -0.9289,
-8.5279 0.4556 -0.7711,
-8.5270 -0.4010 -1.0819,
-8.5270 -0.4010 -0.6181,
-8.5270 -0.1691 -1.2813,
-8.5270 -0.1691 -0.4187,
-8.5270 0.1691 -1.2813,
-8.5270 0.1691 -0.4187,
-8.5270 0.4010 -1.0819,
-8.5270 0.4010 -0.6181,
-8.5254 -0.3519 -1.1535,
-8.5254 -0.3519 -0.5465,
-8.5254 -0.2338 -1.2516,
-8.5254 -0.2338 -0.4484,
-8.5254 0.2338 -1.2516,
-8.5254 0.2338 -0.4484,
-8.5254 0.3519 -1.1535,
-8.5254 0.3519 -0.5465,
-8.5236 -0.4511 -0.9680,
-8.5236 -0.4511 -0.7320,
-8.5236 -0.0808 -1.3092,
-8.5236 -0.0808 -0.3908,
-8.5236 0.0808 -1.3092,
-8.5236 0.0808 -0.3908,
-8.5236 0.4511 -0.9680,
-8.5236 0.4511 -0.7320,
-8.5177 -0.4448 -1.0067,
-8.5177 -0.4448 -0.6933,
-8.5177 -0.1072 -1.3092,
-8.5177 -0.1072 -0.3908,
-8.5177 0.1072 -1.3092,
-8.5177 0.1072 -0.3908,
-8.5177 0.4448 -1.0067,
-8.5177 0.4448 -0.6933,
-8.5155 -0.3902 -1.1182,
-8.5155 -0.3902 -0.5818,
-8.5155 -0.1955 -1.2813,
-8.5155 -0.1955 -0.4187,
-8.5155 0.1955 -1.2813,
-8.5155 0.1955 -0.4187,
-8.5155 0.3902 -1.1182,
-8.5155 0.3902 -0.5818,
-8.5123 -0.2996 -1.2203,
-8.5123 -0.2996 -0.4797,
-8.5123 0.2996 -1.2203,
-8.5123 0.2996 -0.4797,
-8.5102 -0.1333 -1.3092,
-8.5102 -0.1333 -0.3908,
-8.5102 0.1333 -1.3092,
-8.5102 0.1333 -0.3908,
-8.5101 -0.4368 -1.0447,
-8.5101 -0.4368 -0.6553,
-8.5101 0.4368 -1.0447,
-8.5101 0.4368 -0.6553,
-8.5099 -0.3391 -1.1876,
-8.5099 -0.3391 -0.5124,
-8.5099 0.3391 -1.1876,
-8.5099 0.3391 -0.5124,
-8.5098 -0.2601 -1.2516,
-8.5098 -0.2601 -0.4484,
-8.5098 0.2601 -1.2516,
-8.5098 0.2601 -0.4484,
-8.5024 -0.3779 -1.1535,
-8.5024 -0.3779 -0.5465,
-8.5024 -0.2212 -1.2813,
-8.5024 -0.2212 -0.4187,
-8.5024 0.2212 -1.2813,
-8.5024 0.2212 -0.4187,
-8.5024 0.3779 -1.1535,
-8.5024 0.3779 -0.5465,
-8.5016 -0.4854 -0.8500,
-8.5016 0.0000 -1.3354,
-8.5016 0.0000 -0.3646,
-8.5016 0.4854 -0.8500,
-8.5010 -0.4270 -1.0819,
-8.5010 -0.4270 -0.6181,
-8.5010 -0.1588 -1.3092,
-8.5010 -0.1588 -0.3908,
-8.5010 0.1588 -1.3092,
-8.5010 0.1588 -0.3908,
-8.5010 0.4270 -1.0819,
-8.5010 0.4270 -0.6181,
-8.5008 -0.4845 -0.8896,
-8.5008 -0.4845 -0.8104,
-8.5008 -0.0252 -1.3354,
-8.5008 -0.0252 -0.3646,
-8.5008 0.0252 -1.3354,
-8.5008 0.0252 -0.3646,
-8.5008 0.4845 -0.8896,
-8.5008 0.4845 -0.8104,
-8.4984 -0.4816 -0.9289,
-8.4984 -0.4816 -0.7711,
-8.4984 -0.0503 -1.3354,
-8.4984 -0.0503 -0.3646,
-8.4984 0.0503 -1.3354,
-8.4984 0.0503 -0.3646,
-8.4984 0.4816 -0.9289,
-8.4984 0.4816 -0.7711,
-8.4945 -0.4768 -0.9680,
-8.4945 -0.4768 -0.7320,
-8.4945 -0.0752 -1.3354,
-8.4945 -0.0752 -0.3646,
-8.4945 0.0752 -1.3354,
-8.4945 0.0752 -0.3646,
-8.4945 0.4768 -0.9680,
-8.4945 0.4768 -0.7320,
-8.4927 -0.3249 -1.2203,
-8.4927 -0.3249 -0.4797,
-8.4927 -0.2853 -1.2516,
-8.4927 -0.2853 -0.4484,
-8.4927 0.2853 -1.2516,
-8.4927 0.2853 -0.4484,
-8.4927 0.3249 -1.2203,
-8.4927 0.3249 -0.4797,
-8.4902 -0.4155 -1.1182,
-8.4902 -0.4155 -0.5818,
-8.4902 -0.1836 -1.3092,
-8.4902 -0.1836 -0.3908,
-8.4902 0.1836 -1.3092,
-8.4902 0.1836 -0.3908,
-8.4902 0.4155 -1.1182,
-8.4902 0.4155 -0.5818,
-8.4890 -0.4702 -1.0067,
-8.4890 -0.4702 -0.6933,
-8.4890 0.4702 -1.0067,
-8.4890 0.4702 -0.6933,
-8.4889 -0.0999 -1.3354,
-8.4889 -0.0999 -0.3646,
-8.4889 0.0999 -1.3354,
-8.4889 0.0999 -0.3646,
-8.4878 -0.3641 -1.1876,
-8.4878 -0.3641 -0.5124,
-8.4878 -0.2461 -1.2813,
-8.4878 -0.2461 -0.4187,
-8.4878 0.2461 -1.2813,
-8.4878 0.2461 -0.4187,
-8.4878 0.3641 -1.1876,
-8.4878 0.3641 -0.5124,
-8.4819 -0.4617 -1.0447,
-8.4819 -0.4617 -0.6553,
-8.4819 -0.1241 -1.3354,
-8.4819 -0.1241 -0.3646,
-8.4819 0.1241 -1.3354,
-8.4819 0.1241 -0.3646,
-8.4819 0.4617 -1.0447,
-8.4819 0.4617 -0.6553,
-8.4779 -0.4024 -1.1535,
-8.4779 -0.4024 -0.5465,
-8.4779 -0.2078 -1.3092,
-8.4779 -0.2078 -0.3908,
-8.4779 0.2078 -1.3092,
-8.4779 0.2078 -0.3908,
-8.4779 0.4024 -1.1535,
-8.4779 0.4024 -0.5465,
-8.4740 -0.3094 -1.2516,
-8.4740 -0.3094 -0.4484,
-8.4740 0.3094 -1.2516,
-8.4740 0.3094 -0.4484,
-8.4734 -0.4513 -1.0819,
-8.4734 -0.4513 -0.6181,
-8.4734 -0.1478 -1.3354,
-8.4734 -0.1478 -0.3646,
-8.4734 0.1478 -1.3354,
-8.4734 0.1478 -0.3646,
-8.4734 0.4513 -1.0819,
-8.4734 0.4513 -0.6181,
-8.4715 -0.3489 -1.2203,
-8.4715 -0.3489 -0.4797,
-8.4715 -0.2699 -1.2813,
-8.4715 -0.2699 -0.4187,
-8.4715 0.2699 -1.2813,
-8.4715 0.2699 -0.4187,
-8.4715 0.3489 -1.2203,
-8.4715 0.3489 -0.4797,
-8.4703 -0.5097 -0.8500,
-8.4703 0.0000 -1.3597,
-8.4703 0.0000 -0.3403,
-8.4703 0.5097 -0.8500,
-8.4696 -0.5087 -0.8896,
-8.4696 -0.5087 -0.8104,
-8.4696 -0.0233 -1.3597,
-8.4696 -0.0233 -0.3403,
-8.4696 0.0233 -1.3597,
-8.4696 0.0233 -0.3403,
-8.4696 0.5087 -0.8896,
-8.4696 0.5087 -0.8104,
-8.4674 -0.5057 -0.9289,
-8.4674 -0.5057 -0.7711,
-8.4674 -0.0464 -1.3597,
-8.4674 -0.0464 -0.3403,
-8.4674 0.0464 -1.3597,
-8.4674 0.0464 -0.3403,
-8.4674 0.5057 -0.9289,
-8.4674 0.5057 -0.7711,
-8.4641 -0.3878 -1.1876,
-8.4641 -0.3878 -0.5124,
-8.4641 -0.2311 -1.3092,
-8.4641 -0.2311 -0.3908,
-8.4641 0.2311 -1.3092,
-8.4641 0.2311 -0.3908,
-8.4641 0.3878 -1.1876,
-8.4641 0.3878 -0.5124,
-8.4637 -0.5006 -0.9680,
-8.4637 -0.5006 -0.7320,
-8.4637 -0.0694 -1.3597,
-8.4637 -0.0694 -0.3403,
-8.4637 0.0694 -1.3597,
-8.4637 0.0694 -0.3403,
-8.4637 0.5006 -0.9680,
-8.4637 0.5006 -0.7320,
-8.4634 -0.4392 -1.1182,
-8.4634 -0.4392 -0.5818,
-8.4634 0.4392 -1.1182,
-8.4634 0.4392 -0.5818,
-8.4633 -0.1710 -1.3354,
-8.4633 -0.1710 -0.3646,
-8.4633 0.1710 -1.3354,
-8.4633 0.1710 -0.3646,
-8.4587 -0.4937 -1.0067,
-8.4587 -0.4937 -0.6933,
-8.4587 -0.0921 -1.3597,
-8.4587 -0.0921 -0.3403,
-8.4587 0.0921 -1.3597,
-8.4587 0.0921 -0.3403,
-8.4587 0.4937 -1.0067,
-8.4587 0.4937 -0.6933,
-8.4539 -0.2927 -1.2813,
-8.4539 -0.2927 -0.4187,
-8.4539 0.2927 -1.2813,
-8.4539 0.2927 -0.4187,
-8.4538 -0.3323 -1.2516,
-8.4538 -0.3323 -0.4484,
-8.4538 0.3323 -1.2516,
-8.4538 0.3323 -0.4484,
-8.4522 -0.4847 -1.0447,
-8.4522 -0.4847 -0.6553,
-8.4522 -0.1144 -1.3597,
-8.4522 -0.1144 -0.3403,
-8.4522 0.1144 -1.3597,
-8.4522 0.1144 -0.3403,
-8.4522 0.4847 -1.0447,
-8.4522 0.4847 -0.6553,
-8.4519 -0.4254 -1.1535,
-8.4519 -0.4254 -0.5465,
-8.4519 -0.1935 -1.3354,
-8.4519 -0.1935 -0.3646,
-8.4519 0.1935 -1.3354,
-8.4519 0.1935 -0.3646,
-8.4519 0.4254 -1.1535,
-8.4519 0.4254 -0.5465,
-8.4500 -5.4750 -1.6100,
-8.4500 -5.4750 0.5875,
-8.4500 -0.5235 -0.8500,
-8.4500 -0.5226 -0.8740,
-8.4500 -0.5226 -0.8260,
-8.4500 -0.5220 -0.8896,
-8.4500 -0.5220 -0.8104,
-8.4500 -0.5200 -0.9065,
-8.4500 -0.5200 -0.7935,
-8.4500 -0.5175 -0.9289,
-8.4500 -0.5175 -0.7711,
-8.4500 -0.5138 -0.9479,
-8.4500 -0.5138 -0.7521,
-8.4500 -0.5100 -0.9680,
-8.4500 -0.5100 -0.7320,
-8.4500 -0.5029 -0.9943,
-8.4500 -0.5029 -0.7057,
-8.4500 -0.4996 -1.0067,
-8.4500 -0.4996 -0.6933,
-8.4500 -0.4965 -1.0154,
-8.4500 -0.4965 -0.6846,
-8.4500 -0.4862 -1.0447,
-8.4500 -0.4862 -0.6553,
-8.4500 -0.4817 -1.0549,
-8.4500 -0.4817 -0.6451,
-8.4500 -0.4720 -1.0763,
-8.4500 -0.4720 -0.6237,
-8.4500 -0.4695 -1.0819,
-8.4500 -0.4695 -0.6181,
-8.4500 -0.4573 -1.1041,
-8.4500 -0.4573 -0.5959,
-8.4500 -0.4496 -1.1182,
-8.4500 -0.4496 -0.5818,
-8.4500 -0.4294 -1.1495,
-8.4500 -0.4294 -0.5505,
-8.4500 -0.4268 -1.1535,
-8.4500 -0.4268 -0.5465,
-8.4500 -0.4231 -1.1585,
-8.4500 -0.4231 -0.5415,
-8.4500 -0.4078 -1.1780,
-8.4500 -0.4078 -0.5220,
-8.4500 -0.4002 -1.1876,
-8.4500 -0.4002 -0.5124,
-8.4500 -0.3727 -1.2179,
-8.4500 -0.3727 -0.4821,
-8.4500 -0.3713 -1.2194,
-8.4500 -0.3713 -0.4806,
-8.4500 -0.3704 -1.2203,
-8.4500 -0.3704 -0.4797,
-8.4500 -0.3628 -1.2273,
-8.4500 -0.3628 -0.4727,
-8.4500 -0.3361 -1.2516,
-8.4500 -0.3361 -0.4484,
-8.4500 -0.3287 -1.2576,
-8.4500 -0.3287 -0.4424,
-8.4500 -0.3124 -1.2697,
-8.4500 -0.3124 -0.4303,
-8.4500 -0.2971 -1.2813,
-8.4500 -0.2971 -0.4187,
-8.4500 -0.2895 -1.2863,
-8.4500 -0.2895 -0.4137,
-8.4500 -0.2727 -1.2966,
-8.4500 -0.2727 -0.4034,
-8.4500 -0.2543 -1.3079,
-8.4500 -0.2543 -0.3921,
-8.4500 -0.2519 -1.3092,
-8.4500 -0.2519 -0.3908,
-8.4500 -0.2329 -1.3187,
-8.4500 -0.2329 -0.3813,
-8.4500 -0.2221 -1.3240,
-8.4500 -0.2221 -0.3760,
-8.4500 -0.2131 -1.3280,
-8.4500 -0.2131 -0.3720,
-8.4500 -0.1967 -1.3354,
-8.4500 -0.1967 -0.3646,
-8.4500 -0.1937 -1.3366,
-8.4500 -0.1937 -0.3634,
-8.4500 -0.1924 -1.3371,
-8.4500 -0.1924 -0.3629,
-8.4500 -0.1894 -1.3381,
-8.4500 -0.1894 -0.3619,
-8.4500 -0.1647 -1.3469,
-8.4500 -0.1647 -0.3531,
-8.4500 -0.1538 -1.3502,
-8.4500 -0.1538 -0.3498,
-8.4500 -0.1386 -1.3549,
-8.4500 -0.1386 -0.3451,
-8.4500 -0.1205 -1.3597,
-8.4500 -0.1205 -0.3403,
-8.4500 -0.1137 -1.3612,
-8.4500 -0.1137 -0.3388,
-8.4500 -0.1118 -1.3616,
-8.4500 -0.1118 -0.3384,
-8.4500 -0.0899 -1.3658,
-8.4500 -0.0899 -0.3342,
-8.4500 -0.0748 -1.3680,
-8.4500 -0.0748 -0.3320,
-8.4500 -0.0668 -1.3692,
-8.4500 -0.0668 -0.3308,
-8.4500 -0.0565 -1.3703,
-8.4500 -0.0565 -0.3297,
-8.4500 -0.0442 -1.3716,
-8.4500 -0.0442 -0.3284,
-8.4500 -0.0340 -1.3722,
-8.4500 -0.0340 -0.3278,
-8.4500 -0.0220 -1.3730,
-8.4500 -0.0220 -0.3270,
-8.4500 -0.0129 -1.3732,
-8.4500 -0.0129 -0.3268,
-8.4500 0.0000 -1.3735,
-8.4500 0.0000 -0.3265,
-8.4500 0.0129 -1.3732,
-8.4500 0.0129 -0.3268,
-8.4500 0.0220 -1.3730,
-8.4500 0.0220 -0.3270,
-8.4500 0.0340 -1.3722,
-8.4500 0.0340 -0.3278,
-8.4500 0.0442 -1.3716,
-8.4500 0.0442 -0.3284,
-8.4500 0.0565 -1.3703,
-8.4500 0.0565 -0.3297,
-8.4500 0.0668 -1.3692,
-8.4500 0.0668 -0.3308,
-8.4500 0.0748 -1.3680,
-8.4500 0.0748 -0.3320,
-8.4500 0.0899 -1.3658,
-8.4500 0.0899 -0.3342,
-8.4500 0.1118 -1.3616,
-8.4500 0.1118 -0.3384,
-8.4500 0.1137 -1.3612,
-8.4500 0.1137 -0.3388,
-8.4500 0.1205 -1.3597,
-8.4500 0.1205 -0.3403,
-8.4500 0.1386 -1.3549,
-8.4500 0.1386 -0.3451,
-8.4500 0.1538 -1.3502,
-8.4500 0.1538 -0.3498,
-8.4500 0.1647 -1.3469,
-8.4500 0.1647 -0.3531,
-8.4500 0.1894 -1.3381,
-8.4500 0.1894 -0.3619,
-8.4500 0.1924 -1.3371,
-8.4500 0.1924 -0.3629,
-8.4500 0.1937 -1.3366,
-8.4500 0.1937 -0.3634,
-8.4500 0.1967 -1.3354,
-8.4500 0.1967 -0.3646,
-8.4500 0.2131 -1.3280,
-8.4500 0.2131 -0.3720,
-8.4500 0.2221 -1.3240,
-8.4500 0.2221 -0.3760,
-8.4500 0.2329 -1.3187,
-8.4500 0.2329 -0.3813,
-8.4500 0.2519 -1.3092,
-8.4500 0.2519 -0.3908,
-8.4500 0.2543 -1.3079,
-8.4500 0.2543 -0.3921,
-8.4500 0.2727 -1.2966,
-8.4500 0.2727 -0.4034,
-8.4500 0.2895 -1.2863,
-8.4500 0.2895 -0.4137,
-8.4500 0.2971 -1.2813,
-8.4500 0.2971 -0.4187,
-8.4500 0.3124 -1.2697,
-8.4500 0.3124 -0.4303,
-8.4500 0.3287 -1.2576,
-8.4500 0.3287 -0.4424,
-8.4500 0.3361 -1.2516,
-8.4500 0.3361 -0.4484,
-8.4500 0.3628 -1.2273,
-8.4500 0.3628 -0.4727,
-8.4500 0.3704 -1.2203,
-8.4500 0.3704 -0.4797,
-8.4500 0.3713 -1.2194,
-8.4500 0.3713 -0.4806,
-8.4500 0.3727 -1.2179,
-8.4500 0.3727 -0.4821,
-8.4500 0.4002 -1.1876,
-8.4500 0.4002 -0.5124,
-8.4500 0.4078 -1.1780,
-8.4500 0.4078 -0.5220,
-8.4500 0.4231 -1.1585,
-8.4500 0.4231 -0.5415,
-8.4500 0.4268 -1.1535,
-8.4500 0.4268 -0.5465,
-8.4500 0.4294 -1.1495,
-8.4500 0.4294 -0.5505,
-8.4500 0.4496 -1.1182,
-8.4500 0.4496 -0.5818,
-8.4500 0.4573 -1.1041,
-8.4500 0.4573 -0.5959,
-8.4500 0.4695 -1.0819,
-8.4500 0.4695 -0.6181,
-8.4500 0.4720 -1.0763,
-8.4500 0.4720 -0.6237,
-8.4500 0.4817 -1.0549,
-8.4500 0.4817 -0.6451,
-8.4500 0.4862 -1.0447,
-8.4500 0.4862 -0.6553,
-8.4500 0.4965 -1.0154,
-8.4500 0.4965 -0.6846,
-8.4500 0.4996 -1.0067,
-8.4500 0.4996 -0.6933,
-8.4500 0.5029 -0.9943,
-8.4500 0.5029 -0.7057,
-8.4500 0.5100 -0.9680,
-8.4500 0.5100 -0.7320,
-8.4500 0.5138 -0.9479,
-8.4500 0.5138 -0.7521,
-8.4500 0.5175 -0.9289,
-8.4500 0.5175 -0.7711,
-8.4500 0.5200 -0.9065,
-8.4500 0.5200 -0.7935,
-8.4500 0.5220 -0.8896,
-8.4500 0.5220 -0.8104,
-8.4500 0.5226 -0.8740,
-8.4500 0.5226 -0.8260,
-8.4500 0.5235 -0.8500,
-8.4500 5.4750 -1.6100,
-8.4500 5.4750 0.5875,
-8.4382 -5.6630 -1.6100,
-8.4382 -5.6630 0.5875,
-8.4382 5.6630 -1.6100,
-8.4382 5.6630 0.5875,
-8.4135 -7.9016 0.5875,
-8.4135 -7.9016 1.5875,
-8.4135 7.9016 0.5875,
-8.4135 7.9016 1.5875,
-8.4029 -5.8480 -1.6100,
-8.4029 -5.8480 0.5875,
-8.4029 5.8480 -1.6100,
-8.4029 5.8480 0.5875,
-8.3447 -6.0272 -1.6100,
-8.3447 -6.0272 0.5875,
-8.3447 6.0272 -1.6100,
-8.3447 6.0272 0.5875,
-8.2645 -6.1976 -1.6100,
-8.2645 -6.1976 0.5875,
-8.2645 6.1976 -1.6100,
-8.2645 6.1976 0.5875,
-8.2311 -7.9484 0.5875,
-8.2311 -7.9484 1.5875,
-8.2311 7.9484 0.5875,
-8.2311 7.9484 1.5875,
-8.1635 -6.3567 -1.6100,
-8.1635 -6.3567 0.5875,
-8.1635 6.3567 -1.6100,
-8.1635 6.3567 0.5875,
-8.0442 -7.9720 0.5875,
-8.0442 -7.9720 1.5875,
-8.0442 7.9720 0.5875,
-8.0442 7.9720 1.5875,
-8.0435 -6.5018 -1.6100,
-8.0435 -6.5018 0.5875,
-8.0435 6.5018 -1.6100,
-8.0435 6.5018 0.5875,
-7.9061 -6.6308 -1.6100,
-7.9061 -6.6308 0.5875,
-7.9061 6.6308 -1.6100,
-7.9061 6.6308 0.5875,
-7.7537 -6.7415 -1.6100,
-7.7537 -6.7415 0.5875,
-7.7537 6.7415 -1.6100,
-7.7537 6.7415 0.5875,
-7.5887 -6.8322 -1.6100,
-7.5887 -6.8322 0.5875,
-7.5887 6.8322 -1.6100,
-7.5887 6.8322 0.5875,
-7.4500 -4.4750 -1.6100,
-7.4500 -4.4750 -0.2125,
-7.4500 4.4750 -1.6100,
-7.4500 4.4750 -0.2125,
-7.4382 -4.6630 -1.6100,
-7.4382 -4.6630 -0.2125,
-7.4382 4.6630 -1.6100,
-7.4382 4.6630 -0.2125,
-7.4135 -6.9016 -1.6100,
-7.4135 -6.9016 0.5875,
-7.4135 6.9016 -1.6100,
-7.4135 6.9016 0.5875,
-7.4029 -4.8480 -1.6100,
-7.4029 -4.8480 -0.2125,
-7.4029 4.8480 -1.6100,
-7.4029 4.8480 -0.2125,
-7.3447 -5.0272 -1.6100,
-7.3447 -5.0272 -0.2125,
-7.3447 5.0272 -1.6100,
-7.3447 5.0272 -0.2125,
-7.2645 -5.1976 -1.6100,
-7.2645 -5.1976 -0.2125,
-7.2645 5.1976 -1.6100,
-7.2645 5.1976 -0.2125,
-7.2311 -6.9484 -1.6100,
-7.2311 -6.9484 0.5875,
-7.2311 6.9484 -1.6100,
-7.2311 6.9484 0.5875,
-7.1635 -5.3567 -1.6100,
-7.1635 -5.3567 -0.2125,
-7.1635 5.3567 -1.6100,
-7.1635 5.3567 -0.2125,
-7.0442 -6.9720 -1.6100,
-7.0442 -6.9720 0.5875,
-7.0442 6.9720 -1.6100,
-7.0442 6.9720 0.5875,
-7.0435 -5.5018 -1.6100,
-7.0435 -5.5018 -0.2125,
-7.0435 5.5018 -1.6100,
-7.0435 5.5018 -0.2125,
-6.9061 -5.6308 -1.6100,
-6.9061 -5.6308 -0.2125,
-6.9061 5.6308 -1.6100,
-6.9061 5.6308 -0.2125,
-6.7755 -6.9720 -0.8500,
-6.7744 -6.9720 -0.8775,
-6.7744 -6.9720 -0.8225,
-6.7740 -6.9720 -0.8896,
-6.7740 -6.9720 -0.8104,
-6.7725 -6.9720 -0.9027,
-6.7725 -6.9720 -0.7973,
-6.7695 -6.9720 -0.9289,
-6.7695 -6.9720 -0.7711,
-6.7652 -6.9720 -0.9512,
-6.7652 -6.9720 -0.7488,
-6.7620 -6.9720 -0.9680,
-6.7620 -6.9720 -0.7320,
-6.7597 -6.9953 -0.8500,
-6.7587 -6.9946 -0.8896,
-6.7587 -6.9946 -0.8104,
-6.7573 -6.9720 -0.9856,
-6.7573 -6.9720 -0.7144,
-6.7557 -6.9924 -0.9289,
-6.7557 -6.9924 -0.7711,
-6.7537 -5.7415 -1.6100,
-6.7537 -5.7415 -0.2125,
-6.7537 5.7415 -1.6100,
-6.7537 5.7415 -0.2125,
-6.7516 -6.9720 -1.0067,
-6.7516 -6.9720 -0.6933,
-6.7506 -6.9887 -0.9680,
-6.7506 -6.9887 -0.7320,
-6.7500 0.0000 -0.2125,
-6.7500 0.0000 0.5875,
-6.7474 -6.9720 -1.0184,
-6.7474 -6.9720 -0.6816,
-6.7464 -0.0735 -0.2125,
-6.7464 -0.0735 0.5875,
-6.7464 0.0735 -0.2125,
-6.7464 0.0735 0.5875,
-6.7437 -6.9837 -1.0067,
-6.7437 -6.9837 -0.6933,
-6.7382 -6.9720 -1.0447,
-6.7382 -6.9720 -0.6553,
-6.7356 -0.1463 -0.2125,
-6.7356 -0.1463 0.5875,
-6.7356 0.1463 -0.2125,
-6.7356 0.1463 0.5875,
-6.7354 -7.0266 -0.8500,
-6.7347 -6.9772 -1.0447,
-6.7347 -6.9772 -0.6553,
-6.7345 -7.0258 -0.8896,
-6.7345 -7.0258 -0.8104,
-6.7316 -7.0234 -0.9289,
-6.7316 -7.0234 -0.7711,
-6.7277 -6.9720 -1.0689,
-6.7277 -6.9720 -0.6310,
-6.7268 -7.0195 -0.9680,
-6.7268 -7.0195 -0.7320,
-6.7230 -6.9720 -1.0792,
-6.7230 -6.9720 -0.6208,
-6.7218 -6.9720 -1.0819,
-6.7218 -6.9720 -0.6181,
-6.7202 -7.0140 -1.0067,
-6.7202 -7.0140 -0.6933,
-6.7189 -6.9720 -1.0871,
-6.7189 -6.9720 -0.6129,
-6.7177 -0.2177 -0.2125,
-6.7177 -0.2177 0.5875,
-6.7177 0.2177 -0.2125,
-6.7177 0.2177 0.5875,
-6.7117 -7.0069 -1.0447,
-6.7117 -7.0069 -0.6553,
-6.7092 -7.0563 -0.8500,
-6.7083 -7.0554 -0.8896,
-6.7083 -7.0554 -0.8104,
-6.7056 -7.0529 -0.9289,
-6.7056 -7.0529 -0.7711,
-6.7019 -6.9720 -1.1182,
-6.7019 -6.9720 -0.5818,
-6.7013 -6.9984 -1.0819,
-6.7013 -6.9984 -0.6181,
-6.7011 -7.0486 -0.9680,
-6.7011 -7.0486 -0.7320,
-6.6948 -7.0427 -1.0067,
-6.6948 -7.0427 -0.6933,
-6.6929 -0.2870 -0.2125,
-6.6929 -0.2870 0.5875,
-6.6929 0.2870 -0.2125,
-6.6929 0.2870 0.5875,
-6.6923 -6.9720 -1.1330,
-6.6923 -6.9720 -0.5670,
-6.6892 -6.9884 -1.1182,
-6.6892 -6.9884 -0.5818,
-6.6868 -7.0351 -1.0447,
-6.6868 -7.0351 -0.6553,
-6.6813 -7.0842 -0.8500,
-6.6804 -7.0833 -0.8896,
-6.6804 -7.0833 -0.8104,
-6.6791 -6.9720 -1.1535,
-6.6791 -6.9720 -0.5465,
-6.6779 -7.0806 -0.9289,
-6.6779 -7.0806 -0.7711,
-6.6770 -7.0260 -1.0819,
-6.6770 -7.0260 -0.6181,
-6.6760 -6.9720 -1.1577,
-6.6760 -6.9720 -0.5423,
-6.6754 -6.9769 -1.1535,
-6.6754 -6.9769 -0.5465,
-6.6736 -7.0761 -0.9680,
-6.6736 -7.0761 -0.7320,
-6.6695 -6.9720 -1.1664,
-6.6695 -6.9720 -0.5336,
-6.6677 -7.0698 -1.0067,
-6.6677 -7.0698 -0.6933,
-6.6655 -7.0152 -1.1182,
-6.6655 -7.0152 -0.5818,
-6.6614 -0.3535 -0.2125,
-6.6614 -0.3535 0.5875,
-6.6614 0.3535 -0.2125,
-6.6614 0.3535 0.5875,
-6.6601 -7.0618 -1.0447,
-6.6601 -7.0618 -0.6553,
-6.6528 -6.9720 -1.1876,
-6.6528 -6.9720 -0.5124,
-6.6524 -7.0029 -1.1535,
-6.6524 -7.0029 -0.5465,
-6.6516 -7.1104 -0.8500,
-6.6510 -7.0520 -1.0819,
-6.6510 -7.0520 -0.6181,
-6.6508 -7.1095 -0.8896,
-6.6508 -7.1095 -0.8104,
-6.6484 -7.1066 -0.9289,
-6.6484 -7.1066 -0.7711,
-6.6445 -7.1018 -0.9680,
-6.6445 -7.1018 -0.7320,
-6.6402 -7.0405 -1.1182,
-6.6402 -7.0405 -0.5818,
-6.6390 -7.0952 -1.0067,
-6.6390 -7.0952 -0.6933,
-6.6378 -6.9891 -1.1876,
-6.6378 -6.9891 -0.5124,
-6.6319 -7.0867 -1.0447,
-6.6319 -7.0867 -0.6553,
-6.6288 -6.9720 -1.2141,
-6.6288 -6.9720 -0.4859,
-6.6279 -7.0274 -1.1535,
-6.6279 -7.0274 -0.5465,
-6.6236 -0.4167 -0.2125,
-6.6236 -0.4167 0.5875,
-6.6236 0.4167 -0.2125,
-6.6236 0.4167 0.5875,
-6.6234 -7.0763 -1.0819,
-6.6234 -7.0763 -0.6181,
-6.6232 -6.9720 -1.2203,
-6.6232 -6.9720 -0.4797,
-6.6217 -6.9720 -1.2218,
-6.6217 -6.9720 -0.4782,
-6.6215 -6.9739 -1.2203,
-6.6215 -6.9739 -0.4797,
-6.6203 -7.1347 -0.8500,
-6.6196 -7.1337 -0.8896,
-6.6196 -7.1337 -0.8104,
-6.6196 -6.9720 -1.2238,
-6.6196 -6.9720 -0.4762,
-6.6174 -7.1307 -0.9289,
-6.6174 -7.1307 -0.7711,
-6.6141 -7.0128 -1.1876,
-6.6141 -7.0128 -0.5124,
-6.6137 -7.1256 -0.9680,
-6.6137 -7.1256 -0.7320,
-6.6134 -7.0642 -1.1182,
-6.6134 -7.0642 -0.5818,
-6.6087 -7.1187 -1.0067,
-6.6087 -7.1187 -0.6933,
-6.6022 -7.1097 -1.0447,
-6.6022 -7.1097 -0.6553,
-6.6020 -6.9720 -1.2398,
-6.6020 -6.9720 -0.4602,
-6.6019 -7.0504 -1.1535,
-6.6019 -7.0504 -0.5465,
-6.5989 -6.9965 -1.2203,
-6.5989 -6.9965 -0.4797,
-6.5943 -7.0989 -1.0819,
-6.5943 -7.0989 -0.6181,
-6.5891 -7.0349 -1.1876,
-6.5891 -7.0349 -0.5124,
-6.5891 -6.9720 -1.2516,
-6.5891 -6.9720 -0.4484,
-6.5887 -5.8322 -1.6100,
-6.5887 -5.8322 -0.2125,
-6.5887 5.8322 -1.6100,
-6.5887 5.8322 -0.2125,
-6.5876 -7.1569 -0.8500,
-6.5869 -7.1559 -0.8896,
-6.5869 -7.1559 -0.8104,
-6.5851 -7.0862 -1.1182,
-6.5851 -7.0862 -0.5818,
-6.5849 -7.1527 -0.9289,
-6.5849 -7.1527 -0.7711,
-6.5823 -6.9789 -1.2516,
-6.5823 -6.9789 -0.4484,
-6.5816 -7.1475 -0.9680,
-6.5816 -7.1475 -0.7320,
-6.5798 -0.4758 -0.2125,
-6.5798 -0.4758 0.5875,
-6.5798 0.4758 -0.2125,
-6.5798 0.4758 0.5875,
-6.5770 -7.1402 -1.0067,
-6.5770 -7.1402 -0.6933,
-6.5759 -6.9720 -1.2622,
-6.5759 -6.9720 -0.4378,
-6.5749 -7.0177 -1.2203,
-6.5749 -7.0177 -0.4797,
-6.5745 -7.0716 -1.1535,
-6.5745 -7.0716 -0.5465,
-6.5710 -7.1309 -1.0447,
-6.5710 -7.1309 -0.6553,
-6.5639 -7.1196 -1.0819,
-6.5639 -7.1196 -0.6181,
-6.5628 -6.9720 -1.2720,
-6.5628 -6.9720 -0.4280,
-6.5627 -7.0553 -1.1876,
-6.5627 -7.0553 -0.5124,
-6.5594 -6.9990 -1.2516,
-6.5594 -6.9990 -0.4484,
-6.5554 -7.1063 -1.1182,
-6.5554 -7.1063 -0.5818,
-6.5535 -7.1771 -0.8500,
-6.5529 -7.1760 -0.8896,
-6.5529 -7.1760 -0.8104,
-6.5511 -7.1727 -0.9289,
-6.5511 -7.1727 -0.7711,
-6.5505 -6.9720 -1.2813,
-6.5505 -6.9720 -0.4187,
-6.5496 -7.0373 -1.2203,
-6.5496 -7.0373 -0.4797,
-6.5481 -7.1673 -0.9680,
-6.5481 -7.1673 -0.7320,
-6.5458 -7.0911 -1.1535,
-6.5458 -7.0911 -0.5465,
-6.5440 -7.1597 -1.0067,
-6.5440 -7.1597 -0.6933,
-6.5427 -6.9789 -1.2813,
-6.5427 -6.9789 -0.4187,
-6.5386 -7.1500 -1.0447,
-6.5386 -7.1500 -0.6553,
-6.5371 -6.9720 -1.2901,
-6.5371 -6.9720 -0.4099,
-6.5353 -7.0177 -1.2516,
-6.5353 -7.0177 -0.4484,
-6.5350 -7.0741 -1.1876,
-6.5350 -7.0741 -0.5124,
-6.5322 -7.1383 -1.0819,
-6.5322 -7.1383 -0.6181,
-6.5303 -0.5303 -0.2125,
-6.5303 -0.5303 0.5875,
-6.5303 0.5303 -0.2125,
-6.5303 0.5303 0.5875,
-6.5246 -7.1245 -1.1182,
-6.5246 -7.1245 -0.5818,
-6.5231 -7.0553 -1.2203,
-6.5231 -7.0553 -0.4797,
-6.5230 -6.9720 -1.2987,
-6.5230 -6.9720 -0.4013,
-6.5199 -6.9965 -1.2813,
-6.5199 -6.9965 -0.4187,
-6.5182 -7.1950 -0.8500,
-6.5177 -7.1939 -0.8896,
-6.5177 -7.1939 -0.8104,
-6.5161 -7.1905 -0.9289,
-6.5161 -7.1905 -0.7711,
-6.5160 -7.1088 -1.1535,
-6.5160 -7.1088 -0.5465,
-6.5135 -7.1849 -0.9680,
-6.5135 -7.1849 -0.7320,
-6.5101 -7.0348 -1.2516,
-6.5101 -7.0348 -0.4484,
-6.5098 -7.1771 -1.0067,
-6.5098 -7.1771 -0.6933,
-6.5063 -7.0911 -1.1876,
-6.5063 -7.0911 -0.5124,
-6.5059 -6.9720 -1.3092,
-6.5059 -6.9720 -0.3908,
-6.5051 -7.1671 -1.0447,
-6.5051 -7.1671 -0.6553,
-6.5035 -6.9739 -1.3092,
-6.5035 -6.9739 -0.3908,
-6.5021 -6.9720 -1.3113,
-6.5021 -6.9720 -0.3887,
-6.4994 -7.1550 -1.0819,
-6.4994 -7.1550 -0.6181,
-6.4961 -7.0128 -1.2813,
-6.4961 -7.0128 -0.4187,
-6.4955 -7.0716 -1.2203,
-6.4955 -7.0716 -0.4797,
-6.4927 -7.1408 -1.1182,
-6.4927 -7.1408 -0.5818,
-6.4851 -7.1245 -1.1535,
-6.4851 -7.1245 -0.5465,
-6.4838 -7.0504 -1.2516,
-6.4838 -7.0504 -0.4484,
-6.4832 -6.9720 -1.3206,
-6.4832 -6.9720 -0.3794,
-6.4819 -7.2107 -0.8500,
-6.4815 -7.2096 -0.8896,
-6.4815 -7.2096 -0.8104,
-6.4811 -6.9891 -1.3092,
-6.4811 -6.9891 -0.3908,
-6.4801 -7.2061 -0.9289,
-6.4801 -7.2061 -0.7711,
-6.4778 -7.2004 -0.9680,
-6.4778 -7.2004 -0.7320,
-6.4765 -7.1063 -1.1876,
-6.4765 -7.1063 -0.5124,
-6.4758 -0.5798 -0.2125,
-6.4758 -0.5798 0.5875,
-6.4758 0.5798 -0.2125,
-6.4758 0.5798 0.5875,
-6.4746 -7.1923 -1.0067,
-6.4746 -7.1923 -0.6933,
-6.4712 -7.0274 -1.2813,
-6.4712 -7.0274 -0.4187,
-6.4706 -7.1821 -1.0447,
-6.4706 -7.1821 -0.6553,
-6.4702 -6.9720 -1.3271,
-6.4702 -6.9720 -0.3729,
-6.4670 -7.0862 -1.2203,
-6.4670 -7.0862 -0.4797,
-6.4656 -7.1696 -1.0819,
-6.4656 -7.1696 -0.6181,
-6.4598 -7.1550 -1.1182,
-6.4598 -7.1550 -0.5818,
-6.4578 -7.0029 -1.3092,
-6.4578 -7.0029 -0.3908,
-6.4567 -7.0642 -1.2516,
-6.4567 -7.0642 -0.4484,
-6.4532 -7.1383 -1.1535,
-6.4532 -7.1383 -0.5465,
-6.4517 -6.9720 -1.3354,
-6.4517 -6.9720 -0.3646,
-6.4458 -7.1196 -1.1876,
-6.4458 -7.1196 -0.5124,
-6.4455 -7.0405 -1.2813,
-6.4455 -7.0405 -0.4187,
-6.4447 -7.2242 -0.8500,
-6.4443 -7.2230 -0.8896,
-6.4443 -7.2230 -0.8104,
-6.4441 -6.9720 -1.3384,
-6.4441 -6.9720 -0.3616,
-6.4435 -6.9769 -1.3354,
-6.4435 -6.9769 -0.3646,
-6.4431 -7.2194 -0.9289,
-6.4431 -7.2194 -0.7711,
-6.4412 -7.2135 -0.9680,
-6.4412 -7.2135 -0.7320,
-6.4408 -6.9720 -1.3397,
-6.4408 -6.9720 -0.3603,
-6.4386 -7.2053 -1.0067,
-6.4386 -7.2053 -0.6933,
-6.4376 -7.0989 -1.2203,
-6.4376 -7.0989 -0.4797,
-6.4351 -7.1948 -1.0447,
-6.4351 -7.1948 -0.6553,
-6.4336 -7.0152 -1.3092,
-6.4336 -7.0152 -0.3908,
-6.4310 -7.1821 -1.0819,
-6.4310 -7.1821 -0.6181,
-6.4287 -7.0763 -1.2516,
-6.4287 -7.0763 -0.4484,
-6.4262 -7.1671 -1.1182,
-6.4262 -7.1671 -0.5818,
-6.4241 -6.9720 -1.3456,
-6.4241 -6.9720 -0.3544,
-6.4210 -6.9883 -1.3354,
-6.4210 -6.9883 -0.3646,
-6.4206 -7.1500 -1.1535,
-6.4206 -7.1500 -0.5465,
-6.4191 -7.0520 -1.2813,
-6.4191 -7.0520 -0.4187,
-6.4167 -0.6236 -0.2125,
-6.4167 -0.6236 0.5875,
-6.4167 0.6236 -0.2125,
-6.4167 0.6236 0.5875,
-6.4144 -7.1309 -1.1876,
-6.4144 -7.1309 -0.5124,
-6.4135 -5.9016 -1.6100,
-6.4135 -5.9016 -0.2125,
-6.4135 5.9016 -1.6100,
-6.4135 5.9016 -0.2125,
-6.4133 -6.9720 -1.3494,
-6.4133 -6.9720 -0.3506,
-6.4088 -7.0260 -1.3092,
-6.4088 -7.0260 -0.3908,
-6.4075 -7.1097 -1.2203,
-6.4075 -7.1097 -0.4797,
-6.4067 -7.2352 -0.8500,
-6.4064 -7.2340 -0.8896,
-6.4064 -7.2340 -0.8104,
-6.4054 -7.2304 -0.9289,
-6.4054 -7.2304 -0.7711,
-6.4039 -7.2244 -0.9680,
-6.4039 -7.2244 -0.7320,
-6.4017 -7.2160 -1.0067,
-6.4017 -7.2160 -0.6933,
-6.4000 -7.0867 -1.2516,
-6.4000 -7.0867 -0.4484,
-6.3990 -7.2053 -1.0447,
-6.3990 -7.2053 -0.6553,
-6.3978 -6.9984 -1.3354,
-6.3978 -6.9984 -0.3646,
-6.3957 -7.1924 -1.0819,
-6.3957 -7.1924 -0.6181,
-6.3919 -7.0618 -1.2813,
-6.3919 -7.0618 -0.4187,
-6.3918 -7.1771 -1.1182,
-6.3918 -7.1771 -0.5818,
-6.3913 -6.9720 -1.3562,
-6.3913 -6.9720 -0.3438,
-6.3874 -6.9720 -1.3574,
-6.3874 -6.9720 -0.3426,
-6.3873 -7.1597 -1.1535,
-6.3873 -7.1597 -0.5465,
-6.3854 -6.9720 -1.3579,
-6.3854 -6.9720 -0.3421,
-6.3833 -7.0352 -1.3092,
-6.3833 -7.0352 -0.3908,
-6.3823 -7.1402 -1.1876,
-6.3823 -7.1402 -0.5124,
-6.3787 -6.9720 -1.3597,
-6.3787 -6.9720 -0.3403,
-6.3768 -7.1187 -1.2203,
-6.3768 -7.1187 -0.4797,
-6.3741 -7.0069 -1.3354,
-6.3741 -7.0069 -0.3646,
-6.3707 -7.0952 -1.2516,
-6.3707 -7.0952 -0.4484,
-6.3680 -7.2438 -0.8500,
-6.3678 -7.2426 -0.8896,
-6.3678 -7.2426 -0.8104,
-6.3671 -7.2390 -0.9289,
-6.3671 -7.2390 -0.7711,
-6.3660 -7.2329 -0.9680,
-6.3660 -7.2329 -0.7320,
-6.3644 -6.9772 -1.3597,
-6.3644 -6.9772 -0.3403,
-6.3643 -7.2244 -1.0067,
-6.3643 -7.2244 -0.6933,
-6.3642 -7.0698 -1.2813,
-6.3642 -7.0698 -0.4187,
-6.3628 -6.9720 -1.3633,
-6.3628 -6.9720 -0.3367,
-6.3623 -7.2135 -1.0447,
-6.3623 -7.2135 -0.6553,
-6.3598 -7.2004 -1.0819,
-6.3598 -7.2004 -0.6181,
-6.3573 -7.0427 -1.3092,
-6.3573 -7.0427 -0.3908,
-6.3568 -7.1849 -1.1182,
-6.3568 -7.1849 -0.5818,
-6.3535 -0.6614 -0.2125,
-6.3535 -0.6614 0.5875,
-6.3535 0.6614 -0.2125,
-6.3535 0.6614 0.5875,
-6.3534 -7.1673 -1.1535,
-6.3534 -7.1673 -0.5465,
-6.3499 -7.0139 -1.3354,
-6.3499 -7.0139 -0.3646,
-6.3497 -7.1475 -1.1876,
-6.3497 -7.1475 -0.5124,
-6.3459 -6.9720 -1.3665,
-6.3459 -6.9720 -0.3334,
-6.3455 -7.1256 -1.2203,
-6.3455 -7.1256 -0.4797,
-6.3421 -6.9837 -1.3597,
-6.3421 -6.9837 -0.3403,
-6.3410 -7.1018 -1.2516,
-6.3410 -7.1018 -0.4484,
-6.3391 -6.9720 -1.3678,
-6.3391 -6.9720 -0.3322,
-6.3361 -7.0761 -1.2813,
-6.3361 -7.0761 -0.4187,
-6.3308 -7.0486 -1.3092,
-6.3308 -7.0486 -0.3908,
-6.3297 -6.9720 -1.3692,
-6.3297 -6.9720 -0.3308,
-6.3290 -7.2500 -0.8500,
-6.3288 -7.2488 -0.8896,
-6.3288 -7.2488 -0.8104,
-6.3283 -7.2451 -0.9289,
-6.3283 -7.2451 -0.7711,
-6.3276 -7.2390 -0.9680,
-6.3276 -7.2390 -0.7320,
-6.3265 -7.2304 -1.0067,
-6.3265 -7.2304 -0.6933,
-6.3252 -7.0195 -1.3354,
-6.3252 -7.0195 -0.3646,
-6.3251 -7.2194 -1.0447,
-6.3251 -7.2194 -0.6553,
-6.3234 -7.2061 -1.0819,
-6.3234 -7.2061 -0.6181,
-6.3214 -7.1905 -1.1182,
-6.3214 -7.1905 -0.5818,
-6.3194 -6.9887 -1.3597,
-6.3194 -6.9887 -0.3403,
-6.3192 -7.1727 -1.1535,
-6.3192 -7.1727 -0.5465,
-6.3167 -7.1527 -1.1876,
-6.3167 -7.1527 -0.5124,
-6.3162 -6.9720 -1.3712,
-6.3162 -6.9720 -0.3288,
-6.3139 -7.1307 -1.2203,
-6.3139 -7.1307 -0.4797,
-6.3108 -7.1066 -1.2516,
-6.3108 -7.1066 -0.4484,
-6.3076 -7.0806 -1.2813,
-6.3076 -7.0806 -0.4187,
-6.3060 -6.9720 -1.3723,
-6.3060 -6.9720 -0.3277,
-6.3041 -7.0529 -1.3092,
-6.3041 -7.0529 -0.3908,
-6.3003 -7.0234 -1.3354,
-6.3003 -7.0234 -0.3646,
-6.2964 -6.9924 -1.3597,
-6.2964 -6.9924 -0.3403,
-6.2938 -6.9720 -1.3736,
-6.2938 -6.9720 -0.3264,
-6.2896 -7.2537 -0.8500,
-6.2895 -7.2525 -0.8896,
-6.2895 -7.2525 -0.8104,
-6.2892 -7.2488 -0.9289,
-6.2892 -7.2488 -0.7711,
-6.2889 -7.2426 -0.9680,
-6.2889 -7.2426 -0.7320,
-6.2883 -7.2340 -1.0067,
-6.2883 -7.2340 -0.6933,
-6.2876 -7.2230 -1.0447,
-6.2876 -7.2230 -0.6553,
-6.2870 -0.6929 -0.2125,
-6.2870 -0.6929 0.5875,
-6.2870 0.6929 -0.2125,
-6.2870 0.6929 0.5875,
-6.2868 -7.2096 -1.0819,
-6.2868 -7.2096 -0.6181,
-6.2858 -7.1939 -1.1182,
-6.2858 -7.1939 -0.5818,
-6.2847 -7.1760 -1.1535,
-6.2847 -7.1760 -0.5465,
-6.2834 -7.1559 -1.1876,
-6.2834 -7.1559 -0.5124,
-6.2820 -7.1337 -1.2203,
-6.2820 -7.1337 -0.4797,
-6.2805 -7.1095 -1.2516,
-6.2805 -7.1095 -0.4484,
-6.2796 -6.9720 -1.3745,
-6.2796 -6.9720 -0.3255,
-6.2788 -7.0833 -1.2813,
-6.2788 -7.0833 -0.4187,
-6.2771 -7.0554 -1.3092,
-6.2771 -7.0554 -0.3908,
-6.2752 -7.0258 -1.3354,
-6.2752 -7.0258 -0.3646,
-6.2733 -6.9946 -1.3597,
-6.2733 -6.9946 -0.3403,
-6.2718 -6.9720 -1.3750,
-6.2718 -6.9720 -0.3250,
-6.2648 -6.9720 -1.3752,
-6.2648 -6.9720 -0.3248,
-6.2500 -7.2550 -0.8500,
-6.2500 -7.2538 -0.8896,
-6.2500 -7.2538 -0.8104,
-6.2500 -7.2500 -0.9289,
-6.2500 -7.2500 -0.7711,
-6.2500 -7.2438 -0.9680,
-6.2500 -7.2438 -0.7320,
-6.2500 -7.2352 -1.0067,
-6.2500 -7.2352 -0.6933,
-6.2500 -7.2242 -1.0447,
-6.2500 -7.2242 -0.6553,
-6.2500 -7.2108 -1.0819,
-6.2500 -7.2108 -0.6181,
-6.2500 -7.1950 -1.1182,
-6.2500 -7.1950 -0.5818,
-6.2500 -7.1771 -1.1535,
-6.2500 -7.1771 -0.5465,
-6.2500 -7.1569 -1.1876,
-6.2500 -7.1569 -0.5124,
-6.2500 -7.1347 -1.2203,
-6.2500 -7.1347 -0.4797,
-6.2500 -7.1104 -1.2516,
-6.2500 -7.1104 -0.4484,
-6.2500 -7.0842 -1.2813,
-6.2500 -7.0842 -0.4187,
-6.2500 -7.0563 -1.3092,
-6.2500 -7.0563 -0.3908,
-6.2500 -7.0266 -1.3354,
-6.2500 -7.0266 -0.3646,
-6.2500 -6.9953 -1.3597,
-6.2500 -6.9953 -0.3403,
-6.2500 -6.9720 -1.3755,
-6.2500 -6.9720 -0.3245,
-6.2352 -6.9720 -1.3752,
-6.2352 -6.9720 -0.3248,
-6.2311 -5.9484 -1.6100,
-6.2311 -5.9484 -0.2125,
-6.2311 5.9484 -1.6100,
-6.2311 5.9484 -0.2125,
-6.2282 -6.9720 -1.3750,
-6.2282 -6.9720 -0.3250,
-6.2267 -6.9946 -1.3597,
-6.2267 -6.9946 -0.3403,
-6.2248 -7.0258 -1.3354,
-6.2248 -7.0258 -0.3646,
-6.2229 -7.0554 -1.3092,
-6.2229 -7.0554 -0.3908,
-6.2212 -7.0833 -1.2813,
-6.2212 -7.0833 -0.4187,
-6.2204 -6.9720 -1.3745,
-6.2204 -6.9720 -0.3255,
-6.2195 -7.1095 -1.2516,
-6.2195 -7.1095 -0.4484,
-6.2180 -7.1337 -1.2203,
-6.2180 -7.1337 -0.4797,
-6.2177 -0.7177 -0.2125,
-6.2177 -0.7177 0.5875,
-6.2177 0.7177 -0.2125,
-6.2177 0.7177 0.5875,
-6.2166 -7.1559 -1.1876,
-6.2166 -7.1559 -0.5124,
-6.2153 -7.1760 -1.1535,
-6.2153 -7.1760 -0.5465,
-6.2142 -7.1939 -1.1182,
-6.2142 -7.1939 -0.5818,
-6.2132 -7.2096 -1.0819,
-6.2132 -7.2096 -0.6181,
-6.2124 -7.2230 -1.0447,
-6.2124 -7.2230 -0.6553,
-6.2117 -7.2340 -1.0067,
-6.2117 -7.2340 -0.6933,
-6.2111 -7.2426 -0.9680,
-6.2111 -7.2426 -0.7320,
-6.2108 -7.2488 -0.9289,
-6.2108 -7.2488 -0.7711,
-6.2105 -7.2525 -0.8896,
-6.2105 -7.2525 -0.8104,
-6.2104 -7.2537 -0.8500,
-6.2062 -6.9720 -1.3736,
-6.2062 -6.9720 -0.3264,
-6.2036 -6.9924 -1.3597,
-6.2036 -6.9924 -0.3403,
-6.1997 -7.0234 -1.3354,
-6.1997 -7.0234 -0.3646,
-6.1959 -7.0529 -1.3092,
-6.1959 -7.0529 -0.3908,
-6.1940 -6.9720 -1.3723,
-6.1940 -6.9720 -0.3277,
-6.1924 -7.0806 -1.2813,
-6.1924 -7.0806 -0.4187,
-6.1892 -7.1066 -1.2516,
-6.1892 -7.1066 -0.4484,
-6.1861 -7.1307 -1.2203,
-6.1861 -7.1307 -0.4797,
-6.1838 -6.9720 -1.3712,
-6.1838 -6.9720 -0.3288,
-6.1833 -7.1527 -1.1876,
-6.1833 -7.1527 -0.5124,
-6.1808 -7.1727 -1.1535,
-6.1808 -7.1727 -0.5465,
-6.1806 -6.9887 -1.3597,
-6.1806 -6.9887 -0.3403,
-6.1786 -7.1905 -1.1182,
-6.1786 -7.1905 -0.5818,
-6.1766 -7.2061 -1.0819,
-6.1766 -7.2061 -0.6181,
-6.1749 -7.2194 -1.0447,
-6.1749 -7.2194 -0.6553,
-6.1748 -7.0195 -1.3354,
-6.1748 -7.0195 -0.3646,
-6.1735 -7.2304 -1.0067,
-6.1735 -7.2304 -0.6933,
-6.1724 -7.2390 -0.9680,
-6.1724 -7.2390 -0.7320,
-6.1717 -7.2451 -0.9289,
-6.1717 -7.2451 -0.7711,
-6.1712 -7.2488 -0.8896,
-6.1712 -7.2488 -0.8104,
-6.1710 -7.2500 -0.8500,
-6.1703 -6.9720 -1.3692,
-6.1703 -6.9720 -0.3308,
-6.1692 -7.0486 -1.3092,
-6.1692 -7.0486 -0.3908,
-6.1639 -7.0761 -1.2813,
-6.1639 -7.0761 -0.4187,
-6.1609 -6.9720 -1.3678,
-6.1609 -6.9720 -0.3322,
-6.1590 -7.1018 -1.2516,
-6.1590 -7.1018 -0.4484,
-6.1579 -6.9837 -1.3597,
-6.1579 -6.9837 -0.3403,
-6.1545 -7.1256 -1.2203,
-6.1545 -7.1256 -0.4797,
-6.1541 -6.9720 -1.3665,
-6.1541 -6.9720 -0.3334,
-6.1503 -7.1475 -1.1876,
-6.1503 -7.1475 -0.5124,
-6.1501 -7.0139 -1.3354,
-6.1501 -7.0139 -0.3646,
-6.1466 -7.1673 -1.1535,
-6.1466 -7.1673 -0.5465,
-6.1463 -0.7356 -0.2125,
-6.1463 -0.7356 0.5875,
-6.1463 0.7356 -0.2125,
-6.1463 0.7356 0.5875,
-6.1432 -7.1849 -1.1182,
-6.1432 -7.1849 -0.5818,
-6.1427 -7.0427 -1.3092,
-6.1427 -7.0427 -0.3908,
-6.1402 -7.2004 -1.0819,
-6.1402 -7.2004 -0.6181,
-6.1377 -7.2135 -1.0447,
-6.1377 -7.2135 -0.6553,
-6.1372 -6.9720 -1.3633,
-6.1372 -6.9720 -0.3367,
-6.1358 -7.0698 -1.2813,
-6.1358 -7.0698 -0.4187,
-6.1357 -7.2244 -1.0067,
-6.1357 -7.2244 -0.6933,
-6.1356 -6.9772 -1.3597,
-6.1356 -6.9772 -0.3403,
-6.1340 -7.2329 -0.9680,
-6.1340 -7.2329 -0.7320,
-6.1329 -7.2390 -0.9289,
-6.1329 -7.2390 -0.7711,
-6.1322 -7.2426 -0.8896,
-6.1322 -7.2426 -0.8104,
-6.1320 -7.2438 -0.8500,
-6.1293 -7.0952 -1.2516,
-6.1293 -7.0952 -0.4484,
-6.1259 -7.0069 -1.3354,
-6.1259 -7.0069 -0.3646,
-6.1232 -7.1187 -1.2203,
-6.1232 -7.1187 -0.4797,
-6.1213 -6.9720 -1.3597,
-6.1213 -6.9720 -0.3403,
-6.1177 -7.1402 -1.1876,
-6.1177 -7.1402 -0.5124,
-6.1167 -7.0352 -1.3092,
-6.1167 -7.0352 -0.3908,
-6.1146 -6.9720 -1.3579,
-6.1146 -6.9720 -0.3421,
-6.1127 -7.1597 -1.1535,
-6.1127 -7.1597 -0.5465,
-6.1126 -6.9720 -1.3574,
-6.1126 -6.9720 -0.3426,
-6.1087 -6.9720 -1.3562,
-6.1087 -6.9720 -0.3438,
-6.1082 -7.1771 -1.1182,
-6.1082 -7.1771 -0.5818,
-6.1081 -7.0618 -1.2813,
-6.1081 -7.0618 -0.4187,
-6.1043 -7.1924 -1.0819,
-6.1043 -7.1924 -0.6181,
-6.1022 -6.9984 -1.3354,
-6.1022 -6.9984 -0.3646,
-6.1010 -7.2053 -1.0447,
-6.1010 -7.2053 -0.6553,
-6.1000 -7.0867 -1.2516,
-6.1000 -7.0867 -0.4484,
-6.0983 -7.2160 -1.0067,
-6.0983 -7.2160 -0.6933,
-6.0961 -7.2244 -0.9680,
-6.0961 -7.2244 -0.7320,
-6.0946 -7.2304 -0.9289,
-6.0946 -7.2304 -0.7711,
-6.0936 -7.2340 -0.8896,
-6.0936 -7.2340 -0.8104,
-6.0933 -7.2352 -0.8500,
-6.0925 -7.1097 -1.2203,
-6.0925 -7.1097 -0.4797,
-6.0912 -7.0260 -1.3092,
-6.0912 -7.0260 -0.3908,
-6.0867 -6.9720 -1.3494,
-6.0867 -6.9720 -0.3506,
-6.0856 -7.1309 -1.1876,
-6.0856 -7.1309 -0.5124,
-6.0809 -7.0520 -1.2813,
-6.0809 -7.0520 -0.4187,
-6.0794 -7.1500 -1.1535,
-6.0794 -7.1500 -0.5465,
-6.0790 -6.9883 -1.3354,
-6.0790 -6.9883 -0.3646,
-6.0759 -6.9720 -1.3456,
-6.0759 -6.9720 -0.3544,
-6.0738 -7.1671 -1.1182,
-6.0738 -7.1671 -0.5818,
-6.0735 -0.7464 -0.2125,
-6.0735 -0.7464 0.5875,
-6.0735 0.7464 -0.2125,
-6.0735 0.7464 0.5875,
-6.0713 -7.0763 -1.2516,
-6.0713 -7.0763 -0.4484,
-6.0690 -7.1821 -1.0819,
-6.0690 -7.1821 -0.6181,
-6.0664 -7.0152 -1.3092,
-6.0664 -7.0152 -0.3908,
-6.0648 -7.1948 -1.0447,
-6.0648 -7.1948 -0.6553,
-6.0624 -7.0989 -1.2203,
-6.0624 -7.0989 -0.4797,
-6.0614 -7.2053 -1.0067,
-6.0614 -7.2053 -0.6933,
-6.0592 -6.9720 -1.3397,
-6.0592 -6.9720 -0.3603,
-6.0588 -7.2135 -0.9680,
-6.0588 -7.2135 -0.7320,
-6.0569 -7.2194 -0.9289,
-6.0569 -7.2194 -0.7711,
-6.0565 -6.9769 -1.3354,
-6.0565 -6.9769 -0.3646,
-6.0559 -6.9720 -1.3384,
-6.0559 -6.9720 -0.3616,
-6.0557 -7.2230 -0.8896,
-6.0557 -7.2230 -0.8104,
-6.0553 -7.2242 -0.8500,
-6.0545 -7.0405 -1.2813,
-6.0545 -7.0405 -0.4187,
-6.0542 -7.1196 -1.1876,
-6.0542 -7.1196 -0.5124,
-6.0483 -6.9720 -1.3354,
-6.0483 -6.9720 -0.3646,
-6.0468 -7.1383 -1.1535,
-6.0468 -7.1383 -0.5465,
-6.0442 -5.9720 -1.6100,
-6.0442 -5.9720 -0.2125,
-6.0442 5.9720 -1.6100,
-6.0442 5.9720 -0.2125,
-6.0433 -7.0642 -1.2516,
-6.0433 -7.0642 -0.4484,
-6.0422 -7.0029 -1.3092,
-6.0422 -7.0029 -0.3908,
-6.0402 -7.1550 -1.1182,
-6.0402 -7.1550 -0.5818,
-6.0344 -7.1696 -1.0819,
-6.0344 -7.1696 -0.6181,
-6.0330 -7.0862 -1.2203,
-6.0330 -7.0862 -0.4797,
-6.0298 -6.9720 -1.3271,
-6.0298 -6.9720 -0.3729,
-6.0294 -7.1821 -1.0447,
-6.0294 -7.1821 -0.6553,
-6.0288 -7.0274 -1.2813,
-6.0288 -7.0274 -0.4187,
-6.0254 -7.1923 -1.0067,
-6.0254 -7.1923 -0.6933,
-6.0235 -7.1063 -1.1876,
-6.0235 -7.1063 -0.5124,
-6.0222 -7.2004 -0.9680,
-6.0222 -7.2004 -0.7320,
-6.0199 -7.2061 -0.9289,
-6.0199 -7.2061 -0.7711,
-6.0189 -6.9891 -1.3092,
-6.0189 -6.9891 -0.3908,
-6.0185 -7.2096 -0.8896,
-6.0185 -7.2096 -0.8104,
-6.0181 -7.2107 -0.8500,
-6.0168 -6.9720 -1.3206,
-6.0168 -6.9720 -0.3794,
-6.0162 -7.0504 -1.2516,
-6.0162 -7.0504 -0.4484,
-6.0149 -7.1245 -1.1535,
-6.0149 -7.1245 -0.5465,
-6.0073 -7.1408 -1.1182,
-6.0073 -7.1408 -0.5818,
-6.0045 -7.0716 -1.2203,
-6.0045 -7.0716 -0.4797,
-6.0039 -7.0128 -1.2813,
-6.0039 -7.0128 -0.4187,
-6.0006 -7.1550 -1.0819,
-6.0006 -7.1550 -0.6181,
-6.0000 -0.7500 -0.2125,
-6.0000 -0.7500 0.5875,
-6.0000 0.7500 -0.2125,
-6.0000 0.7500 0.5875,
-5.9979 -6.9720 -1.3113,
-5.9979 -6.9720 -0.3887,
-5.9965 -6.9739 -1.3092,
-5.9965 -6.9739 -0.3908,
-5.9949 -7.1671 -1.0447,
-5.9949 -7.1671 -0.6553,
-5.9941 -6.9720 -1.3092,
-5.9941 -6.9720 -0.3908,
-5.9937 -7.0911 -1.1876,
-5.9937 -7.0911 -0.5124,
-5.9902 -7.1771 -1.0067,
-5.9902 -7.1771 -0.6933,
-5.9899 -7.0348 -1.2516,
-5.9899 -7.0348 -0.4484,
-5.9865 -7.1849 -0.9680,
-5.9865 -7.1849 -0.7320,
-5.9840 -7.1088 -1.1535,
-5.9840 -7.1088 -0.5465,
-5.9839 -7.1905 -0.9289,
-5.9839 -7.1905 -0.7711,
-5.9823 -7.1939 -0.8896,
-5.9823 -7.1939 -0.8104,
-5.9818 -7.1950 -0.8500,
-5.9801 -6.9965 -1.2813,
-5.9801 -6.9965 -0.4187,
-5.9770 -6.9720 -1.2987,
-5.9770 -6.9720 -0.4013,
-5.9769 -7.0553 -1.2203,
-5.9769 -7.0553 -0.4797,
-5.9754 -7.1245 -1.1182,
-5.9754 -7.1245 -0.5818,
-5.9678 -7.1383 -1.0819,
-5.9678 -7.1383 -0.6181,
-5.9650 -7.0741 -1.1876,
-5.9650 -7.0741 -0.5124,
-5.9647 -7.0177 -1.2516,
-5.9647 -7.0177 -0.4484,
-5.9629 -6.9720 -1.2901,
-5.9629 -6.9720 -0.4099,
-5.9614 -7.1500 -1.0447,
-5.9614 -7.1500 -0.6553,
-5.9573 -6.9789 -1.2813,
-5.9573 -6.9789 -0.4187,
-5.9560 -7.1597 -1.0067,
-5.9560 -7.1597 -0.6933,
-5.9542 -7.0911 -1.1535,
-5.9542 -7.0911 -0.5465,
-5.9519 -7.1673 -0.9680,
-5.9519 -7.1673 -0.7320,
-5.9504 -7.0373 -1.2203,
-5.9504 -7.0373 -0.4797,
-5.9495 -6.9720 -1.2813,
-5.9495 -6.9720 -0.4187,
-5.9489 -7.1727 -0.9289,
-5.9489 -7.1727 -0.7711,
-5.9471 -7.1760 -0.8896,
-5.9471 -7.1760 -0.8104,
-5.9465 -7.1771 -0.8500,
-5.9446 -7.1063 -1.1182,
-5.9446 -7.1063 -0.5818,
-5.9406 -6.9990 -1.2516,
-5.9406 -6.9990 -0.4484,
-5.9373 -7.0553 -1.1876,
-5.9373 -7.0553 -0.5124,
-5.9372 -6.9720 -1.2720,
-5.9372 -6.9720 -0.4280,
-5.9361 -7.1196 -1.0819,
-5.9361 -7.1196 -0.6181,
-5.9290 -7.1309 -1.0447,
-5.9290 -7.1309 -0.6553,
-5.9265 -0.7464 -0.2125,
-5.9265 -0.7464 0.5875,
-5.9265 0.7464 -0.2125,
-5.9265 0.7464 0.5875,
-5.9255 -7.0716 -1.1535,
-5.9255 -7.0716 -0.5465,
-5.9251 -7.0177 -1.2203,
-5.9251 -7.0177 -0.4797,
-5.9241 -6.9720 -1.2622,
-5.9241 -6.9720 -0.4378,
-5.9230 -7.1402 -1.0067,
-5.9230 -7.1402 -0.6933,
-5.9184 -7.1475 -0.9680,
-5.9184 -7.1475 -0.7320,
-5.9177 -6.9789 -1.2516,
-5.9177 -6.9789 -0.4484,
-5.9151 -7.1527 -0.9289,
-5.9151 -7.1527 -0.7711,
-5.9149 -7.0862 -1.1182,
-5.9149 -7.0862 -0.5818,
-5.9131 -7.1559 -0.8896,
-5.9131 -7.1559 -0.8104,
-5.9124 -7.1569 -0.8500,
-5.9109 -7.0349 -1.1876,
-5.9109 -7.0349 -0.5124,
-5.9109 -6.9720 -1.2516,
-5.9109 -6.9720 -0.4484,
-5.9057 -7.0989 -1.0819,
-5.9057 -7.0989 -0.6181,
-5.9011 -6.9965 -1.2203,
-5.9011 -6.9965 -0.4797,
-5.8981 -7.0504 -1.1535,
-5.8981 -7.0504 -0.5465,
-5.8978 -7.1097 -1.0447,
-5.8978 -7.1097 -0.6553,
-5.8913 -7.1187 -1.0067,
-5.8913 -7.1187 -0.6933,
-5.8866 -7.0642 -1.1182,
-5.8866 -7.0642 -0.5818,
-5.8863 -7.1256 -0.9680,
-5.8863 -7.1256 -0.7320,
-5.8859 -7.0128 -1.1876,
-5.8859 -7.0128 -0.5124,
-5.8826 -7.1307 -0.9289,
-5.8826 -7.1307 -0.7711,
-5.8804 -7.1337 -0.8896,
-5.8804 -7.1337 -0.8104,
-5.8804 -6.9720 -1.2238,
-5.8804 -6.9720 -0.4762,
-5.8797 -7.1347 -0.8500,
-5.8785 -6.9739 -1.2203,
-5.8785 -6.9739 -0.4797,
-5.8783 -6.9720 -1.2218,
-5.8783 -6.9720 -0.4782,
-5.8768 -6.9720 -1.2203,
-5.8768 -6.9720 -0.4797,
-5.8766 -7.0763 -1.0819,
-5.8766 -7.0763 -0.6181,
-5.8721 -7.0274 -1.1535,
-5.8721 -7.0274 -0.5465,
-5.8712 -6.9720 -1.2141,
-5.8712 -6.9720 -0.4859,
-5.8681 -7.0867 -1.0447,
-5.8681 -7.0867 -0.6553,
-5.8622 -6.9891 -1.1876,
-5.8622 -6.9891 -0.5124,
-5.8610 -7.0952 -1.0067,
-5.8610 -7.0952 -0.6933,
-5.8598 -7.0405 -1.1182,
-5.8598 -7.0405 -0.5818,
-5.8555 -7.1018 -0.9680,
-5.8555 -7.1018 -0.7320,
-5.8537 -0.7356 -0.2125,
-5.8537 -0.7356 0.5875,
-5.8537 0.7356 -0.2125,
-5.8537 0.7356 0.5875,
-5.8516 -7.1066 -0.9289,
-5.8516 -7.1066 -0.7711,
-5.8492 -7.1095 -0.8896,
-5.8492 -7.1095 -0.8104,
-5.8490 -7.0520 -1.0819,
-5.8490 -7.0520 -0.6181,
-5.8484 -7.1104 -0.8500,
-5.8476 -7.0029 -1.1535,
-5.8476 -7.0029 -0.5465,
-5.8472 -6.9720 -1.1876,
-5.8472 -6.9720 -0.5124,
-5.8399 -7.0618 -1.0447,
-5.8399 -7.0618 -0.6553,
-5.8345 -7.0152 -1.1182,
-5.8345 -7.0152 -0.5818,
-5.8323 -7.0698 -1.0067,
-5.8323 -7.0698 -0.6933,
-5.8305 -6.9720 -1.1664,
-5.8305 -6.9720 -0.5336,
-5.8264 -7.0761 -0.9680,
-5.8264 -7.0761 -0.7320,
-5.8246 -6.9769 -1.1535,
-5.8246 -6.9769 -0.5465,
-5.8240 -6.9720 -1.1577,
-5.8240 -6.9720 -0.5423,
-5.8230 -7.0260 -1.0819,
-5.8230 -7.0260 -0.6181,
-5.8221 -7.0806 -0.9289,
-5.8221 -7.0806 -0.7711,
-5.8209 -6.9720 -1.1535,
-5.8209 -6.9720 -0.5465,
-5.8196 -7.0833 -0.8896,
-5.8196 -7.0833 -0.8104,
-5.8187 -7.0842 -0.8500,
-5.8132 -7.0351 -1.0447,
-5.8132 -7.0351 -0.6553,
-5.8108 -6.9884 -1.1182,
-5.8108 -6.9884 -0.5818,
-5.8077 -6.9720 -1.1330,
-5.8077 -6.9720 -0.5670,
-5.8052 -7.0427 -1.0067,
-5.8052 -7.0427 -0.6933,
-5.7989 -7.0486 -0.9680,
-5.7989 -7.0486 -0.7320,
-5.7987 -6.9984 -1.0819,
-5.7987 -6.9984 -0.6181,
-5.7981 -6.9720 -1.1182,
-5.7981 -6.9720 -0.5818,
-5.7944 -7.0529 -0.9289,
-5.7944 -7.0529 -0.7711,
-5.7917 -7.0554 -0.8896,
-5.7917 -7.0554 -0.8104,
-5.7908 -7.0563 -0.8500,
-5.7883 -7.0069 -1.0447,
-5.7883 -7.0069 -0.6553,
-5.7823 -0.7177 -0.2125,
-5.7823 -0.7177 0.5875,
-5.7823 0.7177 -0.2125,
-5.7823 0.7177 0.5875,
-5.7811 -6.9720 -1.0871,
-5.7811 -6.9720 -0.6129,
-5.7798 -7.0140 -1.0067,
-5.7798 -7.0140 -0.6933,
-5.7782 -6.9720 -1.0819,
-5.7782 -6.9720 -0.6181,
-5.7770 -6.9720 -1.0792,
-5.7770 -6.9720 -0.6208,
-5.7732 -7.0195 -0.9680,
-5.7732 -7.0195 -0.7320,
-5.7723 -6.9720 -1.0689,
-5.7723 -6.9720 -0.6310,
-5.7684 -7.0234 -0.9289,
-5.7684 -7.0234 -0.7711,
-5.7655 -7.0258 -0.8896,
-5.7655 -7.0258 -0.8104,
-5.7653 -6.9772 -1.0447,
-5.7653 -6.9772 -0.6553,
-5.7646 -7.0266 -0.8500,
-5.7618 -6.9720 -1.0447,
-5.7618 -6.9720 -0.6553,
-5.7563 -6.9837 -1.0067,
-5.7563 -6.9837 -0.6933,
-5.7526 -6.9720 -1.0184,
-5.7526 -6.9720 -0.6816,
-5.7494 -6.9887 -0.9680,
-5.7494 -6.9887 -0.7320,
-5.7484 -6.9720 -1.0067,
-5.7484 -6.9720 -0.6933,
-5.7443 -6.9924 -0.9289,
-5.7443 -6.9924 -0.7711,
-5.7440 -6.9720 -0.9901,
-5.7440 -6.9720 -0.7099,
-5.7413 -6.9946 -0.8896,
-5.7413 -6.9946 -0.8104,
-5.7403 -6.9953 -0.8500,
-5.7380 -6.9720 -0.9680,
-5.7380 -6.9720 -0.7320,
-5.7348 -6.9720 -0.9512,
-5.7348 -6.9720 -0.7488,
-5.7305 -6.9720 -0.9289,
-5.7305 -6.9720 -0.7711,
-5.7275 -6.9720 -0.9027,
-5.7275 -6.9720 -0.7973,
-5.7260 -6.9720 -0.8896,
-5.7260 -6.9720 -0.8104,
-5.7256 -6.9720 -0.8775,
-5.7256 -6.9720 -0.8225,
-5.7245 -6.9720 -0.8500,
-5.7130 -0.6929 -0.2125,
-5.7130 -0.6929 0.5875,
-5.7130 0.6929 -0.2125,
-5.7130 0.6929 0.5875,
-5.6465 -0.6614 -0.2125,
-5.6465 -0.6614 0.5875,
-5.6465 0.6614 -0.2125,
-5.6465 0.6614 0.5875,
-5.5833 -0.6236 -0.2125,
-5.5833 -0.6236 0.5875,
-5.5833 0.6236 -0.2125,
-5.5833 0.6236 0.5875,
-5.5242 -0.5798 -0.2125,
-5.5242 -0.5798 0.5875,
-5.5242 0.5798 -0.2125,
-5.5242 0.5798 0.5875,
-5.4697 -0.5303 -0.2125,
-5.4697 -0.5303 0.5875,
-5.4697 0.5303 -0.2125,
-5.4697 0.5303 0.5875,
-5.4202 -0.4758 -0.2125,
-5.4202 -0.4758 0.5875,
-5.4202 0.4758 -0.2125,
-5.4202 0.4758 0.5875,
-5.3764 -0.4167 -0.2125,
-5.3764 -0.4167 0.5875,
-5.3764 0.4167 -0.2125,
-5.3764 0.4167 0.5875,
-5.3386 -0.3535 -0.2125,
-5.3386 -0.3535 0.5875,
-5.3386 0.3535 -0.2125,
-5.3386 0.3535 0.5875,
-5.3071 -0.2870 -0.2125,
-5.3071 -0.2870 0.5875,
-5.3071 0.2870 -0.2125,
-5.3071 0.2870 0.5875,
-5.2823 -0.2177 -0.2125,
-5.2823 -0.2177 0.5875,
-5.2823 0.2177 -0.2125,
-5.2823 0.2177 0.5875,
-5.2644 -0.1463 -0.2125,
-5.2644 -0.1463 0.5875,
-5.2644 0.1463 -0.2125,
-5.2644 0.1463 0.5875,
-5.2536 -0.0735 -0.2125,
-5.2536 -0.0735 0.5875,
-5.2536 0.0735 -0.2125,
-5.2536 0.0735 0.5875,
-5.2500 0.0000 -0.2125,
-5.2500 0.0000 0.5875,
-3.8144 0.0452 -0.4000,
-3.8144 0.0452 -0.2125,
-3.7805 0.3182 -0.4000,
-3.7805 0.3182 -0.2125,
-3.7634 -0.3504 -0.4000,
-3.7634 -0.3504 -0.2125,
-3.6924 2.1949 -0.4000,
-3.6924 2.1949 -0.2125,
-3.6788 0.5583 -0.4000,
-3.6788 0.5583 -0.2125,
-3.6707 2.4271 -0.4000,
-3.6707 2.4271 -0.2125,
-3.6630 1.9323 -0.4000,
-3.6630 1.9323 -0.2125,
-3.6102 -0.6827 -0.4000,
-3.6102 -0.6827 -0.2125,
-3.6057 2.6401 -0.4000,
-3.6057 2.6401 -0.2125,
-3.5748 1.7006 -0.4000,
-3.5748 1.7006 -0.2125,
-3.5093 0.7657 -0.4000,
-3.5093 0.7657 -0.2125,
-3.4974 2.8340 -0.4000,
-3.4974 2.8340 -0.2125,
-3.4279 1.4998 -0.4000,
-3.4279 1.4998 -0.2125,
-3.3550 -0.9517 -0.4000,
-3.3550 -0.9517 -0.2125,
-3.3482 3.0044 -0.4000,
-3.3482 3.0044 -0.2125,
-3.2806 0.9317 -0.4000,
-3.2806 0.9317 -0.2125,
-3.2263 1.3347 -0.4000,
-3.2263 1.3347 -0.2125,
-3.1606 3.1474 -0.4000,
-3.1606 3.1474 -0.2125,
-3.0097 -1.1495 -0.4000,
-3.0097 -1.1495 -0.2125,
-3.0014 1.0475 -0.4000,
-3.0014 1.0475 -0.2125,
-2.9743 1.2104 -0.4000,
-2.9743 1.2104 -0.2125,
-2.9345 3.2628 -0.4000,
-2.9345 3.2628 -0.2125,
-2.8379 0.1028 -0.4000,
-2.8379 0.1028 -0.2125,
-2.8157 -0.0801 -0.4000,
-2.8157 -0.0801 -0.2125,
-2.8106 0.2840 -0.4000,
-2.8106 0.2840 -0.2125,
-2.7490 -0.2355 -0.4000,
-2.7490 -0.2355 -0.2125,
-2.7287 0.4344 -0.4000,
-2.7287 0.4344 -0.2125,
-2.7260 2.0762 -0.4000,
-2.7260 2.0762 -0.2125,
-2.7055 2.2355 -0.4000,
-2.7055 2.2355 -0.2125,
-2.7014 1.9023 -0.4000,
-2.7014 1.9023 -0.2125,
-2.6744 3.3476 -0.4000,
-2.6744 3.3476 -0.2125,
-2.6718 1.1132 -0.4000,
-2.6718 1.1132 -0.2125,
-2.6718 1.1268 -0.4000,
-2.6718 1.1268 -0.2125,
-2.6439 2.3745 -0.4000,
-2.6439 2.3745 -0.2125,
-2.6379 -0.3634 -0.4000,
-2.6379 -0.3634 -0.2125,
-2.6273 1.7559 -0.4000,
-2.6273 1.7559 -0.2125,
-2.5921 0.5538 -0.4000,
-2.5921 0.5538 -0.2125,
-2.5865 -1.2681 -0.4000,
-2.5865 -1.2681 -0.2125,
-2.5412 2.4932 -0.4000,
-2.5412 2.4932 -0.2125,
-2.5039 1.6371 -0.4000,
-2.5039 1.6371 -0.2125,
-2.4872 -0.4585 -0.4000,
-2.4872 -0.4585 -0.2125,
-2.4047 0.6404 -0.4000,
-2.4047 0.6404 -0.2125,
-2.4043 2.5836 -0.4000,
-2.4043 2.5836 -0.2125,
-2.3845 3.3985 -0.4000,
-2.3845 3.3985 -0.2125,
-2.3346 1.5495 -0.4000,
-2.3346 1.5495 -0.2125,
-2.3018 -0.5156 -0.4000,
-2.3018 -0.5156 -0.2125,
-2.2399 2.6379 -0.4000,
-2.2399 2.6379 -0.2125,
-2.1702 0.6924 -0.4000,
-2.1702 0.6924 -0.2125,
-2.1227 1.4969 -0.4000,
-2.1227 1.4969 -0.2125,
-2.0852 -1.3077 -0.4000,
-2.0852 -1.3077 -0.2125,
-2.0818 -0.5346 -0.4000,
-2.0818 -0.5346 -0.2125,
-2.0649 3.4155 -0.4000,
-2.0649 3.4155 -0.2125,
-2.0479 2.6560 -0.4000,
-2.0479 2.6560 -0.2125,
-1.8886 0.7098 -0.4000,
-1.8886 0.7098 -0.2125,
-1.8682 1.4794 -0.4000,
-1.8682 1.4794 -0.2125,
-1.8648 2.6407 -0.4000,
-1.8648 2.6407 -0.2125,
-1.7043 2.5949 -0.4000,
-1.7043 2.5949 -0.2125,
-1.6768 -0.4638 -0.4000,
-1.6768 -0.4638 -0.2125,
-1.6186 3.3789 -0.4000,
-1.6186 3.3789 -0.2125,
-1.6013 -1.2698 -0.4000,
-1.6013 -1.2698 -0.2125,
-1.5664 2.5186 -0.4000,
-1.5664 2.5186 -0.2125,
-1.5563 0.7098 -0.4000,
-1.5563 0.7098 -0.2125,
-1.5563 1.4794 -0.4000,
-1.5563 1.4794 -0.2125,
-1.4579 2.4092 -0.4000,
-1.4579 2.4092 -0.2125,
-1.4112 -0.2513 -0.4000,
-1.4112 -0.2513 -0.2125,
-1.3856 2.2640 -0.4000,
-1.3856 2.2640 -0.2125,
-1.3494 2.0830 -0.4000,
-1.3494 2.0830 -0.2125,
-1.2850 0.1028 -0.4000,
-1.2850 0.1028 -0.2125,
-1.2338 3.2693 -0.4000,
-1.2338 3.2693 -0.2125,
-1.1893 -1.1562 -0.4000,
-1.1893 -1.1562 -0.2125,
-0.9103 3.0865 -0.4000,
-0.9103 3.0865 -0.2125,
-0.8493 -0.9669 -0.4000,
-0.8493 -0.9669 -0.2125,
-0.6581 2.8364 -0.4000,
-0.6581 2.8364 -0.2125,
-0.5873 -0.7060 -0.4000,
-0.5873 -0.7060 -0.2125,
-0.5255 6.9720 -0.8500,
-0.5244 6.9720 -0.8775,
-0.5244 6.9720 -0.8225,
-0.5240 6.9720 -0.8896,
-0.5240 6.9720 -0.8104,
-0.5225 6.9720 -0.9027,
-0.5225 6.9720 -0.7973,
-0.5195 6.9720 -0.9289,
-0.5195 6.9720 -0.7711,
-0.5152 6.9720 -0.9512,
-0.5152 6.9720 -0.7488,
-0.5120 6.9720 -0.9680,
-0.5120 6.9720 -0.7320,
-0.5097 6.9953 -0.8500,
-0.5087 6.9946 -0.8896,
-0.5087 6.9946 -0.8104,
-0.5060 6.9720 -0.9901,
-0.5060 6.9720 -0.7099,
-0.5057 6.9924 -0.9289,
-0.5057 6.9924 -0.7711,
-0.5016 6.9720 -1.0067,
-0.5016 6.9720 -0.6933,
-0.5006 6.9887 -0.9680,
-0.5006 6.9887 -0.7320,
-0.4974 6.9720 -1.0184,
-0.4974 6.9720 -0.6816,
-0.4937 6.9837 -1.0067,
-0.4937 6.9837 -0.6933,
-0.4882 6.9720 -1.0447,
-0.4882 6.9720 -0.6553,
-0.4869 2.5245 -0.4000,
-0.4869 2.5245 -0.2125,
-0.4854 7.0266 -0.8500,
-0.4847 6.9772 -1.0447,
-0.4847 6.9772 -0.6553,
-0.4845 7.0258 -0.8896,
-0.4845 7.0258 -0.8104,
-0.4816 7.0234 -0.9289,
-0.4816 7.0234 -0.7711,
-0.4777 6.9720 -1.0689,
-0.4777 6.9720 -0.6310,
-0.4768 7.0195 -0.9680,
-0.4768 7.0195 -0.7320,
-0.4730 6.9720 -1.0792,
-0.4730 6.9720 -0.6208,
-0.4718 6.9720 -1.0819,
-0.4718 6.9720 -0.6181,
-0.4702 7.0140 -1.0067,
-0.4702 7.0140 -0.6933,
-0.4689 6.9720 -1.0871,
-0.4689 6.9720 -0.6129,
-0.4617 7.0069 -1.0447,
-0.4617 7.0069 -0.6553,
-0.4592 7.0563 -0.8500,
-0.4583 7.0554 -0.8896,
-0.4583 7.0554 -0.8104,
-0.4556 7.0529 -0.9289,
-0.4556 7.0529 -0.7711,
-0.4519 6.9720 -1.1182,
-0.4519 6.9720 -0.5818,
-0.4513 6.9984 -1.0819,
-0.4513 6.9984 -0.6181,
-0.4511 7.0486 -0.9680,
-0.4511 7.0486 -0.7320,
-0.4448 7.0427 -1.0067,
-0.4448 7.0427 -0.6933,
-0.4423 6.9720 -1.1330,
-0.4423 6.9720 -0.5670,
-0.4392 6.9884 -1.1182,
-0.4392 6.9884 -0.5818,
-0.4368 7.0351 -1.0447,
-0.4368 7.0351 -0.6553,
-0.4313 7.0842 -0.8500,
-0.4304 7.0833 -0.8896,
-0.4304 7.0833 -0.8104,
-0.4291 6.9720 -1.1535,
-0.4291 6.9720 -0.5465,
-0.4279 7.0806 -0.9289,
-0.4279 7.0806 -0.7711,
-0.4270 7.0260 -1.0819,
-0.4270 7.0260 -0.6181,
-0.4260 6.9720 -1.1577,
-0.4260 6.9720 -0.5423,
-0.4254 6.9769 -1.1535,
-0.4254 6.9769 -0.5465,
-0.4236 7.0761 -0.9680,
-0.4236 7.0761 -0.7320,
-0.4195 6.9720 -1.1664,
-0.4195 6.9720 -0.5336,
-0.4177 7.0698 -1.0067,
-0.4177 7.0698 -0.6933,
-0.4155 7.0152 -1.1182,
-0.4155 7.0152 -0.5818,
-0.4101 7.0618 -1.0447,
-0.4101 7.0618 -0.6553,
-0.4093 -0.3777 -0.4000,
-0.4093 -0.3777 -0.2125,
-0.4028 6.9720 -1.1876,
-0.4028 6.9720 -0.5124,
-0.4024 7.0029 -1.1535,
-0.4024 7.0029 -0.5465,
-0.4016 7.1104 -0.8500,
-0.4010 7.0520 -1.0819,
-0.4010 7.0520 -0.6181,
-0.4008 7.1095 -0.8896,
-0.4008 7.1095 -0.8104,
-0.3984 7.1066 -0.9289,
-0.3984 7.1066 -0.7711,
-0.3967 2.1508 -0.4000,
-0.3967 2.1508 -0.2125,
-0.3945 7.1018 -0.9680,
-0.3945 7.1018 -0.7320,
-0.3902 7.0405 -1.1182,
-0.3902 7.0405 -0.5818,
-0.3890 7.0952 -1.0067,
-0.3890 7.0952 -0.6933,
-0.3878 6.9891 -1.1876,
-0.3878 6.9891 -0.5124,
-0.3819 7.0867 -1.0447,
-0.3819 7.0867 -0.6553,
-0.3788 6.9720 -1.2141,
-0.3788 6.9720 -0.4859,
-0.3779 7.0274 -1.1535,
-0.3779 7.0274 -0.5465,
-0.3734 7.0763 -1.0819,
-0.3734 7.0763 -0.6181,
-0.3732 6.9720 -1.2203,
-0.3732 6.9720 -0.4797,
-0.3717 6.9720 -1.2218,
-0.3717 6.9720 -0.4782,
-0.3715 6.9739 -1.2203,
-0.3715 6.9739 -0.4797,
-0.3703 7.1347 -0.8500,
-0.3696 6.9720 -1.2238,
-0.3696 6.9720 -0.4762,
-0.3696 7.1337 -0.8896,
-0.3696 7.1337 -0.8104,
-0.3674 7.1307 -0.9289,
-0.3674 7.1307 -0.7711,
-0.3641 7.0128 -1.1876,
-0.3641 7.0128 -0.5124,
-0.3637 7.1256 -0.9680,
-0.3637 7.1256 -0.7320,
-0.3634 7.0642 -1.1182,
-0.3634 7.0642 -0.5818,
-0.3587 7.1187 -1.0067,
-0.3587 7.1187 -0.6933,
-0.3522 7.1097 -1.0447,
-0.3522 7.1097 -0.6553,
-0.3519 7.0504 -1.1535,
-0.3519 7.0504 -0.5465,
-0.3489 6.9965 -1.2203,
-0.3489 6.9965 -0.4797,
-0.3443 7.0989 -1.0819,
-0.3443 7.0989 -0.6181,
-0.3391 6.9720 -1.2516,
-0.3391 6.9720 -0.4484,
-0.3391 7.0349 -1.1876,
-0.3391 7.0349 -0.5124,
-0.3376 7.1569 -0.8500,
-0.3369 7.1559 -0.8896,
-0.3369 7.1559 -0.8104,
-0.3351 7.0862 -1.1182,
-0.3351 7.0862 -0.5818,
-0.3349 7.1527 -0.9289,
-0.3349 7.1527 -0.7711,
-0.3323 6.9789 -1.2516,
-0.3323 6.9789 -0.4484,
-0.3316 7.1475 -0.9680,
-0.3316 7.1475 -0.7320,
-0.3270 7.1402 -1.0067,
-0.3270 7.1402 -0.6933,
-0.3259 6.9720 -1.2622,
-0.3259 6.9720 -0.4378,
-0.3249 7.0177 -1.2203,
-0.3249 7.0177 -0.4797,
-0.3245 7.0716 -1.1535,
-0.3245 7.0716 -0.5465,
-0.3210 7.1309 -1.0447,
-0.3210 7.1309 -0.6553,
-0.3153 0.0181 -0.4000,
-0.3153 0.0181 -0.2125,
-0.3139 7.1196 -1.0819,
-0.3139 7.1196 -0.6181,
-0.3128 6.9720 -1.2720,
-0.3128 6.9720 -0.4280,
-0.3127 7.0553 -1.1876,
-0.3127 7.0553 -0.5124,
-0.3094 6.9990 -1.2516,
-0.3094 6.9990 -0.4484,
-0.3054 7.1063 -1.1182,
-0.3054 7.1063 -0.5818,
-0.3035 7.1771 -0.8500,
-0.3029 7.1760 -0.8896,
-0.3029 7.1760 -0.8104,
-0.3011 7.1727 -0.9289,
-0.3011 7.1727 -0.7711,
-0.3005 6.9720 -1.2813,
-0.3005 6.9720 -0.4187,
-0.2996 7.0373 -1.2203,
-0.2996 7.0373 -0.4797,
-0.2981 7.1673 -0.9680,
-0.2981 7.1673 -0.7320,
-0.2958 7.0911 -1.1535,
-0.2958 7.0911 -0.5465,
-0.2940 7.1597 -1.0067,
-0.2940 7.1597 -0.6933,
-0.2927 6.9789 -1.2813,
-0.2927 6.9789 -0.4187,
-0.2886 7.1500 -1.0447,
-0.2886 7.1500 -0.6553,
-0.2871 6.9720 -1.2901,
-0.2871 6.9720 -0.4099,
-0.2853 7.0177 -1.2516,
-0.2853 7.0177 -0.4484,
-0.2850 7.0741 -1.1876,
-0.2850 7.0741 -0.5124,
-0.2822 7.1383 -1.0819,
-0.2822 7.1383 -0.6181,
-0.2746 7.1245 -1.1182,
-0.2746 7.1245 -0.5818,
-0.2731 7.0553 -1.2203,
-0.2731 7.0553 -0.4797,
-0.2730 6.9720 -1.2987,
-0.2730 6.9720 -0.4013,
-0.2699 6.9965 -1.2813,
-0.2699 6.9965 -0.4187,
-0.2682 7.1950 -0.8500,
-0.2677 7.1939 -0.8896,
-0.2677 7.1939 -0.8104,
-0.2661 7.1905 -0.9289,
-0.2661 7.1905 -0.7711,
-0.2660 7.1088 -1.1535,
-0.2660 7.1088 -0.5465,
-0.2635 7.1849 -0.9680,
-0.2635 7.1849 -0.7320,
-0.2601 7.0348 -1.2516,
-0.2601 7.0348 -0.4484,
-0.2598 7.1771 -1.0067,
-0.2598 7.1771 -0.6933,
-0.2563 7.0911 -1.1876,
-0.2563 7.0911 -0.5124,
-0.2559 6.9720 -1.3092,
-0.2559 6.9720 -0.3908,
-0.2551 7.1671 -1.0447,
-0.2551 7.1671 -0.6553,
-0.2535 6.9739 -1.3092,
-0.2535 6.9739 -0.3908,
-0.2521 6.9720 -1.3113,
-0.2521 6.9720 -0.3887,
-0.2494 7.1550 -1.0819,
-0.2494 7.1550 -0.6181,
-0.2461 7.0128 -1.2813,
-0.2461 7.0128 -0.4187,
-0.2455 7.0716 -1.2203,
-0.2455 7.0716 -0.4797,
-0.2427 7.1408 -1.1182,
-0.2427 7.1408 -0.5818,
-0.2351 7.1245 -1.1535,
-0.2351 7.1245 -0.5465,
-0.2338 7.0504 -1.2516,
-0.2338 7.0504 -0.4484,
-0.2332 6.9720 -1.3206,
-0.2332 6.9720 -0.3794,
-0.2319 7.2107 -0.8500,
-0.2315 7.2096 -0.8896,
-0.2315 7.2096 -0.8104,
-0.2311 6.9891 -1.3092,
-0.2311 6.9891 -0.3908,
-0.2301 7.2061 -0.9289,
-0.2301 7.2061 -0.7711,
-0.2278 7.2004 -0.9680,
-0.2278 7.2004 -0.7320,
-0.2265 7.1063 -1.1876,
-0.2265 7.1063 -0.5124,
-0.2246 7.1923 -1.0067,
-0.2246 7.1923 -0.6933,
-0.2212 7.0274 -1.2813,
-0.2212 7.0274 -0.4187,
-0.2206 7.1821 -1.0447,
-0.2206 7.1821 -0.6553,
-0.2202 6.9720 -1.3271,
-0.2202 6.9720 -0.3729,
-0.2170 7.0862 -1.2203,
-0.2170 7.0862 -0.4797,
-0.2156 7.1696 -1.0819,
-0.2156 7.1696 -0.6181,
-0.2098 7.1550 -1.1182,
-0.2098 7.1550 -0.5818,
-0.2078 7.0029 -1.3092,
-0.2078 7.0029 -0.3908,
-0.2067 7.0642 -1.2516,
-0.2067 7.0642 -0.4484,
-0.2032 7.1383 -1.1535,
-0.2032 7.1383 -0.5465,
-0.2017 6.9720 -1.3354,
-0.2017 6.9720 -0.3646,
-0.1958 7.1196 -1.1876,
-0.1958 7.1196 -0.5124,
-0.1955 7.0405 -1.2813,
-0.1955 7.0405 -0.4187,
-0.1947 7.2242 -0.8500,
-0.1943 7.2230 -0.8896,
-0.1943 7.2230 -0.8104,
-0.1941 6.9720 -1.3384,
-0.1941 6.9720 -0.3616,
-0.1935 6.9769 -1.3354,
-0.1935 6.9769 -0.3646,
-0.1931 7.2194 -0.9289,
-0.1931 7.2194 -0.7711,
-0.1912 7.2135 -0.9680,
-0.1912 7.2135 -0.7320,
-0.1908 6.9720 -1.3397,
-0.1908 6.9720 -0.3603,
-0.1886 7.2053 -1.0067,
-0.1886 7.2053 -0.6933,
-0.1876 7.0989 -1.2203,
-0.1876 7.0989 -0.4797,
-0.1851 7.1948 -1.0447,
-0.1851 7.1948 -0.6553,
-0.1836 7.0152 -1.3092,
-0.1836 7.0152 -0.3908,
-0.1810 7.1821 -1.0819,
-0.1810 7.1821 -0.6181,
-0.1787 7.0763 -1.2516,
-0.1787 7.0763 -0.4484,
-0.1762 7.1671 -1.1182,
-0.1762 7.1671 -0.5818,
-0.1741 6.9720 -1.3456,
-0.1741 6.9720 -0.3544,
-0.1710 6.9883 -1.3354,
-0.1710 6.9883 -0.3646,
-0.1706 7.1500 -1.1535,
-0.1706 7.1500 -0.5465,
-0.1691 7.0520 -1.2813,
-0.1691 7.0520 -0.4187,
-0.1644 7.1309 -1.1876,
-0.1644 7.1309 -0.5124,
-0.1633 6.9720 -1.3494,
-0.1633 6.9720 -0.3506,
-0.1588 7.0260 -1.3092,
-0.1588 7.0260 -0.3908,
-0.1575 7.1097 -1.2203,
-0.1575 7.1097 -0.4797,
-0.1567 7.2352 -0.8500,
-0.1564 7.2340 -0.8896,
-0.1564 7.2340 -0.8104,
-0.1554 7.2304 -0.9289,
-0.1554 7.2304 -0.7711,
-0.1539 7.2244 -0.9680,
-0.1539 7.2244 -0.7320,
-0.1517 7.2160 -1.0067,
-0.1517 7.2160 -0.6933,
-0.1500 7.0867 -1.2516,
-0.1500 7.0867 -0.4484,
-0.1490 7.2053 -1.0447,
-0.1490 7.2053 -0.6553,
-0.1478 6.9984 -1.3354,
-0.1478 6.9984 -0.3646,
-0.1457 7.1924 -1.0819,
-0.1457 7.1924 -0.6181,
-0.1419 7.0618 -1.2813,
-0.1419 7.0618 -0.4187,
-0.1418 7.1771 -1.1182,
-0.1418 7.1771 -0.5818,
-0.1413 6.9720 -1.3562,
-0.1413 6.9720 -0.3438,
-0.1374 6.9720 -1.3574,
-0.1374 6.9720 -0.3426,
-0.1373 7.1597 -1.1535,
-0.1373 7.1597 -0.5465,
-0.1354 6.9720 -1.3579,
-0.1354 6.9720 -0.3421,
-0.1333 7.0352 -1.3092,
-0.1333 7.0352 -0.3908,
-0.1323 7.1402 -1.1876,
-0.1323 7.1402 -0.5124,
-0.1287 6.9720 -1.3597,
-0.1287 6.9720 -0.3403,
-0.1268 7.1187 -1.2203,
-0.1268 7.1187 -0.4797,
-0.1241 7.0069 -1.3354,
-0.1241 7.0069 -0.3646,
-0.1207 7.0952 -1.2516,
-0.1207 7.0952 -0.4484,
-0.1180 7.2438 -0.8500,
-0.1178 7.2426 -0.8896,
-0.1178 7.2426 -0.8104,
-0.1171 7.2390 -0.9289,
-0.1171 7.2390 -0.7711,
-0.1160 7.2329 -0.9680,
-0.1160 7.2329 -0.7320,
-0.1144 6.9772 -1.3597,
-0.1144 6.9772 -0.3403,
-0.1143 7.2244 -1.0067,
-0.1143 7.2244 -0.6933,
-0.1142 7.0698 -1.2813,
-0.1142 7.0698 -0.4187,
-0.1128 6.9720 -1.3633,
-0.1128 6.9720 -0.3367,
-0.1123 7.2135 -1.0447,
-0.1123 7.2135 -0.6553,
-0.1098 7.2004 -1.0819,
-0.1098 7.2004 -0.6181,
-0.1073 7.0427 -1.3092,
-0.1073 7.0427 -0.3908,
-0.1068 7.1849 -1.1182,
-0.1068 7.1849 -0.5818,
-0.1034 7.1673 -1.1535,
-0.1034 7.1673 -0.5465,
-0.0999 7.0139 -1.3354,
-0.0999 7.0139 -0.3646,
-0.0997 7.1475 -1.1876,
-0.0997 7.1475 -0.5124,
-0.0959 6.9720 -1.3665,
-0.0959 6.9720 -0.3334,
-0.0955 7.1256 -1.2203,
-0.0955 7.1256 -0.4797,
-0.0921 6.9837 -1.3597,
-0.0921 6.9837 -0.3403,
-0.0910 7.1018 -1.2516,
-0.0910 7.1018 -0.4484,
-0.0891 6.9720 -1.3678,
-0.0891 6.9720 -0.3322,
-0.0861 7.0761 -1.2813,
-0.0861 7.0761 -0.4187,
-0.0808 7.0486 -1.3092,
-0.0808 7.0486 -0.3908,
-0.0797 6.9720 -1.3692,
-0.0797 6.9720 -0.3308,
-0.0790 7.2500 -0.8500,
-0.0788 7.2488 -0.8896,
-0.0788 7.2488 -0.8104,
-0.0783 7.2451 -0.9289,
-0.0783 7.2451 -0.7711,
-0.0776 7.2390 -0.9680,
-0.0776 7.2390 -0.7320,
-0.0765 7.2304 -1.0067,
-0.0765 7.2304 -0.6933,
-0.0752 7.0195 -1.3354,
-0.0752 7.0195 -0.3646,
-0.0751 7.2194 -1.0447,
-0.0751 7.2194 -0.6553,
-0.0734 7.2061 -1.0819,
-0.0734 7.2061 -0.6181,
-0.0714 7.1905 -1.1182,
-0.0714 7.1905 -0.5818,
-0.0694 6.9887 -1.3597,
-0.0694 6.9887 -0.3403,
-0.0692 7.1727 -1.1535,
-0.0692 7.1727 -0.5465,
-0.0667 7.1527 -1.1876,
-0.0667 7.1527 -0.5124,
-0.0662 6.9720 -1.3712,
-0.0662 6.9720 -0.3288,
-0.0639 7.1307 -1.2203,
-0.0639 7.1307 -0.4797,
-0.0608 7.1066 -1.2516,
-0.0608 7.1066 -0.4484,
-0.0576 7.0806 -1.2813,
-0.0576 7.0806 -0.4187,
-0.0560 6.9720 -1.3723,
-0.0560 6.9720 -0.3277,
-0.0541 7.0529 -1.3092,
-0.0541 7.0529 -0.3908,
-0.0503 7.0234 -1.3354,
-0.0503 7.0234 -0.3646,
-0.0464 6.9924 -1.3597,
-0.0464 6.9924 -0.3403,
-0.0438 6.9720 -1.3736,
-0.0438 6.9720 -0.3264,
-0.0396 7.2537 -0.8500,
-0.0395 7.2525 -0.8896,
-0.0395 7.2525 -0.8104,
-0.0392 7.2488 -0.9289,
-0.0392 7.2488 -0.7711,
-0.0389 7.2426 -0.9680,
-0.0389 7.2426 -0.7320,
-0.0383 7.2340 -1.0067,
-0.0383 7.2340 -0.6933,
-0.0376 7.2230 -1.0447,
-0.0376 7.2230 -0.6553,
-0.0368 7.2096 -1.0819,
-0.0368 7.2096 -0.6181,
-0.0358 7.1939 -1.1182,
-0.0358 7.1939 -0.5818,
-0.0347 7.1760 -1.1535,
-0.0347 7.1760 -0.5465,
-0.0334 7.1559 -1.1876,
-0.0334 7.1559 -0.5124,
-0.0320 7.1337 -1.2203,
-0.0320 7.1337 -0.4797,
-0.0305 7.1095 -1.2516,
-0.0305 7.1095 -0.4484,
-0.0296 6.9720 -1.3745,
-0.0296 6.9720 -0.3255,
-0.0288 7.0833 -1.2813,
-0.0288 7.0833 -0.4187,
-0.0271 7.0554 -1.3092,
-0.0271 7.0554 -0.3908,
-0.0252 7.0258 -1.3354,
-0.0252 7.0258 -0.3646,
-0.0233 6.9946 -1.3597,
-0.0233 6.9946 -0.3403,
-0.0218 6.9720 -1.3750,
-0.0218 6.9720 -0.3250,
-0.0148 6.9720 -1.3752,
-0.0148 6.9720 -0.3248,
0.0000 6.9720 -1.3755,
0.0000 6.9720 -0.3245,
0.0000 6.9953 -1.3597,
0.0000 6.9953 -0.3403,
0.0000 7.0266 -1.3354,
0.0000 7.0266 -0.3646,
0.0000 7.0563 -1.3092,
0.0000 7.0563 -0.3908,
0.0000 7.0842 -1.2813,
0.0000 7.0842 -0.4187,
0.0000 7.1104 -1.2516,
0.0000 7.1104 -0.4484,
0.0000 7.1347 -1.2203,
0.0000 7.1347 -0.4797,
0.0000 7.1569 -1.1876,
0.0000 7.1569 -0.5124,
0.0000 7.1771 -1.1535,
0.0000 7.1771 -0.5465,
0.0000 7.1950 -1.1182,
0.0000 7.1950 -0.5818,
0.0000 7.2108 -1.0819,
0.0000 7.2108 -0.6181,
0.0000 7.2242 -1.0447,
0.0000 7.2242 -0.6553,
0.0000 7.2352 -1.0067,
0.0000 7.2352 -0.6933,
0.0000 7.2438 -0.9680,
0.0000 7.2438 -0.7320,
0.0000 7.2500 -0.9289,
0.0000 7.2500 -0.7711,
0.0000 7.2538 -0.8896,
0.0000 7.2538 -0.8104,
0.0000 7.2550 -0.8500,
0.0148 6.9720 -1.3752,
0.0148 6.9720 -0.3248,
0.0218 6.9720 -1.3750,
0.0218 6.9720 -0.3250,
0.0233 6.9946 -1.3597,
0.0233 6.9946 -0.3403,
0.0252 7.0258 -1.3354,
0.0252 7.0258 -0.3646,
0.0271 7.0554 -1.3092,
0.0271 7.0554 -0.3908,
0.0288 7.0833 -1.2813,
0.0288 7.0833 -0.4187,
0.0296 6.9720 -1.3745,
0.0296 6.9720 -0.3255,
0.0305 7.1095 -1.2516,
0.0305 7.1095 -0.4484,
0.0320 7.1337 -1.2203,
0.0320 7.1337 -0.4797,
0.0334 7.1559 -1.1876,
0.0334 7.1559 -0.5124,
0.0347 7.1760 -1.1535,
0.0347 7.1760 -0.5465,
0.0358 7.1939 -1.1182,
0.0358 7.1939 -0.5818,
0.0368 7.2096 -1.0819,
0.0368 7.2096 -0.6181,
0.0376 7.2230 -1.0447,
0.0376 7.2230 -0.6553,
0.0383 7.2340 -1.0067,
0.0383 7.2340 -0.6933,
0.0389 7.2426 -0.9680,
0.0389 7.2426 -0.7320,
0.0392 7.2488 -0.9289,
0.0392 7.2488 -0.7711,
0.0395 7.2525 -0.8896,
0.0395 7.2525 -0.8104,
0.0396 7.2537 -0.8500,
0.0438 6.9720 -1.3736,
0.0438 6.9720 -0.3264,
0.0464 6.9924 -1.3597,
0.0464 6.9924 -0.3403,
0.0503 7.0234 -1.3354,
0.0503 7.0234 -0.3646,
0.0541 7.0529 -1.3092,
0.0541 7.0529 -0.3908,
0.0560 6.9720 -1.3723,
0.0560 6.9720 -0.3277,
0.0576 7.0806 -1.2813,
0.0576 7.0806 -0.4187,
0.0608 7.1066 -1.2516,
0.0608 7.1066 -0.4484,
0.0639 7.1307 -1.2203,
0.0639 7.1307 -0.4797,
0.0662 6.9720 -1.3712,
0.0662 6.9720 -0.3288,
0.0667 7.1527 -1.1876,
0.0667 7.1527 -0.5124,
0.0692 7.1727 -1.1535,
0.0692 7.1727 -0.5465,
0.0694 6.9887 -1.3597,
0.0694 6.9887 -0.3403,
0.0714 7.1905 -1.1182,
0.0714 7.1905 -0.5818,
0.0734 7.2061 -1.0819,
0.0734 7.2061 -0.6181,
0.0751 7.2194 -1.0447,
0.0751 7.2194 -0.6553,
0.0752 7.0195 -1.3354,
0.0752 7.0195 -0.3646,
0.0765 7.2304 -1.0067,
0.0765 7.2304 -0.6933,
0.0776 7.2390 -0.9680,
0.0776 7.2390 -0.7320,
0.0783 7.2451 -0.9289,
0.0783 7.2451 -0.7711,
0.0788 7.2488 -0.8896,
0.0788 7.2488 -0.8104,
0.0790 7.2500 -0.8500,
0.0797 6.9720 -1.3692,
0.0797 6.9720 -0.3308,
0.0808 7.0486 -1.3092,
0.0808 7.0486 -0.3908,
0.0861 7.0761 -1.2813,
0.0861 7.0761 -0.4187,
0.0891 6.9720 -1.3678,
0.0891 6.9720 -0.3322,
0.0910 7.1018 -1.2516,
0.0910 7.1018 -0.4484,
0.0921 6.9837 -1.3597,
0.0921 6.9837 -0.3403,
0.0955 7.1256 -1.2203,
0.0955 7.1256 -0.4797,
0.0959 6.9720 -1.3665,
0.0959 6.9720 -0.3334,
0.0997 7.1475 -1.1876,
0.0997 7.1475 -0.5124,
0.0999 7.0139 -1.3354,
0.0999 7.0139 -0.3646,
0.1034 7.1673 -1.1535,
0.1034 7.1673 -0.5465,
0.1068 7.1849 -1.1182,
0.1068 7.1849 -0.5818,
0.1073 7.0427 -1.3092,
0.1073 7.0427 -0.3908,
0.1098 7.2004 -1.0819,
0.1098 7.2004 -0.6181,
0.1123 7.2135 -1.0447,
0.1123 7.2135 -0.6553,
0.1128 6.9720 -1.3633,
0.1128 6.9720 -0.3367,
0.1142 7.0698 -1.2813,
0.1142 7.0698 -0.4187,
0.1143 7.2244 -1.0067,
0.1143 7.2244 -0.6933,
0.1144 6.9772 -1.3597,
0.1144 6.9772 -0.3403,
0.1160 7.2329 -0.9680,
0.1160 7.2329 -0.7320,
0.1171 7.2390 -0.9289,
0.1171 7.2390 -0.7711,
0.1178 7.2426 -0.8896,
0.1178 7.2426 -0.8104,
0.1180 7.2438 -0.8500,
0.1207 7.0952 -1.2516,
0.1207 7.0952 -0.4484,
0.1241 7.0069 -1.3354,
0.1241 7.0069 -0.3646,
0.1268 7.1187 -1.2203,
0.1268 7.1187 -0.4797,
0.1287 6.9720 -1.3597,
0.1287 6.9720 -0.3403,
0.1323 7.1402 -1.1876,
0.1323 7.1402 -0.5124,
0.1333 7.0352 -1.3092,
0.1333 7.0352 -0.3908,
0.1354 6.9720 -1.3579,
0.1354 6.9720 -0.3421,
0.1373 7.1597 -1.1535,
0.1373 7.1597 -0.5465,
0.1374 6.9720 -1.3574,
0.1374 6.9720 -0.3426,
0.1413 6.9720 -1.3562,
0.1413 6.9720 -0.3438,
0.1418 7.1771 -1.1182,
0.1418 7.1771 -0.5818,
0.1419 7.0618 -1.2813,
0.1419 7.0618 -0.4187,
0.1457 7.1924 -1.0819,
0.1457 7.1924 -0.6181,
0.1478 6.9984 -1.3354,
0.1478 6.9984 -0.3646,
0.1490 7.2053 -1.0447,
0.1490 7.2053 -0.6553,
0.1500 7.0867 -1.2516,
0.1500 7.0867 -0.4484,
0.1517 7.2160 -1.0067,
0.1517 7.2160 -0.6933,
0.1539 7.2244 -0.9680,
0.1539 7.2244 -0.7320,
0.1554 7.2304 -0.9289,
0.1554 7.2304 -0.7711,
0.1564 7.2340 -0.8896,
0.1564 7.2340 -0.8104,
0.1567 7.2352 -0.8500,
0.1575 7.1097 -1.2203,
0.1575 7.1097 -0.4797,
0.1588 7.0260 -1.3092,
0.1588 7.0260 -0.3908,
0.1633 6.9720 -1.3494,
0.1633 6.9720 -0.3506,
0.1644 7.1309 -1.1876,
0.1644 7.1309 -0.5124,
0.1691 7.0520 -1.2813,
0.1691 7.0520 -0.4187,
0.1706 7.1500 -1.1535,
0.1706 7.1500 -0.5465,
0.1710 6.9883 -1.3354,
0.1710 6.9883 -0.3646,
0.1741 6.9720 -1.3456,
0.1741 6.9720 -0.3544,
0.1762 7.1671 -1.1182,
0.1762 7.1671 -0.5818,
0.1787 7.0763 -1.2516,
0.1787 7.0763 -0.4484,
0.1810 7.1821 -1.0819,
0.1810 7.1821 -0.6181,
0.1836 7.0152 -1.3092,
0.1836 7.0152 -0.3908,
0.1851 7.1948 -1.0447,
0.1851 7.1948 -0.6553,
0.1876 7.0989 -1.2203,
0.1876 7.0989 -0.4797,
0.1886 7.2053 -1.0067,
0.1886 7.2053 -0.6933,
0.1908 6.9720 -1.3397,
0.1908 6.9720 -0.3603,
0.1912 7.2135 -0.9680,
0.1912 7.2135 -0.7320,
0.1931 7.2194 -0.9289,
0.1931 7.2194 -0.7711,
0.1935 6.9769 -1.3354,
0.1935 6.9769 -0.3646,
0.1941 6.9720 -1.3384,
0.1941 6.9720 -0.3616,
0.1943 7.2230 -0.8896,
0.1943 7.2230 -0.8104,
0.1947 7.2242 -0.8500,
0.1955 7.0405 -1.2813,
0.1955 7.0405 -0.4187,
0.1958 7.1196 -1.1876,
0.1958 7.1196 -0.5124,
0.2017 6.9720 -1.3354,
0.2017 6.9720 -0.3646,
0.2032 7.1383 -1.1535,
0.2032 7.1383 -0.5465,
0.2067 7.0642 -1.2516,
0.2067 7.0642 -0.4484,
0.2078 7.0029 -1.3092,
0.2078 7.0029 -0.3908,
0.2098 7.1550 -1.1182,
0.2098 7.1550 -0.5818,
0.2156 7.1696 -1.0819,
0.2156 7.1696 -0.6181,
0.2170 7.0862 -1.2203,
0.2170 7.0862 -0.4797,
0.2202 6.9720 -1.3271,
0.2202 6.9720 -0.3729,
0.2206 7.1821 -1.0447,
0.2206 7.1821 -0.6553,
0.2212 7.0274 -1.2813,
0.2212 7.0274 -0.4187,
0.2246 7.1923 -1.0067,
0.2246 7.1923 -0.6933,
0.2265 7.1063 -1.1876,
0.2265 7.1063 -0.5124,
0.2278 7.2004 -0.9680,
0.2278 7.2004 -0.7320,
0.2301 7.2061 -0.9289,
0.2301 7.2061 -0.7711,
0.2311 6.9891 -1.3092,
0.2311 6.9891 -0.3908,
0.2315 7.2096 -0.8896,
0.2315 7.2096 -0.8104,
0.2319 7.2107 -0.8500,
0.2332 6.9720 -1.3206,
0.2332 6.9720 -0.3794,
0.2338 7.0504 -1.2516,
0.2338 7.0504 -0.4484,
0.2351 7.1245 -1.1535,
0.2351 7.1245 -0.5465,
0.2427 7.1408 -1.1182,
0.2427 7.1408 -0.5818,
0.2455 7.0716 -1.2203,
0.2455 7.0716 -0.4797,
0.2461 7.0128 -1.2813,
0.2461 7.0128 -0.4187,
0.2494 7.1550 -1.0819,
0.2494 7.1550 -0.6181,
0.2521 6.9720 -1.3113,
0.2521 6.9720 -0.3887,
0.2535 6.9739 -1.3092,
0.2535 6.9739 -0.3908,
0.2551 7.1671 -1.0447,
0.2551 7.1671 -0.6553,
0.2559 6.9720 -1.3092,
0.2559 6.9720 -0.3908,
0.2563 7.0911 -1.1876,
0.2563 7.0911 -0.5124,
0.2598 7.1771 -1.0067,
0.2598 7.1771 -0.6933,
0.2601 7.0348 -1.2516,
0.2601 7.0348 -0.4484,
0.2635 7.1849 -0.9680,
0.2635 7.1849 -0.7320,
0.2660 7.1088 -1.1535,
0.2660 7.1088 -0.5465,
0.2661 7.1905 -0.9289,
0.2661 7.1905 -0.7711,
0.2677 7.1939 -0.8896,
0.2677 7.1939 -0.8104,
0.2682 7.1950 -0.8500,
0.2699 6.9965 -1.2813,
0.2699 6.9965 -0.4187,
0.2730 6.9720 -1.2987,
0.2730 6.9720 -0.4013,
0.2731 7.0553 -1.2203,
0.2731 7.0553 -0.4797,
0.2746 7.1245 -1.1182,
0.2746 7.1245 -0.5818,
0.2822 7.1383 -1.0819,
0.2822 7.1383 -0.6181,
0.2850 7.0741 -1.1876,
0.2850 7.0741 -0.5124,
0.2853 7.0177 -1.2516,
0.2853 7.0177 -0.4484,
0.2871 6.9720 -1.2901,
0.2871 6.9720 -0.4099,
0.2886 7.1500 -1.0447,
0.2886 7.1500 -0.6553,
0.2927 6.9789 -1.2813,
0.2927 6.9789 -0.4187,
0.2940 7.1597 -1.0067,
0.2940 7.1597 -0.6933,
0.2958 7.0911 -1.1535,
0.2958 7.0911 -0.5465,
0.2981 7.1673 -0.9680,
0.2981 7.1673 -0.7320,
0.2996 7.0373 -1.2203,
0.2996 7.0373 -0.4797,
0.3005 6.9720 -1.2813,
0.3005 6.9720 -0.4187,
0.3011 7.1727 -0.9289,
0.3011 7.1727 -0.7711,
0.3029 7.1760 -0.8896,
0.3029 7.1760 -0.8104,
0.3035 7.1771 -0.8500,
0.3054 7.1063 -1.1182,
0.3054 7.1063 -0.5818,
0.3094 6.9990 -1.2516,
0.3094 6.9990 -0.4484,
0.3127 7.0553 -1.1876,
0.3127 7.0553 -0.5124,
0.3128 6.9720 -1.2720,
0.3128 6.9720 -0.4280,
0.3139 7.1196 -1.0819,
0.3139 7.1196 -0.6181,
0.3210 7.1309 -1.0447,
0.3210 7.1309 -0.6553,
0.3245 7.0716 -1.1535,
0.3245 7.0716 -0.5465,
0.3249 7.0177 -1.2203,
0.3249 7.0177 -0.4797,
0.3259 6.9720 -1.2622,
0.3259 6.9720 -0.4378,
0.3270 7.1402 -1.0067,
0.3270 7.1402 -0.6933,
0.3316 7.1475 -0.9680,
0.3316 7.1475 -0.7320,
0.3323 6.9789 -1.2516,
0.3323 6.9789 -0.4484,
0.3349 7.1527 -0.9289,
0.3349 7.1527 -0.7711,
0.3351 7.0862 -1.1182,
0.3351 7.0862 -0.5818,
0.3369 7.1559 -0.8896,
0.3369 7.1559 -0.8104,
0.3376 7.1569 -0.8500,
0.3391 6.9720 -1.2516,
0.3391 6.9720 -0.4484,
0.3391 7.0349 -1.1876,
0.3391 7.0349 -0.5124,
0.3443 7.0989 -1.0819,
0.3443 7.0989 -0.6181,
0.3489 6.9965 -1.2203,
0.3489 6.9965 -0.4797,
0.3519 7.0504 -1.1535,
0.3519 7.0504 -0.5465,
0.3522 7.1097 -1.0447,
0.3522 7.1097 -0.6553,
0.3587 7.1187 -1.0067,
0.3587 7.1187 -0.6933,
0.3634 7.0642 -1.1182,
0.3634 7.0642 -0.5818,
0.3637 7.1256 -0.9680,
0.3637 7.1256 -0.7320,
0.3641 7.0128 -1.1876,
0.3641 7.0128 -0.5124,
0.3674 7.1307 -0.9289,
0.3674 7.1307 -0.7711,
0.3696 6.9720 -1.2238,
0.3696 6.9720 -0.4762,
0.3696 7.1337 -0.8896,
0.3696 7.1337 -0.8104,
0.3703 7.1347 -0.8500,
0.3715 6.9739 -1.2203,
0.3715 6.9739 -0.4797,
0.3717 6.9720 -1.2218,
0.3717 6.9720 -0.4782,
0.3732 6.9720 -1.2203,
0.3732 6.9720 -0.4797,
0.3734 7.0763 -1.0819,
0.3734 7.0763 -0.6181,
0.3779 7.0274 -1.1535,
0.3779 7.0274 -0.5465,
0.3788 6.9720 -1.2141,
0.3788 6.9720 -0.4859,
0.3819 7.0867 -1.0447,
0.3819 7.0867 -0.6553,
0.3878 6.9891 -1.1876,
0.3878 6.9891 -0.5124,
0.3890 7.0952 -1.0067,
0.3890 7.0952 -0.6933,
0.3902 7.0405 -1.1182,
0.3902 7.0405 -0.5818,
0.3945 7.1018 -0.9680,
0.3945 7.1018 -0.7320,
0.3984 7.1066 -0.9289,
0.3984 7.1066 -0.7711,
0.4008 7.1095 -0.8896,
0.4008 7.1095 -0.8104,
0.4010 7.0520 -1.0819,
0.4010 7.0520 -0.6181,
0.4016 7.1104 -0.8500,
0.4024 7.0029 -1.1535,
0.4024 7.0029 -0.5465,
0.4028 6.9720 -1.1876,
0.4028 6.9720 -0.5124,
0.4044 1.6456 -0.4000,
0.4044 1.6456 -0.2125,
0.4044 2.4492 -0.4000,
0.4044 2.4492 -0.2125,
0.4101 7.0618 -1.0447,
0.4101 7.0618 -0.6553,
0.4155 7.0152 -1.1182,
0.4155 7.0152 -0.5818,
0.4177 7.0698 -1.0067,
0.4177 7.0698 -0.6933,
0.4195 6.9720 -1.1664,
0.4195 6.9720 -0.5336,
0.4236 7.0761 -0.9680,
0.4236 7.0761 -0.7320,
0.4254 6.9769 -1.1535,
0.4254 6.9769 -0.5465,
0.4260 6.9720 -1.1577,
0.4260 6.9720 -0.5423,
0.4270 7.0260 -1.0819,
0.4270 7.0260 -0.6181,
0.4279 7.0806 -0.9289,
0.4279 7.0806 -0.7711,
0.4291 6.9720 -1.1535,
0.4291 6.9720 -0.5465,
0.4304 7.0833 -0.8896,
0.4304 7.0833 -0.8104,
0.4313 7.0842 -0.8500,
0.4368 7.0351 -1.0447,
0.4368 7.0351 -0.6553,
0.4392 6.9884 -1.1182,
0.4392 6.9884 -0.5818,
0.4423 6.9720 -1.1330,
0.4423 6.9720 -0.5670,
0.4448 7.0427 -1.0067,
0.4448 7.0427 -0.6933,
0.4511 7.0486 -0.9680,
0.4511 7.0486 -0.7320,
0.4513 6.9984 -1.0819,
0.4513 6.9984 -0.6181,
0.4519 6.9720 -1.1182,
0.4519 6.9720 -0.5818,
0.4556 7.0529 -0.9289,
0.4556 7.0529 -0.7711,
0.4583 7.0554 -0.8896,
0.4583 7.0554 -0.8104,
0.4592 7.0563 -0.8500,
0.4617 7.0069 -1.0447,
0.4617 7.0069 -0.6553,
0.4689 6.9720 -1.0871,
0.4689 6.9720 -0.6129,
0.4702 7.0140 -1.0067,
0.4702 7.0140 -0.6933,
0.4718 6.9720 -1.0819,
0.4718 6.9720 -0.6181,
0.4730 6.9720 -1.0792,
0.4730 6.9720 -0.6208,
0.4768 7.0195 -0.9680,
0.4768 7.0195 -0.7320,
0.4777 6.9720 -1.0689,
0.4777 6.9720 -0.6310,
0.4816 7.0234 -0.9289,
0.4816 7.0234 -0.7711,
0.4845 7.0258 -0.8896,
0.4845 7.0258 -0.8104,
0.4847 6.9772 -1.0447,
0.4847 6.9772 -0.6553,
0.4854 7.0266 -0.8500,
0.4882 6.9720 -1.0447,
0.4882 6.9720 -0.6553,
0.4937 6.9837 -1.0067,
0.4937 6.9837 -0.6933,
0.4974 6.9720 -1.0184,
0.4974 6.9720 -0.6816,
0.5006 6.9887 -0.9680,
0.5006 6.9887 -0.7320,
0.5016 6.9720 -1.0067,
0.5016 6.9720 -0.6933,
0.5057 6.9924 -0.9289,
0.5057 6.9924 -0.7711,
0.5060 6.9720 -0.9901,
0.5060 6.9720 -0.7099,
0.5087 6.9946 -0.8896,
0.5087 6.9946 -0.8104,
0.5097 6.9953 -0.8500,
0.5120 6.9720 -0.9680,
0.5120 6.9720 -0.7320,
0.5152 6.9720 -0.9512,
0.5152 6.9720 -0.7488,
0.5195 6.9720 -0.9289,
0.5195 6.9720 -0.7711,
0.5225 6.9720 -0.9027,
0.5225 6.9720 -0.7973,
0.5240 6.9720 -0.8896,
0.5240 6.9720 -0.8104,
0.5244 6.9720 -0.8775,
0.5244 6.9720 -0.8225,
0.5255 6.9720 -0.8500,
0.6357 2.4812 -0.4000,
0.6357 2.4812 -0.2125,
0.6531 1.6813 -0.4000,
0.6531 1.6813 -0.2125,
0.8686 2.5004 -0.4000,
0.8686 2.5004 -0.2125,
0.8927 1.7028 -0.4000,
0.8927 1.7028 -0.2125,
1.1029 2.5068 -0.4000,
1.1029 2.5068 -0.2125,
1.1232 1.7100 -0.4000,
1.1232 1.7100 -0.2125,
1.3911 2.4857 -0.4000,
1.3911 2.4857 -0.2125,
1.4516 1.6655 -0.4000,
1.4516 1.6655 -0.2125,
1.6409 2.4223 -0.4000,
1.6409 2.4223 -0.2125,
1.7313 1.5321 -0.4000,
1.7313 1.5321 -0.2125,
1.8522 2.3168 -0.4000,
1.8522 2.3168 -0.2125,
1.9624 1.3099 -0.4000,
1.9624 1.3099 -0.2125,
2.0312 2.1602 -0.4000,
2.0312 2.1602 -0.2125,
2.1348 1.0149 -0.4000,
2.1348 1.0149 -0.2125,
2.1837 1.9432 -0.4000,
2.1837 1.9432 -0.2125,
2.2382 0.6634 -0.4000,
2.2382 0.6634 -0.2125,
2.2726 -1.2297 -0.4000,
2.2726 -1.2297 -0.2125,
2.2726 0.2554 -0.4000,
2.2726 0.2554 -0.2125,
2.3099 1.6659 -0.4000,
2.3099 1.6659 -0.2125,
2.3235 1.6659 -0.4000,
2.3235 1.6659 -0.2125,
2.3559 1.8995 -0.4000,
2.3559 1.8995 -0.2125,
2.4079 2.1572 -0.4000,
2.4079 2.1572 -0.2125,
2.4795 2.4389 -0.4000,
2.4795 2.4389 -0.2125,
3.2220 -1.2297 -0.4000,
3.2220 -1.2297 -0.2125,
3.2220 1.1472 -0.4000,
3.2220 1.1472 -0.2125,
3.2271 1.3291 -0.4000,
3.2271 1.3291 -0.2125,
3.2424 1.5314 -0.4000,
3.2424 1.5314 -0.2125,
3.2678 1.7541 -0.4000,
3.2678 1.7541 -0.2125,
3.3027 1.9854 -0.4000,
3.3027 1.9854 -0.2125,
3.3462 2.2137 -0.4000,
3.3462 2.2137 -0.2125,
3.3983 2.4389 -0.4000,
3.3983 2.4389 -0.2125,
5.7245 -6.9720 -0.8500,
5.7256 -6.9720 -0.8775,
5.7256 -6.9720 -0.8225,
5.7260 -6.9720 -0.8896,
5.7260 -6.9720 -0.8104,
5.7275 -6.9720 -0.9027,
5.7275 -6.9720 -0.7973,
5.7305 -6.9720 -0.9289,
5.7305 -6.9720 -0.7711,
5.7348 -6.9720 -0.9512,
5.7348 -6.9720 -0.7488,
5.7380 -6.9720 -0.9680,
5.7380 -6.9720 -0.7320,
5.7403 -6.9953 -0.8500,
5.7413 -6.9946 -0.8896,
5.7413 -6.9946 -0.8104,
5.7440 -6.9720 -0.9901,
5.7440 -6.9720 -0.7099,
5.7443 -6.9924 -0.9289,
5.7443 -6.9924 -0.7711,
5.7484 -6.9720 -1.0067,
5.7484 -6.9720 -0.6933,
5.7494 -6.9887 -0.9680,
5.7494 -6.9887 -0.7320,
5.7526 -6.9720 -1.0184,
5.7526 -6.9720 -0.6816,
5.7563 -6.9837 -1.0067,
5.7563 -6.9837 -0.6933,
5.7618 -6.9720 -1.0447,
5.7618 -6.9720 -0.6553,
5.7646 -7.0266 -0.8500,
5.7653 -6.9772 -1.0447,
5.7653 -6.9772 -0.6553,
5.7655 -7.0258 -0.8896,
5.7655 -7.0258 -0.8104,
5.7684 -7.0234 -0.9289,
5.7684 -7.0234 -0.7711,
5.7723 -6.9720 -1.0689,
5.7723 -6.9720 -0.6310,
5.7732 -7.0195 -0.9680,
5.7732 -7.0195 -0.7320,
5.7770 -6.9720 -1.0792,
5.7770 -6.9720 -0.6208,
5.7782 -6.9720 -1.0819,
5.7782 -6.9720 -0.6181,
5.7798 -7.0140 -1.0067,
5.7798 -7.0140 -0.6933,
5.7811 -6.9720 -1.0871,
5.7811 -6.9720 -0.6129,
5.7883 -7.0069 -1.0447,
5.7883 -7.0069 -0.6553,
5.7908 -7.0563 -0.8500,
5.7917 -7.0554 -0.8896,
5.7917 -7.0554 -0.8104,
5.7944 -7.0529 -0.9289,
5.7944 -7.0529 -0.7711,
5.7981 -6.9720 -1.1182,
5.7981 -6.9720 -0.5818,
5.7987 -6.9984 -1.0819,
5.7987 -6.9984 -0.6181,
5.7989 -7.0486 -0.9680,
5.7989 -7.0486 -0.7320,
5.8052 -7.0427 -1.0067,
5.8052 -7.0427 -0.6933,
5.8077 -6.9720 -1.1330,
5.8077 -6.9720 -0.5670,
5.8108 -6.9884 -1.1182,
5.8108 -6.9884 -0.5818,
5.8132 -7.0351 -1.0447,
5.8132 -7.0351 -0.6553,
5.8187 -7.0842 -0.8500,
5.8196 -7.0833 -0.8896,
5.8196 -7.0833 -0.8104,
5.8209 -6.9720 -1.1535,
5.8209 -6.9720 -0.5465,
5.8221 -7.0806 -0.9289,
5.8221 -7.0806 -0.7711,
5.8230 -7.0260 -1.0819,
5.8230 -7.0260 -0.6181,
5.8240 -6.9720 -1.1577,
5.8240 -6.9720 -0.5423,
5.8246 -6.9769 -1.1535,
5.8246 -6.9769 -0.5465,
5.8264 -7.0761 -0.9680,
5.8264 -7.0761 -0.7320,
5.8305 -6.9720 -1.1664,
5.8305 -6.9720 -0.5336,
5.8323 -7.0698 -1.0067,
5.8323 -7.0698 -0.6933,
5.8345 -7.0152 -1.1182,
5.8345 -7.0152 -0.5818,
5.8399 -7.0618 -1.0447,
5.8399 -7.0618 -0.6553,
5.8472 -6.9720 -1.1876,
5.8472 -6.9720 -0.5124,
5.8476 -7.0029 -1.1535,
5.8476 -7.0029 -0.5465,
5.8484 -7.1104 -0.8500,
5.8490 -7.0520 -1.0819,
5.8490 -7.0520 -0.6181,
5.8492 -7.1095 -0.8896,
5.8492 -7.1095 -0.8104,
5.8516 -7.1066 -0.9289,
5.8516 -7.1066 -0.7711,
5.8555 -7.1018 -0.9680,
5.8555 -7.1018 -0.7320,
5.8598 -7.0405 -1.1182,
5.8598 -7.0405 -0.5818,
5.8610 -7.0952 -1.0067,
5.8610 -7.0952 -0.6933,
5.8622 -6.9891 -1.1876,
5.8622 -6.9891 -0.5124,
5.8681 -7.0867 -1.0447,
5.8681 -7.0867 -0.6553,
5.8712 -6.9720 -1.2141,
5.8712 -6.9720 -0.4859,
5.8721 -7.0274 -1.1535,
5.8721 -7.0274 -0.5465,
5.8766 -7.0763 -1.0819,
5.8766 -7.0763 -0.6181,
5.8768 -6.9720 -1.2203,
5.8768 -6.9720 -0.4797,
5.8783 -6.9720 -1.2218,
5.8783 -6.9720 -0.4782,
5.8785 -6.9739 -1.2203,
5.8785 -6.9739 -0.4797,
5.8797 -7.1347 -0.8500,
5.8804 -7.1337 -0.8896,
5.8804 -7.1337 -0.8104,
5.8804 -6.9720 -1.2238,
5.8804 -6.9720 -0.4762,
5.8826 -7.1307 -0.9289,
5.8826 -7.1307 -0.7711,
5.8859 -7.0128 -1.1876,
5.8859 -7.0128 -0.5124,
5.8863 -7.1256 -0.9680,
5.8863 -7.1256 -0.7320,
5.8866 -7.0642 -1.1182,
5.8866 -7.0642 -0.5818,
5.8913 -7.1187 -1.0067,
5.8913 -7.1187 -0.6933,
5.8978 -7.1097 -1.0447,
5.8978 -7.1097 -0.6553,
5.8981 -7.0504 -1.1535,
5.8981 -7.0504 -0.5465,
5.9011 -6.9965 -1.2203,
5.9011 -6.9965 -0.4797,
5.9057 -7.0989 -1.0819,
5.9057 -7.0989 -0.6181,
5.9109 -7.0349 -1.1876,
5.9109 -7.0349 -0.5124,
5.9109 -6.9720 -1.2516,
5.9109 -6.9720 -0.4484,
5.9124 -7.1569 -0.8500,
5.9131 -7.1559 -0.8896,
5.9131 -7.1559 -0.8104,
5.9149 -7.0862 -1.1182,
5.9149 -7.0862 -0.5818,
5.9151 -7.1527 -0.9289,
5.9151 -7.1527 -0.7711,
5.9177 -6.9789 -1.2516,
5.9177 -6.9789 -0.4484,
5.9184 -7.1475 -0.9680,
5.9184 -7.1475 -0.7320,
5.9230 -7.1402 -1.0067,
5.9230 -7.1402 -0.6933,
5.9241 -6.9720 -1.2622,
5.9241 -6.9720 -0.4378,
5.9251 -7.0177 -1.2203,
5.9251 -7.0177 -0.4797,
5.9255 -7.0716 -1.1535,
5.9255 -7.0716 -0.5465,
5.9290 -7.1309 -1.0447,
5.9290 -7.1309 -0.6553,
5.9361 -7.1196 -1.0819,
5.9361 -7.1196 -0.6181,
5.9372 -6.9720 -1.2720,
5.9372 -6.9720 -0.4280,
5.9373 -7.0553 -1.1876,
5.9373 -7.0553 -0.5124,
5.9406 -6.9990 -1.2516,
5.9406 -6.9990 -0.4484,
5.9446 -7.1063 -1.1182,
5.9446 -7.1063 -0.5818,
5.9465 -7.1771 -0.8500,
5.9471 -7.1760 -0.8896,
5.9471 -7.1760 -0.8104,
5.9489 -7.1727 -0.9289,
5.9489 -7.1727 -0.7711,
5.9495 -6.9720 -1.2813,
5.9495 -6.9720 -0.4187,
5.9504 -7.0373 -1.2203,
5.9504 -7.0373 -0.4797,
5.9519 -7.1673 -0.9680,
5.9519 -7.1673 -0.7320,
5.9542 -7.0911 -1.1535,
5.9542 -7.0911 -0.5465,
5.9560 -7.1597 -1.0067,
5.9560 -7.1597 -0.6933,
5.9573 -6.9789 -1.2813,
5.9573 -6.9789 -0.4187,
5.9614 -7.1500 -1.0447,
5.9614 -7.1500 -0.6553,
5.9629 -6.9720 -1.2901,
5.9629 -6.9720 -0.4099,
5.9647 -7.0177 -1.2516,
5.9647 -7.0177 -0.4484,
5.9650 -7.0741 -1.1876,
5.9650 -7.0741 -0.5124,
5.9678 -7.1383 -1.0819,
5.9678 -7.1383 -0.6181,
5.9754 -7.1245 -1.1182,
5.9754 -7.1245 -0.5818,
5.9769 -7.0553 -1.2203,
5.9769 -7.0553 -0.4797,
5.9770 -6.9720 -1.2987,
5.9770 -6.9720 -0.4013,
5.9801 -6.9965 -1.2813,
5.9801 -6.9965 -0.4187,
5.9818 -7.1950 -0.8500,
5.9823 -7.1939 -0.8896,
5.9823 -7.1939 -0.8104,
5.9839 -7.1905 -0.9289,
5.9839 -7.1905 -0.7711,
5.9840 -7.1088 -1.1535,
5.9840 -7.1088 -0.5465,
5.9865 -7.1849 -0.9680,
5.9865 -7.1849 -0.7320,
5.9899 -7.0348 -1.2516,
5.9899 -7.0348 -0.4484,
5.9902 -7.1771 -1.0067,
5.9902 -7.1771 -0.6933,
5.9937 -7.0911 -1.1876,
5.9937 -7.0911 -0.5124,
5.9941 -6.9720 -1.3092,
5.9941 -6.9720 -0.3908,
5.9949 -7.1671 -1.0447,
5.9949 -7.1671 -0.6553,
5.9965 -6.9739 -1.3092,
5.9965 -6.9739 -0.3908,
5.9979 -6.9720 -1.3113,
5.9979 -6.9720 -0.3887,
6.0006 -7.1550 -1.0819,
6.0006 -7.1550 -0.6181,
6.0039 -7.0128 -1.2813,
6.0039 -7.0128 -0.4187,
6.0045 -7.0716 -1.2203,
6.0045 -7.0716 -0.4797,
6.0073 -7.1408 -1.1182,
6.0073 -7.1408 -0.5818,
6.0149 -7.1245 -1.1535,
6.0149 -7.1245 -0.5465,
6.0162 -7.0504 -1.2516,
6.0162 -7.0504 -0.4484,
6.0168 -6.9720 -1.3206,
6.0168 -6.9720 -0.3794,
6.0181 -7.2107 -0.8500,
6.0185 -7.2096 -0.8896,
6.0185 -7.2096 -0.8104,
6.0189 -6.9891 -1.3092,
6.0189 -6.9891 -0.3908,
6.0199 -7.2061 -0.9289,
6.0199 -7.2061 -0.7711,
6.0222 -7.2004 -0.9680,
6.0222 -7.2004 -0.7320,
6.0235 -7.1063 -1.1876,
6.0235 -7.1063 -0.5124,
6.0254 -7.1923 -1.0067,
6.0254 -7.1923 -0.6933,
6.0288 -7.0274 -1.2813,
6.0288 -7.0274 -0.4187,
6.0294 -7.1821 -1.0447,
6.0294 -7.1821 -0.6553,
6.0298 -6.9720 -1.3271,
6.0298 -6.9720 -0.3729,
6.0330 -7.0862 -1.2203,
6.0330 -7.0862 -0.4797,
6.0344 -7.1696 -1.0819,
6.0344 -7.1696 -0.6181,
6.0402 -7.1550 -1.1182,
6.0402 -7.1550 -0.5818,
6.0422 -7.0029 -1.3092,
6.0422 -7.0029 -0.3908,
6.0433 -7.0642 -1.2516,
6.0433 -7.0642 -0.4484,
6.0442 -5.9720 -1.6100,
6.0442 -5.9720 -0.2125,
6.0442 5.9720 -1.6100,
6.0442 5.9720 -0.2125,
6.0468 -7.1383 -1.1535,
6.0468 -7.1383 -0.5465,
6.0483 -6.9720 -1.3354,
6.0483 -6.9720 -0.3646,
6.0542 -7.1196 -1.1876,
6.0542 -7.1196 -0.5124,
6.0545 -7.0405 -1.2813,
6.0545 -7.0405 -0.4187,
6.0553 -7.2242 -0.8500,
6.0557 -7.2230 -0.8896,
6.0557 -7.2230 -0.8104,
6.0559 -6.9720 -1.3384,
6.0559 -6.9720 -0.3616,
6.0565 -6.9769 -1.3354,
6.0565 -6.9769 -0.3646,
6.0569 -7.2194 -0.9289,
6.0569 -7.2194 -0.7711,
6.0588 -7.2135 -0.9680,
6.0588 -7.2135 -0.7320,
6.0592 -6.9720 -1.3397,
6.0592 -6.9720 -0.3603,
6.0614 -7.2053 -1.0067,
6.0614 -7.2053 -0.6933,
6.0624 -7.0989 -1.2203,
6.0624 -7.0989 -0.4797,
6.0649 -7.1948 -1.0447,
6.0649 -7.1948 -0.6553,
6.0664 -7.0152 -1.3092,
6.0664 -7.0152 -0.3908,
6.0690 -7.1821 -1.0819,
6.0690 -7.1821 -0.6181,
6.0713 -7.0763 -1.2516,
6.0713 -7.0763 -0.4484,
6.0738 -7.1671 -1.1182,
6.0738 -7.1671 -0.5818,
6.0759 -6.9720 -1.3456,
6.0759 -6.9720 -0.3544,
6.0790 -6.9883 -1.3354,
6.0790 -6.9883 -0.3646,
6.0794 -7.1500 -1.1535,
6.0794 -7.1500 -0.5465,
6.0809 -7.0520 -1.2813,
6.0809 -7.0520 -0.4187,
6.0856 -7.1309 -1.1876,
6.0856 -7.1309 -0.5124,
6.0867 -6.9720 -1.3494,
6.0867 -6.9720 -0.3506,
6.0912 -7.0260 -1.3092,
6.0912 -7.0260 -0.3908,
6.0925 -7.1097 -1.2203,
6.0925 -7.1097 -0.4797,
6.0933 -7.2352 -0.8500,
6.0936 -7.2340 -0.8896,
6.0936 -7.2340 -0.8104,
6.0946 -7.2304 -0.9289,
6.0946 -7.2304 -0.7711,
6.0961 -7.2244 -0.9680,
6.0961 -7.2244 -0.7320,
6.0982 -7.2160 -1.0067,
6.0982 -7.2160 -0.6933,
6.1000 -7.0867 -1.2516,
6.1000 -7.0867 -0.4484,
6.1010 -7.2053 -1.0447,
6.1010 -7.2053 -0.6553,
6.1022 -6.9984 -1.3354,
6.1022 -6.9984 -0.3646,
6.1043 -7.1924 -1.0819,
6.1043 -7.1924 -0.6181,
6.1081 -7.0618 -1.2813,
6.1081 -7.0618 -0.4187,
6.1082 -7.1771 -1.1182,
6.1082 -7.1771 -0.5818,
6.1087 -6.9720 -1.3562,
6.1087 -6.9720 -0.3438,
6.1126 -6.9720 -1.3574,
6.1126 -6.9720 -0.3426,
6.1127 -7.1597 -1.1535,
6.1127 -7.1597 -0.5465,
6.1146 -6.9720 -1.3579,
6.1146 -6.9720 -0.3421,
6.1167 -7.0352 -1.3092,
6.1167 -7.0352 -0.3908,
6.1177 -7.1402 -1.1876,
6.1177 -7.1402 -0.5124,
6.1213 -6.9720 -1.3597,
6.1213 -6.9720 -0.3403,
6.1232 -7.1187 -1.2203,
6.1232 -7.1187 -0.4797,
6.1259 -7.0069 -1.3354,
6.1259 -7.0069 -0.3646,
6.1293 -7.0952 -1.2516,
6.1293 -7.0952 -0.4484,
6.1320 -7.2438 -0.8500,
6.1322 -7.2426 -0.8896,
6.1322 -7.2426 -0.8104,
6.1329 -7.2390 -0.9289,
6.1329 -7.2390 -0.7711,
6.1340 -7.2329 -0.9680,
6.1340 -7.2329 -0.7320,
6.1356 -6.9772 -1.3597,
6.1356 -6.9772 -0.3403,
6.1357 -7.2244 -1.0067,
6.1357 -7.2244 -0.6933,
6.1358 -7.0698 -1.2813,
6.1358 -7.0698 -0.4187,
6.1372 -6.9720 -1.3633,
6.1372 -6.9720 -0.3367,
6.1377 -7.2135 -1.0447,
6.1377 -7.2135 -0.6553,
6.1402 -7.2004 -1.0819,
6.1402 -7.2004 -0.6181,
6.1427 -7.0427 -1.3092,
6.1427 -7.0427 -0.3908,
6.1432 -7.1849 -1.1182,
6.1432 -7.1849 -0.5818,
6.1466 -7.1673 -1.1535,
6.1466 -7.1673 -0.5465,
6.1501 -7.0139 -1.3354,
6.1501 -7.0139 -0.3646,
6.1503 -7.1475 -1.1876,
6.1503 -7.1475 -0.5124,
6.1541 -6.9720 -1.3665,
6.1541 -6.9720 -0.3334,
6.1545 -7.1256 -1.2203,
6.1545 -7.1256 -0.4797,
6.1579 -6.9837 -1.3597,
6.1579 -6.9837 -0.3403,
6.1590 -7.1018 -1.2516,
6.1590 -7.1018 -0.4484,
6.1609 -6.9720 -1.3678,
6.1609 -6.9720 -0.3322,
6.1639 -7.0761 -1.2813,
6.1639 -7.0761 -0.4187,
6.1692 -7.0486 -1.3092,
6.1692 -7.0486 -0.3908,
6.1703 -6.9720 -1.3692,
6.1703 -6.9720 -0.3308,
6.1710 -7.2500 -0.8500,
6.1712 -7.2488 -0.8896,
6.1712 -7.2488 -0.8104,
6.1717 -7.2451 -0.9289,
6.1717 -7.2451 -0.7711,
6.1724 -7.2390 -0.9680,
6.1724 -7.2390 -0.7320,
6.1735 -7.2304 -1.0067,
6.1735 -7.2304 -0.6933,
6.1748 -7.0195 -1.3354,
6.1748 -7.0195 -0.3646,
6.1749 -7.2194 -1.0447,
6.1749 -7.2194 -0.6553,
6.1766 -7.2061 -1.0819,
6.1766 -7.2061 -0.6181,
6.1786 -7.1905 -1.1182,
6.1786 -7.1905 -0.5818,
6.1806 -6.9887 -1.3597,
6.1806 -6.9887 -0.3403,
6.1808 -7.1727 -1.1535,
6.1808 -7.1727 -0.5465,
6.1833 -7.1527 -1.1876,
6.1833 -7.1527 -0.5124,
6.1838 -6.9720 -1.3712,
6.1838 -6.9720 -0.3288,
6.1861 -7.1307 -1.2203,
6.1861 -7.1307 -0.4797,
6.1892 -7.1066 -1.2516,
6.1892 -7.1066 -0.4484,
6.1924 -7.0806 -1.2813,
6.1924 -7.0806 -0.4187,
6.1940 -6.9720 -1.3723,
6.1940 -6.9720 -0.3277,
6.1959 -7.0529 -1.3092,
6.1959 -7.0529 -0.3908,
6.1997 -7.0234 -1.3354,
6.1997 -7.0234 -0.3646,
6.2036 -6.9924 -1.3597,
6.2036 -6.9924 -0.3403,
6.2062 -6.9720 -1.3736,
6.2062 -6.9720 -0.3264,
6.2104 -7.2537 -0.8500,
6.2105 -7.2525 -0.8896,
6.2105 -7.2525 -0.8104,
6.2108 -7.2488 -0.9289,
6.2108 -7.2488 -0.7711,
6.2111 -7.2426 -0.9680,
6.2111 -7.2426 -0.7320,
6.2117 -7.2340 -1.0067,
6.2117 -7.2340 -0.6933,
6.2124 -7.2230 -1.0447,
6.2124 -7.2230 -0.6553,
6.2132 -7.2096 -1.0819,
6.2132 -7.2096 -0.6181,
6.2142 -7.1939 -1.1182,
6.2142 -7.1939 -0.5818,
6.2153 -7.1760 -1.1535,
6.2153 -7.1760 -0.5465,
6.2166 -7.1559 -1.1876,
6.2166 -7.1559 -0.5124,
6.2180 -7.1337 -1.2203,
6.2180 -7.1337 -0.4797,
6.2195 -7.1095 -1.2516,
6.2195 -7.1095 -0.4484,
6.2204 -6.9720 -1.3745,
6.2204 -6.9720 -0.3255,
6.2212 -7.0833 -1.2813,
6.2212 -7.0833 -0.4187,
6.2229 -7.0554 -1.3092,
6.2229 -7.0554 -0.3908,
6.2248 -7.0258 -1.3354,
6.2248 -7.0258 -0.3646,
6.2267 -6.9946 -1.3597,
6.2267 -6.9946 -0.3403,
6.2282 -6.9720 -1.3750,
6.2282 -6.9720 -0.3250,
6.2311 -5.9484 -1.6100,
6.2311 -5.9484 -0.2125,
6.2311 5.9484 -1.6100,
6.2311 5.9484 -0.2125,
6.2352 -6.9720 -1.3752,
6.2352 -6.9720 -0.3248,
6.2500 -7.2550 -0.8500,
6.2500 -7.2538 -0.8896,
6.2500 -7.2538 -0.8104,
6.2500 -7.2500 -0.9289,
6.2500 -7.2500 -0.7711,
6.2500 -7.2438 -0.9680,
6.2500 -7.2438 -0.7320,
6.2500 -7.2352 -1.0067,
6.2500 -7.2352 -0.6933,
6.2500 -7.2242 -1.0447,
6.2500 -7.2242 -0.6553,
6.2500 -7.2108 -1.0819,
6.2500 -7.2108 -0.6181,
6.2500 -7.1950 -1.1182,
6.2500 -7.1950 -0.5818,
6.2500 -7.1771 -1.1535,
6.2500 -7.1771 -0.5465,
6.2500 -7.1569 -1.1876,
6.2500 -7.1569 -0.5124,
6.2500 -7.1347 -1.2203,
6.2500 -7.1347 -0.4797,
6.2500 -7.1104 -1.2516,
6.2500 -7.1104 -0.4484,
6.2500 -7.0842 -1.2813,
6.2500 -7.0842 -0.4187,
6.2500 -7.0563 -1.3092,
6.2500 -7.0563 -0.3908,
6.2500 -7.0266 -1.3354,
6.2500 -7.0266 -0.3646,
6.2500 -6.9953 -1.3597,
6.2500 -6.9953 -0.3403,
6.2500 -6.9720 -1.3755,
6.2500 -6.9720 -0.3245,
6.2648 -6.9720 -1.3752,
6.2648 -6.9720 -0.3248,
6.2718 -6.9720 -1.3750,
6.2718 -6.9720 -0.3250,
6.2733 -6.9946 -1.3597,
6.2733 -6.9946 -0.3403,
6.2752 -7.0258 -1.3354,
6.2752 -7.0258 -0.3646,
6.2771 -7.0554 -1.3092,
6.2771 -7.0554 -0.3908,
6.2788 -7.0833 -1.2813,
6.2788 -7.0833 -0.4187,
6.2796 -6.9720 -1.3745,
6.2796 -6.9720 -0.3255,
6.2805 -7.1095 -1.2516,
6.2805 -7.1095 -0.4484,
6.2820 -7.1337 -1.2203,
6.2820 -7.1337 -0.4797,
6.2834 -7.1559 -1.1876,
6.2834 -7.1559 -0.5124,
6.2847 -7.1760 -1.1535,
6.2847 -7.1760 -0.5465,
6.2858 -7.1939 -1.1182,
6.2858 -7.1939 -0.5818,
6.2868 -7.2096 -1.0819,
6.2868 -7.2096 -0.6181,
6.2876 -7.2230 -1.0447,
6.2876 -7.2230 -0.6553,
6.2883 -7.2340 -1.0067,
6.2883 -7.2340 -0.6933,
6.2889 -7.2426 -0.9680,
6.2889 -7.2426 -0.7320,
6.2892 -7.2488 -0.9289,
6.2892 -7.2488 -0.7711,
6.2895 -7.2525 -0.8896,
6.2895 -7.2525 -0.8104,
6.2896 -7.2537 -0.8500,
6.2938 -6.9720 -1.3736,
6.2938 -6.9720 -0.3264,
6.2964 -6.9924 -1.3597,
6.2964 -6.9924 -0.3403,
6.3003 -7.0234 -1.3354,
6.3003 -7.0234 -0.3646,
6.3041 -7.0529 -1.3092,
6.3041 -7.0529 -0.3908,
6.3060 -6.9720 -1.3723,
6.3060 -6.9720 -0.3277,
6.3076 -7.0806 -1.2813,
6.3076 -7.0806 -0.4187,
6.3108 -7.1066 -1.2516,
6.3108 -7.1066 -0.4484,
6.3139 -7.1307 -1.2203,
6.3139 -7.1307 -0.4797,
6.3162 -6.9720 -1.3712,
6.3162 -6.9720 -0.3288,
6.3167 -7.1527 -1.1876,
6.3167 -7.1527 -0.5124,
6.3192 -7.1727 -1.1535,
6.3192 -7.1727 -0.5465,
6.3194 -6.9887 -1.3597,
6.3194 -6.9887 -0.3403,
6.3214 -7.1905 -1.1182,
6.3214 -7.1905 -0.5818,
6.3234 -7.2061 -1.0819,
6.3234 -7.2061 -0.6181,
6.3251 -7.2194 -1.0447,
6.3251 -7.2194 -0.6553,
6.3252 -7.0195 -1.3354,
6.3252 -7.0195 -0.3646,
6.3265 -7.2304 -1.0067,
6.3265 -7.2304 -0.6933,
6.3276 -7.2390 -0.9680,
6.3276 -7.2390 -0.7320,
6.3283 -7.2451 -0.9289,
6.3283 -7.2451 -0.7711,
6.3288 -7.2488 -0.8896,
6.3288 -7.2488 -0.8104,
6.3290 -7.2500 -0.8500,
6.3297 -6.9720 -1.3692,
6.3297 -6.9720 -0.3308,
6.3308 -7.0486 -1.3092,
6.3308 -7.0486 -0.3908,
6.3361 -7.0761 -1.2813,
6.3361 -7.0761 -0.4187,
6.3391 -6.9720 -1.3678,
6.3391 -6.9720 -0.3322,
6.3410 -7.1018 -1.2516,
6.3410 -7.1018 -0.4484,
6.3421 -6.9837 -1.3597,
6.3421 -6.9837 -0.3403,
6.3455 -7.1256 -1.2203,
6.3455 -7.1256 -0.4797,
6.3459 -6.9720 -1.3665,
6.3459 -6.9720 -0.3334,
6.3497 -7.1475 -1.1876,
6.3497 -7.1475 -0.5124,
6.3499 -7.0139 -1.3354,
6.3499 -7.0139 -0.3646,
6.3534 -7.1673 -1.1535,
6.3534 -7.1673 -0.5465,
6.3568 -7.1849 -1.1182,
6.3568 -7.1849 -0.5818,
6.3573 -7.0427 -1.3092,
6.3573 -7.0427 -0.3908,
6.3598 -7.2004 -1.0819,
6.3598 -7.2004 -0.6181,
6.3623 -7.2135 -1.0447,
6.3623 -7.2135 -0.6553,
6.3628 -6.9720 -1.3633,
6.3628 -6.9720 -0.3367,
6.3642 -7.0698 -1.2813,
6.3642 -7.0698 -0.4187,
6.3643 -7.2244 -1.0067,
6.3643 -7.2244 -0.6933,
6.3644 -6.9772 -1.3597,
6.3644 -6.9772 -0.3403,
6.3660 -7.2329 -0.9680,
6.3660 -7.2329 -0.7320,
6.3671 -7.2390 -0.9289,
6.3671 -7.2390 -0.7711,
6.3678 -7.2426 -0.8896,
6.3678 -7.2426 -0.8104,
6.3680 -7.2438 -0.8500,
6.3707 -7.0952 -1.2516,
6.3707 -7.0952 -0.4484,
6.3741 -7.0069 -1.3354,
6.3741 -7.0069 -0.3646,
6.3768 -7.1187 -1.2203,
6.3768 -7.1187 -0.4797,
6.3787 -6.9720 -1.3597,
6.3787 -6.9720 -0.3403,
6.3823 -7.1402 -1.1876,
6.3823 -7.1402 -0.5124,
6.3833 -7.0352 -1.3092,
6.3833 -7.0352 -0.3908,
6.3854 -6.9720 -1.3579,
6.3854 -6.9720 -0.3421,
6.3873 -7.1597 -1.1535,
6.3873 -7.1597 -0.5465,
6.3874 -6.9720 -1.3574,
6.3874 -6.9720 -0.3426,
6.3913 -6.9720 -1.3562,
6.3913 -6.9720 -0.3438,
6.3918 -7.1771 -1.1182,
6.3918 -7.1771 -0.5818,
6.3919 -7.0618 -1.2813,
6.3919 -7.0618 -0.4187,
6.3957 -7.1924 -1.0819,
6.3957 -7.1924 -0.6181,
6.3978 -6.9984 -1.3354,
6.3978 -6.9984 -0.3646,
6.3990 -7.2053 -1.0447,
6.3990 -7.2053 -0.6553,
6.4000 -7.0867 -1.2516,
6.4000 -7.0867 -0.4484,
6.4017 -7.2160 -1.0067,
6.4017 -7.2160 -0.6933,
6.4039 -7.2244 -0.9680,
6.4039 -7.2244 -0.7320,
6.4054 -7.2304 -0.9289,
6.4054 -7.2304 -0.7711,
6.4064 -7.2340 -0.8896,
6.4064 -7.2340 -0.8104,
6.4067 -7.2352 -0.8500,
6.4075 -7.1097 -1.2203,
6.4075 -7.1097 -0.4797,
6.4088 -7.0260 -1.3092,
6.4088 -7.0260 -0.3908,
6.4133 -6.9720 -1.3494,
6.4133 -6.9720 -0.3506,
6.4135 -5.9016 -1.6100,
6.4135 -5.9016 -0.2125,
6.4135 5.9016 -1.6100,
6.4135 5.9016 -0.2125,
6.4144 -7.1309 -1.1876,
6.4144 -7.1309 -0.5124,
6.4191 -7.0520 -1.2813,
6.4191 -7.0520 -0.4187,
6.4206 -7.1500 -1.1535,
6.4206 -7.1500 -0.5465,
6.4210 -6.9883 -1.3354,
6.4210 -6.9883 -0.3646,
6.4241 -6.9720 -1.3456,
6.4241 -6.9720 -0.3544,
6.4262 -7.1671 -1.1182,
6.4262 -7.1671 -0.5818,
6.4287 -7.0763 -1.2516,
6.4287 -7.0763 -0.4484,
6.4310 -7.1821 -1.0819,
6.4310 -7.1821 -0.6181,
6.4336 -7.0152 -1.3092,
6.4336 -7.0152 -0.3908,
6.4351 -7.1948 -1.0447,
6.4351 -7.1948 -0.6553,
6.4376 -7.0989 -1.2203,
6.4376 -7.0989 -0.4797,
6.4386 -7.2053 -1.0067,
6.4386 -7.2053 -0.6933,
6.4408 -6.9720 -1.3397,
6.4408 -6.9720 -0.3603,
6.4412 -7.2135 -0.9680,
6.4412 -7.2135 -0.7320,
6.4431 -7.2194 -0.9289,
6.4431 -7.2194 -0.7711,
6.4435 -6.9769 -1.3354,
6.4435 -6.9769 -0.3646,
6.4441 -6.9720 -1.3384,
6.4441 -6.9720 -0.3616,
6.4443 -7.2230 -0.8896,
6.4443 -7.2230 -0.8104,
6.4447 -7.2242 -0.8500,
6.4455 -7.0405 -1.2813,
6.4455 -7.0405 -0.4187,
6.4458 -7.1196 -1.1876,
6.4458 -7.1196 -0.5124,
6.4517 -6.9720 -1.3354,
6.4517 -6.9720 -0.3646,
6.4532 -7.1383 -1.1535,
6.4532 -7.1383 -0.5465,
6.4567 -7.0642 -1.2516,
6.4567 -7.0642 -0.4484,
6.4578 -7.0029 -1.3092,
6.4578 -7.0029 -0.3908,
6.4598 -7.1550 -1.1182,
6.4598 -7.1550 -0.5818,
6.4656 -7.1696 -1.0819,
6.4656 -7.1696 -0.6181,
6.4670 -7.0862 -1.2203,
6.4670 -7.0862 -0.4797,
6.4702 -6.9720 -1.3271,
6.4702 -6.9720 -0.3729,
6.4706 -7.1821 -1.0447,
6.4706 -7.1821 -0.6553,
6.4712 -7.0274 -1.2813,
6.4712 -7.0274 -0.4187,
6.4746 -7.1923 -1.0067,
6.4746 -7.1923 -0.6933,
6.4765 -7.1063 -1.1876,
6.4765 -7.1063 -0.5124,
6.4778 -7.2004 -0.9680,
6.4778 -7.2004 -0.7320,
6.4801 -7.2061 -0.9289,
6.4801 -7.2061 -0.7711,
6.4811 -6.9891 -1.3092,
6.4811 -6.9891 -0.3908,
6.4815 -7.2096 -0.8896,
6.4815 -7.2096 -0.8104,
6.4819 -7.2107 -0.8500,
6.4832 -6.9720 -1.3206,
6.4832 -6.9720 -0.3794,
6.4838 -7.0504 -1.2516,
6.4838 -7.0504 -0.4484,
6.4851 -7.1245 -1.1535,
6.4851 -7.1245 -0.5465,
6.4927 -7.1408 -1.1182,
6.4927 -7.1408 -0.5818,
6.4955 -7.0716 -1.2203,
6.4955 -7.0716 -0.4797,
6.4961 -7.0128 -1.2813,
6.4961 -7.0128 -0.4187,
6.4994 -7.1550 -1.0819,
6.4994 -7.1550 -0.6181,
6.5021 -6.9720 -1.3113,
6.5021 -6.9720 -0.3887,
6.5035 -6.9739 -1.3092,
6.5035 -6.9739 -0.3908,
6.5051 -7.1671 -1.0447,
6.5051 -7.1671 -0.6553,
6.5059 -6.9720 -1.3092,
6.5059 -6.9720 -0.3908,
6.5063 -7.0911 -1.1876,
6.5063 -7.0911 -0.5124,
6.5098 -7.1771 -1.0067,
6.5098 -7.1771 -0.6933,
6.5101 -7.0348 -1.2516,
6.5101 -7.0348 -0.4484,
6.5135 -7.1849 -0.9680,
6.5135 -7.1849 -0.7320,
6.5160 -7.1088 -1.1535,
6.5160 -7.1088 -0.5465,
6.5161 -7.1905 -0.9289,
6.5161 -7.1905 -0.7711,
6.5177 -7.1939 -0.8896,
6.5177 -7.1939 -0.8104,
6.5182 -7.1950 -0.8500,
6.5199 -6.9965 -1.2813,
6.5199 -6.9965 -0.4187,
6.5230 -6.9720 -1.2987,
6.5230 -6.9720 -0.4013,
6.5231 -7.0553 -1.2203,
6.5231 -7.0553 -0.4797,
6.5246 -7.1245 -1.1182,
6.5246 -7.1245 -0.5818,
6.5322 -7.1383 -1.0819,
6.5322 -7.1383 -0.6181,
6.5350 -7.0741 -1.1876,
6.5350 -7.0741 -0.5124,
6.5353 -7.0177 -1.2516,
6.5353 -7.0177 -0.4484,
6.5371 -6.9720 -1.2901,
6.5371 -6.9720 -0.4099,
6.5386 -7.1500 -1.0447,
6.5386 -7.1500 -0.6553,
6.5427 -6.9789 -1.2813,
6.5427 -6.9789 -0.4187,
6.5440 -7.1597 -1.0067,
6.5440 -7.1597 -0.6933,
6.5458 -7.0911 -1.1535,
6.5458 -7.0911 -0.5465,
6.5481 -7.1673 -0.9680,
6.5481 -7.1673 -0.7320,
6.5496 -7.0373 -1.2203,
6.5496 -7.0373 -0.4797,
6.5505 -6.9720 -1.2813,
6.5505 -6.9720 -0.4187,
6.5511 -7.1727 -0.9289,
6.5511 -7.1727 -0.7711,
6.5529 -7.1760 -0.8896,
6.5529 -7.1760 -0.8104,
6.5535 -7.1771 -0.8500,
6.5554 -7.1063 -1.1182,
6.5554 -7.1063 -0.5818,
6.5594 -6.9990 -1.2516,
6.5594 -6.9990 -0.4484,
6.5627 -7.0553 -1.1876,
6.5627 -7.0553 -0.5124,
6.5628 -6.9720 -1.2720,
6.5628 -6.9720 -0.4280,
6.5639 -7.1196 -1.0819,
6.5639 -7.1196 -0.6181,
6.5710 -7.1309 -1.0447,
6.5710 -7.1309 -0.6553,
6.5745 -7.0716 -1.1535,
6.5745 -7.0716 -0.5465,
6.5749 -7.0177 -1.2203,
6.5749 -7.0177 -0.4797,
6.5759 -6.9720 -1.2622,
6.5759 -6.9720 -0.4378,
6.5770 -7.1402 -1.0067,
6.5770 -7.1402 -0.6933,
6.5816 -7.1475 -0.9680,
6.5816 -7.1475 -0.7320,
6.5823 -6.9789 -1.2516,
6.5823 -6.9789 -0.4484,
6.5849 -7.1527 -0.9289,
6.5849 -7.1527 -0.7711,
6.5851 -7.0862 -1.1182,
6.5851 -7.0862 -0.5818,
6.5869 -7.1559 -0.8896,
6.5869 -7.1559 -0.8104,
6.5876 -7.1569 -0.8500,
6.5887 -5.8322 -1.6100,
6.5887 -5.8322 -0.2125,
6.5887 5.8322 -1.6100,
6.5887 5.8322 -0.2125,
6.5891 -7.0349 -1.1876,
6.5891 -7.0349 -0.5124,
6.5891 -6.9720 -1.2516,
6.5891 -6.9720 -0.4484,
6.5943 -7.0989 -1.0819,
6.5943 -7.0989 -0.6181,
6.5989 -6.9965 -1.2203,
6.5989 -6.9965 -0.4797,
6.6019 -7.0504 -1.1535,
6.6019 -7.0504 -0.5465,
6.6020 -6.9720 -1.2398,
6.6020 -6.9720 -0.4602,
6.6022 -7.1097 -1.0447,
6.6022 -7.1097 -0.6553,
6.6087 -7.1187 -1.0067,
6.6087 -7.1187 -0.6933,
6.6134 -7.0642 -1.1182,
6.6134 -7.0642 -0.5818,
6.6137 -7.1256 -0.9680,
6.6137 -7.1256 -0.7320,
6.6141 -7.0128 -1.1876,
6.6141 -7.0128 -0.5124,
6.6174 -7.1307 -0.9289,
6.6174 -7.1307 -0.7711,
6.6196 -7.1337 -0.8896,
6.6196 -7.1337 -0.8104,
6.6196 -6.9720 -1.2238,
6.6196 -6.9720 -0.4762,
6.6203 -7.1347 -0.8500,
6.6215 -6.9739 -1.2203,
6.6215 -6.9739 -0.4797,
6.6217 -6.9720 -1.2218,
6.6217 -6.9720 -0.4782,
6.6232 -6.9720 -1.2203,
6.6232 -6.9720 -0.4797,
6.6234 -7.0763 -1.0819,
6.6234 -7.0763 -0.6181,
6.6279 -7.0274 -1.1535,
6.6279 -7.0274 -0.5465,
6.6288 -6.9720 -1.2141,
6.6288 -6.9720 -0.4859,
6.6319 -7.0867 -1.0447,
6.6319 -7.0867 -0.6553,
6.6378 -6.9891 -1.1876,
6.6378 -6.9891 -0.5124,
6.6390 -7.0952 -1.0067,
6.6390 -7.0952 -0.6933,
6.6402 -7.0405 -1.1182,
6.6402 -7.0405 -0.5818,
6.6445 -7.1018 -0.9680,
6.6445 -7.1018 -0.7320,
6.6484 -7.1066 -0.9289,
6.6484 -7.1066 -0.7711,
6.6508 -7.1095 -0.8896,
6.6508 -7.1095 -0.8104,
6.6510 -7.0520 -1.0819,
6.6510 -7.0520 -0.6181,
6.6516 -7.1104 -0.8500,
6.6524 -7.0029 -1.1535,
6.6524 -7.0029 -0.5465,
6.6528 -6.9720 -1.1876,
6.6528 -6.9720 -0.5124,
6.6601 -7.0618 -1.0447,
6.6601 -7.0618 -0.6553,
6.6655 -7.0152 -1.1182,
6.6655 -7.0152 -0.5818,
6.6677 -7.0698 -1.0067,
6.6677 -7.0698 -0.6933,
6.6695 -6.9720 -1.1664,
6.6695 -6.9720 -0.5336,
6.6736 -7.0761 -0.9680,
6.6736 -7.0761 -0.7320,
6.6754 -6.9769 -1.1535,
6.6754 -6.9769 -0.5465,
6.6760 -6.9720 -1.1577,
6.6760 -6.9720 -0.5423,
6.6770 -7.0260 -1.0819,
6.6770 -7.0260 -0.6181,
6.6779 -7.0806 -0.9289,
6.6779 -7.0806 -0.7711,
6.6791 -6.9720 -1.1535,
6.6791 -6.9720 -0.5465,
6.6804 -7.0833 -0.8896,
6.6804 -7.0833 -0.8104,
6.6813 -7.0842 -0.8500,
6.6868 -7.0351 -1.0447,
6.6868 -7.0351 -0.6553,
6.6892 -6.9884 -1.1182,
6.6892 -6.9884 -0.5818,
6.6923 -6.9720 -1.1330,
6.6923 -6.9720 -0.5670,
6.6948 -7.0427 -1.0067,
6.6948 -7.0427 -0.6933,
6.7011 -7.0486 -0.9680,
6.7011 -7.0486 -0.7320,
6.7013 -6.9984 -1.0819,
6.7013 -6.9984 -0.6181,
6.7019 -6.9720 -1.1182,
6.7019 -6.9720 -0.5818,
6.7056 -7.0529 -0.9289,
6.7056 -7.0529 -0.7711,
6.7083 -7.0554 -0.8896,
6.7083 -7.0554 -0.8104,
6.7092 -7.0563 -0.8500,
6.7117 -7.0069 -1.0447,
6.7117 -7.0069 -0.6553,
6.7189 -6.9720 -1.0871,
6.7189 -6.9720 -0.6129,
6.7202 -7.0140 -1.0067,
6.7202 -7.0140 -0.6933,
6.7218 -6.9720 -1.0819,
6.7218 -6.9720 -0.6181,
6.7230 -6.9720 -1.0792,
6.7230 -6.9720 -0.6208,
6.7268 -7.0195 -0.9680,
6.7268 -7.0195 -0.7320,
6.7277 -6.9720 -1.0689,
6.7277 -6.9720 -0.6310,
6.7316 -7.0234 -0.9289,
6.7316 -7.0234 -0.7711,
6.7345 -7.0258 -0.8896,
6.7345 -7.0258 -0.8104,
6.7347 -6.9772 -1.0447,
6.7347 -6.9772 -0.6553,
6.7354 -7.0266 -0.8500,
6.7382 -6.9720 -1.0447,
6.7382 -6.9720 -0.6553,
6.7437 -6.9837 -1.0067,
6.7437 -6.9837 -0.6933,
6.7474 -6.9720 -1.0184,
6.7474 -6.9720 -0.6816,
6.7506 -6.9887 -0.9680,
6.7506 -6.9887 -0.7320,
6.7516 -6.9720 -1.0067,
6.7516 -6.9720 -0.6933,
6.7537 -5.7415 -1.6100,
6.7537 -5.7415 -0.2125,
6.7537 5.7415 -1.6100,
6.7537 5.7415 -0.2125,
6.7557 -6.9924 -0.9289,
6.7557 -6.9924 -0.7711,
6.7573 -6.9720 -0.9856,
6.7573 -6.9720 -0.7144,
6.7587 -6.9946 -0.8896,
6.7587 -6.9946 -0.8104,
6.7597 -6.9953 -0.8500,
6.7620 -6.9720 -0.9680,
6.7620 -6.9720 -0.7320,
6.7652 -6.9720 -0.9512,
6.7652 -6.9720 -0.7488,
6.7695 -6.9720 -0.9289,
6.7695 -6.9720 -0.7711,
6.7725 -6.9720 -0.9027,
6.7725 -6.9720 -0.7973,
6.7740 -6.9720 -0.8896,
6.7740 -6.9720 -0.8104,
6.7744 -6.9720 -0.8775,
6.7744 -6.9720 -0.8225,
6.7755 -6.9720 -0.8500,
6.9061 -5.6308 -1.6100,
6.9061 -5.6308 -0.2125,
6.9061 5.6308 -1.6100,
6.9061 5.6308 -0.2125,
7.0435 -5.5018 -1.6100,
7.0435 -5.5018 -0.2125,
7.0435 5.5018 -1.6100,
7.0435 5.5018 -0.2125,
7.0442 -6.9720 -1.6100,
7.0442 -6.9720 0.5875,
7.0442 6.9720 -1.6100,
7.0442 6.9720 0.5875,
7.1635 -5.3567 -1.6100,
7.1635 -5.3567 -0.2125,
7.1635 5.3567 -1.6100,
7.1635 5.3567 -0.2125,
7.2311 -6.9484 -1.6100,
7.2311 -6.9484 0.5875,
7.2311 6.9484 -1.6100,
7.2311 6.9484 0.5875,
7.2645 -5.1976 -1.6100,
7.2645 -5.1976 -0.2125,
7.2645 5.1976 -1.6100,
7.2645 5.1976 -0.2125,
7.3447 -5.0272 -1.6100,
7.3447 -5.0272 -0.2125,
7.3447 5.0272 -1.6100,
7.3447 5.0272 -0.2125,
7.4029 -4.8480 -1.6100,
7.4029 -4.8480 -0.2125,
7.4029 4.8480 -1.6100,
7.4029 4.8480 -0.2125,
7.4135 -6.9016 -1.6100,
7.4135 -6.9016 0.5875,
7.4135 6.9016 -1.6100,
7.4135 6.9016 0.5875,
7.4382 -4.6630 -1.6100,
7.4382 -4.6630 -0.2125,
7.4382 4.6630 -1.6100,
7.4382 4.6630 -0.2125,
7.4500 -4.4750 -1.6100,
7.4500 -4.4750 -0.2125,
7.4500 4.4750 -1.6100,
7.4500 4.4750 -0.2125,
7.5887 -6.8322 -1.6100,
7.5887 -6.8322 0.5875,
7.5887 6.8322 -1.6100,
7.5887 6.8322 0.5875,
7.7537 -6.7415 -1.6100,
7.7537 -6.7415 0.5875,
7.7537 6.7415 -1.6100,
7.7537 6.7415 0.5875,
7.9061 -6.6308 -1.6100,
7.9061 -6.6308 0.5875,
7.9061 6.6308 -1.6100,
7.9061 6.6308 0.5875,
8.0435 -6.5018 -1.6100,
8.0435 -6.5018 0.5875,
8.0435 6.5018 -1.6100,
8.0435 6.5018 0.5875,
8.0442 -7.9720 0.5875,
8.0442 -7.9720 1.5875,
8.0442 7.9720 0.5875,
8.0442 7.9720 1.5875,
8.1635 -6.3567 -1.6100,
8.1635 -6.3567 0.5875,
8.1635 6.3567 -1.6100,
8.1635 6.3567 0.5875,
8.2311 -7.9484 0.5875,
8.2311 -7.9484 1.5875,
8.2311 7.9484 0.5875,
8.2311 7.9484 1.5875,
8.2645 -6.1976 -1.6100,
8.2645 -6.1976 0.5875,
8.2645 6.1976 -1.6100,
8.2645 6.1976 0.5875,
8.3447 -6.0272 -1.6100,
8.3447 -6.0272 0.5875,
8.3447 6.0272 -1.6100,
8.3447 6.0272 0.5875,
8.4029 -5.8480 -1.6100,
8.4029 -5.8480 0.5875,
8.4029 5.8480 -1.6100,
8.4029 5.8480 0.5875,
8.4135 -7.9016 0.5875,
8.4135 -7.9016 1.5875,
8.4135 7.9016 0.5875,
8.4135 7.9016 1.5875,
8.4382 -5.6630 -1.6100,
8.4382 -5.6630 0.5875,
8.4382 5.6630 -1.6100,
8.4382 5.6630 0.5875,
8.4500 -5.4750 -1.6100,
8.4500 -5.4750 0.5875,
8.4500 -0.5235 -0.8500,
8.4500 -0.5226 -0.8740,
8.4500 -0.5226 -0.8260,
8.4500 -0.5220 -0.8896,
8.4500 -0.5220 -0.8104,
8.4500 -0.5200 -0.9065,
8.4500 -0.5200 -0.7935,
8.4500 -0.5175 -0.9289,
8.4500 -0.5175 -0.7711,
8.4500 -0.5138 -0.9479,
8.4500 -0.5138 -0.7521,
8.4500 -0.5100 -0.9680,
8.4500 -0.5100 -0.7320,
8.4500 -0.5029 -0.9943,
8.4500 -0.5029 -0.7057,
8.4500 -0.4996 -1.0067,
8.4500 -0.4996 -0.6933,
8.4500 -0.4965 -1.0154,
8.4500 -0.4965 -0.6846,
8.4500 -0.4862 -1.0447,
8.4500 -0.4862 -0.6553,
8.4500 -0.4817 -1.0549,
8.4500 -0.4817 -0.6451,
8.4500 -0.4720 -1.0763,
8.4500 -0.4720 -0.6237,
8.4500 -0.4695 -1.0819,
8.4500 -0.4695 -0.6181,
8.4500 -0.4573 -1.1041,
8.4500 -0.4573 -0.5959,
8.4500 -0.4496 -1.1182,
8.4500 -0.4496 -0.5818,
8.4500 -0.4294 -1.1495,
8.4500 -0.4294 -0.5505,
8.4500 -0.4268 -1.1535,
8.4500 -0.4268 -0.5465,
8.4500 -0.4231 -1.1585,
8.4500 -0.4231 -0.5415,
8.4500 -0.4078 -1.1780,
8.4500 -0.4078 -0.5220,
8.4500 -0.4002 -1.1876,
8.4500 -0.4002 -0.5124,
8.4500 -0.3727 -1.2179,
8.4500 -0.3727 -0.4821,
8.4500 -0.3713 -1.2194,
8.4500 -0.3713 -0.4806,
8.4500 -0.3704 -1.2203,
8.4500 -0.3704 -0.4797,
8.4500 -0.3628 -1.2273,
8.4500 -0.3628 -0.4727,
8.4500 -0.3361 -1.2516,
8.4500 -0.3361 -0.4484,
8.4500 -0.3287 -1.2576,
8.4500 -0.3287 -0.4424,
8.4500 -0.3124 -1.2697,
8.4500 -0.3124 -0.4303,
8.4500 -0.2971 -1.2813,
8.4500 -0.2971 -0.4187,
8.4500 -0.2895 -1.2863,
8.4500 -0.2895 -0.4137,
8.4500 -0.2727 -1.2966,
8.4500 -0.2727 -0.4034,
8.4500 -0.2543 -1.3079,
8.4500 -0.2543 -0.3921,
8.4500 -0.2519 -1.3092,
8.4500 -0.2519 -0.3908,
8.4500 -0.2329 -1.3187,
8.4500 -0.2329 -0.3813,
8.4500 -0.2221 -1.3240,
8.4500 -0.2221 -0.3760,
8.4500 -0.2131 -1.3280,
8.4500 -0.2131 -0.3720,
8.4500 -0.1967 -1.3354,
8.4500 -0.1967 -0.3646,
8.4500 -0.1937 -1.3366,
8.4500 -0.1937 -0.3634,
8.4500 -0.1924 -1.3371,
8.4500 -0.1924 -0.3629,
8.4500 -0.1894 -1.3381,
8.4500 -0.1894 -0.3619,
8.4500 -0.1647 -1.3469,
8.4500 -0.1647 -0.3531,
8.4500 -0.1538 -1.3502,
8.4500 -0.1538 -0.3498,
8.4500 -0.1386 -1.3549,
8.4500 -0.1386 -0.3451,
8.4500 -0.1205 -1.3597,
8.4500 -0.1205 -0.3403,
8.4500 -0.1137 -1.3612,
8.4500 -0.1137 -0.3388,
8.4500 -0.1118 -1.3616,
8.4500 -0.1118 -0.3384,
8.4500 -0.0899 -1.3658,
8.4500 -0.0899 -0.3342,
8.4500 -0.0748 -1.3680,
8.4500 -0.0748 -0.3320,
8.4500 -0.0668 -1.3692,
8.4500 -0.0668 -0.3308,
8.4500 -0.0565 -1.3703,
8.4500 -0.0565 -0.3297,
8.4500 -0.0442 -1.3716,
8.4500 -0.0442 -0.3284,
8.4500 -0.0340 -1.3722,
8.4500 -0.0340 -0.3278,
8.4500 -0.0220 -1.3730,
8.4500 -0.0220 -0.3270,
8.4500 -0.0129 -1.3732,
8.4500 -0.0129 -0.3268,
8.4500 0.0000 -1.3735,
8.4500 0.0000 -0.3265,
8.4500 0.0129 -1.3732,
8.4500 0.0129 -0.3268,
8.4500 0.0220 -1.3730,
8.4500 0.0220 -0.3270,
8.4500 0.0340 -1.3722,
8.4500 0.0340 -0.3278,
8.4500 0.0442 -1.3716,
8.4500 0.0442 -0.3284,
8.4500 0.0565 -1.3703,
8.4500 0.0565 -0.3297,
8.4500 0.0668 -1.3692,
8.4500 0.0668 -0.3308,
8.4500 0.0748 -1.3680,
8.4500 0.0748 -0.3320,
8.4500 0.0899 -1.3658,
8.4500 0.0899 -0.3342,
8.4500 0.1118 -1.3616,
8.4500 0.1118 -0.3384,
8.4500 0.1137 -1.3612,
8.4500 0.1137 -0.3388,
8.4500 0.1205 -1.3597,
8.4500 0.1205 -0.3403,
8.4500 0.1386 -1.3549,
8.4500 0.1386 -0.3451,
8.4500 0.1538 -1.3502,
8.4500 0.1538 -0.3498,
8.4500 0.1647 -1.3469,
8.4500 0.1647 -0.3531,
8.4500 0.1894 -1.3381,
8.4500 0.1894 -0.3619,
8.4500 0.1924 -1.3371,
8.4500 0.1924 -0.3629,
8.4500 0.1937 -1.3366,
8.4500 0.1937 -0.3634,
8.4500 0.1967 -1.3354,
8.4500 0.1967 -0.3646,
8.4500 0.2131 -1.3280,
8.4500 0.2131 -0.3720,
8.4500 0.2221 -1.3240,
8.4500 0.2221 -0.3760,
8.4500 0.2329 -1.3187,
8.4500 0.2329 -0.3813,
8.4500 0.2519 -1.3092,
8.4500 0.2519 -0.3908,
8.4500 0.2543 -1.3079,
8.4500 0.2543 -0.3921,
8.4500 0.2727 -1.2966,
8.4500 0.2727 -0.4034,
8.4500 0.2895 -1.2863,
8.4500 0.2895 -0.4137,
8.4500 0.2971 -1.2813,
8.4500 0.2971 -0.4187,
8.4500 0.3124 -1.2697,
8.4500 0.3124 -0.4303,
8.4500 0.3287 -1.2576,
8.4500 0.3287 -0.4424,
8.4500 0.3361 -1.2516,
8.4500 0.3361 -0.4484,
8.4500 0.3628 -1.2273,
8.4500 0.3628 -0.4727,
8.4500 0.3704 -1.2203,
8.4500 0.3704 -0.4797,
8.4500 0.3713 -1.2194,
8.4500 0.3713 -0.4806,
8.4500 0.3727 -1.2179,
8.4500 0.3727 -0.4821,
8.4500 0.4002 -1.1876,
8.4500 0.4002 -0.5124,
8.4500 0.4078 -1.1780,
8.4500 0.4078 -0.5220,
8.4500 0.4231 -1.1585,
8.4500 0.4231 -0.5415,
8.4500 0.4268 -1.1535,
8.4500 0.4268 -0.5465,
8.4500 0.4294 -1.1495,
8.4500 0.4294 -0.5505,
8.4500 0.4496 -1.1182,
8.4500 0.4496 -0.5818,
8.4500 0.4573 -1.1041,
8.4500 0.4573 -0.5959,
8.4500 0.4695 -1.0819,
8.4500 0.4695 -0.6181,
8.4500 0.4720 -1.0763,
8.4500 0.4720 -0.6237,
8.4500 0.4817 -1.0549,
8.4500 0.4817 -0.6451,
8.4500 0.4862 -1.0447,
8.4500 0.4862 -0.6553,
8.4500 0.4965 -1.0154,
8.4500 0.4965 -0.6846,
8.4500 0.4996 -1.0067,
8.4500 0.4996 -0.6933,
8.4500 0.5029 -0.9943,
8.4500 0.5029 -0.7057,
8.4500 0.5100 -0.9680,
8.4500 0.5100 -0.7320,
8.4500 0.5138 -0.9479,
8.4500 0.5138 -0.7521,
8.4500 0.5175 -0.9289,
8.4500 0.5175 -0.7711,
8.4500 0.5200 -0.9065,
8.4500 0.5200 -0.7935,
8.4500 0.5220 -0.8896,
8.4500 0.5220 -0.8104,
8.4500 0.5226 -0.8740,
8.4500 0.5226 -0.8260,
8.4500 0.5235 -0.8500,
8.4500 5.4750 -1.6100,
8.4500 5.4750 0.5875,
8.4519 -0.4254 -1.1535,
8.4519 -0.4254 -0.5465,
8.4519 -0.1935 -1.3354,
8.4519 -0.1935 -0.3646,
8.4519 0.1935 -1.3354,
8.4519 0.1935 -0.3646,
8.4519 0.4254 -1.1535,
8.4519 0.4254 -0.5465,
8.4522 -0.4847 -1.0447,
8.4522 -0.4847 -0.6553,
8.4522 -0.1144 -1.3597,
8.4522 -0.1144 -0.3403,
8.4522 0.1144 -1.3597,
8.4522 0.1144 -0.3403,
8.4522 0.4847 -1.0447,
8.4522 0.4847 -0.6553,
8.4538 -0.3323 -1.2516,
8.4538 -0.3323 -0.4484,
8.4538 0.3323 -1.2516,
8.4538 0.3323 -0.4484,
8.4539 -0.2927 -1.2813,
8.4539 -0.2927 -0.4187,
8.4539 0.2927 -1.2813,
8.4539 0.2927 -0.4187,
8.4587 -0.4937 -1.0067,
8.4587 -0.4937 -0.6933,
8.4587 -0.0921 -1.3597,
8.4587 -0.0921 -0.3403,
8.4587 0.0921 -1.3597,
8.4587 0.0921 -0.3403,
8.4587 0.4937 -1.0067,
8.4587 0.4937 -0.6933,
8.4633 -0.1710 -1.3354,
8.4633 -0.1710 -0.3646,
8.4633 0.1710 -1.3354,
8.4633 0.1710 -0.3646,
8.4634 -0.4392 -1.1182,
8.4634 -0.4392 -0.5818,
8.4634 0.4392 -1.1182,
8.4634 0.4392 -0.5818,
8.4637 -0.5006 -0.9680,
8.4637 -0.5006 -0.7320,
8.4637 -0.0694 -1.3597,
8.4637 -0.0694 -0.3403,
8.4637 0.0694 -1.3597,
8.4637 0.0694 -0.3403,
8.4637 0.5006 -0.9680,
8.4637 0.5006 -0.7320,
8.4641 -0.3878 -1.1876,
8.4641 -0.3878 -0.5124,
8.4641 -0.2311 -1.3092,
8.4641 -0.2311 -0.3908,
8.4641 0.2311 -1.3092,
8.4641 0.2311 -0.3908,
8.4641 0.3878 -1.1876,
8.4641 0.3878 -0.5124,
8.4674 -0.5057 -0.9289,
8.4674 -0.5057 -0.7711,
8.4674 -0.0464 -1.3597,
8.4674 -0.0464 -0.3403,
8.4674 0.0464 -1.3597,
8.4674 0.0464 -0.3403,
8.4674 0.5057 -0.9289,
8.4674 0.5057 -0.7711,
8.4696 -0.5087 -0.8896,
8.4696 -0.5087 -0.8104,
8.4696 -0.0233 -1.3597,
8.4696 -0.0233 -0.3403,
8.4696 0.0233 -1.3597,
8.4696 0.0233 -0.3403,
8.4696 0.5087 -0.8896,
8.4696 0.5087 -0.8104,
8.4703 -0.5097 -0.8500,
8.4703 0.0000 -1.3597,
8.4703 0.0000 -0.3403,
8.4703 0.5097 -0.8500,
8.4715 -0.3489 -1.2203,
8.4715 -0.3489 -0.4797,
8.4715 -0.2699 -1.2813,
8.4715 -0.2699 -0.4187,
8.4715 0.2699 -1.2813,
8.4715 0.2699 -0.4187,
8.4715 0.3489 -1.2203,
8.4715 0.3489 -0.4797,
8.4734 -0.4513 -1.0819,
8.4734 -0.4513 -0.6181,
8.4734 -0.1478 -1.3354,
8.4734 -0.1478 -0.3646,
8.4734 0.1478 -1.3354,
8.4734 0.1478 -0.3646,
8.4734 0.4513 -1.0819,
8.4734 0.4513 -0.6181,
8.4740 -0.3094 -1.2516,
8.4740 -0.3094 -0.4484,
8.4740 0.3094 -1.2516,
8.4740 0.3094 -0.4484,
8.4779 -0.4024 -1.1535,
8.4779 -0.4024 -0.5465,
8.4779 -0.2078 -1.3092,
8.4779 -0.2078 -0.3908,
8.4779 0.2078 -1.3092,
8.4779 0.2078 -0.3908,
8.4779 0.4024 -1.1535,
8.4779 0.4024 -0.5465,
8.4819 -0.4617 -1.0447,
8.4819 -0.4617 -0.6553,
8.4819 -0.1241 -1.3354,
8.4819 -0.1241 -0.3646,
8.4819 0.1241 -1.3354,
8.4819 0.1241 -0.3646,
8.4819 0.4617 -1.0447,
8.4819 0.4617 -0.6553,
8.4878 -0.3641 -1.1876,
8.4878 -0.3641 -0.5124,
8.4878 -0.2461 -1.2813,
8.4878 -0.2461 -0.4187,
8.4878 0.2461 -1.2813,
8.4878 0.2461 -0.4187,
8.4878 0.3641 -1.1876,
8.4878 0.3641 -0.5124,
8.4889 -0.0999 -1.3354,
8.4889 -0.0999 -0.3646,
8.4889 0.0999 -1.3354,
8.4889 0.0999 -0.3646,
8.4890 -0.4702 -1.0067,
8.4890 -0.4702 -0.6933,
8.4890 0.4702 -1.0067,
8.4890 0.4702 -0.6933,
8.4902 -0.4155 -1.1182,
8.4902 -0.4155 -0.5818,
8.4902 -0.1836 -1.3092,
8.4902 -0.1836 -0.3908,
8.4902 0.1836 -1.3092,
8.4902 0.1836 -0.3908,
8.4902 0.4155 -1.1182,
8.4902 0.4155 -0.5818,
8.4927 -0.3249 -1.2203,
8.4927 -0.3249 -0.4797,
8.4927 -0.2853 -1.2516,
8.4927 -0.2853 -0.4484,
8.4927 0.2853 -1.2516,
8.4927 0.2853 -0.4484,
8.4927 0.3249 -1.2203,
8.4927 0.3249 -0.4797,
8.4945 -0.4768 -0.9680,
8.4945 -0.4768 -0.7320,
8.4945 -0.0752 -1.3354,
8.4945 -0.0752 -0.3646,
8.4945 0.0752 -1.3354,
8.4945 0.0752 -0.3646,
8.4945 0.4768 -0.9680,
8.4945 0.4768 -0.7320,
8.4984 -0.4816 -0.9289,
8.4984 -0.4816 -0.7711,
8.4984 -0.0503 -1.3354,
8.4984 -0.0503 -0.3646,
8.4984 0.0503 -1.3354,
8.4984 0.0503 -0.3646,
8.4984 0.4816 -0.9289,
8.4984 0.4816 -0.7711,
8.5008 -0.4845 -0.8896,
8.5008 -0.4845 -0.8104,
8.5008 -0.0252 -1.3354,
8.5008 -0.0252 -0.3646,
8.5008 0.0252 -1.3354,
8.5008 0.0252 -0.3646,
8.5008 0.4845 -0.8896,
8.5008 0.4845 -0.8104,
8.5010 -0.4270 -1.0819,
8.5010 -0.4270 -0.6181,
8.5010 -0.1588 -1.3092,
8.5010 -0.1588 -0.3908,
8.5010 0.1588 -1.3092,
8.5010 0.1588 -0.3908,
8.5010 0.4270 -1.0819,
8.5010 0.4270 -0.6181,
8.5016 -0.4854 -0.8500,
8.5016 0.0000 -1.3354,
8.5016 0.0000 -0.3646,
8.5016 0.4854 -0.8500,
8.5024 -0.3779 -1.1535,
8.5024 -0.3779 -0.5465,
8.5024 -0.2212 -1.2813,
8.5024 -0.2212 -0.4187,
8.5024 0.2212 -1.2813,
8.5024 0.2212 -0.4187,
8.5024 0.3779 -1.1535,
8.5024 0.3779 -0.5465,
8.5098 -0.2601 -1.2516,
8.5098 -0.2601 -0.4484,
8.5098 0.2601 -1.2516,
8.5098 0.2601 -0.4484,
8.5099 -0.3391 -1.1876,
8.5099 -0.3391 -0.5124,
8.5099 0.3391 -1.1876,
8.5099 0.3391 -0.5124,
8.5101 -0.4368 -1.0447,
8.5101 -0.4368 -0.6553,
8.5101 0.4368 -1.0447,
8.5101 0.4368 -0.6553,
8.5102 -0.1333 -1.3092,
8.5102 -0.1333 -0.3908,
8.5102 0.1333 -1.3092,
8.5102 0.1333 -0.3908,
8.5123 -0.2996 -1.2203,
8.5123 -0.2996 -0.4797,
8.5123 0.2996 -1.2203,
8.5123 0.2996 -0.4797,
8.5155 -0.3902 -1.1182,
8.5155 -0.3902 -0.5818,
8.5155 -0.1955 -1.2813,
8.5155 -0.1955 -0.4187,
8.5155 0.1955 -1.2813,
8.5155 0.1955 -0.4187,
8.5155 0.3902 -1.1182,
8.5155 0.3902 -0.5818,
8.5177 -0.4448 -1.0067,
8.5177 -0.4448 -0.6933,
8.5177 -0.1072 -1.3092,
8.5177 -0.1072 -0.3908,
8.5177 0.1072 -1.3092,
8.5177 0.1072 -0.3908,
8.5177 0.4448 -1.0067,
8.5177 0.4448 -0.6933,
8.5236 -0.4511 -0.9680,
8.5236 -0.4511 -0.7320,
8.5236 -0.0808 -1.3092,
8.5236 -0.0808 -0.3908,
8.5236 0.0808 -1.3092,
8.5236 0.0808 -0.3908,
8.5236 0.4511 -0.9680,
8.5236 0.4511 -0.7320,
8.5254 -0.3519 -1.1535,
8.5254 -0.3519 -0.5465,
8.5254 -0.2338 -1.2516,
8.5254 -0.2338 -0.4484,
8.5254 0.2338 -1.2516,
8.5254 0.2338 -0.4484,
8.5254 0.3519 -1.1535,
8.5254 0.3519 -0.5465,
8.5270 -0.4010 -1.0819,
8.5270 -0.4010 -0.6181,
8.5270 -0.1691 -1.2813,
8.5270 -0.1691 -0.4187,
8.5270 0.1691 -1.2813,
8.5270 0.1691 -0.4187,
8.5270 0.4010 -1.0819,
8.5270 0.4010 -0.6181,
8.5279 -0.4556 -0.9289,
8.5279 -0.4556 -0.7711,
8.5279 -0.0541 -1.3092,
8.5279 -0.0541 -0.3908,
8.5279 0.0541 -1.3092,
8.5279 0.0541 -0.3908,
8.5279 0.4556 -0.9289,
8.5279 0.4556 -0.7711,
8.5303 -0.3127 -1.1876,
8.5303 -0.3127 -0.5124,
8.5303 -0.2731 -1.2203,
8.5303 -0.2731 -0.4797,
8.5303 0.2731 -1.2203,
8.5303 0.2731 -0.4797,
8.5303 0.3127 -1.1876,
8.5303 0.3127 -0.5124,
8.5304 -0.4583 -0.8896,
8.5304 -0.4583 -0.8104,
8.5304 -0.0271 -1.3092,
8.5304 -0.0271 -0.3908,
8.5304 0.0271 -1.3092,
8.5304 0.0271 -0.3908,
8.5304 0.4583 -0.8896,
8.5304 0.4583 -0.8104,
8.5313 -0.4592 -0.8500,
8.5313 0.0000 -1.3092,
8.5313 0.0000 -0.3908,
8.5313 0.4592 -0.8500,
8.5368 -0.4101 -1.0447,
8.5368 -0.4101 -0.6553,
8.5368 -0.1419 -1.2813,
8.5368 -0.1419 -0.4187,
8.5368 0.1419 -1.2813,
8.5368 0.1419 -0.4187,
8.5368 0.4101 -1.0447,
8.5368 0.4101 -0.6553,
8.5392 -0.3634 -1.1182,
8.5392 -0.3634 -0.5818,
8.5392 -0.2067 -1.2516,
8.5392 -0.2067 -0.4484,
8.5392 0.2067 -1.2516,
8.5392 0.2067 -0.4484,
8.5392 0.3634 -1.1182,
8.5392 0.3634 -0.5818,
8.5448 -0.4177 -1.0067,
8.5448 -0.4177 -0.6933,
8.5448 -0.1142 -1.2813,
8.5448 -0.1142 -0.4187,
8.5448 0.1142 -1.2813,
8.5448 0.1142 -0.4187,
8.5448 0.4177 -1.0067,
8.5448 0.4177 -0.6933,
8.5466 -0.3245 -1.1535,
8.5466 -0.3245 -0.5465,
8.5466 -0.2455 -1.2203,
8.5466 -0.2455 -0.4797,
8.5466 0.2455 -1.2203,
8.5466 0.2455 -0.4797,
8.5466 0.3245 -1.1535,
8.5466 0.3245 -0.5465,
8.5491 -0.2850 -1.1876,
8.5491 -0.2850 -0.5124,
8.5491 0.2850 -1.1876,
8.5491 0.2850 -0.5124,
8.5511 -0.4236 -0.9680,
8.5511 -0.4236 -0.7320,
8.5511 -0.0861 -1.2813,
8.5511 -0.0861 -0.4187,
8.5511 0.0861 -1.2813,
8.5511 0.0861 -0.4187,
8.5511 0.4236 -0.9680,
8.5511 0.4236 -0.7320,
8.5513 -0.3734 -1.0819,
8.5513 -0.3734 -0.6181,
8.5513 -0.1787 -1.2516,
8.5513 -0.1787 -0.4484,
8.5513 0.1787 -1.2516,
8.5513 0.1787 -0.4484,
8.5513 0.3734 -1.0819,
8.5513 0.3734 -0.6181,
8.5556 -0.4279 -0.9289,
8.5556 -0.4279 -0.7711,
8.5556 -0.0576 -1.2813,
8.5556 -0.0576 -0.4187,
8.5556 0.0576 -1.2813,
8.5556 0.0576 -0.4187,
8.5556 0.4279 -0.9289,
8.5556 0.4279 -0.7711,
8.5583 -0.4304 -0.8896,
8.5583 -0.4304 -0.8104,
8.5583 -0.0288 -1.2813,
8.5583 -0.0288 -0.4187,
8.5583 0.0288 -1.2813,
8.5583 0.0288 -0.4187,
8.5583 0.4304 -0.8896,
8.5583 0.4304 -0.8104,
8.5592 -0.4313 -0.8500,
8.5592 0.0000 -1.2813,
8.5592 0.0000 -0.4187,
8.5592 0.4313 -0.8500,
8.5612 -0.3351 -1.1182,
8.5612 -0.3351 -0.5818,
8.5612 -0.2170 -1.2203,
8.5612 -0.2170 -0.4797,
8.5612 0.2170 -1.2203,
8.5612 0.2170 -0.4797,
8.5612 0.3351 -1.1182,
8.5612 0.3351 -0.5818,
8.5617 -0.3819 -1.0447,
8.5617 -0.3819 -0.6553,
8.5617 -0.1500 -1.2516,
8.5617 -0.1500 -0.4484,
8.5617 0.1500 -1.2516,
8.5617 0.1500 -0.4484,
8.5617 0.3819 -1.0447,
8.5617 0.3819 -0.6553,
8.5661 -0.2958 -1.1535,
8.5661 -0.2958 -0.5465,
8.5661 -0.2563 -1.1876,
8.5661 -0.2563 -0.5124,
8.5661 0.2563 -1.1876,
8.5661 0.2563 -0.5124,
8.5661 0.2958 -1.1535,
8.5661 0.2958 -0.5465,
8.5702 -0.3890 -1.0067,
8.5702 -0.3890 -0.6933,
8.5702 -0.1207 -1.2516,
8.5702 -0.1207 -0.4484,
8.5702 0.1207 -1.2516,
8.5702 0.1207 -0.4484,
8.5702 0.3890 -1.0067,
8.5702 0.3890 -0.6933,
8.5739 -0.3443 -1.0819,
8.5739 -0.3443 -0.6181,
8.5739 -0.1876 -1.2203,
8.5739 -0.1876 -0.4797,
8.5739 0.1876 -1.2203,
8.5739 0.1876 -0.4797,
8.5739 0.3443 -1.0819,
8.5739 0.3443 -0.6181,
8.5768 -0.3945 -0.9680,
8.5768 -0.3945 -0.7320,
8.5768 -0.0910 -1.2516,
8.5768 -0.0910 -0.4484,
8.5768 0.0910 -1.2516,
8.5768 0.0910 -0.4484,
8.5768 0.3945 -0.9680,
8.5768 0.3945 -0.7320,
8.5813 -0.3054 -1.1182,
8.5813 -0.3054 -0.5818,
8.5813 -0.2265 -1.1876,
8.5813 -0.2265 -0.5124,
8.5813 0.2265 -1.1876,
8.5813 0.2265 -0.5124,
8.5813 0.3054 -1.1182,
8.5813 0.3054 -0.5818,
8.5816 -0.3984 -0.9289,
8.5816 -0.3984 -0.7711,
8.5816 -0.0608 -1.2516,
8.5816 -0.0608 -0.4484,
8.5816 0.0608 -1.2516,
8.5816 0.0608 -0.4484,
8.5816 0.3984 -0.9289,
8.5816 0.3984 -0.7711,
8.5838 -0.2660 -1.1535,
8.5838 -0.2660 -0.5465,
8.5838 0.2660 -1.1535,
8.5838 0.2660 -0.5465,
8.5845 -0.4008 -0.8896,
8.5845 -0.4008 -0.8104,
8.5845 -0.0305 -1.2516,
8.5845 -0.0305 -0.4484,
8.5845 0.0305 -1.2516,
8.5845 0.0305 -0.4484,
8.5845 0.4008 -0.8896,
8.5845 0.4008 -0.8104,
8.5847 -0.3522 -1.0447,
8.5847 -0.3522 -0.6553,
8.5847 -0.1575 -1.2203,
8.5847 -0.1575 -0.4797,
8.5847 0.1575 -1.2203,
8.5847 0.1575 -0.4797,
8.5847 0.3522 -1.0447,
8.5847 0.3522 -0.6553,
8.5854 -0.4016 -0.8500,
8.5854 0.0000 -1.2516,
8.5854 0.0000 -0.4484,
8.5854 0.4016 -0.8500,
8.5887 -7.8322 0.5875,
8.5887 -7.8322 1.5875,
8.5887 7.8322 0.5875,
8.5887 7.8322 1.5875,
8.5937 -0.3587 -1.0067,
8.5937 -0.3587 -0.6933,
8.5937 -0.1267 -1.2203,
8.5937 -0.1267 -0.4797,
8.5937 0.1267 -1.2203,
8.5937 0.1267 -0.4797,
8.5937 0.3587 -1.0067,
8.5937 0.3587 -0.6933,
8.5946 -0.3139 -1.0819,
8.5946 -0.3139 -0.6181,
8.5946 -0.1958 -1.1876,
8.5946 -0.1958 -0.5124,
8.5946 0.1958 -1.1876,
8.5946 0.1958 -0.5124,
8.5946 0.3139 -1.0819,
8.5946 0.3139 -0.6181,
8.5995 -0.2746 -1.1182,
8.5995 -0.2746 -0.5818,
8.5995 -0.2351 -1.1535,
8.5995 -0.2351 -0.5465,
8.5995 0.2351 -1.1535,
8.5995 0.2351 -0.5465,
8.5995 0.2746 -1.1182,
8.5995 0.2746 -0.5818,
8.6006 -0.3637 -0.9680,
8.6006 -0.3637 -0.7320,
8.6006 -0.0955 -1.2203,
8.6006 -0.0955 -0.4797,
8.6006 0.0955 -1.2203,
8.6006 0.0955 -0.4797,
8.6006 0.3637 -0.9680,
8.6006 0.3637 -0.7320,
8.6057 -0.3674 -0.9289,
8.6057 -0.3674 -0.7711,
8.6057 -0.0639 -1.2203,
8.6057 -0.0639 -0.4797,
8.6057 0.0639 -1.2203,
8.6057 0.0639 -0.4797,
8.6057 0.3674 -0.9289,
8.6057 0.3674 -0.7711,
8.6059 -0.3210 -1.0447,
8.6059 -0.3210 -0.6553,
8.6059 -0.1644 -1.1876,
8.6059 -0.1644 -0.5124,
8.6059 0.1644 -1.1876,
8.6059 0.1644 -0.5124,
8.6059 0.3210 -1.0447,
8.6059 0.3210 -0.6553,
8.6087 -0.3696 -0.8896,
8.6087 -0.3696 -0.8104,
8.6087 -0.0320 -1.2203,
8.6087 -0.0320 -0.4797,
8.6087 0.0320 -1.2203,
8.6087 0.0320 -0.4797,
8.6087 0.3696 -0.8896,
8.6087 0.3696 -0.8104,
8.6097 -0.3703 -0.8500,
8.6097 0.0000 -1.2203,
8.6097 0.0000 -0.4797,
8.6097 0.3703 -0.8500,
8.6133 -0.2822 -1.0819,
8.6133 -0.2822 -0.6181,
8.6133 -0.2032 -1.1535,
8.6133 -0.2032 -0.5465,
8.6133 0.2032 -1.1535,
8.6133 0.2032 -0.5465,
8.6133 0.2822 -1.0819,
8.6133 0.2822 -0.6181,
8.6152 -0.3270 -1.0067,
8.6152 -0.3270 -0.6933,
8.6152 -0.1323 -1.1876,
8.6152 -0.1323 -0.5124,
8.6152 0.1323 -1.1876,
8.6152 0.1323 -0.5124,
8.6152 0.3270 -1.0067,
8.6152 0.3270 -0.6933,
8.6158 -0.2427 -1.1182,
8.6158 -0.2427 -0.5818,
8.6158 0.2427 -1.1182,
8.6158 0.2427 -0.5818,
8.6225 -0.3316 -0.9680,
8.6225 -0.3316 -0.7320,
8.6225 -0.0997 -1.1876,
8.6225 -0.0997 -0.5124,
8.6225 0.0997 -1.1876,
8.6225 0.0997 -0.5124,
8.6225 0.3316 -0.9680,
8.6225 0.3316 -0.7320,
8.6250 -0.2886 -1.0447,
8.6250 -0.2886 -0.6553,
8.6250 -0.1706 -1.1535,
8.6250 -0.1706 -0.5465,
8.6250 0.1706 -1.1535,
8.6250 0.1706 -0.5465,
8.6250 0.2886 -1.0447,
8.6250 0.2886 -0.6553,
8.6277 -0.3349 -0.9289,
8.6277 -0.3349 -0.7711,
8.6277 -0.0667 -1.1876,
8.6277 -0.0667 -0.5124,
8.6277 0.0667 -1.1876,
8.6277 0.0667 -0.5124,
8.6277 0.3349 -0.9289,
8.6277 0.3349 -0.7711,
8.6300 -0.2494 -1.0819,
8.6300 -0.2494 -0.6181,
8.6300 -0.2098 -1.1182,
8.6300 -0.2098 -0.5818,
8.6300 0.2098 -1.1182,
8.6300 0.2098 -0.5818,
8.6300 0.2494 -1.0819,
8.6300 0.2494 -0.6181,
8.6309 -0.3369 -0.8896,
8.6309 -0.3369 -0.8104,
8.6309 -0.0334 -1.1876,
8.6309 -0.0334 -0.5124,
8.6309 0.0334 -1.1876,
8.6309 0.0334 -0.5124,
8.6309 0.3369 -0.8896,
8.6309 0.3369 -0.8104,
8.6319 -0.3376 -0.8500,
8.6319 0.0000 -1.1876,
8.6319 0.0000 -0.5124,
8.6319 0.3376 -0.8500,
8.6347 -0.2940 -1.0067,
8.6347 -0.2940 -0.6933,
8.6347 -0.1373 -1.1535,
8.6347 -0.1373 -0.5465,
8.6347 0.1373 -1.1535,
8.6347 0.1373 -0.5465,
8.6347 0.2940 -1.0067,
8.6347 0.2940 -0.6933,
8.6421 -0.2551 -1.0447,
8.6421 -0.2551 -0.6553,
8.6421 -0.1762 -1.1182,
8.6421 -0.1762 -0.5818,
8.6421 0.1762 -1.1182,
8.6421 0.1762 -0.5818,
8.6421 0.2551 -1.0447,
8.6421 0.2551 -0.6553,
8.6423 -0.2981 -0.9680,
8.6423 -0.2981 -0.7320,
8.6423 -0.1034 -1.1535,
8.6423 -0.1034 -0.5465,
8.6423 0.1034 -1.1535,
8.6423 0.1034 -0.5465,
8.6423 0.2981 -0.9680,
8.6423 0.2981 -0.7320,
8.6446 -0.2156 -1.0819,
8.6446 -0.2156 -0.6181,
8.6446 0.2156 -1.0819,
8.6446 0.2156 -0.6181,
8.6477 -0.3011 -0.9289,
8.6477 -0.3011 -0.7711,
8.6477 -0.0692 -1.1535,
8.6477 -0.0692 -0.5465,
8.6477 0.0692 -1.1535,
8.6477 0.0692 -0.5465,
8.6477 0.3011 -0.9289,
8.6477 0.3011 -0.7711,
8.6510 -0.3029 -0.8896,
8.6510 -0.3029 -0.8104,
8.6510 -0.0347 -1.1535,
8.6510 -0.0347 -0.5465,
8.6510 0.0347 -1.1535,
8.6510 0.0347 -0.5465,
8.6510 0.3029 -0.8896,
8.6510 0.3029 -0.8104,
8.6521 -0.3035 -0.8500,
8.6521 -0.2598 -1.0067,
8.6521 -0.2598 -0.6933,
8.6521 -0.1418 -1.1182,
8.6521 -0.1418 -0.5818,
8.6521 0.0000 -1.1535,
8.6521 0.0000 -0.5465,
8.6521 0.1418 -1.1182,
8.6521 0.1418 -0.5818,
8.6521 0.2598 -1.0067,
8.6521 0.2598 -0.6933,
8.6521 0.3035 -0.8500,
8.6571 -0.2206 -1.0447,
8.6571 -0.2206 -0.6553,
8.6571 -0.1810 -1.0819,
8.6571 -0.1810 -0.6181,
8.6571 0.1810 -1.0819,
8.6571 0.1810 -0.6181,
8.6571 0.2206 -1.0447,
8.6571 0.2206 -0.6553,
8.6599 -0.2635 -0.9680,
8.6599 -0.2635 -0.7320,
8.6599 -0.1068 -1.1182,
8.6599 -0.1068 -0.5818,
8.6599 0.1068 -1.1182,
8.6599 0.1068 -0.5818,
8.6599 0.2635 -0.9680,
8.6599 0.2635 -0.7320,
8.6655 -0.2661 -0.9289,
8.6655 -0.2661 -0.7711,
8.6655 -0.0714 -1.1182,
8.6655 -0.0714 -0.5818,
8.6655 0.0714 -1.1182,
8.6655 0.0714 -0.5818,
8.6655 0.2661 -0.9289,
8.6655 0.2661 -0.7711,
8.6673 -0.2246 -1.0067,
8.6673 -0.2246 -0.6933,
8.6673 0.2246 -1.0067,
8.6673 0.2246 -0.6933,
8.6674 -0.1457 -1.0819,
8.6674 -0.1457 -0.6181,
8.6674 0.1457 -1.0819,
8.6674 0.1457 -0.6181,
8.6689 -0.2677 -0.8896,
8.6689 -0.2677 -0.8104,
8.6689 -0.0358 -1.1182,
8.6689 -0.0358 -0.5818,
8.6689 0.0358 -1.1182,
8.6689 0.0358 -0.5818,
8.6689 0.2677 -0.8896,
8.6689 0.2677 -0.8104,
8.6698 -0.1851 -1.0447,
8.6698 -0.1851 -0.6553,
8.6698 0.1851 -1.0447,
8.6698 0.1851 -0.6553,
8.6700 -0.2682 -0.8500,
8.6700 0.0000 -1.1182,
8.6700 0.0000 -0.5818,
8.6700 0.2682 -0.8500,
8.6754 -0.2278 -0.9680,
8.6754 -0.2278 -0.7320,
8.6754 -0.1098 -1.0819,
8.6754 -0.1098 -0.6181,
8.6754 0.1098 -1.0819,
8.6754 0.1098 -0.6181,
8.6754 0.2278 -0.9680,
8.6754 0.2278 -0.7320,
8.6803 -0.1886 -1.0067,
8.6803 -0.1886 -0.6933,
8.6803 -0.1490 -1.0447,
8.6803 -0.1490 -0.6553,
8.6803 0.1490 -1.0447,
8.6803 0.1490 -0.6553,
8.6803 0.1886 -1.0067,
8.6803 0.1886 -0.6933,
8.6811 -0.2301 -0.9289,
8.6811 -0.2301 -0.7711,
8.6811 -0.0734 -1.0819,
8.6811 -0.0734 -0.6181,
8.6811 0.0734 -1.0819,
8.6811 0.0734 -0.6181,
8.6811 0.2301 -0.9289,
8.6811 0.2301 -0.7711,
8.6846 -0.2315 -0.8896,
8.6846 -0.2315 -0.8104,
8.6846 -0.0368 -1.0819,
8.6846 -0.0368 -0.6181,
8.6846 0.0368 -1.0819,
8.6846 0.0368 -0.6181,
8.6846 0.2315 -0.8896,
8.6846 0.2315 -0.8104,
8.6857 -0.2319 -0.8500,
8.6857 0.2319 -0.8500,
8.6858 0.0000 -1.0819,
8.6858 0.0000 -0.6181,
8.6885 -0.1912 -0.9680,
8.6885 -0.1912 -0.7320,
8.6885 -0.1123 -1.0447,
8.6885 -0.1123 -0.6553,
8.6885 0.1123 -1.0447,
8.6885 0.1123 -0.6553,
8.6885 0.1912 -0.9680,
8.6885 0.1912 -0.7320,
8.6910 -0.1517 -1.0067,
8.6910 -0.1517 -0.6933,
8.6910 0.1517 -1.0067,
8.6910 0.1517 -0.6933,
8.6944 -0.1931 -0.9289,
8.6944 -0.1931 -0.7711,
8.6944 -0.0751 -1.0447,
8.6944 -0.0751 -0.6553,
8.6944 0.0751 -1.0447,
8.6944 0.0751 -0.6553,
8.6944 0.1931 -0.9289,
8.6944 0.1931 -0.7711,
8.6980 -0.1943 -0.8896,
8.6980 -0.1943 -0.8104,
8.6980 -0.0376 -1.0447,
8.6980 -0.0376 -0.6553,
8.6980 0.0376 -1.0447,
8.6980 0.0376 -0.6553,
8.6980 0.1943 -0.8896,
8.6980 0.1943 -0.8104,
8.6992 -0.1947 -0.8500,
8.6992 0.0000 -1.0447,
8.6992 0.0000 -0.6553,
8.6992 0.1947 -0.8500,
8.6994 -0.1539 -0.9680,
8.6994 -0.1539 -0.7320,
8.6994 -0.1143 -1.0067,
8.6994 -0.1143 -0.6933,
8.6994 0.1143 -1.0067,
8.6994 0.1143 -0.6933,
8.6994 0.1539 -0.9680,
8.6994 0.1539 -0.7320,
8.7054 -0.1554 -0.9289,
8.7054 -0.1554 -0.7711,
8.7054 -0.0765 -1.0067,
8.7054 -0.0765 -0.6933,
8.7054 0.0765 -1.0067,
8.7054 0.0765 -0.6933,
8.7054 0.1554 -0.9289,
8.7054 0.1554 -0.7711,
8.7079 -0.1160 -0.9680,
8.7079 -0.1160 -0.7320,
8.7079 0.1160 -0.9680,
8.7079 0.1160 -0.7320,
8.7090 -0.1564 -0.8896,
8.7090 -0.1564 -0.8104,
8.7090 -0.0383 -1.0067,
8.7090 -0.0383 -0.6933,
8.7090 0.0383 -1.0067,
8.7090 0.0383 -0.6933,
8.7090 0.1564 -0.8896,
8.7090 0.1564 -0.8104,
8.7102 -0.1567 -0.8500,
8.7102 0.0000 -1.0067,
8.7102 0.0000 -0.6933,
8.7102 0.1567 -0.8500,
8.7140 -0.1171 -0.9289,
8.7140 -0.1171 -0.7711,
8.7140 -0.0776 -0.9680,
8.7140 -0.0776 -0.7320,
8.7140 0.0776 -0.9680,
8.7140 0.0776 -0.7320,
8.7140 0.1171 -0.9289,
8.7140 0.1171 -0.7711,
8.7176 -0.1178 -0.8896,
8.7176 -0.1178 -0.8104,
8.7176 -0.0389 -0.9680,
8.7176 -0.0389 -0.7320,
8.7176 0.0389 -0.9680,
8.7176 0.0389 -0.7320,
8.7176 0.1178 -0.8896,
8.7176 0.1178 -0.8104,
8.7188 -0.1180 -0.8500,
8.7188 0.0000 -0.9680,
8.7188 0.0000 -0.7320,
8.7188 0.1180 -0.8500,
8.7201 -0.0783 -0.9289,
8.7201 -0.0783 -0.7711,
8.7201 0.0783 -0.9289,
8.7201 0.0783 -0.7711,
8.7238 -0.0788 -0.8896,
8.7238 -0.0788 -0.8104,
8.7238 -0.0392 -0.9289,
8.7238 -0.0392 -0.7711,
8.7238 0.0392 -0.9289,
8.7238 0.0392 -0.7711,
8.7238 0.0788 -0.8896,
8.7238 0.0788 -0.8104,
8.7250 -0.0790 -0.8500,
8.7250 0.0000 -0.9289,
8.7250 0.0000 -0.7711,
8.7250 0.0790 -0.8500,
8.7275 -0.0395 -0.8896,
8.7275 -0.0395 -0.8104,
8.7275 0.0395 -0.8896,
8.7275 0.0395 -0.8104,
8.7287 -0.0396 -0.8500,
8.7287 0.0396 -0.8500,
8.7288 0.0000 -0.8896,
8.7288 0.0000 -0.8104,
8.7300 0.0000 -0.8500,
8.7537 -7.7415 0.5875,
8.7537 -7.7415 1.5875,
8.7537 7.7415 0.5875,
8.7537 7.7415 1.5875,
8.9061 -7.6308 0.5875,
8.9061 -7.6308 1.5875,
8.9061 7.6308 0.5875,
8.9061 7.6308 1.5875,
9.0435 -7.5018 0.5875,
9.0435 -7.5018 1.5875,
9.0435 7.5018 0.5875,
9.0435 7.5018 1.5875,
9.1635 -7.3567 0.5875,
9.1635 -7.3567 1.5875,
9.1635 7.3567 0.5875,
9.1635 7.3567 1.5875,
9.2645 -7.1976 0.5875,
9.2645 -7.1976 1.5875,
9.2645 7.1976 0.5875,
9.2645 7.1976 1.5875,
9.3447 -7.0272 0.5875,
9.3447 -7.0272 1.5875,
9.3447 7.0272 0.5875,
9.3447 7.0272 1.5875,
9.4029 -6.8480 0.5875,
9.4029 -6.8480 1.5875,
9.4029 6.8480 0.5875,
9.4029 6.8480 1.5875,
9.4382 -6.6630 0.5875,
9.4382 -6.6630 1.5875,
9.4382 6.6630 0.5875,
9.4382 6.6630 1.5875,
9.4500 -6.4750 0.5875,
9.4500 -6.4750 1.5875,
9.4500 6.4750 0.5875,
9.4500 6.4750 1.5875
]
}
coordIndex [
4960,4964,4965,-1,
4964,4962,4963,-1,
4964,4960,4962,-1,
4965,4958,4960,-1,
4965,4956,4958,-1,
4965,4954,4956,-1,
4965,4952,4954,-1,
4965,4950,4952,-1,
4965,4948,4950,-1,
4965,4946,4948,-1,
4965,4944,4946,-1,
4965,4942,4944,-1,
4965,4940,4942,-1,
4965,4938,4940,-1,
4965,4936,4938,-1,
4965,4934,4936,-1,
4965,4932,4934,-1,
4965,4930,4932,-1,
4965,4928,4930,-1,
4965,4926,4928,-1,
4965,4924,4926,-1,
4965,4922,4924,-1,
4965,4920,4922,-1,
4965,4918,4920,-1,
4965,4916,4918,-1,
4965,4914,4916,-1,
4965,4912,4914,-1,
4965,4910,4912,-1,
4965,4908,4910,-1,
4965,4906,4908,-1,
4965,4904,4906,-1,
4965,4902,4904,-1,
4965,4900,4902,-1,
4965,4898,4900,-1,
4965,4896,4898,-1,
4965,4894,4896,-1,
4965,4892,4894,-1,
4965,4890,4892,-1,
4965,4888,4890,-1,
4965,4886,4888,-1,
4965,4884,4886,-1,
4965,4882,4884,-1,
4965,4880,4882,-1,
4965,4878,4880,-1,
4965,4876,4878,-1,
4965,4874,4876,-1,
4965,4872,4874,-1,
4965,4870,4872,-1,
4965,4868,4870,-1,
4965,4866,4868,-1,
4965,4864,4866,-1,
4965,4862,4864,-1,
4965,4860,4862,-1,
4965,4858,4860,-1,
4965,4856,4858,-1,
4747,4856,4965,-1,
4856,4747,4854,-1,
4854,4747,4852,-1,
4852,4747,4850,-1,
4850,4747,4848,-1,
4848,4747,4846,-1,
4846,4747,4844,-1,
4844,4747,4842,-1,
4752,4746,4750,-1,
4746,4752,4747,-1,
4754,4747,4752,-1,
4756,4747,4754,-1,
4758,4747,4756,-1,
4760,4747,4758,-1,
4762,4747,4760,-1,
4764,4747,4762,-1,
4766,4747,4764,-1,
4768,4747,4766,-1,
4770,4747,4768,-1,
4772,4747,4770,-1,
4774,4747,4772,-1,
4776,4747,4774,-1,
4778,4747,4776,-1,
4780,4747,4778,-1,
4782,4747,4780,-1,
4784,4747,4782,-1,
4786,4747,4784,-1,
4788,4747,4786,-1,
4790,4747,4788,-1,
4792,4747,4790,-1,
4794,4747,4792,-1,
4796,4747,4794,-1,
4798,4747,4796,-1,
4800,4747,4798,-1,
4802,4747,4800,-1,
4804,4747,4802,-1,
4806,4747,4804,-1,
4808,4747,4806,-1,
4810,4747,4808,-1,
4812,4747,4810,-1,
4814,4747,4812,-1,
4816,4747,4814,-1,
4818,4747,4816,-1,
4820,4747,4818,-1,
4822,4747,4820,-1,
4824,4747,4822,-1,
4826,4747,4824,-1,
4828,4747,4826,-1,
4830,4747,4828,-1,
4832,4747,4830,-1,
4834,4747,4832,-1,
4836,4747,4834,-1,
4838,4747,4836,-1,
4840,4747,4838,-1,
4842,4747,4840,-1,
4961,4964,4963,-1,
4959,4964,4961,-1,
4957,4964,4959,-1,
4955,4964,4957,-1,
4953,4964,4955,-1,
4951,4964,4953,-1,
4949,4964,4951,-1,
4947,4964,4949,-1,
4945,4964,4947,-1,
4943,4964,4945,-1,
4941,4964,4943,-1,
4939,4964,4941,-1,
4937,4964,4939,-1,
4935,4964,4937,-1,
4933,4964,4935,-1,
4931,4964,4933,-1,
4929,4964,4931,-1,
4927,4964,4929,-1,
4925,4964,4927,-1,
4923,4964,4925,-1,
4921,4964,4923,-1,
4919,4964,4921,-1,
4917,4964,4919,-1,
4915,4964,4917,-1,
4913,4964,4915,-1,
4911,4964,4913,-1,
4909,4964,4911,-1,
4907,4964,4909,-1,
4905,4964,4907,-1,
4903,4964,4905,-1,
4901,4964,4903,-1,
4899,4964,4901,-1,
4897,4964,4899,-1,
4895,4964,4897,-1,
4893,4964,4895,-1,
4891,4964,4893,-1,
4889,4964,4891,-1,
4887,4964,4889,-1,
4885,4964,4887,-1,
4883,4964,4885,-1,
4881,4964,4883,-1,
4879,4964,4881,-1,
4877,4964,4879,-1,
4875,4964,4877,-1,
4873,4964,4875,-1,
4871,4964,4873,-1,
4869,4964,4871,-1,
4867,4964,4869,-1,
4865,4964,4867,-1,
4863,4964,4865,-1,
4861,4964,4863,-1,
4859,4964,4861,-1,
4857,4964,4859,-1,
4855,4964,4857,-1,
4746,4855,4853,-1,
4746,4853,4851,-1,
4750,4746,4748,-1,
4748,4746,4749,-1,
4749,4746,4751,-1,
4751,4746,4753,-1,
4753,4746,4755,-1,
4755,4746,4757,-1,
4757,4746,4759,-1,
4759,4746,4761,-1,
4761,4746,4763,-1,
4763,4746,4765,-1,
4765,4746,4767,-1,
4767,4746,4769,-1,
4769,4746,4771,-1,
4771,4746,4773,-1,
4773,4746,4775,-1,
4775,4746,4777,-1,
4777,4746,4779,-1,
4779,4746,4781,-1,
4781,4746,4783,-1,
4783,4746,4785,-1,
4785,4746,4787,-1,
4787,4746,4789,-1,
4789,4746,4791,-1,
4791,4746,4793,-1,
4793,4746,4795,-1,
4795,4746,4797,-1,
4797,4746,4799,-1,
4799,4746,4801,-1,
4801,4746,4803,-1,
4803,4746,4805,-1,
4805,4746,4807,-1,
4807,4746,4809,-1,
4809,4746,4811,-1,
4811,4746,4813,-1,
4813,4746,4815,-1,
4815,4746,4817,-1,
4817,4746,4819,-1,
4819,4746,4821,-1,
4855,4746,4964,-1,
4849,4746,4851,-1,
4847,4746,4849,-1,
4845,4746,4847,-1,
4843,4746,4845,-1,
4841,4746,4843,-1,
4839,4746,4841,-1,
4837,4746,4839,-1,
4835,4746,4837,-1,
4833,4746,4835,-1,
4831,4746,4833,-1,
4829,4746,4831,-1,
4827,4746,4829,-1,
4825,4746,4827,-1,
4823,4746,4825,-1,
4821,4746,4823,-1,
1105,1110,1106,-1,
1110,1105,1109,-1,
1107,1104,1108,-1,
1104,1107,1103,-1,
4965,4744,4745,-1,
4744,4965,4964,-1,
4737,4732,4733,-1,
4732,4737,4736,-1,
1127,1116,1128,-1,
1116,1127,1115,-1,
4672,4665,4673,-1,
4665,4672,4664,-1,
1125,1142,1126,-1,
1142,1125,1141,-1,
4719,4726,4727,-1,
4726,4719,4718,-1,
4711,4718,4719,-1,
4718,4711,4710,-1,
1069,850,849,-1,
850,1069,1070,-1,
4688,4673,4689,-1,
4673,4688,4672,-1,
1151,1144,1152,-1,
1144,1151,1143,-1,
4686,4699,4687,-1,
4699,4686,4698,-1,
1077,1070,1069,-1,
1070,1077,1078,-1,
4665,3001,1152,-1,
4665,3034,3001,-1,
4665,3036,3034,-1,
4665,3046,3036,-1,
4665,3071,3046,-1,
4665,3079,3071,-1,
4665,3087,3079,-1,
4665,3112,3087,-1,
4665,3118,3112,-1,
4665,3126,3118,-1,
4665,3142,3126,-1,
4665,3163,3142,-1,
4665,3169,3163,-1,
4665,3173,3169,-1,
4665,3175,3173,-1,
4665,3202,3175,-1,
4665,3212,3202,-1,
4665,3228,3212,-1,
4665,3236,3228,-1,
4665,3245,3236,-1,
4665,3259,3245,-1,
4665,3278,3259,-1,
4665,3292,3278,-1,
4665,3298,3292,-1,
4665,3317,3298,-1,
4665,3329,3317,-1,
4665,3343,3329,-1,
4665,3356,3343,-1,
4665,3366,3356,-1,
4665,3381,3366,-1,
4665,3403,3381,-1,
4665,3410,3403,-1,
4665,3412,3410,-1,
4665,3418,3412,-1,
4665,3439,3418,-1,
4665,3451,3439,-1,
4665,3457,3451,-1,
4665,3463,3457,-1,
4665,3472,3463,-1,
4665,3480,3472,-1,
4665,3489,3480,-1,
4665,3493,3489,-1,
4665,3495,3493,-1,
4665,3499,3495,-1,
4665,3508,3499,-1,
4665,3512,3508,-1,
4665,3516,3512,-1,
4665,3520,3516,-1,
4665,3525,3520,-1,
4665,3527,3525,-1,
4665,3529,3527,-1,
4665,3531,3529,-1,
4665,3533,3531,-1,
4664,3533,4665,-1,
3533,4664,3535,-1,
3535,4664,3536,-1,
3536,4664,3534,-1,
3534,4664,3532,-1,
3532,4664,3530,-1,
3530,4664,3528,-1,
3528,4664,3526,-1,
3526,4664,3524,-1,
3524,4664,3519,-1,
3519,4664,3515,-1,
3515,4664,3511,-1,
3511,4664,3507,-1,
3507,4664,3498,-1,
3498,4664,3494,-1,
3494,4664,3492,-1,
3492,4664,3488,-1,
3488,4664,3479,-1,
3479,4664,3471,-1,
3471,4664,3462,-1,
3462,4664,3456,-1,
3456,4664,3450,-1,
3450,4664,3438,-1,
3438,4664,3417,-1,
3417,4664,3411,-1,
3411,4664,3409,-1,
3409,4664,3402,-1,
3402,4664,3380,-1,
3380,4664,3365,-1,
3365,4664,3355,-1,
3355,4664,3342,-1,
3342,4664,3328,-1,
3328,4664,3316,-1,
3316,4664,3297,-1,
3297,4664,3291,-1,
3291,4664,3277,-1,
3277,4664,3258,-1,
3258,4664,3244,-1,
3244,4664,3235,-1,
3235,4664,3227,-1,
3227,4664,3211,-1,
3211,4664,3201,-1,
3201,4664,3174,-1,
3033,4664,3000,-1,
3035,4664,3033,-1,
3045,4664,3035,-1,
3070,4664,3045,-1,
3078,4664,3070,-1,
3086,4664,3078,-1,
3111,4664,3086,-1,
3117,4664,3111,-1,
3125,4664,3117,-1,
3141,4664,3125,-1,
3162,4664,3141,-1,
3168,4664,3162,-1,
3172,4664,3168,-1,
3174,4664,3172,-1,
2999,1152,3001,-1,
2997,1152,2999,-1,
2987,1152,2997,-1,
2962,1152,2987,-1,
2954,1152,2962,-1,
2946,1152,2954,-1,
2921,1152,2946,-1,
2915,1152,2921,-1,
2907,1152,2915,-1,
2891,1152,2907,-1,
2870,1152,2891,-1,
2864,1152,2870,-1,
2860,1152,2864,-1,
2858,1152,2860,-1,
2831,1152,2858,-1,
2821,1152,2831,-1,
2805,1152,2821,-1,
2797,1152,2805,-1,
2788,1152,2797,-1,
2774,1152,2788,-1,
2755,1152,2774,-1,
2741,1152,2755,-1,
2735,1152,2741,-1,
2716,1152,2735,-1,
2704,1152,2716,-1,
2690,1152,2704,-1,
2677,1152,2690,-1,
2665,1152,2677,-1,
2648,1152,2665,-1,
2626,1152,2648,-1,
2621,1152,2626,-1,
2619,1152,2621,-1,
2613,1152,2619,-1,
2590,1152,2613,-1,
2580,1152,2590,-1,
2574,1152,2580,-1,
2568,1152,2574,-1,
2559,1152,2568,-1,
2551,1152,2559,-1,
2542,1152,2551,-1,
2538,1152,2542,-1,
2536,1152,2538,-1,
2532,1152,2536,-1,
2521,1152,2532,-1,
2517,1152,2521,-1,
2513,1152,2517,-1,
2509,1152,2513,-1,
2504,1152,2509,-1,
2502,1152,2504,-1,
2500,1152,2502,-1,
2498,1152,2500,-1,
2496,1152,2498,-1,
1151,2496,2494,-1,
1151,2494,2492,-1,
1151,2492,2493,-1,
1151,2493,2495,-1,
1151,2495,2497,-1,
1151,2497,2499,-1,
1151,2499,2501,-1,
1151,2501,2503,-1,
1151,2503,2508,-1,
1151,2508,2512,-1,
1151,2512,2516,-1,
1151,2516,2520,-1,
1151,2520,2531,-1,
1151,2531,2535,-1,
1151,2535,2537,-1,
1151,2537,2541,-1,
1151,2541,2550,-1,
1151,2550,2558,-1,
1151,2558,2567,-1,
1151,2567,2573,-1,
1151,2573,2579,-1,
1151,2579,2589,-1,
1151,2589,2612,-1,
1151,2612,2618,-1,
1151,2618,2620,-1,
1151,2620,2625,-1,
1151,2625,2647,-1,
1151,2647,2664,-1,
1151,2664,2676,-1,
1151,2676,2689,-1,
1151,2689,2703,-1,
1151,2703,2715,-1,
1151,2715,2734,-1,
1151,2734,2740,-1,
1151,2740,2754,-1,
1151,2754,2773,-1,
1151,2773,2787,-1,
1151,2787,2796,-1,
1151,2796,2804,-1,
1151,2804,2820,-1,
1151,2820,2830,-1,
1151,2830,2857,-1,
1151,2857,2859,-1,
1151,3000,4664,-1,
3000,1151,2998,-1,
2496,1151,1152,-1,
2863,1151,2859,-1,
2869,1151,2863,-1,
2890,1151,2869,-1,
2906,1151,2890,-1,
2914,1151,2906,-1,
2920,1151,2914,-1,
2945,1151,2920,-1,
2953,1151,2945,-1,
2961,1151,2953,-1,
2986,1151,2961,-1,
2996,1151,2986,-1,
2998,1151,2996,-1,
4662,4671,4663,-1,
4671,4662,4670,-1,
1141,1150,1142,-1,
1150,1141,1149,-1,
4712,4709,4713,-1,
4709,4712,4708,-1,
1775,1150,1765,-1,
4663,4106,4139,-1,
1804,1150,1775,-1,
4663,4100,4106,-1,
1812,1150,1804,-1,
4663,4090,4100,-1,
1820,1150,1812,-1,
4663,4065,4090,-1,
1845,1150,1820,-1,
4663,4057,4065,-1,
1851,1150,1845,-1,
4663,4049,4057,-1,
1859,1150,1851,-1,
4663,4024,4049,-1,
1879,1150,1859,-1,
4663,4018,4024,-1,
1900,1150,1879,-1,
4663,4010,4018,-1,
1906,1150,1900,-1,
4663,3994,4010,-1,
1910,1150,1906,-1,
4663,3973,3994,-1,
1912,1150,1910,-1,
4663,3967,3973,-1,
1939,1150,1912,-1,
4663,3963,3967,-1,
1949,1150,1939,-1,
4663,3961,3963,-1,
1969,1150,1949,-1,
4663,3934,3961,-1,
1977,1150,1969,-1,
4663,3924,3934,-1,
1986,1150,1977,-1,
4663,3908,3924,-1,
2004,1150,1986,-1,
4663,3900,3908,-1,
2023,1150,2004,-1,
4663,3891,3900,-1,
2041,1150,2023,-1,
4663,3873,3891,-1,
2047,1150,2041,-1,
4663,3854,3873,-1,
2066,1150,2047,-1,
4663,3840,3854,-1,
2078,1150,2066,-1,
4663,3834,3840,-1,
2092,1150,2078,-1,
4663,3815,3834,-1,
2105,1150,2092,-1,
4663,3803,3815,-1,
2119,1150,2105,-1,
4663,3789,3803,-1,
1150,2119,4663,-1,
4663,3776,3789,-1,
3766,4663,2119,-1,
4663,3766,3776,-1,
2136,3766,2119,-1,
2136,3751,3766,-1,
2158,3751,2136,-1,
2158,3729,3751,-1,
2163,3729,2158,-1,
2163,3722,3729,-1,
2165,3722,2163,-1,
2165,3720,3722,-1,
2171,3720,2165,-1,
2171,3714,3720,-1,
2196,3714,2171,-1,
2196,3693,3714,-1,
2204,3693,2196,-1,
2204,3685,3693,-1,
2210,3685,2204,-1,
2210,3679,3685,-1,
2216,3679,2210,-1,
2216,3673,3679,-1,
2225,3673,2216,-1,
2225,3664,3673,-1,
2233,3664,2225,-1,
2233,3656,3664,-1,
2246,3656,2233,-1,
2246,3647,3656,-1,
2250,3647,2246,-1,
2250,3643,3647,-1,
2252,3643,2250,-1,
2252,3641,3643,-1,
2256,3641,2252,-1,
2256,3637,3641,-1,
2265,3637,2256,-1,
2265,3628,3637,-1,
2269,3628,2265,-1,
2269,3624,3628,-1,
2273,3624,2269,-1,
2273,3620,3624,-1,
2277,3620,2273,-1,
2277,3616,3620,-1,
2282,3616,2277,-1,
2282,3611,3616,-1,
2284,3611,2282,-1,
2284,3609,3611,-1,
2286,3609,2284,-1,
2286,3607,3609,-1,
2288,3607,2286,-1,
2288,3605,3607,-1,
2290,3605,2288,-1,
2290,3603,3605,-1,
2292,3603,2290,-1,
2292,3601,3603,-1,
2293,3601,2292,-1,
2293,3599,3601,-1,
2291,3599,2293,-1,
2291,3600,3599,-1,
2289,3600,2291,-1,
2289,3602,3600,-1,
2287,3602,2289,-1,
2287,3604,3602,-1,
2285,3604,2287,-1,
2285,3606,3604,-1,
2283,3606,2285,-1,
2283,3608,3606,-1,
2281,3608,2283,-1,
2281,3610,3608,-1,
2276,3610,2281,-1,
2276,3615,3610,-1,
2272,3615,2276,-1,
2272,3619,3615,-1,
2268,3619,2272,-1,
2268,3623,3619,-1,
2264,3623,2268,-1,
2264,3627,3623,-1,
2255,3627,2264,-1,
2255,3636,3627,-1,
2251,3636,2255,-1,
2251,3640,3636,-1,
2249,3640,2251,-1,
2249,3642,3640,-1,
2245,3642,2249,-1,
2245,3646,3642,-1,
2232,3646,2245,-1,
2232,3655,3646,-1,
2224,3655,2232,-1,
2224,3663,3655,-1,
2215,3663,2224,-1,
2215,3672,3663,-1,
2209,3672,2215,-1,
2209,3678,3672,-1,
2203,3678,2209,-1,
2203,3684,3678,-1,
2195,3684,2203,-1,
2195,3692,3684,-1,
2170,3692,2195,-1,
2170,3713,3692,-1,
2164,3713,2170,-1,
2164,3719,3713,-1,
2162,3719,2164,-1,
2162,3721,3719,-1,
2157,3721,2162,-1,
2157,3728,3721,-1,
2135,3728,2157,-1,
2135,3750,3728,-1,
2118,3750,2135,-1,
2118,3765,3750,-1,
2104,3765,2118,-1,
2104,3775,3765,-1,
2091,3775,2104,-1,
2091,3788,3775,-1,
2077,3788,2091,-1,
2077,3802,3788,-1,
2065,3802,2077,-1,
2065,3814,3802,-1,
2046,3814,2065,-1,
2046,3833,3814,-1,
2040,3833,2046,-1,
2040,3839,3833,-1,
2022,3839,2040,-1,
2022,3853,3839,-1,
2003,3853,2022,-1,
2003,3872,3853,-1,
1985,3872,2003,-1,
1985,3890,3872,-1,
1976,3890,1985,-1,
1976,3899,3890,-1,
1968,3899,1976,-1,
1968,3907,3899,-1,
1948,3907,1968,-1,
1948,3923,3907,-1,
1938,3923,1948,-1,
1938,3933,3923,-1,
1911,3933,1938,-1,
1911,3960,3933,-1,
1909,3960,1911,-1,
1909,3962,3960,-1,
1905,3962,1909,-1,
1905,3966,3962,-1,
1899,3966,1905,-1,
1899,3972,3966,-1,
1149,1899,1878,-1,
1899,1149,3972,-1,
1149,1878,1858,-1,
4662,3972,1149,-1,
1149,1858,1850,-1,
3972,4662,3993,-1,
1149,1850,1844,-1,
3993,4662,4009,-1,
1149,1844,1819,-1,
4009,4662,4017,-1,
1149,1819,1811,-1,
4017,4662,4023,-1,
1149,1811,1803,-1,
4023,4662,4048,-1,
1149,1803,1774,-1,
4048,4662,4056,-1,
1149,1774,1764,-1,
4056,4662,4064,-1,
1149,1764,1758,-1,
4064,4662,4089,-1,
1149,1758,1756,-1,
4089,4662,4099,-1,
1759,1150,1757,-1,
1150,1724,1757,-1,
1150,1722,1724,-1,
1150,1712,1722,-1,
1150,1683,1712,-1,
1150,1675,1683,-1,
1150,1667,1675,-1,
1150,1642,1667,-1,
1150,1636,1642,-1,
1150,1628,1636,-1,
1150,1608,1628,-1,
1150,1587,1608,-1,
1150,1581,1587,-1,
1150,1577,1581,-1,
1150,1575,1577,-1,
1150,1548,1575,-1,
1150,1530,1548,-1,
1150,1514,1530,-1,
1150,1506,1514,-1,
1150,1497,1506,-1,
1150,1483,1497,-1,
1150,1460,1483,-1,
1150,1446,1460,-1,
1150,1440,1446,-1,
1150,1421,1440,-1,
1150,1405,1421,-1,
1150,1391,1405,-1,
1150,1378,1391,-1,
1150,1368,1378,-1,
1150,1345,1368,-1,
1150,1335,1345,-1,
1150,1321,1335,-1,
1150,1314,1321,-1,
1150,1312,1314,-1,
1150,1302,1312,-1,
1150,1281,1302,-1,
1150,1269,1281,-1,
1150,1263,1269,-1,
1150,1257,1263,-1,
1150,1248,1257,-1,
1150,1236,1248,-1,
1150,1223,1236,-1,
1150,1219,1223,-1,
1150,1217,1219,-1,
1150,1213,1217,-1,
1150,1200,1213,-1,
1150,1192,1200,-1,
1150,1186,1192,-1,
1150,1178,1186,-1,
1150,1173,1178,-1,
1150,1171,1173,-1,
1150,1169,1171,-1,
1150,1167,1169,-1,
1149,1167,1150,-1,
1167,1149,1165,-1,
1165,1149,1163,-1,
1163,1149,1161,-1,
1161,1149,1162,-1,
1162,1149,1164,-1,
1164,1149,1166,-1,
1149,1247,1235,-1,
1149,1301,1280,-1,
1149,1459,1445,-1,
4099,4662,4105,-1,
1723,1149,1756,-1,
1721,1149,1723,-1,
1711,1149,1721,-1,
1682,1149,1711,-1,
1674,1149,1682,-1,
1666,1149,1674,-1,
1641,1149,1666,-1,
1635,1149,1641,-1,
1627,1149,1635,-1,
1607,1149,1627,-1,
1586,1149,1607,-1,
1580,1149,1586,-1,
1576,1149,1580,-1,
1574,1149,1576,-1,
1547,1149,1574,-1,
1529,1149,1547,-1,
1513,1149,1529,-1,
1505,1149,1513,-1,
1496,1149,1505,-1,
1482,1149,1496,-1,
1459,1149,1482,-1,
1439,1149,1445,-1,
1420,1149,1439,-1,
1404,1149,1420,-1,
1390,1149,1404,-1,
1377,1149,1390,-1,
1367,1149,1377,-1,
1344,1149,1367,-1,
1334,1149,1344,-1,
1320,1149,1334,-1,
1313,1149,1320,-1,
1311,1149,1313,-1,
1301,1149,1311,-1,
1268,1149,1280,-1,
1262,1149,1268,-1,
1256,1149,1262,-1,
1247,1149,1256,-1,
1222,1149,1235,-1,
1218,1149,1222,-1,
1216,1149,1218,-1,
1212,1149,1216,-1,
1199,1149,1212,-1,
1191,1149,1199,-1,
1185,1149,1191,-1,
1177,1149,1185,-1,
1172,1149,1177,-1,
1170,1149,1172,-1,
1168,1149,1170,-1,
1166,1149,1168,-1,
1765,1150,1759,-1,
4141,4663,4139,-1,
4143,4663,4141,-1,
4153,4663,4143,-1,
4178,4663,4153,-1,
4186,4663,4178,-1,
4194,4663,4186,-1,
4219,4663,4194,-1,
4225,4663,4219,-1,
4233,4663,4225,-1,
4249,4663,4233,-1,
4270,4663,4249,-1,
4276,4663,4270,-1,
4280,4663,4276,-1,
4282,4663,4280,-1,
4309,4663,4282,-1,
4323,4663,4309,-1,
4339,4663,4323,-1,
4347,4663,4339,-1,
4356,4663,4347,-1,
4370,4663,4356,-1,
4389,4663,4370,-1,
4403,4663,4389,-1,
4409,4663,4403,-1,
4428,4663,4409,-1,
4440,4663,4428,-1,
4454,4663,4440,-1,
4467,4663,4454,-1,
4477,4663,4467,-1,
4498,4663,4477,-1,
4506,4663,4498,-1,
4522,4663,4506,-1,
4527,4663,4522,-1,
4529,4663,4527,-1,
4535,4663,4529,-1,
4556,4663,4535,-1,
4564,4663,4556,-1,
4570,4663,4564,-1,
4576,4663,4570,-1,
4585,4663,4576,-1,
4593,4663,4585,-1,
4602,4663,4593,-1,
4606,4663,4602,-1,
4608,4663,4606,-1,
4612,4663,4608,-1,
4621,4663,4612,-1,
4625,4663,4621,-1,
4629,4663,4625,-1,
4637,4663,4629,-1,
4642,4663,4637,-1,
4644,4663,4642,-1,
4646,4663,4644,-1,
4648,4663,4646,-1,
4662,4648,4650,-1,
4662,4650,4652,-1,
4662,4652,4653,-1,
4662,4653,4651,-1,
4662,4651,4649,-1,
4662,4649,4647,-1,
4662,4647,4645,-1,
4662,4643,4641,-1,
4662,4636,4628,-1,
4662,4601,4592,-1,
4662,4569,4563,-1,
4662,4534,4528,-1,
4521,4528,4526,-1,
4662,4427,4408,-1,
4648,4662,4663,-1,
4643,4662,4645,-1,
4636,4662,4641,-1,
4624,4662,4628,-1,
4620,4662,4624,-1,
4611,4662,4620,-1,
4607,4662,4611,-1,
4605,4662,4607,-1,
4601,4662,4605,-1,
4584,4662,4592,-1,
4575,4662,4584,-1,
4569,4662,4575,-1,
4555,4662,4563,-1,
4534,4662,4555,-1,
4521,4662,4528,-1,
4505,4662,4521,-1,
4497,4662,4505,-1,
4476,4662,4497,-1,
4466,4662,4476,-1,
4453,4662,4466,-1,
4439,4662,4453,-1,
4427,4662,4439,-1,
4402,4662,4408,-1,
4388,4662,4402,-1,
4369,4662,4388,-1,
4355,4662,4369,-1,
4346,4662,4355,-1,
4338,4662,4346,-1,
4322,4662,4338,-1,
4308,4662,4322,-1,
4281,4662,4308,-1,
4279,4662,4281,-1,
4275,4662,4279,-1,
4269,4662,4275,-1,
4248,4662,4269,-1,
4232,4662,4248,-1,
4224,4662,4232,-1,
4218,4662,4224,-1,
4193,4662,4218,-1,
4185,4662,4193,-1,
4177,4662,4185,-1,
4152,4662,4177,-1,
4142,4662,4152,-1,
4140,4662,4142,-1,
4138,4662,4140,-1,
4105,4662,4138,-1,
4733,4728,4729,-1,
4728,4733,4732,-1,
1143,1128,1144,-1,
1128,1143,1127,-1,
4727,4730,4731,-1,
4730,4727,4726,-1,
1111,1108,1112,-1,
1108,1111,1107,-1,
1115,1112,1116,-1,
1112,1115,1111,-1,
1101,1106,1102,-1,
1106,1101,1105,-1,
1095,1104,1103,-1,
1104,1095,1096,-1,
1113,1126,1114,-1,
1126,1113,1125,-1,
1081,1078,1077,-1,
1078,1081,1082,-1,
4731,4734,4735,-1,
4734,4731,4730,-1,
1071,1080,1079,-1,
1080,1071,1072,-1,
4708,4705,4709,-1,
4705,4708,4704,-1,
4698,4703,4699,-1,
4703,4698,4702,-1,
1065,1067,1066,-1,
1067,1064,1066,-1,
1067,1062,1064,-1,
1067,1060,1062,-1,
1067,1058,1060,-1,
1067,1056,1058,-1,
1067,1054,1056,-1,
1067,1052,1054,-1,
1067,1050,1052,-1,
1067,1048,1050,-1,
1067,1046,1048,-1,
1067,1044,1046,-1,
1067,1042,1044,-1,
1067,1040,1042,-1,
1067,1038,1040,-1,
1067,1036,1038,-1,
1067,1034,1036,-1,
1067,1032,1034,-1,
1067,1030,1032,-1,
1067,1028,1030,-1,
1067,1026,1028,-1,
1067,1024,1026,-1,
1067,1022,1024,-1,
1067,1020,1022,-1,
1067,1018,1020,-1,
1067,1016,1018,-1,
1067,1014,1016,-1,
1067,1012,1014,-1,
1067,1010,1012,-1,
1067,1008,1010,-1,
1067,1006,1008,-1,
1067,1004,1006,-1,
1067,1002,1004,-1,
1067,1000,1002,-1,
1067,998,1000,-1,
1067,996,998,-1,
1067,994,996,-1,
1067,992,994,-1,
1067,990,992,-1,
1067,988,990,-1,
1067,986,988,-1,
1067,984,986,-1,
1067,982,984,-1,
1067,980,982,-1,
1067,978,980,-1,
1067,976,978,-1,
1067,974,976,-1,
1067,972,974,-1,
1067,970,972,-1,
1067,968,970,-1,
1067,966,968,-1,
1067,964,966,-1,
1067,962,964,-1,
1067,960,962,-1,
1067,958,960,-1,
849,958,1067,-1,
958,849,956,-1,
852,849,851,-1,
854,849,852,-1,
856,849,854,-1,
858,849,856,-1,
860,849,858,-1,
862,849,860,-1,
864,849,862,-1,
866,849,864,-1,
868,849,866,-1,
870,849,868,-1,
872,849,870,-1,
874,849,872,-1,
876,849,874,-1,
878,849,876,-1,
880,849,878,-1,
882,849,880,-1,
884,849,882,-1,
886,849,884,-1,
888,849,886,-1,
890,849,888,-1,
892,849,890,-1,
894,849,892,-1,
896,849,894,-1,
898,849,896,-1,
900,849,898,-1,
902,849,900,-1,
904,849,902,-1,
906,849,904,-1,
908,849,906,-1,
910,849,908,-1,
912,849,910,-1,
914,849,912,-1,
916,849,914,-1,
918,849,916,-1,
920,849,918,-1,
922,849,920,-1,
924,849,922,-1,
926,849,924,-1,
928,849,926,-1,
930,849,928,-1,
932,849,930,-1,
934,849,932,-1,
936,849,934,-1,
938,849,936,-1,
940,849,938,-1,
942,849,940,-1,
944,849,942,-1,
946,849,944,-1,
948,849,946,-1,
950,849,948,-1,
952,849,950,-1,
954,849,952,-1,
956,849,954,-1,
1063,1067,1065,-1,
1067,1063,1068,-1,
1061,1068,1063,-1,
1059,1068,1061,-1,
1057,1068,1059,-1,
1055,1068,1057,-1,
1053,1068,1055,-1,
1051,1068,1053,-1,
1049,1068,1051,-1,
1047,1068,1049,-1,
1045,1068,1047,-1,
1043,1068,1045,-1,
1041,1068,1043,-1,
1039,1068,1041,-1,
1037,1068,1039,-1,
1035,1068,1037,-1,
1033,1068,1035,-1,
1031,1068,1033,-1,
1029,1068,1031,-1,
1027,1068,1029,-1,
1025,1068,1027,-1,
1023,1068,1025,-1,
1021,1068,1023,-1,
1019,1068,1021,-1,
1017,1068,1019,-1,
1015,1068,1017,-1,
1013,1068,1015,-1,
1011,1068,1013,-1,
1009,1068,1011,-1,
1007,1068,1009,-1,
1005,1068,1007,-1,
1003,1068,1005,-1,
1001,1068,1003,-1,
999,1068,1001,-1,
997,1068,999,-1,
995,1068,997,-1,
993,1068,995,-1,
991,1068,993,-1,
989,1068,991,-1,
987,1068,989,-1,
985,1068,987,-1,
983,1068,985,-1,
981,1068,983,-1,
979,1068,981,-1,
977,1068,979,-1,
975,1068,977,-1,
973,1068,975,-1,
971,1068,973,-1,
969,1068,971,-1,
967,1068,969,-1,
965,1068,967,-1,
963,1068,965,-1,
961,1068,963,-1,
959,1068,961,-1,
850,959,957,-1,
850,957,955,-1,
850,955,953,-1,
850,953,951,-1,
850,951,949,-1,
850,949,947,-1,
850,947,945,-1,
850,945,943,-1,
849,853,851,-1,
849,855,853,-1,
849,857,855,-1,
849,859,857,-1,
850,859,849,-1,
859,850,861,-1,
861,850,863,-1,
863,850,865,-1,
865,850,867,-1,
867,850,869,-1,
869,850,871,-1,
871,850,873,-1,
873,850,875,-1,
875,850,877,-1,
877,850,879,-1,
879,850,881,-1,
881,850,883,-1,
883,850,885,-1,
885,850,887,-1,
887,850,889,-1,
889,850,891,-1,
891,850,893,-1,
893,850,895,-1,
895,850,897,-1,
897,850,899,-1,
899,850,901,-1,
901,850,903,-1,
903,850,905,-1,
905,850,907,-1,
907,850,909,-1,
909,850,911,-1,
911,850,913,-1,
913,850,915,-1,
915,850,917,-1,
917,850,919,-1,
919,850,921,-1,
921,850,923,-1,
923,850,925,-1,
925,850,927,-1,
927,850,929,-1,
929,850,931,-1,
931,850,933,-1,
933,850,935,-1,
959,850,1068,-1,
941,850,943,-1,
939,850,941,-1,
937,850,939,-1,
935,850,937,-1,
1067,1072,1071,-1,
1072,1067,1068,-1,
4706,4711,4707,-1,
4711,4706,4710,-1,
4670,4687,4671,-1,
4687,4670,4686,-1,
4735,4742,4743,-1,
4742,4735,4734,-1,
1101,1094,1093,-1,
1094,1101,1102,-1,
4743,4746,4747,-1,
4746,4743,4742,-1,
4704,4701,4705,-1,
4701,4704,4700,-1,
4745,4736,4737,-1,
4736,4745,4744,-1,
4729,4720,4721,-1,
4720,4729,4728,-1,
4721,4712,4713,-1,
4712,4721,4720,-1,
4700,4689,4701,-1,
4689,4700,4688,-1,
1079,1084,1083,-1,
1084,1079,1080,-1,
1093,1086,1085,-1,
1086,1093,1094,-1,
4702,4707,4703,-1,
4707,4702,4706,-1,
1083,1088,1087,-1,
1088,1083,1084,-1,
1109,1114,1110,-1,
1114,1109,1113,-1,
1085,1082,1081,-1,
1082,1085,1086,-1,
1087,1096,1095,-1,
1096,1087,1088,-1,
4665,4965,4745,-1,
4965,2343,4747,-1,
4665,4745,4737,-1,
2339,4747,2343,-1,
4665,4737,4733,-1,
4965,4665,2341,-1,
4665,4733,4729,-1,
4663,4747,2339,-1,
4665,4729,4721,-1,
4735,4663,4731,-1,
4665,4721,4713,-1,
4731,4663,4727,-1,
4665,4713,4709,-1,
4727,4663,4719,-1,
4665,4709,4705,-1,
4719,4663,4711,-1,
4665,4705,4701,-1,
4711,4663,4707,-1,
4665,4701,4689,-1,
4707,4663,4703,-1,
4665,4689,4673,-1,
4703,4663,4699,-1,
4699,4663,4687,-1,
4687,4663,4671,-1,
4743,4663,4735,-1,
4965,2341,2343,-1,
4665,2337,2341,-1,
4665,2333,2337,-1,
4665,2329,2333,-1,
4665,2325,2329,-1,
4665,2321,2325,-1,
4665,2317,2321,-1,
1152,2317,4665,-1,
2317,1152,2313,-1,
2313,1152,2309,-1,
2309,1152,2305,-1,
2305,1152,2301,-1,
2301,1152,2297,-1,
2297,1152,2244,-1,
2244,1152,2185,-1,
2185,1152,2113,-1,
1068,2113,1152,-1,
2113,1068,2039,-1,
2039,1068,1955,-1,
1955,1068,1869,-1,
1204,1068,1196,-1,
1227,1068,1204,-1,
1246,1068,1227,-1,
1277,1068,1246,-1,
1308,1068,1277,-1,
1364,1068,1308,-1,
1415,1068,1364,-1,
1475,1068,1415,-1,
1540,1068,1475,-1,
1620,1068,1540,-1,
1698,1068,1620,-1,
1783,1068,1698,-1,
1869,1068,1783,-1,
4747,4663,4743,-1,
2335,4663,2339,-1,
2331,4663,2335,-1,
2327,4663,2331,-1,
2323,4663,2327,-1,
2319,4663,2323,-1,
2315,4663,2319,-1,
1150,2315,2311,-1,
1150,2311,2307,-1,
1150,2307,2303,-1,
1150,2303,2299,-1,
1150,2299,2295,-1,
1150,2295,2242,-1,
1150,2242,2183,-1,
1150,2183,2111,-1,
850,2111,2037,-1,
850,2037,1953,-1,
850,1953,1867,-1,
850,1867,1781,-1,
850,1781,1696,-1,
2315,1150,4663,-1,
850,1696,1618,-1,
850,1618,1538,-1,
850,1538,1473,-1,
850,1473,1413,-1,
850,1413,1362,-1,
850,1362,1306,-1,
850,1306,1275,-1,
850,1275,1244,-1,
850,1244,1225,-1,
850,1225,1202,-1,
850,1202,1194,-1,
850,1194,1190,-1,
1196,1068,1190,-1,
1068,1152,1144,-1,
850,1190,1068,-1,
1068,1144,1128,-1,
2111,850,1150,-1,
1068,1128,1116,-1,
1150,850,1142,-1,
1068,1116,1112,-1,
1142,850,1126,-1,
1068,1112,1108,-1,
1126,850,1114,-1,
1068,1108,1104,-1,
1114,850,1110,-1,
1068,1104,1096,-1,
1110,850,1106,-1,
1068,1096,1088,-1,
1106,850,1102,-1,
1068,1088,1084,-1,
1102,850,1094,-1,
1068,1084,1080,-1,
1094,850,1086,-1,
1068,1080,1072,-1,
1086,850,1082,-1,
1082,850,1078,-1,
1078,850,1070,-1,
14,19,18,-1,
19,14,15,-1,
18,23,22,-1,
23,18,19,-1,
1099,1092,1100,-1,
1092,1099,1091,-1,
28,33,29,-1,
33,28,32,-1,
5404,4741,5405,-1,
4741,5404,4740,-1,
22,27,26,-1,
27,22,23,-1,
5814,5809,5810,-1,
5809,5814,5813,-1,
5812,5813,5814,-1,
5813,5812,5811,-1,
5802,5797,5798,-1,
5797,5802,5801,-1,
8,5,4,-1,
5,8,9,-1,
30,27,31,-1,
27,30,26,-1,
10,15,14,-1,
15,10,11,-1,
5402,5780,5403,-1,
5780,5402,5779,-1,
411,35,412,-1,
35,411,34,-1,
4716,1100,4717,-1,
1100,4716,1099,-1,
5794,5789,5790,-1,
5789,5794,5793,-1,
16,13,12,-1,
13,16,17,-1,
2,7,6,-1,
7,2,3,-1,
0,3,2,-1,
3,0,1,-1,
6,11,10,-1,
11,6,7,-1,
5783,5788,5784,-1,
5788,5783,5787,-1,
1097,4715,1098,-1,
4715,1097,4714,-1,
5806,5801,5802,-1,
5801,5806,5805,-1,
1091,1076,1092,-1,
1076,1091,1075,-1,
5810,5805,5806,-1,
5805,5810,5809,-1,
4714,4723,4715,-1,
4723,4714,4722,-1,
34,31,35,-1,
31,34,30,-1,
409,1074,410,-1,
1074,409,1073,-1,
4722,4739,4723,-1,
4739,4722,4738,-1,
1075,412,1076,-1,
412,1075,411,-1,
5788,5791,5792,-1,
5791,5788,5787,-1,
5808,5811,5812,-1,
5811,5808,5807,-1,
4,1,0,-1,
1,4,5,-1,
5804,5807,5808,-1,
5807,5804,5803,-1,
5779,5784,5780,-1,
5784,5779,5783,-1,
4740,4725,4741,-1,
4725,4740,4724,-1,
5781,5405,5782,-1,
5405,5781,5404,-1,
1073,1090,1074,-1,
1090,1073,1089,-1,
4738,5403,4739,-1,
5403,4738,5402,-1,
1089,1098,1090,-1,
1098,1089,1097,-1,
5798,5793,5794,-1,
5793,5798,5797,-1,
5800,5803,5804,-1,
5803,5800,5799,-1,
5785,5782,5786,-1,
5782,5785,5781,-1,
5789,5786,5790,-1,
5786,5789,5785,-1,
4717,5814,5810,-1,
5814,4717,5812,-1,
4717,5810,5806,-1,
4715,5812,4717,-1,
4717,5806,5802,-1,
5812,4715,5808,-1,
4717,5802,5798,-1,
5808,4715,5804,-1,
4717,5798,5794,-1,
5804,4715,5800,-1,
4717,5794,5790,-1,
5800,4715,5796,-1,
4717,5790,5786,-1,
5796,4715,5792,-1,
4717,5786,5782,-1,
5792,4715,5788,-1,
4717,5782,5405,-1,
5788,4715,5784,-1,
4717,5405,4741,-1,
5784,4715,5780,-1,
4717,4741,4725,-1,
5780,4715,5403,-1,
5403,4715,4739,-1,
4739,4715,4723,-1,
1100,4715,4717,-1,
1100,1098,4715,-1,
3,1100,1092,-1,
1100,3,1098,-1,
3,1092,1076,-1,
1,1098,3,-1,
3,1076,412,-1,
1098,1,1090,-1,
3,412,35,-1,
1090,1,1074,-1,
3,35,31,-1,
1074,1,410,-1,
3,31,27,-1,
410,1,33,-1,
3,27,23,-1,
33,1,29,-1,
3,23,19,-1,
29,1,25,-1,
3,19,15,-1,
25,1,21,-1,
3,15,11,-1,
21,1,17,-1,
3,11,7,-1,
17,1,13,-1,
13,1,9,-1,
9,1,5,-1,
32,410,33,-1,
410,32,409,-1,
24,29,25,-1,
29,24,28,-1,
24,21,20,-1,
21,24,25,-1,
5792,5795,5796,-1,
5795,5792,5791,-1,
20,17,16,-1,
17,20,21,-1,
4724,4717,4725,-1,
4717,4724,4716,-1,
5796,5799,5800,-1,
5799,5796,5795,-1,
4714,5811,5807,-1,
5811,2343,5813,-1,
4714,5807,5803,-1,
2341,5813,2343,-1,
4714,5803,5799,-1,
2337,5813,2341,-1,
4714,5799,5795,-1,
2335,5811,4714,-1,
4714,5795,5791,-1,
5813,4716,5809,-1,
4714,5791,5787,-1,
5801,4716,5797,-1,
4714,5787,5783,-1,
5797,4716,5793,-1,
4714,5783,5779,-1,
5793,4716,5789,-1,
4714,5779,5402,-1,
5789,4716,5785,-1,
4714,5402,4738,-1,
5785,4716,5781,-1,
4714,4738,4722,-1,
5781,4716,5404,-1,
5404,4716,4740,-1,
4740,4716,4724,-1,
5805,4716,5801,-1,
5811,2339,2343,-1,
5811,2335,2339,-1,
4714,2331,2335,-1,
4714,2327,2331,-1,
4714,2323,2327,-1,
4714,2319,2323,-1,
4714,2315,2319,-1,
4714,2311,2315,-1,
4714,2307,2311,-1,
1097,2307,4714,-1,
2307,1097,2303,-1,
2303,1097,2299,-1,
2299,1097,2295,-1,
2295,1097,2242,-1,
2242,1097,2183,-1,
2183,1097,2111,-1,
2111,1097,2037,-1,
0,2037,1097,-1,
2037,0,1953,-1,
1953,0,1867,-1,
1867,0,1781,-1,
1202,0,1194,-1,
1225,0,1202,-1,
1244,0,1225,-1,
1275,0,1244,-1,
1306,0,1275,-1,
1362,0,1306,-1,
1413,0,1362,-1,
1473,0,1413,-1,
1538,0,1473,-1,
1618,0,1538,-1,
1696,0,1618,-1,
1781,0,1696,-1,
5809,4716,5805,-1,
5813,2337,4716,-1,
2333,4716,2337,-1,
2329,4716,2333,-1,
2325,4716,2329,-1,
2321,4716,2325,-1,
2317,4716,2321,-1,
2313,4716,2317,-1,
2309,4716,2313,-1,
1099,2309,2305,-1,
1099,2305,2301,-1,
1099,2301,2297,-1,
1099,2297,2244,-1,
1099,2244,2185,-1,
1099,2185,2113,-1,
1099,2113,2039,-1,
2,2039,1955,-1,
2,1955,1869,-1,
2,1869,1783,-1,
2,1783,1698,-1,
2,1698,1620,-1,
1194,0,1190,-1,
2,1190,0,-1,
2309,1099,4716,-1,
2,1620,1540,-1,
2,1540,1475,-1,
2,1475,1415,-1,
2,1415,1364,-1,
2,1364,1308,-1,
2,1308,1277,-1,
2,1277,1246,-1,
2,1246,1227,-1,
2,1227,1204,-1,
1190,2,1196,-1,
0,1097,1089,-1,
1196,2,1204,-1,
0,1089,1073,-1,
2039,2,1099,-1,
0,1073,409,-1,
1099,2,1091,-1,
0,409,32,-1,
1091,2,1075,-1,
0,32,28,-1,
1075,2,411,-1,
0,28,24,-1,
411,2,34,-1,
0,24,20,-1,
34,2,30,-1,
0,20,16,-1,
30,2,26,-1,
0,16,12,-1,
26,2,22,-1,
0,12,8,-1,
22,2,18,-1,
0,8,4,-1,
18,2,14,-1,
14,2,10,-1,
10,2,6,-1,
12,9,8,-1,
9,12,13,-1,
5608,5564,5572,-1,
5103,5079,5159,-1,
5544,5500,5583,-1,
5204,5180,5256,-1,
5346,5314,5362,-1,
5433,5341,5409,-1,
5322,5206,5286,-1,
4783,5062,4966,-1,
5062,4783,4785,-1,
5694,5662,5686,-1,
5710,5702,5734,-1,
5021,4926,4924,-1,
4926,5021,5069,-1,
5408,5340,5432,-1,
5537,5501,5584,-1,
5039,4855,4857,-1,
5749,5741,5757,-1,
5693,5661,5685,-1,
5243,5163,5183,-1,
5189,5077,5165,-1,
5324,5208,5244,-1,
5158,5078,5102,-1,
5198,5078,5158,-1,
5604,5568,5620,-1,
5580,5528,5569,-1,
5250,5174,5198,-1,
5704,5672,5712,-1,
5685,5637,5673,-1,
5077,4942,4940,-1,
4942,5077,4981,-1,
5667,5633,5665,-1,
5573,5509,5565,-1,
5335,5227,5271,-1,
5472,5420,5500,-1,
5311,5232,5239,-1,
4924,4922,5021,-1,
5074,5054,5168,-1,
5126,5118,5230,-1,
5330,5222,5274,-1,
5192,5112,5216,-1,
5777,5771,5774,-1,
5606,5598,5638,-1,
5614,5540,5577,-1,
5416,5392,5448,-1,
5217,5193,5297,-1,
4908,5061,4910,-1,
5061,4908,4989,-1,
5297,5193,5281,-1,
5331,5267,5363,-1,
5002,4775,4777,-1,
4775,5002,5050,-1,
5353,5321,5369,-1,
5773,5765,5763,-1,
5367,5319,5419,-1,
5631,5622,5668,-1,
5244,5184,5260,-1,
5208,5136,5166,-1,
5372,5280,5296,-1,
5268,5200,5316,-1,
5104,5044,5080,-1,
5288,5208,5324,-1,
5234,5122,5218,-1,
4817,5016,4815,-1,
5016,4817,5064,-1,
5112,5024,5120,-1,
4853,5032,4851,-1,
5032,4853,5039,-1,
5208,5166,5244,-1,
5390,5322,5346,-1,
5532,5476,5488,-1,
5630,5566,5618,-1,
5744,5724,5751,-1,
5710,5670,5702,-1,
5484,5380,5428,-1,
5460,5401,5465,-1,
5635,5603,5651,-1,
5578,5533,5541,-1,
5438,5370,5430,-1,
5363,5267,5315,-1,
5715,5687,5727,-1,
4930,4928,4973,-1,
5625,5609,5665,-1,
5061,5047,5107,-1,
5750,5722,5742,-1,
5495,5415,5447,-1,
5371,5279,5295,-1,
5071,4770,4975,-1,
4770,5071,4772,-1,
5682,5634,5670,-1,
5162,5070,5134,-1,
5182,5162,5242,-1,
5242,5206,5322,-1,
4866,5027,5011,-1,
5027,4866,4864,-1,
5388,5308,5401,-1,
4916,4914,4985,-1,
4904,4902,5047,-1,
5273,5161,5229,-1,
5318,5270,5334,-1,
5580,5569,5621,-1,
5670,5610,5642,-1,
4916,5049,4918,-1,
5049,4916,4985,-1,
5039,4853,4855,-1,
5579,5570,5622,-1,
5466,5422,5482,-1,
5224,5104,5154,-1,
5058,5044,5104,-1,
5086,4992,5112,-1,
5378,5332,5364,-1,
5356,5280,5372,-1,
5008,4843,4845,-1,
5008,4841,4843,-1,
5034,5026,5122,-1,
5372,5304,5384,-1,
5184,5072,5086,-1,
5232,5143,5239,-1,
5296,5192,5216,-1,
5430,5354,5406,-1,
5626,5614,5644,-1,
5314,5266,5362,-1,
5446,5414,5494,-1,
5712,5684,5724,-1,
5530,5494,5575,-1,
5644,5614,5672,-1,
5534,5478,5498,-1,
5699,5662,5694,-1,
5564,5508,5572,-1,
5638,5616,5674,-1,
5620,5579,5631,-1,
5689,5677,5717,-1,
5649,5593,5629,-1,
4915,5048,4984,-1,
5048,4915,4917,-1,
5156,5082,5106,-1,
5714,5706,5738,-1,
5082,5018,5046,-1,
5542,5498,5514,-1,
5050,5002,5134,-1,
5755,5735,5743,-1,
5014,4785,4787,-1,
4785,5014,5062,-1,
5427,5419,5471,-1,
5639,5607,5655,-1,
5199,5175,5251,-1,
5363,5315,5347,-1,
5683,5659,5691,-1,
5469,5417,5425,-1,
5005,4936,4934,-1,
4936,5005,5057,-1,
5189,5165,5249,-1,
5411,5343,5435,-1,
5413,5397,5453,-1,
4776,5003,4778,-1,
5003,4776,5051,-1,
5230,5118,5214,-1,
5693,5685,5725,-1,
5635,5595,5603,-1,
5267,5159,5199,-1,
5287,5207,5323,-1,
5227,5203,5271,-1,
5157,5083,5203,-1,
4990,4974,5070,-1,
5519,5455,5462,-1,
5010,4867,4869,-1,
4999,4969,5065,-1,
5335,5319,5367,-1,
5107,5047,5083,-1,
5393,5349,5417,-1,
5041,4961,4963,-1,
5420,5352,5396,-1,
5117,4997,5093,-1,
5484,5428,5472,-1,
5344,5264,5284,-1,
4908,4906,4989,-1,
5481,5413,5453,-1,
5664,5633,5667,-1,
5609,5601,5641,-1,
5752,5725,5745,-1,
5762,5746,5756,-1,
5777,5761,5771,-1,
5691,5659,5666,-1,
5653,5637,5685,-1,
5068,4927,4972,-1,
4927,5068,4925,-1,
5069,4928,4926,-1,
4928,5069,4973,-1,
5392,5324,5408,-1,
5488,5408,5432,-1,
5014,4787,4789,-1,
5198,5158,5266,-1,
5224,5154,5200,-1,
5154,5080,5200,-1,
5252,5148,5176,-1,
4986,4803,4805,-1,
4803,5058,4801,-1,
5058,4803,4986,-1,
5348,5288,5392,-1,
5416,5348,5392,-1,
5392,5288,5324,-1,
5252,5208,5288,-1,
5527,5522,5570,-1,
5432,5340,5356,-1,
5112,5008,5024,-1,
5120,5024,5032,-1,
4837,4992,4976,-1,
4992,4837,4839,-1,
5086,4976,4992,-1,
5032,4849,4851,-1,
4829,4998,4827,-1,
4998,4829,5052,-1,
5143,5032,5039,-1,
5114,5088,5186,-1,
5232,5120,5128,-1,
5120,5032,5128,-1,
4982,4797,4799,-1,
5431,5371,5439,-1,
5503,5431,5439,-1,
5610,5575,5586,-1,
5430,5406,5474,-1,
5266,5158,5222,-1,
5482,5424,5512,-1,
5482,5378,5424,-1,
5530,5474,5494,-1,
5496,5416,5448,-1,
5496,5448,5476,-1,
5722,5710,5742,-1,
5699,5660,5668,-1,
5496,5476,5532,-1,
5622,5570,5606,-1,
5712,5672,5684,-1,
5726,5714,5746,-1,
5374,5358,5434,-1,
5672,5614,5636,-1,
5434,5410,5490,-1,
5138,5098,5210,-1,
5716,5688,5696,-1,
5622,5606,5654,-1,
5767,5744,5751,-1,
5686,5674,5714,-1,
5656,5608,5664,-1,
5756,5720,5740,-1,
5150,5018,5082,-1,
4865,5026,4863,-1,
5026,4865,5010,-1,
4984,4911,4913,-1,
5060,4984,5108,-1,
5726,5686,5714,-1,
5751,5726,5746,-1,
5616,5542,5590,-1,
5548,5504,5560,-1,
5612,5583,5640,-1,
5697,5689,5717,-1,
5108,5084,5160,-1,
5368,5272,5320,-1,
5276,5226,5228,-1,
5194,5186,5262,-1,
4899,5046,5018,-1,
5046,4899,4901,-1,
4750,5031,4752,-1,
5031,4750,5038,-1,
4966,4779,4781,-1,
4966,4781,4783,-1,
4789,5078,5014,-1,
5078,4789,4791,-1,
4791,5042,5078,-1,
5042,4791,4793,-1,
5459,5375,5387,-1,
5203,5151,5255,-1,
5357,5341,5433,-1,
5497,5469,5513,-1,
5159,5079,5199,-1,
5289,5209,5253,-1,
5549,5489,5533,-1,
5425,5365,5379,-1,
5611,5576,5635,-1,
5057,5005,5141,-1,
5205,5085,5161,-1,
5069,5021,5085,-1,
5229,5161,5173,-1,
5397,5353,5421,-1,
5421,5369,5473,-1,
5321,5273,5369,-1,
5321,5257,5273,-1,
5293,5257,5353,-1,
5509,5493,5553,-1,
5347,5287,5323,-1,
5398,5303,5310,-1,
5063,4784,4967,-1,
4784,5063,4786,-1,
5495,5475,5531,-1,
5398,5382,5454,-1,
5423,5363,5467,-1,
5462,5454,5518,-1,
5511,5467,5539,-1,
5595,5547,5603,-1,
5279,5191,5215,-1,
5673,5615,5645,-1,
5103,5043,5079,-1,
4800,4798,4983,-1,
4790,4788,5015,-1,
5094,5062,5174,-1,
5022,4753,4755,-1,
5354,5278,5338,-1,
5518,5502,5566,-1,
5295,5215,5303,-1,
5183,5071,5091,-1,
5118,5110,5190,-1,
5110,5090,5182,-1,
4769,5070,4974,-1,
5070,4769,4771,-1,
4990,4761,4763,-1,
4974,4767,4769,-1,
5335,5271,5319,-1,
5257,5181,5205,-1,
5107,5083,5157,-1,
5141,5005,5101,-1,
5237,5125,5221,-1,
5117,5093,5189,-1,
5368,5320,5352,-1,
5420,5396,5452,-1,
4846,4844,5009,-1,
4888,4886,4971,-1,
4904,4989,4906,-1,
4989,4904,5047,-1,
5061,4989,5047,-1,
5701,5697,5733,-1,
5633,5572,5585,-1,
5445,5437,5509,-1,
5633,5573,5625,-1,
5700,5661,5693,-1,
5732,5725,5752,-1,
5733,5697,5729,-1,
5657,5609,5641,-1,
5629,5617,5647,-1,
5633,5625,5665,-1,
5756,5740,5748,-1,
5765,5749,5757,-1,
5734,5702,5718,-1,
5761,5759,5771,-1,
5615,5541,5589,-1,
5673,5645,5705,-1,
5755,5719,5735,-1,
5737,5719,5755,-1,
5669,5621,5661,-1,
5705,5645,5679,-1,
5160,5084,5204,-1,
5068,4972,5004,-1,
5488,5432,5440,-1,
5372,5296,5304,-1,
5510,5482,5512,-1,
5274,5224,5332,-1,
5062,5014,5078,-1,
5286,5174,5250,-1,
5316,5288,5348,-1,
5416,5316,5348,-1,
5266,5222,5330,-1,
5170,5058,5104,-1,
5170,5104,5224,-1,
4982,4795,4797,-1,
4801,4982,4799,-1,
4982,4801,5058,-1,
5166,5072,5184,-1,
5296,5216,5232,-1,
5408,5324,5340,-1,
5340,5260,5356,-1,
5260,5184,5192,-1,
5440,5372,5456,-1,
5296,5232,5304,-1,
5304,5232,5311,-1,
4845,5024,5008,-1,
5024,4845,4847,-1,
4849,5024,4847,-1,
5024,4849,5032,-1,
4841,4992,4839,-1,
4992,4841,5008,-1,
5064,4998,5096,-1,
4968,4819,4821,-1,
5228,5160,5272,-1,
4881,5000,5054,-1,
5000,4881,4883,-1,
5130,5034,5122,-1,
5143,5034,5130,-1,
5455,5398,5462,-1,
5659,5619,5630,-1,
5390,5346,5414,-1,
5702,5678,5704,-1,
5586,5510,5554,-1,
5554,5510,5512,-1,
5566,5502,5558,-1,
5567,5526,5574,-1,
5486,5430,5474,-1,
5510,5466,5482,-1,
5332,5268,5316,-1,
5364,5316,5416,-1,
5406,5390,5446,-1,
5474,5406,5446,-1,
5448,5392,5476,-1,
5626,5586,5588,-1,
5614,5596,5636,-1,
5614,5577,5596,-1,
5446,5390,5414,-1,
5468,5416,5496,-1,
5650,5634,5682,-1,
5736,5704,5712,-1,
5636,5596,5604,-1,
5636,5604,5652,-1,
5724,5684,5692,-1,
5744,5712,5724,-1,
5456,5372,5384,-1,
5384,5304,5311,-1,
5463,5458,5527,-1,
5527,5456,5463,-1,
5434,5342,5410,-1,
5374,5282,5358,-1,
5668,5622,5662,-1,
5654,5606,5638,-1,
5751,5746,5767,-1,
5769,5748,5753,-1,
5765,5757,5763,-1,
5766,5743,5750,-1,
5696,5664,5667,-1,
5640,5608,5656,-1,
5720,5708,5740,-1,
5676,5612,5640,-1,
5264,5188,5284,-1,
5004,4931,4933,-1,
4931,5004,4972,-1,
5018,4895,4897,-1,
5172,5108,5160,-1,
5172,5060,5108,-1,
4978,4873,4875,-1,
5066,5018,5150,-1,
5688,5640,5656,-1,
5716,5696,5728,-1,
5592,5544,5583,-1,
5318,5202,5270,-1,
5708,5648,5676,-1,
5581,5542,5616,-1,
5527,5458,5522,-1,
5478,5394,5450,-1,
5272,5160,5204,-1,
5368,5352,5420,-1,
5202,5156,5226,-1,
5226,5106,5172,-1,
5498,5470,5514,-1,
5334,5276,5336,-1,
5142,5126,5230,-1,
5002,4966,5062,-1,
4779,5002,4777,-1,
5002,4779,4966,-1,
5528,5521,5569,-1,
5681,5647,5707,-1,
5457,5441,5505,-1,
5715,5675,5687,-1,
4818,5017,5065,-1,
5017,4818,4816,-1,
5375,5299,5307,-1,
5305,5233,5297,-1,
5489,5477,5533,-1,
5533,5477,5497,-1,
5171,5059,5103,-1,
4810,4808,5045,-1,
5275,5223,5331,-1,
5571,5507,5523,-1,
5561,5505,5549,-1,
5569,5505,5561,-1,
5375,5307,5387,-1,
5483,5467,5511,-1,
5513,5511,5555,-1,
5013,4954,4952,-1,
4954,5013,5029,-1,
5273,5229,5337,-1,
5173,5061,5107,-1,
4910,4985,4912,-1,
4985,4910,5061,-1,
5353,5257,5321,-1,
5329,5213,5293,-1,
5481,5453,5501,-1,
5421,5353,5369,-1,
5593,5557,5591,-1,
5632,5621,5669,-1,
5451,5395,5479,-1,
5369,5337,5381,-1,
5265,5189,5249,-1,
5309,5301,5377,-1,
5057,4940,4938,-1,
4940,5057,5077,-1,
4958,4956,5029,-1,
5345,5265,5329,-1,
5243,5183,5259,-1,
5231,5142,5238,-1,
4750,4748,5038,-1,
5447,5391,5407,-1,
5119,5031,5127,-1,
4758,4756,5023,-1,
5163,5071,5183,-1,
4772,5051,4774,-1,
5051,4772,5071,-1,
5539,5495,5576,-1,
5576,5531,5547,-1,
5589,5513,5555,-1,
5587,5511,5539,-1,
5719,5705,5703,-1,
5576,5547,5595,-1,
5407,5323,5339,-1,
5347,5251,5287,-1,
5365,5317,5333,-1,
5267,5199,5251,-1,
5415,5347,5391,-1,
5079,5063,5147,-1,
4782,4780,4967,-1,
5063,5003,5095,-1,
4784,4782,4967,-1,
4802,4983,5059,-1,
4983,4802,4800,-1,
5155,5081,5105,-1,
5439,5371,5455,-1,
5518,5454,5502,-1,
5526,5518,5566,-1,
5462,5398,5454,-1,
5454,5438,5502,-1,
5382,5370,5454,-1,
5294,5278,5370,-1,
5398,5302,5382,-1,
5278,5182,5258,-1,
5258,5182,5242,-1,
5118,5006,5110,-1,
5050,4773,4775,-1,
5050,4771,4773,-1,
4771,5050,5070,-1,
5022,4755,4757,-1,
4761,5006,4759,-1,
5006,4761,4990,-1,
5385,5373,5457,-1,
5193,5113,5185,-1,
5227,5157,5203,-1,
5083,5019,5151,-1,
5085,4922,4920,-1,
4922,5085,5021,-1,
5085,5049,5109,-1,
5351,5291,5395,-1,
5319,5291,5351,-1,
4932,4930,4973,-1,
5257,5205,5273,-1,
5068,5004,5100,-1,
5352,5256,5292,-1,
5284,5188,5196,-1,
5608,5552,5564,-1,
5452,5396,5412,-1,
5508,5460,5524,-1,
5585,5529,5573,-1,
5664,5624,5633,-1,
5664,5608,5624,-1,
5625,5573,5609,-1,
5573,5565,5609,-1,
5697,5665,5689,-1,
5667,5665,5697,-1,
5709,5681,5707,-1,
5749,5717,5741,-1,
5601,5584,5641,-1,
5565,5553,5609,-1,
5677,5649,5709,-1,
5769,5765,5775,-1,
5741,5709,5721,-1,
5745,5713,5737,-1,
5758,5742,5754,-1,
5760,5744,5767,-1,
5766,5742,5758,-1,
5774,5758,5770,-1,
5561,5549,5605,-1,
5521,5505,5569,-1,
5621,5605,5653,-1,
5597,5578,5615,-1,
5768,5761,5777,-1,
5722,5690,5710,-1,
5643,5587,5611,-1,
5547,5487,5503,-1,
5669,5661,5700,-1,
5629,5591,5617,-1,
5084,5020,5068,-1,
5084,4921,5020,-1,
4921,5084,4919,-1,
4972,4927,4929,-1,
5283,5195,5299,-1,
5240,5233,5312,-1,
4914,4912,4985,-1,
5568,5520,5527,-1,
5548,5488,5504,-1,
5206,5094,5174,-1,
5094,5206,5134,-1,
5346,5250,5314,-1,
5134,5002,5094,-1,
5094,5002,5062,-1,
5174,5146,5198,-1,
5174,5062,5146,-1,
5332,5316,5364,-1,
5224,5200,5268,-1,
5316,5252,5288,-1,
5316,5200,5252,-1,
4795,5042,4793,-1,
5042,4795,4982,-1,
5078,5042,5102,-1,
5044,5016,5080,-1,
5096,4998,5052,-1,
5102,5058,5170,-1,
5158,5102,5170,-1,
5104,5080,5154,-1,
5096,5052,5136,-1,
4807,4986,4805,-1,
4986,4807,5044,-1,
5058,4986,5044,-1,
5208,5096,5136,-1,
5136,5052,5166,-1,
4811,5044,4809,-1,
5044,4811,5016,-1,
5016,4813,4815,-1,
5166,5052,5072,-1,
5244,5166,5184,-1,
5280,5192,5296,-1,
5112,4992,5008,-1,
4976,4833,4835,-1,
4976,4835,4837,-1,
4833,5052,4831,-1,
5052,4833,4976,-1,
5098,5066,5150,-1,
5168,5054,5138,-1,
5239,5234,5311,-1,
5143,5130,5234,-1,
4869,4994,5010,-1,
4994,4869,4871,-1,
5122,5026,5114,-1,
5547,5503,5559,-1,
5683,5635,5651,-1,
5567,5503,5519,-1,
5559,5503,5567,-1,
5634,5610,5670,-1,
5546,5530,5575,-1,
5588,5512,5540,-1,
5538,5510,5586,-1,
5362,5266,5330,-1,
5222,5158,5170,-1,
5414,5346,5362,-1,
5466,5362,5422,-1,
5476,5392,5408,-1,
5476,5408,5488,-1,
5668,5662,5699,-1,
5662,5622,5654,-1,
5588,5540,5614,-1,
5512,5468,5496,-1,
5512,5496,5540,-1,
5626,5588,5614,-1,
5378,5364,5424,-1,
5424,5364,5416,-1,
5642,5626,5644,-1,
5642,5644,5678,-1,
5658,5602,5650,-1,
5682,5670,5710,-1,
5577,5532,5596,-1,
5596,5548,5604,-1,
5672,5636,5684,-1,
5684,5636,5652,-1,
5504,5440,5456,-1,
5488,5440,5504,-1,
5386,5374,5458,-1,
5458,5442,5506,-1,
5282,5194,5262,-1,
5210,5178,5254,-1,
5506,5490,5550,-1,
5239,5143,5234,-1,
5234,5218,5298,-1,
5186,5168,5246,-1,
5662,5654,5686,-1,
5654,5638,5686,-1,
5751,5724,5731,-1,
5724,5699,5731,-1,
5750,5742,5766,-1,
5770,5758,5760,-1,
5762,5756,5764,-1,
5674,5616,5646,-1,
5769,5749,5765,-1,
5762,5764,5772,-1,
5728,5696,5733,-1,
5748,5728,5753,-1,
5590,5556,5592,-1,
5544,5472,5500,-1,
5018,4897,4899,-1,
5046,4901,4903,-1,
4873,4994,4871,-1,
4994,4873,4978,-1,
4984,4913,4915,-1,
5646,5616,5628,-1,
5648,5612,5676,-1,
5648,5592,5612,-1,
5716,5676,5688,-1,
5592,5583,5612,-1,
5676,5640,5688,-1,
5534,5498,5542,-1,
5490,5410,5478,-1,
5680,5648,5708,-1,
5680,5646,5648,-1,
5616,5590,5628,-1,
5590,5592,5628,-1,
5570,5506,5562,-1,
5550,5534,5598,-1,
5490,5478,5534,-1,
5562,5506,5550,-1,
5334,5336,5380,-1,
5418,5366,5426,-1,
5172,5160,5228,-1,
5336,5272,5368,-1,
4903,4988,5046,-1,
4988,4903,4905,-1,
5082,5046,5106,-1,
5394,5350,5418,-1,
5326,5290,5394,-1,
5202,5082,5156,-1,
5156,5106,5226,-1,
5191,5119,5215,-1,
5238,5142,5230,-1,
5752,5727,5732,-1,
5739,5715,5747,-1,
5491,5435,5443,-1,
5551,5491,5507,-1,
5247,5169,5187,-1,
5299,5235,5307,-1,
5507,5443,5459,-1,
5395,5291,5327,-1,
4900,5047,4902,-1,
5047,4900,5019,-1,
4900,4898,5019,-1,
5245,5209,5325,-1,
5177,5149,5253,-1,
5433,5409,5489,-1,
5528,5457,5521,-1,
5415,5391,5447,-1,
5333,5275,5331,-1,
5578,5541,5615,-1,
5469,5425,5513,-1,
4997,4981,5077,-1,
5005,4932,4973,-1,
4932,5005,4934,-1,
5101,5069,5181,-1,
5249,5213,5329,-1,
5453,5421,5501,-1,
5529,5525,5573,-1,
5501,5473,5545,-1,
5473,5369,5429,-1,
5485,5427,5515,-1,
5582,5535,5599,-1,
5617,5582,5599,-1,
5381,5335,5367,-1,
5173,5107,5227,-1,
5369,5273,5337,-1,
5427,5367,5419,-1,
5499,5419,5451,-1,
5413,5329,5397,-1,
5361,5345,5413,-1,
5248,5188,5264,-1,
4938,4936,5057,-1,
4981,4946,4944,-1,
4946,4981,4997,-1,
5361,5285,5345,-1,
5197,5189,5285,-1,
5323,5207,5243,-1,
5287,5175,5207,-1,
5038,4748,4749,-1,
4764,4762,4991,-1,
5371,5295,5303,-1,
5091,4991,5111,-1,
4766,4975,4768,-1,
4975,4766,4991,-1,
5555,5511,5587,-1,
5589,5555,5587,-1,
5447,5407,5475,-1,
5635,5576,5595,-1,
5495,5447,5475,-1,
5431,5355,5371,-1,
5475,5407,5431,-1,
5475,5431,5487,-1,
5347,5323,5391,-1,
5391,5323,5407,-1,
5199,5079,5147,-1,
5331,5223,5267,-1,
5365,5333,5379,-1,
4786,5015,4788,-1,
5015,4786,5063,-1,
4766,4764,4991,-1,
5095,5003,5135,-1,
5135,5003,5051,-1,
4776,4774,5051,-1,
5225,5171,5223,-1,
5417,5317,5365,-1,
5659,5603,5619,-1,
5558,5502,5546,-1,
5455,5371,5383,-1,
5371,5303,5383,-1,
5382,5302,5370,-1,
5454,5370,5438,-1,
5354,5338,5406,-1,
5474,5446,5494,-1,
5238,5230,5310,-1,
5279,5215,5295,-1,
5278,5258,5338,-1,
5322,5286,5346,-1,
5070,5050,5134,-1,
5182,5070,5162,-1,
5006,4990,5110,-1,
5090,4990,5070,-1,
5030,5022,5118,-1,
5289,5253,5317,-1,
5227,5107,5157,-1,
5151,5019,5067,-1,
5319,5203,5255,-1,
5271,5203,5319,-1,
5291,5211,5327,-1,
5211,5169,5247,-1,
4956,4954,5029,-1,
5133,5125,5237,-1,
5132,5041,5145,-1,
5272,5204,5256,-1,
5292,5180,5212,-1,
5552,5492,5508,-1,
5480,5436,5492,-1,
5552,5480,5492,-1,
5412,5328,5344,-1,
5480,5412,5436,-1,
5552,5508,5564,-1,
5465,5461,5525,-1,
5585,5573,5633,-1,
5461,5445,5509,-1,
5493,5481,5553,-1,
5641,5613,5677,-1,
5641,5584,5613,-1,
5401,5389,5461,-1,
5565,5509,5553,-1,
5535,5491,5551,-1,
5763,5747,5768,-1,
5725,5713,5745,-1,
5752,5745,5768,-1,
5772,5764,5775,-1,
5757,5747,5763,-1,
5773,5763,5777,-1,
5775,5764,5769,-1,
5723,5691,5730,-1,
5750,5723,5730,-1,
5702,5642,5678,-1,
5736,5712,5744,-1,
5658,5650,5682,-1,
5743,5723,5750,-1,
5666,5630,5658,-1,
5698,5666,5690,-1,
5569,5561,5605,-1,
5621,5569,5605,-1,
5521,5457,5505,-1,
5505,5489,5549,-1,
5533,5497,5541,-1,
5637,5597,5615,-1,
5735,5703,5711,-1,
5627,5587,5643,-1,
5703,5643,5671,-1,
5711,5691,5723,-1,
5711,5683,5691,-1,
5755,5743,5759,-1,
5679,5643,5703,-1,
5643,5611,5671,-1,
5589,5587,5627,-1,
5615,5589,5627,-1,
5549,5533,5597,-1,
5653,5605,5637,-1,
5607,5563,5571,-1,
5700,5663,5669,-1,
5226,5172,5228,-1,
5048,4919,5084,-1,
4919,5048,4917,-1,
5020,4921,4923,-1,
5020,4925,5068,-1,
4925,5020,4923,-1,
5124,5012,5028,-1,
4882,4880,5055,-1,
5049,4920,4918,-1,
4920,5049,5085,-1,
5596,5532,5548,-1,
5532,5488,5548,-1,
5338,5322,5406,-1,
5286,5250,5346,-1,
5206,5174,5286,-1,
5406,5322,5390,-1,
5250,5198,5266,-1,
5314,5250,5266,-1,
5146,5078,5198,-1,
5146,5062,5078,-1,
5222,5170,5224,-1,
5222,5224,5274,-1,
5042,4982,5102,-1,
5102,4982,5058,-1,
5016,4811,4813,-1,
4968,4821,4823,-1,
4825,4998,4968,-1,
4998,4825,4827,-1,
5148,5096,5176,-1,
5200,5148,5252,-1,
5184,5112,5192,-1,
5184,5086,5112,-1,
5216,5112,5120,-1,
5216,5120,5232,-1,
5356,5260,5280,-1,
5260,5192,5280,-1,
5052,4976,5072,-1,
5072,4976,5086,-1,
4968,4823,4825,-1,
5138,5054,5098,-1,
5168,5138,5210,-1,
5074,4978,5054,-1,
5054,4879,4881,-1,
5232,5128,5143,-1,
5128,5032,5143,-1,
5306,5298,5374,-1,
5298,5282,5374,-1,
5010,4865,4867,-1,
5039,5034,5143,-1,
4857,5034,5039,-1,
5034,4857,4859,-1,
5576,5495,5531,-1,
5603,5547,5559,-1,
5651,5603,5659,-1,
5683,5651,5659,-1,
5603,5559,5567,-1,
5487,5431,5503,-1,
5503,5439,5455,-1,
5503,5455,5519,-1,
5618,5602,5658,-1,
5502,5486,5546,-1,
5575,5538,5586,-1,
5575,5494,5538,-1,
5602,5594,5634,-1,
5634,5575,5610,-1,
5538,5466,5510,-1,
5494,5466,5538,-1,
5362,5330,5378,-1,
5332,5224,5268,-1,
5546,5474,5530,-1,
5486,5474,5546,-1,
5724,5692,5699,-1,
5684,5652,5660,-1,
5604,5548,5560,-1,
5652,5604,5620,-1,
5540,5496,5532,-1,
5540,5532,5577,-1,
5554,5512,5588,-1,
5586,5554,5588,-1,
5512,5424,5468,-1,
5424,5416,5468,-1,
5718,5704,5736,-1,
5670,5642,5702,-1,
5678,5644,5704,-1,
5704,5644,5672,-1,
5702,5704,5718,-1,
5734,5718,5754,-1,
5610,5586,5642,-1,
5642,5586,5626,-1,
5730,5690,5722,-1,
5666,5658,5690,-1,
5432,5372,5440,-1,
5432,5356,5372,-1,
5520,5456,5527,-1,
5668,5620,5631,-1,
5456,5399,5463,-1,
5399,5311,5386,-1,
5342,5262,5326,-1,
5358,5342,5434,-1,
5458,5374,5442,-1,
5442,5374,5434,-1,
5399,5386,5458,-1,
5463,5399,5458,-1,
5218,5114,5194,-1,
5088,5074,5186,-1,
5210,5098,5178,-1,
5290,5254,5318,-1,
5706,5646,5680,-1,
5686,5638,5674,-1,
5731,5726,5751,-1,
5731,5699,5726,-1,
5754,5718,5736,-1,
5754,5736,5744,-1,
5756,5748,5764,-1,
5776,5772,5775,-1,
5776,5760,5767,-1,
5767,5746,5762,-1,
5775,5765,5773,-1,
5775,5773,5777,-1,
5701,5667,5697,-1,
5753,5728,5733,-1,
5748,5716,5728,-1,
5740,5716,5748,-1,
5428,5368,5472,-1,
5472,5368,5420,-1,
5054,5000,5098,-1,
4893,5018,5066,-1,
5018,4893,4895,-1,
5688,5656,5664,-1,
5688,5664,5696,-1,
5738,5720,5756,-1,
5746,5738,5756,-1,
5646,5628,5648,-1,
5628,5592,5648,-1,
5640,5600,5608,-1,
5640,5583,5600,-1,
5366,5318,5334,-1,
5380,5368,5428,-1,
5606,5550,5598,-1,
5478,5450,5498,-1,
5598,5581,5616,-1,
5638,5598,5616,-1,
5562,5550,5606,-1,
5570,5562,5606,-1,
5522,5458,5506,-1,
5522,5506,5570,-1,
5380,5336,5368,-1,
5498,5418,5470,-1,
4988,4905,4907,-1,
5106,5060,5172,-1,
5350,5318,5418,-1,
5418,5318,5366,-1,
5270,5226,5334,-1,
5334,5226,5276,-1,
5270,5202,5226,-1,
5254,5202,5318,-1,
5571,5523,5528,-1,
5507,5459,5523,-1,
5491,5443,5507,-1,
5551,5507,5563,-1,
5528,5459,5464,-1,
5464,5457,5528,-1,
5179,5099,5211,-1,
5359,5283,5375,-1,
5435,5375,5443,-1,
5443,5375,5459,-1,
5327,5263,5343,-1,
5255,5179,5211,-1,
5047,5019,5083,-1,
5325,5209,5289,-1,
5393,5289,5349,-1,
5097,4999,5065,-1,
4806,4804,4987,-1,
5489,5409,5477,-1,
5449,5417,5497,-1,
5425,5379,5483,-1,
5379,5363,5423,-1,
5267,5251,5315,-1,
5315,5251,5347,-1,
5467,5363,5415,-1,
5363,5347,5415,-1,
5541,5497,5513,-1,
5541,5513,5589,-1,
5497,5417,5469,-1,
5449,5393,5417,-1,
5141,5249,5165,-1,
5249,5141,5213,-1,
5213,5181,5293,-1,
5153,5069,5085,-1,
5205,5161,5273,-1,
5293,5181,5257,-1,
5181,5069,5153,-1,
5501,5421,5473,-1,
5453,5397,5421,-1,
5545,5473,5517,-1,
5537,5481,5501,-1,
5517,5485,5515,-1,
5517,5473,5485,-1,
5649,5629,5647,-1,
5584,5501,5545,-1,
5535,5479,5491,-1,
5491,5411,5435,-1,
5161,5085,5109,-1,
5337,5277,5335,-1,
5381,5337,5335,-1,
5381,5367,5427,-1,
5419,5319,5351,-1,
5419,5351,5395,-1,
5265,5249,5329,-1,
5345,5329,5413,-1,
5125,5117,5197,-1,
5197,5117,5189,-1,
4963,4962,5041,-1,
5013,4950,4997,-1,
4950,5013,4952,-1,
5077,5057,5141,-1,
5165,5077,5141,-1,
4944,4942,4981,-1,
5013,4997,5117,-1,
5125,5013,5117,-1,
5339,5259,5279,-1,
5259,5183,5279,-1,
5030,4749,4751,-1,
4749,5030,5038,-1,
5031,4754,4752,-1,
4754,5031,5023,-1,
5071,4991,5091,-1,
5071,4975,4991,-1,
5323,5243,5259,-1,
5323,5259,5339,-1,
5223,5159,5267,-1,
4792,5043,4794,-1,
5043,4792,5079,-1,
5171,5159,5223,-1,
5171,5103,5159,-1,
4796,5043,4983,-1,
5043,4796,4794,-1,
4798,4796,4983,-1,
4770,4768,4975,-1,
5003,4780,4778,-1,
4780,5003,4967,-1,
5063,4967,5003,-1,
5175,5063,5095,-1,
5135,5243,5207,-1,
5243,5135,5163,-1,
5269,5201,5225,-1,
5081,5045,5105,-1,
5059,4983,5103,-1,
5103,4983,5043,-1,
5455,5383,5398,-1,
5383,5303,5398,-1,
5310,5302,5398,-1,
5302,5294,5370,-1,
5310,5230,5302,-1,
5230,5214,5302,-1,
5310,5231,5238,-1,
5303,5231,5310,-1,
5338,5258,5322,-1,
5258,5242,5322,-1,
5242,5134,5206,-1,
5134,5242,5162,-1,
5090,5070,5182,-1,
5110,4990,5090,-1,
4974,4765,4767,-1,
4765,4974,4990,-1,
4990,4763,4765,-1,
5142,5038,5126,-1,
5126,5030,5118,-1,
5006,4757,4759,-1,
4757,5006,5022,-1,
5022,5006,5118,-1,
4753,5030,4751,-1,
5030,4753,5022,-1,
5038,5030,5126,-1,
4834,5053,4977,-1,
5053,4834,4832,-1,
5149,5017,5081,-1,
5121,5025,5113,-1,
5441,5373,5433,-1,
5299,5219,5235,-1,
5255,5151,5179,-1,
5203,5083,5151,-1,
5255,5211,5291,-1,
5319,5255,5291,-1,
5435,5359,5375,-1,
5395,5327,5411,-1,
5005,4973,5069,-1,
5101,5005,5069,-1,
5124,5036,5132,-1,
5377,5361,5437,-1,
5133,5037,5125,-1,
4972,4929,4931,-1,
5041,5037,5133,-1,
5145,5041,5133,-1,
5212,5100,5140,-1,
5100,5212,5180,-1,
5272,5256,5320,-1,
5320,5256,5352,-1,
5204,5084,5152,-1,
5084,5068,5152,-1,
5583,5536,5552,-1,
5583,5500,5536,-1,
5444,5376,5460,-1,
5452,5412,5480,-1,
5313,5237,5309,-1,
5116,4996,5012,-1,
5460,5376,5388,-1,
5145,5133,5237,-1,
5572,5508,5524,-1,
5572,5529,5585,-1,
5624,5572,5633,-1,
5608,5572,5624,-1,
5572,5524,5529,-1,
5465,5401,5461,-1,
5657,5641,5689,-1,
5689,5641,5677,-1,
5609,5553,5601,-1,
5601,5553,5584,-1,
5629,5593,5591,-1,
5677,5613,5649,-1,
5525,5461,5509,-1,
5525,5509,5573,-1,
5237,5221,5309,-1,
5445,5377,5437,-1,
5709,5707,5721,-1,
5707,5675,5715,-1,
5717,5709,5741,-1,
5717,5677,5709,-1,
5777,5763,5768,-1,
5768,5745,5761,-1,
5766,5758,5774,-1,
5761,5755,5759,-1,
5770,5760,5776,-1,
5774,5770,5776,-1,
5618,5566,5602,-1,
5630,5618,5658,-1,
5691,5666,5698,-1,
5659,5630,5666,-1,
5400,5385,5457,-1,
5505,5441,5489,-1,
5597,5533,5578,-1,
5637,5615,5673,-1,
5730,5691,5698,-1,
5735,5711,5743,-1,
5761,5745,5755,-1,
5759,5743,5766,-1,
5719,5703,5735,-1,
5743,5711,5723,-1,
5645,5627,5643,-1,
5645,5615,5627,-1,
5671,5611,5635,-1,
5671,5635,5683,-1,
5725,5685,5713,-1,
5685,5673,5713,-1,
5663,5623,5669,-1,
5695,5663,5700,-1,
5739,5707,5715,-1,
5707,5647,5675,-1,
5046,4988,5060,-1,
5106,5046,5060,-1,
5336,5228,5272,-1,
5276,5228,5336,-1,
5188,5116,5196,-1,
5352,5292,5328,-1,
5044,4807,4809,-1,
5080,5016,5148,-1,
5200,5080,5148,-1,
5148,5064,5096,-1,
5148,5016,5064,-1,
5324,5260,5340,-1,
5324,5244,5260,-1,
5052,4829,4831,-1,
5114,4994,5088,-1,
4877,5054,4978,-1,
5054,4877,4879,-1,
4978,4875,4877,-1,
5386,5306,5374,-1,
5311,5306,5386,-1,
5122,5114,5218,-1,
5130,5122,5234,-1,
4861,5026,5034,-1,
5026,4861,4863,-1,
5034,4859,4861,-1,
5531,5475,5547,-1,
5547,5475,5487,-1,
5587,5576,5611,-1,
5587,5539,5576,-1,
5630,5567,5574,-1,
5567,5519,5526,-1,
5603,5567,5619,-1,
5619,5567,5630,-1,
5438,5430,5502,-1,
5502,5430,5486,-1,
5594,5575,5634,-1,
5650,5602,5634,-1,
5414,5362,5466,-1,
5494,5414,5466,-1,
5378,5330,5332,-1,
5330,5274,5332,-1,
5422,5362,5378,-1,
5422,5378,5482,-1,
5684,5660,5692,-1,
5692,5660,5699,-1,
5698,5690,5730,-1,
5730,5722,5750,-1,
5690,5658,5682,-1,
5690,5682,5710,-1,
5620,5568,5579,-1,
5631,5579,5622,-1,
5560,5504,5568,-1,
5604,5560,5568,-1,
5568,5504,5520,-1,
5504,5456,5520,-1,
5456,5384,5399,-1,
5384,5311,5399,-1,
5246,5168,5210,-1,
5186,5074,5168,-1,
5194,5114,5186,-1,
5246,5210,5326,-1,
4994,4978,5088,-1,
5088,4978,5074,-1,
5326,5210,5290,-1,
5290,5210,5254,-1,
5178,5098,5150,-1,
5178,5150,5254,-1,
5706,5680,5708,-1,
5720,5706,5708,-1,
5694,5686,5726,-1,
5699,5694,5726,-1,
5742,5734,5754,-1,
5742,5710,5734,-1,
5764,5748,5769,-1,
5753,5749,5769,-1,
5733,5696,5701,-1,
5696,5667,5701,-1,
5729,5697,5717,-1,
5729,5717,5749,-1,
5708,5676,5716,-1,
5740,5708,5716,-1,
5516,5472,5544,-1,
5592,5516,5544,-1,
4970,4889,4891,-1,
5738,5706,5720,-1,
5746,5714,5738,-1,
5583,5552,5600,-1,
5600,5552,5608,-1,
5550,5490,5534,-1,
5410,5394,5478,-1,
5470,5418,5426,-1,
5426,5380,5484,-1,
5598,5534,5581,-1,
5581,5534,5542,-1,
4907,5060,4988,-1,
5060,4907,4909,-1,
4909,4984,5060,-1,
4984,4909,4911,-1,
5450,5418,5498,-1,
5450,5394,5418,-1,
5366,5334,5380,-1,
5426,5366,5380,-1,
5254,5150,5202,-1,
5150,5082,5202,-1,
5464,5400,5457,-1,
5459,5400,5464,-1,
5571,5528,5580,-1,
5523,5459,5528,-1,
5115,4995,5011,-1,
4882,5001,4884,-1,
5001,4882,5055,-1,
5151,5099,5179,-1,
5177,5097,5149,-1,
5113,5087,5185,-1,
5045,4987,5059,-1,
5349,5317,5417,-1,
5409,5393,5477,-1,
5325,5289,5393,-1,
4814,4812,5017,-1,
4816,4814,5017,-1,
5269,5225,5333,-1,
4804,5059,4987,-1,
5059,4804,4802,-1,
5349,5289,5317,-1,
5417,5365,5425,-1,
5477,5393,5449,-1,
5477,5449,5497,-1,
5379,5331,5363,-1,
5333,5331,5379,-1,
5483,5423,5467,-1,
5483,5379,5423,-1,
5467,5415,5495,-1,
5539,5467,5495,-1,
5101,5213,5141,-1,
5213,5101,5181,-1,
5181,5153,5205,-1,
5153,5085,5205,-1,
5557,5517,5515,-1,
5593,5517,5557,-1,
5553,5537,5584,-1,
5553,5481,5537,-1,
5591,5543,5617,-1,
5647,5617,5675,-1,
5109,5061,5173,-1,
5161,5109,5173,-1,
5473,5429,5485,-1,
5429,5369,5381,-1,
5499,5451,5479,-1,
5419,5395,5451,-1,
5329,5293,5353,-1,
5397,5329,5353,-1,
5285,5265,5345,-1,
5285,5189,5265,-1,
5221,5197,5285,-1,
5221,5125,5197,-1,
5093,4997,5077,-1,
5093,5077,5189,-1,
5339,5279,5355,-1,
5355,5279,5371,-1,
5111,5007,5119,-1,
5079,4790,5015,-1,
4790,5079,4792,-1,
5079,5015,5063,-1,
5095,5207,5175,-1,
5207,5095,5135,-1,
5251,5175,5287,-1,
5317,5201,5269,-1,
5317,5269,5333,-1,
5155,5105,5225,-1,
5201,5155,5225,-1,
5526,5462,5518,-1,
5519,5462,5526,-1,
5370,5354,5430,-1,
5370,5278,5354,-1,
5302,5214,5294,-1,
5294,5214,5278,-1,
5231,5127,5142,-1,
5303,5215,5231,-1,
5190,5110,5182,-1,
5190,5182,5278,-1,
5055,4979,5075,-1,
5053,4999,5097,-1,
5073,5053,5167,-1,
4844,4842,5009,-1,
5121,5113,5217,-1,
4832,4830,5053,-1,
5073,4977,5053,-1,
5312,5305,5385,-1,
5312,5233,5305,-1,
5373,5281,5357,-1,
5281,5193,5261,-1,
5131,5035,5144,-1,
5235,5131,5144,-1,
5235,5123,5131,-1,
5299,5195,5219,-1,
5169,5055,5075,-1,
5151,5067,5099,-1,
5375,5283,5299,-1,
5411,5327,5343,-1,
5435,5343,5359,-1,
5343,5263,5359,-1,
5479,5411,5491,-1,
5479,5395,5411,-1,
5309,5221,5301,-1,
5308,5236,5313,-1,
5012,4949,4951,-1,
4949,5012,4996,-1,
5036,4957,4959,-1,
4957,5036,5028,-1,
5037,4962,4960,-1,
4962,5037,5041,-1,
5536,5480,5552,-1,
5500,5480,5536,-1,
5328,5212,5248,-1,
5012,4953,5028,-1,
4953,5012,4951,-1,
5236,5132,5145,-1,
5508,5444,5460,-1,
5412,5344,5360,-1,
5508,5436,5444,-1,
5492,5436,5508,-1,
5665,5657,5689,-1,
5665,5609,5657,-1,
5613,5593,5649,-1,
5613,5584,5593,-1,
5437,5361,5413,-1,
5437,5413,5481,-1,
5768,5747,5752,-1,
5747,5715,5727,-1,
5757,5739,5747,-1,
5721,5707,5739,-1,
5709,5649,5681,-1,
5649,5647,5681,-1,
5778,5775,5777,-1,
5777,5774,5778,-1,
5774,5759,5766,-1,
5771,5759,5774,-1,
5758,5754,5760,-1,
5754,5744,5760,-1,
5385,5305,5373,-1,
5305,5297,5373,-1,
5661,5653,5685,-1,
5661,5621,5653,-1,
5605,5597,5637,-1,
5605,5549,5597,-1,
5703,5671,5711,-1,
5711,5671,5683,-1,
5679,5645,5643,-1,
5705,5679,5703,-1,
5745,5737,5755,-1,
5713,5673,5705,-1,
5713,5705,5737,-1,
5737,5705,5719,-1,
5607,5571,5623,-1,
5617,5599,5639,-1,
5563,5507,5571,-1,
5669,5623,5632,-1,
5108,5048,5084,-1,
5108,4984,5048,-1,
5292,5212,5328,-1,
5176,5096,5208,-1,
5252,5176,5208,-1,
4819,5064,4817,-1,
5064,4819,4968,-1,
5064,4968,4998,-1,
5010,4994,5114,-1,
5026,5010,5114,-1,
5306,5234,5298,-1,
5311,5234,5306,-1,
5218,5194,5298,-1,
5298,5194,5282,-1,
5574,5526,5566,-1,
5574,5566,5630,-1,
5558,5546,5602,-1,
5566,5558,5602,-1,
5602,5546,5594,-1,
5594,5546,5575,-1,
5568,5527,5579,-1,
5579,5527,5570,-1,
5660,5620,5668,-1,
5652,5620,5660,-1,
5358,5262,5342,-1,
5282,5262,5358,-1,
5350,5290,5318,-1,
5394,5290,5350,-1,
5733,5729,5753,-1,
5753,5729,5749,-1,
5470,5426,5514,-1,
5556,5516,5592,-1,
5484,5472,5516,-1,
5514,5516,5556,-1,
4891,5066,4970,-1,
5066,4891,4893,-1,
5098,5000,5066,-1,
5714,5674,5706,-1,
5674,5646,5706,-1,
5506,5442,5490,-1,
5442,5434,5490,-1,
5342,5326,5410,-1,
5410,5326,5394,-1,
5400,5312,5385,-1,
5459,5387,5400,-1,
5247,5187,5263,-1,
5263,5187,5195,-1,
5211,5099,5139,-1,
4878,5055,4880,-1,
5055,4878,4979,-1,
5185,5073,5167,-1,
5167,5137,5209,-1,
5245,5167,5209,-1,
5137,5097,5209,-1,
5409,5325,5393,-1,
5341,5325,5409,-1,
4812,5045,5017,-1,
5045,4812,4810,-1,
4808,4987,5045,-1,
4987,4808,4806,-1,
4824,4822,4969,-1,
5513,5483,5511,-1,
5513,5425,5483,-1,
5429,5381,5485,-1,
5485,5381,5427,-1,
5557,5515,5591,-1,
5499,5479,5535,-1,
5599,5535,5551,-1,
5687,5655,5663,-1,
5229,5173,5227,-1,
5337,5229,5277,-1,
5049,4985,5109,-1,
5109,4985,5061,-1,
5591,5515,5543,-1,
5471,5419,5499,-1,
5407,5355,5431,-1,
5407,5339,5355,-1,
5135,5051,5071,-1,
5135,5071,5163,-1,
5199,5147,5175,-1,
5147,5063,5175,-1,
5275,5225,5223,-1,
5333,5225,5275,-1,
5253,5201,5317,-1,
5253,5149,5201,-1,
5279,5183,5191,-1,
4756,4754,5023,-1,
5127,5031,5038,-1,
5127,5038,5142,-1,
5214,5190,5278,-1,
5214,5118,5190,-1,
4838,4836,4977,-1,
4830,4999,5053,-1,
4999,4830,4828,-1,
5113,4993,5087,-1,
5087,4977,5073,-1,
5025,5009,5113,-1,
5240,5144,5233,-1,
5307,5235,5312,-1,
5261,5245,5325,-1,
5341,5261,5325,-1,
5187,5115,5195,-1,
5187,5089,5115,-1,
5220,5124,5236,-1,
5401,5309,5389,-1,
5301,5221,5285,-1,
5461,5377,5445,-1,
5248,5140,5164,-1,
5140,5248,5212,-1,
5196,5124,5220,-1,
5401,5308,5313,-1,
5037,5029,5125,-1,
5037,4958,5029,-1,
4958,5037,4960,-1,
5092,4996,5116,-1,
5500,5452,5480,-1,
5500,5420,5452,-1,
5396,5328,5412,-1,
5352,5328,5396,-1,
5124,5028,5036,-1,
5524,5460,5465,-1,
5460,5388,5401,-1,
5313,5309,5401,-1,
5436,5376,5444,-1,
5545,5517,5593,-1,
5584,5545,5593,-1,
5509,5437,5493,-1,
5493,5437,5481,-1,
5757,5721,5739,-1,
5741,5721,5757,-1,
5727,5687,5695,-1,
5747,5727,5752,-1,
5778,5774,5776,-1,
5776,5775,5778,-1,
5457,5373,5441,-1,
5441,5433,5489,-1,
5700,5693,5725,-1,
5732,5700,5725,-1,
5623,5580,5632,-1,
5632,5580,5621,-1,
5623,5571,5580,-1,
5639,5599,5607,-1,
5180,5068,5100,-1,
4996,4945,4947,-1,
4980,4941,4943,-1,
5188,5076,5092,-1,
4892,5067,4894,-1,
5067,4892,4971,-1,
5262,5246,5326,-1,
5262,5186,5246,-1,
5590,5514,5556,-1,
5542,5514,5590,-1,
5000,4970,5066,-1,
4885,5000,4883,-1,
5000,4885,4970,-1,
5359,5263,5283,-1,
5263,5195,5283,-1,
5327,5247,5263,-1,
5327,5211,5247,-1,
5075,4979,5089,-1,
5123,5027,5035,-1,
5139,5055,5169,-1,
5211,5139,5169,-1,
5209,5177,5253,-1,
5209,5097,5177,-1,
5167,5053,5137,-1,
5137,5053,5097,-1,
5065,5017,5149,-1,
5097,5065,5149,-1,
5225,5105,5171,-1,
5081,5017,5045,-1,
5515,5499,5543,-1,
5543,5499,5535,-1,
5599,5551,5607,-1,
5607,5551,5563,-1,
5229,5227,5277,-1,
5277,5227,5335,-1,
5515,5471,5499,-1,
5515,5427,5471,-1,
4948,4946,4997,-1,
5215,5119,5231,-1,
5231,5119,5127,-1,
5183,5111,5191,-1,
5183,5091,5111,-1,
4870,4995,4872,-1,
4995,4870,5011,-1,
5123,5035,5131,-1,
4846,5025,4848,-1,
5025,4846,5009,-1,
5185,5167,5245,-1,
5087,5073,5185,-1,
5235,5144,5240,-1,
5312,5235,5240,-1,
5144,5033,5129,-1,
5233,5217,5297,-1,
5387,5312,5400,-1,
5387,5307,5312,-1,
5261,5185,5245,-1,
5193,5185,5261,-1,
5089,4979,4995,-1,
5099,5055,5139,-1,
5219,5123,5235,-1,
4856,4854,5040,-1,
4850,5025,5033,-1,
5025,4850,4848,-1,
5376,5300,5308,-1,
5236,5124,5132,-1,
5301,5285,5377,-1,
5377,5285,5361,-1,
5029,5013,5125,-1,
5028,4955,4957,-1,
5132,5036,5041,-1,
5188,5092,5116,-1,
5028,4953,4955,-1,
5036,4961,5041,-1,
4961,5036,4959,-1,
5529,5465,5525,-1,
5524,5465,5529,-1,
5308,5220,5236,-1,
5376,5308,5388,-1,
5344,5284,5360,-1,
5360,5284,5376,-1,
5727,5695,5700,-1,
5727,5700,5732,-1,
5675,5617,5639,-1,
5687,5663,5695,-1,
5767,5762,5776,-1,
5776,5762,5772,-1,
5297,5281,5373,-1,
5373,5357,5433,-1,
5140,5004,5056,-1,
5256,5180,5292,-1,
5100,5004,5140,-1,
5004,4935,5056,-1,
4935,5004,4933,-1,
5056,4939,5076,-1,
4939,5056,4937,-1,
4890,4888,4971,-1,
4894,5019,4896,-1,
5019,4894,5067,-1,
4898,4896,5019,-1,
5514,5484,5516,-1,
5514,5426,5484,-1,
4970,4887,4889,-1,
4970,4885,4887,-1,
5067,4971,5001,-1,
4820,5065,4969,-1,
5065,4820,4818,-1,
4822,4820,4969,-1,
5201,5081,5155,-1,
5149,5081,5201,-1,
5105,5045,5059,-1,
5105,5059,5171,-1,
5617,5543,5582,-1,
5543,5535,5582,-1,
5655,5607,5623,-1,
5655,5623,5663,-1,
4950,4948,4997,-1,
5111,4991,5007,-1,
5007,4762,4760,-1,
4762,5007,4991,-1,
4874,4995,4979,-1,
4995,4874,4872,-1,
4838,4993,4840,-1,
4993,4838,4977,-1,
4993,4977,5087,-1,
5033,5025,5121,-1,
5217,5113,5193,-1,
5233,5121,5217,-1,
5129,5033,5121,-1,
5089,4995,5115,-1,
4878,4876,4979,-1,
5219,5115,5123,-1,
5195,5115,5219,-1,
4862,5027,4864,-1,
5027,4862,5035,-1,
5236,5145,5241,-1,
5241,5145,5237,-1,
5376,5284,5300,-1,
5284,5196,5220,-1,
5389,5309,5377,-1,
5389,5377,5461,-1,
5116,5012,5124,-1,
5196,5116,5124,-1,
5436,5360,5376,-1,
5412,5360,5436,-1,
5328,5264,5344,-1,
5328,5248,5264,-1,
5281,5261,5357,-1,
5357,5261,5341,-1,
5204,5152,5180,-1,
5152,5068,5180,-1,
5056,4935,4937,-1,
5140,5056,5076,-1,
5248,5164,5188,-1,
5164,5076,5188,-1,
4996,4947,4949,-1,
4886,5001,4971,-1,
5001,4886,4884,-1,
5187,5075,5089,-1,
5169,5075,5187,-1,
5099,5001,5055,-1,
5067,5001,5099,-1,
4826,4999,4828,-1,
4999,4826,4969,-1,
4826,4824,4969,-1,
5687,5639,5655,-1,
5675,5639,5687,-1,
5191,5111,5119,-1,
4758,5007,4760,-1,
5007,4758,5023,-1,
4836,4834,4977,-1,
5009,4993,5113,-1,
4842,4993,5009,-1,
4993,4842,4840,-1,
5129,5121,5233,-1,
5144,5129,5233,-1,
4876,4874,4979,-1,
5144,5035,5040,-1,
4858,5035,4860,-1,
5035,4858,5040,-1,
5313,5236,5241,-1,
5241,5237,5313,-1,
5284,5220,5300,-1,
5300,5220,5308,-1,
4980,4945,4996,-1,
4945,4980,4943,-1,
5140,5076,5164,-1,
5076,4941,4980,-1,
4941,5076,4939,-1,
4870,4868,5011,-1,
5119,5007,5023,-1,
5119,5023,5031,-1,
4852,4850,5033,-1,
5115,5027,5123,-1,
5115,5011,5027,-1,
4858,4856,5040,-1,
4862,4860,5035,-1,
4854,5033,5040,-1,
5033,4854,4852,-1,
5040,5033,5144,-1,
5076,4980,4996,-1,
5076,4996,5092,-1,
4892,4890,4971,-1,
4868,4866,5011,-1,
293,245,309,-1,
169,135,171,-1,
70,47,63,-1,
142,102,130,-1,
757,874,737,-1,
874,757,876,-1,
440,356,372,-1,
78,70,102,-1,
869,818,867,-1,
581,509,517,-1,
990,845,992,-1,
169,171,187,-1,
230,173,201,-1,
117,97,125,-1,
567,487,551,-1,
232,197,215,-1,
1004,769,1006,-1,
65,49,57,-1,
143,103,131,-1,
638,606,718,-1,
109,95,111,-1,
175,127,159,-1,
137,97,105,-1,
98,66,86,-1,
585,537,587,-1,
447,395,495,-1,
335,323,403,-1,
636,560,664,-1,
676,604,716,-1,
235,192,244,-1,
215,175,207,-1,
56,40,44,-1,
363,335,419,-1,
249,205,261,-1,
127,87,119,-1,
209,161,177,-1,
133,105,107,-1,
72,60,80,-1,
65,57,73,-1,
130,90,122,-1,
689,617,697,-1,
312,248,256,-1,
157,125,173,-1,
821,976,974,-1,
976,821,837,-1,
761,677,717,-1,
1017,832,1015,-1,
832,712,756,-1,
102,90,130,-1,
96,60,78,-1,
614,562,666,-1,
194,146,183,-1,
104,80,112,-1,
511,416,504,-1,
819,944,942,-1,
944,819,803,-1,
894,765,896,-1,
765,894,729,-1,
377,333,401,-1,
263,251,307,-1,
223,185,197,-1,
107,99,139,-1,
497,449,481,-1,
803,699,787,-1,
159,151,191,-1,
56,54,60,-1,
54,38,47,-1,
153,114,121,-1,
97,73,105,-1,
49,39,41,-1,
573,501,577,-1,
529,453,469,-1,
689,593,617,-1,
822,977,838,-1,
977,822,975,-1,
895,766,730,-1,
766,895,897,-1,
728,702,822,-1,
579,574,670,-1,
959,775,957,-1,
562,498,526,-1,
532,440,456,-1,
648,570,630,-1,
750,666,718,-1,
620,552,628,-1,
810,879,881,-1,
879,810,758,-1,
112,80,96,-1,
366,338,422,-1,
37,36,40,-1,
54,47,70,-1,
408,340,368,-1,
816,989,846,-1,
989,816,987,-1,
155,148,184,-1,
195,155,184,-1,
744,1045,840,-1,
1045,744,1043,-1,
212,156,164,-1,
837,727,741,-1,
309,265,325,-1,
821,727,837,-1,
629,553,569,-1,
521,461,557,-1,
413,349,353,-1,
341,269,297,-1,
197,175,215,-1,
307,243,291,-1,
335,279,323,-1,
315,279,335,-1,
182,145,193,-1,
119,114,151,-1,
72,56,60,-1,
95,79,111,-1,
68,52,58,-1,
51,37,46,-1,
159,127,151,-1,
89,62,69,-1,
173,137,201,-1,
66,45,61,-1,
41,37,51,-1,
57,51,67,-1,
82,62,89,-1,
127,119,151,-1,
181,147,149,-1,
65,45,49,-1,
778,682,773,-1,
478,446,542,-1,
254,210,246,-1,
90,83,115,-1,
68,47,52,-1,
537,479,587,-1,
729,609,653,-1,
625,549,565,-1,
464,396,496,-1,
885,842,883,-1,
867,818,865,-1,
628,552,568,-1,
326,310,374,-1,
508,440,516,-1,
466,398,422,-1,
919,796,917,-1,
965,782,963,-1,
357,286,293,-1,
355,350,414,-1,
741,647,761,-1,
631,535,623,-1,
489,421,525,-1,
762,742,838,-1,
660,614,734,-1,
1019,832,1017,-1,
672,584,688,-1,
492,468,528,-1,
238,179,219,-1,
482,450,498,-1,
328,268,340,-1,
490,474,554,-1,
80,60,96,-1,
123,84,116,-1,
69,53,59,-1,
77,59,95,-1,
170,142,200,-1,
102,70,90,-1,
518,510,582,-1,
430,358,415,-1,
556,492,572,-1,
237,200,218,-1,
104,72,80,-1,
132,104,144,-1,
1043,764,1041,-1,
764,1043,744,-1,
743,631,723,-1,
976,837,978,-1,
717,665,749,-1,
357,293,309,-1,
509,441,517,-1,
281,217,236,-1,
414,357,429,-1,
405,337,421,-1,
621,517,533,-1,
815,749,845,-1,
553,473,489,-1,
970,805,972,-1,
829,705,753,-1,
401,333,361,-1,
343,315,395,-1,
139,99,127,-1,
197,139,175,-1,
343,299,315,-1,
329,299,387,-1,
251,243,307,-1,
271,232,279,-1,
281,236,273,-1,
121,89,129,-1,
234,182,193,-1,
99,67,87,-1,
67,62,87,-1,
193,161,209,-1,
55,48,71,-1,
161,129,177,-1,
155,123,148,-1,
111,79,103,-1,
53,37,43,-1,
79,71,103,-1,
74,58,66,-1,
44,38,54,-1,
151,114,145,-1,
175,159,207,-1,
139,127,175,-1,
167,107,139,-1,
75,57,67,-1,
137,105,165,-1,
107,75,99,-1,
93,57,75,-1,
51,46,67,-1,
39,37,41,-1,
99,87,127,-1,
145,114,153,-1,
173,125,137,-1,
166,138,202,-1,
74,66,98,-1,
887,842,885,-1,
377,305,321,-1,
394,362,418,-1,
732,612,658,-1,
70,63,90,-1,
434,386,446,-1,
287,244,292,-1,
194,183,235,-1,
106,74,98,-1,
115,83,88,-1,
316,272,300,-1,
58,50,66,-1,
529,469,549,-1,
485,417,461,-1,
413,353,425,-1,
738,873,875,-1,
873,738,834,-1,
586,542,654,-1,
126,98,118,-1,
708,642,754,-1,
538,480,478,-1,
901,830,899,-1,
953,788,951,-1,
788,953,780,-1,
820,726,836,-1,
518,442,510,-1,
702,694,790,-1,
702,598,694,-1,
1001,798,999,-1,
474,458,554,-1,
678,606,648,-1,
666,638,718,-1,
498,466,526,-1,
944,803,946,-1,
715,675,759,-1,
705,641,753,-1,
611,495,559,-1,
487,403,471,-1,
447,387,395,-1,
414,350,357,-1,
243,234,286,-1,
964,789,966,-1,
789,964,781,-1,
752,668,736,-1,
807,1056,1054,-1,
1056,807,791,-1,
101,69,77,-1,
459,443,535,-1,
527,467,491,-1,
734,666,798,-1,
798,997,999,-1,
997,798,750,-1,
798,666,750,-1,
838,728,822,-1,
762,981,983,-1,
981,762,838,-1,
346,302,318,-1,
736,1025,800,-1,
1025,736,1023,-1,
608,528,640,-1,
490,406,474,-1,
398,366,422,-1,
756,644,710,-1,
772,712,832,-1,
644,590,710,-1,
466,422,526,-1,
770,734,798,-1,
710,660,734,-1,
925,844,923,-1,
768,708,754,-1,
60,54,70,-1,
78,60,70,-1,
40,38,44,-1,
56,44,54,-1,
71,48,64,-1,
156,132,164,-1,
188,170,200,-1,
136,110,170,-1,
210,194,246,-1,
122,90,115,-1,
226,200,274,-1,
188,172,170,-1,
110,78,102,-1,
110,102,142,-1,
338,326,406,-1,
422,338,406,-1,
744,680,764,-1,
360,312,376,-1,
452,436,484,-1,
346,318,398,-1,
204,172,228,-1,
256,212,268,-1,
170,110,142,-1,
239,228,276,-1,
812,752,848,-1,
1058,791,1060,-1,
163,155,211,-1,
696,624,704,-1,
761,980,837,-1,
980,761,982,-1,
717,605,637,-1,
821,701,727,-1,
978,837,980,-1,
725,627,699,-1,
427,355,414,-1,
741,629,647,-1,
597,517,621,-1,
621,533,553,-1,
441,357,373,-1,
301,259,303,-1,
701,621,629,-1,
781,693,789,-1,
581,517,597,-1,
569,489,605,-1,
361,313,393,-1,
653,541,585,-1,
745,661,729,-1,
261,230,277,-1,
333,313,361,-1,
185,165,167,-1,
165,105,133,-1,
341,297,329,-1,
433,387,447,-1,
445,433,477,-1,
257,223,299,-1,
350,286,357,-1,
355,286,350,-1,
234,193,245,-1,
193,145,153,-1,
69,59,77,-1,
89,69,101,-1,
131,123,155,-1,
135,111,171,-1,
42,38,39,-1,
38,36,39,-1,
205,149,157,-1,
50,45,66,-1,
151,145,191,-1,
215,207,263,-1,
299,223,271,-1,
223,197,271,-1,
105,73,93,-1,
73,57,93,-1,
87,62,82,-1,
75,67,99,-1,
49,51,57,-1,
49,41,51,-1,
85,61,65,-1,
42,39,50,-1,
114,82,89,-1,
114,89,121,-1,
251,207,243,-1,
207,159,191,-1,
87,82,114,-1,
119,87,114,-1,
86,81,118,-1,
98,86,118,-1,
181,149,189,-1,
147,113,117,-1,
166,106,138,-1,
134,106,166,-1,
126,118,150,-1,
300,224,258,-1,
152,120,128,-1,
396,344,388,-1,
382,374,442,-1,
246,194,235,-1,
52,42,50,-1,
168,134,166,-1,
176,128,140,-1,
128,88,100,-1,
833,868,817,-1,
868,833,870,-1,
861,786,859,-1,
690,682,778,-1,
485,461,521,-1,
461,393,445,-1,
737,673,757,-1,
809,882,880,-1,
882,809,841,-1,
669,573,577,-1,
773,681,777,-1,
873,834,871,-1,
834,738,818,-1,
714,674,810,-1,
746,634,714,-1,
174,158,206,-1,
802,861,863,-1,
861,802,786,-1,
588,538,586,-1,
586,478,542,-1,
814,716,748,-1,
780,692,788,-1,
830,706,766,-1,
766,899,830,-1,
899,766,897,-1,
927,844,925,-1,
716,664,748,-1,
356,308,372,-1,
310,246,294,-1,
430,415,503,-1,
183,146,192,-1,
671,575,580,-1,
534,442,518,-1,
973,806,971,-1,
630,554,622,-1,
694,582,686,-1,
554,458,534,-1,
422,406,490,-1,
477,479,537,-1,
753,641,707,-1,
543,495,611,-1,
653,641,705,-1,
747,663,715,-1,
271,197,232,-1,
232,215,279,-1,
263,207,251,-1,
307,291,355,-1,
551,455,531,-1,
279,263,323,-1,
779,670,774,-1,
515,507,579,-1,
1033,848,1031,-1,
1041,764,1039,-1,
148,116,124,-1,
184,156,196,-1,
491,407,475,-1,
770,1003,1005,-1,
1003,770,798,-1,
750,718,816,-1,
846,750,816,-1,
718,606,678,-1,
570,490,554,-1,
616,548,656,-1,
752,1031,848,-1,
1031,752,1029,-1,
744,632,652,-1,
400,348,452,-1,
752,736,800,-1,
528,468,564,-1,
302,226,274,-1,
390,302,346,-1,
210,162,194,-1,
266,210,254,-1,
660,590,614,-1,
832,1013,1015,-1,
1013,832,756,-1,
590,482,546,-1,
500,452,548,-1,
526,422,490,-1,
734,614,666,-1,
666,562,638,-1,
638,562,606,-1,
710,590,660,-1,
614,498,562,-1,
72,48,56,-1,
124,84,92,-1,
255,247,311,-1,
255,211,247,-1,
142,130,178,-1,
218,178,210,-1,
120,88,128,-1,
154,146,194,-1,
162,130,154,-1,
282,266,326,-1,
226,188,200,-1,
136,112,110,-1,
112,96,110,-1,
96,78,110,-1,
398,318,366,-1,
318,274,282,-1,
535,443,519,-1,
384,340,408,-1,
368,320,400,-1,
424,400,468,-1,
180,144,204,-1,
340,268,284,-1,
248,212,256,-1,
288,240,248,-1,
148,124,156,-1,
92,72,104,-1,
783,1064,1062,-1,
1064,783,776,-1,
1052,807,1054,-1,
807,1052,823,-1,
227,203,238,-1,
217,177,199,-1,
451,347,399,-1,
423,407,491,-1,
815,988,986,-1,
988,815,845,-1,
769,1002,797,-1,
1002,769,1004,-1,
267,255,311,-1,
761,647,677,-1,
561,497,613,-1,
581,502,509,-1,
427,414,502,-1,
403,323,379,-1,
787,952,950,-1,
952,787,779,-1,
371,355,439,-1,
471,379,455,-1,
517,441,533,-1,
533,441,457,-1,
373,309,325,-1,
357,309,373,-1,
373,325,381,-1,
325,265,281,-1,
837,741,761,-1,
670,574,581,-1,
507,427,502,-1,
621,553,629,-1,
553,489,569,-1,
926,843,928,-1,
787,691,779,-1,
507,502,579,-1,
641,585,587,-1,
653,585,641,-1,
745,633,661,-1,
633,609,661,-1,
601,521,633,-1,
609,541,653,-1,
453,377,401,-1,
333,277,313,-1,
214,206,262,-1,
150,147,181,-1,
297,299,329,-1,
493,445,541,-1,
133,107,167,-1,
165,133,167,-1,
541,477,585,-1,
313,269,341,-1,
461,445,493,-1,
445,341,385,-1,
341,329,385,-1,
269,221,297,-1,
230,201,221,-1,
221,165,185,-1,
245,193,209,-1,
245,209,253,-1,
217,199,236,-1,
129,89,101,-1,
69,46,53,-1,
59,53,55,-1,
46,37,53,-1,
53,43,55,-1,
171,111,143,-1,
71,64,91,-1,
40,36,38,-1,
39,36,37,-1,
45,39,49,-1,
50,39,45,-1,
221,223,257,-1,
221,185,223,-1,
117,85,97,-1,
117,81,85,-1,
93,75,107,-1,
105,93,107,-1,
67,46,62,-1,
62,46,69,-1,
108,94,106,-1,
68,58,76,-1,
191,145,182,-1,
191,182,234,-1,
150,118,147,-1,
106,98,138,-1,
125,97,137,-1,
277,230,313,-1,
149,117,125,-1,
149,125,157,-1,
202,138,174,-1,
202,174,231,-1,
138,126,174,-1,
138,98,126,-1,
480,434,478,-1,
330,300,298,-1,
420,396,464,-1,
396,316,344,-1,
300,258,298,-1,
664,612,732,-1,
162,154,194,-1,
154,115,146,-1,
294,287,358,-1,
287,235,244,-1,
47,38,52,-1,
52,38,42,-1,
100,76,108,-1,
63,47,68,-1,
617,529,625,-1,
898,829,900,-1,
876,757,878,-1,
765,898,896,-1,
898,765,829,-1,
529,437,453,-1,
425,353,437,-1,
721,625,737,-1,
737,649,673,-1,
505,413,425,-1,
231,214,262,-1,
557,461,493,-1,
713,633,745,-1,
485,401,417,-1,
401,361,417,-1,
778,857,786,-1,
857,778,855,-1,
893,794,891,-1,
730,893,895,-1,
893,730,794,-1,
810,883,842,-1,
883,810,881,-1,
810,674,758,-1,
879,758,877,-1,
746,887,889,-1,
887,746,842,-1,
746,714,810,-1,
158,150,206,-1,
426,354,413,-1,
730,662,746,-1,
610,542,558,-1,
386,342,446,-1,
434,330,386,-1,
494,462,558,-1,
522,486,602,-1,
754,706,830,-1,
766,706,730,-1,
905,830,903,-1,
830,905,754,-1,
768,754,826,-1,
604,560,636,-1,
939,836,937,-1,
748,923,844,-1,
923,748,921,-1,
814,748,844,-1,
716,636,664,-1,
588,480,538,-1,
442,358,430,-1,
374,310,358,-1,
351,287,356,-1,
415,356,428,-1,
458,442,534,-1,
554,534,622,-1,
516,440,532,-1,
488,420,524,-1,
292,244,308,-1,
780,684,692,-1,
686,582,671,-1,
790,965,967,-1,
965,790,782,-1,
510,430,503,-1,
510,503,582,-1,
728,630,702,-1,
822,973,975,-1,
973,822,806,-1,
678,648,762,-1,
762,648,742,-1,
622,598,702,-1,
630,622,702,-1,
570,554,630,-1,
606,570,648,-1,
765,705,829,-1,
795,920,918,-1,
920,795,747,-1,
657,587,611,-1,
479,447,495,-1,
463,395,419,-1,
395,363,419,-1,
641,587,707,-1,
707,587,657,-1,
825,910,908,-1,
910,825,767,-1,
729,705,765,-1,
729,653,705,-1,
395,315,363,-1,
363,315,335,-1,
279,215,263,-1,
323,263,307,-1,
455,379,439,-1,
403,379,471,-1,
207,191,243,-1,
243,191,234,-1,
956,774,958,-1,
968,805,970,-1,
789,701,805,-1,
952,779,954,-1,
789,968,966,-1,
968,789,805,-1,
632,536,556,-1,
624,536,632,-1,
744,652,680,-1,
608,720,680,-1,
720,608,640,-1,
238,219,267,-1,
375,359,443,-1,
1056,791,1058,-1,
1011,828,1009,-1,
814,929,931,-1,
929,814,844,-1,
816,985,987,-1,
985,816,762,-1,
828,756,770,-1,
750,995,997,-1,
995,750,846,-1,
736,656,712,-1,
772,1019,1021,-1,
1019,772,832,-1,
492,408,424,-1,
408,368,424,-1,
736,712,772,-1,
772,1023,736,-1,
1023,772,1021,-1,
812,1035,1037,-1,
1035,812,848,-1,
752,640,668,-1,
304,260,302,-1,
276,228,304,-1,
366,318,338,-1,
302,274,318,-1,
770,710,734,-1,
756,710,770,-1,
564,468,500,-1,
468,452,500,-1,
656,592,644,-1,
548,452,484,-1,
640,616,668,-1,
564,500,548,-1,
562,526,606,-1,
436,332,390,-1,
91,64,84,-1,
64,48,72,-1,
91,84,123,-1,
111,103,143,-1,
211,195,247,-1,
295,247,288,-1,
178,162,210,-1,
178,130,162,-1,
192,160,208,-1,
152,128,160,-1,
122,115,154,-1,
130,122,154,-1,
90,63,83,-1,
83,63,88,-1,
192,152,160,-1,
115,88,120,-1,
274,200,237,-1,
282,218,266,-1,
254,246,310,-1,
218,210,266,-1,
204,144,172,-1,
144,112,172,-1,
318,282,338,-1,
338,282,326,-1,
384,328,340,-1,
312,268,328,-1,
536,476,556,-1,
228,188,226,-1,
400,320,348,-1,
228,172,188,-1,
340,284,320,-1,
268,212,220,-1,
239,180,204,-1,
312,256,268,-1,
296,248,312,-1,
416,352,360,-1,
444,376,384,-1,
116,84,124,-1,
123,116,148,-1,
144,104,112,-1,
124,104,132,-1,
1047,840,1045,-1,
1035,848,1033,-1,
475,459,535,-1,
1050,823,1052,-1,
399,367,423,-1,
407,383,459,-1,
613,545,589,-1,
457,381,473,-1,
327,311,383,-1,
432,360,444,-1,
776,672,688,-1,
695,583,687,-1,
771,1018,831,-1,
1018,771,1020,-1,
988,845,990,-1,
591,483,547,-1,
992,845,994,-1,
749,994,845,-1,
994,749,996,-1,
429,357,441,-1,
509,429,441,-1,
502,414,429,-1,
502,429,509,-1,
439,427,507,-1,
439,355,427,-1,
515,439,507,-1,
683,670,779,-1,
309,245,253,-1,
265,217,281,-1,
647,605,677,-1,
677,605,717,-1,
761,717,815,-1,
815,717,749,-1,
982,761,984,-1,
984,815,986,-1,
815,984,761,-1,
701,597,621,-1,
693,597,701,-1,
595,515,579,-1,
693,581,597,-1,
533,457,553,-1,
553,457,473,-1,
701,629,727,-1,
727,629,741,-1,
922,843,924,-1,
747,922,920,-1,
922,747,843,-1,
938,835,940,-1,
601,485,521,-1,
661,609,729,-1,
437,377,453,-1,
289,241,305,-1,
305,249,261,-1,
205,157,173,-1,
189,149,205,-1,
377,321,333,-1,
167,139,197,-1,
185,167,197,-1,
387,343,395,-1,
387,299,343,-1,
543,479,495,-1,
541,445,477,-1,
445,385,433,-1,
585,477,537,-1,
417,393,461,-1,
417,361,393,-1,
393,341,445,-1,
393,313,341,-1,
286,245,293,-1,
286,234,245,-1,
259,225,227,-1,
225,187,227,-1,
169,109,135,-1,
177,129,141,-1,
141,101,109,-1,
109,111,135,-1,
465,397,497,-1,
177,141,199,-1,
103,71,91,-1,
95,59,79,-1,
43,37,40,-1,
43,40,55,-1,
219,179,211,-1,
171,143,203,-1,
315,271,279,-1,
299,271,315,-1,
61,45,65,-1,
81,61,85,-1,
66,61,86,-1,
86,61,81,-1,
113,81,117,-1,
147,117,149,-1,
231,174,214,-1,
174,126,158,-1,
258,222,298,-1,
264,208,216,-1,
496,480,544,-1,
560,496,612,-1,
344,300,388,-1,
388,300,330,-1,
538,478,586,-1,
642,586,654,-1,
524,420,464,-1,
604,524,560,-1,
380,324,404,-1,
364,316,396,-1,
208,176,216,-1,
152,115,120,-1,
308,264,324,-1,
235,183,192,-1,
88,63,68,-1,
58,52,50,-1,
801,864,862,-1,
864,801,817,-1,
870,833,872,-1,
737,872,833,-1,
872,737,874,-1,
793,888,745,-1,
888,793,890,-1,
745,729,793,-1,
802,690,786,-1,
505,425,437,-1,
689,577,593,-1,
801,689,697,-1,
549,469,485,-1,
625,529,549,-1,
786,690,778,-1,
802,865,818,-1,
865,802,863,-1,
557,493,541,-1,
557,541,609,-1,
777,681,689,-1,
494,446,462,-1,
602,714,634,-1,
714,602,674,-1,
222,202,231,-1,
272,224,300,-1,
354,290,349,-1,
205,173,213,-1,
662,634,746,-1,
842,746,810,-1,
478,434,446,-1,
342,314,394,-1,
654,610,730,-1,
654,542,610,-1,
754,642,706,-1,
588,586,642,-1,
732,658,708,-1,
947,804,945,-1,
775,671,780,-1,
836,740,760,-1,
748,664,796,-1,
921,796,919,-1,
796,921,748,-1,
382,326,374,-1,
474,382,458,-1,
358,287,351,-1,
310,294,358,-1,
442,430,510,-1,
598,518,582,-1,
760,676,716,-1,
646,568,604,-1,
620,516,532,-1,
684,580,692,-1,
552,456,472,-1,
456,380,472,-1,
428,356,440,-1,
508,428,440,-1,
955,780,953,-1,
961,775,959,-1,
598,582,694,-1,
694,686,782,-1,
582,503,575,-1,
957,780,955,-1,
780,957,775,-1,
503,415,428,-1,
503,428,508,-1,
622,518,598,-1,
534,518,622,-1,
822,702,806,-1,
806,702,790,-1,
648,630,742,-1,
991,846,989,-1,
742,728,838,-1,
742,630,728,-1,
816,718,762,-1,
718,678,762,-1,
900,829,902,-1,
587,479,543,-1,
587,543,611,-1,
619,595,699,-1,
419,335,403,-1,
657,611,731,-1,
753,707,767,-1,
767,731,795,-1,
323,307,371,-1,
371,307,355,-1,
291,243,286,-1,
291,286,355,-1,
958,774,960,-1,
779,956,954,-1,
956,779,774,-1,
789,693,701,-1,
774,670,781,-1,
805,701,821,-1,
972,821,974,-1,
821,972,805,-1,
572,492,608,-1,
608,492,528,-1,
311,247,295,-1,
295,288,352,-1,
431,359,416,-1,
788,700,804,-1,
700,628,726,-1,
995,846,993,-1,
993,846,991,-1,
656,644,712,-1,
712,644,756,-1,
424,368,400,-1,
492,424,468,-1,
812,720,752,-1,
812,680,720,-1,
348,332,392,-1,
392,332,436,-1,
239,204,228,-1,
260,226,302,-1,
468,400,452,-1,
548,484,592,-1,
564,548,616,-1,
640,528,564,-1,
390,346,398,-1,
450,390,398,-1,
450,398,498,-1,
498,398,466,-1,
656,548,592,-1,
640,564,616,-1,
606,490,570,-1,
526,490,606,-1,
790,969,806,-1,
969,790,967,-1,
790,694,782,-1,
913,768,911,-1,
55,40,48,-1,
48,40,56,-1,
103,91,123,-1,
131,103,123,-1,
79,59,71,-1,
59,55,71,-1,
184,148,156,-1,
248,184,196,-1,
200,178,218,-1,
200,142,178,-1,
237,218,282,-1,
274,237,282,-1,
266,254,310,-1,
326,266,310,-1,
320,239,276,-1,
340,320,368,-1,
536,444,460,-1,
460,384,408,-1,
556,476,492,-1,
536,460,476,-1,
632,556,572,-1,
808,704,824,-1,
268,220,239,-1,
220,180,239,-1,
172,112,136,-1,
172,136,170,-1,
212,180,220,-1,
212,164,180,-1,
384,312,328,-1,
376,312,384,-1,
1066,776,1065,-1,
703,695,807,-1,
124,92,104,-1,
156,124,132,-1,
1049,840,1047,-1,
840,1049,824,-1,
1051,824,1049,-1,
1059,792,1057,-1,
764,680,812,-1,
1039,812,1037,-1,
812,1039,764,-1,
808,696,704,-1,
1029,800,1027,-1,
800,1029,752,-1,
1027,800,1025,-1,
407,339,383,-1,
283,238,267,-1,
203,143,179,-1,
143,131,179,-1,
639,527,607,-1,
605,525,561,-1,
483,451,547,-1,
331,301,303,-1,
631,623,703,-1,
723,703,823,-1,
311,295,359,-1,
359,295,352,-1,
1024,735,799,-1,
735,1024,1022,-1,
823,703,807,-1,
831,711,771,-1,
367,339,407,-1,
755,1010,827,-1,
1010,755,1012,-1,
605,561,637,-1,
605,489,525,-1,
613,497,545,-1,
1014,831,1016,-1,
1044,743,839,-1,
743,1044,1042,-1,
545,481,589,-1,
499,451,467,-1,
563,467,527,-1,
467,423,491,-1,
327,267,311,-1,
441,381,457,-1,
265,209,217,-1,
699,691,787,-1,
699,595,691,-1,
691,579,683,-1,
595,579,691,-1,
647,569,605,-1,
629,569,647,-1,
819,940,835,-1,
940,819,942,-1,
835,725,819,-1,
353,305,369,-1,
369,305,377,-1,
201,137,165,-1,
201,165,221,-1,
385,329,433,-1,
433,329,387,-1,
297,221,257,-1,
297,257,299,-1,
253,209,265,-1,
309,253,265,-1,
209,177,217,-1,
141,109,169,-1,
193,153,161,-1,
129,101,141,-1,
101,77,109,-1,
109,77,95,-1,
273,199,225,-1,
236,199,273,-1,
203,179,238,-1,
187,171,227,-1,
211,155,195,-1,
163,131,155,-1,
219,211,267,-1,
267,211,255,-1,
97,65,73,-1,
85,65,97,-1,
118,113,147,-1,
118,81,113,-1,
214,174,206,-1,
158,126,150,-1,
208,160,176,-1,
176,140,198,-1,
396,388,448,-1,
448,434,480,-1,
708,588,642,-1,
658,588,708,-1,
524,464,496,-1,
716,604,636,-1,
760,646,676,-1,
524,496,560,-1,
440,380,456,-1,
440,372,380,-1,
316,300,344,-1,
420,364,396,-1,
216,176,198,-1,
192,146,152,-1,
146,115,152,-1,
160,128,176,-1,
140,108,168,-1,
244,192,208,-1,
356,287,292,-1,
94,58,74,-1,
94,74,106,-1,
100,68,76,-1,
88,68,100,-1,
817,721,737,-1,
625,565,649,-1,
737,625,649,-1,
884,841,886,-1,
890,793,892,-1,
892,729,894,-1,
729,892,793,-1,
578,573,669,-1,
314,278,334,-1,
593,505,513,-1,
505,437,513,-1,
270,231,314,-1,
577,501,505,-1,
578,501,573,-1,
785,689,801,-1,
817,697,721,-1,
801,697,817,-1,
757,673,809,-1,
549,485,565,-1,
453,401,469,-1,
469,401,485,-1,
834,869,871,-1,
869,834,818,-1,
738,722,818,-1,
633,521,557,-1,
633,557,609,-1,
778,853,855,-1,
853,778,773,-1,
853,773,851,-1,
542,494,558,-1,
542,446,494,-1,
298,270,342,-1,
418,402,486,-1,
206,150,190,-1,
190,150,181,-1,
610,558,634,-1,
418,362,402,-1,
794,889,891,-1,
889,794,746,-1,
794,730,746,-1,
448,388,434,-1,
388,330,434,-1,
706,642,654,-1,
706,654,730,-1,
662,610,634,-1,
730,610,662,-1,
909,826,907,-1,
796,664,732,-1,
612,496,544,-1,
933,814,931,-1,
814,933,760,-1,
671,580,684,-1,
700,620,628,-1,
929,844,927,-1,
903,830,901,-1,
458,382,442,-1,
374,358,442,-1,
294,246,287,-1,
246,235,287,-1,
406,382,474,-1,
406,326,382,-1,
372,324,380,-1,
472,380,404,-1,
582,575,671,-1,
782,961,963,-1,
961,782,775,-1,
782,671,775,-1,
686,671,782,-1,
780,671,684,-1,
580,508,516,-1,
981,838,979,-1,
924,843,926,-1,
645,627,739,-1,
477,433,479,-1,
479,433,447,-1,
471,455,551,-1,
567,551,627,-1,
495,395,463,-1,
419,403,487,-1,
739,627,725,-1,
487,471,551,-1,
795,663,747,-1,
731,663,795,-1,
910,767,912,-1,
379,323,371,-1,
379,371,439,-1,
946,803,948,-1,
787,948,803,-1,
948,787,950,-1,
691,683,779,-1,
683,579,670,-1,
670,581,685,-1,
781,670,685,-1,
781,685,693,-1,
685,581,693,-1,
962,781,964,-1,
960,781,962,-1,
781,960,774,-1,
743,723,823,-1,
799,735,751,-1,
195,184,247,-1,
247,240,288,-1,
360,296,312,-1,
352,296,360,-1,
519,511,599,-1,
443,359,431,-1,
1064,776,1066,-1,
1061,792,1059,-1,
820,941,943,-1,
941,820,836,-1,
804,700,820,-1,
979,838,977,-1,
828,1007,1009,-1,
1007,828,770,-1,
756,1011,1013,-1,
1011,756,828,-1,
720,640,752,-1,
452,348,392,-1,
436,390,450,-1,
320,276,348,-1,
348,276,304,-1,
228,226,260,-1,
304,228,260,-1,
452,392,436,-1,
332,302,390,-1,
644,592,590,-1,
590,546,614,-1,
736,616,656,-1,
668,616,736,-1,
971,806,969,-1,
196,156,212,-1,
248,196,212,-1,
808,1053,1055,-1,
1053,808,824,-1,
444,384,460,-1,
704,632,724,-1,
704,624,632,-1,
268,239,284,-1,
284,239,320,-1,
672,576,584,-1,
359,352,416,-1,
512,432,444,-1,
444,360,376,-1,
600,520,536,-1,
600,512,520,-1,
180,132,144,-1,
164,132,180,-1,
84,64,92,-1,
92,64,72,-1,
724,632,744,-1,
824,744,840,-1,
1053,824,1051,-1,
459,383,443,-1,
475,407,459,-1,
375,311,359,-1,
339,327,383,-1,
331,303,347,-1,
397,389,449,-1,
391,331,347,-1,
391,347,451,-1,
583,504,576,-1,
599,511,583,-1,
839,743,823,-1,
1048,823,1050,-1,
655,547,615,-1,
769,709,755,-1,
769,755,827,-1,
665,613,733,-1,
996,797,998,-1,
797,996,749,-1,
365,317,397,-1,
591,547,655,-1,
571,491,555,-1,
571,555,631,-1,
397,317,345,-1,
449,389,435,-1,
467,399,423,-1,
451,399,467,-1,
615,547,563,-1,
499,467,563,-1,
555,535,631,-1,
651,631,743,-1,
421,337,365,-1,
441,373,381,-1,
579,502,574,-1,
574,502,581,-1,
229,181,241,-1,
353,289,305,-1,
213,173,230,-1,
333,261,277,-1,
437,369,377,-1,
437,353,369,-1,
230,221,269,-1,
313,230,269,-1,
153,129,161,-1,
153,121,129,-1,
199,169,187,-1,
199,141,169,-1,
199,187,225,-1,
227,171,203,-1,
283,267,339,-1,
259,227,303,-1,
179,163,211,-1,
179,131,163,-1,
319,238,283,-1,
339,267,327,-1,
306,242,290,-1,
402,378,454,-1,
224,186,222,-1,
222,166,202,-1,
336,280,316,-1,
272,198,224,-1,
544,480,588,-1,
664,560,612,-1,
496,396,448,-1,
496,448,480,-1,
604,488,524,-1,
568,488,604,-1,
233,198,272,-1,
280,272,316,-1,
168,108,134,-1,
108,106,134,-1,
244,208,252,-1,
252,208,264,-1,
76,58,94,-1,
108,76,94,-1,
697,625,721,-1,
697,617,625,-1,
817,737,833,-1,
809,878,757,-1,
878,809,880,-1,
858,785,860,-1,
801,860,785,-1,
860,801,862,-1,
809,745,841,-1,
745,886,841,-1,
886,745,888,-1,
577,505,593,-1,
513,437,529,-1,
593,513,529,-1,
593,529,617,-1,
262,206,250,-1,
206,190,242,-1,
530,514,594,-1,
681,577,689,-1,
698,690,802,-1,
682,578,669,-1,
470,454,530,-1,
602,486,566,-1,
777,689,785,-1,
851,773,852,-1,
809,713,745,-1,
809,673,713,-1,
859,786,857,-1,
285,229,241,-1,
362,314,334,-1,
754,907,826,-1,
907,754,905,-1,
911,826,909,-1,
826,911,768,-1,
796,732,768,-1,
732,708,768,-1,
596,516,620,-1,
788,692,700,-1,
646,604,676,-1,
820,700,726,-1,
356,292,308,-1,
372,308,324,-1,
415,351,356,-1,
358,351,415,-1,
404,336,420,-1,
404,324,336,-1,
985,762,983,-1,
559,523,603,-1,
463,419,523,-1,
627,619,699,-1,
603,487,567,-1,
725,699,819,-1,
819,699,803,-1,
739,725,835,-1,
932,759,934,-1,
767,707,731,-1,
707,657,731,-1,
916,795,918,-1,
829,904,902,-1,
904,829,753,-1,
906,825,908,-1,
288,248,296,-1,
352,288,296,-1,
941,836,939,-1,
1003,798,1001,-1,
484,436,482,-1,
482,436,450,-1,
348,304,332,-1,
304,302,332,-1,
917,796,915,-1,
768,915,796,-1,
915,768,913,-1,
460,408,476,-1,
476,408,492,-1,
632,572,652,-1,
572,680,652,-1,
680,572,608,-1,
512,416,432,-1,
416,360,432,-1,
687,672,776,-1,
600,536,624,-1,
784,696,792,-1,
696,600,624,-1,
512,444,520,-1,
520,444,536,-1,
824,724,744,-1,
824,704,724,-1,
1057,808,1055,-1,
808,1057,792,-1,
792,696,808,-1,
423,367,407,-1,
303,275,347,-1,
383,311,375,-1,
383,375,443,-1,
703,623,695,-1,
519,443,511,-1,
733,709,769,-1,
749,665,797,-1,
525,421,465,-1,
525,465,497,-1,
481,435,483,-1,
449,435,481,-1,
733,613,659,-1,
613,589,659,-1,
1008,827,1010,-1,
1006,827,1008,-1,
827,1006,769,-1,
497,397,449,-1,
317,301,345,-1,
1016,831,1018,-1,
839,1048,1046,-1,
1048,839,823,-1,
709,589,643,-1,
709,643,755,-1,
547,499,563,-1,
547,451,499,-1,
723,631,703,-1,
491,475,555,-1,
555,475,535,-1,
473,381,405,-1,
381,325,405,-1,
759,936,934,-1,
936,759,835,-1,
936,835,938,-1,
241,181,189,-1,
241,189,205,-1,
305,261,321,-1,
321,261,333,-1,
261,213,230,-1,
261,205,213,-1,
303,227,275,-1,
275,227,238,-1,
438,426,506,-1,
190,181,242,-1,
198,186,224,-1,
258,224,222,-1,
324,280,336,-1,
324,264,280,-1,
612,544,588,-1,
612,588,658,-1,
472,404,488,-1,
488,404,420,-1,
280,233,272,-1,
264,216,280,-1,
128,100,140,-1,
140,100,108,-1,
308,244,252,-1,
308,252,264,-1,
882,841,884,-1,
864,817,866,-1,
866,817,868,-1,
856,785,858,-1,
426,413,506,-1,
242,181,229,-1,
669,577,681,-1,
773,669,681,-1,
285,241,289,-1,
354,349,413,-1,
818,698,802,-1,
634,522,602,-1,
713,601,633,-1,
601,713,673,-1,
777,856,854,-1,
856,777,785,-1,
777,852,773,-1,
852,777,854,-1,
334,322,378,-1,
454,438,530,-1,
394,314,362,-1,
278,262,334,-1,
402,334,378,-1,
334,262,322,-1,
575,503,580,-1,
580,503,508,-1,
740,646,760,-1,
760,716,814,-1,
532,456,552,-1,
620,532,552,-1,
336,316,364,-1,
420,336,364,-1,
731,611,663,-1,
635,559,603,-1,
495,463,523,-1,
559,495,523,-1,
627,551,619,-1,
455,439,531,-1,
531,439,515,-1,
551,531,619,-1,
715,603,675,-1,
813,932,930,-1,
932,813,759,-1,
813,715,759,-1,
747,715,813,-1,
914,795,916,-1,
767,914,912,-1,
914,767,795,-1,
753,906,904,-1,
906,753,825,-1,
825,753,767,-1,
247,184,240,-1,
240,184,248,-1,
583,576,672,-1,
688,584,696,-1,
945,820,943,-1,
820,945,804,-1,
1007,770,1005,-1,
484,482,540,-1,
540,482,590,-1,
584,512,600,-1,
696,584,600,-1,
347,319,399,-1,
399,319,367,-1,
367,319,339,-1,
319,283,339,-1,
431,416,511,-1,
443,431,511,-1,
504,416,512,-1,
584,504,512,-1,
1060,783,1062,-1,
783,1060,791,-1,
535,519,599,-1,
998,797,1000,-1,
1000,797,1002,-1,
525,497,561,-1,
717,637,665,-1,
797,733,769,-1,
797,665,733,-1,
273,225,301,-1,
301,225,259,-1,
435,331,391,-1,
435,391,451,-1,
405,325,337,-1,
317,273,301,-1,
755,711,831,-1,
771,1022,1020,-1,
1022,771,735,-1,
711,655,735,-1,
589,591,643,-1,
733,659,709,-1,
659,589,709,-1,
667,615,639,-1,
1024,799,1026,-1,
1030,847,1032,-1,
799,1028,1026,-1,
1028,799,751,-1,
489,405,421,-1,
473,405,489,-1,
305,241,249,-1,
241,205,249,-1,
270,222,231,-1,
298,222,270,-1,
198,140,168,-1,
198,168,186,-1,
506,413,501,-1,
501,413,505,-1,
690,578,682,-1,
682,669,773,-1,
349,285,289,-1,
349,289,353,-1,
262,250,306,-1,
250,206,242,-1,
758,875,877,-1,
875,758,738,-1,
758,674,738,-1,
673,565,601,-1,
565,673,649,-1,
565,485,601,-1,
486,470,550,-1,
522,462,486,-1,
594,578,690,-1,
626,530,618,-1,
446,342,394,-1,
342,270,314,-1,
378,306,370,-1,
370,354,438,-1,
700,596,620,-1,
692,596,700,-1,
726,628,740,-1,
836,726,740,-1,
740,628,646,-1,
628,568,646,-1,
935,760,933,-1,
760,937,836,-1,
937,760,935,-1,
552,472,488,-1,
552,488,568,-1,
611,559,663,-1,
663,559,635,-1,
523,419,487,-1,
523,487,603,-1,
531,515,619,-1,
619,515,595,-1,
675,645,759,-1,
675,603,645,-1,
843,747,813,-1,
813,928,843,-1,
928,813,930,-1,
663,635,715,-1,
635,603,715,-1,
784,1061,1063,-1,
1061,784,792,-1,
1065,784,1063,-1,
784,1065,776,-1,
949,804,947,-1,
788,949,951,-1,
949,788,804,-1,
546,482,498,-1,
546,498,614,-1,
592,540,590,-1,
592,484,540,-1,
347,275,319,-1,
275,238,319,-1,
687,583,672,-1,
576,504,584,-1,
791,695,783,-1,
807,695,791,-1,
695,687,783,-1,
783,687,776,-1,
665,561,613,-1,
637,561,665,-1,
497,481,545,-1,
483,435,451,-1,
389,331,435,-1,
389,301,331,-1,
325,281,337,-1,
281,273,317,-1,
1012,831,1014,-1,
831,1012,755,-1,
755,643,711,-1,
655,615,735,-1,
771,711,735,-1,
711,643,655,-1,
643,591,655,-1,
847,751,811,-1,
1044,839,1046,-1,
607,491,571,-1,
337,281,317,-1,
337,317,365,-1,
168,166,186,-1,
186,166,222,-1,
280,216,233,-1,
216,198,233,-1,
438,354,426,-1,
506,501,578,-1,
250,242,306,-1,
370,306,354,-1,
306,290,354,-1,
242,229,285,-1,
566,674,602,-1,
674,566,650,-1,
550,470,530,-1,
362,334,402,-1,
462,418,486,-1,
626,618,698,-1,
674,650,738,-1,
514,506,594,-1,
594,506,578,-1,
386,330,342,-1,
330,298,342,-1,
314,231,278,-1,
278,231,262,-1,
454,378,438,-1,
378,370,438,-1,
692,580,596,-1,
580,516,596,-1,
645,567,627,-1,
603,567,645,-1,
759,739,835,-1,
759,645,739,-1,
784,688,696,-1,
776,688,784,-1,
599,583,695,-1,
511,504,583,-1,
623,599,695,-1,
623,535,599,-1,
1030,751,847,-1,
751,1030,1028,-1,
539,483,591,-1,
589,539,591,-1,
421,397,465,-1,
421,365,397,-1,
397,345,389,-1,
345,301,389,-1,
527,491,607,-1,
719,679,811,-1,
735,667,751,-1,
735,615,667,-1,
651,571,631,-1,
667,639,751,-1,
322,306,378,-1,
322,262,306,-1,
290,242,285,-1,
290,285,349,-1,
558,522,634,-1,
558,462,522,-1,
470,402,454,-1,
486,402,470,-1,
550,530,626,-1,
698,618,690,-1,
722,698,818,-1,
618,594,690,-1,
618,530,594,-1,
462,394,418,-1,
446,394,462,-1,
514,438,506,-1,
530,438,514,-1,
1038,763,1040,-1,
539,481,483,-1,
589,481,539,-1,
615,563,639,-1,
563,527,639,-1,
679,571,651,-1,
571,679,607,-1,
679,651,743,-1,
650,626,738,-1,
566,486,550,-1,
738,626,722,-1,
722,626,698,-1,
1032,847,1034,-1,
811,679,763,-1,
763,679,743,-1,
650,566,626,-1,
566,550,626,-1,
763,1042,1040,-1,
1042,763,743,-1,
719,607,679,-1,
607,719,639,-1,
811,1038,1036,-1,
1038,811,763,-1,
1034,811,1036,-1,
811,1034,847,-1,
751,719,811,-1,
751,639,719,-1,
3134,3132,3177,-1,
2685,2684,2719,-1,
2818,2814,2851,-1,
2885,2870,2891,-1,
2577,2548,2569,-1,
2548,2577,2554,-1,
3124,3085,3120,-1,
2686,2653,2688,-1,
3143,3119,3156,-1,
2841,2802,2839,-1,
3123,3084,3127,-1,
2753,2729,2770,-1,
3267,3243,3257,-1,
2848,2811,2815,-1,
3490,3475,3496,-1,
2800,2794,2837,-1,
2744,2728,2769,-1,
2516,2525,2520,-1,
2525,2516,2518,-1,
2557,2540,2544,-1,
2604,2571,2594,-1,
2571,2604,2583,-1,
2611,2582,2586,-1,
2883,2844,2887,-1,
2874,2870,2885,-1,
2870,2874,2864,-1,
2776,2747,2753,-1,
3406,3377,3379,-1,
2610,2581,2606,-1,
3075,3040,3073,-1,
2649,2631,2641,-1,
2814,2810,2847,-1,
2746,2707,2732,-1,
2555,2540,2557,-1,
2545,2566,2564,-1,
2566,2545,2547,-1,
2993,2958,2960,-1,
3060,3058,3099,-1,
2766,2733,2747,-1,
2710,2675,2712,-1,
2960,2932,2940,-1,
3428,3397,3424,-1,
2899,2856,2901,-1,
2916,2912,2949,-1,
3504,3490,3509,-1,
3234,3228,3236,-1,
3320,3283,3289,-1,
2970,2927,2968,-1,
2771,2736,2767,-1,
2688,2657,2661,-1,
2848,2807,2811,-1,
2543,2539,2556,-1,
2746,2732,2765,-1,
2614,2604,2635,-1,
2635,2616,2645,-1,
2511,2500,2502,-1,
2514,2510,2529,-1,
2684,2653,2686,-1,
2506,2505,2527,-1,
2547,2570,2566,-1,
2570,2547,2549,-1,
2727,2694,2698,-1,
2693,2687,2722,-1,
2897,2866,2874,-1,
3109,3068,3107,-1,
2661,2638,2663,-1,
2652,2624,2651,-1,
2937,2935,2974,-1,
3153,3108,3110,-1,
3110,3067,3069,-1,
2948,2909,2913,-1,
3335,3331,3360,-1,
3052,3050,3085,-1,
3327,3288,3315,-1,
3519,3513,3524,-1,
3513,3519,3509,-1,
2846,2809,2817,-1,
3116,3077,3114,-1,
3081,3077,3116,-1,
2861,2818,2855,-1,
3080,3043,3082,-1,
2939,2931,2959,-1,
2742,2701,2736,-1,
3500,3483,3502,-1,
2934,2887,2893,-1,
3015,3013,3052,-1,
3307,3281,3320,-1,
3394,3361,3375,-1,
2971,2930,2934,-1,
2941,2898,2937,-1,
2843,2841,2882,-1,
2980,2941,2978,-1,
2855,2818,2851,-1,
2645,2639,2670,-1,
3023,2973,2975,-1,
2834,2789,2828,-1,
2812,2791,2826,-1,
2678,2668,2695,-1,
2637,2633,2660,-1,
2543,2525,2539,-1,
2573,2567,2575,-1,
2552,2543,2571,-1,
2668,2635,2654,-1,
2579,2608,2589,-1,
2608,2579,2575,-1,
2961,2959,2986,-1,
2623,2619,2621,-1,
2554,2529,2548,-1,
2493,2506,2495,-1,
2506,2493,2505,-1,
2501,2514,2503,-1,
2514,2501,2510,-1,
2499,2497,2510,-1,
2556,2539,2554,-1,
2516,2512,2518,-1,
2604,2594,2635,-1,
2667,2644,2681,-1,
2725,2708,2733,-1,
2764,2727,2731,-1,
2646,2611,2617,-1,
2519,2509,2513,-1,
2599,2570,2578,-1,
2581,2577,2606,-1,
2660,2629,2656,-1,
2581,2554,2577,-1,
2554,2581,2556,-1,
2548,2529,2546,-1,
2702,2671,2710,-1,
2685,2652,2684,-1,
2800,2761,2794,-1,
2722,2720,2757,-1,
2856,2819,2862,-1,
2803,2764,2807,-1,
3085,3050,3083,-1,
2848,2815,2852,-1,
2694,2661,2698,-1,
2597,2566,2599,-1,
3187,3144,3179,-1,
3280,3241,3263,-1,
2901,2862,2905,-1,
3218,3214,3255,-1,
3097,3095,3138,-1,
3009,2989,2991,-1,
3165,3128,3161,-1,
3288,3263,3273,-1,
3085,3083,3120,-1,
3378,3374,3401,-1,
3216,3187,3206,-1,
3239,3195,3238,-1,
3274,3237,3239,-1,
3319,3286,3304,-1,
3489,3478,3470,-1,
3478,3489,3493,-1,
2532,2544,2526,-1,
2544,2532,2536,-1,
2792,2770,2813,-1,
3120,3083,3116,-1,
2786,2751,2790,-1,
3083,3044,3081,-1,
3084,3051,3088,-1,
3242,3197,3203,-1,
2959,2931,2957,-1,
3271,3269,3310,-1,
2908,2871,2904,-1,
3069,3068,3110,-1,
3276,3275,3313,-1,
3357,3320,3322,-1,
2688,2661,2694,-1,
2772,2737,2778,-1,
2880,2837,2878,-1,
2967,2926,2969,-1,
2964,2963,3032,-1,
2697,2660,2693,-1,
2882,2880,2925,-1,
2851,2847,2894,-1,
2777,2771,2810,-1,
2851,2814,2847,-1,
2703,2689,2699,-1,
2789,2750,2785,-1,
2765,2750,2789,-1,
2614,2583,2604,-1,
2583,2614,2591,-1,
2591,2560,2583,-1,
2736,2697,2730,-1,
2697,2693,2726,-1,
2633,2629,2660,-1,
2639,2637,2670,-1,
2596,2565,2593,-1,
2609,2644,2632,-1,
2644,2609,2623,-1,
2829,2786,2790,-1,
2669,2636,2642,-1,
2527,2524,2546,-1,
2509,2515,2504,-1,
2515,2509,2519,-1,
2534,2515,2540,-1,
2661,2630,2634,-1,
2593,2564,2566,-1,
2508,2514,2518,-1,
2514,2508,2503,-1,
2518,2514,2539,-1,
2525,2518,2539,-1,
2562,2581,2585,-1,
2581,2562,2556,-1,
2562,2543,2556,-1,
2539,2533,2554,-1,
2533,2529,2554,-1,
2679,2642,2650,-1,
2679,2650,2692,-1,
2727,2698,2731,-1,
2737,2702,2743,-1,
2723,2688,2694,-1,
2547,2528,2530,-1,
2611,2595,2617,-1,
2778,2737,2743,-1,
2563,2595,2586,-1,
2595,2563,2572,-1,
2557,2544,2563,-1,
2726,2693,2722,-1,
2736,2730,2767,-1,
2565,2564,2593,-1,
2634,2603,2607,-1,
2630,2599,2634,-1,
2624,2593,2597,-1,
2687,2685,2722,-1,
2653,2628,2630,-1,
2720,2719,2757,-1,
2731,2698,2737,-1,
2768,2731,2737,-1,
2895,2856,2899,-1,
2883,2842,2844,-1,
2723,2686,2688,-1,
2698,2661,2663,-1,
2687,2652,2685,-1,
2651,2624,2653,-1,
3327,3315,3333,-1,
2934,2895,2936,-1,
2901,2856,2862,-1,
3091,3052,3089,-1,
3021,2975,3019,-1,
3023,2975,3021,-1,
3099,3058,3097,-1,
3179,3167,3200,-1,
3114,3077,3101,-1,
3116,3114,3144,-1,
3350,3321,3337,-1,
2981,2942,2944,-1,
3017,2977,2979,-1,
3025,2973,3023,-1,
2928,2887,2930,-1,
3091,3089,3128,-1,
3050,3011,3048,-1,
3257,3249,3280,-1,
3282,3243,3267,-1,
3095,3056,3091,-1,
3185,3138,3181,-1,
3395,3362,3389,-1,
3339,3306,3335,-1,
3274,3239,3276,-1,
3484,3482,3501,-1,
3424,3391,3420,-1,
3430,3428,3453,-1,
3360,3323,3358,-1,
3420,3414,3434,-1,
3352,3327,3333,-1,
3352,3343,3356,-1,
3343,3352,3333,-1,
2813,2782,2799,-1,
2770,2745,2760,-1,
2780,2751,2786,-1,
2747,2714,2729,-1,
2991,2956,2993,-1,
2989,2952,2956,-1,
3167,3136,3159,-1,
3159,3122,3148,-1,
2833,2813,2823,-1,
2903,2874,2911,-1,
3233,3219,3250,-1,
3186,3143,3156,-1,
2828,2785,2824,-1,
3049,3012,3051,-1,
3217,3180,3184,-1,
2957,2931,2955,-1,
3283,3252,3289,-1,
3272,3233,3250,-1,
3215,3186,3223,-1,
3010,2982,3012,-1,
3490,3473,3475,-1,
3256,3242,3266,-1,
3180,3137,3184,-1,
3008,2984,3010,-1,
2886,2882,2927,-1,
2904,2900,2941,-1,
3464,3431,3435,-1,
2894,2847,2892,-1,
3053,3016,3055,-1,
3430,3397,3428,-1,
3270,3237,3274,-1,
3149,3106,3151,-1,
3415,3394,3425,-1,
3411,3407,3417,-1,
3469,3458,3477,-1,
3386,3363,3382,-1,
2764,2731,2768,-1,
2975,2938,2977,-1,
2926,2879,2881,-1,
2965,2924,2926,-1,
2719,2686,2721,-1,
2839,2837,2880,-1,
2726,2722,2763,-1,
2965,2922,2924,-1,
2777,2736,2771,-1,
2810,2806,2847,-1,
2732,2724,2765,-1,
2748,2742,2779,-1,
2625,2620,2622,-1,
2641,2614,2635,-1,
2668,2654,2695,-1,
2713,2678,2707,-1,
2867,2828,2861,-1,
2691,2678,2713,-1,
2682,2654,2674,-1,
2789,2785,2828,-1,
2575,2560,2591,-1,
2724,2711,2750,-1,
2695,2654,2682,-1,
2670,2637,2662,-1,
2645,2610,2639,-1,
2639,2606,2637,-1,
2610,2606,2639,-1,
2693,2660,2687,-1,
2701,2697,2736,-1,
2682,2674,2711,-1,
2674,2670,2709,-1,
2781,2759,2769,-1,
2705,2691,2713,-1,
2681,2690,2700,-1,
2690,2681,2677,-1,
2718,2735,2739,-1,
2735,2718,2716,-1,
2561,2542,2551,-1,
2576,2568,2574,-1,
2681,2644,2659,-1,
2636,2615,2642,-1,
2512,2508,2518,-1,
2510,2506,2527,-1,
2511,2498,2500,-1,
2498,2507,2496,-1,
2507,2498,2511,-1,
2547,2524,2528,-1,
2545,2524,2547,-1,
2502,2515,2511,-1,
2515,2502,2504,-1,
2547,2530,2549,-1,
2549,2530,2555,-1,
2528,2507,2511,-1,
2531,2520,2525,-1,
2531,2543,2535,-1,
2543,2531,2525,-1,
2560,2552,2571,-1,
2541,2552,2560,-1,
2552,2541,2537,-1,
2708,2679,2714,-1,
2747,2729,2753,-1,
2661,2634,2638,-1,
2733,2708,2747,-1,
2669,2642,2679,-1,
2737,2698,2702,-1,
2617,2595,2636,-1,
2642,2615,2632,-1,
2852,2815,2819,-1,
2780,2743,2749,-1,
2611,2586,2595,-1,
2763,2722,2761,-1,
2806,2802,2841,-1,
2701,2670,2697,-1,
2662,2637,2660,-1,
2593,2566,2597,-1,
2569,2546,2565,-1,
2546,2569,2548,-1,
2598,2596,2629,-1,
2602,2577,2598,-1,
2634,2607,2638,-1,
2656,2629,2652,-1,
2629,2596,2627,-1,
2793,2758,2795,-1,
2763,2761,2800,-1,
2710,2671,2675,-1,
2778,2743,2780,-1,
2842,2803,2807,-1,
2807,2764,2768,-1,
2807,2768,2772,-1,
2811,2772,2778,-1,
2934,2893,2895,-1,
2887,2844,2848,-1,
2688,2653,2657,-1,
2657,2630,2661,-1,
2723,2694,2727,-1,
2801,2762,2764,-1,
3130,3093,3122,-1,
2942,2905,2944,-1,
2979,2942,2981,-1,
2975,2934,2936,-1,
2938,2899,2942,-1,
3083,3081,3116,-1,
3038,3034,3036,-1,
3034,3038,3003,-1,
3136,3114,3130,-1,
3206,3179,3200,-1,
3243,3198,3224,-1,
3247,3243,3282,-1,
3198,3187,3224,-1,
3120,3116,3144,-1,
3321,3282,3308,-1,
3306,3269,3302,-1,
3011,3009,3048,-1,
2981,2948,2983,-1,
3222,3218,3255,-1,
3107,3105,3150,-1,
3021,3019,3058,-1,
3058,3019,3056,-1,
3058,3056,3095,-1,
3132,3128,3171,-1,
3052,3013,3050,-1,
3013,3011,3050,-1,
3009,2985,2989,-1,
3013,2983,3011,-1,
3470,3437,3455,-1,
3249,3206,3241,-1,
3216,3206,3249,-1,
3323,3290,3321,-1,
3395,3389,3416,-1,
3271,3232,3269,-1,
3230,3226,3269,-1,
3523,3502,3506,-1,
3467,3448,3473,-1,
3448,3467,3444,-1,
3322,3289,3330,-1,
3331,3290,3323,-1,
3465,3430,3461,-1,
3360,3358,3385,-1,
3321,3308,3337,-1,
3480,3470,3472,-1,
3414,3395,3434,-1,
3489,3470,3480,-1,
3428,3424,3453,-1,
3354,3341,3383,-1,
2940,2954,2960,-1,
2954,2940,2946,-1,
2745,2718,2760,-1,
2866,2833,2874,-1,
2809,2784,2817,-1,
2897,2874,2903,-1,
2989,2950,2952,-1,
3019,2975,2977,-1,
2944,2905,2948,-1,
2835,2790,2809,-1,
2751,2712,2725,-1,
2911,2907,2915,-1,
2858,2823,2831,-1,
2911,2874,2885,-1,
2932,2903,2940,-1,
3114,3101,3130,-1,
2744,2705,2728,-1,
2796,2787,2798,-1,
3039,3002,3004,-1,
3156,3119,3123,-1,
2826,2783,2816,-1,
2775,2746,2765,-1,
2947,2943,2980,-1,
2982,2980,3012,-1,
3394,3384,3413,-1,
3266,3242,3281,-1,
3113,3076,3115,-1,
3168,3182,3172,-1,
3182,3168,3158,-1,
3178,3135,3143,-1,
3055,3016,3018,-1,
3012,2980,3014,-1,
3279,3240,3248,-1,
3223,3186,3197,-1,
3349,3320,3357,-1,
3375,3349,3357,-1,
3314,3287,3326,-1,
3260,3225,3264,-1,
3127,3090,3131,-1,
3340,3318,3353,-1,
3186,3156,3197,-1,
3051,3016,3053,-1,
3127,3088,3090,-1,
2861,2855,2900,-1,
2855,2851,2894,-1,
2929,2886,2927,-1,
3065,3028,3067,-1,
3032,2965,3031,-1,
3067,3032,3069,-1,
3155,3154,3195,-1,
3289,3254,3295,-1,
3238,3195,3232,-1,
3265,3226,3261,-1,
3435,3406,3432,-1,
3331,3323,3360,-1,
3334,3305,3338,-1,
3452,3427,3429,-1,
3394,3375,3384,-1,
3375,3357,3384,-1,
3488,3477,3492,-1,
3477,3488,3469,-1,
3351,3326,3340,-1,
3382,3353,3388,-1,
3507,3498,3504,-1,
3027,2969,2971,-1,
3062,3025,3060,-1,
2837,2836,2877,-1,
2838,2795,2801,-1,
2806,2763,2802,-1,
2839,2800,2837,-1,
2847,2806,2843,-1,
2843,2806,2841,-1,
2818,2777,2814,-1,
2814,2777,2810,-1,
2767,2730,2763,-1,
2810,2771,2806,-1,
2608,2575,2591,-1,
2616,2610,2645,-1,
2713,2707,2746,-1,
2641,2635,2668,-1,
2631,2591,2614,-1,
2591,2631,2608,-1,
2707,2678,2695,-1,
2785,2750,2779,-1,
2750,2748,2779,-1,
2816,2808,2845,-1,
2783,2775,2808,-1,
2558,2575,2567,-1,
2575,2558,2560,-1,
2742,2736,2777,-1,
2748,2711,2742,-1,
2654,2645,2674,-1,
2654,2635,2645,-1,
2577,2569,2598,-1,
2633,2598,2629,-1,
2656,2652,2687,-1,
2660,2656,2687,-1,
2709,2701,2742,-1,
2674,2645,2670,-1,
2779,2742,2777,-1,
2709,2670,2701,-1,
2812,2769,2791,-1,
2804,2796,2798,-1,
2931,2902,2918,-1,
2760,2788,2799,-1,
2788,2760,2774,-1,
2650,2632,2644,-1,
2714,2706,2729,-1,
2700,2716,2718,-1,
2716,2700,2704,-1,
2700,2690,2704,-1,
2559,2576,2561,-1,
2576,2559,2568,-1,
2561,2551,2559,-1,
2580,2609,2576,-1,
2609,2580,2590,-1,
2613,2609,2590,-1,
2609,2613,2623,-1,
2598,2565,2596,-1,
2539,2514,2533,-1,
2533,2514,2529,-1,
2497,2506,2510,-1,
2506,2497,2495,-1,
2494,2507,2505,-1,
2507,2494,2496,-1,
2529,2527,2546,-1,
2529,2510,2527,-1,
2565,2545,2564,-1,
2545,2565,2546,-1,
2546,2524,2545,-1,
2540,2519,2526,-1,
2540,2526,2544,-1,
2528,2511,2530,-1,
2530,2511,2515,-1,
2501,2499,2510,-1,
2616,2594,2610,-1,
2635,2594,2616,-1,
2535,2552,2537,-1,
2552,2535,2543,-1,
2583,2560,2571,-1,
2675,2655,2683,-1,
2714,2679,2692,-1,
2642,2632,2650,-1,
2692,2681,2706,-1,
2696,2679,2708,-1,
2725,2696,2708,-1,
2675,2646,2655,-1,
2712,2696,2725,-1,
2636,2595,2605,-1,
2636,2605,2615,-1,
2584,2615,2605,-1,
2615,2584,2592,-1,
2592,2632,2615,-1,
2632,2592,2609,-1,
2893,2848,2895,-1,
2852,2819,2856,-1,
2811,2778,2815,-1,
2815,2778,2819,-1,
2819,2778,2780,-1,
2743,2702,2710,-1,
2549,2578,2570,-1,
2578,2549,2555,-1,
2555,2582,2578,-1,
2582,2555,2557,-1,
2802,2763,2800,-1,
2802,2800,2839,-1,
2624,2597,2628,-1,
2569,2565,2598,-1,
2637,2606,2633,-1,
2602,2598,2633,-1,
2640,2607,2611,-1,
2698,2671,2702,-1,
2599,2566,2570,-1,
2599,2578,2603,-1,
2603,2578,2607,-1,
2794,2757,2793,-1,
2757,2756,2793,-1,
2719,2684,2686,-1,
2758,2721,2723,-1,
2836,2793,2838,-1,
2721,2686,2723,-1,
2671,2638,2640,-1,
2663,2638,2671,-1,
2743,2710,2712,-1,
2743,2712,2749,-1,
2842,2807,2844,-1,
2801,2764,2803,-1,
2887,2848,2893,-1,
2926,2883,2928,-1,
2807,2772,2811,-1,
2768,2737,2772,-1,
2973,2934,2975,-1,
2928,2883,2887,-1,
2895,2848,2852,-1,
2895,2852,2856,-1,
2971,2934,2973,-1,
2930,2887,2934,-1,
3251,3234,3273,-1,
3234,3212,3228,-1,
3212,3234,3210,-1,
2938,2895,2899,-1,
2981,2944,2948,-1,
3048,3044,3083,-1,
3044,3009,3042,-1,
3183,3175,3210,-1,
3175,3183,3173,-1,
3200,3159,3183,-1,
3144,3114,3136,-1,
3187,3179,3206,-1,
3128,3085,3124,-1,
3362,3337,3354,-1,
3181,3177,3214,-1,
3181,3138,3177,-1,
3214,3208,3247,-1,
3204,3165,3198,-1,
3257,3224,3249,-1,
3204,3198,3243,-1,
3007,2991,2993,-1,
3077,3040,3075,-1,
3013,2981,2983,-1,
3011,2985,3009,-1,
3102,3061,3104,-1,
3027,2971,3025,-1,
3261,3222,3255,-1,
3029,3027,3064,-1,
3232,3230,3269,-1,
3099,3097,3138,-1,
3138,3134,3177,-1,
3146,3099,3140,-1,
3095,3091,3134,-1,
3138,3095,3134,-1,
3134,3091,3132,-1,
3132,3091,3128,-1,
3015,2981,3013,-1,
3054,3052,3091,-1,
3315,3298,3317,-1,
3298,3315,3294,-1,
3418,3408,3412,-1,
3241,3206,3220,-1,
3288,3273,3315,-1,
3296,3255,3290,-1,
3284,3282,3321,-1,
3261,3255,3296,-1,
3222,3185,3218,-1,
3478,3459,3470,-1,
3474,3468,3487,-1,
3531,3518,3529,-1,
3444,3419,3448,-1,
3431,3400,3404,-1,
3521,3502,3523,-1,
3448,3419,3423,-1,
3466,3435,3465,-1,
3511,3504,3509,-1,
3504,3511,3507,-1,
3467,3433,3444,-1,
3433,3467,3458,-1,
3313,3274,3276,-1,
3500,3475,3481,-1,
3459,3447,3470,-1,
3358,3350,3376,-1,
3391,3385,3420,-1,
3426,3395,3416,-1,
3308,3300,3325,-1,
3391,3360,3385,-1,
3376,3362,3395,-1,
3416,3389,3399,-1,
3364,3352,3387,-1,
3463,3455,3457,-1,
3447,3437,3470,-1,
3472,3455,3463,-1,
3455,3472,3470,-1,
3516,3510,3512,-1,
3461,3430,3453,-1,
3148,3126,3142,-1,
3126,3148,3122,-1,
2897,2854,2866,-1,
2792,2753,2770,-1,
2745,2706,2718,-1,
2813,2770,2782,-1,
2776,2753,2784,-1,
2854,2833,2866,-1,
2799,2821,2823,-1,
2821,2799,2805,-1,
2813,2799,2823,-1,
2905,2868,2872,-1,
2913,2889,2917,-1,
2905,2862,2868,-1,
2948,2905,2909,-1,
2862,2825,2829,-1,
2819,2780,2786,-1,
2784,2753,2792,-1,
2872,2835,2876,-1,
2874,2833,2850,-1,
2958,2932,2960,-1,
2952,2917,2956,-1,
2917,2889,2919,-1,
2850,2864,2874,-1,
2864,2850,2860,-1,
3122,3118,3126,-1,
3251,3220,3234,-1,
3007,3005,3040,-1,
3130,3122,3159,-1,
2769,2752,2791,-1,
2822,2798,2812,-1,
2822,2812,2832,-1,
2752,2746,2775,-1,
3049,3010,3012,-1,
3129,3100,3113,-1,
3316,3332,3328,-1,
3332,3316,3314,-1,
3380,3365,3371,-1,
3111,3092,3121,-1,
3092,3111,3086,-1,
3303,3262,3279,-1,
2910,2873,2902,-1,
2992,2955,2990,-1,
3100,3072,3074,-1,
3233,3209,3219,-1,
3045,3037,3072,-1,
3037,3045,3035,-1,
3293,3272,3314,-1,
3211,3233,3227,-1,
3233,3211,3209,-1,
3262,3219,3240,-1,
3272,3250,3262,-1,
3336,3307,3320,-1,
3326,3303,3318,-1,
3320,3289,3322,-1,
3330,3295,3334,-1,
3458,3425,3433,-1,
3425,3458,3446,-1,
3471,3454,3469,-1,
3454,3471,3462,-1,
3386,3351,3363,-1,
3342,3328,3332,-1,
3213,3180,3217,-1,
3281,3242,3246,-1,
3184,3145,3188,-1,
3131,3090,3133,-1,
3246,3207,3213,-1,
3197,3160,3164,-1,
3223,3197,3242,-1,
3279,3248,3256,-1,
3176,3133,3137,-1,
3246,3203,3207,-1,
2947,2904,2943,-1,
2900,2855,2898,-1,
3016,2976,3018,-1,
3098,3059,3061,-1,
2904,2861,2900,-1,
2828,2824,2861,-1,
2937,2894,2935,-1,
2943,2941,2980,-1,
2847,2843,2886,-1,
2972,2933,2970,-1,
2964,2922,2963,-1,
3031,2965,3029,-1,
3106,3065,3067,-1,
3030,2964,3032,-1,
3151,3106,3153,-1,
3237,3194,3239,-1,
3348,3347,3378,-1,
3347,3310,3345,-1,
3275,3238,3271,-1,
3189,3185,3226,-1,
3368,3360,3393,-1,
3370,3368,3393,-1,
3188,3145,3149,-1,
3059,3022,3024,-1,
3369,3334,3338,-1,
3301,3268,3305,-1,
3375,3336,3349,-1,
3318,3285,3324,-1,
3419,3390,3423,-1,
3413,3384,3419,-1,
3433,3419,3444,-1,
3425,3394,3433,-1,
3496,3475,3500,-1,
3477,3458,3486,-1,
3025,2971,2973,-1,
3025,3023,3060,-1,
2924,2879,2926,-1,
2965,2926,2967,-1,
2922,2879,2924,-1,
2923,2878,2922,-1,
2881,2838,2840,-1,
2879,2838,2881,-1,
2878,2837,2877,-1,
2878,2877,2922,-1,
2767,2763,2806,-1,
2771,2767,2806,-1,
2579,2573,2575,-1,
2647,2643,2658,-1,
2625,2643,2647,-1,
2643,2625,2622,-1,
2678,2641,2668,-1,
2699,2680,2705,-1,
2728,2713,2746,-1,
2705,2680,2691,-1,
2740,2734,2738,-1,
2779,2777,2818,-1,
2785,2779,2818,-1,
2732,2707,2724,-1,
2707,2695,2724,-1,
2775,2765,2789,-1,
2816,2783,2808,-1,
2550,2541,2560,-1,
2558,2550,2560,-1,
2662,2660,2697,-1,
2670,2662,2697,-1,
2711,2709,2742,-1,
2711,2674,2709,-1,
2873,2832,2865,-1,
2798,2820,2804,-1,
2820,2798,2822,-1,
2798,2759,2781,-1,
2832,2812,2826,-1,
2791,2783,2826,-1,
2955,2916,2951,-1,
2623,2621,2626,-1,
2644,2648,2659,-1,
2644,2626,2648,-1,
2626,2644,2623,-1,
2706,2700,2718,-1,
2706,2681,2700,-1,
2584,2561,2592,-1,
2517,2526,2519,-1,
2526,2517,2521,-1,
2526,2521,2532,-1,
2493,2492,2505,-1,
2528,2505,2507,-1,
2519,2513,2517,-1,
2530,2515,2534,-1,
2540,2515,2519,-1,
2585,2581,2610,-1,
2594,2585,2610,-1,
2571,2543,2562,-1,
2770,2729,2745,-1,
2729,2706,2745,-1,
2766,2747,2776,-1,
2747,2708,2714,-1,
2650,2644,2667,-1,
2714,2692,2706,-1,
2692,2650,2667,-1,
2692,2667,2681,-1,
2646,2636,2655,-1,
2696,2669,2679,-1,
2655,2636,2669,-1,
2646,2617,2636,-1,
2749,2712,2751,-1,
2780,2749,2751,-1,
2653,2630,2657,-1,
2653,2624,2628,-1,
2629,2627,2652,-1,
2596,2593,2624,-1,
2606,2602,2633,-1,
2606,2577,2602,-1,
2640,2611,2646,-1,
2698,2663,2671,-1,
2634,2599,2603,-1,
2638,2607,2640,-1,
2607,2578,2582,-1,
2607,2582,2611,-1,
2757,2719,2756,-1,
2795,2762,2801,-1,
2837,2793,2836,-1,
2794,2793,2837,-1,
2838,2793,2795,-1,
2758,2719,2721,-1,
2671,2640,2646,-1,
2671,2646,2675,-1,
2844,2807,2848,-1,
2881,2842,2883,-1,
2926,2881,2883,-1,
2969,2926,2928,-1,
2838,2801,2840,-1,
2840,2801,2803,-1,
3206,3200,3220,-1,
3210,3202,3212,-1,
3273,3259,3278,-1,
3273,3245,3259,-1,
3245,3273,3234,-1,
2942,2899,2901,-1,
2942,2901,2905,-1,
3017,3015,3052,-1,
3056,3054,3091,-1,
2977,2938,2942,-1,
2977,2942,2979,-1,
3050,3048,3083,-1,
3048,3009,3044,-1,
3044,3042,3077,-1,
3081,3044,3077,-1,
3136,3130,3159,-1,
3093,3112,3122,-1,
3112,3093,3087,-1,
3144,3136,3179,-1,
3179,3136,3167,-1,
3157,3120,3144,-1,
3128,3124,3161,-1,
3185,3181,3218,-1,
3218,3181,3214,-1,
3177,3132,3171,-1,
3177,3171,3214,-1,
3171,3165,3204,-1,
3171,3128,3165,-1,
3255,3253,3290,-1,
3255,3214,3253,-1,
3214,3171,3208,-1,
3253,3214,3247,-1,
3286,3280,3304,-1,
3337,3325,3354,-1,
2950,2913,2917,-1,
2989,2956,2991,-1,
2956,2919,2932,-1,
2956,2917,2919,-1,
3009,3007,3042,-1,
3009,2991,3007,-1,
2950,2917,2952,-1,
2985,2950,2989,-1,
3195,3193,3232,-1,
3154,3107,3152,-1,
3346,3311,3313,-1,
3110,3068,3109,-1,
3097,3058,3095,-1,
3140,3099,3138,-1,
3064,3027,3062,-1,
3103,3099,3146,-1,
3226,3185,3222,-1,
3150,3146,3189,-1,
3089,3052,3085,-1,
3089,3085,3128,-1,
3019,2977,3017,-1,
3019,3017,3056,-1,
3294,3292,3298,-1,
3333,3317,3329,-1,
3317,3333,3315,-1,
3245,3234,3236,-1,
3265,3261,3296,-1,
3226,3222,3261,-1,
3520,3514,3510,-1,
3514,3520,3525,-1,
3495,3478,3493,-1,
3478,3495,3487,-1,
3424,3420,3449,-1,
3534,3521,3523,-1,
3521,3534,3532,-1,
3510,3491,3505,-1,
3535,3522,3533,-1,
3522,3535,3523,-1,
3506,3484,3503,-1,
3530,3521,3532,-1,
3521,3530,3517,-1,
3513,3496,3500,-1,
3471,3469,3479,-1,
3479,3469,3488,-1,
3494,3477,3486,-1,
3477,3494,3492,-1,
3486,3458,3467,-1,
3517,3502,3521,-1,
3517,3500,3502,-1,
3405,3401,3432,-1,
3503,3484,3501,-1,
3429,3396,3400,-1,
3377,3346,3348,-1,
3348,3313,3347,-1,
3461,3484,3465,-1,
3484,3461,3482,-1,
3487,3459,3478,-1,
3434,3468,3445,-1,
3468,3434,3459,-1,
3247,3204,3243,-1,
3300,3286,3325,-1,
3323,3321,3358,-1,
3358,3321,3350,-1,
3376,3337,3362,-1,
3350,3337,3376,-1,
3426,3459,3434,-1,
3459,3426,3447,-1,
3434,3395,3426,-1,
3341,3327,3352,-1,
3455,3451,3457,-1,
3451,3422,3439,-1,
3422,3451,3455,-1,
3416,3447,3426,-1,
3447,3416,3437,-1,
3437,3422,3455,-1,
3497,3476,3491,-1,
3505,3499,3508,-1,
2799,2788,2797,-1,
2827,2784,2792,-1,
2827,2792,2813,-1,
2889,2846,2854,-1,
2913,2876,2889,-1,
2868,2835,2872,-1,
2909,2876,2913,-1,
2829,2790,2835,-1,
2868,2829,2835,-1,
2885,2907,2911,-1,
2907,2885,2891,-1,
2921,2911,2915,-1,
2993,2960,2995,-1,
2993,2956,2958,-1,
2956,2932,2958,-1,
2854,2827,2833,-1,
2827,2813,2833,-1,
3093,3079,3087,-1,
3079,3093,3073,-1,
3042,3040,3077,-1,
3042,3007,3040,-1,
3183,3169,3173,-1,
3169,3183,3159,-1,
3159,3163,3169,-1,
3163,3159,3148,-1,
3121,3092,3129,-1,
3125,3117,3121,-1,
2664,2647,2658,-1,
2689,2680,2699,-1,
2680,2689,2676,-1,
2912,2908,2947,-1,
2888,2845,2875,-1,
3082,3047,3049,-1,
3037,3002,3039,-1,
3076,3043,3080,-1,
3047,3008,3010,-1,
3235,3227,3233,-1,
3250,3219,3262,-1,
3248,3223,3256,-1,
3332,3314,3326,-1,
3297,3314,3316,-1,
3314,3297,3293,-1,
2957,2955,2992,-1,
2990,2955,2988,-1,
2986,2994,2996,-1,
2994,2986,2959,-1,
2994,2992,3002,-1,
2959,2957,2992,-1,
3199,3158,3166,-1,
3219,3205,3240,-1,
3135,3113,3143,-1,
3219,3199,3205,-1,
3209,3199,3219,-1,
3201,3174,3209,-1,
3277,3258,3272,-1,
3324,3299,3307,-1,
3262,3240,3279,-1,
3336,3320,3349,-1,
3361,3336,3375,-1,
3303,3285,3318,-1,
3326,3318,3340,-1,
3351,3340,3363,-1,
3388,3353,3361,-1,
3388,3361,3394,-1,
3415,3388,3394,-1,
3160,3123,3127,-1,
3127,3084,3088,-1,
3176,3137,3180,-1,
3213,3176,3180,-1,
3252,3213,3254,-1,
3289,3252,3254,-1,
3203,3170,3207,-1,
3242,3203,3246,-1,
3256,3223,3242,-1,
3285,3256,3266,-1,
3170,3127,3131,-1,
3160,3127,3164,-1,
3090,3053,3055,-1,
3176,3131,3133,-1,
3084,3049,3051,-1,
3051,3012,3014,-1,
2900,2898,2941,-1,
2943,2904,2941,-1,
2871,2834,2867,-1,
2834,2828,2867,-1,
2898,2855,2894,-1,
2898,2894,2937,-1,
3334,3295,3301,-1,
2892,2886,2933,-1,
2886,2843,2882,-1,
2925,2878,2923,-1,
2976,2974,3018,-1,
2976,2937,2974,-1,
3155,3110,3154,-1,
3069,3032,3068,-1,
3188,3149,3190,-1,
3063,3026,3028,-1,
3346,3309,3311,-1,
3239,3194,3196,-1,
3238,3232,3271,-1,
3311,3274,3313,-1,
3313,3275,3312,-1,
3347,3345,3378,-1,
3191,3150,3189,-1,
3150,3105,3146,-1,
3378,3345,3374,-1,
3397,3393,3424,-1,
3335,3296,3331,-1,
3345,3310,3339,-1,
3306,3302,3335,-1,
3296,3290,3331,-1,
3194,3153,3155,-1,
3194,3155,3196,-1,
3104,3061,3063,-1,
3231,3192,3194,-1,
3194,3151,3153,-1,
3334,3301,3305,-1,
3392,3367,3369,-1,
3330,3289,3295,-1,
3344,3309,3346,-1,
3400,3373,3377,-1,
3359,3330,3334,-1,
3367,3334,3369,-1,
3446,3415,3425,-1,
3415,3446,3436,-1,
3454,3436,3469,-1,
3433,3413,3419,-1,
3433,3394,3413,-1,
3513,3490,3496,-1,
3509,3490,3513,-1,
3486,3473,3490,-1,
3448,3423,3452,-1,
3435,3432,3465,-1,
3105,3103,3146,-1,
3066,3064,3107,-1,
3029,2965,2967,-1,
3029,2969,3027,-1,
2927,2882,2925,-1,
2922,2877,2879,-1,
2882,2841,2880,-1,
2841,2839,2880,-1,
2730,2697,2726,-1,
2730,2726,2763,-1,
2631,2614,2641,-1,
2643,2631,2649,-1,
2649,2641,2678,-1,
2666,2643,2649,-1,
2752,2728,2746,-1,
2769,2728,2752,-1,
2750,2711,2748,-1,
2765,2724,2750,-1,
2808,2775,2789,-1,
2808,2789,2834,-1,
2791,2752,2783,-1,
2783,2752,2775,-1,
2724,2695,2711,-1,
2695,2682,2711,-1,
2849,2832,2873,-1,
2849,2863,2859,-1,
2863,2849,2873,-1,
2830,2820,2822,-1,
2773,2754,2759,-1,
2738,2754,2740,-1,
2754,2738,2759,-1,
2759,2787,2773,-1,
2787,2759,2798,-1,
2659,2677,2681,-1,
2677,2659,2665,-1,
2563,2544,2572,-1,
2572,2544,2553,-1,
2623,2613,2619,-1,
2576,2574,2580,-1,
2524,2505,2528,-1,
2527,2505,2524,-1,
2555,2534,2540,-1,
2555,2530,2534,-1,
2594,2562,2585,-1,
2562,2594,2571,-1,
2739,2735,2741,-1,
2760,2755,2774,-1,
2790,2766,2776,-1,
2790,2751,2766,-1,
2712,2683,2696,-1,
2712,2675,2683,-1,
2684,2651,2653,-1,
2652,2651,2684,-1,
2627,2596,2624,-1,
2627,2624,2652,-1,
2628,2597,2630,-1,
2630,2597,2599,-1,
2582,2563,2586,-1,
2563,2582,2557,-1,
2761,2722,2757,-1,
2761,2757,2794,-1,
2722,2685,2720,-1,
2720,2685,2719,-1,
2793,2756,2758,-1,
2756,2719,2758,-1,
2764,2723,2727,-1,
2762,2723,2764,-1,
2971,2928,2930,-1,
2969,2928,2971,-1,
2881,2840,2842,-1,
2840,2803,2842,-1,
3167,3159,3200,-1,
3220,3210,3234,-1,
3056,3017,3054,-1,
3054,3017,3052,-1,
2975,2936,2938,-1,
2936,2895,2938,-1,
3161,3157,3198,-1,
3161,3124,3157,-1,
3243,3224,3257,-1,
3300,3267,3286,-1,
3290,3284,3321,-1,
3253,3247,3282,-1,
3364,3341,3352,-1,
3337,3308,3325,-1,
3308,3267,3300,-1,
3282,3267,3308,-1,
3249,3241,3280,-1,
3263,3251,3273,-1,
2983,2948,2950,-1,
2948,2913,2950,-1,
3189,3146,3185,-1,
3154,3152,3195,-1,
3232,3193,3230,-1,
3152,3107,3150,-1,
3110,3109,3154,-1,
3109,3107,3154,-1,
3153,3110,3155,-1,
3108,3067,3110,-1,
3103,3062,3099,-1,
3027,3025,3062,-1,
3140,3138,3185,-1,
3146,3140,3185,-1,
3193,3152,3191,-1,
3152,3150,3191,-1,
3387,3422,3399,-1,
3422,3387,3408,-1,
3315,3273,3294,-1,
3294,3278,3292,-1,
3278,3294,3273,-1,
3269,3265,3302,-1,
3269,3226,3265,-1,
3491,3487,3505,-1,
3518,3501,3514,-1,
3529,3518,3527,-1,
3506,3503,3523,-1,
3460,3429,3464,-1,
3527,3514,3525,-1,
3514,3527,3518,-1,
3520,3510,3516,-1,
3534,3523,3536,-1,
3536,3523,3535,-1,
3511,3509,3515,-1,
3401,3397,3430,-1,
3465,3485,3466,-1,
3485,3465,3484,-1,
3485,3484,3506,-1,
3502,3483,3506,-1,
3431,3404,3406,-1,
3431,3406,3435,-1,
3464,3435,3466,-1,
3346,3313,3348,-1,
3379,3378,3406,-1,
3385,3358,3376,-1,
3385,3376,3395,-1,
3290,3253,3284,-1,
3284,3253,3282,-1,
3387,3403,3408,-1,
3387,3381,3403,-1,
3381,3387,3372,-1,
3399,3437,3416,-1,
3437,3399,3422,-1,
3499,3487,3495,-1,
3487,3499,3505,-1,
3512,3505,3508,-1,
3505,3512,3510,-1,
2823,2821,2831,-1,
2817,2784,2827,-1,
2835,2809,2846,-1,
2919,2889,2897,-1,
2889,2854,2897,-1,
2876,2835,2846,-1,
2876,2846,2889,-1,
2782,2760,2799,-1,
2770,2760,2782,-1,
2909,2872,2876,-1,
2905,2872,2909,-1,
2862,2829,2868,-1,
2825,2786,2829,-1,
2940,2903,2911,-1,
2940,2921,2946,-1,
2921,2940,2911,-1,
2987,2960,2962,-1,
2960,2954,2962,-1,
3122,3112,3118,-1,
2833,2823,2850,-1,
2850,2858,2860,-1,
2858,2850,2823,-1,
3101,3073,3093,-1,
3101,3093,3130,-1,
3007,2993,3005,-1,
3003,2993,2995,-1,
3148,3142,3163,-1,
3210,3175,3202,-1,
2658,2676,2664,-1,
2676,2658,2680,-1,
2728,2705,2713,-1,
2699,2715,2703,-1,
2715,2699,2717,-1,
2988,2949,2984,-1,
2826,2816,2845,-1,
2982,2947,2980,-1,
2984,2982,3010,-1,
2918,2888,2916,-1,
2955,2951,2988,-1,
2845,2808,2834,-1,
2902,2873,2896,-1,
3047,3010,3049,-1,
3119,3084,3123,-1,
3041,3008,3043,-1,
3211,3201,3209,-1,
2990,2988,3008,-1,
2988,2984,3008,-1,
3082,3049,3084,-1,
3119,3082,3084,-1,
3117,3111,3121,-1,
3162,3158,3168,-1,
3158,3162,3147,-1,
3355,3371,3365,-1,
3371,3355,3351,-1,
3287,3262,3303,-1,
3326,3287,3303,-1,
3332,3326,3351,-1,
3342,3351,3355,-1,
3351,3342,3332,-1,
2920,2939,2945,-1,
2939,2920,2910,-1,
2910,2902,2939,-1,
3033,3037,3035,-1,
3037,3033,3002,-1,
3078,3070,3072,-1,
3033,3000,3002,-1,
2939,2902,2931,-1,
2873,2865,2896,-1,
3076,3041,3043,-1,
3002,2992,3004,-1,
3092,3072,3100,-1,
3078,3092,3086,-1,
3092,3078,3072,-1,
3039,3004,3006,-1,
3178,3143,3186,-1,
3205,3186,3215,-1,
3248,3215,3223,-1,
3182,3158,3199,-1,
3174,3182,3209,-1,
3182,3174,3172,-1,
3158,3121,3129,-1,
3158,3135,3166,-1,
3209,3182,3199,-1,
3162,3141,3147,-1,
3297,3291,3293,-1,
3277,3293,3291,-1,
3293,3277,3272,-1,
3235,3233,3244,-1,
3244,3272,3258,-1,
3272,3244,3233,-1,
3303,3279,3285,-1,
3279,3256,3285,-1,
3353,3336,3361,-1,
3324,3285,3299,-1,
3386,3382,3398,-1,
3371,3351,3386,-1,
3456,3454,3462,-1,
3402,3386,3407,-1,
3380,3386,3402,-1,
3386,3380,3371,-1,
3409,3407,3411,-1,
3295,3260,3264,-1,
3254,3213,3217,-1,
3281,3246,3252,-1,
3246,3213,3252,-1,
3203,3164,3170,-1,
3170,3131,3176,-1,
3197,3156,3160,-1,
3156,3123,3160,-1,
3307,3266,3281,-1,
3299,3266,3307,-1,
3133,3090,3094,-1,
3090,3055,3094,-1,
2978,2976,3016,-1,
2980,2978,3016,-1,
2970,2968,3026,-1,
2974,2972,3022,-1,
3090,3051,3053,-1,
3088,3051,3090,-1,
2951,2949,2988,-1,
2908,2904,2947,-1,
2941,2937,2976,-1,
2978,2941,2976,-1,
2824,2785,2818,-1,
2824,2818,2861,-1,
2867,2861,2904,-1,
2871,2867,2904,-1,
2892,2847,2886,-1,
2935,2933,2974,-1,
2925,2923,2964,-1,
2974,2933,2972,-1,
2968,2966,3028,-1,
3028,2964,3030,-1,
3018,2974,3020,-1,
3020,2974,3022,-1,
3029,2967,2969,-1,
3032,3031,3068,-1,
3305,3268,3309,-1,
3061,3024,3026,-1,
3310,3306,3339,-1,
3310,3269,3306,-1,
3338,3309,3344,-1,
3338,3305,3309,-1,
3195,3152,3193,-1,
3191,3189,3226,-1,
3432,3401,3430,-1,
3406,3405,3432,-1,
3339,3335,3370,-1,
3374,3370,3401,-1,
3393,3360,3391,-1,
3393,3391,3424,-1,
3368,3335,3360,-1,
3370,3335,3368,-1,
3239,3238,3275,-1,
3276,3239,3275,-1,
3225,3184,3188,-1,
3184,3137,3139,-1,
3295,3254,3260,-1,
3260,3221,3225,-1,
3264,3225,3268,-1,
3192,3151,3194,-1,
3384,3357,3359,-1,
3390,3359,3392,-1,
3295,3264,3301,-1,
3301,3264,3268,-1,
3309,3268,3270,-1,
3373,3344,3377,-1,
3400,3369,3373,-1,
3377,3344,3346,-1,
3404,3377,3406,-1,
3400,3377,3404,-1,
3423,3392,3396,-1,
3359,3334,3367,-1,
3469,3446,3458,-1,
3469,3436,3446,-1,
3504,3486,3490,-1,
3498,3486,3504,-1,
3486,3498,3494,-1,
3427,3396,3429,-1,
3452,3429,3460,-1,
3023,3021,3058,-1,
3060,3023,3058,-1,
3062,3060,3099,-1,
3107,3064,3105,-1,
2963,2922,2965,-1,
3032,2963,2965,-1,
2923,2922,2964,-1,
2880,2878,2925,-1,
2877,2836,2838,-1,
2877,2838,2879,-1,
2620,2618,2622,-1,
2680,2666,2691,-1,
2643,2608,2631,-1,
2608,2643,2622,-1,
2717,2705,2744,-1,
2717,2699,2705,-1,
2857,2849,2859,-1,
2849,2857,2822,-1,
2849,2822,2832,-1,
2830,2822,2857,-1,
2798,2781,2812,-1,
2781,2769,2812,-1,
2759,2717,2744,-1,
2759,2744,2769,-1,
2659,2648,2665,-1,
2592,2576,2609,-1,
2592,2561,2576,-1,
2572,2605,2595,-1,
2605,2572,2584,-1,
2505,2492,2494,-1,
2751,2725,2766,-1,
2766,2725,2733,-1,
2696,2655,2669,-1,
2683,2655,2696,-1,
2758,2723,2762,-1,
2795,2758,2762,-1,
3304,3263,3288,-1,
3280,3263,3304,-1,
3200,3183,3210,-1,
3220,3200,3210,-1,
3003,3001,3034,-1,
3003,2999,3001,-1,
3073,3046,3071,-1,
3073,3071,3079,-1,
3017,2979,2981,-1,
3017,2981,3015,-1,
3224,3216,3249,-1,
3224,3187,3216,-1,
3165,3161,3198,-1,
3124,3120,3157,-1,
3157,3144,3187,-1,
3198,3157,3187,-1,
3208,3171,3204,-1,
3208,3204,3247,-1,
3399,3383,3387,-1,
3362,3354,3389,-1,
3286,3257,3280,-1,
3267,3257,3286,-1,
3304,3288,3327,-1,
3319,3304,3327,-1,
3241,3220,3263,-1,
3263,3220,3251,-1,
3011,2983,2985,-1,
2983,2950,2985,-1,
3153,3106,3108,-1,
3106,3067,3108,-1,
3105,3062,3103,-1,
3064,3062,3105,-1,
3230,3191,3226,-1,
3193,3191,3230,-1,
3491,3474,3487,-1,
3482,3476,3501,-1,
3449,3476,3453,-1,
3476,3449,3474,-1,
3453,3424,3449,-1,
3476,3474,3491,-1,
3449,3420,3445,-1,
3503,3501,3518,-1,
3523,3503,3522,-1,
3515,3509,3519,-1,
3500,3481,3483,-1,
3464,3429,3431,-1,
3429,3400,3431,-1,
3506,3483,3485,-1,
3406,3378,3405,-1,
3405,3378,3401,-1,
3432,3430,3465,-1,
3379,3348,3378,-1,
3377,3348,3379,-1,
3420,3385,3414,-1,
3414,3385,3395,-1,
3383,3364,3387,-1,
3383,3341,3364,-1,
2799,2797,2805,-1,
2790,2776,2809,-1,
2809,2776,2784,-1,
2919,2897,2903,-1,
2919,2903,2932,-1,
2846,2817,2827,-1,
2846,2827,2854,-1,
2739,2755,2760,-1,
2755,2739,2741,-1,
2760,2718,2739,-1,
2862,2819,2825,-1,
2819,2786,2825,-1,
3077,3075,3101,-1,
3075,3073,3101,-1,
3005,2993,3003,-1,
3005,3003,3040,-1,
2949,2912,2947,-1,
2951,2916,2949,-1,
2865,2853,2896,-1,
2865,2832,2853,-1,
2845,2834,2875,-1,
2875,2834,2871,-1,
3004,2992,3006,-1,
3115,3076,3080,-1,
3043,3008,3047,-1,
3082,3043,3047,-1,
3409,3402,3407,-1,
3314,3272,3287,-1,
3272,3262,3287,-1,
2914,2906,2910,-1,
2994,2959,2992,-1,
2994,2998,2996,-1,
2998,2994,3002,-1,
2914,2910,2920,-1,
2869,2873,2884,-1,
2873,2869,2863,-1,
2884,2873,2910,-1,
2832,2826,2853,-1,
2853,2826,2845,-1,
3129,3092,3100,-1,
3070,3045,3072,-1,
3072,3037,3039,-1,
3072,3039,3074,-1,
3143,3115,3119,-1,
3143,3113,3115,-1,
3248,3205,3215,-1,
3240,3205,3248,-1,
3285,3266,3299,-1,
3324,3307,3336,-1,
3353,3324,3336,-1,
3353,3318,3324,-1,
3454,3421,3436,-1,
3417,3421,3438,-1,
3421,3417,3407,-1,
3398,3382,3388,-1,
3217,3184,3221,-1,
3221,3184,3225,-1,
3320,3281,3283,-1,
3281,3252,3283,-1,
3197,3164,3203,-1,
3164,3127,3170,-1,
3213,3170,3176,-1,
3207,3170,3213,-1,
3096,3057,3098,-1,
3133,3094,3137,-1,
3014,2980,3016,-1,
3051,3014,3016,-1,
2912,2875,2908,-1,
2875,2871,2908,-1,
2949,2947,2982,-1,
2984,2949,2982,-1,
3106,3063,3065,-1,
3063,3028,3065,-1,
3024,2970,3026,-1,
3026,2968,3028,-1,
3067,3030,3032,-1,
3067,3028,3030,-1,
2933,2886,2929,-1,
3094,3057,3096,-1,
3061,3026,3063,-1,
3104,3063,3106,-1,
3094,3055,3057,-1,
3055,3018,3057,-1,
3068,3066,3107,-1,
3031,3029,3068,-1,
3312,3275,3310,-1,
3275,3271,3310,-1,
3309,3270,3274,-1,
3309,3274,3311,-1,
3374,3345,3370,-1,
3345,3339,3370,-1,
3302,3265,3296,-1,
3302,3296,3335,-1,
3196,3155,3195,-1,
3196,3195,3239,-1,
3225,3190,3229,-1,
3145,3102,3104,-1,
3392,3369,3396,-1,
3396,3369,3400,-1,
3357,3322,3359,-1,
3359,3322,3330,-1,
3486,3467,3473,-1,
3475,3448,3452,-1,
3448,3475,3473,-1,
2968,2925,2966,-1,
2927,2925,2968,-1,
2612,2608,2622,-1,
2608,2612,2589,-1,
2618,2612,2622,-1,
2680,2643,2666,-1,
2658,2643,2680,-1,
2691,2649,2678,-1,
2666,2649,2691,-1,
2734,2717,2738,-1,
2717,2734,2715,-1,
2738,2717,2759,-1,
2536,2553,2544,-1,
2553,2536,2538,-1,
2572,2561,2584,-1,
3325,3319,3354,-1,
3325,3286,3319,-1,
3408,3403,3410,-1,
3501,3497,3514,-1,
3501,3476,3497,-1,
3445,3420,3434,-1,
3468,3459,3487,-1,
3514,3491,3510,-1,
3497,3491,3514,-1,
3522,3503,3518,-1,
3531,3522,3518,-1,
3522,3531,3533,-1,
3513,3500,3517,-1,
3526,3513,3517,-1,
3513,3526,3524,-1,
3485,3464,3466,-1,
3464,3485,3483,-1,
3483,3460,3464,-1,
3460,3483,3481,-1,
3453,3482,3461,-1,
3482,3453,3476,-1,
3313,3312,3347,-1,
3312,3310,3347,-1,
3333,3329,3343,-1,
3418,3422,3408,-1,
3422,3418,3439,-1,
3387,3352,3372,-1,
3372,3356,3366,-1,
3356,3372,3352,-1,
3389,3383,3399,-1,
3389,3354,3383,-1,
3038,3046,3073,-1,
3046,3038,3036,-1,
2918,2916,2955,-1,
2931,2918,2955,-1,
2853,2845,2888,-1,
2896,2888,2918,-1,
2992,2990,3006,-1,
3006,2990,3008,-1,
3074,3039,3076,-1,
3076,3039,3041,-1,
3125,3147,3141,-1,
3147,3125,3121,-1,
3147,3121,3158,-1,
2939,2953,2945,-1,
2953,2939,2959,-1,
2961,2953,2959,-1,
2890,2869,2884,-1,
2884,2906,2890,-1,
2906,2884,2910,-1,
3000,2998,3002,-1,
3158,3129,3135,-1,
3129,3113,3135,-1,
3115,3080,3082,-1,
3115,3082,3119,-1,
3199,3178,3205,-1,
3205,3178,3186,-1,
3450,3421,3454,-1,
3421,3450,3438,-1,
3456,3450,3454,-1,
3363,3340,3382,-1,
3382,3340,3353,-1,
3137,3098,3139,-1,
3184,3139,3145,-1,
3254,3221,3260,-1,
3254,3217,3221,-1,
2935,2894,2933,-1,
2894,2892,2933,-1,
3098,3061,3102,-1,
3059,3024,3061,-1,
3057,3020,3022,-1,
3057,3018,3020,-1,
3137,3096,3098,-1,
3137,3094,3096,-1,
3068,3029,3066,-1,
3066,3029,3064,-1,
3369,3344,3373,-1,
3369,3338,3344,-1,
3397,3370,3393,-1,
3401,3370,3397,-1,
3149,3104,3106,-1,
3145,3104,3149,-1,
3268,3225,3229,-1,
3190,3149,3151,-1,
3139,3098,3145,-1,
3145,3098,3102,-1,
3423,3390,3392,-1,
3392,3359,3367,-1,
3452,3423,3427,-1,
3423,3396,3427,-1,
3481,3452,3460,-1,
3452,3481,3475,-1,
2966,2925,2964,-1,
2966,2964,3028,-1,
2542,2553,2538,-1,
2553,2542,2561,-1,
2572,2553,2561,-1,
3341,3319,3327,-1,
3354,3319,3341,-1,
3449,3468,3474,-1,
3468,3449,3445,-1,
3528,3517,3530,-1,
3040,3038,3073,-1,
3040,3003,3038,-1,
2995,2987,2997,-1,
2987,2995,2960,-1,
2995,2999,3003,-1,
2999,2995,2997,-1,
2902,2896,2918,-1,
2896,2853,2888,-1,
2888,2875,2912,-1,
2916,2888,2912,-1,
3100,3076,3113,-1,
3100,3074,3076,-1,
3166,3135,3178,-1,
3199,3166,3178,-1,
3421,3386,3398,-1,
3386,3421,3407,-1,
2933,2929,2970,-1,
2929,2927,2970,-1,
3098,3057,3059,-1,
3057,3022,3059,-1,
3231,3194,3237,-1,
3190,3151,3192,-1,
3419,3384,3390,-1,
3384,3359,3390,-1,
3412,3408,3410,-1,
3372,3366,3381,-1,
3526,3517,3528,-1,
3039,3006,3041,-1,
3041,3006,3008,-1,
3398,3388,3415,-1,
3436,3398,3415,-1,
3398,3436,3421,-1,
2972,2970,3024,-1,
3022,2972,3024,-1,
3229,3190,3192,-1,
3225,3188,3190,-1,
3270,3231,3237,-1,
3268,3231,3270,-1,
3229,3192,3231,-1,
3268,3229,3231,-1,
3807,3778,3795,-1,
3766,3751,3760,-1,
3997,3958,4001,-1,
4052,4015,4019,-1,
3970,3937,3974,-1,
3795,3756,3782,-1,
4042,4056,4062,-1,
4056,4042,4048,-1,
3756,3737,3747,-1,
4067,4025,4026,-1,
3989,3946,3950,-1,
3734,3707,3738,-1,
4174,4108,4110,-1,
3943,3904,3941,-1,
3649,3645,3662,-1,
4302,4261,4262,-1,
4604,4587,4589,-1,
4580,4561,4557,-1,
4561,4580,4586,-1,
4584,4567,4575,-1,
4567,4584,4582,-1,
3970,3931,3937,-1,
4083,4046,4050,-1,
3779,3744,3759,-1,
3825,3792,3796,-1,
3978,3937,3948,-1,
4528,4524,4526,-1,
4486,4447,4472,-1,
3883,3875,3912,-1,
4038,3997,4040,-1,
4027,4025,4068,-1,
4211,4168,4209,-1,
3739,3708,3735,-1,
3722,3720,3724,-1,
3797,3762,3793,-1,
4202,4165,4204,-1,
4627,4604,4610,-1,
4148,4130,4132,-1,
4011,3974,3978,-1,
3835,3800,3841,-1,
3915,3868,3880,-1,
3845,3812,3827,-1,
4041,4039,4078,-1,
4169,4113,4171,-1,
4070,4029,4068,-1,
4107,4066,4067,-1,
3769,3742,3777,-1,
3825,3796,3829,-1,
4053,4051,4086,-1,
4186,4178,4180,-1,
4065,4057,4063,-1,
3984,3982,4029,-1,
3753,3726,3730,-1,
3738,3707,3740,-1,
4452,4430,4436,-1,
3747,3741,3772,-1,
3620,3616,3626,-1,
4006,4000,4022,-1,
4384,4362,4374,-1,
4061,4059,4096,-1,
3916,3895,3930,-1,
4045,4041,4080,-1,
3992,3949,3979,-1,
4115,4113,4169,-1,
4574,4597,4595,-1,
4597,4574,4578,-1,
4513,4480,4509,-1,
4621,4612,4618,-1,
4073,4032,4036,-1,
3680,3678,3684,-1,
4134,4095,4136,-1,
4021,3999,4005,-1,
4148,4132,4146,-1,
3790,3779,3804,-1,
4146,4144,4179,-1,
4128,4085,4087,-1,
4392,4377,4418,-1,
3667,3648,3676,-1,
3682,3653,3659,-1,
3653,3682,3674,-1,
3771,3746,3773,-1,
3667,3686,3661,-1,
3686,3667,3690,-1,
3730,3701,3734,-1,
4073,4030,4032,-1,
3946,3909,3950,-1,
3898,3896,3941,-1,
4108,4067,4110,-1,
3950,3909,3913,-1,
3955,3951,3998,-1,
3937,3892,3911,-1,
3781,3755,3794,-1,
3753,3725,3726,-1,
3942,3905,3944,-1,
4368,4354,4378,-1,
3932,3928,3965,-1,
3654,3635,3652,-1,
3754,3725,3752,-1,
3651,3629,3632,-1,
3629,3612,3632,-1,
3645,3639,3660,-1,
3801,3772,3797,-1,
3710,3714,3693,-1,
3714,3710,3724,-1,
3633,3612,3629,-1,
3680,3672,3678,-1,
4139,4106,4137,-1,
4502,4463,4475,-1,
3710,3685,3681,-1,
3685,3710,3693,-1,
3990,3947,3986,-1,
4016,3979,4012,-1,
4364,4325,4366,-1,
3936,3916,3930,-1,
3979,3975,4012,-1,
4117,4115,4167,-1,
3805,3780,3791,-1,
4306,4265,4289,-1,
4289,4281,4320,-1,
4281,4289,4279,-1,
4635,4616,4639,-1,
4340,4336,4379,-1,
4203,4164,4201,-1,
4174,4172,4213,-1,
3662,3645,3660,-1,
4089,4062,4064,-1,
4005,3976,4013,-1,
4140,4136,4138,-1,
4097,4089,4099,-1,
4089,4097,4062,-1,
4095,4062,4097,-1,
4091,4054,4058,-1,
4095,4058,4060,-1,
4021,4005,4034,-1,
4083,4044,4046,-1,
4015,3991,4019,-1,
3915,3901,3925,-1,
3999,3976,4005,-1,
3931,3892,3937,-1,
3913,3876,3917,-1,
4166,4114,4116,-1,
4367,4359,4390,-1,
3767,3744,3779,-1,
3892,3849,3864,-1,
3661,3644,3648,-1,
3723,3713,3719,-1,
3621,3608,3610,-1,
3608,3621,3617,-1,
3617,3606,3608,-1,
3995,3950,3997,-1,
3917,3876,3921,-1,
4030,3985,3989,-1,
4068,4066,4107,-1,
3909,3866,3870,-1,
3835,3796,3800,-1,
3841,3810,3847,-1,
3841,3800,3808,-1,
3773,3746,3755,-1,
3711,3697,3717,-1,
3644,3630,3648,-1,
3632,3613,3617,-1,
3609,3607,3618,-1,
4432,4395,4401,-1,
4078,4076,4117,-1,
4436,4411,4419,-1,
4337,4296,4298,-1,
4376,4337,4380,-1,
4452,4415,4430,-1,
3786,3753,3757,-1,
3752,3725,3753,-1,
3639,3622,3635,-1,
3730,3699,3701,-1,
3801,3797,3836,-1,
3743,3716,3737,-1,
3741,3708,3739,-1,
3710,3681,3695,-1,
3696,3669,3670,-1,
3624,3620,3626,-1,
3612,3599,3600,-1,
3613,3600,3602,-1,
3600,3613,3612,-1,
3657,3646,3665,-1,
3646,3657,3642,-1,
4399,4374,4415,-1,
4139,4137,4141,-1,
3988,4010,3994,-1,
4010,3988,4014,-1,
4063,4061,4096,-1,
4255,4229,4266,-1,
4113,4111,4171,-1,
4307,4266,4274,-1,
3926,3916,3936,-1,
3799,3780,3805,-1,
3789,3780,3799,-1,
3780,3789,3776,-1,
4055,4053,4092,-1,
4096,4059,4094,-1,
4098,4096,4137,-1,
3977,3936,3969,-1,
4012,4008,4051,-1,
4020,3992,4016,-1,
4041,3998,4039,-1,
4037,3990,4033,-1,
4250,4220,4242,-1,
4077,4040,4079,-1,
4250,4242,4285,-1,
4510,4481,4514,-1,
4283,4238,4277,-1,
4114,4073,4075,-1,
4172,4110,4170,-1,
4110,4067,4069,-1,
4546,4513,4544,-1,
3747,3712,3741,-1,
3837,3833,3839,-1,
3858,3853,3872,-1,
4062,4056,4064,-1,
4136,4105,4138,-1,
4144,4140,4142,-1,
4140,4144,4136,-1,
4013,3976,3987,-1,
4042,4005,4013,-1,
4179,4152,4177,-1,
4351,4316,4330,-1,
4091,4058,4093,-1,
4093,4058,4095,-1,
4062,4034,4042,-1,
4058,4034,4060,-1,
4021,3991,3999,-1,
4019,3991,4021,-1,
4168,4114,4166,-1,
4083,4050,4085,-1,
3911,3882,3919,-1,
4091,4052,4054,-1,
3882,3851,3894,-1,
3894,3868,3915,-1,
3935,3915,3925,-1,
3948,3919,3929,-1,
3987,3972,3993,-1,
3952,3966,3976,-1,
3966,3952,3962,-1,
4036,3997,4038,-1,
4079,4040,4044,-1,
3921,3878,3888,-1,
4040,3997,4001,-1,
4120,4077,4079,-1,
4215,4174,4213,-1,
3709,3713,3723,-1,
3713,3709,3692,-1,
3790,3748,3767,-1,
3717,3697,3736,-1,
3746,3736,3755,-1,
3676,3665,3688,-1,
3680,3663,3672,-1,
3663,3680,3665,-1,
3657,3640,3642,-1,
3640,3657,3648,-1,
3625,3615,3619,-1,
3676,3657,3665,-1,
3676,3648,3657,-1,
3632,3617,3634,-1,
3701,3670,3674,-1,
3759,3750,3765,-1,
4077,4036,4038,-1,
4036,3989,3995,-1,
3989,3950,3995,-1,
3944,3909,3946,-1,
4077,4038,4040,-1,
4036,3995,3997,-1,
4068,4025,4066,-1,
4066,4025,4067,-1,
4076,4037,4074,-1,
4029,4027,4068,-1,
3861,3857,3898,-1,
3754,3752,3783,-1,
3866,3835,3870,-1,
3870,3835,3876,-1,
3792,3761,3796,-1,
3786,3761,3792,-1,
3794,3777,3806,-1,
3771,3740,3746,-1,
3740,3707,3711,-1,
3758,3731,3754,-1,
3762,3731,3758,-1,
4223,4184,4188,-1,
4045,4002,4041,-1,
4609,4588,4603,-1,
4396,4367,4390,-1,
4562,4581,4558,-1,
4581,4562,4587,-1,
4500,4471,4508,-1,
4502,4475,4496,-1,
4539,4516,4533,-1,
4208,4184,4221,-1,
4284,4239,4241,-1,
3785,3754,3783,-1,
3985,3946,3989,-1,
3650,3629,3651,-1,
3614,3612,3633,-1,
3652,3629,3650,-1,
3696,3670,3699,-1,
3671,3654,3652,-1,
3654,3671,3675,-1,
3708,3704,3735,-1,
3739,3735,3762,-1,
3741,3739,3772,-1,
3922,3918,3955,-1,
3795,3782,3811,-1,
3712,3687,3708,-1,
3698,3691,3712,-1,
3720,3714,3724,-1,
3683,3675,3702,-1,
3660,3687,3662,-1,
3687,3660,3683,-1,
3645,3622,3639,-1,
3634,3617,3621,-1,
3630,3627,3636,-1,
3934,3926,3961,-1,
4233,4255,4249,-1,
4255,4233,4229,-1,
4151,4131,4155,-1,
4178,4153,4180,-1,
4221,4184,4223,-1,
4184,4147,4149,-1,
4362,4331,4374,-1,
4266,4229,4237,-1,
4237,4200,4208,-1,
4282,4290,4321,-1,
4290,4282,4280,-1,
4012,3975,4008,-1,
3729,3722,3724,-1,
3778,3743,3770,-1,
3743,3737,3770,-1,
4098,4063,4096,-1,
4024,4043,4049,-1,
4043,4024,4014,-1,
4335,4305,4354,-1,
4055,4020,4053,-1,
4063,4035,4061,-1,
4094,4059,4092,-1,
3852,3828,3846,-1,
4016,4012,4051,-1,
3875,3846,3865,-1,
3895,3883,3930,-1,
3992,3979,4016,-1,
4000,3957,3992,-1,
3998,3951,3996,-1,
3998,3996,4037,-1,
4385,4381,4420,-1,
4074,4031,4072,-1,
4568,4539,4554,-1,
4394,4363,4392,-1,
4156,4126,4128,-1,
4616,4597,4619,-1,
4353,4304,4334,-1,
4150,4148,4183,-1,
4383,4369,4388,-1,
4414,4373,4398,-1,
4627,4610,4614,-1,
4116,4075,4077,-1,
4114,4075,4116,-1,
4112,4073,4114,-1,
4168,4112,4114,-1,
4174,4107,4108,-1,
4107,4067,4108,-1,
3783,3752,3753,-1,
4112,4071,4073,-1,
4330,4320,4344,-1,
3626,3622,3645,-1,
3677,3649,3668,-1,
3816,3833,3837,-1,
3833,3816,3814,-1,
3849,3823,3864,-1,
4136,4095,4097,-1,
4097,4105,4136,-1,
4105,4097,4099,-1,
4130,4087,4091,-1,
4187,4150,4183,-1,
4179,4177,4185,-1,
4144,4152,4179,-1,
4152,4144,4142,-1,
4265,4269,4275,-1,
4269,4265,4254,-1,
4228,4224,4232,-1,
4146,4134,4136,-1,
4146,4136,4144,-1,
4060,4034,4062,-1,
4095,4060,4062,-1,
4034,4005,4042,-1,
4058,4021,4034,-1,
4058,4019,4021,-1,
4011,3978,4015,-1,
4085,4052,4087,-1,
4054,4019,4058,-1,
3948,3929,3956,-1,
3929,3894,3915,-1,
4052,4019,4054,-1,
4271,4234,4267,-1,
4044,4007,4046,-1,
3755,3736,3769,-1,
3952,3960,3962,-1,
3960,3952,3925,-1,
3956,3935,3968,-1,
3960,3925,3933,-1,
4277,4234,4271,-1,
4040,4001,4044,-1,
4244,4201,4240,-1,
4287,4244,4283,-1,
3937,3911,3948,-1,
3974,3937,3978,-1,
4003,3964,4007,-1,
3878,3847,3849,-1,
3876,3835,3841,-1,
3921,3876,3878,-1,
4174,4110,4172,-1,
4211,4209,4252,-1,
4256,4252,4295,-1,
4172,4170,4213,-1,
3736,3715,3742,-1,
3777,3748,3790,-1,
3790,3767,3779,-1,
3742,3715,3732,-1,
3771,3738,3740,-1,
3746,3717,3736,-1,
3736,3705,3715,-1,
3736,3697,3705,-1,
3694,3680,3709,-1,
3715,3688,3694,-1,
3688,3715,3705,-1,
3688,3665,3694,-1,
3651,3632,3634,-1,
3644,3625,3630,-1,
3705,3676,3688,-1,
3676,3705,3697,-1,
3734,3701,3703,-1,
3699,3670,3701,-1,
3748,3744,3767,-1,
4027,3982,4025,-1,
3939,3896,3940,-1,
3950,3917,3954,-1,
3950,3913,3917,-1,
4081,4044,4083,-1,
4079,4044,4081,-1,
3941,3939,3980,-1,
4028,3985,4030,-1,
4217,4174,4215,-1,
3951,3947,3990,-1,
3787,3785,3822,-1,
4029,3982,4027,-1,
3990,3986,4031,-1,
4033,3990,4031,-1,
3821,3786,3792,-1,
4025,3981,4026,-1,
3866,3829,3835,-1,
3796,3761,3763,-1,
3829,3796,3835,-1,
3761,3734,3738,-1,
3753,3730,3757,-1,
3786,3757,3761,-1,
3808,3773,3810,-1,
3841,3808,3810,-1,
3808,3771,3773,-1,
3800,3771,3808,-1,
3697,3667,3676,-1,
3667,3697,3690,-1,
3725,3699,3726,-1,
3726,3699,3730,-1,
3725,3696,3699,-1,
3704,3702,3735,-1,
4047,4008,4045,-1,
4084,4045,4082,-1,
4204,4165,4206,-1,
4080,4041,4078,-1,
4262,4217,4260,-1,
4562,4537,4541,-1,
4292,4245,4247,-1,
4033,4031,4074,-1,
4262,4260,4301,-1,
4215,4213,4260,-1,
4586,4580,4599,-1,
4478,4470,4509,-1,
4619,4597,4598,-1,
4551,4537,4558,-1,
4539,4564,4556,-1,
4564,4539,4568,-1,
4094,4092,4131,-1,
4487,4461,4469,-1,
4473,4448,4487,-1,
4415,4391,4397,-1,
4360,4317,4327,-1,
4307,4274,4286,-1,
4082,4045,4080,-1,
4245,4206,4247,-1,
3670,3650,3651,-1,
3650,3670,3669,-1,
3671,3669,3696,-1,
3607,3605,3618,-1,
3632,3612,3613,-1,
3613,3604,3617,-1,
3604,3613,3602,-1,
3735,3702,3731,-1,
3793,3762,3787,-1,
3772,3764,3797,-1,
3772,3739,3764,-1,
3828,3813,3846,-1,
3712,3708,3741,-1,
3622,3616,3611,-1,
3616,3622,3626,-1,
3691,3687,3712,-1,
3664,3656,3666,-1,
3700,3671,3696,-1,
3708,3683,3704,-1,
3648,3636,3640,-1,
3636,3648,3630,-1,
4098,4106,4100,-1,
4106,4098,4137,-1,
4018,4014,4024,-1,
3969,3936,3957,-1,
3957,3930,3949,-1,
3817,3805,3844,-1,
3957,3949,3992,-1,
4233,4225,4229,-1,
4219,4200,4229,-1,
4200,4219,4194,-1,
4266,4237,4243,-1,
4229,4200,4237,-1,
4225,4219,4229,-1,
4186,4200,4194,-1,
4200,4186,4180,-1,
4141,4145,4143,-1,
4145,4141,4137,-1,
4270,4266,4276,-1,
4266,4270,4255,-1,
4276,4290,4280,-1,
4290,4276,4266,-1,
4347,4345,4356,-1,
4307,4286,4317,-1,
4266,4243,4274,-1,
3780,3745,3768,-1,
3677,3706,3689,-1,
3706,3677,3698,-1,
4004,3959,4002,-1,
3760,3745,3780,-1,
3749,3733,3743,-1,
4059,4020,4055,-1,
4059,4055,4092,-1,
4147,4133,4149,-1,
4096,4094,4133,-1,
4043,4057,4049,-1,
4057,4043,4063,-1,
4061,4035,4059,-1,
3920,3883,3912,-1,
3893,3889,3932,-1,
3774,3772,3809,-1,
3916,3869,3895,-1,
3895,3852,3883,-1,
4053,4016,4051,-1,
4020,4016,4053,-1,
4039,4037,4078,-1,
4039,3998,4037,-1,
4002,3998,4041,-1,
3893,3850,3889,-1,
4604,4589,4610,-1,
4618,4604,4623,-1,
4498,4477,4483,-1,
4344,4322,4338,-1,
4322,4344,4320,-1,
4246,4205,4244,-1,
4271,4267,4304,-1,
4424,4422,4457,-1,
4574,4547,4578,-1,
4320,4281,4308,-1,
4199,4218,4228,-1,
4218,4199,4193,-1,
4236,4199,4228,-1,
4622,4603,4617,-1,
4582,4553,4567,-1,
4640,4616,4619,-1,
4537,4508,4541,-1,
4075,4036,4077,-1,
4073,4036,4075,-1,
4110,4071,4112,-1,
4110,4069,4071,-1,
3614,3605,3603,-1,
3605,3614,3618,-1,
3868,3827,3843,-1,
3851,3827,3868,-1,
3779,3788,3798,-1,
3788,3779,3775,-1,
4023,4013,4017,-1,
4042,4023,4048,-1,
4023,4042,4013,-1,
4365,4324,4363,-1,
4132,4095,4134,-1,
4205,4164,4203,-1,
4164,4120,4162,-1,
4265,4228,4254,-1,
4285,4273,4306,-1,
4181,4146,4179,-1,
4181,4179,4207,-1,
4085,4050,4052,-1,
4050,4015,4052,-1,
3991,3956,3999,-1,
3991,3948,3956,-1,
3929,3882,3894,-1,
3948,3911,3919,-1,
4050,4011,4015,-1,
4007,3974,4011,-1,
3874,3851,3882,-1,
3911,3874,3882,-1,
3976,3935,3952,-1,
3935,3925,3952,-1,
3925,3923,3933,-1,
4168,4166,4205,-1,
4166,4164,4205,-1,
4162,4122,4160,-1,
4291,4244,4287,-1,
4291,4287,4328,-1,
4318,4277,4314,-1,
3964,3921,3927,-1,
4001,3958,4003,-1,
3831,3806,3845,-1,
3878,3849,3888,-1,
3921,3888,3927,-1,
3864,3831,3845,-1,
3876,3841,3878,-1,
3878,3841,3847,-1,
4170,4110,4112,-1,
4170,4112,4168,-1,
3769,3736,3742,-1,
3845,3806,3812,-1,
3777,3742,3748,-1,
3823,3794,3806,-1,
3843,3816,3858,-1,
3746,3711,3717,-1,
3740,3711,3746,-1,
3723,3719,3721,-1,
3723,3721,3728,-1,
3709,3684,3692,-1,
3684,3709,3680,-1,
3694,3665,3680,-1,
3621,3615,3625,-1,
3615,3621,3610,-1,
3659,3638,3644,-1,
3617,3604,3606,-1,
3701,3674,3682,-1,
3659,3644,3661,-1,
3711,3686,3690,-1,
3701,3682,3703,-1,
4032,3989,4036,-1,
4030,3989,4032,-1,
4044,4001,4003,-1,
3958,3921,3964,-1,
4071,4028,4030,-1,
3820,3818,3857,-1,
4109,4068,4107,-1,
4247,4206,4253,-1,
4070,4068,4111,-1,
4037,4033,4074,-1,
3906,3904,3943,-1,
3951,3910,3947,-1,
3762,3758,3787,-1,
3758,3754,3787,-1,
3860,3821,3862,-1,
3785,3783,3818,-1,
3913,3870,3876,-1,
3909,3870,3913,-1,
3763,3738,3771,-1,
3761,3738,3763,-1,
3796,3763,3771,-1,
3796,3771,3800,-1,
3757,3730,3761,-1,
3761,3730,3734,-1,
3849,3810,3823,-1,
3847,3810,3849,-1,
3700,3696,3725,-1,
3735,3731,3762,-1,
4125,4084,4123,-1,
4047,4045,4084,-1,
4210,4169,4212,-1,
4401,4366,4407,-1,
4206,4169,4210,-1,
4115,4074,4113,-1,
4031,4029,4072,-1,
4214,4171,4173,-1,
4302,4262,4303,-1,
4257,4212,4214,-1,
4260,4213,4258,-1,
4256,4211,4252,-1,
4470,4468,4499,-1,
4559,4532,4553,-1,
4532,4559,4542,-1,
4512,4487,4500,-1,
4531,4500,4537,-1,
4562,4589,4587,-1,
4589,4562,4566,-1,
4467,4483,4477,-1,
4483,4467,4463,-1,
4391,4368,4397,-1,
4463,4426,4438,-1,
4543,4572,4560,-1,
4572,4543,4551,-1,
4600,4572,4581,-1,
4506,4525,4522,-1,
4525,4506,4502,-1,
4600,4581,4587,-1,
4407,4366,4372,-1,
4080,4078,4121,-1,
4432,4393,4395,-1,
4436,4419,4448,-1,
4331,4317,4352,-1,
4415,4374,4391,-1,
4131,4088,4129,-1,
4397,4368,4378,-1,
4245,4204,4206,-1,
4325,4284,4288,-1,
4119,4117,4165,-1,
4123,4080,4121,-1,
3650,3671,3652,-1,
3671,3650,3669,-1,
3704,3683,3702,-1,
3653,3670,3651,-1,
3670,3653,3674,-1,
3618,3614,3633,-1,
3635,3618,3633,-1,
3601,3614,3603,-1,
3614,3601,3612,-1,
3601,3599,3612,-1,
3836,3797,3830,-1,
3826,3793,3822,-1,
3687,3683,3708,-1,
3666,3658,3677,-1,
3665,3655,3663,-1,
3988,3977,4014,-1,
3994,3973,3988,-1,
3900,3891,3902,-1,
3838,3854,3840,-1,
3854,3838,3859,-1,
3953,3967,3963,-1,
3967,3953,3977,-1,
3936,3930,3957,-1,
4208,4180,4182,-1,
4200,4180,4208,-1,
4180,4147,4182,-1,
4153,4145,4180,-1,
4145,4153,4143,-1,
4290,4266,4307,-1,
4345,4331,4362,-1,
4274,4243,4286,-1,
4331,4307,4317,-1,
4270,4249,4255,-1,
4405,4384,4426,-1,
4309,4282,4321,-1,
4251,4227,4264,-1,
4237,4221,4243,-1,
3685,3679,3681,-1,
3803,3789,3799,-1,
3834,3817,3838,-1,
3817,3834,3815,-1,
3873,3854,3859,-1,
3718,3712,3747,-1,
3737,3718,3747,-1,
3813,3778,3807,-1,
3733,3716,3743,-1,
4022,4020,4059,-1,
4035,4022,4059,-1,
4043,4035,4063,-1,
4035,4006,4022,-1,
4137,4096,4135,-1,
4135,4096,4133,-1,
4090,4098,4100,-1,
4098,4090,4063,-1,
4065,4063,4090,-1,
3805,3791,3813,-1,
3791,3778,3813,-1,
3959,3955,3998,-1,
3883,3852,3875,-1,
3813,3807,3846,-1,
3926,3902,3916,-1,
4618,4625,4621,-1,
4625,4618,4623,-1,
4570,4564,4568,-1,
4593,4583,4602,-1,
4429,4414,4451,-1,
4447,4435,4464,-1,
4351,4330,4373,-1,
4474,4451,4462,-1,
4431,4392,4418,-1,
4447,4418,4435,-1,
4499,4468,4486,-1,
4349,4302,4350,-1,
4406,4400,4441,-1,
4544,4513,4540,-1,
4445,4406,4441,-1,
4488,4484,4517,-1,
4456,4421,4458,-1,
4450,4417,4421,-1,
4207,4179,4199,-1,
4199,4185,4193,-1,
4185,4199,4179,-1,
4355,4344,4346,-1,
4228,4218,4224,-1,
4320,4308,4322,-1,
4273,4265,4306,-1,
4289,4275,4279,-1,
4275,4289,4265,-1,
4580,4571,4599,-1,
4617,4611,4620,-1,
4482,4466,4476,-1,
4466,4482,4462,-1,
4524,4505,4521,-1,
4505,4524,4501,-1,
4623,4637,4629,-1,
4637,4623,4627,-1,
4646,4635,4648,-1,
4590,4571,4582,-1,
3983,3944,3985,-1,
4071,4030,4073,-1,
3649,3637,3631,-1,
3637,3649,3641,-1,
3609,3622,3611,-1,
3622,3609,3618,-1,
3635,3633,3652,-1,
3880,3858,3901,-1,
3804,3798,3816,-1,
3894,3851,3868,-1,
3812,3790,3804,-1,
3976,3972,3987,-1,
3972,3976,3966,-1,
4234,4230,4267,-1,
4357,4353,4392,-1,
4220,4183,4207,-1,
4314,4304,4353,-1,
4130,4091,4093,-1,
4230,4191,4226,-1,
4191,4156,4189,-1,
4158,4156,4191,-1,
4220,4207,4236,-1,
4359,4316,4351,-1,
4183,4181,4207,-1,
4207,4199,4236,-1,
4242,4220,4236,-1,
4150,4130,4148,-1,
3978,3948,3991,-1,
4015,3978,3991,-1,
3919,3882,3929,-1,
3999,3956,3968,-1,
3929,3915,3935,-1,
3956,3929,3935,-1,
4166,4116,4164,-1,
4162,4160,4197,-1,
4209,4205,4252,-1,
4209,4168,4205,-1,
4246,4244,4291,-1,
4324,4277,4318,-1,
4392,4353,4377,-1,
4283,4277,4324,-1,
3997,3954,3958,-1,
3997,3950,3954,-1,
3864,3845,3874,-1,
3931,3888,3892,-1,
4003,3958,3964,-1,
3888,3849,3892,-1,
4007,3970,3974,-1,
4044,4003,4007,-1,
4213,4170,4211,-1,
4170,4168,4211,-1,
3810,3794,3823,-1,
3810,3781,3794,-1,
3804,3779,3798,-1,
3759,3775,3779,-1,
3775,3759,3765,-1,
3707,3686,3711,-1,
3711,3690,3697,-1,
3732,3694,3709,-1,
3694,3732,3715,-1,
3644,3621,3625,-1,
3638,3621,3644,-1,
3703,3682,3707,-1,
3734,3703,3707,-1,
3707,3682,3686,-1,
3661,3648,3667,-1,
4028,3983,3985,-1,
3985,3944,3946,-1,
3986,3984,4029,-1,
3986,3945,3984,-1,
3822,3785,3820,-1,
4025,3980,3981,-1,
3862,3825,3829,-1,
3856,3821,3860,-1,
4109,4107,4175,-1,
4217,4175,4176,-1,
3984,3941,3982,-1,
4031,3986,4029,-1,
3867,3830,3863,-1,
3914,3910,3951,-1,
3863,3861,3904,-1,
3793,3787,3822,-1,
3947,3945,3986,-1,
3947,3910,3945,-1,
3861,3822,3857,-1,
3787,3754,3785,-1,
3783,3753,3784,-1,
3784,3753,3786,-1,
3810,3773,3781,-1,
3773,3755,3781,-1,
3727,3700,3725,-1,
3727,3725,3754,-1,
3654,3683,3660,-1,
3683,3654,3675,-1,
4051,4047,4084,-1,
4051,4008,4047,-1,
4325,4278,4284,-1,
4202,4163,4165,-1,
4327,4294,4335,-1,
4086,4051,4084,-1,
4292,4253,4296,-1,
4296,4253,4257,-1,
4421,4380,4382,-1,
4298,4259,4300,-1,
4111,4068,4109,-1,
4078,4037,4076,-1,
4261,4217,4262,-1,
4217,4215,4260,-1,
4258,4213,4256,-1,
4213,4211,4256,-1,
4244,4240,4283,-1,
4295,4252,4291,-1,
4550,4511,4542,-1,
4464,4451,4495,-1,
4461,4432,4469,-1,
4432,4401,4434,-1,
4541,4508,4510,-1,
4537,4500,4508,-1,
4539,4533,4554,-1,
4516,4496,4533,-1,
4415,4397,4430,-1,
4496,4452,4465,-1,
4568,4554,4583,-1,
4539,4502,4516,-1,
4465,4448,4473,-1,
4496,4465,4473,-1,
4551,4581,4572,-1,
4581,4551,4558,-1,
4600,4612,4608,-1,
4612,4600,4618,-1,
4442,4407,4446,-1,
4469,4432,4434,-1,
4245,4202,4204,-1,
4366,4329,4333,-1,
4335,4294,4305,-1,
4317,4286,4294,-1,
4360,4335,4368,-1,
4374,4331,4352,-1,
4419,4378,4393,-1,
4419,4393,4432,-1,
4374,4352,4391,-1,
4352,4317,4360,-1,
4257,4214,4259,-1,
4298,4257,4259,-1,
4206,4165,4167,-1,
4165,4117,4167,-1,
4121,4078,4119,-1,
4119,4078,4117,-1,
3653,3634,3659,-1,
3651,3634,3653,-1,
3633,3629,3652,-1,
3622,3618,3635,-1,
3764,3739,3762,-1,
3764,3762,3797,-1,
3910,3906,3945,-1,
3826,3822,3863,-1,
3668,3698,3677,-1,
3698,3668,3691,-1,
3658,3647,3643,-1,
3647,3658,3666,-1,
3630,3623,3627,-1,
3623,3630,3625,-1,
3625,3619,3623,-1,
3665,3646,3655,-1,
4018,4010,4014,-1,
3969,3957,4000,-1,
3977,3969,4000,-1,
3961,3953,3963,-1,
3953,3961,3926,-1,
3973,3977,3988,-1,
3977,3973,3967,-1,
4389,4370,4384,-1,
4347,4339,4345,-1,
4409,4403,4405,-1,
4389,4405,4403,-1,
4405,4389,4384,-1,
4286,4251,4294,-1,
4237,4208,4221,-1,
4208,4182,4184,-1,
4182,4147,4184,-1,
3679,3673,3681,-1,
3768,3745,3749,-1,
3745,3733,3749,-1,
3737,3698,3718,-1,
3718,3698,3712,-1,
4000,3992,4022,-1,
4022,3992,4020,-1,
4180,4145,4147,-1,
4145,4137,4147,-1,
3768,3749,3791,-1,
3780,3768,3791,-1,
3791,3749,3778,-1,
3749,3743,3778,-1,
3828,3805,3813,-1,
3846,3832,3865,-1,
3846,3807,3832,-1,
3975,3938,3971,-1,
3778,3770,3795,-1,
3774,3747,3772,-1,
3809,3772,3801,-1,
3811,3809,3842,-1,
3902,3924,3908,-1,
3924,3902,3926,-1,
3869,3828,3852,-1,
4637,4627,4642,-1,
4502,4496,4516,-1,
4503,4495,4532,-1,
4460,4431,4447,-1,
4515,4501,4538,-1,
4542,4511,4532,-1,
4511,4503,4532,-1,
4499,4486,4511,-1,
4334,4326,4359,-1,
4390,4351,4373,-1,
4353,4334,4367,-1,
4377,4367,4396,-1,
4400,4394,4431,-1,
4394,4392,4431,-1,
4486,4472,4511,-1,
4406,4365,4400,-1,
4478,4445,4470,-1,
4544,4540,4565,-1,
4340,4297,4336,-1,
4480,4478,4509,-1,
4420,4416,4449,-1,
4421,4382,4386,-1,
4640,4615,4638,-1,
4541,4510,4514,-1,
4471,4442,4446,-1,
4401,4364,4366,-1,
4254,4248,4269,-1,
4254,4232,4248,-1,
4232,4254,4228,-1,
4425,4408,4427,-1,
4408,4425,4404,-1,
4599,4611,4617,-1,
4611,4599,4607,-1,
4601,4582,4592,-1,
4590,4601,4605,-1,
4601,4590,4582,-1,
4592,4582,4584,-1,
4553,4532,4538,-1,
4532,4495,4515,-1,
4538,4501,4524,-1,
4610,4589,4614,-1,
4578,4549,4552,-1,
4639,4648,4635,-1,
4648,4639,4650,-1,
4573,4546,4565,-1,
4643,4626,4641,-1,
4626,4643,4634,-1,
3631,3626,3645,-1,
3649,3631,3645,-1,
3668,3649,3662,-1,
3687,3668,3662,-1,
3668,3687,3691,-1,
3658,3649,3677,-1,
3689,3666,3677,-1,
3868,3858,3880,-1,
3915,3880,3901,-1,
3858,3816,3837,-1,
3868,3843,3858,-1,
3812,3804,3827,-1,
3827,3804,3843,-1,
3843,3804,3816,-1,
3874,3845,3851,-1,
3845,3827,3851,-1,
3806,3777,3812,-1,
3812,3777,3790,-1,
4013,4009,4017,-1,
3987,4009,4013,-1,
4009,3987,3993,-1,
4293,4250,4285,-1,
4326,4293,4316,-1,
4267,4263,4304,-1,
4267,4230,4263,-1,
4126,4083,4085,-1,
4126,4085,4128,-1,
4087,4052,4091,-1,
4146,4132,4134,-1,
4287,4283,4324,-1,
4240,4197,4238,-1,
4164,4162,4201,-1,
4162,4120,4122,-1,
4120,4079,4122,-1,
4124,4083,4126,-1,
4306,4289,4320,-1,
4330,4306,4320,-1,
4222,4220,4250,-1,
4191,4189,4226,-1,
4273,4242,4265,-1,
4285,4242,4273,-1,
3968,3935,3976,-1,
3999,3968,3976,-1,
4164,4116,4118,-1,
4116,4077,4118,-1,
4363,4324,4357,-1,
4363,4357,4392,-1,
3954,3917,3921,-1,
3954,3921,3958,-1,
3892,3864,3874,-1,
3892,3874,3911,-1,
3864,3823,3831,-1,
3823,3806,3831,-1,
4050,4007,4011,-1,
4046,4007,4050,-1,
3964,3931,3970,-1,
4007,3964,3970,-1,
3794,3769,3777,-1,
3794,3755,3769,-1,
3798,3788,3802,-1,
3798,3814,3816,-1,
3814,3798,3802,-1,
3744,3750,3759,-1,
3744,3728,3750,-1,
3728,3744,3723,-1,
3748,3732,3744,-1,
3742,3732,3748,-1,
3686,3659,3661,-1,
3659,3686,3682,-1,
3942,3903,3905,-1,
3903,3860,3862,-1,
4069,4028,4071,-1,
4067,4028,4069,-1,
3945,3906,3943,-1,
3855,3818,3856,-1,
4261,4216,4217,-1,
4176,4174,4217,-1,
4261,4214,4216,-1,
4259,4214,4261,-1,
4111,4109,4175,-1,
4171,4111,4173,-1,
3996,3990,4037,-1,
3996,3951,3990,-1,
3945,3943,3984,-1,
3943,3941,3984,-1,
3867,3863,3910,-1,
3918,3914,3951,-1,
3904,3861,3898,-1,
3904,3898,3941,-1,
3820,3785,3818,-1,
3944,3905,3909,-1,
3731,3700,3727,-1,
3731,3727,3754,-1,
3675,3671,3702,-1,
4329,4288,4292,-1,
4294,4264,4305,-1,
4393,4358,4364,-1,
4161,4123,4163,-1,
4315,4272,4278,-1,
4368,4335,4354,-1,
4292,4247,4253,-1,
4372,4333,4337,-1,
4446,4417,4450,-1,
4302,4259,4261,-1,
4076,4074,4115,-1,
4117,4076,4115,-1,
4072,4029,4070,-1,
4072,4070,4111,-1,
4299,4297,4340,-1,
4295,4291,4336,-1,
4252,4246,4291,-1,
4252,4205,4246,-1,
4328,4287,4324,-1,
4328,4324,4365,-1,
4448,4419,4432,-1,
4469,4434,4471,-1,
4551,4531,4537,-1,
4512,4500,4531,-1,
4498,4502,4506,-1,
4502,4498,4483,-1,
4483,4463,4502,-1,
4496,4473,4504,-1,
4533,4512,4543,-1,
4525,4502,4539,-1,
4475,4452,4496,-1,
4463,4452,4475,-1,
4397,4378,4411,-1,
4411,4378,4419,-1,
4591,4608,4606,-1,
4608,4591,4600,-1,
4585,4583,4593,-1,
4533,4560,4554,-1,
4560,4533,4543,-1,
4600,4587,4604,-1,
4618,4600,4604,-1,
4527,4522,4525,-1,
4500,4469,4471,-1,
4487,4469,4500,-1,
4329,4292,4333,-1,
4366,4333,4372,-1,
4378,4354,4393,-1,
4395,4364,4401,-1,
4391,4352,4360,-1,
4391,4360,4368,-1,
4253,4206,4210,-1,
4296,4257,4298,-1,
4206,4167,4169,-1,
4167,4115,4169,-1,
3634,3621,3638,-1,
3659,3634,3638,-1,
3660,3635,3654,-1,
3639,3635,3660,-1,
3836,3830,3867,-1,
3914,3871,3910,-1,
3863,3822,3861,-1,
3830,3826,3863,-1,
4014,3977,4006,-1,
4006,3977,4000,-1,
3908,3900,3902,-1,
3934,3924,3926,-1,
4384,4345,4362,-1,
4356,4384,4370,-1,
4384,4356,4345,-1,
4323,4309,4321,-1,
4454,4440,4444,-1,
4426,4399,4415,-1,
4384,4374,4399,-1,
4190,4155,4157,-1,
4198,4163,4202,-1,
3760,3776,3766,-1,
3776,3760,3780,-1,
4135,4133,4147,-1,
4137,4135,4147,-1,
3751,3745,3760,-1,
3729,3745,3751,-1,
3745,3729,3724,-1,
3710,3745,3724,-1,
3745,3710,3733,-1,
3869,3852,3895,-1,
3859,3844,3869,-1,
3965,3922,3959,-1,
3938,3932,3971,-1,
3912,3875,3893,-1,
3949,3912,3938,-1,
3770,3756,3795,-1,
3770,3737,3756,-1,
3807,3795,3824,-1,
3877,3836,3871,-1,
3859,3817,3844,-1,
3838,3817,3859,-1,
3881,3859,3869,-1,
3881,3869,3916,-1,
3859,3891,3873,-1,
3891,3859,3902,-1,
3840,3834,3838,-1,
4644,4635,4646,-1,
4429,4396,4414,-1,
4495,4451,4474,-1,
4437,4414,4425,-1,
4571,4542,4559,-1,
4542,4571,4550,-1,
4431,4418,4447,-1,
4464,4435,4451,-1,
4511,4472,4503,-1,
4503,4472,4495,-1,
4326,4316,4359,-1,
4293,4285,4316,-1,
4324,4318,4357,-1,
4377,4353,4367,-1,
4367,4334,4359,-1,
4359,4351,4390,-1,
4441,4400,4433,-1,
4468,4431,4460,-1,
4371,4365,4406,-1,
4381,4379,4420,-1,
4536,4499,4530,-1,
4530,4499,4511,-1,
4480,4445,4478,-1,
4509,4470,4507,-1,
4303,4301,4350,-1,
4416,4412,4445,-1,
4303,4262,4301,-1,
4350,4348,4385,-1,
4579,4552,4577,-1,
4387,4350,4385,-1,
4481,4456,4485,-1,
4508,4471,4510,-1,
4614,4597,4616,-1,
4619,4596,4615,-1,
4373,4330,4361,-1,
4361,4344,4383,-1,
4398,4383,4425,-1,
4361,4330,4344,-1,
4607,4590,4605,-1,
4590,4607,4599,-1,
4599,4571,4590,-1,
4532,4515,4538,-1,
4575,4567,4569,-1,
4553,4538,4567,-1,
4534,4524,4528,-1,
4501,4497,4505,-1,
4497,4501,4482,-1,
4635,4614,4616,-1,
4641,4626,4636,-1,
4638,4647,4649,-1,
4647,4638,4634,-1,
4651,4638,4649,-1,
4638,4651,4640,-1,
4588,4586,4603,-1,
3637,3628,3631,-1,
3624,3631,3628,-1,
3631,3624,3626,-1,
3641,3658,3643,-1,
3658,3641,3649,-1,
3695,3666,3689,-1,
3656,3647,3666,-1,
3901,3899,3907,-1,
3901,3923,3925,-1,
3923,3901,3907,-1,
3837,3853,3858,-1,
3853,3837,3839,-1,
4334,4293,4326,-1,
4304,4293,4334,-1,
4158,4126,4156,-1,
4234,4191,4230,-1,
4263,4250,4293,-1,
4304,4263,4293,-1,
4195,4191,4234,-1,
4197,4158,4195,-1,
4201,4197,4240,-1,
4240,4238,4283,-1,
4122,4079,4081,-1,
4201,4162,4197,-1,
4156,4128,4154,-1,
4128,4087,4130,-1,
4148,4146,4183,-1,
4183,4146,4181,-1,
4226,4222,4250,-1,
4226,4189,4222,-1,
4236,4228,4265,-1,
4242,4236,4265,-1,
4164,4118,4120,-1,
4118,4077,4120,-1,
3927,3888,3931,-1,
3964,3927,3931,-1,
3744,3709,3723,-1,
3709,3744,3732,-1,
4026,3981,4028,-1,
4067,4026,4028,-1,
3821,3792,3825,-1,
3856,3819,3821,-1,
4214,4175,4216,-1,
4216,4175,4217,-1,
4175,4107,4176,-1,
4176,4107,4174,-1,
4173,4111,4175,-1,
4214,4173,4175,-1,
3850,3848,3879,-1,
3955,3918,3951,-1,
3928,3889,3922,-1,
3850,3811,3848,-1,
3910,3863,3906,-1,
3906,3863,3904,-1,
3819,3784,3821,-1,
3821,3784,3786,-1,
3822,3820,3857,-1,
3897,3856,3860,-1,
3702,3671,3700,-1,
3702,3700,3731,-1,
4159,4123,4161,-1,
4084,4082,4123,-1,
4319,4278,4325,-1,
4192,4159,4196,-1,
4305,4272,4315,-1,
4231,4192,4235,-1,
4360,4327,4335,-1,
4317,4294,4327,-1,
4155,4129,4157,-1,
4129,4127,4157,-1,
4337,4292,4296,-1,
4333,4292,4337,-1,
4350,4302,4303,-1,
4343,4300,4302,-1,
4372,4337,4376,-1,
4337,4298,4341,-1,
4380,4343,4382,-1,
4341,4298,4300,-1,
4074,4072,4113,-1,
4113,4072,4111,-1,
4299,4258,4297,-1,
4258,4256,4297,-1,
4205,4203,4244,-1,
4203,4201,4244,-1,
4533,4496,4504,-1,
4512,4473,4487,-1,
4558,4537,4562,-1,
4570,4568,4576,-1,
4430,4397,4436,-1,
4436,4397,4411,-1,
4448,4432,4461,-1,
4487,4448,4461,-1,
4568,4585,4576,-1,
4585,4568,4583,-1,
4583,4554,4560,-1,
4366,4325,4329,-1,
4325,4288,4329,-1,
4393,4354,4358,-1,
4393,4364,4395,-1,
4253,4212,4257,-1,
4253,4210,4212,-1,
3830,3797,3826,-1,
3797,3793,3826,-1,
3871,3867,3910,-1,
3871,3836,3867,-1,
3953,3926,3936,-1,
3953,3936,3977,-1,
4043,4006,4035,-1,
4014,4006,4043,-1,
4321,4290,4307,-1,
4321,4307,4331,-1,
4444,4426,4463,-1,
4454,4463,4467,-1,
4463,4454,4444,-1,
4463,4438,4452,-1,
4426,4384,4399,-1,
4088,4053,4086,-1,
4086,4084,4127,-1,
4223,4190,4227,-1,
4184,4149,4151,-1,
3844,3828,3869,-1,
3844,3805,3828,-1,
3928,3922,3965,-1,
4002,3959,3998,-1,
3979,3938,3975,-1,
3930,3883,3920,-1,
4004,4002,4045,-1,
4008,4004,4045,-1,
3865,3824,3850,-1,
3852,3846,3875,-1,
3811,3774,3809,-1,
3782,3774,3811,-1,
3756,3747,3774,-1,
3782,3756,3774,-1,
3932,3889,3928,-1,
3877,3871,3914,-1,
3865,3850,3893,-1,
3875,3865,3893,-1,
3848,3811,3842,-1,
3918,3877,3914,-1,
3799,3815,3803,-1,
3815,3799,3817,-1,
3817,3799,3805,-1,
3902,3859,3881,-1,
3902,3881,3916,-1,
4625,4623,4629,-1,
4623,4604,4627,-1,
4627,4614,4635,-1,
4627,4644,4642,-1,
4644,4627,4635,-1,
4527,4525,4529,-1,
4390,4373,4414,-1,
4396,4390,4414,-1,
4435,4396,4429,-1,
4435,4429,4451,-1,
4559,4553,4582,-1,
4571,4559,4582,-1,
4316,4285,4306,-1,
4316,4306,4330,-1,
4357,4314,4353,-1,
4318,4314,4357,-1,
4400,4363,4394,-1,
4365,4363,4400,-1,
4507,4499,4536,-1,
4445,4441,4470,-1,
4433,4400,4431,-1,
4433,4431,4468,-1,
4371,4332,4365,-1,
4412,4375,4406,-1,
4557,4536,4550,-1,
4580,4550,4571,-1,
4550,4580,4557,-1,
4507,4470,4499,-1,
4513,4509,4540,-1,
4449,4445,4480,-1,
4412,4406,4445,-1,
4441,4433,4470,-1,
4470,4433,4468,-1,
4566,4547,4574,-1,
4489,4458,4459,-1,
4459,4424,4457,-1,
4423,4386,4424,-1,
4457,4455,4488,-1,
4484,4455,4480,-1,
4260,4258,4301,-1,
4301,4258,4299,-1,
4458,4424,4459,-1,
4386,4350,4387,-1,
4381,4342,4379,-1,
4385,4348,4381,-1,
4545,4514,4547,-1,
4562,4541,4566,-1,
4481,4446,4450,-1,
4510,4479,4481,-1,
4566,4545,4547,-1,
4344,4338,4346,-1,
4482,4476,4497,-1,
4437,4425,4462,-1,
4524,4521,4526,-1,
4515,4495,4501,-1,
4495,4474,4501,-1,
4567,4563,4569,-1,
4614,4595,4597,-1,
4549,4520,4523,-1,
4647,4634,4645,-1,
4645,4634,4643,-1,
4594,4565,4588,-1,
4565,4594,4573,-1,
4603,4586,4599,-1,
4653,4640,4651,-1,
4652,4640,4653,-1,
4636,4622,4628,-1,
4622,4636,4626,-1,
4596,4594,4613,-1,
4598,4596,4619,-1,
3689,3716,3695,-1,
3716,3689,3706,-1,
3901,3890,3899,-1,
3858,3890,3901,-1,
3890,3858,3872,-1,
4238,4197,4234,-1,
4238,4234,4277,-1,
4197,4195,4234,-1,
4195,4158,4191,-1,
4130,4093,4132,-1,
4132,4093,4095,-1,
4222,4183,4220,-1,
4187,4183,4222,-1,
4263,4226,4250,-1,
4230,4226,4263,-1,
4122,4081,4083,-1,
4122,4083,4124,-1,
3982,3980,4025,-1,
3982,3941,3980,-1,
3940,3896,3897,-1,
3983,3942,3944,-1,
3898,3857,3896,-1,
3896,3856,3897,-1,
3971,3965,4008,-1,
3959,3922,3955,-1,
3905,3862,3909,-1,
3897,3860,3903,-1,
3818,3783,3784,-1,
3818,3784,3819,-1,
4268,4231,4235,-1,
4227,4190,4192,-1,
4082,4080,4123,-1,
4123,4121,4163,-1,
4288,4245,4292,-1,
4284,4245,4288,-1,
4239,4198,4241,-1,
4235,4198,4239,-1,
4354,4315,4358,-1,
4354,4305,4315,-1,
4192,4157,4159,-1,
4294,4251,4264,-1,
4424,4386,4387,-1,
4458,4423,4424,-1,
4489,4456,4458,-1,
4413,4376,4380,-1,
4514,4481,4518,-1,
4518,4489,4520,-1,
4471,4446,4479,-1,
4407,4372,4376,-1,
4300,4259,4302,-1,
4380,4341,4343,-1,
4297,4295,4336,-1,
4297,4256,4295,-1,
4504,4473,4512,-1,
4533,4504,4512,-1,
4543,4512,4551,-1,
4551,4512,4531,-1,
4591,4572,4600,-1,
4591,4602,4583,-1,
4602,4591,4606,-1,
4465,4436,4448,-1,
4452,4436,4465,-1,
4529,4525,4535,-1,
4539,4535,4525,-1,
4535,4539,4556,-1,
4358,4315,4319,-1,
4315,4278,4319,-1,
4358,4319,4325,-1,
4358,4325,4364,-1,
4212,4169,4171,-1,
4212,4171,4214,-1,
4323,4345,4339,-1,
4345,4323,4321,-1,
4345,4321,4331,-1,
4428,4444,4440,-1,
4444,4428,4426,-1,
4409,4426,4428,-1,
4426,4409,4405,-1,
4129,4086,4127,-1,
4149,4131,4151,-1,
4131,4129,4155,-1,
4088,4086,4129,-1,
4133,4131,4149,-1,
4133,4094,4131,-1,
3949,3938,3979,-1,
3975,3971,4008,-1,
3920,3912,3949,-1,
3930,3920,3949,-1,
3879,3842,3877,-1,
3971,3932,3965,-1,
3832,3807,3824,-1,
3832,3824,3865,-1,
3842,3836,3877,-1,
3879,3877,3922,-1,
4410,4396,4435,-1,
4418,4410,4435,-1,
4277,4271,4314,-1,
4314,4271,4304,-1,
4468,4460,4486,-1,
4460,4447,4486,-1,
4530,4511,4550,-1,
4536,4530,4550,-1,
4336,4332,4371,-1,
4336,4291,4332,-1,
4342,4299,4340,-1,
4342,4340,4379,-1,
4379,4375,4412,-1,
4379,4336,4375,-1,
4578,4552,4579,-1,
4517,4513,4546,-1,
4577,4546,4573,-1,
4548,4517,4546,-1,
4489,4459,4490,-1,
4523,4489,4490,-1,
4519,4488,4517,-1,
4488,4455,4484,-1,
4387,4385,4424,-1,
4424,4385,4422,-1,
4449,4416,4445,-1,
4457,4420,4455,-1,
4350,4301,4348,-1,
4348,4342,4381,-1,
4566,4541,4545,-1,
4541,4514,4545,-1,
4510,4471,4479,-1,
4479,4446,4481,-1,
4442,4401,4407,-1,
4446,4413,4417,-1,
4520,4489,4523,-1,
4490,4488,4523,-1,
4414,4398,4425,-1,
4425,4383,4404,-1,
4383,4355,4369,-1,
4355,4383,4344,-1,
4443,4439,4453,-1,
4451,4414,4437,-1,
4451,4437,4462,-1,
4538,4534,4555,-1,
4534,4538,4524,-1,
4538,4563,4567,-1,
4563,4538,4555,-1,
4614,4589,4595,-1,
4578,4598,4597,-1,
4598,4578,4579,-1,
4615,4596,4613,-1,
4634,4613,4626,-1,
4619,4615,4640,-1,
4639,4652,4650,-1,
4652,4639,4640,-1,
4639,4616,4640,-1,
4509,4507,4540,-1,
4540,4507,4536,-1,
4603,4599,4617,-1,
4626,4603,4622,-1,
3695,3733,3710,-1,
3733,3695,3716,-1,
3681,3666,3695,-1,
3664,3681,3673,-1,
3681,3664,3666,-1,
3706,3698,3737,-1,
3716,3706,3737,-1,
4158,4122,4124,-1,
4158,4124,4126,-1,
4154,4150,4189,-1,
4156,4154,4189,-1,
3981,3940,3983,-1,
4028,3981,3983,-1,
3983,3940,3942,-1,
3941,3896,3939,-1,
3848,3842,3879,-1,
3922,3877,3918,-1,
3965,3959,4004,-1,
4008,3965,4004,-1,
3903,3862,3905,-1,
3862,3821,3825,-1,
3896,3855,3856,-1,
3856,3818,3819,-1,
4241,4198,4202,-1,
4223,4188,4190,-1,
4121,4119,4165,-1,
4163,4121,4165,-1,
4241,4202,4245,-1,
4284,4241,4245,-1,
4196,4159,4198,-1,
4278,4239,4284,-1,
4278,4235,4239,-1,
4272,4235,4278,-1,
4268,4235,4272,-1,
4305,4268,4272,-1,
4286,4243,4251,-1,
4243,4221,4251,-1,
4184,4151,4188,-1,
4190,4157,4192,-1,
4485,4456,4489,-1,
4549,4518,4520,-1,
4481,4450,4456,-1,
4450,4421,4456,-1,
4518,4485,4489,-1,
4518,4481,4485,-1,
4380,4337,4341,-1,
4341,4300,4343,-1,
4382,4343,4349,-1,
4343,4302,4349,-1,
4583,4572,4591,-1,
4583,4560,4572,-1,
4426,4415,4438,-1,
4438,4415,4452,-1,
4092,4088,4131,-1,
4092,4053,4088,-1,
3912,3893,3938,-1,
3938,3893,3932,-1,
3824,3795,3811,-1,
3824,3811,3850,-1,
3809,3801,3842,-1,
3842,3801,3836,-1,
4472,4464,4495,-1,
4472,4447,4464,-1,
4418,4377,4410,-1,
4410,4377,4396,-1,
4332,4291,4328,-1,
4332,4328,4365,-1,
4348,4301,4342,-1,
4301,4299,4342,-1,
4375,4336,4371,-1,
4375,4371,4406,-1,
4546,4544,4565,-1,
4523,4519,4548,-1,
4561,4536,4557,-1,
4609,4603,4626,-1,
4490,4459,4488,-1,
4459,4457,4488,-1,
4484,4480,4517,-1,
4517,4480,4513,-1,
4458,4421,4423,-1,
4421,4386,4423,-1,
4422,4385,4420,-1,
4422,4420,4457,-1,
4420,4379,4416,-1,
4416,4379,4412,-1,
4471,4434,4442,-1,
4434,4401,4442,-1,
4398,4373,4383,-1,
4373,4361,4383,-1,
4462,4453,4466,-1,
4453,4462,4443,-1,
4566,4595,4589,-1,
4595,4566,4574,-1,
4615,4613,4634,-1,
4638,4615,4634,-1,
4624,4617,4620,-1,
4617,4624,4622,-1,
4628,4622,4624,-1,
4613,4609,4626,-1,
4588,4561,4586,-1,
4561,4588,4565,-1,
4160,4122,4158,-1,
4160,4158,4197,-1,
4189,4187,4222,-1,
4189,4150,4187,-1,
4154,4128,4130,-1,
4154,4130,4150,-1,
3980,3940,3981,-1,
3980,3939,3940,-1,
3889,3879,3922,-1,
3889,3850,3879,-1,
3940,3903,3942,-1,
3940,3897,3903,-1,
3862,3829,3866,-1,
3909,3862,3866,-1,
3857,3855,3896,-1,
3857,3818,3855,-1,
4157,4127,4159,-1,
4125,4123,4159,-1,
4264,4231,4268,-1,
4305,4264,4268,-1,
4264,4227,4231,-1,
4227,4192,4231,-1,
4188,4151,4190,-1,
4190,4151,4155,-1,
4251,4223,4227,-1,
4251,4221,4223,-1,
4547,4518,4549,-1,
4547,4514,4518,-1,
4523,4488,4519,-1,
4519,4517,4548,-1,
4413,4380,4417,-1,
4417,4380,4421,-1,
4386,4349,4350,-1,
4382,4349,4386,-1,
4552,4548,4577,-1,
4548,4546,4577,-1,
4565,4540,4561,-1,
4540,4536,4561,-1,
4455,4449,4480,-1,
4455,4420,4449,-1,
4404,4388,4402,-1,
4388,4404,4383,-1,
4404,4402,4408,-1,
4501,4462,4482,-1,
4474,4462,4501,-1,
4578,4547,4549,-1,
4549,4523,4552,-1,
4613,4588,4609,-1,
4594,4588,4613,-1,
4127,4125,4159,-1,
4127,4084,4125,-1,
4198,4159,4161,-1,
4198,4161,4163,-1,
4446,4407,4413,-1,
4407,4376,4413,-1,
4552,4523,4548,-1,
4596,4573,4594,-1,
4573,4596,4577,-1,
4598,4577,4596,-1,
4577,4598,4579,-1,
4462,4425,4443,-1,
4443,4427,4439,-1,
4427,4443,4425,-1,
4235,4196,4198,-1,
4235,4192,4196,-1,
1638,1634,1671,-1,
1329,1310,1341,-1,
1507,1496,1505,-1,
1925,1882,1921,-1,
1646,1599,1648,-1,
2176,2172,2201,-1,
1917,1913,1950,-1,
1210,1179,1187,-1,
1517,1484,1492,-1,
2025,2002,2031,-1,
2177,2144,2146,-1,
1817,1815,1852,-1,
1995,1960,1974,-1,
1569,1524,1565,-1,
1608,1587,1602,-1,
1786,1740,1784,-1,
1691,1654,1693,-1,
2239,2255,2261,-1,
2255,2239,2251,-1,
1343,1304,1337,-1,
2070,2029,2035,-1,
1681,1653,1679,-1,
1833,1805,1825,-1,
1672,1637,1676,-1,
2224,2207,2215,-1,
2207,2224,2222,-1,
2015,1972,2013,-1,
1729,1727,1801,-1,
1515,1468,1476,-1,
2060,2019,2058,-1,
1809,1768,1807,-1,
1384,1354,1376,-1,
1339,1298,1325,-1,
1699,1658,1701,-1,
1381,1338,1357,-1,
1839,1796,1837,-1,
1731,1690,1729,-1,
1175,1166,1179,-1,
1166,1175,1164,-1,
1338,1344,1357,-1,
1344,1338,1334,-1,
1949,1939,1947,-1,
1887,1840,1889,-1,
1591,1550,1583,-1,
1423,1382,1407,-1,
1401,1421,1405,-1,
1421,1401,1423,-1,
1506,1497,1508,-1,
2067,2052,2075,-1,
1633,1592,1605,-1,
2130,2093,2126,-1,
1748,1713,1715,-1,
1921,1917,1958,-1,
2083,2079,2108,-1,
1692,1649,1690,-1,
1970,1966,2013,-1,
1477,1469,1516,-1,
1841,1839,1890,-1,
1541,1498,1551,-1,
2133,2089,2116,-1,
1316,1298,1339,-1,
1380,1343,1372,-1,
1290,1288,1323,-1,
1339,1325,1343,-1,
1433,1406,1422,-1,
1315,1334,1338,-1,
1334,1315,1320,-1,
1500,1478,1521,-1,
1978,1931,1972,-1,
1717,1678,1680,-1,
1707,1668,1670,-1,
1821,1784,1817,-1,
1233,1210,1239,-1,
1327,1323,1360,-1,
1331,1296,1327,-1,
1727,1686,1725,-1,
1312,1302,1316,-1,
1176,1167,1165,-1,
1167,1176,1180,-1,
1345,1339,1358,-1,
1339,1345,1335,-1,
1565,1516,1561,-1,
2131,2094,2096,-1,
2248,2227,2229,-1,
2262,2269,2265,-1,
2269,2262,2267,-1,
2198,2173,2202,-1,
1458,1452,1485,-1,
1423,1407,1434,-1,
1382,1339,1370,-1,
1563,1518,1552,-1,
1895,1854,1884,-1,
1766,1758,1764,-1,
1758,1766,1754,-1,
2087,2083,2122,-1,
2073,2067,2102,-1,
2284,2275,2286,-1,
2005,1962,1999,-1,
2056,2048,2073,-1,
1778,1746,1776,-1,
1646,1597,1599,-1,
1825,1811,1819,-1,
1811,1825,1805,-1,
2147,2141,2168,-1,
1980,1932,1933,-1,
2058,2013,2054,-1,
1840,1799,1801,-1,
1980,1978,2019,-1,
1728,1689,1730,-1,
1970,1927,1966,-1,
1778,1744,1746,-1,
1809,1807,1833,-1,
1707,1670,1709,-1,
1652,1623,1660,-1,
1717,1676,1678,-1,
1209,1205,1232,-1,
1292,1267,1290,-1,
1382,1370,1393,-1,
1401,1382,1423,-1,
1273,1250,1261,-1,
1229,1221,1242,-1,
1211,1209,1232,-1,
1179,1168,1170,-1,
1315,1313,1320,-1,
1605,1562,1570,-1,
1498,1470,1484,-1,
1549,1531,1566,-1,
1738,1701,1740,-1,
1425,1386,1427,-1,
1375,1353,1383,-1,
1701,1658,1662,-1,
1230,1255,1232,-1,
1255,1230,1253,-1,
1299,1270,1278,-1,
1178,1198,1186,-1,
1198,1178,1188,-1,
1456,1417,1454,-1,
1411,1403,1448,-1,
1725,1684,1685,-1,
1516,1512,1559,-1,
1855,1826,1863,-1,
2163,2161,2165,-1,
2025,1994,2002,-1,
1694,1692,1733,-1,
1891,1840,1842,-1,
2202,2221,2198,-1,
2221,2202,2227,-1,
2126,2122,2153,-1,
2274,2257,2270,-1,
2138,2107,2109,-1,
2262,2248,2267,-1,
1777,1747,1779,-1,
1358,1339,1382,-1,
1479,1434,1458,-1,
1434,1393,1419,-1,
1407,1382,1393,-1,
1805,1803,1811,-1,
1884,1878,1899,-1,
1946,1938,1948,-1,
1713,1672,1676,-1,
1660,1674,1680,-1,
1674,1660,1666,-1,
2124,2118,2135,-1,
2287,2274,2285,-1,
1978,1972,2015,-1,
2019,2015,2058,-1,
1929,1927,1970,-1,
1927,1886,1925,-1,
1776,1746,1748,-1,
1788,1786,1823,-1,
1907,1860,1901,-1,
1776,1748,1772,-1,
2085,2073,2102,-1,
1734,1699,1736,-1,
1999,1997,2034,-1,
2087,2054,2083,-1,
2272,2266,2268,-1,
2114,2085,2102,-1,
2137,2106,2128,-1,
2253,2247,2270,-1,
1800,1725,1726,-1,
1871,1828,1875,-1,
2019,1978,2015,-1,
1933,1892,1931,-1,
2021,2019,2062,-1,
2062,2020,2021,-1,
1725,1685,1726,-1,
1801,1725,1802,-1,
1740,1705,1742,-1,
1821,1817,1860,-1,
2052,2032,2075,-1,
1872,1862,1895,-1,
1901,1860,1897,-1,
1829,1827,1874,-1,
1758,1754,1756,-1,
1750,1715,1717,-1,
1772,1748,1770,-1,
1748,1715,1750,-1,
1234,1267,1240,-1,
1267,1234,1259,-1,
1384,1376,1417,-1,
1419,1409,1452,-1,
1325,1304,1343,-1,
1343,1337,1372,-1,
1325,1298,1304,-1,
1234,1211,1232,-1,
1333,1296,1331,-1,
1209,1174,1205,-1,
1290,1255,1288,-1,
1392,1381,1406,-1,
1251,1228,1260,-1,
1303,1282,1297,-1,
1470,1451,1484,-1,
1379,1342,1392,-1,
1521,1478,1490,-1,
1396,1353,1371,-1,
1611,1564,1568,-1,
1715,1676,1717,-1,
1562,1517,1525,-1,
1639,1623,1652,-1,
1680,1652,1660,-1,
1629,1588,1592,-1,
1613,1582,1590,-1,
1521,1490,1507,-1,
1588,1551,1592,-1,
1517,1492,1525,-1,
1613,1570,1582,-1,
1323,1319,1352,-1,
1395,1360,1389,-1,
1796,1730,1794,-1,
1800,1726,1728,-1,
1557,1555,1598,-1,
1395,1389,1428,-1,
1338,1297,1315,-1,
1340,1328,1353,-1,
1341,1300,1333,-1,
1432,1428,1469,-1,
1327,1290,1323,-1,
1356,1352,1389,-1,
1481,1477,1516,-1,
1374,1366,1399,-1,
1372,1329,1354,-1,
1354,1329,1341,-1,
1799,1729,1801,-1,
1727,1725,1801,-1,
1720,1718,1755,-1,
1896,1855,1863,-1,
1532,1522,1550,-1,
1477,1436,1469,-1,
1914,1871,1875,-1,
2064,2033,2076,-1,
1951,1914,1918,-1,
2103,2074,2086,-1,
2163,2158,2161,-1,
1757,1755,1759,-1,
1516,1469,1512,-1,
1487,1481,1520,-1,
1797,1729,1799,-1,
1840,1797,1799,-1,
2127,2094,2131,-1,
1988,1945,1951,-1,
2062,2019,2060,-1,
2218,2189,2192,-1,
2258,2237,2260,-1,
1440,1423,1444,-1,
1423,1440,1421,-1,
1444,1423,1465,-1,
1407,1393,1434,-1,
1624,1591,1614,-1,
1393,1343,1380,-1,
1419,1393,1409,-1,
1833,1825,1862,-1,
1981,1960,2007,-1,
1946,1911,1938,-1,
1766,1774,1805,-1,
1774,1766,1764,-1,
1719,1711,1721,-1,
1711,1719,1680,-1,
1422,1381,1400,-1,
2178,2147,2168,-1,
2114,2102,2141,-1,
2081,2077,2091,-1,
2100,2075,2081,-1,
2293,2280,2291,-1,
2223,2212,2231,-1,
2058,2054,2087,-1,
2050,2044,2083,-1,
1967,1928,1971,-1,
2015,2013,2058,-1,
2034,1997,2028,-1,
1972,1929,1970,-1,
1802,1800,1843,-1,
1874,1870,1913,-1,
1662,1615,1621,-1,
1480,1441,1486,-1,
1776,1772,1815,-1,
1813,1772,1809,-1,
1768,1750,1752,-1,
1817,1778,1815,-1,
1864,1823,1860,-1,
1958,1917,1950,-1,
1983,1934,1964,-1,
1999,1950,1997,-1,
2108,2071,2106,-1,
2054,2050,2083,-1,
2079,2071,2108,-1,
2271,2254,2258,-1,
1964,1956,1993,-1,
2098,2085,2128,-1,
2141,2133,2151,-1,
2190,2147,2178,-1,
2213,2186,2205,-1,
2222,2193,2207,-1,
2088,2059,2094,-1,
2236,2234,2257,-1,
1932,1889,1891,-1,
1843,1801,1802,-1,
1802,1725,1800,-1,
1927,1925,1966,-1,
1790,1736,1738,-1,
1829,1790,1827,-1,
1862,1854,1895,-1,
1981,1942,1960,-1,
1768,1752,1754,-1,
1770,1750,1768,-1,
1770,1748,1750,-1,
1230,1205,1231,-1,
1178,1173,1188,-1,
1231,1205,1208,-1,
1213,1200,1207,-1,
1337,1329,1372,-1,
1207,1198,1221,-1,
1171,1188,1173,-1,
1188,1171,1180,-1,
1298,1283,1304,-1,
1296,1267,1292,-1,
1259,1255,1290,-1,
1211,1180,1209,-1,
1231,1210,1233,-1,
1241,1228,1251,-1,
1303,1297,1324,-1,
1205,1174,1208,-1,
1470,1437,1451,-1,
1342,1338,1369,-1,
1433,1392,1406,-1,
1406,1381,1422,-1,
1574,1531,1547,-1,
1660,1623,1631,-1,
1713,1670,1672,-1,
1678,1652,1680,-1,
1613,1590,1623,-1,
1713,1676,1715,-1,
1746,1707,1709,-1,
1788,1740,1786,-1,
1633,1605,1637,-1,
1629,1592,1633,-1,
1457,1433,1478,-1,
1449,1422,1464,-1,
1535,1500,1521,-1,
1590,1549,1566,-1,
1451,1433,1457,-1,
1484,1451,1457,-1,
1433,1422,1449,-1,
1500,1457,1478,-1,
1556,1511,1558,-1,
1416,1396,1429,-1,
1592,1551,1562,-1,
1564,1515,1519,-1,
1387,1352,1385,-1,
1554,1509,1556,-1,
1734,1693,1699,-1,
1693,1654,1699,-1,
1687,1646,1689,-1,
1648,1603,1650,-1,
1649,1600,1647,-1,
1594,1553,1554,-1,
1644,1595,1646,-1,
1733,1731,1795,-1,
1396,1379,1408,-1,
1342,1324,1338,-1,
1252,1229,1242,-1,
1310,1300,1341,-1,
1310,1286,1300,-1,
1240,1211,1234,-1,
1341,1333,1374,-1,
1557,1510,1555,-1,
1323,1288,1319,-1,
1502,1462,1503,-1,
1600,1598,1647,-1,
1485,1471,1499,-1,
1403,1374,1399,-1,
1686,1684,1725,-1,
1729,1686,1727,-1,
2047,2041,2043,-1,
1753,1718,1751,-1,
1912,1920,1947,-1,
1920,1912,1910,-1,
2134,2103,2142,-1,
2076,2068,2090,-1,
1959,1918,1922,-1,
2140,2117,2134,-1,
1845,1826,1855,-1,
1826,1845,1820,-1,
2140,2134,2152,-1,
2173,2144,2177,-1,
2129,2086,2099,-1,
2107,2072,2109,-1,
1747,1708,1745,-1,
1947,1920,1937,-1,
2146,2121,2123,-1,
1579,1573,1622,-1,
1947,1937,1961,-1,
1894,1853,1857,-1,
1534,1528,1579,-1,
1651,1649,1692,-1,
1454,1417,1448,-1,
1534,1495,1528,-1,
1651,1604,1649,-1,
1610,1604,1655,-1,
1690,1688,1729,-1,
1733,1692,1731,-1,
2035,1998,2000,-1,
1875,1828,1830,-1,
2055,2014,2059,-1,
1747,1745,1779,-1,
1891,1843,1892,-1,
1973,1930,1932,-1,
2219,2192,2217,-1,
2248,2229,2254,-1,
2225,2223,2233,-1,
2105,2125,2119,-1,
2125,2105,2101,-1,
2169,2142,2148,-1,
1358,1378,1368,-1,
1378,1358,1382,-1,
1446,1440,1444,-1,
1485,1452,1471,-1,
1614,1571,1606,-1,
1465,1450,1479,-1,
1465,1423,1450,-1,
1452,1438,1471,-1,
1606,1593,1634,-1,
1370,1339,1343,-1,
1370,1343,1393,-1,
1380,1372,1397,-1,
1393,1380,1409,-1,
1807,1768,1805,-1,
1807,1805,1833,-1,
1884,1858,1878,-1,
1858,1884,1854,-1,
1895,1899,1905,-1,
1899,1895,1884,-1,
1805,1774,1803,-1,
1601,1586,1607,-1,
1464,1459,1482,-1,
2139,2100,2124,-1,
2100,2091,2104,-1,
2091,2100,2081,-1,
2075,2032,2063,-1,
1985,1974,1976,-1,
2017,1985,2003,-1,
1985,2017,1974,-1,
2116,2089,2100,-1,
2042,2040,2046,-1,
2215,2207,2209,-1,
2279,2288,2275,-1,
2288,2279,2290,-1,
2270,2276,2281,-1,
2276,2270,2266,-1,
2233,2223,2246,-1,
1972,1970,2013,-1,
2009,2005,2044,-1,
2013,2009,2050,-1,
2054,2013,2050,-1,
1931,1888,1929,-1,
1931,1929,1972,-1,
1962,1921,1958,-1,
1874,1827,1870,-1,
2083,2044,2079,-1,
2044,2034,2079,-1,
1736,1699,1738,-1,
1831,1790,1829,-1,
1827,1823,1870,-1,
1662,1625,1664,-1,
1689,1648,1691,-1,
1732,1693,1734,-1,
1621,1578,1625,-1,
1625,1588,1629,-1,
1897,1856,1893,-1,
1897,1893,1934,-1,
1827,1788,1823,-1,
1786,1784,1823,-1,
1913,1864,1907,-1,
1864,1860,1907,-1,
2108,2106,2137,-1,
2120,2108,2145,-1,
2220,2190,2211,-1,
2190,2220,2197,-1,
2120,2083,2108,-1,
2098,2069,2085,-1,
1997,1950,1987,-1,
2102,2089,2133,-1,
2141,2102,2133,-1,
2071,2069,2106,-1,
2128,2085,2114,-1,
2124,2104,2118,-1,
2104,2124,2100,-1,
2160,2157,2162,-1,
2211,2178,2199,-1,
2178,2211,2190,-1,
2188,2153,2186,-1,
2122,2083,2120,-1,
2232,2222,2224,-1,
2245,2222,2232,-1,
2279,2292,2290,-1,
2292,2279,2280,-1,
2228,2226,2247,-1,
2257,2253,2270,-1,
2275,2258,2260,-1,
1889,1840,1891,-1,
1840,1801,1842,-1,
1886,1882,1925,-1,
1839,1837,1886,-1,
1728,1687,1689,-1,
1796,1728,1730,-1,
1942,1915,1936,-1,
1903,1895,1936,-1,
1903,1872,1895,-1,
1942,1936,1960,-1,
1754,1717,1719,-1,
1717,1680,1719,-1,
1750,1717,1752,-1,
1752,1717,1754,-1,
1770,1768,1809,-1,
1772,1770,1809,-1,
1284,1253,1254,-1,
1171,1169,1180,-1,
1175,1162,1164,-1,
1162,1175,1174,-1,
1163,1176,1165,-1,
1176,1163,1174,-1,
1261,1229,1252,-1,
1337,1304,1329,-1,
1298,1265,1283,-1,
1298,1269,1265,-1,
1269,1298,1281,-1,
1298,1302,1281,-1,
1302,1298,1316,-1,
1242,1221,1240,-1,
1255,1234,1232,-1,
1234,1255,1259,-1,
1288,1255,1284,-1,
1232,1205,1230,-1,
1208,1174,1175,-1,
1208,1175,1179,-1,
1386,1351,1388,-1,
1289,1254,1258,-1,
1295,1266,1270,-1,
1237,1216,1218,-1,
1216,1237,1228,-1,
1282,1264,1297,-1,
1228,1212,1216,-1,
1212,1228,1206,-1,
1206,1191,1199,-1,
1191,1206,1197,-1,
1315,1301,1311,-1,
1408,1392,1418,-1,
1369,1338,1381,-1,
1400,1420,1422,-1,
1420,1400,1404,-1,
1507,1505,1513,-1,
1570,1549,1582,-1,
1521,1507,1531,-1,
1639,1613,1623,-1,
1676,1652,1678,-1,
1705,1662,1664,-1,
1668,1633,1670,-1,
1562,1535,1570,-1,
1570,1535,1549,-1,
1535,1521,1549,-1,
1549,1521,1531,-1,
1492,1457,1500,-1,
1562,1525,1535,-1,
1437,1408,1451,-1,
1455,1429,1470,-1,
1464,1496,1507,-1,
1496,1464,1482,-1,
1478,1433,1449,-1,
1478,1449,1464,-1,
1551,1498,1517,-1,
1625,1578,1584,-1,
1429,1396,1408,-1,
1429,1408,1437,-1,
1699,1654,1656,-1,
1488,1455,1494,-1,
1598,1555,1596,-1,
1554,1503,1509,-1,
1512,1469,1510,-1,
1561,1516,1559,-1,
1685,1646,1687,-1,
1646,1595,1597,-1,
1794,1732,1792,-1,
1794,1792,1831,-1,
1688,1647,1686,-1,
1643,1595,1644,-1,
1342,1303,1324,-1,
1324,1297,1338,-1,
1392,1342,1369,-1,
1392,1369,1381,-1,
1711,1680,1682,-1,
1329,1286,1310,-1,
1238,1229,1261,-1,
1198,1188,1221,-1,
1267,1259,1290,-1,
1399,1360,1395,-1,
1411,1374,1403,-1,
1300,1296,1333,-1,
1292,1290,1327,-1,
1454,1448,1489,-1,
1366,1360,1399,-1,
1461,1424,1462,-1,
1424,1385,1386,-1,
1442,1399,1436,-1,
1436,1432,1469,-1,
1692,1690,1731,-1,
1688,1686,1729,-1,
1596,1555,1594,-1,
1604,1600,1649,-1,
1536,1493,1526,-1,
1491,1465,1479,-1,
1632,1591,1624,-1,
2208,2225,2216,-1,
2225,2208,2223,-1,
1812,1826,1820,-1,
1826,1812,1806,-1,
1759,1767,1765,-1,
1767,1759,1755,-1,
1775,1767,1806,-1,
1767,1775,1765,-1,
2092,2078,2082,-1,
1977,1975,1986,-1,
2023,2043,2041,-1,
2043,2023,2018,-1,
1922,1883,1926,-1,
1838,1795,1797,-1,
2053,2031,2068,-1,
2023,2004,2018,-1,
2018,2008,2033,-1,
1863,1826,1834,-1,
1900,1879,1885,-1,
2140,2101,2117,-1,
2082,2076,2101,-1,
2072,2035,2080,-1,
2146,2123,2150,-1,
2240,2221,2227,-1,
2129,2107,2138,-1,
1661,1675,1667,-1,
1675,1661,1681,-1,
1587,1591,1602,-1,
1591,1587,1581,-1,
1735,1733,1793,-1,
1830,1791,1832,-1,
2109,2084,2121,-1,
2123,2084,2088,-1,
1834,1810,1847,-1,
1906,1920,1910,-1,
1920,1906,1896,-1,
1965,1935,1984,-1,
1847,1810,1849,-1,
2002,1984,2012,-1,
1881,1853,1894,-1,
1626,1579,1622,-1,
1669,1665,1706,-1,
1520,1516,1565,-1,
1528,1487,1524,-1,
1438,1430,1471,-1,
1409,1380,1397,-1,
1559,1512,1557,-1,
1559,1557,1598,-1,
1694,1655,1692,-1,
1655,1651,1692,-1,
1838,1797,1840,-1,
1928,1887,1889,-1,
2059,2014,2016,-1,
2045,2010,2051,-1,
2045,2006,2010,-1,
2129,2099,2107,-1,
2271,2248,2254,-1,
2179,2148,2191,-1,
2258,2235,2237,-1,
2231,2246,2223,-1,
2246,2231,2250,-1,
2208,2175,2194,-1,
2210,2204,2208,-1,
2101,2090,2117,-1,
2165,2161,2171,-1,
2169,2200,2194,-1,
2200,2169,2179,-1,
2148,2138,2167,-1,
1316,1335,1321,-1,
1335,1316,1339,-1,
1314,1312,1316,-1,
1708,1669,1706,-1,
1669,1626,1665,-1,
1550,1522,1536,-1,
1493,1485,1518,-1,
1522,1479,1501,-1,
1583,1550,1571,-1,
1450,1423,1434,-1,
1450,1434,1479,-1,
1825,1844,1854,-1,
1844,1825,1819,-1,
1862,1825,1854,-1,
1854,1850,1858,-1,
1854,1844,1850,-1,
1768,1766,1805,-1,
1768,1754,1766,-1,
2007,1960,1995,-1,
1601,1627,1631,-1,
1627,1601,1607,-1,
1680,1674,1682,-1,
1590,1586,1601,-1,
1586,1590,1580,-1,
1566,1574,1576,-1,
1574,1566,1531,-1,
1960,1936,1946,-1,
1960,1946,1974,-1,
2081,2065,2077,-1,
2065,2081,2063,-1,
2063,2046,2065,-1,
2046,2063,2042,-1,
2085,2056,2073,-1,
2073,2030,2067,-1,
2268,2261,2264,-1,
2261,2268,2266,-1,
2280,2260,2263,-1,
2259,2236,2257,-1,
1966,1921,1962,-1,
1966,1962,2005,-1,
2021,1980,2019,-1,
2061,2020,2062,-1,
2050,2009,2044,-1,
1925,1921,1966,-1,
2009,1966,2005,-1,
2013,1966,2009,-1,
1958,1950,1999,-1,
1962,1958,1999,-1,
2069,2026,2056,-1,
2069,2056,2085,-1,
1882,1876,1921,-1,
1835,1831,1882,-1,
1794,1730,1732,-1,
1831,1829,1874,-1,
1823,1821,1860,-1,
1823,1784,1821,-1,
1790,1788,1827,-1,
1790,1738,1788,-1,
1740,1703,1705,-1,
1788,1738,1740,-1,
1435,1398,1441,-1,
1578,1533,1541,-1,
1664,1625,1668,-1,
1662,1621,1625,-1,
1813,1809,1848,-1,
1815,1772,1813,-1,
1993,1942,1981,-1,
1901,1897,1934,-1,
1856,1852,1893,-1,
1860,1856,1897,-1,
1870,1864,1913,-1,
1870,1823,1864,-1,
1876,1874,1921,-1,
1835,1794,1831,-1,
2145,2108,2143,-1,
2145,2143,2176,-1,
2028,1997,2026,-1,
2048,2030,2073,-1,
2174,2203,2207,-1,
2203,2174,2195,-1,
2168,2141,2151,-1,
2207,2203,2209,-1,
2193,2174,2207,-1,
2166,2137,2147,-1,
2137,2128,2147,-1,
2147,2114,2141,-1,
2128,2114,2147,-1,
2102,2067,2089,-1,
2116,2100,2139,-1,
2199,2168,2193,-1,
2168,2199,2178,-1,
2159,2131,2132,-1,
2122,2120,2145,-1,
2226,2220,2239,-1,
2247,2226,2239,-1,
2201,2172,2197,-1,
2180,2149,2176,-1,
2253,2228,2247,-1,
2280,2259,2278,-1,
2259,2257,2274,-1,
2279,2260,2280,-1,
2275,2260,2279,-1,
2202,2229,2227,-1,
2229,2202,2206,-1,
2131,2097,2132,-1,
1841,1800,1839,-1,
1932,1892,1933,-1,
1890,1839,1888,-1,
1888,1839,1886,-1,
1796,1794,1837,-1,
1837,1794,1835,-1,
1800,1728,1798,-1,
1798,1728,1796,-1,
1936,1919,1946,-1,
1852,1848,1880,-1,
1163,1161,1174,-1,
1180,1176,1209,-1,
1176,1174,1209,-1,
1174,1161,1162,-1,
1252,1286,1261,-1,
1286,1252,1279,-1,
1250,1238,1261,-1,
1273,1304,1283,-1,
1304,1273,1294,-1,
1261,1294,1273,-1,
1294,1261,1286,-1,
1248,1265,1257,-1,
1265,1248,1250,-1,
1270,1239,1241,-1,
1239,1270,1266,-1,
1255,1253,1284,-1,
1231,1208,1210,-1,
1208,1179,1210,-1,
1359,1330,1365,-1,
1431,1394,1398,-1,
1373,1332,1340,-1,
1328,1285,1293,-1,
1241,1220,1228,-1,
1210,1187,1214,-1,
1239,1210,1214,-1,
1214,1187,1220,-1,
1299,1285,1309,-1,
1197,1177,1185,-1,
1177,1197,1187,-1,
1197,1185,1191,-1,
1260,1228,1237,-1,
1249,1222,1235,-1,
1237,1222,1249,-1,
1222,1237,1218,-1,
1249,1235,1247,-1,
1315,1311,1313,-1,
1464,1422,1443,-1,
1531,1529,1547,-1,
1507,1529,1531,-1,
1529,1507,1513,-1,
1670,1637,1672,-1,
1670,1633,1637,-1,
1740,1701,1703,-1,
1784,1740,1742,-1,
1746,1709,1748,-1,
1742,1705,1744,-1,
1498,1484,1517,-1,
1484,1457,1492,-1,
1535,1492,1500,-1,
1525,1492,1535,-1,
1408,1379,1392,-1,
1451,1408,1418,-1,
1478,1464,1490,-1,
1490,1464,1507,-1,
1625,1584,1588,-1,
1551,1517,1562,-1,
1597,1558,1599,-1,
1648,1599,1603,-1,
1385,1351,1386,-1,
1373,1330,1332,-1,
1599,1560,1603,-1,
1441,1398,1402,-1,
1510,1504,1555,-1,
1555,1553,1594,-1,
1360,1356,1389,-1,
1469,1428,1467,-1,
1448,1442,1487,-1,
1436,1399,1432,-1,
1684,1643,1685,-1,
1594,1554,1595,-1,
1728,1685,1687,-1,
1726,1685,1728,-1,
1699,1656,1658,-1,
1738,1699,1701,-1,
1596,1594,1643,-1,
1643,1594,1595,-1,
1297,1268,1280,-1,
1268,1297,1264,-1,
1297,1301,1315,-1,
1301,1297,1280,-1,
1371,1342,1379,-1,
1660,1641,1666,-1,
1641,1660,1631,-1,
1754,1723,1756,-1,
1719,1723,1754,-1,
1723,1719,1721,-1,
1641,1631,1635,-1,
1631,1627,1635,-1,
1296,1292,1327,-1,
1286,1279,1300,-1,
1192,1207,1200,-1,
1207,1192,1198,-1,
1192,1186,1198,-1,
1221,1188,1215,-1,
1229,1213,1207,-1,
1213,1229,1217,-1,
1229,1207,1221,-1,
1271,1267,1296,-1,
1300,1271,1296,-1,
1409,1397,1430,-1,
1354,1341,1376,-1,
1366,1331,1360,-1,
1331,1327,1360,-1,
1374,1331,1366,-1,
1333,1331,1374,-1,
1387,1385,1424,-1,
1426,1387,1424,-1,
1448,1403,1442,-1,
1403,1399,1442,-1,
1616,1573,1612,-1,
1520,1481,1516,-1,
1649,1647,1690,-1,
1690,1647,1688,-1,
1548,1532,1575,-1,
1444,1460,1446,-1,
1460,1444,1465,-1,
1885,1855,1896,-1,
1767,1755,1769,-1,
1896,1863,1873,-1,
2158,2140,2161,-1,
2136,2140,2158,-1,
2140,2136,2125,-1,
1975,1961,1996,-1,
1975,1947,1961,-1,
2008,1982,2025,-1,
2053,2008,2025,-1,
2076,2053,2068,-1,
2070,2035,2072,-1,
2031,2002,2012,-1,
2103,2068,2074,-1,
2006,1963,1967,-1,
2035,2000,2045,-1,
2008,1961,1982,-1,
2053,2025,2031,-1,
2033,2008,2053,-1,
1996,1961,2008,-1,
1851,1845,1855,-1,
1873,1847,1881,-1,
2240,2212,2221,-1,
2115,2086,2129,-1,
1636,1628,1632,-1,
1632,1624,1661,-1,
1671,1669,1708,-1,
1677,1638,1673,-1,
1883,1836,1838,-1,
1793,1733,1795,-1,
1659,1657,1700,-1,
1735,1694,1733,-1,
1853,1818,1857,-1,
1824,1785,1787,-1,
1816,1773,1777,-1,
1714,1671,1710,-1,
1994,1965,2002,-1,
1937,1904,1916,-1,
1706,1704,1741,-1,
1935,1898,1902,-1,
2025,1982,1994,-1,
1965,1924,1935,-1,
1616,1612,1659,-1,
1785,1741,1787,-1,
1622,1573,1616,-1,
1528,1524,1569,-1,
1471,1430,1456,-1,
1495,1456,1489,-1,
1489,1448,1487,-1,
1442,1436,1477,-1,
1417,1376,1411,-1,
1417,1411,1448,-1,
1452,1409,1438,-1,
1438,1409,1430,-1,
1561,1559,1600,-1,
1600,1559,1598,-1,
1655,1604,1651,-1,
1610,1565,1604,-1,
1963,1922,1967,-1,
1791,1735,1793,-1,
1926,1883,1887,-1,
1887,1838,1840,-1,
2121,2084,2123,-1,
2088,2055,2059,-1,
2020,1980,2021,-1,
1979,1932,1980,-1,
2086,2057,2070,-1,
2107,2070,2072,-1,
2084,2045,2051,-1,
2084,2055,2088,-1,
2138,2109,2144,-1,
2173,2138,2144,-1,
2271,2277,2267,-1,
2277,2271,2282,-1,
2267,2248,2271,-1,
2265,2256,2262,-1,
2177,2146,2150,-1,
2189,2154,2156,-1,
2208,2194,2223,-1,
2152,2194,2175,-1,
2194,2152,2169,-1,
2125,2101,2140,-1,
2231,2212,2240,-1,
1508,1465,1491,-1,
1532,1508,1522,-1,
1542,1495,1534,-1,
1573,1569,1612,-1,
1518,1485,1499,-1,
1522,1501,1536,-1,
1583,1571,1614,-1,
1593,1552,1589,-1,
1434,1419,1452,-1,
1458,1434,1452,-1,
2017,2003,2022,-1,
1582,1549,1590,-1,
1566,1580,1590,-1,
1580,1566,1576,-1,
2052,2007,2032,-1,
2042,2022,2040,-1,
2022,2042,2017,-1,
1936,1895,1919,-1,
2026,1983,2011,-1,
2001,1964,1993,-1,
1983,1964,2001,-1,
2067,2030,2052,-1,
2276,2266,2272,-1,
2286,2275,2288,-1,
2278,2259,2274,-1,
2292,2280,2293,-1,
1929,1888,1927,-1,
1888,1886,1927,-1,
1932,1891,1892,-1,
1892,1890,1931,-1,
2005,1999,2044,-1,
2044,1999,2034,-1,
1944,1940,1987,-1,
2048,2011,2030,-1,
2034,2028,2069,-1,
2028,2026,2069,-1,
1886,1837,1882,-1,
1837,1835,1882,-1,
1876,1831,1874,-1,
1882,1831,1876,-1,
1689,1646,1648,-1,
1730,1689,1691,-1,
1658,1611,1615,-1,
1658,1615,1662,-1,
1541,1494,1498,-1,
1578,1541,1584,-1,
1848,1846,1880,-1,
1880,1846,1872,-1,
1848,1809,1846,-1,
1846,1809,1833,-1,
1934,1893,1923,-1,
1880,1872,1915,-1,
1860,1817,1856,-1,
1856,1817,1852,-1,
1997,1987,2026,-1,
1913,1907,1950,-1,
1921,1874,1917,-1,
1917,1874,1913,-1,
2166,2147,2190,-1,
2143,2108,2137,-1,
2172,2137,2166,-1,
2220,2211,2239,-1,
2164,2160,2162,-1,
2174,2170,2195,-1,
2170,2174,2160,-1,
2089,2067,2075,-1,
2089,2075,2100,-1,
2139,2157,2160,-1,
2139,2135,2157,-1,
2135,2139,2124,-1,
2170,2160,2164,-1,
2174,2139,2160,-1,
2139,2174,2151,-1,
2211,2199,2222,-1,
2199,2193,2222,-1,
2156,2131,2159,-1,
2062,2060,2095,-1,
2093,2058,2087,-1,
2093,2087,2122,-1,
2228,2201,2226,-1,
2201,2228,2205,-1,
2218,2192,2219,-1,
2247,2239,2261,-1,
2234,2228,2257,-1,
2188,2186,2217,-1,
2285,2274,2283,-1,
2283,2270,2281,-1,
2270,2283,2274,-1,
2278,2287,2289,-1,
2287,2278,2274,-1,
2291,2278,2289,-1,
2278,2291,2280,-1,
2260,2237,2263,-1,
2238,2236,2263,-1,
2096,2061,2062,-1,
2159,2155,2188,-1,
1842,1801,1843,-1,
1891,1842,1843,-1,
1843,1841,1890,-1,
1843,1800,1841,-1,
1892,1843,1890,-1,
1890,1888,1931,-1,
1798,1796,1839,-1,
1800,1798,1839,-1,
1179,1166,1168,-1,
1215,1188,1211,-1,
1188,1180,1211,-1,
1169,1167,1180,-1,
1283,1250,1273,-1,
1294,1286,1329,-1,
1304,1294,1329,-1,
1319,1317,1352,-1,
1317,1284,1287,-1,
1254,1230,1231,-1,
1230,1254,1253,-1,
1289,1258,1266,-1,
1396,1371,1379,-1,
1332,1295,1299,-1,
1388,1355,1359,-1,
1299,1278,1285,-1,
1282,1249,1264,-1,
1295,1270,1299,-1,
1206,1199,1212,-1,
1264,1262,1268,-1,
1285,1251,1260,-1,
1251,1285,1278,-1,
1239,1214,1220,-1,
1251,1270,1241,-1,
1270,1251,1278,-1,
1220,1187,1197,-1,
1220,1197,1206,-1,
1220,1206,1228,-1,
1187,1170,1172,-1,
1170,1187,1179,-1,
1187,1172,1177,-1,
1272,1249,1282,-1,
1260,1237,1249,-1,
1443,1459,1464,-1,
1459,1443,1445,-1,
1400,1390,1404,-1,
1592,1562,1605,-1,
1637,1605,1639,-1,
1701,1662,1703,-1,
1703,1662,1705,-1,
1744,1705,1707,-1,
1744,1707,1746,-1,
1668,1625,1629,-1,
1668,1629,1633,-1,
1709,1670,1713,-1,
1748,1709,1713,-1,
1470,1429,1437,-1,
1498,1455,1470,-1,
1418,1392,1433,-1,
1451,1418,1433,-1,
1584,1551,1588,-1,
1584,1541,1551,-1,
1603,1560,1564,-1,
1398,1373,1402,-1,
1650,1603,1654,-1,
1654,1609,1611,-1,
1595,1554,1597,-1,
1427,1386,1388,-1,
1394,1359,1398,-1,
1558,1511,1515,-1,
1426,1424,1463,-1,
1555,1502,1553,-1,
1266,1233,1239,-1,
1233,1266,1258,-1,
1365,1330,1373,-1,
1410,1373,1375,-1,
1494,1455,1498,-1,
1512,1510,1557,-1,
1503,1462,1466,-1,
1645,1643,1686,-1,
1598,1596,1647,-1,
1428,1387,1426,-1,
1503,1466,1509,-1,
1319,1288,1317,-1,
1291,1266,1295,-1,
1466,1427,1468,-1,
1428,1426,1463,-1,
1597,1554,1556,-1,
1511,1468,1515,-1,
1730,1691,1732,-1,
1732,1691,1693,-1,
1685,1643,1644,-1,
1685,1644,1646,-1,
1371,1336,1342,-1,
1340,1309,1328,-1,
1221,1215,1240,-1,
1215,1211,1240,-1,
1279,1271,1300,-1,
1271,1252,1242,-1,
1252,1271,1279,-1,
1240,1271,1242,-1,
1271,1240,1267,-1,
1360,1323,1356,-1,
1356,1323,1352,-1,
1376,1374,1411,-1,
1376,1341,1374,-1,
1462,1427,1466,-1,
1462,1425,1427,-1,
1399,1395,1432,-1,
1432,1395,1428,-1,
1481,1442,1477,-1,
1487,1442,1481,-1,
1731,1729,1797,-1,
1795,1731,1797,-1,
1567,1581,1577,-1,
1581,1567,1591,-1,
1575,1567,1577,-1,
1567,1575,1532,-1,
1514,1506,1508,-1,
1508,1530,1514,-1,
1530,1508,1532,-1,
1949,1975,1969,-1,
1975,1949,1947,-1,
1977,1969,1975,-1,
2018,1975,1996,-1,
1812,1804,1806,-1,
1804,1775,1806,-1,
1757,1724,1755,-1,
1755,1718,1753,-1,
1661,1653,1681,-1,
2101,2076,2090,-1,
2092,2101,2105,-1,
2101,2092,2082,-1,
2018,1996,2008,-1,
1986,2018,2004,-1,
2018,1986,1975,-1,
2090,2068,2103,-1,
2074,2031,2049,-1,
1898,1857,1861,-1,
2068,2031,2074,-1,
1924,1894,1935,-1,
2002,1965,1984,-1,
1988,1951,1998,-1,
2000,1951,1959,-1,
2082,2064,2076,-1,
2076,2033,2053,-1,
1943,1924,1957,-1,
1994,1943,1957,-1,
1939,1912,1947,-1,
1937,1896,1904,-1,
1900,1896,1906,-1,
1896,1900,1885,-1,
2148,2129,2138,-1,
2191,2148,2167,-1,
2142,2103,2115,-1,
2103,2086,2115,-1,
1602,1591,1632,-1,
1602,1628,1608,-1,
1628,1602,1632,-1,
1718,1677,1716,-1,
1661,1624,1653,-1,
1642,1661,1667,-1,
1661,1642,1632,-1,
1591,1583,1614,-1,
1571,1536,1563,-1,
1640,1638,1677,-1,
1638,1606,1634,-1,
1704,1663,1702,-1,
1922,1875,1877,-1,
1779,1745,1785,-1,
1853,1816,1818,-1,
1849,1810,1814,-1,
1810,1769,1771,-1,
1673,1638,1671,-1,
1749,1710,1747,-1,
1898,1861,1902,-1,
1994,1957,1965,-1,
1935,1902,1941,-1,
1822,1785,1824,-1,
1828,1789,1791,-1,
1828,1791,1830,-1,
1743,1741,1785,-1,
1745,1743,1785,-1,
1612,1565,1610,-1,
1569,1565,1612,-1,
1501,1493,1536,-1,
1589,1585,1626,-1,
1430,1417,1456,-1,
1456,1454,1489,-1,
1489,1487,1528,-1,
1495,1489,1528,-1,
1372,1354,1397,-1,
1397,1354,1384,-1,
1430,1397,1417,-1,
1397,1384,1417,-1,
1565,1561,1604,-1,
1604,1561,1600,-1,
1739,1737,1791,-1,
1612,1610,1655,-1,
1914,1865,1871,-1,
1951,1918,1959,-1,
1928,1889,1930,-1,
1967,1922,1926,-1,
2000,1959,1963,-1,
1959,1922,1963,-1,
1883,1838,1887,-1,
1836,1795,1838,-1,
1930,1889,1932,-1,
2014,1973,2016,-1,
2059,2020,2061,-1,
2059,2016,2020,-1,
1971,1928,1930,-1,
2014,1967,1971,-1,
2020,1979,1980,-1,
2016,1979,2020,-1,
2146,2109,2121,-1,
2144,2109,2146,-1,
2057,2027,2070,-1,
2057,2012,2027,-1,
2269,2267,2273,-1,
2273,2267,2277,-1,
2271,2258,2275,-1,
2271,2284,2282,-1,
2284,2271,2275,-1,
2240,2227,2248,-1,
2262,2240,2248,-1,
2231,2252,2250,-1,
2252,2231,2240,-1,
2240,2256,2252,-1,
2256,2240,2262,-1,
2258,2229,2235,-1,
2254,2229,2258,-1,
2202,2173,2177,-1,
2206,2235,2229,-1,
2235,2206,2214,-1,
2096,2059,2061,-1,
2177,2150,2181,-1,
2218,2235,2214,-1,
2235,2218,2237,-1,
2136,2119,2125,-1,
2117,2090,2134,-1,
2134,2090,2103,-1,
1491,1479,1522,-1,
1508,1491,1522,-1,
1708,1706,1745,-1,
1665,1626,1663,-1,
1542,1534,1579,-1,
1589,1552,1585,-1,
1479,1458,1501,-1,
1526,1493,1518,-1,
1563,1552,1593,-1,
1550,1536,1571,-1,
1631,1590,1601,-1,
1623,1590,1631,-1,
1974,1948,1968,-1,
1948,1974,1946,-1,
1974,1968,1976,-1,
1919,1905,1909,-1,
1905,1919,1895,-1,
1919,1911,1946,-1,
1911,1919,1909,-1,
2032,2007,2017,-1,
2075,2063,2081,-1,
2056,2011,2048,-1,
2026,2011,2056,-1,
1980,1931,1978,-1,
1933,1931,1980,-1,
2106,2098,2128,-1,
2106,2069,2098,-1,
2079,2034,2071,-1,
2071,2034,2069,-1,
1790,1734,1736,-1,
1792,1732,1734,-1,
1611,1572,1615,-1,
1578,1527,1533,-1,
1852,1815,1848,-1,
1815,1813,1848,-1,
1915,1903,1936,-1,
1915,1872,1903,-1,
1923,1915,1942,-1,
1956,1942,1993,-1,
1893,1852,1880,-1,
1934,1923,1964,-1,
1907,1901,1940,-1,
1940,1901,1934,-1,
1940,1934,1983,-1,
1987,1983,2026,-1,
2172,2166,2190,-1,
2197,2172,2190,-1,
2220,2201,2197,-1,
2201,2220,2226,-1,
2133,2116,2139,-1,
2151,2133,2139,-1,
2193,2151,2174,-1,
2151,2193,2168,-1,
2261,2255,2264,-1,
2153,2149,2186,-1,
2153,2122,2149,-1,
2132,2130,2159,-1,
2126,2093,2122,-1,
2270,2247,2266,-1,
2266,2247,2261,-1,
2186,2149,2180,-1,
2217,2186,2213,-1,
2257,2228,2253,-1,
2205,2176,2201,-1,
2192,2188,2217,-1,
2263,2236,2259,-1,
2263,2259,2280,-1,
2130,2126,2153,-1,
2159,2130,2155,-1,
2123,2094,2127,-1,
2094,2059,2096,-1,
1269,1263,1265,-1,
1248,1236,1250,-1,
1265,1250,1283,-1,
1355,1322,1359,-1,
1317,1287,1318,-1,
1239,1220,1241,-1,
1416,1375,1383,-1,
1410,1375,1416,-1,
1328,1293,1303,-1,
1309,1285,1328,-1,
1293,1260,1272,-1,
1260,1293,1285,-1,
1260,1249,1272,-1,
1605,1570,1613,-1,
1639,1605,1613,-1,
1676,1639,1652,-1,
1676,1637,1639,-1,
1778,1776,1815,-1,
1784,1742,1744,-1,
1705,1668,1707,-1,
1705,1664,1668,-1,
1453,1416,1455,-1,
1455,1416,1429,-1,
1611,1568,1572,-1,
1656,1611,1658,-1,
1488,1447,1453,-1,
1515,1480,1519,-1,
1554,1502,1503,-1,
1509,1466,1468,-1,
1468,1431,1435,-1,
1431,1398,1435,-1,
1388,1351,1355,-1,
1330,1295,1332,-1,
1284,1254,1287,-1,
1326,1291,1295,-1,
1402,1373,1410,-1,
1441,1402,1447,-1,
1488,1453,1455,-1,
1447,1416,1453,-1,
1553,1502,1554,-1,
1504,1502,1555,-1,
1686,1643,1684,-1,
1645,1596,1643,-1,
1463,1424,1461,-1,
1502,1461,1462,-1,
1510,1467,1504,-1,
1469,1467,1510,-1,
1389,1387,1428,-1,
1389,1352,1387,-1,
1691,1648,1650,-1,
1691,1650,1654,-1,
1336,1303,1342,-1,
1353,1328,1371,-1,
1424,1386,1425,-1,
1462,1424,1425,-1,
1427,1394,1431,-1,
1468,1427,1431,-1,
1548,1530,1532,-1,
1391,1382,1401,-1,
1382,1391,1378,-1,
1826,1806,1834,-1,
1834,1806,1808,-1,
1718,1716,1751,-1,
1755,1753,1769,-1,
2066,2082,2078,-1,
2082,2066,2064,-1,
2047,2064,2066,-1,
2064,2047,2043,-1,
2064,2018,2033,-1,
2043,2018,2064,-1,
2074,2049,2057,-1,
2074,2057,2086,-1,
2049,2012,2057,-1,
2031,2012,2049,-1,
1961,1937,1943,-1,
1937,1916,1943,-1,
1951,1908,1914,-1,
1945,1908,1951,-1,
2010,1967,2014,-1,
1998,1951,2000,-1,
1916,1873,1881,-1,
1920,1896,1937,-1,
1859,1885,1879,-1,
1885,1859,1855,-1,
1859,1851,1855,-1,
1849,1814,1816,-1,
1849,1816,1853,-1,
2167,2138,2173,-1,
2191,2167,2173,-1,
2191,2173,2198,-1,
1720,1681,1718,-1,
1636,1632,1642,-1,
1567,1550,1591,-1,
1567,1532,1550,-1,
1634,1593,1630,-1,
1671,1634,1669,-1,
1653,1624,1640,-1,
1624,1614,1640,-1,
1818,1779,1785,-1,
1818,1785,1822,-1,
1716,1714,1749,-1,
1677,1673,1714,-1,
1941,1908,1945,-1,
1988,1941,1945,-1,
1824,1789,1828,-1,
1871,1824,1828,-1,
1579,1528,1573,-1,
1573,1528,1569,-1,
1700,1655,1694,-1,
1700,1694,1735,-1,
1745,1706,1743,-1,
1743,1706,1741,-1,
1524,1520,1565,-1,
1524,1487,1520,-1,
1832,1795,1836,-1,
1883,1832,1836,-1,
1914,1875,1918,-1,
1918,1875,1922,-1,
1967,1926,1928,-1,
1926,1887,1928,-1,
2051,2010,2014,-1,
2006,1967,2010,-1,
1875,1832,1877,-1,
1875,1830,1832,-1,
2109,2072,2080,-1,
2109,2080,2084,-1,
2099,2070,2107,-1,
2086,2070,2099,-1,
2202,2177,2206,-1,
2206,2187,2214,-1,
2206,2181,2187,-1,
2152,2134,2142,-1,
2152,2142,2169,-1,
1483,1460,1465,-1,
1465,1497,1483,-1,
1497,1465,1508,-1,
1630,1626,1669,-1,
1634,1630,1669,-1,
1702,1700,1739,-1,
1663,1616,1659,-1,
1499,1495,1542,-1,
1552,1499,1542,-1,
1501,1458,1493,-1,
1493,1458,1485,-1,
1571,1563,1606,-1,
1606,1563,1593,-1,
1518,1499,1552,-1,
1552,1542,1585,-1,
1995,1974,2017,-1,
2007,1995,2017,-1,
2032,2017,2063,-1,
2063,2017,2042,-1,
2024,2007,2052,-1,
2030,2024,2052,-1,
2011,2001,2030,-1,
2011,1983,2001,-1,
1792,1734,1790,-1,
1792,1790,1831,-1,
1527,1488,1494,-1,
1527,1494,1533,-1,
1846,1833,1862,-1,
1872,1846,1862,-1,
1964,1923,1956,-1,
1956,1923,1942,-1,
1987,1940,1983,-1,
1944,1907,1940,-1,
2176,2143,2172,-1,
2143,2137,2172,-1,
2230,2245,2249,-1,
2245,2230,2222,-1,
2251,2230,2249,-1,
2230,2251,2239,-1,
2149,2145,2176,-1,
2149,2122,2145,-1,
2060,2058,2095,-1,
2095,2058,2093,-1,
2180,2176,2205,-1,
2186,2180,2205,-1,
2234,2217,2213,-1,
2217,2234,2236,-1,
2263,2237,2238,-1,
2238,2217,2236,-1,
2217,2238,2219,-1,
2189,2159,2192,-1,
2192,2159,2188,-1,
2097,2062,2095,-1,
2095,2093,2130,-1,
2150,2123,2154,-1,
2123,2088,2094,-1,
2097,2095,2130,-1,
2132,2097,2130,-1,
2189,2156,2159,-1,
2181,2150,2187,-1,
1416,1383,1396,-1,
1383,1353,1396,-1,
1373,1340,1375,-1,
1375,1340,1353,-1,
1340,1299,1309,-1,
1332,1299,1340,-1,
1303,1272,1282,-1,
1272,1303,1293,-1,
1422,1439,1443,-1,
1439,1422,1420,-1,
1443,1439,1445,-1,
1381,1390,1400,-1,
1390,1381,1377,-1,
1357,1377,1381,-1,
1377,1357,1367,-1,
1784,1778,1817,-1,
1784,1744,1778,-1,
1615,1572,1621,-1,
1519,1480,1486,-1,
1654,1611,1656,-1,
1609,1564,1611,-1,
1597,1556,1558,-1,
1560,1515,1564,-1,
1427,1388,1394,-1,
1388,1359,1394,-1,
1476,1435,1441,-1,
1468,1435,1476,-1,
1398,1365,1373,-1,
1398,1359,1365,-1,
1326,1295,1330,-1,
1359,1326,1330,-1,
1322,1287,1289,-1,
1351,1318,1322,-1,
1385,1350,1351,-1,
1352,1350,1385,-1,
1351,1317,1318,-1,
1288,1284,1317,-1,
1486,1447,1488,-1,
1486,1441,1447,-1,
1647,1645,1686,-1,
1647,1596,1645,-1,
1467,1463,1504,-1,
1467,1428,1463,-1,
1371,1328,1336,-1,
1328,1303,1336,-1,
1321,1314,1316,-1,
1405,1391,1401,-1,
1806,1769,1808,-1,
1806,1767,1769,-1,
1716,1677,1714,-1,
1751,1716,1749,-1,
1814,1773,1816,-1,
1753,1751,1769,-1,
1984,1935,1941,-1,
1984,1941,1988,-1,
2012,1984,2027,-1,
2027,1984,1988,-1,
1957,1924,1965,-1,
1943,1916,1924,-1,
1982,1943,1994,-1,
1961,1943,1982,-1,
1908,1861,1865,-1,
1908,1865,1914,-1,
2070,2027,2029,-1,
2027,1988,1998,-1,
1896,1873,1904,-1,
1904,1873,1916,-1,
1863,1847,1873,-1,
1863,1834,1847,-1,
2169,2148,2179,-1,
2191,2221,2212,-1,
2221,2191,2198,-1,
2142,2115,2148,-1,
2148,2115,2129,-1,
1679,1653,1677,-1,
1653,1640,1677,-1,
1861,1822,1824,-1,
1816,1779,1818,-1,
1771,1749,1773,-1,
1816,1777,1779,-1,
1673,1671,1714,-1,
1714,1710,1749,-1,
1935,1894,1898,-1,
1894,1857,1898,-1,
1787,1741,1789,-1,
1824,1787,1789,-1,
1663,1659,1702,-1,
1737,1700,1735,-1,
1665,1663,1706,-1,
1706,1663,1704,-1,
1739,1700,1737,-1,
1737,1735,1791,-1,
1973,1932,1979,-1,
2016,1973,1979,-1,
2080,2045,2084,-1,
2080,2035,2045,-1,
2051,2014,2055,-1,
2084,2051,2055,-1,
1832,1791,1793,-1,
1832,1793,1795,-1,
2206,2177,2181,-1,
2154,2131,2156,-1,
2218,2187,2189,-1,
2214,2187,2218,-1,
2175,2171,2161,-1,
2171,2175,2196,-1,
2175,2204,2196,-1,
2204,2175,2208,-1,
2210,2208,2216,-1,
2140,2175,2161,-1,
2175,2140,2152,-1,
1593,1589,1630,-1,
1630,1589,1626,-1,
1622,1616,1663,-1,
1626,1622,1663,-1,
1657,1655,1700,-1,
1789,1739,1791,-1,
1585,1542,1579,-1,
1585,1579,1626,-1,
1471,1456,1499,-1,
1499,1456,1495,-1,
1526,1518,1563,-1,
1536,1526,1563,-1,
1640,1606,1638,-1,
1614,1606,1640,-1,
1993,1981,2024,-1,
2024,1981,2007,-1,
2001,1993,2024,-1,
2030,2001,2024,-1,
1533,1494,1541,-1,
1621,1572,1578,-1,
1523,1486,1527,-1,
1527,1486,1488,-1,
1893,1880,1923,-1,
1923,1880,1915,-1,
1950,1944,1987,-1,
1950,1907,1944,-1,
2239,2211,2230,-1,
2230,2211,2222,-1,
2234,2205,2228,-1,
2205,2234,2213,-1,
2218,2238,2237,-1,
2238,2218,2219,-1,
2155,2130,2153,-1,
2155,2153,2188,-1,
2096,2062,2097,-1,
2131,2096,2097,-1,
2154,2127,2131,-1,
2154,2123,2127,-1,
1217,1238,1219,-1,
1238,1217,1229,-1,
1238,1223,1219,-1,
1223,1238,1250,-1,
1263,1257,1265,-1,
1264,1256,1262,-1,
1264,1247,1256,-1,
1247,1264,1249,-1,
1357,1344,1367,-1,
1564,1519,1523,-1,
1519,1486,1523,-1,
1654,1603,1609,-1,
1603,1564,1609,-1,
1558,1515,1560,-1,
1599,1558,1560,-1,
1350,1317,1351,-1,
1352,1317,1350,-1,
1287,1254,1289,-1,
1447,1410,1416,-1,
1447,1402,1410,-1,
1463,1461,1502,-1,
1504,1463,1502,-1,
1368,1345,1358,-1,
1808,1769,1810,-1,
1834,1808,1810,-1,
1683,1681,1712,-1,
1683,1675,1681,-1,
1769,1751,1771,-1,
1751,1749,1771,-1,
1861,1824,1865,-1,
1865,1824,1871,-1,
1902,1861,1908,-1,
1941,1902,1908,-1,
2027,1998,2029,-1,
2029,1998,2035,-1,
1881,1849,1853,-1,
1881,1847,1849,-1,
2223,2200,2212,-1,
2223,2194,2200,-1,
1861,1818,1822,-1,
1857,1818,1861,-1,
1773,1749,1777,-1,
1749,1747,1777,-1,
1710,1671,1708,-1,
1710,1708,1747,-1,
1741,1739,1789,-1,
1702,1659,1700,-1,
1971,1930,1973,-1,
2014,1971,1973,-1,
2045,2000,2006,-1,
2000,1963,2006,-1,
1877,1832,1883,-1,
1922,1877,1883,-1,
1659,1612,1657,-1,
1657,1612,1655,-1,
1568,1527,1572,-1,
1572,1527,1578,-1,
2187,2154,2189,-1,
2187,2150,2154,-1,
1236,1223,1250,-1,
1515,1476,1480,-1,
1476,1441,1480,-1,
1568,1523,1527,-1,
1564,1523,1568,-1,
1556,1509,1511,-1,
1509,1468,1511,-1,
1351,1322,1355,-1,
1318,1287,1322,-1,
1233,1254,1231,-1,
1254,1233,1258,-1,
1326,1289,1291,-1,
1289,1266,1291,-1,
1322,1289,1326,-1,
1359,1322,1326,-1,
1679,1677,1718,-1,
1681,1679,1718,-1,
1720,1724,1722,-1,
1724,1720,1755,-1,
1712,1720,1722,-1,
1720,1712,1681,-1,
1924,1881,1894,-1,
1916,1881,1924,-1,
2179,2212,2200,-1,
2212,2179,2191,-1,
1810,1773,1814,-1,
1810,1771,1773,-1,
1741,1702,1739,-1,
1704,1702,1741,-1,
4682,4691,4690,-1,
4691,4682,4683,-1,
1543,1347,1544,-1,
1347,1543,1346,-1,
4678,4683,4682,-1,
4683,4678,4679,-1,
4491,4311,4492,-1,
4311,4491,4310,-1,
4694,4697,4696,-1,
4697,4694,4695,-1,
1991,3887,1992,-1,
3887,1991,3886,-1,
1346,1182,1347,-1,
1182,1346,1181,-1,
1154,1145,1146,-1,
1145,1154,1153,-1,
1132,1135,1136,-1,
1135,1132,1131,-1,
1136,1139,1140,-1,
1139,1136,1135,-1,
4101,3885,4102,-1,
3885,4101,3884,-1,
4680,4677,4676,-1,
4677,4680,4681,-1,
1124,1131,1132,-1,
1131,1124,1123,-1,
1181,1158,1182,-1,
1158,1181,1157,-1,
1545,1763,1546,-1,
1763,1545,1762,-1,
4310,4102,4311,-1,
4102,4310,4101,-1,
4103,4313,4104,-1,
4313,4103,4312,-1,
3884,1990,3885,-1,
1990,3884,1989,-1,
1118,1119,1120,-1,
1119,1118,1117,-1,
1762,1992,1763,-1,
1992,1762,1991,-1,
1183,1349,1184,-1,
1349,1183,1348,-1,
3886,4104,3887,-1,
4104,3886,4103,-1,
1122,1117,1118,-1,
1117,1122,1121,-1,
4312,4494,4313,-1,
4494,4312,4493,-1,
2407,2385,2409,-1,
2383,2385,2407,-1,
2383,2377,2385,-1,
2375,2377,2383,-1,
2375,2369,2377,-1,
2365,2369,2375,-1,
2365,2363,2369,-1,
2353,2363,2365,-1,
2316,2363,2353,-1,
2312,2363,2316,-1,
2324,2353,2347,-1,
2467,2673,2479,-1,
2673,2467,2601,-1,
2601,2469,2477,-1,
2451,2479,2473,-1,
2601,2467,2469,-1,
2453,2477,2469,-1,
2451,2473,2459,-1,
2479,2451,2467,-1,
2445,2451,2459,-1,
2445,2439,2451,-1,
2435,2439,2445,-1,
2435,2427,2439,-1,
2425,2427,2435,-1,
2425,2417,2427,-1,
2413,2417,2425,-1,
2389,2417,2413,-1,
2391,2413,2395,-1,
2417,2389,2397,-1,
2413,2391,2389,-1,
2397,2389,2393,-1,
3885,4695,4691,-1,
3586,4695,3584,-1,
3885,4691,4683,-1,
4695,3586,4697,-1,
3885,4683,4679,-1,
3590,4697,3586,-1,
3885,4679,4675,-1,
3592,4697,3590,-1,
3885,4675,4667,-1,
3594,4697,3592,-1,
3885,4667,4659,-1,
3596,4697,3594,-1,
3885,4659,4655,-1,
3598,4697,3596,-1,
3885,4655,4631,-1,
3887,4697,3598,-1,
3885,4631,4492,-1,
4685,3887,4681,-1,
3885,4492,4311,-1,
4681,3887,4677,-1,
3885,4311,4102,-1,
4669,3887,4661,-1,
4695,3885,3584,-1,
4661,3887,4657,-1,
4494,3887,4313,-1,
4313,3887,4104,-1,
4633,3887,4494,-1,
4657,3887,4633,-1,
4677,3887,4669,-1,
4697,3887,4693,-1,
4693,3887,4685,-1,
3885,3570,3584,-1,
2673,3572,3570,-1,
3572,2673,3568,-1,
3544,3568,2673,-1,
3568,3544,3564,-1,
3548,3564,3544,-1,
3552,3560,3548,-1,
3560,3552,3556,-1,
3564,3548,3560,-1,
3544,2673,3540,-1,
2601,3441,2673,-1,
3540,2673,3441,-1,
2483,3570,3885,-1,
3570,2588,2673,-1,
3570,2491,2588,-1,
3570,2487,2491,-1,
3570,2483,2487,-1,
3885,2463,2483,-1,
1990,2463,3885,-1,
2463,1990,2443,-1,
2443,1990,2419,-1,
2334,2345,2349,-1,
2318,2349,2359,-1,
2302,2359,2371,-1,
1990,2371,2381,-1,
2419,1990,2381,-1,
2345,2338,2342,-1,
2345,2334,2338,-1,
2349,2330,2334,-1,
2349,2326,2330,-1,
2349,2322,2326,-1,
2349,2318,2322,-1,
2241,2371,1990,-1,
2359,2314,2318,-1,
2359,2310,2314,-1,
2359,2306,2310,-1,
2359,2302,2306,-1,
2371,2298,2302,-1,
2371,2294,2298,-1,
2371,2241,2294,-1,
1118,2241,1990,-1,
2241,1118,2182,-1,
2182,1118,2110,-1,
2110,1118,2036,-1,
2036,1118,1952,-1,
1952,1118,1866,-1,
1118,1990,1761,-1,
1866,1118,1780,-1,
1780,1118,1695,-1,
1118,1761,1544,-1,
1695,1118,1617,-1,
1617,1118,1537,-1,
1537,1118,1472,-1,
1472,1118,1412,-1,
1118,1544,1347,-1,
1412,1118,1361,-1,
1361,1118,1305,-1,
1305,1118,1274,-1,
1274,1118,1243,-1,
1243,1118,1224,-1,
1224,1118,1201,-1,
1201,1118,1193,-1,
1118,1347,1182,-1,
3582,3887,3598,-1,
3574,3578,3576,-1,
3566,3578,3574,-1,
3566,3580,3578,-1,
3562,3580,3566,-1,
3580,3562,3582,-1,
3558,3582,3562,-1,
3554,3582,3558,-1,
3550,3582,3554,-1,
3582,3550,3887,-1,
3546,3887,3550,-1,
2485,3546,3542,-1,
2485,3542,3538,-1,
2489,3538,3443,-1,
3441,2601,3443,-1,
2523,3443,2601,-1,
2489,3443,2523,-1,
3538,2489,2485,-1,
3546,2485,3887,-1,
2481,3887,2485,-1,
2461,3887,2481,-1,
1992,2461,2447,-1,
1992,2447,2431,-1,
1992,2431,2405,-1,
2336,2347,2345,-1,
2340,2345,2342,-1,
2336,2345,2340,-1,
2347,2336,2332,-1,
2347,2332,2328,-1,
2347,2328,2324,-1,
2353,2324,2320,-1,
2353,2320,2316,-1,
2363,2312,2357,-1,
2308,2357,2312,-1,
2304,2357,2308,-1,
2300,2357,2304,-1,
2357,2300,2351,-1,
2296,2351,2300,-1,
2243,2351,2296,-1,
2184,2351,2243,-1,
2351,2184,2355,-1,
2112,2355,2184,-1,
1120,2355,2112,-1,
2355,1120,2361,-1,
2361,1120,2367,-1,
1120,2112,2038,-1,
2461,1992,3887,-1,
2387,1992,2405,-1,
2379,1992,2387,-1,
2373,1992,2379,-1,
1992,2367,1120,-1,
1120,2038,1954,-1,
1120,1954,1868,-1,
1120,1868,1782,-1,
2367,1992,2373,-1,
1120,1782,1697,-1,
1120,1697,1619,-1,
1992,1120,1763,-1,
1120,1619,1539,-1,
1120,1539,1474,-1,
1120,1474,1414,-1,
1120,1414,1363,-1,
1763,1120,1546,-1,
1120,1363,1307,-1,
1120,1307,1276,-1,
1120,1276,1245,-1,
1120,1245,1226,-1,
1120,1226,1203,-1,
1120,1203,1195,-1,
1120,1195,1189,-1,
1546,1120,1349,-1,
1193,1118,1189,-1,
1118,1182,1158,-1,
1120,1189,1118,-1,
1118,1158,1154,-1,
1349,1120,1184,-1,
1118,1154,1146,-1,
1184,1120,1160,-1,
1118,1146,1138,-1,
1160,1120,1156,-1,
1118,1138,1134,-1,
1156,1120,1148,-1,
1118,1134,1130,-1,
1148,1120,1140,-1,
1118,1130,1122,-1,
1140,1120,1136,-1,
1136,1120,1132,-1,
1132,1120,1124,-1,
3590,3586,3588,-1,
2477,2453,2475,-1,
2457,2475,2453,-1,
2465,2475,2457,-1,
2475,2465,2471,-1,
2457,2453,2455,-1,
2441,2455,2453,-1,
2455,2441,2449,-1,
2441,2437,2449,-1,
2433,2437,2441,-1,
2433,2429,2437,-1,
2423,2429,2433,-1,
2423,2421,2429,-1,
2399,2423,2415,-1,
2423,2399,2421,-1,
2399,2415,2403,-1,
2421,2399,2411,-1,
2411,2399,2401,-1,
4690,4695,4694,-1,
4695,4690,4691,-1,
1348,1546,1349,-1,
1546,1348,1545,-1,
1130,1121,1122,-1,
1121,1130,1129,-1,
1120,1123,1124,-1,
1123,1120,1119,-1,
1989,1761,1990,-1,
1761,1989,1760,-1,
4658,4655,4659,-1,
4655,4658,4654,-1,
4684,4681,4680,-1,
4681,4684,4685,-1,
4493,4633,4494,-1,
4633,4493,4632,-1,
1155,1160,1156,-1,
1160,1155,1159,-1,
4656,4661,4657,-1,
4661,4656,4660,-1,
4632,4657,4633,-1,
4657,4632,4656,-1,
4666,4675,4674,-1,
4675,4666,4667,-1,
4654,4631,4655,-1,
4631,4654,4630,-1,
1159,1184,1160,-1,
1184,1159,1183,-1,
1140,1147,1148,-1,
1147,1140,1139,-1,
4658,4667,4666,-1,
4667,4658,4659,-1,
4630,4492,4631,-1,
4492,4630,4491,-1,
1157,1154,1158,-1,
1154,1157,1153,-1,
4668,4661,4660,-1,
4661,4668,4669,-1,
4676,4669,4668,-1,
4669,4676,4677,-1,
1138,1133,1134,-1,
1133,1138,1137,-1,
4674,4679,4678,-1,
4679,4674,4675,-1,
1148,1155,1156,-1,
1155,1148,1147,-1,
4696,4693,4692,-1,
4693,4696,4697,-1,
1146,1137,1138,-1,
1137,1146,1145,-1,
1134,1129,1130,-1,
1129,1134,1133,-1,
1760,1544,1761,-1,
1544,1760,1543,-1,
4692,4685,4684,-1,
4685,4692,4693,-1,
2472,2587,2490,-1,
2472,2490,2486,-1,
2472,2486,2482,-1,
2587,2472,2478,-1,
2587,2478,2672,-1,
2458,2482,2462,-1,
2482,2458,2472,-1,
2462,2444,2458,-1,
2442,2444,2462,-1,
2442,2434,2444,-1,
2418,2434,2442,-1,
2434,2418,2424,-1,
2380,2424,2418,-1,
2424,2380,2412,-1,
2370,2412,2380,-1,
2344,2388,2390,-1,
2412,2370,2394,-1,
2358,2394,2370,-1,
2394,2358,2390,-1,
2344,2390,2348,-1,
2388,2374,2382,-1,
2390,2358,2348,-1,
2388,2344,2346,-1,
2388,2364,2374,-1,
2388,2352,2364,-1,
2388,2346,2352,-1,
2466,2452,2468,-1,
2450,2452,2466,-1,
2450,2440,2452,-1,
2438,2440,2450,-1,
2406,2440,2438,-1,
2406,2438,2426,-1,
2408,2440,2406,-1,
2406,2426,2416,-1,
2440,2408,2432,-1,
2432,2408,2422,-1,
2382,2416,2396,-1,
2382,2396,2392,-1,
2416,2382,2406,-1,
2382,2392,2388,-1,
2384,2422,2408,-1,
2422,2384,2414,-1,
2376,2414,2384,-1,
2414,2376,2402,-1,
2368,2402,2376,-1,
2398,2378,2386,-1,
2362,2402,2368,-1,
2398,2372,2378,-1,
2402,2362,2398,-1,
2398,2366,2372,-1,
2398,2362,2356,-1,
2354,2398,2350,-1,
2398,2356,2350,-1,
2360,2398,2354,-1,
2398,2360,2366,-1,
2476,2522,2600,-1,
2522,2474,2488,-1,
2470,2488,2474,-1,
2522,2476,2474,-1,
2488,2470,2484,-1,
2464,2484,2470,-1,
2484,2464,2480,-1,
2456,2480,2464,-1,
2480,2456,2460,-1,
2454,2460,2456,-1,
2446,2454,2448,-1,
2454,2446,2460,-1,
2436,2446,2448,-1,
2436,2430,2446,-1,
2428,2430,2436,-1,
2386,2428,2420,-1,
2386,2420,2410,-1,
2428,2404,2430,-1,
2386,2410,2400,-1,
2386,2400,2398,-1,
2428,2386,2404,-1,
3571,3585,3583,-1,
3585,3579,3581,-1,
3585,3577,3579,-1,
3585,3575,3577,-1,
3563,3585,3567,-1,
3571,3583,3569,-1,
3585,3571,3567,-1,
3585,3563,3575,-1,
3575,3563,3573,-1,
3559,3573,3563,-1,
3555,3573,3559,-1,
3573,3555,3565,-1,
3565,3555,3561,-1,
3551,3561,3555,-1,
3561,3551,3557,-1,
3557,3551,3553,-1,
3551,3549,3553,-1,
3547,3549,3551,-1,
3547,3545,3549,-1,
3543,3545,3547,-1,
3543,3541,3545,-1,
3537,3543,3539,-1,
3543,3537,3541,-1,
3442,3539,3440,-1,
3539,3442,3537,-1,
3595,3581,3597,-1,
3593,3581,3595,-1,
3591,3581,3593,-1,
3589,3581,3591,-1,
3587,3581,3589,-1,
3581,3587,3585,-1,
2380,2419,2381,-1,
2419,2380,2418,-1,
2370,2381,2371,-1,
2381,2370,2380,-1,
2370,2359,2358,-1,
2359,2370,2371,-1,
2358,2349,2348,-1,
2349,2358,2359,-1,
2348,2345,2344,-1,
2345,2348,2349,-1,
2344,2347,2346,-1,
2347,2344,2345,-1,
2346,2353,2352,-1,
2353,2346,2347,-1,
2352,2365,2364,-1,
2365,2352,2353,-1,
2374,2365,2375,-1,
2365,2374,2364,-1,
2382,2375,2383,-1,
2375,2382,2374,-1,
2406,2383,2407,-1,
2383,2406,2382,-1,
2406,2409,2408,-1,
2409,2406,2407,-1,
2384,2409,2385,-1,
2409,2384,2408,-1,
2376,2385,2377,-1,
2385,2376,2384,-1,
2368,2377,2369,-1,
2377,2368,2376,-1,
2368,2363,2362,-1,
2363,2368,2369,-1,
2362,2357,2356,-1,
2357,2362,2363,-1,
2356,2351,2350,-1,
2351,2356,2357,-1,
2350,2355,2354,-1,
2355,2350,2351,-1,
2354,2361,2360,-1,
2361,2354,2355,-1,
2360,2367,2366,-1,
2367,2360,2361,-1,
2366,2373,2372,-1,
2373,2366,2367,-1,
2378,2373,2379,-1,
2373,2378,2372,-1,
2386,2379,2387,-1,
2379,2386,2378,-1,
2404,2387,2405,-1,
2387,2404,2386,-1,
2430,2405,2431,-1,
2405,2430,2404,-1,
2446,2431,2447,-1,
2431,2446,2430,-1,
2460,2447,2461,-1,
2447,2460,2446,-1,
2480,2461,2481,-1,
2461,2480,2460,-1,
2484,2481,2485,-1,
2481,2484,2480,-1,
2488,2485,2489,-1,
2485,2488,2484,-1,
2523,2488,2489,-1,
2488,2523,2522,-1,
2601,2522,2523,-1,
2522,2601,2600,-1,
2476,2601,2477,-1,
2601,2476,2600,-1,
2476,2475,2474,-1,
2475,2476,2477,-1,
2474,2471,2470,-1,
2471,2474,2475,-1,
2470,2465,2464,-1,
2465,2470,2471,-1,
2456,2465,2457,-1,
2465,2456,2464,-1,
2454,2457,2455,-1,
2457,2454,2456,-1,
2448,2455,2449,-1,
2455,2448,2454,-1,
2436,2449,2437,-1,
2449,2436,2448,-1,
2428,2437,2429,-1,
2437,2428,2436,-1,
2420,2429,2421,-1,
2429,2420,2428,-1,
2411,2420,2421,-1,
2420,2411,2410,-1,
2401,2410,2411,-1,
2410,2401,2400,-1,
2399,2400,2401,-1,
2400,2399,2398,-1,
2403,2398,2399,-1,
2398,2403,2402,-1,
2415,2402,2403,-1,
2402,2415,2414,-1,
2422,2415,2423,-1,
2415,2422,2414,-1,
2432,2423,2433,-1,
2423,2432,2422,-1,
2440,2433,2441,-1,
2433,2440,2432,-1,
2452,2441,2453,-1,
2441,2452,2440,-1,
2468,2453,2469,-1,
2453,2468,2452,-1,
2467,2468,2469,-1,
2468,2467,2466,-1,
2450,2467,2451,-1,
2467,2450,2466,-1,
2438,2451,2439,-1,
2451,2438,2450,-1,
2426,2439,2427,-1,
2439,2426,2438,-1,
2416,2427,2417,-1,
2427,2416,2426,-1,
2396,2417,2397,-1,
2417,2396,2416,-1,
2393,2396,2397,-1,
2396,2393,2392,-1,
2389,2392,2393,-1,
2392,2389,2388,-1,
2391,2388,2389,-1,
2388,2391,2390,-1,
2395,2390,2391,-1,
2390,2395,2394,-1,
2413,2394,2395,-1,
2394,2413,2412,-1,
2424,2413,2425,-1,
2413,2424,2412,-1,
2434,2425,2435,-1,
2425,2434,2424,-1,
2444,2435,2445,-1,
2435,2444,2434,-1,
2458,2445,2459,-1,
2445,2458,2444,-1,
2472,2459,2473,-1,
2459,2472,2458,-1,
2472,2479,2478,-1,
2479,2472,2473,-1,
2672,2479,2673,-1,
2479,2672,2478,-1,
2588,2672,2673,-1,
2672,2588,2587,-1,
2491,2587,2588,-1,
2587,2491,2490,-1,
2486,2491,2487,-1,
2491,2486,2490,-1,
2482,2487,2483,-1,
2487,2482,2486,-1,
2462,2483,2463,-1,
2483,2462,2482,-1,
2442,2463,2443,-1,
2463,2442,2462,-1,
2418,2443,2419,-1,
2443,2418,2442,-1,
3571,3568,3567,-1,
3568,3571,3572,-1,
3567,3564,3563,-1,
3564,3567,3568,-1,
3563,3560,3559,-1,
3560,3563,3564,-1,
3555,3560,3556,-1,
3560,3555,3559,-1,
3551,3556,3552,-1,
3556,3551,3555,-1,
3547,3552,3548,-1,
3552,3547,3551,-1,
3543,3548,3544,-1,
3548,3543,3547,-1,
3539,3544,3540,-1,
3544,3539,3543,-1,
3440,3540,3441,-1,
3540,3440,3539,-1,
3440,3443,3442,-1,
3443,3440,3441,-1,
3537,3443,3538,-1,
3443,3537,3442,-1,
3541,3538,3542,-1,
3538,3541,3537,-1,
3545,3542,3546,-1,
3542,3545,3541,-1,
3549,3546,3550,-1,
3546,3549,3545,-1,
3553,3550,3554,-1,
3550,3553,3549,-1,
3557,3554,3558,-1,
3554,3557,3553,-1,
3561,3558,3562,-1,
3558,3561,3557,-1,
3566,3561,3562,-1,
3561,3566,3565,-1,
3574,3565,3566,-1,
3565,3574,3573,-1,
3575,3574,3576,-1,
3574,3575,3573,-1,
3575,3578,3577,-1,
3578,3575,3576,-1,
3577,3580,3579,-1,
3580,3577,3578,-1,
3579,3582,3581,-1,
3582,3579,3580,-1,
3597,3582,3598,-1,
3582,3597,3581,-1,
3596,3597,3598,-1,
3597,3596,3595,-1,
3594,3595,3596,-1,
3595,3594,3593,-1,
3592,3593,3594,-1,
3593,3592,3591,-1,
3590,3591,3592,-1,
3591,3590,3589,-1,
3588,3589,3590,-1,
3589,3588,3587,-1,
3586,3587,3588,-1,
3587,3586,3585,-1,
3584,3585,3586,-1,
3585,3584,3583,-1,
3569,3584,3570,-1,
3584,3569,3583,-1,
3569,3572,3571,-1,
3572,3569,3570,-1,
4674,4746,4742,-1,
4746,4694,4964,-1,
4674,4742,4734,-1,
4696,4964,4694,-1,
4666,4734,4730,-1,
4692,4964,4696,-1,
4666,4730,4726,-1,
4684,4964,4692,-1,
4658,4726,4718,-1,
4680,4964,4684,-1,
4658,4718,4710,-1,
4676,4964,4680,-1,
4658,4710,4706,-1,
4964,4676,4744,-1,
4654,4706,4702,-1,
4744,4676,4736,-1,
4654,4702,4698,-1,
4668,4736,4676,-1,
4736,4668,4732,-1,
4746,4690,4694,-1,
4654,4698,4686,-1,
4746,4682,4690,-1,
4746,4678,4682,-1,
4746,4674,4678,-1,
4630,4686,4670,-1,
4734,4666,4674,-1,
4630,4670,4662,-1,
4726,4658,4666,-1,
4706,4654,4658,-1,
4686,4630,4654,-1,
4662,4491,4630,-1,
4662,4310,4491,-1,
4662,4101,4310,-1,
4662,3884,4101,-1,
4662,1989,3884,-1,
1149,1989,4662,-1,
1149,1760,1989,-1,
1149,1543,1760,-1,
1149,1346,1543,-1,
1149,1181,1346,-1,
1141,1181,1149,-1,
1125,1181,1141,-1,
1181,1125,1157,-1,
1113,1157,1125,-1,
1109,1157,1113,-1,
1105,1157,1109,-1,
1157,1105,1153,-1,
1101,1153,1105,-1,
1093,1153,1101,-1,
1085,1153,1093,-1,
1081,1145,1085,-1,
1153,1085,1145,-1,
4732,4668,4728,-1,
4660,4728,4668,-1,
4728,4660,4720,-1,
4720,4660,4712,-1,
4712,4660,4708,-1,
4656,4708,4660,-1,
4708,4656,4704,-1,
4704,4656,4700,-1,
4700,4656,4688,-1,
4632,4688,4656,-1,
4688,4632,4672,-1,
4672,4632,4664,-1,
4493,4664,4632,-1,
4312,4664,4493,-1,
4103,4664,4312,-1,
3886,4664,4103,-1,
1991,4664,3886,-1,
1991,1151,4664,-1,
1762,1151,1991,-1,
1545,1151,1762,-1,
1348,1151,1545,-1,
1183,1151,1348,-1,
1127,1183,1159,-1,
1107,1159,1155,-1,
1087,1155,1147,-1,
1183,1143,1151,-1,
1079,1147,1139,-1,
1067,1139,1135,-1,
1067,1135,1131,-1,
1183,1127,1143,-1,
1067,1131,1123,-1,
1067,1123,1119,-1,
1159,1115,1127,-1,
1117,849,1119,-1,
1077,1145,1081,-1,
1067,1119,849,-1,
1145,1077,1137,-1,
1139,1067,1071,-1,
1069,1137,1077,-1,
1159,1111,1115,-1,
849,1137,1069,-1,
1159,1107,1111,-1,
1137,849,1133,-1,
1155,1103,1107,-1,
1133,849,1129,-1,
1155,1095,1103,-1,
1129,849,1121,-1,
1155,1087,1095,-1,
1121,849,1117,-1,
1147,1083,1087,-1,
1147,1079,1083,-1,
1139,1071,1079,-1
]
}
}
