#VRML V2.0 utf8
# from diffuser_frame_left.stl, in the plate model's frame by stl_to_wrl.py, units mm

Shape {
appearance Appearance {
material Material {
diffuseColor 0.85 0.86 0.88
shininess 0.2
}
}
geometry IndexedFaceSet {
coord Coordinate {
point [
-149.9292 -62.4828 -1.4000,
-149.9292 -62.4828 -0.4000,
-149.9292 -62.4828 0.8000,
-149.9292 -62.4828 1.8000,
-149.9273 -62.8263 -1.4000,
-149.9273 -62.8263 -0.4000,
-149.9273 -62.8263 0.8000,
-149.9273 -62.8263 1.8000,
-149.8974 -62.1408 -1.4000,
-149.8974 -62.1408 -0.4000,
-149.8974 -62.1408 0.8000,
-149.8974 -62.1408 1.8000,
-149.8917 -63.1680 -1.4000,
-149.8917 -63.1680 -0.4000,
-149.8917 -63.1680 0.8000,
-149.8917 -63.1680 1.8000,
-149.8322 -61.8036 -1.4000,
-149.8322 -61.8036 -0.4000,
-149.8322 -61.8036 0.8000,
-149.8322 -61.8036 1.8000,
-149.7343 -61.4744 -1.4000,
-149.7343 -61.4744 -0.4000,
-149.7343 -61.4744 0.8000,
-149.7343 -61.4744 1.8000,
-149.6046 -61.1563 -1.4000,
-149.6046 -61.1563 -0.4000,
-149.6046 -61.1563 0.8000,
-149.6046 -61.1563 1.8000,
-149.5795 -62.4981 -1.9000,
-149.5778 -62.8072 -1.9000,
-149.5509 -62.1903 -1.9000,
-149.5458 -63.1147 -1.9000,
-149.4922 -61.8868 -1.9000,
-149.4443 -60.8525 -1.4000,
-149.4443 -60.8525 -0.4000,
-149.4443 -60.8525 0.8000,
-149.4443 -60.8525 1.8000,
-149.4041 -61.5905 -1.9000,
-149.3371 -63.4266 -1.4000,
-149.3371 -63.4266 -0.4000,
-149.3371 -63.4266 0.8000,
-149.3371 -63.4266 1.8000,
-149.2874 -61.3043 -1.9000,
-149.2550 -60.5659 -1.4000,
-149.2550 -60.5659 -0.4000,
-149.2550 -60.5659 0.8000,
-149.2550 -60.5659 1.8000,
-149.1431 -61.0308 -1.9000,
-149.0466 -63.3475 -1.9000,
-149.0386 -60.2992 -1.4000,
-149.0386 -60.2992 -0.4000,
-149.0386 -60.2992 0.8000,
-149.0386 -60.2992 1.8000,
-148.9728 -60.7729 -1.9000,
-148.9301 -62.5265 -0.4000,
-148.9301 -62.5265 0.8000,
-148.9288 -62.7718 -0.4000,
-148.9288 -62.7718 0.8000,
-148.9074 -62.2822 -0.4000,
-148.9074 -62.2822 0.8000,
-148.9034 -63.0158 -0.4000,
-148.9034 -63.0158 0.8000,
-148.8608 -62.0413 -0.4000,
-148.8608 -62.0413 0.8000,
-148.8552 -63.2513 -0.4000,
-148.8552 -63.2513 0.8000,
-148.8542 -63.2562 -0.4000,
-148.8542 -63.2562 0.8000,
-148.7971 -60.0550 -1.4000,
-148.7971 -60.0550 -0.4000,
-148.7971 -60.0550 0.8000,
-148.7971 -60.0550 1.8000,
-148.7909 -61.8061 -0.4000,
-148.7909 -61.8061 0.8000,
-148.7817 -63.4905 -0.4000,
-148.7817 -63.4905 0.8000,
-148.7780 -60.5329 -1.9000,
-148.6983 -61.5790 -0.4000,
-148.6983 -61.5790 0.8000,
-148.5838 -61.3620 -0.4000,
-148.5838 -61.3620 0.8000,
-148.5606 -60.3131 -1.9000,
-148.5560 -64.1107 -0.4000,
-148.5560 -64.1107 0.8000,
-148.5327 -59.8357 -1.4000,
-148.5327 -59.8357 -0.4000,
-148.5327 -59.8357 0.8000,
-148.5327 -59.8357 1.8000,
-148.4486 -61.1572 -0.4000,
-148.4486 -61.1572 0.8000,
-148.3227 -60.1157 -1.9000,
-148.2940 -60.9667 -0.4000,
-148.2940 -60.9667 0.8000,
-148.2482 -59.6433 -1.4000,
-148.2482 -59.6433 -0.4000,
-148.2482 -59.6433 0.8000,
-148.2482 -59.6433 1.8000,
-148.1215 -60.7923 -0.4000,
-148.1215 -60.7923 0.8000,
-148.0666 -59.9425 -1.9000,
-147.9462 -59.4797 -1.4000,
-147.9462 -59.4797 -0.4000,
-147.9462 -59.4797 0.8000,
-147.9462 -59.4797 1.8000,
-147.9327 -60.6356 -0.4000,
-147.9327 -60.6356 0.8000,
-147.7948 -59.7953 -1.9000,
-147.7294 -60.4982 -0.4000,
-147.7294 -60.4982 0.8000,
-147.6296 -59.3466 -1.4000,
-147.6296 -59.3466 -0.4000,
-147.6296 -59.3466 0.8000,
-147.6296 -59.3466 1.8000,
-147.5137 -60.3814 -0.4000,
-147.5137 -60.3814 0.8000,
-147.5099 -59.6755 -1.9000,
-147.3014 -59.2451 -1.4000,
-147.3014 -59.2451 -0.4000,
-147.3014 -59.2451 0.8000,
-147.3014 -59.2451 1.8000,
-147.2875 -60.2863 -0.4000,
-147.2875 -60.2863 0.8000,
-147.2145 -59.5841 -1.9000,
-147.0532 -60.2138 -0.4000,
-147.0532 -60.2138 0.8000,
-146.9649 -59.1762 -1.4000,
-146.9649 -59.1762 -0.4000,
-146.9649 -59.1762 0.8000,
-146.9649 -59.1762 1.8000,
-146.9117 -59.5222 -1.9000,
-146.8128 -60.1646 -0.4000,
-146.8128 -60.1646 0.8000,
-146.6233 -59.1407 -1.4000,
-146.6233 -59.1407 -0.4000,
-146.6233 -59.1407 0.8000,
-146.6233 -59.1407 1.8000,
-146.6042 -59.4902 -1.9000,
-146.5688 -60.1392 -0.4000,
-146.5688 -60.1392 0.8000,
-146.3235 -60.1379 -0.4000,
-146.3235 -60.1379 0.8000,
-146.2951 -59.4885 -1.9000,
-146.2798 -59.1388 -1.4000,
-146.2798 -59.1388 -0.4000,
-146.2798 -59.1388 0.8000,
-146.2798 -59.1388 1.8000,
-146.0792 -60.1606 -0.4000,
-146.0792 -60.1606 0.8000,
-145.9873 -59.5171 -1.9000,
-145.9378 -59.1706 -1.4000,
-145.9378 -59.1706 -0.4000,
-145.9378 -59.1706 0.8000,
-145.9378 -59.1706 1.8000,
-145.8383 -60.2072 -0.4000,
-145.8383 -60.2072 0.8000,
-145.6838 -59.5758 -1.9000,
-145.6031 -60.2771 -0.4000,
-145.6031 -60.2771 0.8000,
-145.6006 -59.2358 -1.4000,
-145.6006 -59.2358 -0.4000,
-145.6006 -59.2358 0.8000,
-145.6006 -59.2358 1.8000,
-145.3875 -59.6639 -1.9000,
-145.3760 -60.3697 -0.4000,
-145.3760 -60.3697 0.8000,
-145.2714 -59.3337 -1.4000,
-145.2714 -59.3337 -0.4000,
-145.2714 -59.3337 0.8000,
-145.2714 -59.3337 1.8000,
-145.1590 -60.4842 -0.4000,
-145.1590 -60.4842 0.8000,
-145.1013 -59.7806 -1.9000,
-144.9542 -60.6194 -0.4000,
-144.9542 -60.6194 0.8000,
-144.9533 -59.4634 -1.4000,
-144.9533 -59.4634 -0.4000,
-144.9533 -59.4634 0.8000,
-144.9533 -59.4634 1.8000,
-144.8278 -59.9249 -1.9000,
-144.7637 -60.7740 -0.4000,
-144.7637 -60.7740 0.8000,
-144.7495 -59.5709 0.8000,
-144.7495 -59.5709 1.8000,
-144.6495 -59.6237 -1.4000,
-144.6495 -59.6237 -0.4000,
-144.6092 -59.5546 0.8000,
-144.6092 -59.5546 1.8000,
-144.5893 -60.9465 -0.4000,
-144.5893 -60.9465 0.8000,
-144.5699 -60.0952 -1.9000,
-144.4326 -61.1353 -0.4000,
-144.4326 -61.1353 0.8000,
-144.3629 -59.8130 -1.4000,
-144.3629 -59.8130 -0.4000,
-144.3299 -60.2900 -1.9000,
-144.2952 -61.3386 -0.4000,
-144.2952 -61.3386 0.8000,
-144.1808 -61.5499 -0.4000,
-144.1808 -61.5499 0.8000,
-144.1784 -61.5543 -0.4000,
-144.1784 -61.5543 0.8000,
-144.1101 -60.5074 -1.9000,
-144.0962 -60.0294 -1.4000,
-144.0962 -60.0294 -0.4000,
-144.0833 -61.7804 -0.4000,
-144.0833 -61.7804 0.8000,
-143.9723 -61.5006 -1.9000,
-143.9127 -60.7453 -1.9000,
-143.8575 -62.4006 -0.4000,
-143.8575 -62.4006 0.8000,
-143.8520 -60.2709 -1.4000,
-143.8520 -60.2709 -0.4000,
-143.7395 -61.0014 -1.9000,
-143.7107 -61.3788 0.8000,
-143.7107 -61.3788 1.8000,
-143.6989 -61.3745 -1.4000,
-143.6989 -61.3745 -0.4000,
-143.6327 -60.5353 -1.4000,
-143.6327 -60.5353 -0.4000,
-143.4403 -60.8198 -1.4000,
-143.4403 -60.8198 -0.4000,
-141.8482 -83.1358 -1.4000,
-141.8482 -83.1358 -0.4000,
-141.8482 -83.1358 0.8000,
-141.8482 -83.1358 1.8000,
-141.8463 -83.4793 -1.4000,
-141.8463 -83.4793 -0.4000,
-141.8463 -83.4793 0.8000,
-141.8463 -83.4793 1.8000,
-141.8164 -82.7938 -1.4000,
-141.8164 -82.7938 -0.4000,
-141.8164 -82.7938 0.8000,
-141.8164 -82.7938 1.8000,
-141.8107 -83.8210 -1.4000,
-141.8107 -83.8210 -0.4000,
-141.8107 -83.8210 0.8000,
-141.8107 -83.8210 1.8000,
-141.7512 -82.4566 -1.4000,
-141.7512 -82.4566 -0.4000,
-141.7512 -82.4566 0.8000,
-141.7512 -82.4566 1.8000,
-141.6533 -82.1274 -1.4000,
-141.6533 -82.1274 -0.4000,
-141.6533 -82.1274 0.8000,
-141.6533 -82.1274 1.8000,
-141.5236 -81.8093 -1.4000,
-141.5236 -81.8093 -0.4000,
-141.5236 -81.8093 0.8000,
-141.5236 -81.8093 1.8000,
-141.4985 -83.1511 -1.9000,
-141.4968 -83.4602 -1.9000,
-141.4699 -82.8433 -1.9000,
-141.4648 -83.7677 -1.9000,
-141.4112 -82.5398 -1.9000,
-141.3633 -81.5055 -1.4000,
-141.3633 -81.5055 -0.4000,
-141.3633 -81.5055 0.8000,
-141.3633 -81.5055 1.8000,
-141.3231 -82.2435 -1.9000,
-141.2561 -84.0796 -1.4000,
-141.2561 -84.0796 -0.4000,
-141.2561 -84.0796 0.8000,
-141.2561 -84.0796 1.8000,
-141.2064 -81.9573 -1.9000,
-141.1741 -81.2189 -1.4000,
-141.1741 -81.2189 -0.4000,
-141.1741 -81.2189 0.8000,
-141.1741 -81.2189 1.8000,
-141.0621 -81.6838 -1.9000,
-140.9656 -84.0005 -1.9000,
-140.9576 -80.9522 -1.4000,
-140.9576 -80.9522 -0.4000,
-140.9576 -80.9522 0.8000,
-140.9576 -80.9522 1.8000,
-140.8918 -81.4259 -1.9000,
-140.8491 -83.1795 -0.4000,
-140.8491 -83.1795 0.8000,
-140.8478 -83.4248 -0.4000,
-140.8478 -83.4248 0.8000,
-140.8264 -82.9352 -0.4000,
-140.8264 -82.9352 0.8000,
-140.8224 -83.6688 -0.4000,
-140.8224 -83.6688 0.8000,
-140.7798 -82.6943 -0.4000,
-140.7798 -82.6943 0.8000,
-140.7742 -83.9043 -0.4000,
-140.7742 -83.9043 0.8000,
-140.7732 -83.9092 -0.4000,
-140.7732 -83.9092 0.8000,
-140.7161 -80.7080 -1.4000,
-140.7161 -80.7080 -0.4000,
-140.7161 -80.7080 0.8000,
-140.7161 -80.7080 1.8000,
-140.7099 -82.4591 -0.4000,
-140.7099 -82.4591 0.8000,
-140.7007 -84.1435 -0.4000,
-140.7007 -84.1435 0.8000,
-140.6970 -81.1859 -1.9000,
-140.6173 -82.2320 -0.4000,
-140.6173 -82.2320 0.8000,
-140.5028 -82.0150 -0.4000,
-140.5028 -82.0150 0.8000,
-140.4796 -80.9661 -1.9000,
-140.4750 -84.7637 -0.4000,
-140.4750 -84.7637 0.8000,
-140.4517 -80.4887 -1.4000,
-140.4517 -80.4887 -0.4000,
-140.4517 -80.4887 0.8000,
-140.4517 -80.4887 1.8000,
-140.3676 -81.8102 -0.4000,
-140.3676 -81.8102 0.8000,
-140.2417 -80.7687 -1.9000,
-140.2130 -81.6197 -0.4000,
-140.2130 -81.6197 0.8000,
-140.1672 -80.2963 -1.4000,
-140.1672 -80.2963 -0.4000,
-140.1672 -80.2963 0.8000,
-140.1672 -80.2963 1.8000,
-140.0405 -81.4453 -0.4000,
-140.0405 -81.4453 0.8000,
-139.9856 -80.5955 -1.9000,
-139.8652 -80.1328 -1.4000,
-139.8652 -80.1328 -0.4000,
-139.8652 -80.1328 0.8000,
-139.8652 -80.1328 1.8000,
-139.8517 -81.2886 -0.4000,
-139.8517 -81.2886 0.8000,
-139.7138 -80.4483 -1.9000,
-139.6484 -81.1512 -0.4000,
-139.6484 -81.1512 0.8000,
-139.5486 -79.9996 -1.4000,
-139.5486 -79.9996 -0.4000,
-139.5486 -79.9996 0.8000,
-139.5486 -79.9996 1.8000,
-139.4327 -81.0344 -0.4000,
-139.4327 -81.0344 0.8000,
-139.4289 -80.3285 -1.9000,
-139.2204 -79.8981 -1.4000,
-139.2204 -79.8981 -0.4000,
-139.2204 -79.8981 0.8000,
-139.2204 -79.8981 1.8000,
-139.2066 -80.9393 -0.4000,
-139.2066 -80.9393 0.8000,
-139.1335 -80.2371 -1.9000,
-138.9722 -80.8668 -0.4000,
-138.9722 -80.8668 0.8000,
-138.8839 -79.8292 -1.4000,
-138.8839 -79.8292 -0.4000,
-138.8839 -79.8292 0.8000,
-138.8839 -79.8292 1.8000,
-138.8307 -80.1752 -1.9000,
-138.7318 -80.8176 -0.4000,
-138.7318 -80.8176 0.8000,
-138.5423 -79.7937 -1.4000,
-138.5423 -79.7937 -0.4000,
-138.5423 -79.7937 0.8000,
-138.5423 -79.7937 1.8000,
-138.5232 -80.1432 -1.9000,
-138.4878 -80.7922 -0.4000,
-138.4878 -80.7922 0.8000,
-138.2425 -80.7909 -0.4000,
-138.2425 -80.7909 0.8000,
-138.2141 -80.1415 -1.9000,
-138.1988 -79.7918 -1.4000,
-138.1988 -79.7918 -0.4000,
-138.1988 -79.7918 0.8000,
-138.1988 -79.7918 1.8000,
-137.9982 -80.8136 -0.4000,
-137.9982 -80.8136 0.8000,
-137.9063 -80.1701 -1.9000,
-137.8568 -79.8236 -1.4000,
-137.8568 -79.8236 -0.4000,
-137.8568 -79.8236 0.8000,
-137.8568 -79.8236 1.8000,
-137.7573 -80.8602 -0.4000,
-137.7573 -80.8602 0.8000,
-137.6028 -80.2288 -1.9000,
-137.5221 -80.9301 -0.4000,
-137.5221 -80.9301 0.8000,
-137.5196 -79.8888 -1.4000,
-137.5196 -79.8888 -0.4000,
-137.5196 -79.8888 0.8000,
-137.5196 -79.8888 1.8000,
-137.3065 -80.3169 -1.9000,
-137.2950 -81.0227 -0.4000,
-137.2950 -81.0227 0.8000,
-137.1904 -79.9867 -1.4000,
-137.1904 -79.9867 -0.4000,
-137.1904 -79.9867 0.8000,
-137.1904 -79.9867 1.8000,
-137.0780 -81.1372 -0.4000,
-137.0780 -81.1372 0.8000,
-137.0203 -80.4336 -1.9000,
-136.8919 -80.1085 0.8000,
-136.8919 -80.1085 1.8000,
-136.8732 -81.2724 -0.4000,
-136.8732 -81.2724 0.8000,
-136.8723 -80.1164 -1.4000,
-136.8723 -80.1164 -0.4000,
-136.7468 -80.5779 -1.9000,
-136.6827 -81.4270 -0.4000,
-136.6827 -81.4270 0.8000,
-136.6255 -80.0606 0.8000,
-136.6255 -80.0606 1.8000,
-136.5685 -80.2767 -1.4000,
-136.5685 -80.2767 -0.4000,
-136.5083 -81.5995 -0.4000,
-136.5083 -81.5995 0.8000,
-136.4889 -80.7482 -1.9000,
-136.3516 -81.7883 -0.4000,
-136.3516 -81.7883 0.8000,
-136.2819 -80.4660 -1.4000,
-136.2819 -80.4660 -0.4000,
-136.2489 -80.9430 -1.9000,
-136.2142 -81.9916 -0.4000,
-136.2142 -81.9916 0.8000,
-136.0998 -82.2029 -0.4000,
-136.0998 -82.2029 0.8000,
-136.0974 -82.2073 -0.4000,
-136.0974 -82.2073 0.8000,
-136.0291 -81.1604 -1.9000,
-136.0152 -80.6824 -1.4000,
-136.0152 -80.6824 -0.4000,
-136.0023 -82.4335 -0.4000,
-136.0023 -82.4335 0.8000,
-135.8913 -82.1536 -1.9000,
-135.8317 -81.3983 -1.9000,
-135.7765 -83.0536 -0.4000,
-135.7765 -83.0536 0.8000,
-135.7710 -80.9239 -1.4000,
-135.7710 -80.9239 -0.4000,
-135.6585 -81.6544 -1.9000,
-135.6179 -82.0275 -1.4000,
-135.6179 -82.0275 -0.4000,
-135.6179 -82.0275 0.8000,
-135.6179 -82.0275 1.8000,
-135.5517 -81.1883 -1.4000,
-135.5517 -81.1883 -0.4000,
-135.5296 -81.8380 0.8000,
-135.5296 -81.8380 1.8000,
-135.3593 -81.4728 -1.4000,
-135.3593 -81.4728 -0.4000,
-125.7128 -55.5200 -1.4000,
-125.7128 -55.5200 -0.4000,
-125.7094 -55.1765 -1.4000,
-125.7094 -55.1765 -0.4000,
-125.6724 -54.8350 -1.4000,
-125.6724 -54.8350 -0.4000,
-125.6021 -54.4988 -1.4000,
-125.6021 -54.4988 -0.4000,
-125.4992 -54.1711 -1.4000,
-125.4992 -54.1711 -0.4000,
-125.4960 -54.1637 0.8000,
-125.4960 -54.1637 1.8000,
-125.3646 -53.8551 -1.4000,
-125.3646 -53.8551 -0.4000,
-125.3646 -53.8551 0.8000,
-125.3646 -53.8551 1.8000,
-125.3631 -55.5062 -1.9000,
-125.3600 -55.1971 -1.9000,
-125.3267 -54.8897 -1.9000,
-125.2634 -54.5872 -1.9000,
-125.1997 -53.5538 -1.4000,
-125.1997 -53.5538 -0.4000,
-125.1997 -53.5538 0.8000,
-125.1997 -53.5538 1.8000,
-125.1910 -55.8397 -1.4000,
-125.1910 -55.8397 -0.4000,
-125.1708 -54.2922 -1.9000,
-125.0497 -54.0078 -1.9000,
-125.0061 -53.2701 -1.4000,
-125.0061 -53.2701 -0.4000,
-125.0061 -53.2701 0.8000,
-125.0061 -53.2701 1.8000,
-124.9013 -53.7366 -1.9000,
-124.8934 -55.7940 -1.9000,
-124.7856 -53.0067 -1.4000,
-124.7856 -53.0067 -0.4000,
-124.7856 -53.0067 0.8000,
-124.7856 -53.0067 1.8000,
-124.7270 -53.4813 -1.9000,
-124.7136 -55.4807 -0.4000,
-124.7136 -55.4807 0.8000,
-124.7112 -55.2353 -0.4000,
-124.7112 -55.2353 0.8000,
-124.6924 -55.7200 -0.4000,
-124.6919 -55.7250 -0.4000,
-124.6919 -55.7250 0.8000,
-124.6847 -54.9914 -0.4000,
-124.6847 -54.9914 0.8000,
-124.6464 -55.9661 -0.4000,
-124.6464 -55.9661 0.8000,
-124.6384 -55.9994 0.8000,
-124.6345 -54.7513 -0.4000,
-124.6345 -54.7513 0.8000,
-124.6242 -55.9954 0.8000,
-124.6242 -55.9954 1.8000,
-124.5610 -54.5172 -0.4000,
-124.5610 -54.5172 0.8000,
-124.5404 -52.7662 -1.4000,
-124.5404 -52.7662 -0.4000,
-124.5404 -52.7662 0.8000,
-124.5404 -52.7662 1.8000,
-124.5318 -55.9624 0.8000,
-124.5318 -55.9624 1.8000,
-124.5286 -53.2443 -1.9000,
-124.4924 -56.6079 -0.4000,
-124.4924 -56.6079 0.8000,
-124.4649 -54.2915 -0.4000,
-124.4649 -54.2915 0.8000,
-124.4431 -55.9204 0.8000,
-124.4431 -55.9204 1.8000,
-124.3589 -55.8700 0.8000,
-124.3589 -55.8700 1.8000,
-124.3471 -54.0763 -0.4000,
-124.3471 -54.0763 0.8000,
-124.3079 -53.0279 -1.9000,
-124.2727 -52.5509 -1.4000,
-124.2727 -52.5509 -0.4000,
-124.2727 -52.5509 0.8000,
-124.2727 -52.5509 1.8000,
-124.2088 -53.8736 -0.4000,
-124.2088 -53.8736 0.8000,
-124.0670 -52.8341 -1.9000,
-124.0513 -53.6855 -0.4000,
-124.0513 -53.6855 0.8000,
-123.9853 -52.3629 -1.4000,
-123.9853 -52.3629 -0.4000,
-123.9853 -52.3629 0.8000,
-123.9853 -52.3629 1.8000,
-123.8761 -53.5137 -0.4000,
-123.8761 -53.5137 0.8000,
-123.8198 -55.5106 0.8000,
-123.8198 -55.5106 1.8000,
-123.8083 -52.6649 -1.9000,
-123.6850 -53.3600 -0.4000,
-123.6850 -53.3600 0.8000,
-123.6808 -52.2040 -1.4000,
-123.6808 -52.2040 -0.4000,
-123.6808 -52.2040 0.8000,
-123.6808 -52.2040 1.8000,
-123.5343 -52.5219 -1.9000,
-123.4796 -53.2257 -0.4000,
-123.4796 -53.2257 0.8000,
-123.3622 -52.0757 -1.4000,
-123.3622 -52.0757 -0.4000,
-123.3622 -52.0757 0.8000,
-123.3622 -52.0757 1.8000,
-123.2621 -53.1122 -0.4000,
-123.2621 -53.1122 0.8000,
-123.2475 -52.4064 -1.9000,
-123.0346 -53.0205 -0.4000,
-123.0346 -53.0205 0.8000,
-123.0326 -51.9792 -1.4000,
-123.0326 -51.9792 -0.4000,
-123.0326 -51.9792 0.8000,
-123.0326 -51.9792 1.8000,
-122.9509 -52.3195 -1.9000,
-122.7991 -52.9516 -0.4000,
-122.7991 -52.9516 0.8000,
-122.6951 -51.9155 -1.4000,
-122.6951 -51.9155 -0.4000,
-122.6951 -51.9155 0.8000,
-122.6951 -51.9155 1.8000,
-122.6471 -52.2622 -1.9000,
-122.5580 -52.9061 -0.4000,
-122.5580 -52.9061 0.8000,
-122.4953 -29.7567 -1.4000,
-122.4953 -29.7567 -0.4000,
-122.4953 -29.7567 0.8000,
-122.4953 -29.7567 1.8000,
-122.4953 -10.7057 -1.4000,
-122.4953 -10.7057 -0.4000,
-122.4953 -10.7057 0.8000,
-122.4953 -10.7057 1.8000,
-122.4953 8.3443 -1.4000,
-122.4953 8.3443 -0.4000,
-122.4953 8.3443 0.8000,
-122.4953 8.3443 1.8000,
-122.4118 -29.4235 -1.4000,
-122.4118 -29.4235 -0.4000,
-122.4118 -29.4235 0.8000,
-122.4118 -29.4235 1.8000,
-122.4118 -10.3725 -1.4000,
-122.4118 -10.3725 -0.4000,
-122.4118 -10.3725 0.8000,
-122.4118 -10.3725 1.8000,
-122.4118 8.6775 -1.4000,
-122.4118 8.6775 -0.4000,
-122.4118 8.6775 0.8000,
-122.4118 8.6775 1.8000,
-122.3529 -51.8852 -1.4000,
-122.3529 -51.8852 -0.4000,
-122.3529 -51.8852 0.8000,
-122.3529 -51.8852 1.8000,
-122.3392 -52.2349 -1.9000,
-122.3137 -52.8844 -0.4000,
-122.3137 -52.8844 0.8000,
-122.2961 -29.1001 -1.4000,
-122.2961 -29.1001 -0.4000,
-122.2961 -29.1001 0.8000,
-122.2961 -29.1001 1.8000,
-122.2961 -10.0491 -1.4000,
-122.2961 -10.0491 -0.4000,
-122.2961 -10.0491 0.8000,
-122.2961 -10.0491 1.8000,
-122.2961 9.0009 -1.4000,
-122.2961 9.0009 -0.4000,
-122.2961 9.0009 0.8000,
-122.2961 9.0009 1.8000,
-122.1520 -29.8250 -1.9000,
-122.1520 -10.7740 -1.9000,
-122.1520 8.2760 -1.9000,
-122.1492 -28.7896 -1.4000,
-122.1492 -28.7896 -0.4000,
-122.1492 -28.7896 0.8000,
-122.1492 -28.7896 1.8000,
-122.1492 -9.7386 -1.4000,
-122.1492 -9.7386 -0.4000,
-122.1492 -9.7386 0.8000,
-122.1492 -9.7386 1.8000,
-122.1492 9.3114 -1.4000,
-122.1492 9.3114 -0.4000,
-122.1492 9.3114 0.8000,
-122.1492 9.3114 1.8000,
-122.0769 -29.5251 -1.9000,
-122.0769 -10.4741 -1.9000,
-122.0769 8.5759 -1.9000,
-122.0683 -52.8868 -0.4000,
-122.0683 -52.8868 0.8000,
-122.0625 -30.1895 -1.4000,
-122.0625 -30.1895 -0.4000,
-122.0625 -30.1895 0.8000,
-122.0625 -30.1895 1.8000,
-122.0625 -11.1385 -1.4000,
-122.0625 -11.1385 -0.4000,
-122.0625 -11.1385 0.8000,
-122.0625 -11.1385 1.8000,
-122.0625 7.9115 -1.4000,
-122.0625 7.9115 -0.4000,
-122.0625 7.9115 0.8000,
-122.0625 7.9115 1.8000,
-122.0301 -52.2380 -1.9000,
-122.0095 -51.8886 -1.4000,
-122.0095 -51.8886 -0.4000,
-122.0095 -51.8886 0.8000,
-122.0095 -51.8886 1.8000,
-121.9727 -29.2341 -1.9000,
-121.9727 -10.1831 -1.9000,
-121.9727 8.8669 -1.9000,
-121.9726 -28.4950 -1.4000,
-121.9726 -28.4950 -0.4000,
-121.9726 -28.4950 0.8000,
-121.9726 -28.4950 1.8000,
-121.9726 -9.4440 -1.4000,
-121.9726 -9.4440 -0.4000,
-121.9726 -9.4440 0.8000,
-121.9726 -9.4440 1.8000,
-121.9726 9.6060 -1.4000,
-121.9726 9.6060 -0.4000,
-121.9726 9.6060 0.8000,
-121.9726 9.6060 1.8000,
-121.8405 -28.9546 -1.9000,
-121.8405 -9.9036 -1.9000,
-121.8405 9.1464 -1.9000,
-121.8244 -52.9133 -0.4000,
-121.8244 -52.9133 0.8000,
-121.7680 -28.2191 -1.4000,
-121.7680 -28.2191 -0.4000,
-121.7680 -28.2191 0.8000,
-121.7680 -28.2191 1.8000,
-121.7680 -9.1681 -1.4000,
-121.7680 -9.1681 -0.4000,
-121.7680 -9.1681 0.8000,
-121.7680 -9.1681 1.8000,
-121.7680 9.8819 -1.4000,
-121.7680 9.8819 -0.4000,
-121.7680 9.8819 0.8000,
-121.7680 9.8819 1.8000,
-121.7625 -30.2145 -1.9000,
-121.7625 -11.1635 -1.9000,
-121.7625 7.8865 -1.9000,
-121.7227 -52.2713 -1.9000,
-121.6816 -28.6895 -1.9000,
-121.6816 -9.6385 -1.9000,
-121.6816 9.4115 -1.9000,
-121.6680 -51.9256 -1.4000,
-121.6680 -51.9256 -0.4000,
-121.6680 -51.9256 0.8000,
-121.6680 -51.9256 1.8000,
-121.5843 -52.9635 -0.4000,
-121.5843 -52.9635 0.8000,
-121.5625 -31.0995 -0.4000,
-121.5625 -31.0995 0.8000,
-121.5625 -30.4395 -0.4000,
-121.5625 -30.4395 0.8000,
-121.5625 -12.0485 -0.4000,
-121.5625 -12.0485 0.8000,
-121.5625 -11.3885 -0.4000,
-121.5625 -11.3885 0.8000,
-121.5625 7.0015 -0.4000,
-121.5625 7.0015 0.8000,
-121.5625 7.6615 -0.4000,
-121.5625 7.6615 0.8000,
-121.5505 -30.1945 -0.4000,
-121.5505 -30.1945 0.8000,
-121.5505 -11.1435 -0.4000,
-121.5505 -11.1435 0.8000,
-121.5505 7.9065 -0.4000,
-121.5505 7.9065 0.8000,
-121.5497 -30.1895 -0.4000,
-121.5497 -30.1895 0.8000,
-121.5497 -11.1385 -0.4000,
-121.5497 -11.1385 0.8000,
-121.5497 7.9115 -0.4000,
-121.5497 7.9115 0.8000,
-121.5374 -27.9646 -1.4000,
-121.5374 -27.9646 -0.4000,
-121.5374 -27.9646 0.8000,
-121.5374 -27.9646 1.8000,
-121.5374 -8.9136 -1.4000,
-121.5374 -8.9136 -0.4000,
-121.5374 -8.9136 0.8000,
-121.5374 -8.9136 1.8000,
-121.5374 10.1364 -1.4000,
-121.5374 10.1364 -0.4000,
-121.5374 10.1364 0.8000,
-121.5374 10.1364 1.8000,
-121.5144 -29.9518 -0.4000,
-121.5144 -29.9518 0.8000,
-121.5144 -10.9008 -0.4000,
-121.5144 -10.9008 0.8000,
-121.5144 8.1492 -0.4000,
-121.5144 8.1492 0.8000,
-121.4975 -28.4412 -1.9000,
-121.4975 -9.3902 -1.9000,
-121.4975 9.6598 -1.9000,
-121.4548 -29.7138 -0.4000,
-121.4548 -29.7138 0.8000,
-121.4548 -10.6628 -0.4000,
-121.4548 -10.6628 0.8000,
-121.4548 8.3872 -0.4000,
-121.4548 8.3872 0.8000,
-121.4202 -52.3346 -1.9000,
-121.3722 -29.4828 -0.4000,
-121.3722 -29.4828 0.8000,
-121.3722 -10.4318 -0.4000,
-121.3722 -10.4318 0.8000,
-121.3722 8.6182 -0.4000,
-121.3722 8.6182 0.8000,
-121.3502 -53.0370 -0.4000,
-121.3502 -53.0370 0.8000,
-121.3318 -51.9959 -1.4000,
-121.3318 -51.9959 -0.4000,
-121.3318 -51.9959 0.8000,
-121.3318 -51.9959 1.8000,
-121.2899 -28.2121 -1.9000,
-121.2899 -9.1611 -1.9000,
-121.2899 9.8889 -1.9000,
-121.2829 -27.7340 -1.4000,
-121.2829 -27.7340 -0.4000,
-121.2829 -27.7340 0.8000,
-121.2829 -27.7340 1.8000,
-121.2829 -8.6830 -1.4000,
-121.2829 -8.6830 -0.4000,
-121.2829 -8.6830 0.8000,
-121.2829 -8.6830 1.8000,
-121.2829 10.3670 -1.4000,
-121.2829 10.3670 -0.4000,
-121.2829 10.3670 0.8000,
-121.2829 10.3670 1.8000,
-121.2673 -29.2610 -0.4000,
-121.2673 -29.2610 0.8000,
-121.2673 -10.2100 -0.4000,
-121.2673 -10.2100 0.8000,
-121.2673 8.8400 -0.4000,
-121.2673 8.8400 0.8000,
-121.1412 -29.0506 -0.4000,
-121.1412 -29.0506 0.8000,
-121.1412 -9.9996 -0.4000,
-121.1412 -9.9996 0.8000,
-121.1412 9.0504 -0.4000,
-121.1412 9.0504 0.8000,
-121.1252 -52.4272 -1.9000,
-121.1245 -53.1331 -0.4000,
-121.1245 -53.1331 0.8000,
-121.0608 -28.0045 -1.9000,
-121.0608 -8.9535 -1.9000,
-121.0608 10.0965 -1.9000,
-121.0070 -27.5294 -1.4000,
-121.0070 -27.5294 -0.4000,
-121.0070 -27.5294 0.8000,
-121.0070 -27.5294 1.8000,
-121.0070 -8.4784 -1.4000,
-121.0070 -8.4784 -0.4000,
-121.0070 -8.4784 0.8000,
-121.0070 -8.4784 1.8000,
-121.0070 10.5716 -1.4000,
-121.0070 10.5716 -0.4000,
-121.0070 10.5716 0.8000,
-121.0070 10.5716 1.8000,
-121.0041 -52.0988 -1.4000,
-121.0041 -52.0988 -0.4000,
-121.0041 -52.0988 0.8000,
-121.0041 -52.0988 1.8000,
-120.9950 -28.8535 -0.4000,
-120.9950 -28.8535 0.8000,
-120.9950 -9.8025 -0.4000,
-120.9950 -9.8025 0.8000,
-120.9950 9.2475 -0.4000,
-120.9950 9.2475 0.8000,
-120.9093 -53.2509 -0.4000,
-120.9093 -53.2509 0.8000,
-120.8408 -52.5483 -1.9000,
-120.8303 -28.6717 -0.4000,
-120.8303 -28.6717 0.8000,
-120.8303 -9.6207 -0.4000,
-120.8303 -9.6207 0.8000,
-120.8303 9.4293 -0.4000,
-120.8303 9.4293 0.8000,
-120.8125 -27.8204 -1.9000,
-120.8125 -8.7694 -1.9000,
-120.8125 10.2806 -1.9000,
-120.7124 -27.3528 -1.4000,
-120.7124 -27.3528 -0.4000,
-120.7124 -27.3528 0.8000,
-120.7124 -27.3528 1.8000,
-120.7124 -8.3018 -1.4000,
-120.7124 -8.3018 -0.4000,
-120.7124 -8.3018 0.8000,
-120.7124 -8.3018 1.8000,
-120.7124 10.7482 -1.4000,
-120.7124 10.7482 -0.4000,
-120.7124 10.7482 0.8000,
-120.7124 10.7482 1.8000,
-120.7066 -53.3892 -0.4000,
-120.7066 -53.3892 0.8000,
-120.6881 -52.2334 -1.4000,
-120.6881 -52.2334 -0.4000,
-120.6881 -52.2334 0.8000,
-120.6881 -52.2334 1.8000,
-120.6485 -28.5070 -0.4000,
-120.6485 -28.5070 0.8000,
-120.6485 -9.4560 -0.4000,
-120.6485 -9.4560 0.8000,
-120.6485 9.5940 -0.4000,
-120.6485 9.5940 0.8000,
-120.5696 -52.6967 -1.9000,
-120.5474 -27.6615 -1.9000,
-120.5474 -8.6105 -1.9000,
-120.5474 10.4395 -1.9000,
-120.5185 -53.5467 -0.4000,
-120.5185 -53.5467 0.8000,
-120.4514 -28.3608 -0.4000,
-120.4514 -28.3608 0.8000,
-120.4514 -9.3098 -0.4000,
-120.4514 -9.3098 0.8000,
-120.4514 9.7402 -0.4000,
-120.4514 9.7402 0.8000,
-120.4019 -27.2059 -1.4000,
-120.4019 -27.2059 -0.4000,
-120.4019 -27.2059 0.8000,
-120.4019 -27.2059 1.8000,
-120.4019 -8.1549 -1.4000,
-120.4019 -8.1549 -0.4000,
-120.4019 -8.1549 0.8000,
-120.4019 -8.1549 1.8000,
-120.4019 10.8951 -1.4000,
-120.4019 10.8951 -0.4000,
-120.4019 10.8951 0.8000,
-120.4019 10.8951 1.8000,
-120.3868 -52.3983 -1.4000,
-120.3868 -52.3983 -0.4000,
-120.3868 -52.3983 0.8000,
-120.3868 -52.3983 1.8000,
-120.3467 -53.7219 -0.4000,
-120.3467 -53.7219 0.8000,
-120.3143 -52.8710 -1.9000,
-120.2689 -52.4787 0.8000,
-120.2689 -52.4787 1.8000,
-120.2679 -27.5293 -1.9000,
-120.2679 -8.4783 -1.9000,
-120.2679 10.5717 -1.9000,
-120.2410 -28.2347 -0.4000,
-120.2410 -28.2347 0.8000,
-120.2410 -9.1837 -0.4000,
-120.2410 -9.1837 0.8000,
-120.2410 9.8663 -0.4000,
-120.2410 9.8663 0.8000,
-120.1930 -53.9131 -0.4000,
-120.1930 -53.9131 0.8000,
-120.1031 -52.5919 -1.4000,
-120.1031 -52.5919 -0.4000,
-120.0785 -27.0902 -1.4000,
-120.0785 -27.0902 -0.4000,
-120.0785 -27.0902 0.8000,
-120.0785 -27.0902 1.8000,
-120.0785 -8.0392 -1.4000,
-120.0785 -8.0392 -0.4000,
-120.0785 -8.0392 0.8000,
-120.0785 -8.0392 1.8000,
-120.0785 11.0108 -1.4000,
-120.0785 11.0108 -0.4000,
-120.0785 11.0108 0.8000,
-120.0785 11.0108 1.8000,
-120.0773 -53.0694 -1.9000,
-120.0587 -54.1184 -0.4000,
-120.0587 -54.1184 0.8000,
-120.0192 -28.1298 -0.4000,
-120.0192 -28.1298 0.8000,
-120.0192 -9.0788 -0.4000,
-120.0192 -9.0788 0.8000,
-120.0192 9.9712 -0.4000,
-120.0192 9.9712 0.8000,
-119.9928 -77.2300 -1.4000,
-119.9928 -77.2300 -0.4000,
-119.9894 -76.8865 -1.4000,
-119.9894 -76.8865 -0.4000,
-119.9769 -27.4251 -1.9000,
-119.9769 -8.3741 -1.9000,
-119.9769 10.6759 -1.9000,
-119.9524 -76.5450 -1.4000,
-119.9524 -76.5450 -0.4000,
-119.9452 -54.3359 -0.4000,
-119.9452 -54.3359 0.8000,
-119.8821 -76.2088 -1.4000,
-119.8821 -76.2088 -0.4000,
-119.8609 -53.2901 -1.9000,
-119.8554 -54.5588 -0.4000,
-119.8554 -54.5588 0.8000,
-119.8535 -54.5634 -0.4000,
-119.8535 -54.5634 0.8000,
-119.8397 -52.8124 -1.4000,
-119.8397 -52.8124 -0.4000,
-119.7882 -28.0472 -0.4000,
-119.7882 -28.0472 0.8000,
-119.7882 -8.9961 -0.4000,
-119.7882 -8.9961 0.8000,
-119.7882 10.0538 -0.4000,
-119.7882 10.0538 0.8000,
-119.7846 -54.7989 -0.4000,
-119.7846 -54.7989 0.8000,
-119.7809 -75.6017 0.8000,
-119.7809 -75.6017 1.8000,
-119.7792 -75.8811 -1.4000,
-119.7792 -75.8811 -0.4000,
-119.7453 -27.0068 -1.4000,
-119.7453 -27.0068 -0.4000,
-119.7453 -27.0068 0.8000,
-119.7453 -27.0068 1.8000,
-119.7453 -7.9558 -1.4000,
-119.7453 -7.9558 -0.4000,
-119.7453 -7.9558 0.8000,
-119.7453 -7.9558 1.8000,
-119.7453 11.0942 -1.4000,
-119.7453 11.0942 -0.4000,
-119.7453 11.0942 0.8000,
-119.7453 11.0942 1.8000,
-119.6770 -27.3500 -1.9000,
-119.6770 -8.2990 -1.9000,
-119.6770 10.7510 -1.9000,
-119.6671 -53.5310 -1.9000,
-119.6446 -75.5651 -1.4000,
-119.6446 -75.5651 -0.4000,
-119.6431 -77.2162 -1.9000,
-119.6426 -54.5334 -1.9000,
-119.6400 -76.9071 -1.9000,
-119.6305 -55.4407 -0.4000,
-119.6305 -55.4407 0.8000,
-119.6181 -75.5166 0.8000,
-119.6181 -75.5166 1.8000,
-119.6067 -76.5997 -1.9000,
-119.5992 -53.0576 -1.4000,
-119.5992 -53.0576 -0.4000,
-119.5502 -27.9875 -0.4000,
-119.5502 -27.9875 0.8000,
-119.5502 -8.9365 -0.4000,
-119.5502 -8.9365 0.8000,
-119.5502 10.1135 -0.4000,
-119.5502 10.1135 0.8000,
-119.5434 -76.2972 -1.9000,
-119.4979 -53.7897 -1.9000,
-119.4797 -75.2638 -1.4000,
-119.4797 -75.2638 -0.4000,
-119.4797 -75.2638 0.8000,
-119.4797 -75.2638 1.8000,
-119.4710 -77.5497 -1.4000,
-119.4710 -77.5497 -0.4000,
-119.4508 -76.0022 -1.9000,
-119.4055 -26.9564 -1.4000,
-119.4055 -26.9564 -0.4000,
-119.4055 -26.9564 0.8000,
-119.4055 -26.9564 1.8000,
-119.4055 -7.9054 -1.4000,
-119.4055 -7.9054 -0.4000,
-119.4055 -7.9054 0.8000,
-119.4055 -7.9054 1.8000,
-119.4055 11.1446 -1.4000,
-119.4055 11.1446 -0.4000,
-119.4055 11.1446 0.8000,
-119.4055 11.1446 1.8000,
-119.3840 -53.3253 -1.4000,
-119.3840 -53.3253 -0.4000,
-119.3712 -27.3047 -1.9000,
-119.3712 -8.2537 -1.9000,
-119.3712 10.7963 -1.9000,
-119.3568 -54.4391 -1.4000,
-119.3568 -54.4391 -0.4000,
-119.3568 -54.4391 0.8000,
-119.3568 -54.4391 1.8000,
-119.3548 -54.0638 -1.9000,
-119.3297 -75.7178 -1.9000,
-119.3075 -27.9515 -0.4000,
-119.3075 -27.9515 0.8000,
-119.3075 -8.9005 -0.4000,
-119.3075 -8.9005 0.8000,
-119.3075 10.1495 -0.4000,
-119.3075 10.1495 0.8000,
-119.2861 -74.9801 -1.4000,
-119.2861 -74.9801 -0.4000,
-119.2861 -74.9801 0.8000,
-119.2861 -74.9801 1.8000,
-119.2767 -54.3084 0.8000,
-119.2767 -54.3084 1.8000,
-119.2074 -54.2456 0.8000,
-119.2074 -54.2456 1.8000,
-119.1959 -53.6127 -1.4000,
-119.1959 -53.6127 -0.4000,
-119.1813 -75.4466 -1.9000,
-119.1734 -77.5040 -1.9000,
-119.1242 -77.4954 0.8000,
-119.1242 -77.4954 1.8000,
-119.0656 -74.7167 -1.4000,
-119.0656 -74.7167 -0.4000,
-119.0656 -74.7167 0.8000,
-119.0656 -74.7167 1.8000,
-119.0625 -27.9395 -0.4000,
-119.0625 -27.9395 0.8000,
-119.0625 -27.2895 -1.9000,
-119.0625 -26.9395 -1.4000,
-119.0625 -26.9395 -0.4000,
-119.0625 -26.9395 0.8000,
-119.0625 -26.9395 1.8000,
-119.0625 -8.8885 -0.4000,
-119.0625 -8.8885 0.8000,
-119.0625 -8.2385 -1.9000,
-119.0625 -7.8885 -1.4000,
-119.0625 -7.8885 -0.4000,
-119.0625 -7.8885 0.8000,
-119.0625 -7.8885 1.8000,
-119.0625 10.1615 -0.4000,
-119.0625 10.1615 0.8000,
-119.0625 10.8115 -1.9000,
-119.0625 11.1615 -1.4000,
-119.0625 11.1615 -0.4000,
-119.0625 11.1615 0.8000,
-119.0625 11.1615 1.8000,
-119.0370 -53.9172 -1.4000,
-119.0370 -53.9172 -0.4000,
-119.0318 -77.4624 0.8000,
-119.0318 -77.4624 1.8000,
-119.0071 -75.1913 -1.9000,
-118.9936 -77.1907 -0.4000,
-118.9936 -77.1907 0.8000,
-118.9912 -76.9453 -0.4000,
-118.9912 -76.9453 0.8000,
-118.9724 -77.4300 -0.4000,
-118.9720 -77.4341 0.8000,
-118.9719 -77.4350 -0.4000,
-118.9719 -77.4350 0.8000,
-118.9647 -76.7014 -0.4000,
-118.9647 -76.7014 0.8000,
-118.9542 -77.4257 0.8000,
-118.9542 -77.4257 1.8000,
-118.9264 -77.6761 -0.4000,
-118.9264 -77.6761 0.8000,
-118.9145 -76.4613 -0.4000,
-118.9145 -76.4613 0.8000,
-118.8410 -76.2272 -0.4000,
-118.8410 -76.2272 0.8000,
-118.8204 -74.4762 -1.4000,
-118.8204 -74.4762 -0.4000,
-118.8204 -74.4762 0.8000,
-118.8204 -74.4762 1.8000,
-118.8175 -27.9515 -0.4000,
-118.8175 -27.9515 0.8000,
-118.8175 -8.9005 -0.4000,
-118.8175 -8.9005 0.8000,
-118.8175 10.1495 -0.4000,
-118.8175 10.1495 0.8000,
-118.8086 -74.9543 -1.9000,
-118.7723 -78.3179 -0.4000,
-118.7723 -78.3179 0.8000,
-118.7538 -27.3047 -1.9000,
-118.7538 -8.2537 -1.9000,
-118.7538 10.7963 -1.9000,
-118.7449 -76.0015 -0.4000,
-118.7449 -76.0015 0.8000,
-118.7195 -26.9564 -1.4000,
-118.7195 -26.9564 -0.4000,
-118.7195 -26.9564 0.8000,
-118.7195 -26.9564 1.8000,
-118.7195 -7.9054 -1.4000,
-118.7195 -7.9054 -0.4000,
-118.7195 -7.9054 0.8000,
-118.7195 -7.9054 1.8000,
-118.7195 11.1446 -1.4000,
-118.7195 11.1446 -0.4000,
-118.7195 11.1446 0.8000,
-118.7195 11.1446 1.8000,
-118.6271 -75.7863 -0.4000,
-118.6271 -75.7863 0.8000,
-118.5879 -74.7379 -1.9000,
-118.5748 -27.9875 -0.4000,
-118.5748 -27.9875 0.8000,
-118.5748 -8.9365 -0.4000,
-118.5748 -8.9365 0.8000,
-118.5748 10.1135 -0.4000,
-118.5748 10.1135 0.8000,
-118.5527 -74.2610 -1.4000,
-118.5527 -74.2610 -0.4000,
-118.5527 -74.2610 0.8000,
-118.5527 -74.2610 1.8000,
-118.4888 -75.5836 -0.4000,
-118.4888 -75.5836 0.8000,
-118.4480 -27.3500 -1.9000,
-118.4480 -8.2990 -1.9000,
-118.4480 10.7510 -1.9000,
-118.3797 -27.0068 -1.4000,
-118.3797 -27.0068 -0.4000,
-118.3797 -27.0068 0.8000,
-118.3797 -27.0068 1.8000,
-118.3797 -7.9558 -1.4000,
-118.3797 -7.9558 -0.4000,
-118.3797 -7.9558 0.8000,
-118.3797 -7.9558 1.8000,
-118.3797 11.0942 -1.4000,
-118.3797 11.0942 -0.4000,
-118.3797 11.0942 0.8000,
-118.3797 11.0942 1.8000,
-118.3470 -74.5441 -1.9000,
-118.3368 -28.0472 -0.4000,
-118.3368 -28.0472 0.8000,
-118.3368 -8.9961 -0.4000,
-118.3368 -8.9961 0.8000,
-118.3368 10.0538 -0.4000,
-118.3368 10.0538 0.8000,
-118.3313 -75.3955 -0.4000,
-118.3313 -75.3955 0.8000,
-118.2653 -74.0729 -1.4000,
-118.2653 -74.0729 -0.4000,
-118.2653 -74.0729 0.8000,
-118.2653 -74.0729 1.8000,
-118.1561 -75.2237 -0.4000,
-118.1561 -75.2237 0.8000,
-118.1481 -27.4251 -1.9000,
-118.1481 -8.3741 -1.9000,
-118.1481 10.6759 -1.9000,
-118.1058 -28.1298 -0.4000,
-118.1058 -28.1298 0.8000,
-118.1058 -9.0788 -0.4000,
-118.1058 -9.0788 0.8000,
-118.1058 9.9712 -0.4000,
-118.1058 9.9712 0.8000,
-118.0883 -74.3749 -1.9000,
-118.0465 -27.0902 -1.4000,
-118.0465 -27.0902 -0.4000,
-118.0465 -27.0902 0.8000,
-118.0465 -27.0902 1.8000,
-118.0465 -8.0392 -1.4000,
-118.0465 -8.0392 -0.4000,
-118.0465 -8.0392 0.8000,
-118.0465 -8.0392 1.8000,
-118.0465 11.0108 -1.4000,
-118.0465 11.0108 -0.4000,
-118.0465 11.0108 0.8000,
-118.0465 11.0108 1.8000,
-117.9649 -75.0700 -0.4000,
-117.9649 -75.0700 0.8000,
-117.9608 -73.9140 -1.4000,
-117.9608 -73.9140 -0.4000,
-117.9608 -73.9140 0.8000,
-117.9608 -73.9140 1.8000,
-117.8840 -28.2347 -0.4000,
-117.8840 -28.2347 0.8000,
-117.8840 -9.1837 -0.4000,
-117.8840 -9.1837 0.8000,
-117.8840 9.8663 -0.4000,
-117.8840 9.8663 0.8000,
-117.8571 -27.5293 -1.9000,
-117.8571 -8.4783 -1.9000,
-117.8571 10.5717 -1.9000,
-117.8143 -74.2319 -1.9000,
-117.7596 -74.9357 -0.4000,
-117.7596 -74.9357 0.8000,
-117.7231 -27.2059 -1.4000,
-117.7231 -27.2059 -0.4000,
-117.7231 -27.2059 0.8000,
-117.7231 -27.2059 1.8000,
-117.7231 -8.1549 -1.4000,
-117.7231 -8.1549 -0.4000,
-117.7231 -8.1549 0.8000,
-117.7231 -8.1549 1.8000,
-117.7231 10.8951 -1.4000,
-117.7231 10.8951 -0.4000,
-117.7231 10.8951 0.8000,
-117.7231 10.8951 1.8000,
-117.6736 -28.3608 -0.4000,
-117.6736 -28.3608 0.8000,
-117.6736 -9.3098 -0.4000,
-117.6736 -9.3098 0.8000,
-117.6736 9.7402 -0.4000,
-117.6736 9.7402 0.8000,
-117.6422 -73.7857 -1.4000,
-117.6422 -73.7857 -0.4000,
-117.6422 -73.7857 0.8000,
-117.6422 -73.7857 1.8000,
-117.5776 -27.6615 -1.9000,
-117.5776 -8.6105 -1.9000,
-117.5776 10.4395 -1.9000,
-117.5421 -74.8222 -0.4000,
-117.5421 -74.8222 0.8000,
-117.5275 -74.1164 -1.9000,
-117.4765 -28.5070 -0.4000,
-117.4765 -28.5070 0.8000,
-117.4765 -9.4560 -0.4000,
-117.4765 -9.4560 0.8000,
-117.4765 9.5940 -0.4000,
-117.4765 9.5940 0.8000,
-117.4126 -27.3528 -1.4000,
-117.4126 -27.3528 -0.4000,
-117.4126 -27.3528 0.8000,
-117.4126 -27.3528 1.8000,
-117.4126 -8.3018 -1.4000,
-117.4126 -8.3018 -0.4000,
-117.4126 -8.3018 0.8000,
-117.4126 -8.3018 1.8000,
-117.4126 10.7482 -1.4000,
-117.4126 10.7482 -0.4000,
-117.4126 10.7482 0.8000,
-117.4126 10.7482 1.8000,
-117.3146 -74.7305 -0.4000,
-117.3146 -74.7305 0.8000,
-117.3126 -73.6892 -1.4000,
-117.3126 -73.6892 -0.4000,
-117.3126 -73.6892 0.8000,
-117.3126 -73.6892 1.8000,
-117.3125 -27.8204 -1.9000,
-117.3125 -8.7694 -1.9000,
-117.3125 10.2806 -1.9000,
-117.2947 -28.6717 -0.4000,
-117.2947 -28.6717 0.8000,
-117.2947 -9.6207 -0.4000,
-117.2947 -9.6207 0.8000,
-117.2947 9.4293 -0.4000,
-117.2947 9.4293 0.8000,
-117.2309 -74.0295 -1.9000,
-117.1300 -28.8535 -0.4000,
-117.1300 -28.8535 0.8000,
-117.1300 -9.8025 -0.4000,
-117.1300 -9.8025 0.8000,
-117.1300 9.2475 -0.4000,
-117.1300 9.2475 0.8000,
-117.1180 -27.5294 -1.4000,
-117.1180 -27.5294 -0.4000,
-117.1180 -27.5294 0.8000,
-117.1180 -27.5294 1.8000,
-117.1180 -8.4784 -1.4000,
-117.1180 -8.4784 -0.4000,
-117.1180 -8.4784 0.8000,
-117.1180 -8.4784 1.8000,
-117.1180 10.5716 -1.4000,
-117.1180 10.5716 -0.4000,
-117.1180 10.5716 0.8000,
-117.1180 10.5716 1.8000,
-117.1043 -27.5395 0.8000,
-117.1043 -27.5395 1.8000,
-117.1043 -8.4885 0.8000,
-117.1043 -8.4885 1.8000,
-117.1043 10.5615 0.8000,
-117.1043 10.5615 1.8000,
-117.0791 -74.6616 -0.4000,
-117.0791 -74.6616 0.8000,
-117.0642 -28.0045 -1.9000,
-117.0642 -8.9535 -1.9000,
-117.0642 10.0965 -1.9000,
-116.9838 -29.0506 -0.4000,
-116.9838 -29.0506 0.8000,
-116.9838 -9.9996 -0.4000,
-116.9838 -9.9996 0.8000,
-116.9838 9.0504 -0.4000,
-116.9838 9.0504 0.8000,
-116.9751 -73.6255 -1.4000,
-116.9751 -73.6255 -0.4000,
-116.9751 -73.6255 0.8000,
-116.9751 -73.6255 1.8000,
-116.9271 -73.9722 -1.9000,
-116.8577 -29.2610 -0.4000,
-116.8577 -29.2610 0.8000,
-116.8577 -10.2100 -0.4000,
-116.8577 -10.2100 0.8000,
-116.8577 8.8400 -0.4000,
-116.8577 8.8400 0.8000,
-116.8421 -27.7340 -1.4000,
-116.8421 -27.7340 -0.4000,
-116.8421 -8.6830 -1.4000,
-116.8421 -8.6830 -0.4000,
-116.8421 10.3670 -1.4000,
-116.8421 10.3670 -0.4000,
-116.8380 -74.6161 -0.4000,
-116.8380 -74.6161 0.8000,
-116.8351 -28.2121 -1.9000,
-116.8351 -9.1611 -1.9000,
-116.8351 9.8889 -1.9000,
-116.7528 -29.4828 -0.4000,
-116.7528 -29.4828 0.8000,
-116.7528 -10.4318 -0.4000,
-116.7528 -10.4318 0.8000,
-116.7528 8.6182 -0.4000,
-116.7528 8.6182 0.8000,
-116.6701 -29.7138 -0.4000,
-116.6701 -29.7138 0.8000,
-116.6701 -10.6628 -0.4000,
-116.6701 -10.6628 0.8000,
-116.6701 8.3872 -0.4000,
-116.6701 8.3872 0.8000,
-116.6329 -73.5952 -1.4000,
-116.6329 -73.5952 -0.4000,
-116.6329 -73.5952 0.8000,
-116.6329 -73.5952 1.8000,
-116.6275 -28.4412 -1.9000,
-116.6275 -9.3902 -1.9000,
-116.6275 9.6598 -1.9000,
-116.6192 -73.9449 -1.9000,
-116.6105 -29.9518 -0.4000,
-116.6105 -29.9518 0.8000,
-116.6105 -10.9008 -0.4000,
-116.6105 -10.9008 0.8000,
-116.6105 8.1492 -0.4000,
-116.6105 8.1492 0.8000,
-116.5937 -74.5944 -0.4000,
-116.5937 -74.5944 0.8000,
-116.5876 -27.9646 -1.4000,
-116.5876 -27.9646 -0.4000,
-116.5876 -8.9136 -1.4000,
-116.5876 -8.9136 -0.4000,
-116.5876 10.1364 -1.4000,
-116.5876 10.1364 -0.4000,
-116.5753 -30.1895 -0.4000,
-116.5753 -30.1895 0.8000,
-116.5753 -11.1385 -0.4000,
-116.5753 -11.1385 0.8000,
-116.5753 7.9115 -0.4000,
-116.5753 7.9115 0.8000,
-116.5745 -30.1945 -0.4000,
-116.5745 -30.1945 0.8000,
-116.5745 -11.1435 -0.4000,
-116.5745 -11.1435 0.8000,
-116.5745 7.9065 -0.4000,
-116.5745 7.9065 0.8000,
-116.5625 -31.0995 -0.4000,
-116.5625 -31.0995 0.8000,
-116.5625 -30.4395 -0.4000,
-116.5625 -30.4395 0.8000,
-116.5625 -12.0485 -0.4000,
-116.5625 -12.0485 0.8000,
-116.5625 -11.3885 -0.4000,
-116.5625 -11.3885 0.8000,
-116.5625 7.0015 -0.4000,
-116.5625 7.0015 0.8000,
-116.5625 7.6615 -0.4000,
-116.5625 7.6615 0.8000,
-116.4434 -28.6895 -1.9000,
-116.4434 -9.6385 -1.9000,
-116.4434 9.4115 -1.9000,
-116.3625 -30.2145 -1.9000,
-116.3625 -11.1635 -1.9000,
-116.3625 7.8865 -1.9000,
-116.3570 -28.2191 -1.4000,
-116.3570 -28.2191 -0.4000,
-116.3570 -9.1681 -1.4000,
-116.3570 -9.1681 -0.4000,
-116.3570 9.8819 -1.4000,
-116.3570 9.8819 -0.4000,
-116.3483 -74.5968 -0.4000,
-116.3483 -74.5968 0.8000,
-116.3101 -73.9480 -1.9000,
-116.2895 -73.5986 -1.4000,
-116.2895 -73.5986 -0.4000,
-116.2895 -73.5986 0.8000,
-116.2895 -73.5986 1.8000,
-116.2845 -28.9546 -1.9000,
-116.2845 -9.9036 -1.9000,
-116.2845 9.1464 -1.9000,
-116.1524 -28.4950 -1.4000,
-116.1524 -28.4950 -0.4000,
-116.1524 -9.4440 -1.4000,
-116.1524 -9.4440 -0.4000,
-116.1524 9.6060 -1.4000,
-116.1524 9.6060 -0.4000,
-116.1523 -29.2341 -1.9000,
-116.1523 -10.1831 -1.9000,
-116.1523 8.8669 -1.9000,
-116.1216 -48.3314 0.8000,
-116.1216 -48.3314 1.8000,
-116.1044 -74.6233 -0.4000,
-116.1044 -74.6233 0.8000,
-116.0625 -30.1895 -1.4000,
-116.0625 -30.1895 -0.4000,
-116.0625 -30.1895 0.8000,
-116.0625 -30.1895 1.8000,
-116.0625 -11.1385 -1.4000,
-116.0625 -11.1385 -0.4000,
-116.0625 -11.1385 0.8000,
-116.0625 -11.1385 1.8000,
-116.0625 7.9115 -1.4000,
-116.0625 7.9115 -0.4000,
-116.0625 7.9115 0.8000,
-116.0625 7.9115 1.8000,
-116.0489 -48.2655 0.8000,
-116.0489 -48.2655 1.8000,
-116.0481 -29.5251 -1.9000,
-116.0481 -10.4741 -1.9000,
-116.0481 8.5759 -1.9000,
-116.0027 -73.9813 -1.9000,
-115.9758 -28.7896 -1.4000,
-115.9758 -28.7896 -0.4000,
-115.9758 -9.7386 -1.4000,
-115.9758 -9.7386 -0.4000,
-115.9758 9.3114 -1.4000,
-115.9758 9.3114 -0.4000,
-115.9730 -29.8250 -1.9000,
-115.9730 -10.7740 -1.9000,
-115.9730 8.2760 -1.9000,
-115.9701 -48.2070 0.8000,
-115.9701 -48.2070 1.8000,
-115.9480 -73.6356 -1.4000,
-115.9480 -73.6356 -0.4000,
-115.9480 -73.6356 0.8000,
-115.9480 -73.6356 1.8000,
-115.8859 -48.1566 0.8000,
-115.8859 -48.1566 1.8000,
-115.8643 -74.6735 -0.4000,
-115.8643 -74.6735 0.8000,
-115.8289 -29.1001 -1.4000,
-115.8289 -29.1001 -0.4000,
-115.8289 -10.0491 -1.4000,
-115.8289 -10.0491 -0.4000,
-115.8289 9.0009 -1.4000,
-115.8289 9.0009 -0.4000,
-115.7972 -48.1146 0.8000,
-115.7972 -48.1146 1.8000,
-115.7132 -29.4235 -1.4000,
-115.7132 -29.4235 -0.4000,
-115.7132 -10.3725 -1.4000,
-115.7132 -10.3725 -0.4000,
-115.7132 8.6775 -1.4000,
-115.7132 8.6775 -0.4000,
-115.7048 -48.0816 0.8000,
-115.7048 -48.0816 1.8000,
-115.7002 -74.0446 -1.9000,
-115.6842 -29.5395 0.8000,
-115.6842 -29.5395 1.8000,
-115.6842 -10.4885 0.8000,
-115.6842 -10.4885 1.8000,
-115.6842 8.5615 0.8000,
-115.6842 8.5615 1.8000,
-115.6302 -74.7470 -0.4000,
-115.6302 -74.7470 0.8000,
-115.6297 -29.7567 -1.4000,
-115.6297 -29.7567 -0.4000,
-115.6297 -29.7567 0.8000,
-115.6297 -29.7567 1.8000,
-115.6297 -10.7057 -1.4000,
-115.6297 -10.7057 -0.4000,
-115.6297 -10.7057 0.8000,
-115.6297 -10.7057 1.8000,
-115.6297 8.3443 -1.4000,
-115.6297 8.3443 -0.4000,
-115.6297 8.3443 0.8000,
-115.6297 8.3443 1.8000,
-115.6118 -73.7059 -1.4000,
-115.6118 -73.7059 -0.4000,
-115.6118 -73.7059 0.8000,
-115.6118 -73.7059 1.8000,
-115.6096 -48.0577 0.8000,
-115.6096 -48.0577 1.8000,
-115.5125 -48.0433 0.8000,
-115.5125 -48.0433 1.8000,
-115.4145 -48.0385 0.8000,
-115.4145 -48.0385 1.8000,
-115.4052 -74.1372 -1.9000,
-115.4045 -74.8431 -0.4000,
-115.4045 -74.8431 0.8000,
-115.2841 -73.8088 -1.4000,
-115.2841 -73.8088 -0.4000,
-115.2841 -73.8088 0.8000,
-115.2841 -73.8088 1.8000,
-115.1893 -74.9609 -0.4000,
-115.1893 -74.9609 0.8000,
-115.1208 -74.2583 -1.9000,
-114.9866 -75.0992 -0.4000,
-114.9866 -75.0992 0.8000,
-114.9837 -50.0219 0.8000,
-114.9837 -50.0219 1.8000,
-114.9681 -73.9434 -1.4000,
-114.9681 -73.9434 -0.4000,
-114.9681 -73.9434 0.8000,
-114.9681 -73.9434 1.8000,
-114.8496 -74.4067 -1.9000,
-114.7985 -75.2567 -0.4000,
-114.7985 -75.2567 0.8000,
-114.7500 -74.0627 0.8000,
-114.7500 -74.0627 1.8000,
-114.6668 -74.1083 -1.4000,
-114.6668 -74.1083 -0.4000,
-114.6267 -75.4319 -0.4000,
-114.6267 -75.4319 0.8000,
-114.5943 -74.5809 -1.9000,
-114.5125 -74.0433 0.8000,
-114.5125 -74.0433 1.8000,
-114.4730 -75.6230 -0.4000,
-114.4730 -75.6230 0.8000,
-114.3831 -74.3019 -1.4000,
-114.3831 -74.3019 -0.4000,
-114.3573 -74.7794 -1.9000,
-114.3387 -75.8284 -0.4000,
-114.3387 -75.8284 0.8000,
-114.2252 -76.0459 -0.4000,
-114.2252 -76.0459 0.8000,
-114.1409 -75.0001 -1.9000,
-114.1354 -76.2688 -0.4000,
-114.1354 -76.2688 0.8000,
-114.1335 -76.2734 -0.4000,
-114.1335 -76.2734 0.8000,
-114.1197 -74.5224 -1.4000,
-114.1197 -74.5224 -0.4000,
-114.0646 -76.5089 -0.4000,
-114.0646 -76.5089 0.8000,
-113.9471 -75.2410 -1.9000,
-113.9226 -76.2434 -1.9000,
-113.9105 -77.1506 -0.4000,
-113.9105 -77.1506 0.8000,
-113.8792 -74.7676 -1.4000,
-113.8792 -74.7676 -0.4000,
-113.7779 -75.4997 -1.9000,
-113.6640 -75.0353 -1.4000,
-113.6640 -75.0353 -0.4000,
-113.6368 -76.1491 -1.4000,
-113.6368 -76.1491 -0.4000,
-113.6368 -76.1491 0.8000,
-113.6368 -76.1491 1.8000,
-113.6348 -75.7738 -1.9000,
-113.5002 -75.9263 0.8000,
-113.5002 -75.9263 1.8000,
-113.4759 -75.3227 -1.4000,
-113.4759 -75.3227 -0.4000,
-113.3170 -75.6272 -1.4000,
-113.3170 -75.6272 -0.4000,
-110.8375 -21.7135 0.8000,
-110.8375 -21.7135 1.8000,
-110.8375 -16.3135 0.8000,
-110.8375 -16.3135 1.8000,
-110.5375 -47.5885 0.8000,
-110.5375 -47.5885 1.8000,
-110.5375 -29.5395 0.8000,
-110.5375 -29.5395 1.8000,
-110.5375 -27.5395 0.8000,
-110.5375 -27.5395 1.8000,
-110.5375 -21.7135 0.8000,
-110.5375 -21.7135 1.8000,
-110.5375 -16.3135 0.8000,
-110.5375 -16.3135 1.8000,
-110.5375 -10.4885 0.8000,
-110.5375 -10.4885 1.8000,
-110.5375 -8.4885 0.8000,
-110.5375 -8.4885 1.8000,
-110.5375 8.5615 0.8000,
-110.5375 8.5615 1.8000,
-110.5327 -47.6865 0.8000,
-110.5327 -47.6865 1.8000,
-110.5183 -47.7836 0.8000,
-110.5183 -47.7836 1.8000,
-110.5017 -47.8495 0.8000,
-110.5017 -47.8495 1.8000,
-110.0264 -20.5710 1.6500,
-110.0264 -20.5710 1.8000,
-110.0264 -20.3906 1.6500,
-110.0264 -20.3906 1.8000,
-110.0264 -19.4398 1.6500,
-110.0264 -19.4398 1.8000,
-110.0264 -19.2594 1.6500,
-110.0264 -19.2594 1.8000,
-110.0264 -17.5094 1.6500,
-110.0264 -17.5094 1.8000,
-110.0264 -17.3093 1.6500,
-110.0264 -17.3093 1.8000,
-109.8711 -20.1512 1.6500,
-109.8711 -20.1512 1.8000,
-109.8711 -19.0200 1.6500,
-109.8711 -19.0200 1.8000,
-109.8643 -20.3804 1.6500,
-109.8643 -20.3804 1.8000,
-109.8643 -19.2492 1.6500,
-109.8643 -19.2492 1.8000,
-109.8189 -18.8577 1.6500,
-109.8189 -18.8577 1.8000,
-109.8185 -18.8718 1.6500,
-109.8185 -18.8718 1.8000,
-109.8183 -18.8404 1.6500,
-109.8183 -18.8404 1.8000,
-109.8173 -18.8847 1.6500,
-109.8173 -18.8847 1.8000,
-109.8165 -18.8243 1.6500,
-109.8165 -18.8243 1.8000,
-109.8152 -18.8965 1.6500,
-109.8152 -18.8965 1.8000,
-109.8134 -18.8094 1.6500,
-109.8134 -18.8094 1.8000,
-109.8124 -18.9072 1.6500,
-109.8124 -18.9072 1.8000,
-109.8091 -18.7957 1.6500,
-109.8091 -18.7957 1.8000,
-109.8087 -18.9167 1.6500,
-109.8087 -18.9167 1.8000,
-109.8047 -18.6705 1.6500,
-109.8047 -18.6705 1.8000,
-109.8047 -18.4888 1.6500,
-109.8047 -18.4888 1.8000,
-109.8036 -18.7831 1.6500,
-109.8036 -18.7831 1.8000,
-109.7978 -18.6714 1.6500,
-109.7978 -18.6714 1.8000,
-109.7969 -18.7715 1.6500,
-109.7969 -18.7715 1.8000,
-109.7918 -18.4896 1.6500,
-109.7918 -18.4896 1.8000,
-109.7888 -18.7606 1.6500,
-109.7888 -18.7606 1.8000,
-109.7869 -18.6724 1.6500,
-109.7869 -18.6724 1.8000,
-109.7795 -18.7503 1.6500,
-109.7795 -18.7503 1.8000,
-109.7782 -18.4904 1.6500,
-109.7782 -18.4904 1.8000,
-109.7721 -18.6735 1.6500,
-109.7721 -18.6735 1.8000,
-109.7688 -18.7406 1.6500,
-109.7688 -18.7406 1.8000,
-109.7639 -18.4911 1.6500,
-109.7639 -18.4911 1.8000,
-109.7568 -18.7316 1.6500,
-109.7568 -18.7316 1.8000,
-109.7532 -18.6747 1.6500,
-109.7532 -18.6747 1.8000,
-109.7489 -18.4918 1.6500,
-109.7489 -18.4918 1.8000,
-109.7424 -18.7227 1.6500,
-109.7424 -18.7227 1.8000,
-109.7331 -18.4925 1.6500,
-109.7331 -18.4925 1.8000,
-109.7304 -18.6760 1.6500,
-109.7304 -18.6760 1.8000,
-109.7243 -18.7133 1.6500,
-109.7243 -18.7133 1.8000,
-109.7212 -20.1512 1.6500,
-109.7212 -20.1512 1.8000,
-109.7212 -19.0200 1.6500,
-109.7212 -19.0200 1.8000,
-109.7162 -18.4931 1.6500,
-109.7162 -18.4931 1.8000,
-109.7073 -18.6772 1.6500,
-109.7073 -18.6772 1.8000,
-109.7025 -18.7034 1.6500,
-109.7025 -18.7034 1.8000,
-109.6976 -18.4936 1.6500,
-109.6976 -18.4936 1.8000,
-109.6874 -18.6781 1.6500,
-109.6874 -18.6781 1.8000,
-109.6775 -18.4940 1.6500,
-109.6775 -18.4940 1.8000,
-109.6771 -18.6930 1.6500,
-109.6771 -18.6930 1.8000,
-109.6710 -18.6788 1.6500,
-109.6710 -18.6788 1.8000,
-109.6595 -18.8353 1.6500,
-109.6595 -18.8353 1.8000,
-109.6591 -18.8499 1.6500,
-109.6591 -18.8499 1.8000,
-109.6579 -18.8653 1.6500,
-109.6579 -18.8653 1.8000,
-109.6578 -18.6792 1.6500,
-109.6578 -18.6792 1.8000,
-109.6572 -18.8081 1.6500,
-109.6572 -18.8081 1.8000,
-109.6559 -18.8816 1.6500,
-109.6559 -18.8816 1.8000,
-109.6558 -18.4942 1.6500,
-109.6558 -18.4942 1.8000,
-109.6530 -18.8987 1.6500,
-109.6530 -18.8987 1.8000,
-109.6503 -18.7834 1.6500,
-109.6503 -18.7834 1.8000,
-109.6494 -18.9167 1.6500,
-109.6494 -18.9167 1.8000,
-109.6480 -18.6821 1.6500,
-109.6480 -18.6821 1.8000,
-109.6480 -18.6794 1.6500,
-109.6480 -18.6794 1.8000,
-109.6388 -18.7612 1.6500,
-109.6388 -18.7612 1.8000,
-109.6324 -18.4942 1.6500,
-109.6324 -18.4942 1.8000,
-109.6226 -18.7416 1.6500,
-109.6226 -18.7416 1.8000,
-109.6019 -18.7245 1.6500,
-109.6019 -18.7245 1.8000,
-109.5766 -18.7102 1.6500,
-109.5766 -18.7102 1.8000,
-109.5469 -18.6991 1.6500,
-109.5469 -18.6991 1.8000,
-109.5127 -18.6911 1.6500,
-109.5127 -18.6911 1.8000,
-109.4741 -18.6864 1.6500,
-109.4741 -18.6864 1.8000,
-109.4310 -18.6848 1.6500,
-109.4310 -18.6848 1.8000,
-109.2778 -19.9696 1.6500,
-109.2778 -19.9696 1.8000,
-109.2778 -19.7737 1.6500,
-109.2778 -19.7737 1.8000,
-109.2256 -18.0220 1.6500,
-109.2256 -18.0220 1.8000,
-109.2256 -17.5094 1.6500,
-109.2256 -17.5094 1.8000,
-109.2127 -20.7900 1.6500,
-109.2127 -20.7900 1.8000,
-109.2127 -20.5710 1.6500,
-109.2127 -20.5710 1.8000,
-109.2127 -20.3804 1.6500,
-109.2127 -20.3804 1.8000,
-109.2127 -20.1437 1.6500,
-109.2127 -20.1437 1.8000,
-109.2127 -19.6588 1.6500,
-109.2127 -19.6588 1.8000,
-109.2127 -19.4398 1.6500,
-109.2127 -19.4398 1.8000,
-109.2127 -19.2492 1.6500,
-109.2127 -19.2492 1.8000,
-109.2127 -19.0126 1.6500,
-109.2127 -19.0126 1.8000,
-109.0709 -20.7900 1.6500,
-109.0709 -20.7900 1.8000,
-109.0709 -20.1437 1.6500,
-109.0709 -20.1437 1.8000,
-109.0709 -19.9696 1.6500,
-109.0709 -19.9696 1.8000,
-109.0709 -19.7737 1.6500,
-109.0709 -19.7737 1.8000,
-109.0709 -19.6588 1.6500,
-109.0709 -19.6588 1.8000,
-109.0709 -19.0126 1.6500,
-109.0709 -19.0126 1.8000,
-109.0709 -18.6848 1.6500,
-109.0709 -18.6848 1.8000,
-109.0709 -18.4942 1.6500,
-109.0709 -18.4942 1.8000,
-109.0709 -18.0220 1.6500,
-109.0709 -18.0220 1.8000,
-109.0709 -17.3093 1.6500,
-109.0709 -17.3093 1.8000,
-108.5375 -46.5885 0.8000,
-108.5375 -46.5885 1.8000,
-108.5375 -29.5395 0.8000,
-108.5375 -29.5395 1.8000,
-108.5375 -27.5395 0.8000,
-108.5375 -27.5395 1.8000,
-108.5375 -21.7135 0.8000,
-108.5375 -21.7135 1.8000,
-108.5375 -16.3135 0.8000,
-108.5375 -16.3135 1.8000,
-108.5375 -10.4885 0.8000,
-108.5375 -10.4885 1.8000,
-108.5375 -8.4885 0.8000,
-108.5375 -8.4885 1.8000,
-108.5375 8.5615 0.8000,
-108.5375 8.5615 1.8000,
-108.2375 -21.7135 0.8000,
-108.2375 -21.7135 1.8000,
-108.2375 -16.3135 0.8000,
-108.2375 -16.3135 1.8000,
-103.4453 -48.8057 -1.4000,
-103.4453 -48.8057 -0.4000,
-103.4453 -29.7567 -1.4000,
-103.4453 -29.7567 -0.4000,
-103.4453 -29.7567 0.8000,
-103.4453 -29.7567 1.8000,
-103.4453 -10.7057 -1.4000,
-103.4453 -10.7057 -0.4000,
-103.4453 -10.7057 0.8000,
-103.4453 -10.7057 1.8000,
-103.4453 8.3443 -1.4000,
-103.4453 8.3443 -0.4000,
-103.4453 8.3443 0.8000,
-103.4453 8.3443 1.8000,
-103.3908 -29.5395 0.8000,
-103.3908 -29.5395 1.8000,
-103.3908 -10.4885 0.8000,
-103.3908 -10.4885 1.8000,
-103.3908 8.5615 0.8000,
-103.3908 8.5615 1.8000,
-103.3618 -48.4725 -1.4000,
-103.3618 -48.4725 -0.4000,
-103.3618 -29.4235 -1.4000,
-103.3618 -29.4235 -0.4000,
-103.3618 -10.3725 -1.4000,
-103.3618 -10.3725 -0.4000,
-103.3618 8.6775 -1.4000,
-103.3618 8.6775 -0.4000,
-103.2461 -48.1491 -1.4000,
-103.2461 -48.1491 -0.4000,
-103.2461 -29.1001 -1.4000,
-103.2461 -29.1001 -0.4000,
-103.2461 -10.0491 -1.4000,
-103.2461 -10.0491 -0.4000,
-103.2461 9.0009 -1.4000,
-103.2461 9.0009 -0.4000,
-103.1020 -48.8740 -1.9000,
-103.1020 -29.8250 -1.9000,
-103.1020 -10.7740 -1.9000,
-103.1020 8.2760 -1.9000,
-103.0992 -47.8386 -1.4000,
-103.0992 -47.8386 -0.4000,
-103.0992 -28.7896 -1.4000,
-103.0992 -28.7896 -0.4000,
-103.0992 -9.7386 -1.4000,
-103.0992 -9.7386 -0.4000,
-103.0992 9.3114 -1.4000,
-103.0992 9.3114 -0.4000,
-103.0269 -48.5741 -1.9000,
-103.0269 -29.5251 -1.9000,
-103.0269 -10.4741 -1.9000,
-103.0269 8.5759 -1.9000,
-103.0125 -49.2385 -1.4000,
-103.0125 -49.2385 -0.4000,
-103.0125 -30.1895 -1.4000,
-103.0125 -30.1895 -0.4000,
-103.0125 -30.1895 0.8000,
-103.0125 -30.1895 1.8000,
-103.0125 -11.1385 -1.4000,
-103.0125 -11.1385 -0.4000,
-103.0125 -11.1385 0.8000,
-103.0125 -11.1385 1.8000,
-103.0125 7.9115 -1.4000,
-103.0125 7.9115 -0.4000,
-103.0125 7.9115 0.8000,
-103.0125 7.9115 1.8000,
-102.9227 -48.2830 -1.9000,
-102.9227 -29.2341 -1.9000,
-102.9227 -10.1831 -1.9000,
-102.9227 8.8669 -1.9000,
-102.9226 -47.5440 -1.4000,
-102.9226 -47.5440 -0.4000,
-102.9226 -28.4950 -1.4000,
-102.9226 -28.4950 -0.4000,
-102.9226 -9.4440 -1.4000,
-102.9226 -9.4440 -0.4000,
-102.9226 9.6060 -1.4000,
-102.9226 9.6060 -0.4000,
-102.7905 -48.0036 -1.9000,
-102.7905 -28.9546 -1.9000,
-102.7905 -9.9036 -1.9000,
-102.7905 9.1464 -1.9000,
-102.7180 -47.2681 -1.4000,
-102.7180 -47.2681 -0.4000,
-102.7180 -28.2191 -1.4000,
-102.7180 -28.2191 -0.4000,
-102.7180 -9.1681 -1.4000,
-102.7180 -9.1681 -0.4000,
-102.7180 9.8819 -1.4000,
-102.7180 9.8819 -0.4000,
-102.7125 -49.2635 -1.9000,
-102.7125 -30.2145 -1.9000,
-102.7125 -11.1635 -1.9000,
-102.7125 7.8865 -1.9000,
-102.6316 -47.7385 -1.9000,
-102.6316 -28.6895 -1.9000,
-102.6316 -9.6385 -1.9000,
-102.6316 9.4115 -1.9000,
-102.5125 -50.1485 -0.4000,
-102.5125 -50.1485 0.8000,
-102.5125 -49.5423 0.8000,
-102.5125 -49.4885 -0.4000,
-102.5125 -49.4885 0.8000,
-102.5125 -31.0995 -0.4000,
-102.5125 -31.0995 0.8000,
-102.5125 -30.4395 -0.4000,
-102.5125 -30.4395 0.8000,
-102.5125 -12.0485 -0.4000,
-102.5125 -12.0485 0.8000,
-102.5125 -11.3885 -0.4000,
-102.5125 -11.3885 0.8000,
-102.5125 7.0015 -0.4000,
-102.5125 7.0015 0.8000,
-102.5125 7.6615 -0.4000,
-102.5125 7.6615 0.8000,
-102.5005 -49.2435 -0.4000,
-102.5005 -49.2435 0.8000,
-102.5005 -30.1945 -0.4000,
-102.5005 -30.1945 0.8000,
-102.5005 -11.1435 -0.4000,
-102.5005 -11.1435 0.8000,
-102.5005 7.9065 -0.4000,
-102.5005 7.9065 0.8000,
-102.4997 -49.2385 -0.4000,
-102.4997 -30.1895 -0.4000,
-102.4997 -30.1895 0.8000,
-102.4997 -11.1385 -0.4000,
-102.4997 -11.1385 0.8000,
-102.4997 7.9115 -0.4000,
-102.4997 7.9115 0.8000,
-102.4874 -47.0136 -1.4000,
-102.4874 -47.0136 -0.4000,
-102.4874 -27.9646 -1.4000,
-102.4874 -27.9646 -0.4000,
-102.4874 -8.9136 -1.4000,
-102.4874 -8.9136 -0.4000,
-102.4874 10.1364 -1.4000,
-102.4874 10.1364 -0.4000,
-102.4644 -49.0008 -0.4000,
-102.4644 -49.0008 0.8000,
-102.4644 -29.9518 -0.4000,
-102.4644 -29.9518 0.8000,
-102.4644 -10.9008 -0.4000,
-102.4644 -10.9008 0.8000,
-102.4644 8.1492 -0.4000,
-102.4644 8.1492 0.8000,
-102.4475 -47.4902 -1.9000,
-102.4475 -28.4412 -1.9000,
-102.4475 -9.3902 -1.9000,
-102.4475 9.6598 -1.9000,
-102.4145 -49.5385 0.8000,
-102.4145 -49.5385 1.8000,
-102.4048 -48.7628 -0.4000,
-102.4048 -48.7628 0.8000,
-102.4048 -29.7138 -0.4000,
-102.4048 -29.7138 0.8000,
-102.4048 -10.6628 -0.4000,
-102.4048 -10.6628 0.8000,
-102.4048 8.3872 -0.4000,
-102.4048 8.3872 0.8000,
-102.3222 -48.5318 -0.4000,
-102.3222 -48.5318 0.8000,
-102.3222 -29.4828 -0.4000,
-102.3222 -29.4828 0.8000,
-102.3222 -10.4318 -0.4000,
-102.3222 -10.4318 0.8000,
-102.3222 8.6182 -0.4000,
-102.3222 8.6182 0.8000,
-102.3165 -49.5337 0.8000,
-102.3165 -49.5337 1.8000,
-102.2399 -47.2611 -1.9000,
-102.2399 -28.2121 -1.9000,
-102.2399 -9.1611 -1.9000,
-102.2399 9.8889 -1.9000,
-102.2329 -46.7830 -1.4000,
-102.2329 -46.7830 -0.4000,
-102.2329 -27.7340 -1.4000,
-102.2329 -27.7340 -0.4000,
-102.2329 -8.6830 -1.4000,
-102.2329 -8.6830 -0.4000,
-102.2329 10.3670 -1.4000,
-102.2329 10.3670 -0.4000,
-102.2194 -49.5193 0.8000,
-102.2194 -49.5193 1.8000,
-102.2173 -48.3100 -0.4000,
-102.2173 -48.3100 0.8000,
-102.2173 -29.2610 -0.4000,
-102.2173 -29.2610 0.8000,
-102.2173 -10.2100 -0.4000,
-102.2173 -10.2100 0.8000,
-102.2173 8.8400 -0.4000,
-102.2173 8.8400 0.8000,
-102.1242 -49.4954 0.8000,
-102.1242 -49.4954 1.8000,
-102.0912 -48.0996 -0.4000,
-102.0912 -48.0996 0.8000,
-102.0912 -29.0506 -0.4000,
-102.0912 -29.0506 0.8000,
-102.0912 -9.9996 -0.4000,
-102.0912 -9.9996 0.8000,
-102.0912 9.0504 -0.4000,
-102.0912 9.0504 0.8000,
-102.0318 -49.4624 0.8000,
-102.0318 -49.4624 1.8000,
-102.0108 -47.0535 -1.9000,
-102.0108 -28.0045 -1.9000,
-102.0108 -8.9535 -1.9000,
-102.0108 10.0965 -1.9000,
-101.9707 -46.5885 0.8000,
-101.9707 -46.5885 1.8000,
-101.9707 -27.5395 0.8000,
-101.9707 -27.5395 1.8000,
-101.9707 -8.4885 0.8000,
-101.9707 -8.4885 1.8000,
-101.9707 10.5615 0.8000,
-101.9707 10.5615 1.8000,
-101.9570 -46.5784 -1.4000,
-101.9570 -46.5784 -0.4000,
-101.9570 -46.5784 0.8000,
-101.9570 -46.5784 1.8000,
-101.9570 -27.5294 -1.4000,
-101.9570 -27.5294 -0.4000,
-101.9570 -27.5294 0.8000,
-101.9570 -27.5294 1.8000,
-101.9570 -8.4784 -1.4000,
-101.9570 -8.4784 -0.4000,
-101.9570 -8.4784 0.8000,
-101.9570 -8.4784 1.8000,
-101.9570 10.5716 -1.4000,
-101.9570 10.5716 -0.4000,
-101.9570 10.5716 0.8000,
-101.9570 10.5716 1.8000,
-101.9450 -47.9025 -0.4000,
-101.9450 -47.9025 0.8000,
-101.9450 -28.8535 -0.4000,
-101.9450 -28.8535 0.8000,
-101.9450 -9.8025 -0.4000,
-101.9450 -9.8025 0.8000,
-101.9450 9.2475 -0.4000,
-101.9450 9.2475 0.8000,
-101.7803 -47.7207 -0.4000,
-101.7803 -47.7207 0.8000,
-101.7803 -28.6717 -0.4000,
-101.7803 -28.6717 0.8000,
-101.7803 -9.6207 -0.4000,
-101.7803 -9.6207 0.8000,
-101.7803 9.4293 -0.4000,
-101.7803 9.4293 0.8000,
-101.7625 -46.8694 -1.9000,
-101.7625 -27.8204 -1.9000,
-101.7625 -8.7694 -1.9000,
-101.7625 10.2806 -1.9000,
-101.6624 -46.4018 -1.4000,
-101.6624 -46.4018 -0.4000,
-101.6624 -46.4018 0.8000,
-101.6624 -46.4018 1.8000,
-101.6624 -27.3528 -1.4000,
-101.6624 -27.3528 -0.4000,
-101.6624 -27.3528 0.8000,
-101.6624 -27.3528 1.8000,
-101.6624 -8.3018 -1.4000,
-101.6624 -8.3018 -0.4000,
-101.6624 -8.3018 0.8000,
-101.6624 -8.3018 1.8000,
-101.6624 10.7482 -1.4000,
-101.6624 10.7482 -0.4000,
-101.6624 10.7482 0.8000,
-101.6624 10.7482 1.8000,
-101.5985 -47.5560 -0.4000,
-101.5985 -47.5560 0.8000,
-101.5985 -28.5070 -0.4000,
-101.5985 -28.5070 0.8000,
-101.5985 -9.4560 -0.4000,
-101.5985 -9.4560 0.8000,
-101.5985 9.5940 -0.4000,
-101.5985 9.5940 0.8000,
-101.4974 -46.7105 -1.9000,
-101.4974 -27.6615 -1.9000,
-101.4974 -8.6105 -1.9000,
-101.4974 10.4395 -1.9000,
-101.4658 -49.2385 0.8000,
-101.4658 -49.2385 1.8000,
-101.4014 -47.4098 -0.4000,
-101.4014 -47.4098 0.8000,
-101.4014 -28.3608 -0.4000,
-101.4014 -28.3608 0.8000,
-101.4014 -9.3098 -0.4000,
-101.4014 -9.3098 0.8000,
-101.4014 9.7402 -0.4000,
-101.4014 9.7402 0.8000,
-101.3519 -46.2549 -1.4000,
-101.3519 -46.2549 -0.4000,
-101.3519 -46.2549 0.8000,
-101.3519 -46.2549 1.8000,
-101.3519 -27.2059 -1.4000,
-101.3519 -27.2059 -0.4000,
-101.3519 -27.2059 0.8000,
-101.3519 -27.2059 1.8000,
-101.3519 -8.1549 -1.4000,
-101.3519 -8.1549 -0.4000,
-101.3519 -8.1549 0.8000,
-101.3519 -8.1549 1.8000,
-101.3519 10.8951 -1.4000,
-101.3519 10.8951 -0.4000,
-101.3519 10.8951 0.8000,
-101.3519 10.8951 1.8000,
-101.2179 -46.5783 -1.9000,
-101.2179 -27.5293 -1.9000,
-101.2179 -8.4783 -1.9000,
-101.2179 10.5717 -1.9000,
-101.1910 -47.2837 -0.4000,
-101.1910 -47.2837 0.8000,
-101.1910 -28.2347 -0.4000,
-101.1910 -28.2347 0.8000,
-101.1910 -9.1837 -0.4000,
-101.1910 -9.1837 0.8000,
-101.1910 9.8663 -0.4000,
-101.1910 9.8663 0.8000,
-101.0285 -46.1392 -1.4000,
-101.0285 -46.1392 -0.4000,
-101.0285 -46.1392 0.8000,
-101.0285 -46.1392 1.8000,
-101.0285 -27.0902 -1.4000,
-101.0285 -27.0902 -0.4000,
-101.0285 -27.0902 0.8000,
-101.0285 -27.0902 1.8000,
-101.0285 -8.0392 -1.4000,
-101.0285 -8.0392 -0.4000,
-101.0285 -8.0392 0.8000,
-101.0285 -8.0392 1.8000,
-101.0285 11.0108 -1.4000,
-101.0285 11.0108 -0.4000,
-101.0285 11.0108 0.8000,
-101.0285 11.0108 1.8000,
-100.9692 -47.1788 -0.4000,
-100.9692 -47.1788 0.8000,
-100.9692 -28.1298 -0.4000,
-100.9692 -28.1298 0.8000,
-100.9692 -9.0788 -0.4000,
-100.9692 -9.0788 0.8000,
-100.9692 9.9712 -0.4000,
-100.9692 9.9712 0.8000,
-100.9269 -46.4741 -1.9000,
-100.9269 -27.4251 -1.9000,
-100.9269 -8.3741 -1.9000,
-100.9269 10.6759 -1.9000,
-100.7382 -47.0962 -0.4000,
-100.7382 -47.0962 0.8000,
-100.7382 -28.0472 -0.4000,
-100.7382 -28.0472 0.8000,
-100.7382 -8.9961 -0.4000,
-100.7382 -8.9961 0.8000,
-100.7382 10.0538 -0.4000,
-100.7382 10.0538 0.8000,
-100.6953 -46.0558 -1.4000,
-100.6953 -46.0558 -0.4000,
-100.6953 -46.0558 0.8000,
-100.6953 -46.0558 1.8000,
-100.6953 -27.0068 -1.4000,
-100.6953 -27.0068 -0.4000,
-100.6953 -27.0068 0.8000,
-100.6953 -27.0068 1.8000,
-100.6953 -7.9558 -1.4000,
-100.6953 -7.9558 -0.4000,
-100.6953 -7.9558 0.8000,
-100.6953 -7.9558 1.8000,
-100.6953 11.0942 -1.4000,
-100.6953 11.0942 -0.4000,
-100.6953 11.0942 0.8000,
-100.6953 11.0942 1.8000,
-100.6270 -46.3990 -1.9000,
-100.6270 -27.3500 -1.9000,
-100.6270 -8.2990 -1.9000,
-100.6270 10.7510 -1.9000,
-100.5002 -47.0366 -0.4000,
-100.5002 -47.0366 0.8000,
-100.5002 -27.9875 -0.4000,
-100.5002 -27.9875 0.8000,
-100.5002 -8.9365 -0.4000,
-100.5002 -8.9365 0.8000,
-100.5002 10.1135 -0.4000,
-100.5002 10.1135 0.8000,
-100.3555 -46.0054 -1.4000,
-100.3555 -46.0054 -0.4000,
-100.3555 -46.0054 0.8000,
-100.3555 -46.0054 1.8000,
-100.3555 -26.9564 -1.4000,
-100.3555 -26.9564 -0.4000,
-100.3555 -26.9564 0.8000,
-100.3555 -26.9564 1.8000,
-100.3555 -7.9054 -1.4000,
-100.3555 -7.9054 -0.4000,
-100.3555 -7.9054 0.8000,
-100.3555 -7.9054 1.8000,
-100.3555 11.1446 -1.4000,
-100.3555 11.1446 -0.4000,
-100.3555 11.1446 0.8000,
-100.3555 11.1446 1.8000,
-100.3212 -46.3537 -1.9000,
-100.3212 -27.3047 -1.9000,
-100.3212 -8.2537 -1.9000,
-100.3212 10.7963 -1.9000,
-100.2575 -47.0005 -0.4000,
-100.2575 -47.0005 0.8000,
-100.2575 -27.9515 -0.4000,
-100.2575 -27.9515 0.8000,
-100.2575 -8.9005 -0.4000,
-100.2575 -8.9005 0.8000,
-100.2575 10.1495 -0.4000,
-100.2575 10.1495 0.8000,
-100.0125 -46.9885 -0.4000,
-100.0125 -46.9885 0.8000,
-100.0125 -46.3385 -1.9000,
-100.0125 -45.9885 -1.4000,
-100.0125 -45.9885 -0.4000,
-100.0125 -45.9885 0.8000,
-100.0125 -45.9885 1.8000,
-100.0125 -27.9395 -0.4000,
-100.0125 -27.9395 0.8000,
-100.0125 -27.2895 -1.9000,
-100.0125 -26.9395 -1.4000,
-100.0125 -26.9395 -0.4000,
-100.0125 -26.9395 0.8000,
-100.0125 -26.9395 1.8000,
-100.0125 -8.8885 -0.4000,
-100.0125 -8.8885 0.8000,
-100.0125 -8.2385 -1.9000,
-100.0125 -7.8885 -1.4000,
-100.0125 -7.8885 -0.4000,
-100.0125 -7.8885 0.8000,
-100.0125 -7.8885 1.8000,
-100.0125 10.1615 -0.4000,
-100.0125 10.1615 0.8000,
-100.0125 10.8115 -1.9000,
-100.0125 11.1615 -1.4000,
-100.0125 11.1615 -0.4000,
-100.0125 11.1615 0.8000,
-100.0125 11.1615 1.8000,
-99.7675 -47.0005 -0.4000,
-99.7675 -47.0005 0.8000,
-99.7675 -27.9515 -0.4000,
-99.7675 -27.9515 0.8000,
-99.7675 -8.9005 -0.4000,
-99.7675 -8.9005 0.8000,
-99.7675 10.1495 -0.4000,
-99.7675 10.1495 0.8000,
-99.7038 -46.3537 -1.9000,
-99.7038 -27.3047 -1.9000,
-99.7038 -8.2537 -1.9000,
-99.7038 10.7963 -1.9000,
-99.6695 -46.0054 -1.4000,
-99.6695 -46.0054 -0.4000,
-99.6695 -46.0054 0.8000,
-99.6695 -46.0054 1.8000,
-99.6695 -26.9564 -1.4000,
-99.6695 -26.9564 -0.4000,
-99.6695 -26.9564 0.8000,
-99.6695 -26.9564 1.8000,
-99.6695 -7.9054 -1.4000,
-99.6695 -7.9054 -0.4000,
-99.6695 -7.9054 0.8000,
-99.6695 -7.9054 1.8000,
-99.6695 11.1446 -1.4000,
-99.6695 11.1446 -0.4000,
-99.6695 11.1446 0.8000,
-99.6695 11.1446 1.8000,
-99.5248 -47.0366 -0.4000,
-99.5248 -47.0366 0.8000,
-99.5248 -27.9875 -0.4000,
-99.5248 -27.9875 0.8000,
-99.5248 -8.9365 -0.4000,
-99.5248 -8.9365 0.8000,
-99.5248 10.1135 -0.4000,
-99.5248 10.1135 0.8000,
-99.3980 -46.3990 -1.9000,
-99.3980 -27.3500 -1.9000,
-99.3980 -8.2990 -1.9000,
-99.3980 10.7510 -1.9000,
-99.3297 -46.0558 -1.4000,
-99.3297 -46.0558 -0.4000,
-99.3297 -46.0558 0.8000,
-99.3297 -46.0558 1.8000,
-99.3297 -27.0068 -1.4000,
-99.3297 -27.0068 -0.4000,
-99.3297 -27.0068 0.8000,
-99.3297 -27.0068 1.8000,
-99.3297 -7.9558 -1.4000,
-99.3297 -7.9558 -0.4000,
-99.3297 -7.9558 0.8000,
-99.3297 -7.9558 1.8000,
-99.3297 11.0942 -1.4000,
-99.3297 11.0942 -0.4000,
-99.3297 11.0942 0.8000,
-99.3297 11.0942 1.8000,
-99.2868 -47.0962 -0.4000,
-99.2868 -47.0962 0.8000,
-99.2868 -28.0472 -0.4000,
-99.2868 -28.0472 0.8000,
-99.2868 -8.9961 -0.4000,
-99.2868 -8.9961 0.8000,
-99.2868 10.0538 -0.4000,
-99.2868 10.0538 0.8000,
-99.0981 -46.4741 -1.9000,
-99.0981 -27.4251 -1.9000,
-99.0981 -8.3741 -1.9000,
-99.0981 10.6759 -1.9000,
-99.0558 -47.1788 -0.4000,
-99.0558 -47.1788 0.8000,
-99.0558 -28.1298 -0.4000,
-99.0558 -28.1298 0.8000,
-99.0558 -9.0788 -0.4000,
-99.0558 -9.0788 0.8000,
-99.0558 9.9712 -0.4000,
-99.0558 9.9712 0.8000,
-98.9965 -46.1392 -1.4000,
-98.9965 -46.1392 -0.4000,
-98.9965 -46.1392 0.8000,
-98.9965 -46.1392 1.8000,
-98.9965 -27.0902 -1.4000,
-98.9965 -27.0902 -0.4000,
-98.9965 -27.0902 0.8000,
-98.9965 -27.0902 1.8000,
-98.9965 -8.0392 -1.4000,
-98.9965 -8.0392 -0.4000,
-98.9965 -8.0392 0.8000,
-98.9965 -8.0392 1.8000,
-98.9965 11.0108 -1.4000,
-98.9965 11.0108 -0.4000,
-98.9965 11.0108 0.8000,
-98.9965 11.0108 1.8000,
-98.8340 -47.2837 -0.4000,
-98.8340 -47.2837 0.8000,
-98.8340 -28.2347 -0.4000,
-98.8340 -28.2347 0.8000,
-98.8340 -9.1837 -0.4000,
-98.8340 -9.1837 0.8000,
-98.8340 9.8663 -0.4000,
-98.8340 9.8663 0.8000,
-98.8071 -46.5783 -1.9000,
-98.8071 -27.5293 -1.9000,
-98.8071 -8.4783 -1.9000,
-98.8071 10.5717 -1.9000,
-98.6731 -46.2549 -1.4000,
-98.6731 -46.2549 -0.4000,
-98.6731 -46.2549 0.8000,
-98.6731 -46.2549 1.8000,
-98.6731 -27.2059 -1.4000,
-98.6731 -27.2059 -0.4000,
-98.6731 -27.2059 0.8000,
-98.6731 -27.2059 1.8000,
-98.6731 -8.1549 -1.4000,
-98.6731 -8.1549 -0.4000,
-98.6731 -8.1549 0.8000,
-98.6731 -8.1549 1.8000,
-98.6731 10.8951 -1.4000,
-98.6731 10.8951 -0.4000,
-98.6731 10.8951 0.8000,
-98.6731 10.8951 1.8000,
-98.6236 -47.4098 -0.4000,
-98.6236 -47.4098 0.8000,
-98.6236 -28.3608 -0.4000,
-98.6236 -28.3608 0.8000,
-98.6236 -9.3098 -0.4000,
-98.6236 -9.3098 0.8000,
-98.6236 9.7402 -0.4000,
-98.6236 9.7402 0.8000,
-98.5276 -46.7105 -1.9000,
-98.5276 -27.6615 -1.9000,
-98.5276 -8.6105 -1.9000,
-98.5276 10.4395 -1.9000,
-98.4265 -47.5560 -0.4000,
-98.4265 -47.5560 0.8000,
-98.4265 -28.5070 -0.4000,
-98.4265 -28.5070 0.8000,
-98.4265 -9.4560 -0.4000,
-98.4265 -9.4560 0.8000,
-98.4265 9.5940 -0.4000,
-98.4265 9.5940 0.8000,
-98.4094 -49.2385 0.8000,
-98.4094 -49.2385 1.8000,
-98.3626 -46.4018 -1.4000,
-98.3626 -46.4018 -0.4000,
-98.3626 -46.4018 0.8000,
-98.3626 -46.4018 1.8000,
-98.3626 -27.3528 -1.4000,
-98.3626 -27.3528 -0.4000,
-98.3626 -27.3528 0.8000,
-98.3626 -27.3528 1.8000,
-98.3626 -8.3018 -1.4000,
-98.3626 -8.3018 -0.4000,
-98.3626 -8.3018 0.8000,
-98.3626 -8.3018 1.8000,
-98.3626 10.7482 -1.4000,
-98.3626 10.7482 -0.4000,
-98.3626 10.7482 0.8000,
-98.3626 10.7482 1.8000,
-98.2625 -46.8694 -1.9000,
-98.2625 -27.8204 -1.9000,
-98.2625 -8.7694 -1.9000,
-98.2625 10.2806 -1.9000,
-98.2447 -47.7207 -0.4000,
-98.2447 -47.7207 0.8000,
-98.2447 -28.6717 -0.4000,
-98.2447 -28.6717 0.8000,
-98.2447 -9.6207 -0.4000,
-98.2447 -9.6207 0.8000,
-98.2447 9.4293 -0.4000,
-98.2447 9.4293 0.8000,
-98.0800 -47.9025 -0.4000,
-98.0800 -47.9025 0.8000,
-98.0800 -28.8535 -0.4000,
-98.0800 -28.8535 0.8000,
-98.0800 -9.8025 -0.4000,
-98.0800 -9.8025 0.8000,
-98.0800 9.2475 -0.4000,
-98.0800 9.2475 0.8000,
-98.0680 -46.5784 -1.4000,
-98.0680 -46.5784 -0.4000,
-98.0680 -46.5784 0.8000,
-98.0680 -46.5784 1.8000,
-98.0680 -27.5294 -1.4000,
-98.0680 -27.5294 -0.4000,
-98.0680 -27.5294 0.8000,
-98.0680 -27.5294 1.8000,
-98.0680 -8.4784 -1.4000,
-98.0680 -8.4784 -0.4000,
-98.0680 -8.4784 0.8000,
-98.0680 -8.4784 1.8000,
-98.0680 10.5716 -1.4000,
-98.0680 10.5716 -0.4000,
-98.0680 10.5716 0.8000,
-98.0680 10.5716 1.8000,
-98.0543 -46.5885 0.8000,
-98.0543 -46.5885 1.8000,
-98.0543 -27.5395 0.8000,
-98.0543 -27.5395 1.8000,
-98.0543 -8.4885 0.8000,
-98.0543 -8.4885 1.8000,
-98.0543 10.5615 0.8000,
-98.0543 10.5615 1.8000,
-98.0142 -47.0535 -1.9000,
-98.0142 -28.0045 -1.9000,
-98.0142 -8.9535 -1.9000,
-98.0142 10.0965 -1.9000,
-97.9338 -48.0996 -0.4000,
-97.9338 -48.0996 0.8000,
-97.9338 -29.0506 -0.4000,
-97.9338 -29.0506 0.8000,
-97.9338 -9.9996 -0.4000,
-97.9338 -9.9996 0.8000,
-97.9338 9.0504 -0.4000,
-97.9338 9.0504 0.8000,
-97.8077 -48.3100 -0.4000,
-97.8077 -48.3100 0.8000,
-97.8077 -29.2610 -0.4000,
-97.8077 -29.2610 0.8000,
-97.8077 -10.2100 -0.4000,
-97.8077 -10.2100 0.8000,
-97.8077 8.8400 -0.4000,
-97.8077 8.8400 0.8000,
-97.7972 -49.4624 0.8000,
-97.7972 -49.4624 1.8000,
-97.7921 -46.7830 -1.4000,
-97.7921 -46.7830 -0.4000,
-97.7921 -27.7340 -1.4000,
-97.7921 -27.7340 -0.4000,
-97.7921 -8.6830 -1.4000,
-97.7921 -8.6830 -0.4000,
-97.7921 10.3670 -1.4000,
-97.7921 10.3670 -0.4000,
-97.7851 -47.2611 -1.9000,
-97.7851 -28.2121 -1.9000,
-97.7851 -9.1611 -1.9000,
-97.7851 9.8889 -1.9000,
-97.7048 -49.4954 0.8000,
-97.7048 -49.4954 1.8000,
-97.7028 -48.5318 -0.4000,
-97.7028 -48.5318 0.8000,
-97.7028 -29.4828 -0.4000,
-97.7028 -29.4828 0.8000,
-97.7028 -10.4318 -0.4000,
-97.7028 -10.4318 0.8000,
-97.7028 8.6182 -0.4000,
-97.7028 8.6182 0.8000,
-97.6202 -48.7628 -0.4000,
-97.6202 -48.7628 0.8000,
-97.6202 -29.7138 -0.4000,
-97.6202 -29.7138 0.8000,
-97.6202 -10.6628 -0.4000,
-97.6202 -10.6628 0.8000,
-97.6202 8.3872 -0.4000,
-97.6202 8.3872 0.8000,
-97.6096 -49.5193 0.8000,
-97.6096 -49.5193 1.8000,
-97.5775 -47.4902 -1.9000,
-97.5775 -28.4412 -1.9000,
-97.5775 -9.3902 -1.9000,
-97.5775 9.6598 -1.9000,
-97.5605 -49.0008 -0.4000,
-97.5605 -49.0008 0.8000,
-97.5605 -29.9518 -0.4000,
-97.5605 -29.9518 0.8000,
-97.5605 -10.9008 -0.4000,
-97.5605 -10.9008 0.8000,
-97.5605 8.1492 -0.4000,
-97.5605 8.1492 0.8000,
-97.5376 -47.0136 -1.4000,
-97.5376 -47.0136 -0.4000,
-97.5376 -27.9646 -1.4000,
-97.5376 -27.9646 -0.4000,
-97.5376 -8.9136 -1.4000,
-97.5376 -8.9136 -0.4000,
-97.5376 10.1364 -1.4000,
-97.5376 10.1364 -0.4000,
-97.5253 -49.2385 -0.4000,
-97.5253 -30.1895 -0.4000,
-97.5253 -30.1895 0.8000,
-97.5253 -11.1385 -0.4000,
-97.5253 -11.1385 0.8000,
-97.5253 7.9115 -0.4000,
-97.5253 7.9115 0.8000,
-97.5245 -49.2435 -0.4000,
-97.5245 -49.2435 0.8000,
-97.5245 -30.1945 -0.4000,
-97.5245 -30.1945 0.8000,
-97.5245 -11.1435 -0.4000,
-97.5245 -11.1435 0.8000,
-97.5245 7.9065 -0.4000,
-97.5245 7.9065 0.8000,
-97.5125 -50.1485 -0.4000,
-97.5125 -50.1485 0.8000,
-97.5125 -49.5337 0.8000,
-97.5125 -49.5337 1.8000,
-97.5125 -49.4885 -0.4000,
-97.5125 -49.4885 0.8000,
-97.5125 -31.0995 -0.4000,
-97.5125 -31.0995 0.8000,
-97.5125 -30.4395 -0.4000,
-97.5125 -30.4395 0.8000,
-97.5125 -12.0485 -0.4000,
-97.5125 -12.0485 0.8000,
-97.5125 -11.3885 -0.4000,
-97.5125 -11.3885 0.8000,
-97.5125 7.0015 -0.4000,
-97.5125 7.0015 0.8000,
-97.5125 7.6615 -0.4000,
-97.5125 7.6615 0.8000,
-97.4145 -49.5385 0.8000,
-97.4145 -49.5385 1.8000,
-97.3934 -47.7385 -1.9000,
-97.3934 -28.6895 -1.9000,
-97.3934 -9.6385 -1.9000,
-97.3934 9.4115 -1.9000,
-97.3125 -49.2635 -1.9000,
-97.3125 -30.2145 -1.9000,
-97.3125 -11.1635 -1.9000,
-97.3125 7.8865 -1.9000,
-97.3070 -47.2681 -1.4000,
-97.3070 -47.2681 -0.4000,
-97.3070 -28.2191 -1.4000,
-97.3070 -28.2191 -0.4000,
-97.3070 -9.1681 -1.4000,
-97.3070 -9.1681 -0.4000,
-97.3070 9.8819 -1.4000,
-97.3070 9.8819 -0.4000,
-97.2345 -48.0036 -1.9000,
-97.2345 -28.9546 -1.9000,
-97.2345 -9.9036 -1.9000,
-97.2345 9.1464 -1.9000,
-97.1024 -47.5440 -1.4000,
-97.1024 -47.5440 -0.4000,
-97.1024 -28.4950 -1.4000,
-97.1024 -28.4950 -0.4000,
-97.1024 -9.4440 -1.4000,
-97.1024 -9.4440 -0.4000,
-97.1024 9.6060 -1.4000,
-97.1024 9.6060 -0.4000,
-97.1023 -48.2830 -1.9000,
-97.1023 -29.2341 -1.9000,
-97.1023 -10.1831 -1.9000,
-97.1023 8.8669 -1.9000,
-97.0125 -49.2385 -1.4000,
-97.0125 -49.2385 -0.4000,
-97.0125 -30.1895 -1.4000,
-97.0125 -30.1895 -0.4000,
-97.0125 -30.1895 0.8000,
-97.0125 -30.1895 1.8000,
-97.0125 -11.1385 -1.4000,
-97.0125 -11.1385 -0.4000,
-97.0125 -11.1385 0.8000,
-97.0125 -11.1385 1.8000,
-97.0125 7.9115 -1.4000,
-97.0125 7.9115 -0.4000,
-97.0125 7.9115 0.8000,
-97.0125 7.9115 1.8000,
-96.9981 -48.5741 -1.9000,
-96.9981 -29.5251 -1.9000,
-96.9981 -10.4741 -1.9000,
-96.9981 8.5759 -1.9000,
-96.9258 -47.8386 -1.4000,
-96.9258 -47.8386 -0.4000,
-96.9258 -28.7896 -1.4000,
-96.9258 -28.7896 -0.4000,
-96.9258 -9.7386 -1.4000,
-96.9258 -9.7386 -0.4000,
-96.9258 9.3114 -1.4000,
-96.9258 9.3114 -0.4000,
-96.9230 -48.8740 -1.9000,
-96.9230 -29.8250 -1.9000,
-96.9230 -10.7740 -1.9000,
-96.9230 8.2760 -1.9000,
-96.7789 -48.1491 -1.4000,
-96.7789 -48.1491 -0.4000,
-96.7789 -29.1001 -1.4000,
-96.7789 -29.1001 -0.4000,
-96.7789 -10.0491 -1.4000,
-96.7789 -10.0491 -0.4000,
-96.7789 9.0009 -1.4000,
-96.7789 9.0009 -0.4000,
-96.6632 -48.4725 -1.4000,
-96.6632 -48.4725 -0.4000,
-96.6632 -29.4235 -1.4000,
-96.6632 -29.4235 -0.4000,
-96.6632 -10.3725 -1.4000,
-96.6632 -10.3725 -0.4000,
-96.6632 8.6775 -1.4000,
-96.6632 8.6775 -0.4000,
-96.6342 -29.5395 0.8000,
-96.6342 -29.5395 1.8000,
-96.6342 -10.4885 0.8000,
-96.6342 -10.4885 1.8000,
-96.6342 8.5615 0.8000,
-96.6342 8.5615 1.8000,
-96.5797 -48.8057 -1.4000,
-96.5797 -48.8057 -0.4000,
-96.5797 -29.7567 -1.4000,
-96.5797 -29.7567 -0.4000,
-96.5797 -29.7567 0.8000,
-96.5797 -29.7567 1.8000,
-96.5797 -10.7057 -1.4000,
-96.5797 -10.7057 -0.4000,
-96.5797 -10.7057 0.8000,
-96.5797 -10.7057 1.8000,
-96.5797 8.3443 -1.4000,
-96.5797 8.3443 -0.4000,
-96.5797 8.3443 0.8000,
-96.5797 8.3443 1.8000,
-96.4087 -73.0055 -1.4000,
-96.4087 -73.0055 -0.4000,
-96.3546 -72.6663 -1.4000,
-96.3546 -72.6663 -0.4000,
-96.2675 -72.3340 -1.4000,
-96.2675 -72.3340 -0.4000,
-96.1483 -72.0119 -1.4000,
-96.1483 -72.0119 -0.4000,
-96.0608 -73.0436 -1.9000,
-96.0121 -72.7383 -1.9000,
-95.9980 -71.7030 -1.4000,
-95.9980 -71.7030 -0.4000,
-95.9399 -73.3989 -1.4000,
-95.9399 -73.3989 -0.4000,
-95.9340 -71.5988 0.8000,
-95.9340 -71.5988 1.8000,
-95.9337 -72.4393 -1.9000,
-95.8264 -72.1494 -1.9000,
-95.8183 -71.4104 -1.4000,
-95.8183 -71.4104 -0.4000,
-95.8183 -71.4104 0.8000,
-95.8183 -71.4104 1.8000,
-95.6912 -71.8714 -1.9000,
-95.6388 -73.3977 -1.9000,
-95.6106 -71.1367 -1.4000,
-95.6106 -71.1367 -0.4000,
-95.6106 -71.1367 0.8000,
-95.6106 -71.1367 1.8000,
-95.5294 -71.6080 -1.9000,
-95.4294 -73.3592 -0.4000,
-95.4294 -73.3592 0.8000,
-95.4290 -73.3542 -0.4000,
-95.4222 -73.5476 0.8000,
-95.4200 -73.6044 -0.4000,
-95.4200 -73.6044 0.8000,
-95.4146 -73.1143 -0.4000,
-95.4146 -73.1143 0.8000,
-95.3772 -70.8848 -1.4000,
-95.3772 -70.8848 -0.4000,
-95.3772 -70.8848 0.8000,
-95.3772 -70.8848 1.8000,
-95.3760 -72.8721 -0.4000,
-95.3760 -72.8721 0.8000,
-95.3625 -74.2619 -0.4000,
-95.3625 -74.2619 0.8000,
-95.3425 -71.3617 -1.9000,
-95.3165 -73.5337 0.8000,
-95.3165 -73.5337 1.8000,
-95.3138 -72.6347 -0.4000,
-95.3138 -72.6347 0.8000,
-95.2286 -72.4047 -0.4000,
-95.2286 -72.4047 0.8000,
-95.2194 -73.5193 0.8000,
-95.2194 -73.5193 1.8000,
-95.1324 -71.1349 -1.9000,
-95.1242 -73.4954 0.8000,
-95.1242 -73.4954 1.8000,
-95.1213 -72.1840 -0.4000,
-95.1213 -72.1840 0.8000,
-95.1202 -70.6569 -1.4000,
-95.1202 -70.6569 -0.4000,
-95.1202 -70.6569 0.8000,
-95.1202 -70.6569 1.8000,
-95.0318 -73.4624 0.8000,
-95.0318 -73.4624 1.8000,
-94.9929 -71.9750 -0.4000,
-94.9929 -71.9750 0.8000,
-94.9012 -70.9299 -1.9000,
-94.8446 -71.7795 -0.4000,
-94.8446 -71.7795 0.8000,
-94.8421 -70.4553 -1.4000,
-94.8421 -70.4553 -0.4000,
-94.8421 -70.4553 0.8000,
-94.8421 -70.4553 1.8000,
-94.6779 -71.5996 -0.4000,
-94.6779 -71.5996 0.8000,
-94.6509 -70.7484 -1.9000,
-94.6383 -73.2850 0.8000,
-94.6383 -73.2850 1.8000,
-94.5456 -70.2820 -1.4000,
-94.5456 -70.2820 -0.4000,
-94.5456 -70.2820 0.8000,
-94.5456 -70.2820 1.8000,
-94.4943 -71.4368 -0.4000,
-94.4943 -71.4368 0.8000,
-94.3840 -70.5924 -1.9000,
-94.2957 -71.2928 -0.4000,
-94.2957 -71.2928 0.8000,
-94.2335 -70.1385 -1.4000,
-94.2335 -70.1385 -0.4000,
-94.2335 -70.1385 0.8000,
-94.2335 -70.1385 1.8000,
-94.1031 -70.4633 -1.9000,
-94.0839 -71.1690 -0.4000,
-94.0839 -71.1690 0.8000,
-93.9089 -70.0263 -1.4000,
-93.9089 -70.0263 -0.4000,
-93.9089 -70.0263 0.8000,
-93.9089 -70.0263 1.8000,
-93.8610 -71.0665 -0.4000,
-93.8610 -71.0665 0.8000,
-93.8110 -70.3624 -1.9000,
-93.6291 -70.9864 -0.4000,
-93.6291 -70.9864 0.8000,
-93.5748 -69.9465 -1.4000,
-93.5748 -69.9465 -0.4000,
-93.5748 -69.9465 0.8000,
-93.5748 -69.9465 1.8000,
-93.5103 -70.2905 -1.9000,
-93.3904 -70.9294 -0.4000,
-93.3904 -70.9294 0.8000,
-93.2345 -69.8998 -1.4000,
-93.2345 -69.8998 -0.4000,
-93.2345 -69.8998 0.8000,
-93.2345 -69.8998 1.8000,
-93.2040 -70.2485 -1.9000,
-93.1818 -69.8978 0.8000,
-93.1818 -69.8978 1.8000,
-93.1474 -70.8960 -0.4000,
-93.1474 -70.8960 0.8000,
-93.1216 -69.8314 0.8000,
-93.1216 -69.8314 1.8000,
-92.9022 -70.8867 -0.4000,
-92.9022 -70.8867 0.8000,
-92.8951 -70.2367 -1.9000,
-92.8913 -69.8867 -1.4000,
-92.8913 -69.8867 -0.4000,
-92.6573 -70.9014 -0.4000,
-92.6573 -70.9014 0.8000,
-92.5866 -70.2552 -1.9000,
-92.5485 -69.9073 -1.4000,
-92.5485 -69.9073 -0.4000,
-92.5321 -49.5385 0.8000,
-92.5321 -49.5385 1.8000,
-92.4151 -70.9400 -0.4000,
-92.4151 -70.9400 0.8000,
-92.2813 -70.3039 -1.9000,
-92.2093 -69.9614 -1.4000,
-92.2093 -69.9614 -0.4000,
-92.1777 -71.0022 -0.4000,
-92.1777 -71.0022 0.8000,
-91.9823 -70.3823 -1.9000,
-91.9477 -71.0874 -0.4000,
-91.9477 -71.0874 0.8000,
-91.9023 -68.6121 0.8000,
-91.9023 -68.6121 1.8000,
-91.8770 -70.0485 -1.4000,
-91.8770 -70.0485 -0.4000,
-91.7270 -71.1947 -0.4000,
-91.7270 -71.1947 0.8000,
-91.6924 -70.4896 -1.9000,
-91.5549 -70.1677 -1.4000,
-91.5549 -70.1677 -0.4000,
-91.5180 -71.3231 -0.4000,
-91.5180 -71.3231 0.8000,
-91.4875 -46.5885 0.8000,
-91.4875 -46.5885 1.8000,
-91.4875 -29.5395 0.8000,
-91.4875 -29.5395 1.8000,
-91.4875 -27.5395 0.8000,
-91.4875 -27.5395 1.8000,
-91.4875 -26.1575 0.8000,
-91.4875 -26.1575 1.8000,
-91.4875 -8.4885 0.8000,
-91.4875 -8.4885 1.8000,
-91.4875 -7.1075 0.8000,
-91.4875 -7.1075 1.8000,
-91.4875 10.5615 0.8000,
-91.4875 10.5615 1.8000,
-91.4875 11.9425 0.8000,
-91.4875 11.9425 1.8000,
-91.4827 -26.0595 0.8000,
-91.4827 -26.0595 1.8000,
-91.4827 -7.0095 0.8000,
-91.4827 -7.0095 1.8000,
-91.4827 12.0405 0.8000,
-91.4827 12.0405 1.8000,
-91.4683 -25.9624 0.8000,
-91.4683 -25.9624 1.8000,
-91.4683 -6.9124 0.8000,
-91.4683 -6.9124 1.8000,
-91.4683 12.1376 0.8000,
-91.4683 12.1376 1.8000,
-91.4444 -25.8672 0.8000,
-91.4444 -25.8672 1.8000,
-91.4444 -6.8172 0.8000,
-91.4444 -6.8172 1.8000,
-91.4444 12.2328 0.8000,
-91.4444 12.2328 1.8000,
-91.4209 -51.7610 0.8000,
-91.4209 -51.7610 1.8000,
-91.4144 -70.6248 -1.9000,
-91.4114 -25.7748 0.8000,
-91.4114 -25.7748 1.8000,
-91.4114 -6.7248 0.8000,
-91.4114 -6.7248 1.8000,
-91.4114 12.3252 0.8000,
-91.4114 12.3252 1.8000,
-91.3694 -25.6861 0.8000,
-91.3694 -25.6861 1.8000,
-91.3694 -6.6361 0.8000,
-91.3694 -6.6361 1.8000,
-91.3694 12.4139 0.8000,
-91.3694 12.4139 1.8000,
-91.3225 -71.4714 -0.4000,
-91.3225 -71.4714 0.8000,
-91.3190 -25.6019 0.8000,
-91.3190 -25.6019 1.8000,
-91.3190 -6.5519 0.8000,
-91.3190 -6.5519 1.8000,
-91.3190 12.4981 0.8000,
-91.3190 12.4981 1.8000,
-91.2605 -25.5231 0.8000,
-91.2605 -25.5231 1.8000,
-91.2605 -6.4731 0.8000,
-91.2605 -6.4731 1.8000,
-91.2605 12.5769 0.8000,
-91.2605 12.5769 1.8000,
-91.2460 -70.3180 -1.4000,
-91.2460 -70.3180 -0.4000,
-91.1946 -25.4504 0.8000,
-91.1946 -25.4504 1.8000,
-91.1946 -6.4004 0.8000,
-91.1946 -6.4004 1.8000,
-91.1946 12.6496 0.8000,
-91.1946 12.6496 1.8000,
-91.1510 -70.7866 -1.9000,
-91.1426 -71.6381 -0.4000,
-91.1426 -71.6381 0.8000,
-91.1219 -25.3845 0.8000,
-91.1219 -25.3845 1.8000,
-91.1219 -6.3345 0.8000,
-91.1219 -6.3345 1.8000,
-91.1219 12.7155 0.8000,
-91.1219 12.7155 1.8000,
-91.0431 -25.3260 0.8000,
-91.0431 -25.3260 1.8000,
-91.0431 -6.2760 0.8000,
-91.0431 -6.2760 1.8000,
-91.0431 12.7740 0.8000,
-91.0431 12.7740 1.8000,
-90.9798 -71.8217 -0.4000,
-90.9798 -71.8217 0.8000,
-90.9589 -25.2756 0.8000,
-90.9589 -25.2756 1.8000,
-90.9589 -6.2256 0.8000,
-90.9589 -6.2256 1.8000,
-90.9589 12.8244 0.8000,
-90.9589 12.8244 1.8000,
-90.9572 -70.4954 0.8000,
-90.9572 -70.4954 1.8000,
-90.9534 -70.4977 -1.4000,
-90.9534 -70.4977 -0.4000,
-90.9534 -70.4977 0.8000,
-90.9534 -70.4977 1.8000,
-90.9047 -70.9735 -1.9000,
-90.8702 -25.2336 0.8000,
-90.8702 -25.2336 1.8000,
-90.8702 -6.1836 0.8000,
-90.8702 -6.1836 1.8000,
-90.8702 12.8664 0.8000,
-90.8702 12.8664 1.8000,
-90.8358 -72.0203 -0.4000,
-90.8358 -72.0203 0.8000,
-90.7778 -25.2006 0.8000,
-90.7778 -25.2006 1.8000,
-90.7778 -6.1506 0.8000,
-90.7778 -6.1506 1.8000,
-90.7778 12.8994 0.8000,
-90.7778 12.8994 1.8000,
-90.7719 -48.5885 0.8000,
-90.7719 -48.5885 1.8000,
-90.7120 -72.2321 -0.4000,
-90.7120 -72.2321 0.8000,
-90.6826 -25.1767 0.8000,
-90.6826 -25.1767 1.8000,
-90.6826 -6.1267 0.8000,
-90.6826 -6.1267 1.8000,
-90.6826 12.9233 0.8000,
-90.6826 12.9233 1.8000,
-90.6797 -70.7053 -1.4000,
-90.6797 -70.7053 -0.4000,
-90.6797 -70.7053 0.8000,
-90.6797 -70.7053 1.8000,
-90.6779 -71.1836 -1.9000,
-90.6095 -72.4550 -0.4000,
-90.6095 -72.4550 0.8000,
-90.5855 -25.1623 0.8000,
-90.5855 -25.1623 1.8000,
-90.5855 -6.1123 0.8000,
-90.5855 -6.1123 1.8000,
-90.5855 12.9377 0.8000,
-90.5855 12.9377 1.8000,
-90.5294 -72.6869 -0.4000,
-90.5294 -72.6869 0.8000,
-90.4875 -48.5885 0.8000,
-90.4875 -48.5885 1.8000,
-90.4875 -25.1575 0.8000,
-90.4875 -25.1575 1.8000,
-90.4875 -10.4885 0.8000,
-90.4875 -10.4885 1.8000,
-90.4875 -6.1075 0.8000,
-90.4875 -6.1075 1.8000,
-90.4875 8.5615 0.8000,
-90.4875 8.5615 1.8000,
-90.4875 12.9425 0.8000,
-90.4875 12.9425 1.8000,
-90.4735 -72.9207 -0.4000,
-90.4735 -72.9207 0.8000,
-90.4729 -71.4148 -1.9000,
-90.4724 -72.9256 -0.4000,
-90.4724 -72.9256 0.8000,
-90.4390 -73.1686 -0.4000,
-90.4390 -73.1686 0.8000,
-90.4278 -70.9388 -1.4000,
-90.4278 -70.9388 -0.4000,
-90.4278 -70.9388 0.8000,
-90.4278 -70.9388 1.8000,
-90.3895 -48.5837 0.8000,
-90.3895 -48.5837 1.8000,
-90.3895 -10.4837 0.8000,
-90.3895 -10.4837 1.8000,
-90.3895 8.5663 0.8000,
-90.3895 8.5663 1.8000,
-90.3815 -73.8261 -0.4000,
-90.3815 -73.8261 0.8000,
-90.2924 -48.5693 0.8000,
-90.2924 -48.5693 1.8000,
-90.2924 -10.4693 0.8000,
-90.2924 -10.4693 1.8000,
-90.2924 8.5807 0.8000,
-90.2924 8.5807 1.8000,
-90.2914 -71.6651 -1.9000,
-90.2594 -72.9270 -1.9000,
-90.2074 -69.7456 0.8000,
-90.2074 -69.7456 1.8000,
-90.1999 -71.1958 -1.4000,
-90.1999 -71.1958 -0.4000,
-90.1999 -71.1958 0.8000,
-90.1999 -71.1958 1.8000,
-90.1972 -48.5454 0.8000,
-90.1972 -48.5454 1.8000,
-90.1972 -10.4454 0.8000,
-90.1972 -10.4454 1.8000,
-90.1972 8.6046 0.8000,
-90.1972 8.6046 1.8000,
-90.1415 -69.6729 0.8000,
-90.1415 -69.6729 1.8000,
-90.1354 -71.9320 -1.9000,
-90.1048 -48.5124 0.8000,
-90.1048 -48.5124 1.8000,
-90.1048 -10.4124 0.8000,
-90.1048 -10.4124 1.8000,
-90.1048 8.6376 0.8000,
-90.1048 8.6376 1.8000,
-90.0830 -69.5941 0.8000,
-90.0830 -69.5941 1.8000,
-90.0326 -69.5099 0.8000,
-90.0326 -69.5099 1.8000,
-90.0161 -48.4704 0.8000,
-90.0161 -48.4704 1.8000,
-90.0161 -10.3704 0.8000,
-90.0161 -10.3704 1.8000,
-90.0161 8.6796 0.8000,
-90.0161 8.6796 1.8000,
-90.0063 -72.2129 -1.9000,
-89.9983 -71.4739 -1.4000,
-89.9983 -71.4739 -0.4000,
-89.9983 -71.4739 0.8000,
-89.9983 -71.4739 1.8000,
-89.9906 -69.4212 0.8000,
-89.9906 -69.4212 1.8000,
-89.9627 -72.8760 -1.4000,
-89.9627 -72.8760 -0.4000,
-89.9627 -72.8760 0.8000,
-89.9627 -72.8760 1.8000,
-89.9575 -69.3288 0.8000,
-89.9575 -69.3288 1.8000,
-89.9337 -69.2336 0.8000,
-89.9337 -69.2336 1.8000,
-89.9319 -48.4200 0.8000,
-89.9319 -48.4200 1.8000,
-89.9319 -10.3200 0.8000,
-89.9319 -10.3200 1.8000,
-89.9319 8.7300 0.8000,
-89.9319 8.7300 1.8000,
-89.9193 -69.1365 0.8000,
-89.9193 -69.1365 1.8000,
-89.9145 -69.0385 0.8000,
-89.9145 -69.0385 1.8000,
-89.9053 -72.5051 -1.9000,
-89.8531 -48.3615 0.8000,
-89.8531 -48.3615 1.8000,
-89.8531 -10.2615 0.8000,
-89.8531 -10.2615 1.8000,
-89.8531 8.7885 0.8000,
-89.8531 8.7885 1.8000,
-89.8250 -71.7704 -1.4000,
-89.8250 -71.7704 -0.4000,
-89.8250 -71.7704 0.8000,
-89.8250 -71.7704 1.8000,
-89.7804 -48.2956 0.8000,
-89.7804 -48.2956 1.8000,
-89.7804 -10.1956 0.8000,
-89.7804 -10.1956 1.8000,
-89.7804 8.8544 0.8000,
-89.7804 8.8544 1.8000,
-89.7145 -48.2229 0.8000,
-89.7145 -48.2229 1.8000,
-89.7145 -10.1229 0.8000,
-89.7145 -10.1229 1.8000,
-89.7145 8.9271 0.8000,
-89.7145 8.9271 1.8000,
-89.6815 -72.0825 -1.4000,
-89.6815 -72.0825 -0.4000,
-89.6815 -72.0825 0.8000,
-89.6815 -72.0825 1.8000,
-89.6560 -48.1441 0.8000,
-89.6560 -48.1441 1.8000,
-89.6560 -10.0441 0.8000,
-89.6560 -10.0441 1.8000,
-89.6560 9.0059 0.8000,
-89.6560 9.0059 1.8000,
-89.6056 -48.0599 0.8000,
-89.6056 -48.0599 1.8000,
-89.6056 -9.9599 0.8000,
-89.6056 -9.9599 1.8000,
-89.6056 9.0901 0.8000,
-89.6056 9.0901 1.8000,
-89.5693 -72.4072 -1.4000,
-89.5693 -72.4072 -0.4000,
-89.5693 -72.4072 0.8000,
-89.5693 -72.4072 1.8000,
-89.5636 -47.9712 0.8000,
-89.5636 -47.9712 1.8000,
-89.5636 -9.8712 0.8000,
-89.5636 -9.8712 1.8000,
-89.5636 9.1788 0.8000,
-89.5636 9.1788 1.8000,
-89.5326 -51.0671 0.8000,
-89.5326 -51.0671 1.8000,
-89.5306 -47.8788 0.8000,
-89.5306 -47.8788 1.8000,
-89.5306 -9.7788 0.8000,
-89.5306 -9.7788 1.8000,
-89.5306 9.2712 0.8000,
-89.5306 9.2712 1.8000,
-89.5067 -47.7836 0.8000,
-89.5067 -47.7836 1.8000,
-89.5067 -9.6836 0.8000,
-89.5067 -9.6836 1.8000,
-89.5067 9.3664 0.8000,
-89.5067 9.3664 1.8000,
-89.4923 -47.6865 0.8000,
-89.4923 -47.6865 1.8000,
-89.4923 -9.5865 0.8000,
-89.4923 -9.5865 1.8000,
-89.4923 9.4635 0.8000,
-89.4923 9.4635 1.8000,
-89.4906 -51.1558 0.8000,
-89.4906 -51.1558 1.8000,
-89.4875 -47.5885 0.8000,
-89.4875 -47.5885 1.8000,
-89.4875 -46.2075 0.8000,
-89.4875 -46.2075 1.8000,
-89.4875 -44.2075 0.8000,
-89.4875 -44.2075 1.8000,
-89.4875 -27.1575 0.8000,
-89.4875 -27.1575 1.8000,
-89.4875 -9.4885 0.8000,
-89.4875 -9.4885 1.8000,
-89.4875 -8.1075 0.8000,
-89.4875 -8.1075 1.8000,
-89.4875 9.5615 0.8000,
-89.4875 9.5615 1.8000,
-89.4875 10.9425 0.8000,
-89.4875 10.9425 1.8000,
-89.4575 -51.2482 0.8000,
-89.4575 -51.2482 1.8000,
-89.4337 -51.3434 0.8000,
-89.4337 -51.3434 1.8000,
-89.4193 -51.4405 0.8000,
-89.4193 -51.4405 1.8000,
-89.4145 -51.5385 0.8000,
-89.4145 -51.5385 1.8000,
-84.3953 -46.4247 -1.4000,
-84.3953 -46.4247 -0.4000,
-84.3953 -46.4247 0.8000,
-84.3953 -46.4247 1.8000,
-84.3953 -27.3747 -1.4000,
-84.3953 -27.3747 -0.4000,
-84.3953 -27.3747 0.8000,
-84.3953 -27.3747 1.8000,
-84.3953 -8.3247 -1.4000,
-84.3953 -8.3247 -0.4000,
-84.3953 -8.3247 0.8000,
-84.3953 -8.3247 1.8000,
-84.3953 10.7253 -1.4000,
-84.3953 10.7253 -0.4000,
-84.3953 10.7253 0.8000,
-84.3953 10.7253 1.8000,
-84.3408 -46.2075 0.8000,
-84.3408 -46.2075 1.8000,
-84.3408 -27.1575 0.8000,
-84.3408 -27.1575 1.8000,
-84.3408 -8.1075 0.8000,
-84.3408 -8.1075 1.8000,
-84.3408 10.9425 0.8000,
-84.3408 10.9425 1.8000,
-84.3118 -46.0915 -1.4000,
-84.3118 -46.0915 -0.4000,
-84.3118 -27.0415 -1.4000,
-84.3118 -27.0415 -0.4000,
-84.3118 -7.9915 -1.4000,
-84.3118 -7.9915 -0.4000,
-84.3118 11.0585 -1.4000,
-84.3118 11.0585 -0.4000,
-84.1961 -45.7681 -1.4000,
-84.1961 -45.7681 -0.4000,
-84.1961 -26.7181 -1.4000,
-84.1961 -26.7181 -0.4000,
-84.1961 -7.6681 -1.4000,
-84.1961 -7.6681 -0.4000,
-84.1961 11.3819 -1.4000,
-84.1961 11.3819 -0.4000,
-84.0520 -46.4930 -1.9000,
-84.0520 -27.4430 -1.9000,
-84.0520 -8.3930 -1.9000,
-84.0520 10.6570 -1.9000,
-84.0492 -45.4576 -1.4000,
-84.0492 -45.4576 -0.4000,
-84.0492 -26.4076 -1.4000,
-84.0492 -26.4076 -0.4000,
-84.0492 -7.3576 -1.4000,
-84.0492 -7.3576 -0.4000,
-84.0492 11.6924 -1.4000,
-84.0492 11.6924 -0.4000,
-83.9769 -46.1931 -1.9000,
-83.9769 -27.1431 -1.9000,
-83.9769 -8.0931 -1.9000,
-83.9769 10.9569 -1.9000,
-83.9625 -46.8575 -1.4000,
-83.9625 -46.8575 -0.4000,
-83.9625 -46.8575 0.8000,
-83.9625 -46.8575 1.8000,
-83.9625 -27.8075 -1.4000,
-83.9625 -27.8075 -0.4000,
-83.9625 -27.8075 0.8000,
-83.9625 -27.8075 1.8000,
-83.9625 -8.7575 -1.4000,
-83.9625 -8.7575 -0.4000,
-83.9625 -8.7575 0.8000,
-83.9625 -8.7575 1.8000,
-83.9625 10.2925 -1.4000,
-83.9625 10.2925 -0.4000,
-83.9625 10.2925 0.8000,
-83.9625 10.2925 1.8000,
-83.8727 -45.9020 -1.9000,
-83.8727 -26.8521 -1.9000,
-83.8727 -7.8021 -1.9000,
-83.8727 11.2479 -1.9000,
-83.8726 -45.1630 -1.4000,
-83.8726 -45.1630 -0.4000,
-83.8726 -26.1130 -1.4000,
-83.8726 -26.1130 -0.4000,
-83.8726 -7.0630 -1.4000,
-83.8726 -7.0630 -0.4000,
-83.8726 11.9870 -1.4000,
-83.8726 11.9870 -0.4000,
-83.7405 -45.6226 -1.9000,
-83.7405 -26.5726 -1.9000,
-83.7405 -7.5226 -1.9000,
-83.7405 11.5274 -1.9000,
-83.6680 -44.8871 -1.4000,
-83.6680 -44.8871 -0.4000,
-83.6680 -25.8371 -1.4000,
-83.6680 -25.8371 -0.4000,
-83.6680 -6.7871 -1.4000,
-83.6680 -6.7871 -0.4000,
-83.6680 12.2629 -1.4000,
-83.6680 12.2629 -0.4000,
-83.6625 -46.8825 -1.9000,
-83.6625 -27.8325 -1.9000,
-83.6625 -8.7825 -1.9000,
-83.6625 10.2675 -1.9000,
-83.5816 -45.3575 -1.9000,
-83.5816 -26.3075 -1.9000,
-83.5816 -7.2575 -1.9000,
-83.5816 11.7925 -1.9000,
-83.4625 -47.7675 -0.4000,
-83.4625 -47.7675 0.8000,
-83.4625 -47.1075 -0.4000,
-83.4625 -47.1075 0.8000,
-83.4625 -28.7175 -0.4000,
-83.4625 -28.7175 0.8000,
-83.4625 -28.0575 -0.4000,
-83.4625 -28.0575 0.8000,
-83.4625 -9.6675 -0.4000,
-83.4625 -9.6675 0.8000,
-83.4625 -9.0075 -0.4000,
-83.4625 -9.0075 0.8000,
-83.4625 9.3825 -0.4000,
-83.4625 9.3825 0.8000,
-83.4625 10.0425 -0.4000,
-83.4625 10.0425 0.8000,
-83.4505 -46.8625 -0.4000,
-83.4505 -46.8625 0.8000,
-83.4505 -27.8125 -0.4000,
-83.4505 -27.8125 0.8000,
-83.4505 -8.7625 -0.4000,
-83.4505 -8.7625 0.8000,
-83.4505 10.2875 -0.4000,
-83.4505 10.2875 0.8000,
-83.4497 -46.8575 -0.4000,
-83.4497 -46.8575 0.8000,
-83.4497 -27.8075 -0.4000,
-83.4497 -27.8075 0.8000,
-83.4497 -8.7575 -0.4000,
-83.4497 -8.7575 0.8000,
-83.4497 10.2925 -0.4000,
-83.4497 10.2925 0.8000,
-83.4374 -44.6326 -1.4000,
-83.4374 -44.6326 -0.4000,
-83.4374 -25.5826 -1.4000,
-83.4374 -25.5826 -0.4000,
-83.4374 -6.5326 -1.4000,
-83.4374 -6.5326 -0.4000,
-83.4374 12.5174 -1.4000,
-83.4374 12.5174 -0.4000,
-83.4145 -46.6198 -0.4000,
-83.4145 -46.6198 0.8000,
-83.4145 -27.5698 -0.4000,
-83.4145 -27.5698 0.8000,
-83.4145 -8.5198 -0.4000,
-83.4145 -8.5198 0.8000,
-83.4145 10.5302 -0.4000,
-83.4145 10.5302 0.8000,
-83.3975 -45.1092 -1.9000,
-83.3975 -26.0592 -1.9000,
-83.3975 -7.0092 -1.9000,
-83.3975 12.0408 -1.9000,
-83.3548 -46.3818 -0.4000,
-83.3548 -46.3818 0.8000,
-83.3548 -27.3318 -0.4000,
-83.3548 -27.3318 0.8000,
-83.3548 -8.2818 -0.4000,
-83.3548 -8.2818 0.8000,
-83.3548 10.7682 -0.4000,
-83.3548 10.7682 0.8000,
-83.2722 -46.1508 -0.4000,
-83.2722 -46.1508 0.8000,
-83.2722 -27.1008 -0.4000,
-83.2722 -27.1008 0.8000,
-83.2722 -8.0508 -0.4000,
-83.2722 -8.0508 0.8000,
-83.2722 10.9992 -0.4000,
-83.2722 10.9992 0.8000,
-83.1899 -44.8801 -1.9000,
-83.1899 -25.8301 -1.9000,
-83.1899 -6.7801 -1.9000,
-83.1899 12.2699 -1.9000,
-83.1829 -44.4020 -1.4000,
-83.1829 -44.4020 -0.4000,
-83.1829 -25.3520 -1.4000,
-83.1829 -25.3520 -0.4000,
-83.1829 -6.3020 -1.4000,
-83.1829 -6.3020 -0.4000,
-83.1829 12.7480 -1.4000,
-83.1829 12.7480 -0.4000,
-83.1673 -45.9290 -0.4000,
-83.1673 -45.9290 0.8000,
-83.1673 -26.8790 -0.4000,
-83.1673 -26.8790 0.8000,
-83.1673 -7.8290 -0.4000,
-83.1673 -7.8290 0.8000,
-83.1673 11.2210 -0.4000,
-83.1673 11.2210 0.8000,
-83.0412 -45.7186 -0.4000,
-83.0412 -45.7186 0.8000,
-83.0412 -26.6686 -0.4000,
-83.0412 -26.6686 0.8000,
-83.0412 -7.6186 -0.4000,
-83.0412 -7.6186 0.8000,
-83.0412 11.4314 -0.4000,
-83.0412 11.4314 0.8000,
-82.9608 -44.6725 -1.9000,
-82.9608 -25.6225 -1.9000,
-82.9608 -6.5725 -1.9000,
-82.9608 12.4775 -1.9000,
-82.9207 -44.2075 0.8000,
-82.9207 -44.2075 1.8000,
-82.9207 -25.1575 0.8000,
-82.9207 -25.1575 1.8000,
-82.9207 -6.1075 0.8000,
-82.9207 -6.1075 1.8000,
-82.9207 12.9425 0.8000,
-82.9207 12.9425 1.8000,
-82.9070 -44.1974 -1.4000,
-82.9070 -44.1974 -0.4000,
-82.9070 -44.1974 0.8000,
-82.9070 -44.1974 1.8000,
-82.9070 -25.1474 -1.4000,
-82.9070 -25.1474 -0.4000,
-82.9070 -25.1474 0.8000,
-82.9070 -25.1474 1.8000,
-82.9070 -6.0974 -1.4000,
-82.9070 -6.0974 -0.4000,
-82.9070 -6.0974 0.8000,
-82.9070 -6.0974 1.8000,
-82.9070 12.9526 -1.4000,
-82.9070 12.9526 -0.4000,
-82.9070 12.9526 0.8000,
-82.9070 12.9526 1.8000,
-82.8950 -45.5215 -0.4000,
-82.8950 -45.5215 0.8000,
-82.8950 -26.4715 -0.4000,
-82.8950 -26.4715 0.8000,
-82.8950 -7.4215 -0.4000,
-82.8950 -7.4215 0.8000,
-82.8950 11.6285 -0.4000,
-82.8950 11.6285 0.8000,
-82.7303 -45.3397 -0.4000,
-82.7303 -45.3397 0.8000,
-82.7303 -26.2897 -0.4000,
-82.7303 -26.2897 0.8000,
-82.7303 -7.2397 -0.4000,
-82.7303 -7.2397 0.8000,
-82.7303 11.8103 -0.4000,
-82.7303 11.8103 0.8000,
-82.7125 -44.4884 -1.9000,
-82.7125 -25.4384 -1.9000,
-82.7125 -6.3884 -1.9000,
-82.7125 12.6616 -1.9000,
-82.6124 -44.0208 -1.4000,
-82.6124 -44.0208 -0.4000,
-82.6124 -44.0208 0.8000,
-82.6124 -44.0208 1.8000,
-82.6124 -24.9708 -1.4000,
-82.6124 -24.9708 -0.4000,
-82.6124 -24.9708 0.8000,
-82.6124 -24.9708 1.8000,
-82.6124 -5.9208 -1.4000,
-82.6124 -5.9208 -0.4000,
-82.6124 -5.9208 0.8000,
-82.6124 -5.9208 1.8000,
-82.6124 13.1292 -1.4000,
-82.6124 13.1292 -0.4000,
-82.6124 13.1292 0.8000,
-82.6124 13.1292 1.8000,
-82.5485 -45.1750 -0.4000,
-82.5485 -45.1750 0.8000,
-82.5485 -26.1250 -0.4000,
-82.5485 -26.1250 0.8000,
-82.5485 -7.0750 -0.4000,
-82.5485 -7.0750 0.8000,
-82.5485 11.9750 -0.4000,
-82.5485 11.9750 0.8000,
-82.4474 -44.3295 -1.9000,
-82.4474 -25.2795 -1.9000,
-82.4474 -6.2295 -1.9000,
-82.4474 12.8205 -1.9000,
-82.3514 -45.0288 -0.4000,
-82.3514 -45.0288 0.8000,
-82.3514 -25.9788 -0.4000,
-82.3514 -25.9788 0.8000,
-82.3514 -6.9288 -0.4000,
-82.3514 -6.9288 0.8000,
-82.3514 12.1212 -0.4000,
-82.3514 12.1212 0.8000,
-82.3019 -43.8739 -1.4000,
-82.3019 -43.8739 -0.4000,
-82.3019 -43.8739 0.8000,
-82.3019 -43.8739 1.8000,
-82.3019 -24.8239 -1.4000,
-82.3019 -24.8239 -0.4000,
-82.3019 -24.8239 0.8000,
-82.3019 -24.8239 1.8000,
-82.3019 -5.7739 -1.4000,
-82.3019 -5.7739 -0.4000,
-82.3019 -5.7739 0.8000,
-82.3019 -5.7739 1.8000,
-82.3019 13.2761 -1.4000,
-82.3019 13.2761 -0.4000,
-82.3019 13.2761 0.8000,
-82.3019 13.2761 1.8000,
-82.1679 -44.1973 -1.9000,
-82.1679 -25.1473 -1.9000,
-82.1679 -6.0973 -1.9000,
-82.1679 12.9527 -1.9000,
-82.1410 -44.9027 -0.4000,
-82.1410 -44.9027 0.8000,
-82.1410 -25.8527 -0.4000,
-82.1410 -25.8527 0.8000,
-82.1410 -6.8027 -0.4000,
-82.1410 -6.8027 0.8000,
-82.1410 12.2473 -0.4000,
-82.1410 12.2473 0.8000,
-81.9785 -43.7582 -1.4000,
-81.9785 -43.7582 -0.4000,
-81.9785 -43.7582 0.8000,
-81.9785 -43.7582 1.8000,
-81.9785 -24.7082 -1.4000,
-81.9785 -24.7082 -0.4000,
-81.9785 -24.7082 0.8000,
-81.9785 -24.7082 1.8000,
-81.9785 -5.6582 -1.4000,
-81.9785 -5.6582 -0.4000,
-81.9785 -5.6582 0.8000,
-81.9785 -5.6582 1.8000,
-81.9785 13.3918 -1.4000,
-81.9785 13.3918 -0.4000,
-81.9785 13.3918 0.8000,
-81.9785 13.3918 1.8000,
-81.9192 -44.7978 -0.4000,
-81.9192 -44.7978 0.8000,
-81.9192 -25.7478 -0.4000,
-81.9192 -25.7478 0.8000,
-81.9192 -6.6978 -0.4000,
-81.9192 -6.6978 0.8000,
-81.9192 12.3522 -0.4000,
-81.9192 12.3522 0.8000,
-81.8769 -44.0931 -1.9000,
-81.8769 -25.0431 -1.9000,
-81.8769 -5.9931 -1.9000,
-81.8769 13.0569 -1.9000,
-81.6882 -44.7152 -0.4000,
-81.6882 -44.7152 0.8000,
-81.6882 -25.6652 -0.4000,
-81.6882 -25.6652 0.8000,
-81.6882 -6.6151 -0.4000,
-81.6882 -6.6151 0.8000,
-81.6882 12.4348 -0.4000,
-81.6882 12.4348 0.8000,
-81.6453 -43.6748 -1.4000,
-81.6453 -43.6748 -0.4000,
-81.6453 -43.6748 0.8000,
-81.6453 -43.6748 1.8000,
-81.6453 -24.6248 -1.4000,
-81.6453 -24.6248 -0.4000,
-81.6453 -24.6248 0.8000,
-81.6453 -24.6248 1.8000,
-81.6453 -5.5748 -1.4000,
-81.6453 -5.5748 -0.4000,
-81.6453 -5.5748 0.8000,
-81.6453 -5.5748 1.8000,
-81.6453 13.4752 -1.4000,
-81.6453 13.4752 -0.4000,
-81.6453 13.4752 0.8000,
-81.6453 13.4752 1.8000,
-81.5770 -44.0180 -1.9000,
-81.5770 -24.9680 -1.9000,
-81.5770 -5.9180 -1.9000,
-81.5770 13.1320 -1.9000,
-81.4502 -44.6556 -0.4000,
-81.4502 -44.6556 0.8000,
-81.4502 -25.6055 -0.4000,
-81.4502 -25.6055 0.8000,
-81.4502 -6.5555 -0.4000,
-81.4502 -6.5555 0.8000,
-81.4502 12.4945 -0.4000,
-81.4502 12.4945 0.8000,
-81.3056 -43.6244 -1.4000,
-81.3056 -43.6244 -0.4000,
-81.3056 -43.6244 0.8000,
-81.3056 -43.6244 1.8000,
-81.3056 -24.5744 -1.4000,
-81.3056 -24.5744 -0.4000,
-81.3056 -24.5744 0.8000,
-81.3056 -24.5744 1.8000,
-81.3056 -5.5244 -1.4000,
-81.3056 -5.5244 -0.4000,
-81.3056 -5.5244 0.8000,
-81.3056 -5.5244 1.8000,
-81.3056 13.5256 -1.4000,
-81.3056 13.5256 -0.4000,
-81.3056 13.5256 0.8000,
-81.3056 13.5256 1.8000,
-81.2712 -43.9727 -1.9000,
-81.2712 -24.9227 -1.9000,
-81.2712 -5.8727 -1.9000,
-81.2712 13.1773 -1.9000,
-81.2075 -44.6195 -0.4000,
-81.2075 -44.6195 0.8000,
-81.2075 -25.5695 -0.4000,
-81.2075 -25.5695 0.8000,
-81.2075 -6.5195 -0.4000,
-81.2075 -6.5195 0.8000,
-81.2075 12.5305 -0.4000,
-81.2075 12.5305 0.8000,
-80.9625 -44.6075 -0.4000,
-80.9625 -44.6075 0.8000,
-80.9625 -43.9575 -1.9000,
-80.9625 -43.6075 -1.4000,
-80.9625 -43.6075 -0.4000,
-80.9625 -43.6075 0.8000,
-80.9625 -43.6075 1.8000,
-80.9625 -25.5575 -0.4000,
-80.9625 -25.5575 0.8000,
-80.9625 -24.9075 -1.9000,
-80.9625 -24.5575 -1.4000,
-80.9625 -24.5575 -0.4000,
-80.9625 -24.5575 0.8000,
-80.9625 -24.5575 1.8000,
-80.9625 -6.5075 -0.4000,
-80.9625 -6.5075 0.8000,
-80.9625 -5.8575 -1.9000,
-80.9625 -5.5075 -1.4000,
-80.9625 -5.5075 -0.4000,
-80.9625 -5.5075 0.8000,
-80.9625 -5.5075 1.8000,
-80.9625 12.5425 -0.4000,
-80.9625 12.5425 0.8000,
-80.9625 13.1925 -1.9000,
-80.9625 13.5425 -1.4000,
-80.9625 13.5425 -0.4000,
-80.9625 13.5425 0.8000,
-80.9625 13.5425 1.8000,
-80.7175 -44.6195 -0.4000,
-80.7175 -44.6195 0.8000,
-80.7175 -25.5695 -0.4000,
-80.7175 -25.5695 0.8000,
-80.7175 -6.5195 -0.4000,
-80.7175 -6.5195 0.8000,
-80.7175 12.5305 -0.4000,
-80.7175 12.5305 0.8000,
-80.6538 -43.9727 -1.9000,
-80.6538 -24.9227 -1.9000,
-80.6538 -5.8727 -1.9000,
-80.6538 13.1773 -1.9000,
-80.6195 -43.6244 -1.4000,
-80.6195 -43.6244 -0.4000,
-80.6195 -43.6244 0.8000,
-80.6195 -43.6244 1.8000,
-80.6195 -24.5744 -1.4000,
-80.6195 -24.5744 -0.4000,
-80.6195 -24.5744 0.8000,
-80.6195 -24.5744 1.8000,
-80.6195 -5.5244 -1.4000,
-80.6195 -5.5244 -0.4000,
-80.6195 -5.5244 0.8000,
-80.6195 -5.5244 1.8000,
-80.6195 13.5256 -1.4000,
-80.6195 13.5256 -0.4000,
-80.6195 13.5256 0.8000,
-80.6195 13.5256 1.8000,
-80.4748 -44.6556 -0.4000,
-80.4748 -44.6556 0.8000,
-80.4748 -25.6055 -0.4000,
-80.4748 -25.6055 0.8000,
-80.4748 -6.5555 -0.4000,
-80.4748 -6.5555 0.8000,
-80.4748 12.4945 -0.4000,
-80.4748 12.4945 0.8000,
-80.3480 -44.0180 -1.9000,
-80.3480 -24.9680 -1.9000,
-80.3480 -5.9180 -1.9000,
-80.3480 13.1320 -1.9000,
-80.2797 -43.6748 -1.4000,
-80.2797 -43.6748 -0.4000,
-80.2797 -43.6748 0.8000,
-80.2797 -43.6748 1.8000,
-80.2797 -24.6248 -1.4000,
-80.2797 -24.6248 -0.4000,
-80.2797 -24.6248 0.8000,
-80.2797 -24.6248 1.8000,
-80.2797 -5.5748 -1.4000,
-80.2797 -5.5748 -0.4000,
-80.2797 -5.5748 0.8000,
-80.2797 -5.5748 1.8000,
-80.2797 13.4752 -1.4000,
-80.2797 13.4752 -0.4000,
-80.2797 13.4752 0.8000,
-80.2797 13.4752 1.8000,
-80.2368 -44.7152 -0.4000,
-80.2368 -44.7152 0.8000,
-80.2368 -25.6652 -0.4000,
-80.2368 -25.6652 0.8000,
-80.2368 -6.6151 -0.4000,
-80.2368 -6.6151 0.8000,
-80.2368 12.4348 -0.4000,
-80.2368 12.4348 0.8000,
-80.0481 -44.0931 -1.9000,
-80.0481 -25.0431 -1.9000,
-80.0481 -5.9931 -1.9000,
-80.0481 13.0569 -1.9000,
-80.0058 -44.7978 -0.4000,
-80.0058 -44.7978 0.8000,
-80.0058 -25.7478 -0.4000,
-80.0058 -25.7478 0.8000,
-80.0058 -6.6978 -0.4000,
-80.0058 -6.6978 0.8000,
-80.0058 12.3522 -0.4000,
-80.0058 12.3522 0.8000,
-79.9465 -43.7582 -1.4000,
-79.9465 -43.7582 -0.4000,
-79.9465 -43.7582 0.8000,
-79.9465 -43.7582 1.8000,
-79.9465 -24.7082 -1.4000,
-79.9465 -24.7082 -0.4000,
-79.9465 -24.7082 0.8000,
-79.9465 -24.7082 1.8000,
-79.9465 -5.6582 -1.4000,
-79.9465 -5.6582 -0.4000,
-79.9465 -5.6582 0.8000,
-79.9465 -5.6582 1.8000,
-79.9465 13.3918 -1.4000,
-79.9465 13.3918 -0.4000,
-79.9465 13.3918 0.8000,
-79.9465 13.3918 1.8000,
-79.7840 -44.9027 -0.4000,
-79.7840 -44.9027 0.8000,
-79.7840 -25.8527 -0.4000,
-79.7840 -25.8527 0.8000,
-79.7840 -6.8027 -0.4000,
-79.7840 -6.8027 0.8000,
-79.7840 12.2473 -0.4000,
-79.7840 12.2473 0.8000,
-79.7571 -44.1973 -1.9000,
-79.7571 -25.1473 -1.9000,
-79.7571 -6.0973 -1.9000,
-79.7571 12.9527 -1.9000,
-79.6231 -43.8739 -1.4000,
-79.6231 -43.8739 -0.4000,
-79.6231 -43.8739 0.8000,
-79.6231 -43.8739 1.8000,
-79.6231 -24.8239 -1.4000,
-79.6231 -24.8239 -0.4000,
-79.6231 -24.8239 0.8000,
-79.6231 -24.8239 1.8000,
-79.6231 -5.7739 -1.4000,
-79.6231 -5.7739 -0.4000,
-79.6231 -5.7739 0.8000,
-79.6231 -5.7739 1.8000,
-79.6231 13.2761 -1.4000,
-79.6231 13.2761 -0.4000,
-79.6231 13.2761 0.8000,
-79.6231 13.2761 1.8000,
-79.5736 -45.0288 -0.4000,
-79.5736 -45.0288 0.8000,
-79.5736 -25.9788 -0.4000,
-79.5736 -25.9788 0.8000,
-79.5736 -6.9288 -0.4000,
-79.5736 -6.9288 0.8000,
-79.5736 12.1212 -0.4000,
-79.5736 12.1212 0.8000,
-79.4776 -44.3295 -1.9000,
-79.4776 -25.2795 -1.9000,
-79.4776 -6.2295 -1.9000,
-79.4776 12.8205 -1.9000,
-79.3765 -45.1750 -0.4000,
-79.3765 -45.1750 0.8000,
-79.3765 -26.1250 -0.4000,
-79.3765 -26.1250 0.8000,
-79.3765 -7.0750 -0.4000,
-79.3765 -7.0750 0.8000,
-79.3765 11.9750 -0.4000,
-79.3765 11.9750 0.8000,
-79.3126 -44.0208 -1.4000,
-79.3126 -44.0208 -0.4000,
-79.3126 -44.0208 0.8000,
-79.3126 -44.0208 1.8000,
-79.3126 -24.9708 -1.4000,
-79.3126 -24.9708 -0.4000,
-79.3126 -24.9708 0.8000,
-79.3126 -24.9708 1.8000,
-79.3126 -5.9208 -1.4000,
-79.3126 -5.9208 -0.4000,
-79.3126 -5.9208 0.8000,
-79.3126 -5.9208 1.8000,
-79.3126 13.1292 -1.4000,
-79.3126 13.1292 -0.4000,
-79.3126 13.1292 0.8000,
-79.3126 13.1292 1.8000,
-79.2125 -44.4884 -1.9000,
-79.2125 -25.4384 -1.9000,
-79.2125 -6.3884 -1.9000,
-79.2125 12.6616 -1.9000,
-79.1947 -45.3397 -0.4000,
-79.1947 -45.3397 0.8000,
-79.1947 -26.2897 -0.4000,
-79.1947 -26.2897 0.8000,
-79.1947 -7.2397 -0.4000,
-79.1947 -7.2397 0.8000,
-79.1947 11.8103 -0.4000,
-79.1947 11.8103 0.8000,
-79.0300 -45.5215 -0.4000,
-79.0300 -45.5215 0.8000,
-79.0300 -26.4715 -0.4000,
-79.0300 -26.4715 0.8000,
-79.0300 -7.4215 -0.4000,
-79.0300 -7.4215 0.8000,
-79.0300 11.6285 -0.4000,
-79.0300 11.6285 0.8000,
-79.0180 -44.1974 -1.4000,
-79.0180 -44.1974 -0.4000,
-79.0180 -44.1974 0.8000,
-79.0180 -44.1974 1.8000,
-79.0180 -25.1474 -1.4000,
-79.0180 -25.1474 -0.4000,
-79.0180 -25.1474 0.8000,
-79.0180 -25.1474 1.8000,
-79.0180 -6.0974 -1.4000,
-79.0180 -6.0974 -0.4000,
-79.0180 -6.0974 0.8000,
-79.0180 -6.0974 1.8000,
-79.0180 12.9526 -1.4000,
-79.0180 12.9526 -0.4000,
-79.0180 12.9526 0.8000,
-79.0180 12.9526 1.8000,
-79.0043 -44.2075 0.8000,
-79.0043 -44.2075 1.8000,
-79.0043 -25.1575 0.8000,
-79.0043 -25.1575 1.8000,
-79.0043 -6.1075 0.8000,
-79.0043 -6.1075 1.8000,
-79.0043 12.9425 0.8000,
-79.0043 12.9425 1.8000,
-78.9642 -44.6725 -1.9000,
-78.9642 -25.6225 -1.9000,
-78.9642 -6.5725 -1.9000,
-78.9642 12.4775 -1.9000,
-78.8838 -45.7186 -0.4000,
-78.8838 -45.7186 0.8000,
-78.8838 -26.6686 -0.4000,
-78.8838 -26.6686 0.8000,
-78.8838 -7.6186 -0.4000,
-78.8838 -7.6186 0.8000,
-78.8838 11.4314 -0.4000,
-78.8838 11.4314 0.8000,
-78.7577 -45.9290 -0.4000,
-78.7577 -45.9290 0.8000,
-78.7577 -26.8790 -0.4000,
-78.7577 -26.8790 0.8000,
-78.7577 -7.8290 -0.4000,
-78.7577 -7.8290 0.8000,
-78.7577 11.2210 -0.4000,
-78.7577 11.2210 0.8000,
-78.7421 -44.4020 -1.4000,
-78.7421 -44.4020 -0.4000,
-78.7421 -25.3520 -1.4000,
-78.7421 -25.3520 -0.4000,
-78.7421 -6.3020 -1.4000,
-78.7421 -6.3020 -0.4000,
-78.7421 12.7480 -1.4000,
-78.7421 12.7480 -0.4000,
-78.7351 -44.8801 -1.9000,
-78.7351 -25.8301 -1.9000,
-78.7351 -6.7801 -1.9000,
-78.7351 12.2699 -1.9000,
-78.6528 -46.1508 -0.4000,
-78.6528 -46.1508 0.8000,
-78.6528 -27.1008 -0.4000,
-78.6528 -27.1008 0.8000,
-78.6528 -8.0508 -0.4000,
-78.6528 -8.0508 0.8000,
-78.6528 10.9992 -0.4000,
-78.6528 10.9992 0.8000,
-78.5702 -46.3818 -0.4000,
-78.5702 -46.3818 0.8000,
-78.5702 -27.3318 -0.4000,
-78.5702 -27.3318 0.8000,
-78.5702 -8.2818 -0.4000,
-78.5702 -8.2818 0.8000,
-78.5702 10.7682 -0.4000,
-78.5702 10.7682 0.8000,
-78.5275 -45.1092 -1.9000,
-78.5275 -26.0592 -1.9000,
-78.5275 -7.0092 -1.9000,
-78.5275 12.0408 -1.9000,
-78.5106 -46.6198 -0.4000,
-78.5106 -46.6198 0.8000,
-78.5106 -27.5698 -0.4000,
-78.5106 -27.5698 0.8000,
-78.5106 -8.5198 -0.4000,
-78.5106 -8.5198 0.8000,
-78.5106 10.5302 -0.4000,
-78.5106 10.5302 0.8000,
-78.4876 -44.6326 -1.4000,
-78.4876 -44.6326 -0.4000,
-78.4876 -25.5826 -1.4000,
-78.4876 -25.5826 -0.4000,
-78.4876 -6.5326 -1.4000,
-78.4876 -6.5326 -0.4000,
-78.4876 12.5174 -1.4000,
-78.4876 12.5174 -0.4000,
-78.4753 -46.8575 -0.4000,
-78.4753 -46.8575 0.8000,
-78.4753 -27.8075 -0.4000,
-78.4753 -27.8075 0.8000,
-78.4753 -8.7575 -0.4000,
-78.4753 -8.7575 0.8000,
-78.4753 10.2925 -0.4000,
-78.4753 10.2925 0.8000,
-78.4745 -46.8625 -0.4000,
-78.4745 -46.8625 0.8000,
-78.4745 -27.8125 -0.4000,
-78.4745 -27.8125 0.8000,
-78.4745 -8.7625 -0.4000,
-78.4745 -8.7625 0.8000,
-78.4745 10.2875 -0.4000,
-78.4745 10.2875 0.8000,
-78.4625 -47.7675 -0.4000,
-78.4625 -47.7675 0.8000,
-78.4625 -47.1075 -0.4000,
-78.4625 -47.1075 0.8000,
-78.4625 -28.7175 -0.4000,
-78.4625 -28.7175 0.8000,
-78.4625 -28.0575 -0.4000,
-78.4625 -28.0575 0.8000,
-78.4625 -9.6675 -0.4000,
-78.4625 -9.6675 0.8000,
-78.4625 -9.0075 -0.4000,
-78.4625 -9.0075 0.8000,
-78.4625 9.3825 -0.4000,
-78.4625 9.3825 0.8000,
-78.4625 10.0425 -0.4000,
-78.4625 10.0425 0.8000,
-78.3434 -45.3575 -1.9000,
-78.3434 -26.3075 -1.9000,
-78.3434 -7.2575 -1.9000,
-78.3434 11.7925 -1.9000,
-78.2625 -46.8825 -1.9000,
-78.2625 -27.8325 -1.9000,
-78.2625 -8.7825 -1.9000,
-78.2625 10.2675 -1.9000,
-78.2570 -44.8871 -1.4000,
-78.2570 -44.8871 -0.4000,
-78.2570 -25.8371 -1.4000,
-78.2570 -25.8371 -0.4000,
-78.2570 -6.7871 -1.4000,
-78.2570 -6.7871 -0.4000,
-78.2570 12.2629 -1.4000,
-78.2570 12.2629 -0.4000,
-78.1845 -45.6226 -1.9000,
-78.1845 -26.5726 -1.9000,
-78.1845 -7.5226 -1.9000,
-78.1845 11.5274 -1.9000,
-78.0524 -45.1630 -1.4000,
-78.0524 -45.1630 -0.4000,
-78.0524 -26.1130 -1.4000,
-78.0524 -26.1130 -0.4000,
-78.0524 -7.0630 -1.4000,
-78.0524 -7.0630 -0.4000,
-78.0524 11.9870 -1.4000,
-78.0524 11.9870 -0.4000,
-78.0523 -45.9020 -1.9000,
-78.0523 -26.8521 -1.9000,
-78.0523 -7.8021 -1.9000,
-78.0523 11.2479 -1.9000,
-77.9625 -46.8575 -1.4000,
-77.9625 -46.8575 -0.4000,
-77.9625 -46.8575 0.8000,
-77.9625 -46.8575 1.8000,
-77.9625 -27.8075 -1.4000,
-77.9625 -27.8075 -0.4000,
-77.9625 -27.8075 0.8000,
-77.9625 -27.8075 1.8000,
-77.9625 -8.7575 -1.4000,
-77.9625 -8.7575 -0.4000,
-77.9625 -8.7575 0.8000,
-77.9625 -8.7575 1.8000,
-77.9625 10.2925 -1.4000,
-77.9625 10.2925 -0.4000,
-77.9625 10.2925 0.8000,
-77.9625 10.2925 1.8000,
-77.9481 -46.1931 -1.9000,
-77.9481 -27.1431 -1.9000,
-77.9481 -8.0931 -1.9000,
-77.9481 10.9569 -1.9000,
-77.8758 -45.4576 -1.4000,
-77.8758 -45.4576 -0.4000,
-77.8758 -26.4076 -1.4000,
-77.8758 -26.4076 -0.4000,
-77.8758 -7.3576 -1.4000,
-77.8758 -7.3576 -0.4000,
-77.8758 11.6924 -1.4000,
-77.8758 11.6924 -0.4000,
-77.8730 -46.4930 -1.9000,
-77.8730 -27.4430 -1.9000,
-77.8730 -8.3930 -1.9000,
-77.8730 10.6570 -1.9000,
-77.7289 -45.7681 -1.4000,
-77.7289 -45.7681 -0.4000,
-77.7289 -26.7181 -1.4000,
-77.7289 -26.7181 -0.4000,
-77.7289 -7.6681 -1.4000,
-77.7289 -7.6681 -0.4000,
-77.7289 11.3819 -1.4000,
-77.7289 11.3819 -0.4000,
-77.6132 -46.0915 -1.4000,
-77.6132 -46.0915 -0.4000,
-77.6132 -27.0415 -1.4000,
-77.6132 -27.0415 -0.4000,
-77.6132 -7.9915 -1.4000,
-77.6132 -7.9915 -0.4000,
-77.6132 11.0585 -1.4000,
-77.6132 11.0585 -0.4000,
-77.5842 -46.2075 0.8000,
-77.5842 -46.2075 1.8000,
-77.5842 -27.1575 0.8000,
-77.5842 -27.1575 1.8000,
-77.5842 -8.1075 0.8000,
-77.5842 -8.1075 1.8000,
-77.5842 10.9425 0.8000,
-77.5842 10.9425 1.8000,
-77.5298 -46.4247 -1.4000,
-77.5298 -46.4247 -0.4000,
-77.5298 -46.4247 0.8000,
-77.5298 -46.4247 1.8000,
-77.5298 -27.3747 -1.4000,
-77.5298 -27.3747 -0.4000,
-77.5298 -27.3747 0.8000,
-77.5298 -27.3747 1.8000,
-77.5298 -8.3247 -1.4000,
-77.5298 -8.3247 -0.4000,
-77.5298 -8.3247 0.8000,
-77.5298 -8.3247 1.8000,
-77.5298 10.7253 -1.4000,
-77.5298 10.7253 -0.4000,
-77.5298 10.7253 0.8000,
-77.5298 10.7253 1.8000,
-72.4375 -61.8765 0.8000,
-72.4375 -61.8765 1.8000,
-72.4375 -46.2075 0.8000,
-72.4375 -46.2075 1.8000,
-72.4375 -44.2075 0.8000,
-72.4375 -44.2075 1.8000,
-72.4375 -42.8265 0.8000,
-72.4375 -42.8265 1.8000,
-72.4375 -25.1575 0.8000,
-72.4375 -25.1575 1.8000,
-72.4375 -23.7765 0.8000,
-72.4375 -23.7765 1.8000,
-72.4375 -6.1075 0.8000,
-72.4375 -6.1075 1.8000,
-72.4375 10.9425 0.8000,
-72.4375 10.9425 1.8000,
-72.4375 12.9425 0.8000,
-72.4375 12.9425 1.8000,
-72.4375 14.3235 0.8000,
-72.4375 14.3235 1.8000,
-72.4327 -61.9745 0.8000,
-72.4327 -61.9745 1.8000,
-72.4327 -42.7285 0.8000,
-72.4327 -42.7285 1.8000,
-72.4327 -23.6785 0.8000,
-72.4327 -23.6785 1.8000,
-72.4327 14.4215 0.8000,
-72.4327 14.4215 1.8000,
-72.4183 -62.0716 0.8000,
-72.4183 -62.0716 1.8000,
-72.4183 -42.6314 0.8000,
-72.4183 -42.6314 1.8000,
-72.4183 -23.5814 0.8000,
-72.4183 -23.5814 1.8000,
-72.4183 14.5186 0.8000,
-72.4183 14.5186 1.8000,
-72.3944 -62.1668 0.8000,
-72.3944 -62.1668 1.8000,
-72.3944 -42.5362 0.8000,
-72.3944 -42.5362 1.8000,
-72.3944 -23.4862 0.8000,
-72.3944 -23.4862 1.8000,
-72.3944 14.6138 0.8000,
-72.3944 14.6138 1.8000,
-72.3614 -62.2592 0.8000,
-72.3614 -62.2592 1.8000,
-72.3614 -42.4438 0.8000,
-72.3614 -42.4438 1.8000,
-72.3614 -23.3938 0.8000,
-72.3614 -23.3938 1.8000,
-72.3614 14.7062 0.8000,
-72.3614 14.7062 1.8000,
-72.3194 -62.3479 0.8000,
-72.3194 -62.3479 1.8000,
-72.3194 -42.3551 0.8000,
-72.3194 -42.3551 1.8000,
-72.3194 -23.3051 0.8000,
-72.3194 -23.3051 1.8000,
-72.3194 14.7949 0.8000,
-72.3194 14.7949 1.8000,
-72.2690 -62.4321 0.8000,
-72.2690 -62.4321 1.8000,
-72.2690 -42.2709 0.8000,
-72.2690 -42.2709 1.8000,
-72.2690 -23.2209 0.8000,
-72.2690 -23.2209 1.8000,
-72.2690 14.8791 0.8000,
-72.2690 14.8791 1.8000,
-72.2105 -62.5109 0.8000,
-72.2105 -62.5109 1.8000,
-72.2105 -42.1921 0.8000,
-72.2105 -42.1921 1.8000,
-72.2105 -23.1421 0.8000,
-72.2105 -23.1421 1.8000,
-72.2105 14.9579 0.8000,
-72.2105 14.9579 1.8000,
-72.1446 -62.5836 0.8000,
-72.1446 -62.5836 1.8000,
-72.1446 -42.1194 0.8000,
-72.1446 -42.1194 1.8000,
-72.1446 -23.0694 0.8000,
-72.1446 -23.0694 1.8000,
-72.1446 15.0306 0.8000,
-72.1446 15.0306 1.8000,
-72.0719 -62.6495 0.8000,
-72.0719 -62.6495 1.8000,
-72.0719 -42.0535 0.8000,
-72.0719 -42.0535 1.8000,
-72.0719 -23.0035 0.8000,
-72.0719 -23.0035 1.8000,
-72.0719 15.0965 0.8000,
-72.0719 15.0965 1.8000,
-71.9931 -62.7080 0.8000,
-71.9931 -62.7080 1.8000,
-71.9931 -41.9950 0.8000,
-71.9931 -41.9950 1.8000,
-71.9931 -22.9450 0.8000,
-71.9931 -22.9450 1.8000,
-71.9931 15.1550 0.8000,
-71.9931 15.1550 1.8000,
-71.9089 -62.7584 0.8000,
-71.9089 -62.7584 1.8000,
-71.9089 -41.9446 0.8000,
-71.9089 -41.9446 1.8000,
-71.9089 -22.8946 0.8000,
-71.9089 -22.8946 1.8000,
-71.9089 15.2054 0.8000,
-71.9089 15.2054 1.8000,
-71.8202 -62.8004 0.8000,
-71.8202 -62.8004 1.8000,
-71.8202 -41.9026 0.8000,
-71.8202 -41.9026 1.8000,
-71.8202 -22.8526 0.8000,
-71.8202 -22.8526 1.8000,
-71.8202 15.2474 0.8000,
-71.8202 15.2474 1.8000,
-71.7278 -62.8334 0.8000,
-71.7278 -62.8334 1.8000,
-71.7278 -41.8696 0.8000,
-71.7278 -41.8696 1.8000,
-71.7278 -22.8196 0.8000,
-71.7278 -22.8196 1.8000,
-71.7278 15.2804 0.8000,
-71.7278 15.2804 1.8000,
-71.6326 -62.8573 0.8000,
-71.6326 -62.8573 1.8000,
-71.6326 -41.8457 0.8000,
-71.6326 -41.8457 1.8000,
-71.6326 -22.7957 0.8000,
-71.6326 -22.7957 1.8000,
-71.6326 15.3043 0.8000,
-71.6326 15.3043 1.8000,
-71.5355 -62.8717 0.8000,
-71.5355 -62.8717 1.8000,
-71.5355 -41.8313 0.8000,
-71.5355 -41.8313 1.8000,
-71.5355 -22.7813 0.8000,
-71.5355 -22.7813 1.8000,
-71.5355 15.3187 0.8000,
-71.5355 15.3187 1.8000,
-71.4375 -62.8765 0.8000,
-71.4375 -62.8765 1.8000,
-71.4375 -41.8265 0.8000,
-71.4375 -41.8265 1.8000,
-71.4375 -27.1575 0.8000,
-71.4375 -27.1575 1.8000,
-71.4375 -22.7765 0.8000,
-71.4375 -22.7765 1.8000,
-71.4375 -8.1075 0.8000,
-71.4375 -8.1075 1.8000,
-71.4375 15.3235 0.8000,
-71.4375 15.3235 1.8000,
-71.3395 -27.1527 0.8000,
-71.3395 -27.1527 1.8000,
-71.3395 -8.1027 0.8000,
-71.3395 -8.1027 1.8000,
-71.2424 -27.1383 0.8000,
-71.2424 -27.1383 1.8000,
-71.2424 -8.0883 0.8000,
-71.2424 -8.0883 1.8000,
-71.1472 -27.1145 0.8000,
-71.1472 -27.1145 1.8000,
-71.1472 -8.0644 0.8000,
-71.1472 -8.0644 1.8000,
-71.0548 -27.0814 0.8000,
-71.0548 -27.0814 1.8000,
-71.0548 -8.0314 0.8000,
-71.0548 -8.0314 1.8000,
-70.9661 -27.0394 0.8000,
-70.9661 -27.0394 1.8000,
-70.9661 -7.9894 0.8000,
-70.9661 -7.9894 1.8000,
-70.8819 -26.9890 0.8000,
-70.8819 -26.9890 1.8000,
-70.8819 -7.9390 0.8000,
-70.8819 -7.9390 1.8000,
-70.8031 -26.9305 0.8000,
-70.8031 -26.9305 1.8000,
-70.8031 -7.8805 0.8000,
-70.8031 -7.8805 1.8000,
-70.7304 -26.8646 0.8000,
-70.7304 -26.8646 1.8000,
-70.7304 -7.8146 0.8000,
-70.7304 -7.8146 1.8000,
-70.6645 -26.7919 0.8000,
-70.6645 -26.7919 1.8000,
-70.6645 -7.7419 0.8000,
-70.6645 -7.7419 1.8000,
-70.6060 -26.7131 0.8000,
-70.6060 -26.7131 1.8000,
-70.6060 -7.6631 0.8000,
-70.6060 -7.6631 1.8000,
-70.5556 -26.6289 0.8000,
-70.5556 -26.6289 1.8000,
-70.5556 -7.5789 0.8000,
-70.5556 -7.5789 1.8000,
-70.5136 -26.5402 0.8000,
-70.5136 -26.5402 1.8000,
-70.5136 -7.4902 0.8000,
-70.5136 -7.4902 1.8000,
-70.4806 -26.4478 0.8000,
-70.4806 -26.4478 1.8000,
-70.4806 -7.3978 0.8000,
-70.4806 -7.3978 1.8000,
-70.4567 -26.3526 0.8000,
-70.4567 -26.3526 1.8000,
-70.4567 -7.3026 0.8000,
-70.4567 -7.3026 1.8000,
-70.4423 -26.2555 0.8000,
-70.4423 -26.2555 1.8000,
-70.4423 -7.2055 0.8000,
-70.4423 -7.2055 1.8000,
-70.4375 -60.8765 0.8000,
-70.4375 -60.8765 1.8000,
-70.4375 -43.8265 0.8000,
-70.4375 -43.8265 1.8000,
-70.4375 -26.1575 0.8000,
-70.4375 -26.1575 1.8000,
-70.4375 -24.7765 0.8000,
-70.4375 -24.7765 1.8000,
-70.4375 -7.1075 0.8000,
-70.4375 -7.1075 1.8000,
-70.4375 -5.7265 0.8000,
-70.4375 -5.7265 1.8000,
-70.4375 -3.7265 0.8000,
-70.4375 -3.7265 1.8000,
-70.4375 13.3235 0.8000,
-70.4375 13.3235 1.8000,
-65.3453 -63.0937 -1.4000,
-65.3453 -63.0937 -0.4000,
-65.3453 -63.0937 0.8000,
-65.3453 -63.0937 1.8000,
-65.3453 -44.0437 -1.4000,
-65.3453 -44.0437 -0.4000,
-65.3453 -44.0437 0.8000,
-65.3453 -44.0437 1.8000,
-65.3453 -24.9937 -1.4000,
-65.3453 -24.9937 -0.4000,
-65.3453 -24.9937 0.8000,
-65.3453 -24.9937 1.8000,
-65.3453 -5.9437 -1.4000,
-65.3453 -5.9437 -0.4000,
-65.3453 -5.9437 0.8000,
-65.3453 -5.9437 1.8000,
-65.3453 13.1063 -1.4000,
-65.3453 13.1063 -0.4000,
-65.3453 13.1063 0.8000,
-65.3453 13.1063 1.8000,
-65.2908 -62.8765 0.8000,
-65.2908 -62.8765 1.8000,
-65.2908 -43.8265 0.8000,
-65.2908 -43.8265 1.8000,
-65.2908 -24.7765 0.8000,
-65.2908 -24.7765 1.8000,
-65.2908 -5.7265 0.8000,
-65.2908 -5.7265 1.8000,
-65.2908 13.3235 0.8000,
-65.2908 13.3235 1.8000,
-65.2618 -62.7605 -1.4000,
-65.2618 -62.7605 -0.4000,
-65.2618 -43.7105 -1.4000,
-65.2618 -43.7105 -0.4000,
-65.2618 -24.6605 -1.4000,
-65.2618 -24.6605 -0.4000,
-65.2618 -5.6105 -1.4000,
-65.2618 -5.6105 -0.4000,
-65.2618 13.4395 -1.4000,
-65.2618 13.4395 -0.4000,
-65.1461 -62.4371 -1.4000,
-65.1461 -62.4371 -0.4000,
-65.1461 -43.3871 -1.4000,
-65.1461 -43.3871 -0.4000,
-65.1461 -24.3371 -1.4000,
-65.1461 -24.3371 -0.4000,
-65.1461 -5.2871 -1.4000,
-65.1461 -5.2871 -0.4000,
-65.1461 13.7629 -1.4000,
-65.1461 13.7629 -0.4000,
-65.0020 -63.1620 -1.9000,
-65.0020 -44.1120 -1.9000,
-65.0020 -25.0620 -1.9000,
-65.0020 -6.0120 -1.9000,
-65.0020 13.0380 -1.9000,
-64.9992 -62.1266 -1.4000,
-64.9992 -62.1266 -0.4000,
-64.9992 -43.0766 -1.4000,
-64.9992 -43.0766 -0.4000,
-64.9992 -24.0266 -1.4000,
-64.9992 -24.0266 -0.4000,
-64.9992 -4.9766 -1.4000,
-64.9992 -4.9766 -0.4000,
-64.9992 14.0734 -1.4000,
-64.9992 14.0734 -0.4000,
-64.9269 -62.8621 -1.9000,
-64.9269 -43.8121 -1.9000,
-64.9269 -24.7621 -1.9000,
-64.9269 -5.7121 -1.9000,
-64.9269 13.3379 -1.9000,
-64.9125 -63.5265 -1.4000,
-64.9125 -63.5265 -0.4000,
-64.9125 -63.5265 0.8000,
-64.9125 -63.5265 1.8000,
-64.9125 -44.4765 -1.4000,
-64.9125 -44.4765 -0.4000,
-64.9125 -44.4765 0.8000,
-64.9125 -44.4765 1.8000,
-64.9125 -25.4265 -1.4000,
-64.9125 -25.4265 -0.4000,
-64.9125 -25.4265 0.8000,
-64.9125 -25.4265 1.8000,
-64.9125 -6.3765 -1.4000,
-64.9125 -6.3765 -0.4000,
-64.9125 -6.3765 0.8000,
-64.9125 -6.3765 1.8000,
-64.9125 12.6735 -1.4000,
-64.9125 12.6735 -0.4000,
-64.9125 12.6735 0.8000,
-64.9125 12.6735 1.8000,
-64.8227 -62.5711 -1.9000,
-64.8227 -43.5211 -1.9000,
-64.8227 -24.4711 -1.9000,
-64.8227 -5.4211 -1.9000,
-64.8227 13.6289 -1.9000,
-64.8226 -61.8320 -1.4000,
-64.8226 -61.8320 -0.4000,
-64.8226 -42.7820 -1.4000,
-64.8226 -42.7820 -0.4000,
-64.8226 -23.7320 -1.4000,
-64.8226 -23.7320 -0.4000,
-64.8226 -4.6820 -1.4000,
-64.8226 -4.6820 -0.4000,
-64.8226 14.3680 -1.4000,
-64.8226 14.3680 -0.4000,
-64.6905 -62.2916 -1.9000,
-64.6905 -43.2416 -1.9000,
-64.6905 -24.1916 -1.9000,
-64.6905 -5.1416 -1.9000,
-64.6905 13.9084 -1.9000,
-64.6180 -61.5561 -1.4000,
-64.6180 -61.5561 -0.4000,
-64.6180 -42.5061 -1.4000,
-64.6180 -42.5061 -0.4000,
-64.6180 -23.4561 -1.4000,
-64.6180 -23.4561 -0.4000,
-64.6180 -4.4061 -1.4000,
-64.6180 -4.4061 -0.4000,
-64.6180 14.6439 -1.4000,
-64.6180 14.6439 -0.4000,
-64.6125 -63.5515 -1.9000,
-64.6125 -44.5015 -1.9000,
-64.6125 -25.4515 -1.9000,
-64.6125 -6.4015 -1.9000,
-64.6125 12.6485 -1.9000,
-64.5316 -62.0265 -1.9000,
-64.5316 -42.9765 -1.9000,
-64.5316 -23.9265 -1.9000,
-64.5316 -4.8765 -1.9000,
-64.5316 14.1735 -1.9000,
-64.4125 -64.4365 -0.4000,
-64.4125 -64.4365 0.8000,
-64.4125 -63.7765 -0.4000,
-64.4125 -63.7765 0.8000,
-64.4125 -45.3865 -0.4000,
-64.4125 -45.3865 0.8000,
-64.4125 -44.7265 -0.4000,
-64.4125 -44.7265 0.8000,
-64.4125 -26.3365 -0.4000,
-64.4125 -26.3365 0.8000,
-64.4125 -25.6765 -0.4000,
-64.4125 -25.6765 0.8000,
-64.4125 -7.2865 -0.4000,
-64.4125 -7.2865 0.8000,
-64.4125 -6.6265 -0.4000,
-64.4125 -6.6265 0.8000,
-64.4125 11.7635 -0.4000,
-64.4125 11.7635 0.8000,
-64.4125 12.4235 -0.4000,
-64.4125 12.4235 0.8000,
-64.4005 -63.5315 -0.4000,
-64.4005 -63.5315 0.8000,
-64.4005 -44.4815 -0.4000,
-64.4005 -44.4815 0.8000,
-64.4005 -25.4315 -0.4000,
-64.4005 -25.4315 0.8000,
-64.4005 -6.3815 -0.4000,
-64.4005 -6.3815 0.8000,
-64.4005 12.6685 -0.4000,
-64.4005 12.6685 0.8000,
-64.3997 -63.5265 -0.4000,
-64.3997 -63.5265 0.8000,
-64.3997 -44.4765 -0.4000,
-64.3997 -44.4765 0.8000,
-64.3997 -25.4265 -0.4000,
-64.3997 -25.4265 0.8000,
-64.3997 -6.3765 -0.4000,
-64.3997 -6.3765 0.8000,
-64.3997 12.6735 -0.4000,
-64.3997 12.6735 0.8000,
-64.3874 -61.3016 -1.4000,
-64.3874 -61.3016 -0.4000,
-64.3874 -42.2516 -1.4000,
-64.3874 -42.2516 -0.4000,
-64.3874 -23.2016 -1.4000,
-64.3874 -23.2016 -0.4000,
-64.3874 -4.1516 -1.4000,
-64.3874 -4.1516 -0.4000,
-64.3874 14.8984 -1.4000,
-64.3874 14.8984 -0.4000,
-64.3645 -63.2888 -0.4000,
-64.3645 -63.2888 0.8000,
-64.3645 -44.2388 -0.4000,
-64.3645 -44.2388 0.8000,
-64.3645 -25.1888 -0.4000,
-64.3645 -25.1888 0.8000,
-64.3645 -6.1388 -0.4000,
-64.3645 -6.1388 0.8000,
-64.3645 12.9112 -0.4000,
-64.3645 12.9112 0.8000,
-64.3475 -61.7782 -1.9000,
-64.3475 -42.7282 -1.9000,
-64.3475 -23.6782 -1.9000,
-64.3475 -4.6282 -1.9000,
-64.3475 14.4218 -1.9000,
-64.3049 -63.0508 -0.4000,
-64.3049 -63.0508 0.8000,
-64.3049 -44.0008 -0.4000,
-64.3049 -44.0008 0.8000,
-64.3049 -24.9508 -0.4000,
-64.3049 -24.9508 0.8000,
-64.3049 -5.9008 -0.4000,
-64.3049 -5.9008 0.8000,
-64.3049 13.1492 -0.4000,
-64.3049 13.1492 0.8000,
-64.2222 -62.8198 -0.4000,
-64.2222 -62.8198 0.8000,
-64.2222 -43.7698 -0.4000,
-64.2222 -43.7698 0.8000,
-64.2222 -24.7198 -0.4000,
-64.2222 -24.7198 0.8000,
-64.2222 -5.6698 -0.4000,
-64.2222 -5.6698 0.8000,
-64.2222 13.3802 -0.4000,
-64.2222 13.3802 0.8000,
-64.1399 -61.5491 -1.9000,
-64.1399 -42.4991 -1.9000,
-64.1399 -23.4491 -1.9000,
-64.1399 -4.3991 -1.9000,
-64.1399 14.6509 -1.9000,
-64.1329 -61.0710 -1.4000,
-64.1329 -61.0710 -0.4000,
-64.1329 -42.0210 -1.4000,
-64.1329 -42.0210 -0.4000,
-64.1329 -22.9710 -1.4000,
-64.1329 -22.9710 -0.4000,
-64.1329 -3.9210 -1.4000,
-64.1329 -3.9210 -0.4000,
-64.1329 15.1290 -1.4000,
-64.1329 15.1290 -0.4000,
-64.1173 -62.5980 -0.4000,
-64.1173 -62.5980 0.8000,
-64.1173 -43.5480 -0.4000,
-64.1173 -43.5480 0.8000,
-64.1173 -24.4980 -0.4000,
-64.1173 -24.4980 0.8000,
-64.1173 -5.4480 -0.4000,
-64.1173 -5.4480 0.8000,
-64.1173 13.6020 -0.4000,
-64.1173 13.6020 0.8000,
-63.9912 -62.3876 -0.4000,
-63.9912 -62.3876 0.8000,
-63.9912 -43.3376 -0.4000,
-63.9912 -43.3376 0.8000,
-63.9912 -24.2876 -0.4000,
-63.9912 -24.2876 0.8000,
-63.9912 -5.2376 -0.4000,
-63.9912 -5.2376 0.8000,
-63.9912 13.8124 -0.4000,
-63.9912 13.8124 0.8000,
-63.9108 -61.3415 -1.9000,
-63.9108 -42.2915 -1.9000,
-63.9108 -23.2415 -1.9000,
-63.9108 -4.1915 -1.9000,
-63.9108 14.8585 -1.9000,
-63.8707 -60.8765 0.8000,
-63.8707 -60.8765 1.8000,
-63.8707 -41.8265 0.8000,
-63.8707 -41.8265 1.8000,
-63.8707 -22.7765 0.8000,
-63.8707 -22.7765 1.8000,
-63.8707 -3.7265 0.8000,
-63.8707 -3.7265 1.8000,
-63.8707 15.3235 0.8000,
-63.8707 15.3235 1.8000,
-63.8570 -60.8664 -1.4000,
-63.8570 -60.8664 -0.4000,
-63.8570 -60.8664 0.8000,
-63.8570 -60.8664 1.8000,
-63.8570 -41.8164 -1.4000,
-63.8570 -41.8164 -0.4000,
-63.8570 -41.8164 0.8000,
-63.8570 -41.8164 1.8000,
-63.8570 -22.7664 -1.4000,
-63.8570 -22.7664 -0.4000,
-63.8570 -22.7664 0.8000,
-63.8570 -22.7664 1.8000,
-63.8570 -3.7164 -1.4000,
-63.8570 -3.7164 -0.4000,
-63.8570 -3.7164 0.8000,
-63.8570 -3.7164 1.8000,
-63.8570 15.3336 -1.4000,
-63.8570 15.3336 -0.4000,
-63.8570 15.3336 0.8000,
-63.8570 15.3336 1.8000,
-63.8450 -62.1905 -0.4000,
-63.8450 -62.1905 0.8000,
-63.8450 -43.1405 -0.4000,
-63.8450 -43.1405 0.8000,
-63.8450 -24.0905 -0.4000,
-63.8450 -24.0905 0.8000,
-63.8450 -5.0405 -0.4000,
-63.8450 -5.0405 0.8000,
-63.8450 14.0095 -0.4000,
-63.8450 14.0095 0.8000,
-63.6803 -62.0087 -0.4000,
-63.6803 -62.0087 0.8000,
-63.6803 -42.9587 -0.4000,
-63.6803 -42.9587 0.8000,
-63.6803 -23.9087 -0.4000,
-63.6803 -23.9087 0.8000,
-63.6803 -4.8587 -0.4000,
-63.6803 -4.8587 0.8000,
-63.6803 14.1913 -0.4000,
-63.6803 14.1913 0.8000,
-63.6625 -61.1574 -1.9000,
-63.6625 -42.1074 -1.9000,
-63.6625 -23.0574 -1.9000,
-63.6625 -4.0074 -1.9000,
-63.6625 15.0426 -1.9000,
-63.5624 -60.6898 -1.4000,
-63.5624 -60.6898 -0.4000,
-63.5624 -60.6898 0.8000,
-63.5624 -60.6898 1.8000,
-63.5624 -41.6398 -1.4000,
-63.5624 -41.6398 -0.4000,
-63.5624 -41.6398 0.8000,
-63.5624 -41.6398 1.8000,
-63.5624 -22.5898 -1.4000,
-63.5624 -22.5898 -0.4000,
-63.5624 -22.5898 0.8000,
-63.5624 -22.5898 1.8000,
-63.5624 -3.5398 -1.4000,
-63.5624 -3.5398 -0.4000,
-63.5624 -3.5398 0.8000,
-63.5624 -3.5398 1.8000,
-63.5624 15.5102 -1.4000,
-63.5624 15.5102 -0.4000,
-63.5624 15.5102 0.8000,
-63.5624 15.5102 1.8000,
-63.4985 -61.8440 -0.4000,
-63.4985 -61.8440 0.8000,
-63.4985 -42.7940 -0.4000,
-63.4985 -42.7940 0.8000,
-63.4985 -23.7440 -0.4000,
-63.4985 -23.7440 0.8000,
-63.4985 -4.6940 -0.4000,
-63.4985 -4.6940 0.8000,
-63.4985 14.3560 -0.4000,
-63.4985 14.3560 0.8000,
-63.3974 -60.9985 -1.9000,
-63.3974 -41.9485 -1.9000,
-63.3974 -22.8985 -1.9000,
-63.3974 -3.8485 -1.9000,
-63.3974 15.2015 -1.9000,
-63.3014 -61.6978 -0.4000,
-63.3014 -61.6978 0.8000,
-63.3014 -42.6478 -0.4000,
-63.3014 -42.6478 0.8000,
-63.3014 -23.5978 -0.4000,
-63.3014 -23.5978 0.8000,
-63.3014 -4.5478 -0.4000,
-63.3014 -4.5478 0.8000,
-63.3014 14.5022 -0.4000,
-63.3014 14.5022 0.8000,
-63.2519 -60.5429 -1.4000,
-63.2519 -60.5429 -0.4000,
-63.2519 -60.5429 0.8000,
-63.2519 -60.5429 1.8000,
-63.2519 -41.4929 -1.4000,
-63.2519 -41.4929 -0.4000,
-63.2519 -41.4929 0.8000,
-63.2519 -41.4929 1.8000,
-63.2519 -22.4429 -1.4000,
-63.2519 -22.4429 -0.4000,
-63.2519 -22.4429 0.8000,
-63.2519 -22.4429 1.8000,
-63.2519 -3.3929 -1.4000,
-63.2519 -3.3929 -0.4000,
-63.2519 -3.3929 0.8000,
-63.2519 -3.3929 1.8000,
-63.2519 15.6571 -1.4000,
-63.2519 15.6571 -0.4000,
-63.2519 15.6571 0.8000,
-63.2519 15.6571 1.8000,
-63.1180 -60.8663 -1.9000,
-63.1180 -41.8163 -1.9000,
-63.1180 -22.7663 -1.9000,
-63.1180 -3.7163 -1.9000,
-63.1180 15.3337 -1.9000,
-63.0910 -61.5717 -0.4000,
-63.0910 -61.5717 0.8000,
-63.0910 -42.5217 -0.4000,
-63.0910 -42.5217 0.8000,
-63.0910 -23.4717 -0.4000,
-63.0910 -23.4717 0.8000,
-63.0910 -4.4217 -0.4000,
-63.0910 -4.4217 0.8000,
-63.0910 14.6283 -0.4000,
-63.0910 14.6283 0.8000,
-62.9285 -60.4272 -1.4000,
-62.9285 -60.4272 -0.4000,
-62.9285 -60.4272 0.8000,
-62.9285 -60.4272 1.8000,
-62.9285 -41.3772 -1.4000,
-62.9285 -41.3772 -0.4000,
-62.9285 -41.3772 0.8000,
-62.9285 -41.3772 1.8000,
-62.9285 -22.3272 -1.4000,
-62.9285 -22.3272 -0.4000,
-62.9285 -22.3272 0.8000,
-62.9285 -22.3272 1.8000,
-62.9285 -3.2772 -1.4000,
-62.9285 -3.2772 -0.4000,
-62.9285 -3.2772 0.8000,
-62.9285 -3.2772 1.8000,
-62.9285 15.7728 -1.4000,
-62.9285 15.7728 -0.4000,
-62.9285 15.7728 0.8000,
-62.9285 15.7728 1.8000,
-62.8692 -61.4668 -0.4000,
-62.8692 -61.4668 0.8000,
-62.8692 -42.4168 -0.4000,
-62.8692 -42.4168 0.8000,
-62.8692 -23.3668 -0.4000,
-62.8692 -23.3668 0.8000,
-62.8692 -4.3168 -0.4000,
-62.8692 -4.3168 0.8000,
-62.8692 14.7332 -0.4000,
-62.8692 14.7332 0.8000,
-62.8269 -60.7621 -1.9000,
-62.8269 -41.7121 -1.9000,
-62.8269 -22.6621 -1.9000,
-62.8269 -3.6121 -1.9000,
-62.8269 15.4379 -1.9000,
-62.6382 -61.3842 -0.4000,
-62.6382 -61.3842 0.8000,
-62.6382 -42.3342 -0.4000,
-62.6382 -42.3342 0.8000,
-62.6382 -23.2841 -0.4000,
-62.6382 -23.2841 0.8000,
-62.6382 -4.2342 -0.4000,
-62.6382 -4.2342 0.8000,
-62.6382 14.8159 -0.4000,
-62.6382 14.8159 0.8000,
-62.5953 -60.3438 -1.4000,
-62.5953 -60.3438 -0.4000,
-62.5953 -60.3438 0.8000,
-62.5953 -60.3438 1.8000,
-62.5953 -41.2938 -1.4000,
-62.5953 -41.2938 -0.4000,
-62.5953 -41.2938 0.8000,
-62.5953 -41.2938 1.8000,
-62.5953 -22.2438 -1.4000,
-62.5953 -22.2438 -0.4000,
-62.5953 -22.2438 0.8000,
-62.5953 -22.2438 1.8000,
-62.5953 -3.1938 -1.4000,
-62.5953 -3.1938 -0.4000,
-62.5953 -3.1938 0.8000,
-62.5953 -3.1938 1.8000,
-62.5953 15.8562 -1.4000,
-62.5953 15.8562 -0.4000,
-62.5953 15.8562 0.8000,
-62.5953 15.8562 1.8000,
-62.5270 -60.6870 -1.9000,
-62.5270 -41.6370 -1.9000,
-62.5270 -22.5870 -1.9000,
-62.5270 -3.5370 -1.9000,
-62.5270 15.5130 -1.9000,
-62.4002 -61.3245 -0.4000,
-62.4002 -61.3245 0.8000,
-62.4002 -42.2746 -0.4000,
-62.4002 -42.2746 0.8000,
-62.4002 -23.2245 -0.4000,
-62.4002 -23.2245 0.8000,
-62.4002 -4.1746 -0.4000,
-62.4002 -4.1746 0.8000,
-62.4002 14.8755 -0.4000,
-62.4002 14.8755 0.8000,
-62.2556 -60.2934 -1.4000,
-62.2556 -60.2934 -0.4000,
-62.2556 -60.2934 0.8000,
-62.2556 -60.2934 1.8000,
-62.2556 -41.2434 -1.4000,
-62.2556 -41.2434 -0.4000,
-62.2556 -41.2434 0.8000,
-62.2556 -41.2434 1.8000,
-62.2556 -22.1934 -1.4000,
-62.2556 -22.1934 -0.4000,
-62.2556 -22.1934 0.8000,
-62.2556 -22.1934 1.8000,
-62.2556 -3.1434 -1.4000,
-62.2556 -3.1434 -0.4000,
-62.2556 -3.1434 0.8000,
-62.2556 -3.1434 1.8000,
-62.2556 15.9066 -1.4000,
-62.2556 15.9066 -0.4000,
-62.2556 15.9066 0.8000,
-62.2556 15.9066 1.8000,
-62.2212 -60.6417 -1.9000,
-62.2212 -41.5917 -1.9000,
-62.2212 -22.5417 -1.9000,
-62.2212 -3.4917 -1.9000,
-62.2212 15.5583 -1.9000,
-62.1575 -61.2885 -0.4000,
-62.1575 -61.2885 0.8000,
-62.1575 -42.2385 -0.4000,
-62.1575 -42.2385 0.8000,
-62.1575 -23.1885 -0.4000,
-62.1575 -23.1885 0.8000,
-62.1575 -4.1385 -0.4000,
-62.1575 -4.1385 0.8000,
-62.1575 14.9115 -0.4000,
-62.1575 14.9115 0.8000,
-61.9125 -61.2765 -0.4000,
-61.9125 -61.2765 0.8000,
-61.9125 -60.6265 -1.9000,
-61.9125 -60.2765 -1.4000,
-61.9125 -60.2765 -0.4000,
-61.9125 -60.2765 0.8000,
-61.9125 -60.2765 1.8000,
-61.9125 -42.2265 -0.4000,
-61.9125 -42.2265 0.8000,
-61.9125 -41.5765 -1.9000,
-61.9125 -41.2265 -1.4000,
-61.9125 -41.2265 -0.4000,
-61.9125 -41.2265 0.8000,
-61.9125 -41.2265 1.8000,
-61.9125 -23.1765 -0.4000,
-61.9125 -23.1765 0.8000,
-61.9125 -22.5265 -1.9000,
-61.9125 -22.1765 -1.4000,
-61.9125 -22.1765 -0.4000,
-61.9125 -22.1765 0.8000,
-61.9125 -22.1765 1.8000,
-61.9125 -4.1265 -0.4000,
-61.9125 -4.1265 0.8000,
-61.9125 -3.4765 -1.9000,
-61.9125 -3.1265 -1.4000,
-61.9125 -3.1265 -0.4000,
-61.9125 -3.1265 0.8000,
-61.9125 -3.1265 1.8000,
-61.9125 14.9235 -0.4000,
-61.9125 14.9235 0.8000,
-61.9125 15.5735 -1.9000,
-61.9125 15.9235 -1.4000,
-61.9125 15.9235 -0.4000,
-61.9125 15.9235 0.8000,
-61.9125 15.9235 1.8000,
-61.6675 -61.2885 -0.4000,
-61.6675 -61.2885 0.8000,
-61.6675 -42.2385 -0.4000,
-61.6675 -42.2385 0.8000,
-61.6675 -23.1885 -0.4000,
-61.6675 -23.1885 0.8000,
-61.6675 -4.1385 -0.4000,
-61.6675 -4.1385 0.8000,
-61.6675 14.9115 -0.4000,
-61.6675 14.9115 0.8000,
-61.6038 -60.6417 -1.9000,
-61.6038 -41.5917 -1.9000,
-61.6038 -22.5417 -1.9000,
-61.6038 -3.4917 -1.9000,
-61.6038 15.5583 -1.9000,
-61.5695 -60.2934 -1.4000,
-61.5695 -60.2934 -0.4000,
-61.5695 -60.2934 0.8000,
-61.5695 -60.2934 1.8000,
-61.5695 -41.2434 -1.4000,
-61.5695 -41.2434 -0.4000,
-61.5695 -41.2434 0.8000,
-61.5695 -41.2434 1.8000,
-61.5695 -22.1934 -1.4000,
-61.5695 -22.1934 -0.4000,
-61.5695 -22.1934 0.8000,
-61.5695 -22.1934 1.8000,
-61.5695 -3.1434 -1.4000,
-61.5695 -3.1434 -0.4000,
-61.5695 -3.1434 0.8000,
-61.5695 -3.1434 1.8000,
-61.5695 15.9066 -1.4000,
-61.5695 15.9066 -0.4000,
-61.5695 15.9066 0.8000,
-61.5695 15.9066 1.8000,
-61.4248 -61.3245 -0.4000,
-61.4248 -61.3245 0.8000,
-61.4248 -42.2746 -0.4000,
-61.4248 -42.2746 0.8000,
-61.4248 -23.2245 -0.4000,
-61.4248 -23.2245 0.8000,
-61.4248 -4.1746 -0.4000,
-61.4248 -4.1746 0.8000,
-61.4248 14.8755 -0.4000,
-61.4248 14.8755 0.8000,
-61.2980 -60.6870 -1.9000,
-61.2980 -41.6370 -1.9000,
-61.2980 -22.5870 -1.9000,
-61.2980 -3.5370 -1.9000,
-61.2980 15.5130 -1.9000,
-61.2297 -60.3438 -1.4000,
-61.2297 -60.3438 -0.4000,
-61.2297 -60.3438 0.8000,
-61.2297 -60.3438 1.8000,
-61.2297 -41.2938 -1.4000,
-61.2297 -41.2938 -0.4000,
-61.2297 -41.2938 0.8000,
-61.2297 -41.2938 1.8000,
-61.2297 -22.2438 -1.4000,
-61.2297 -22.2438 -0.4000,
-61.2297 -22.2438 0.8000,
-61.2297 -22.2438 1.8000,
-61.2297 -3.1938 -1.4000,
-61.2297 -3.1938 -0.4000,
-61.2297 -3.1938 0.8000,
-61.2297 -3.1938 1.8000,
-61.2297 15.8562 -1.4000,
-61.2297 15.8562 -0.4000,
-61.2297 15.8562 0.8000,
-61.2297 15.8562 1.8000,
-61.1868 -61.3842 -0.4000,
-61.1868 -61.3842 0.8000,
-61.1868 -42.3342 -0.4000,
-61.1868 -42.3342 0.8000,
-61.1868 -23.2841 -0.4000,
-61.1868 -23.2841 0.8000,
-61.1868 -4.2342 -0.4000,
-61.1868 -4.2342 0.8000,
-61.1868 14.8159 -0.4000,
-61.1868 14.8159 0.8000,
-60.9981 -60.7621 -1.9000,
-60.9981 -41.7121 -1.9000,
-60.9981 -22.6621 -1.9000,
-60.9981 -3.6121 -1.9000,
-60.9981 15.4379 -1.9000,
-60.9558 -61.4668 -0.4000,
-60.9558 -61.4668 0.8000,
-60.9558 -42.4168 -0.4000,
-60.9558 -42.4168 0.8000,
-60.9558 -23.3668 -0.4000,
-60.9558 -23.3668 0.8000,
-60.9558 -4.3168 -0.4000,
-60.9558 -4.3168 0.8000,
-60.9558 14.7332 -0.4000,
-60.9558 14.7332 0.8000,
-60.8965 -60.4272 -1.4000,
-60.8965 -60.4272 -0.4000,
-60.8965 -60.4272 0.8000,
-60.8965 -60.4272 1.8000,
-60.8965 -41.3772 -1.4000,
-60.8965 -41.3772 -0.4000,
-60.8965 -41.3772 0.8000,
-60.8965 -41.3772 1.8000,
-60.8965 -22.3272 -1.4000,
-60.8965 -22.3272 -0.4000,
-60.8965 -22.3272 0.8000,
-60.8965 -22.3272 1.8000,
-60.8965 -3.2772 -1.4000,
-60.8965 -3.2772 -0.4000,
-60.8965 -3.2772 0.8000,
-60.8965 -3.2772 1.8000,
-60.8965 15.7728 -1.4000,
-60.8965 15.7728 -0.4000,
-60.8965 15.7728 0.8000,
-60.8965 15.7728 1.8000,
-60.7340 -61.5717 -0.4000,
-60.7340 -61.5717 0.8000,
-60.7340 -42.5217 -0.4000,
-60.7340 -42.5217 0.8000,
-60.7340 -23.4717 -0.4000,
-60.7340 -23.4717 0.8000,
-60.7340 -4.4217 -0.4000,
-60.7340 -4.4217 0.8000,
-60.7340 14.6283 -0.4000,
-60.7340 14.6283 0.8000,
-60.7071 -60.8663 -1.9000,
-60.7071 -41.8163 -1.9000,
-60.7071 -22.7663 -1.9000,
-60.7071 -3.7163 -1.9000,
-60.7071 15.3337 -1.9000,
-60.5731 -60.5429 -1.4000,
-60.5731 -60.5429 -0.4000,
-60.5731 -60.5429 0.8000,
-60.5731 -60.5429 1.8000,
-60.5731 -41.4929 -1.4000,
-60.5731 -41.4929 -0.4000,
-60.5731 -41.4929 0.8000,
-60.5731 -41.4929 1.8000,
-60.5731 -22.4429 -1.4000,
-60.5731 -22.4429 -0.4000,
-60.5731 -22.4429 0.8000,
-60.5731 -22.4429 1.8000,
-60.5731 -3.3929 -1.4000,
-60.5731 -3.3929 -0.4000,
-60.5731 -3.3929 0.8000,
-60.5731 -3.3929 1.8000,
-60.5731 15.6571 -1.4000,
-60.5731 15.6571 -0.4000,
-60.5731 15.6571 0.8000,
-60.5731 15.6571 1.8000,
-60.5236 -61.6978 -0.4000,
-60.5236 -61.6978 0.8000,
-60.5236 -42.6478 -0.4000,
-60.5236 -42.6478 0.8000,
-60.5236 -23.5978 -0.4000,
-60.5236 -23.5978 0.8000,
-60.5236 -4.5478 -0.4000,
-60.5236 -4.5478 0.8000,
-60.5236 14.5022 -0.4000,
-60.5236 14.5022 0.8000,
-60.4276 -60.9985 -1.9000,
-60.4276 -41.9485 -1.9000,
-60.4276 -22.8985 -1.9000,
-60.4276 -3.8485 -1.9000,
-60.4276 15.2015 -1.9000,
-60.3265 -61.8440 -0.4000,
-60.3265 -61.8440 0.8000,
-60.3265 -42.7940 -0.4000,
-60.3265 -42.7940 0.8000,
-60.3265 -23.7440 -0.4000,
-60.3265 -23.7440 0.8000,
-60.3265 -4.6940 -0.4000,
-60.3265 -4.6940 0.8000,
-60.3265 14.3560 -0.4000,
-60.3265 14.3560 0.8000,
-60.2626 -60.6898 -1.4000,
-60.2626 -60.6898 -0.4000,
-60.2626 -60.6898 0.8000,
-60.2626 -60.6898 1.8000,
-60.2626 -41.6398 -1.4000,
-60.2626 -41.6398 -0.4000,
-60.2626 -41.6398 0.8000,
-60.2626 -41.6398 1.8000,
-60.2626 -22.5898 -1.4000,
-60.2626 -22.5898 -0.4000,
-60.2626 -22.5898 0.8000,
-60.2626 -22.5898 1.8000,
-60.2626 -3.5398 -1.4000,
-60.2626 -3.5398 -0.4000,
-60.2626 -3.5398 0.8000,
-60.2626 -3.5398 1.8000,
-60.2626 15.5102 -1.4000,
-60.2626 15.5102 -0.4000,
-60.2626 15.5102 0.8000,
-60.2626 15.5102 1.8000,
-60.1625 -61.1574 -1.9000,
-60.1625 -42.1074 -1.9000,
-60.1625 -23.0574 -1.9000,
-60.1625 -4.0074 -1.9000,
-60.1625 15.0426 -1.9000,
-60.1447 -62.0087 -0.4000,
-60.1447 -62.0087 0.8000,
-60.1447 -42.9587 -0.4000,
-60.1447 -42.9587 0.8000,
-60.1447 -23.9087 -0.4000,
-60.1447 -23.9087 0.8000,
-60.1447 -4.8587 -0.4000,
-60.1447 -4.8587 0.8000,
-60.1447 14.1913 -0.4000,
-60.1447 14.1913 0.8000,
-59.9800 -62.1905 -0.4000,
-59.9800 -62.1905 0.8000,
-59.9800 -43.1405 -0.4000,
-59.9800 -43.1405 0.8000,
-59.9800 -24.0905 -0.4000,
-59.9800 -24.0905 0.8000,
-59.9800 -5.0405 -0.4000,
-59.9800 -5.0405 0.8000,
-59.9800 14.0095 -0.4000,
-59.9800 14.0095 0.8000,
-59.9680 -60.8664 -1.4000,
-59.9680 -60.8664 -0.4000,
-59.9680 -60.8664 0.8000,
-59.9680 -60.8664 1.8000,
-59.9680 -41.8164 -1.4000,
-59.9680 -41.8164 -0.4000,
-59.9680 -41.8164 0.8000,
-59.9680 -41.8164 1.8000,
-59.9680 -22.7664 -1.4000,
-59.9680 -22.7664 -0.4000,
-59.9680 -22.7664 0.8000,
-59.9680 -22.7664 1.8000,
-59.9680 -3.7164 -1.4000,
-59.9680 -3.7164 -0.4000,
-59.9680 -3.7164 0.8000,
-59.9680 -3.7164 1.8000,
-59.9680 15.3336 -1.4000,
-59.9680 15.3336 -0.4000,
-59.9680 15.3336 0.8000,
-59.9680 15.3336 1.8000,
-59.9544 -60.8765 0.8000,
-59.9544 -60.8765 1.8000,
-59.9543 -41.8265 0.8000,
-59.9543 -41.8265 1.8000,
-59.9543 -22.7765 0.8000,
-59.9543 -22.7765 1.8000,
-59.9543 -3.7265 0.8000,
-59.9543 -3.7265 1.8000,
-59.9543 15.3235 0.8000,
-59.9543 15.3235 1.8000,
-59.9142 -61.3415 -1.9000,
-59.9142 -42.2915 -1.9000,
-59.9142 -23.2415 -1.9000,
-59.9142 -4.1915 -1.9000,
-59.9142 14.8585 -1.9000,
-59.8338 -62.3876 -0.4000,
-59.8338 -62.3876 0.8000,
-59.8338 -43.3376 -0.4000,
-59.8338 -43.3376 0.8000,
-59.8338 -24.2876 -0.4000,
-59.8338 -24.2876 0.8000,
-59.8338 -5.2376 -0.4000,
-59.8338 -5.2376 0.8000,
-59.8338 13.8124 -0.4000,
-59.8338 13.8124 0.8000,
-59.7077 -62.5980 -0.4000,
-59.7077 -62.5980 0.8000,
-59.7077 -43.5480 -0.4000,
-59.7077 -43.5480 0.8000,
-59.7077 -24.4980 -0.4000,
-59.7077 -24.4980 0.8000,
-59.7077 -5.4480 -0.4000,
-59.7077 -5.4480 0.8000,
-59.7077 13.6020 -0.4000,
-59.7077 13.6020 0.8000,
-59.6921 -61.0710 -1.4000,
-59.6921 -61.0710 -0.4000,
-59.6921 -42.0210 -1.4000,
-59.6921 -42.0210 -0.4000,
-59.6921 -22.9710 -1.4000,
-59.6921 -22.9710 -0.4000,
-59.6921 -3.9210 -1.4000,
-59.6921 -3.9210 -0.4000,
-59.6921 15.1290 -1.4000,
-59.6921 15.1290 -0.4000,
-59.6851 -61.5491 -1.9000,
-59.6851 -42.4991 -1.9000,
-59.6851 -23.4491 -1.9000,
-59.6851 -4.3991 -1.9000,
-59.6851 14.6509 -1.9000,
-59.6028 -62.8198 -0.4000,
-59.6028 -62.8198 0.8000,
-59.6028 -43.7698 -0.4000,
-59.6028 -43.7698 0.8000,
-59.6028 -24.7198 -0.4000,
-59.6028 -24.7198 0.8000,
-59.6028 -5.6698 -0.4000,
-59.6028 -5.6698 0.8000,
-59.6028 13.3802 -0.4000,
-59.6028 13.3802 0.8000,
-59.5202 -63.0508 -0.4000,
-59.5202 -63.0508 0.8000,
-59.5202 -44.0008 -0.4000,
-59.5202 -44.0008 0.8000,
-59.5202 -24.9508 -0.4000,
-59.5202 -24.9508 0.8000,
-59.5202 -5.9008 -0.4000,
-59.5202 -5.9008 0.8000,
-59.5202 13.1492 -0.4000,
-59.5202 13.1492 0.8000,
-59.4775 -61.7782 -1.9000,
-59.4775 -42.7282 -1.9000,
-59.4775 -23.6782 -1.9000,
-59.4775 -4.6282 -1.9000,
-59.4775 14.4218 -1.9000,
-59.4606 -63.2888 -0.4000,
-59.4606 -63.2888 0.8000,
-59.4606 -44.2388 -0.4000,
-59.4606 -44.2388 0.8000,
-59.4606 -25.1888 -0.4000,
-59.4606 -25.1888 0.8000,
-59.4606 -6.1388 -0.4000,
-59.4606 -6.1388 0.8000,
-59.4606 12.9112 -0.4000,
-59.4606 12.9112 0.8000,
-59.4376 -61.3016 -1.4000,
-59.4376 -61.3016 -0.4000,
-59.4376 -42.2516 -1.4000,
-59.4376 -42.2516 -0.4000,
-59.4376 -23.2016 -1.4000,
-59.4376 -23.2016 -0.4000,
-59.4376 -4.1516 -1.4000,
-59.4376 -4.1516 -0.4000,
-59.4376 14.8984 -1.4000,
-59.4376 14.8984 -0.4000,
-59.4253 -63.5265 -0.4000,
-59.4253 -63.5265 0.8000,
-59.4253 -44.4765 -0.4000,
-59.4253 -44.4765 0.8000,
-59.4253 -25.4265 -0.4000,
-59.4253 -25.4265 0.8000,
-59.4253 -6.3765 -0.4000,
-59.4253 -6.3765 0.8000,
-59.4253 12.6735 -0.4000,
-59.4253 12.6735 0.8000,
-59.4245 -63.5315 -0.4000,
-59.4245 -63.5315 0.8000,
-59.4245 -44.4815 -0.4000,
-59.4245 -44.4815 0.8000,
-59.4245 -25.4315 -0.4000,
-59.4245 -25.4315 0.8000,
-59.4245 -6.3815 -0.4000,
-59.4245 -6.3815 0.8000,
-59.4245 12.6685 -0.4000,
-59.4245 12.6685 0.8000,
-59.4125 -64.4365 -0.4000,
-59.4125 -64.4365 0.8000,
-59.4125 -63.7765 -0.4000,
-59.4125 -63.7765 0.8000,
-59.4125 -45.3865 -0.4000,
-59.4125 -45.3865 0.8000,
-59.4125 -44.7265 -0.4000,
-59.4125 -44.7265 0.8000,
-59.4125 -26.3365 -0.4000,
-59.4125 -26.3365 0.8000,
-59.4125 -25.6765 -0.4000,
-59.4125 -25.6765 0.8000,
-59.4125 -7.2865 -0.4000,
-59.4125 -7.2865 0.8000,
-59.4125 -6.6265 -0.4000,
-59.4125 -6.6265 0.8000,
-59.4125 11.7635 -0.4000,
-59.4125 11.7635 0.8000,
-59.4125 12.4235 -0.4000,
-59.4125 12.4235 0.8000,
-59.2934 -62.0265 -1.9000,
-59.2934 -42.9765 -1.9000,
-59.2934 -23.9265 -1.9000,
-59.2934 -4.8765 -1.9000,
-59.2934 14.1735 -1.9000,
-59.2125 -63.5515 -1.9000,
-59.2125 -44.5015 -1.9000,
-59.2125 -25.4515 -1.9000,
-59.2125 -6.4015 -1.9000,
-59.2125 12.6485 -1.9000,
-59.2070 -61.5561 -1.4000,
-59.2070 -61.5561 -0.4000,
-59.2070 -42.5061 -1.4000,
-59.2070 -42.5061 -0.4000,
-59.2070 -23.4561 -1.4000,
-59.2070 -23.4561 -0.4000,
-59.2070 -4.4061 -1.4000,
-59.2070 -4.4061 -0.4000,
-59.2070 14.6439 -1.4000,
-59.2070 14.6439 -0.4000,
-59.1345 -62.2916 -1.9000,
-59.1345 -43.2416 -1.9000,
-59.1345 -24.1916 -1.9000,
-59.1345 -5.1416 -1.9000,
-59.1345 13.9084 -1.9000,
-59.0024 -61.8320 -1.4000,
-59.0024 -61.8320 -0.4000,
-59.0024 -42.7820 -1.4000,
-59.0024 -42.7820 -0.4000,
-59.0024 -23.7320 -1.4000,
-59.0024 -23.7320 -0.4000,
-59.0024 -4.6820 -1.4000,
-59.0024 -4.6820 -0.4000,
-59.0024 14.3680 -1.4000,
-59.0024 14.3680 -0.4000,
-59.0023 -62.5711 -1.9000,
-59.0023 -43.5211 -1.9000,
-59.0023 -24.4711 -1.9000,
-59.0023 -5.4211 -1.9000,
-59.0023 13.6289 -1.9000,
-58.9125 -63.5265 -1.4000,
-58.9125 -63.5265 -0.4000,
-58.9125 -63.5265 0.8000,
-58.9125 -63.5265 1.8000,
-58.9125 -44.4765 -1.4000,
-58.9125 -44.4765 -0.4000,
-58.9125 -44.4765 0.8000,
-58.9125 -44.4765 1.8000,
-58.9125 -25.4265 -1.4000,
-58.9125 -25.4265 -0.4000,
-58.9125 -25.4265 0.8000,
-58.9125 -25.4265 1.8000,
-58.9125 -6.3765 -1.4000,
-58.9125 -6.3765 -0.4000,
-58.9125 -6.3765 0.8000,
-58.9125 -6.3765 1.8000,
-58.9125 12.6735 -1.4000,
-58.9125 12.6735 -0.4000,
-58.9125 12.6735 0.8000,
-58.9125 12.6735 1.8000,
-58.8981 -62.8621 -1.9000,
-58.8981 -43.8121 -1.9000,
-58.8981 -24.7621 -1.9000,
-58.8981 -5.7121 -1.9000,
-58.8981 13.3379 -1.9000,
-58.8258 -62.1266 -1.4000,
-58.8258 -62.1266 -0.4000,
-58.8258 -43.0766 -1.4000,
-58.8258 -43.0766 -0.4000,
-58.8258 -24.0266 -1.4000,
-58.8258 -24.0266 -0.4000,
-58.8258 -4.9766 -1.4000,
-58.8258 -4.9766 -0.4000,
-58.8258 14.0734 -1.4000,
-58.8258 14.0734 -0.4000,
-58.8230 -63.1620 -1.9000,
-58.8230 -44.1120 -1.9000,
-58.8230 -25.0620 -1.9000,
-58.8230 -6.0120 -1.9000,
-58.8230 13.0380 -1.9000,
-58.6789 -62.4371 -1.4000,
-58.6789 -62.4371 -0.4000,
-58.6789 -43.3871 -1.4000,
-58.6789 -43.3871 -0.4000,
-58.6789 -24.3371 -1.4000,
-58.6789 -24.3371 -0.4000,
-58.6789 -5.2871 -1.4000,
-58.6789 -5.2871 -0.4000,
-58.6789 13.7629 -1.4000,
-58.6789 13.7629 -0.4000,
-58.5632 -62.7605 -1.4000,
-58.5632 -62.7605 -0.4000,
-58.5632 -43.7105 -1.4000,
-58.5632 -43.7105 -0.4000,
-58.5632 -24.6605 -1.4000,
-58.5632 -24.6605 -0.4000,
-58.5632 -5.6105 -1.4000,
-58.5632 -5.6105 -0.4000,
-58.5632 13.4395 -1.4000,
-58.5632 13.4395 -0.4000,
-58.5342 -62.8765 0.8000,
-58.5342 -62.8765 1.8000,
-58.5342 -43.8265 0.8000,
-58.5342 -43.8265 1.8000,
-58.5342 -24.7765 0.8000,
-58.5342 -24.7765 1.8000,
-58.5342 -5.7265 0.8000,
-58.5342 -5.7265 1.8000,
-58.5342 13.3235 0.8000,
-58.5342 13.3235 1.8000,
-58.4797 -63.0937 -1.4000,
-58.4797 -63.0937 -0.4000,
-58.4797 -63.0937 0.8000,
-58.4797 -63.0937 1.8000,
-58.4797 -44.0437 -1.4000,
-58.4797 -44.0437 -0.4000,
-58.4797 -44.0437 0.8000,
-58.4797 -44.0437 1.8000,
-58.4797 -24.9937 -1.4000,
-58.4797 -24.9937 -0.4000,
-58.4797 -24.9937 0.8000,
-58.4797 -24.9937 1.8000,
-58.4797 -5.9437 -1.4000,
-58.4797 -5.9437 -0.4000,
-58.4797 -5.9437 0.8000,
-58.4797 -5.9437 1.8000,
-58.4797 13.1063 -1.4000,
-58.4797 13.1063 -0.4000,
-58.4797 13.1063 0.8000,
-58.4797 13.1063 1.8000,
-53.3875 -64.2575 0.8000,
-53.3875 -64.2575 1.8000,
-53.3875 -62.8765 0.8000,
-53.3875 -62.8765 1.8000,
-53.3875 -45.2075 0.8000,
-53.3875 -45.2075 1.8000,
-53.3875 -43.8265 0.8000,
-53.3875 -43.8265 1.8000,
-53.3875 -26.1575 0.8000,
-53.3875 -26.1575 1.8000,
-53.3875 -24.7765 0.8000,
-53.3875 -24.7765 1.8000,
-53.3875 -22.7765 0.8000,
-53.3875 -22.7765 1.8000,
-53.3875 -5.7265 0.8000,
-53.3875 -5.7265 1.8000,
-53.3875 11.9425 0.8000,
-53.3875 11.9425 1.8000,
-53.3875 13.3235 0.8000,
-53.3875 13.3235 1.8000,
-53.3827 -64.3555 0.8000,
-53.3827 -64.3555 1.8000,
-53.3827 -45.3055 0.8000,
-53.3827 -45.3055 1.8000,
-53.3827 -26.2555 0.8000,
-53.3827 -26.2555 1.8000,
-53.3827 11.8445 0.8000,
-53.3827 11.8445 1.8000,
-53.3683 -64.4526 0.8000,
-53.3683 -64.4526 1.8000,
-53.3683 -45.4026 0.8000,
-53.3683 -45.4026 1.8000,
-53.3683 -26.3526 0.8000,
-53.3683 -26.3526 1.8000,
-53.3683 11.7474 0.8000,
-53.3683 11.7474 1.8000,
-53.3444 -64.5478 0.8000,
-53.3444 -64.5478 1.8000,
-53.3444 -45.4978 0.8000,
-53.3444 -45.4978 1.8000,
-53.3444 -26.4478 0.8000,
-53.3444 -26.4478 1.8000,
-53.3444 11.6522 0.8000,
-53.3444 11.6522 1.8000,
-53.3114 -64.6402 0.8000,
-53.3114 -64.6402 1.8000,
-53.3114 -45.5902 0.8000,
-53.3114 -45.5902 1.8000,
-53.3114 -26.5402 0.8000,
-53.3114 -26.5402 1.8000,
-53.3114 11.5598 0.8000,
-53.3114 11.5598 1.8000,
-53.2694 -64.7289 0.8000,
-53.2694 -64.7289 1.8000,
-53.2694 -45.6789 0.8000,
-53.2694 -45.6789 1.8000,
-53.2694 -26.6289 0.8000,
-53.2694 -26.6289 1.8000,
-53.2694 11.4711 0.8000,
-53.2694 11.4711 1.8000,
-53.2190 -64.8131 0.8000,
-53.2190 -64.8131 1.8000,
-53.2190 -45.7631 0.8000,
-53.2190 -45.7631 1.8000,
-53.2190 -26.7131 0.8000,
-53.2190 -26.7131 1.8000,
-53.2190 11.3869 0.8000,
-53.2190 11.3869 1.8000,
-53.1605 -64.8919 0.8000,
-53.1605 -64.8919 1.8000,
-53.1605 -45.8419 0.8000,
-53.1605 -45.8419 1.8000,
-53.1605 -26.7919 0.8000,
-53.1605 -26.7919 1.8000,
-53.1605 11.3081 0.8000,
-53.1605 11.3081 1.8000,
-53.0946 -64.9646 0.8000,
-53.0946 -64.9646 1.8000,
-53.0946 -45.9146 0.8000,
-53.0946 -45.9146 1.8000,
-53.0946 -26.8646 0.8000,
-53.0946 -26.8646 1.8000,
-53.0946 11.2354 0.8000,
-53.0946 11.2354 1.8000,
-53.0219 -65.0305 0.8000,
-53.0219 -65.0305 1.8000,
-53.0219 -45.9805 0.8000,
-53.0219 -45.9805 1.8000,
-53.0219 -26.9305 0.8000,
-53.0219 -26.9305 1.8000,
-53.0219 11.1695 0.8000,
-53.0219 11.1695 1.8000,
-52.9431 -65.0890 0.8000,
-52.9431 -65.0890 1.8000,
-52.9431 -46.0390 0.8000,
-52.9431 -46.0390 1.8000,
-52.9431 -26.9890 0.8000,
-52.9431 -26.9890 1.8000,
-52.9431 11.1110 0.8000,
-52.9431 11.1110 1.8000,
-52.8589 -65.1394 0.8000,
-52.8589 -65.1394 1.8000,
-52.8589 -46.0894 0.8000,
-52.8589 -46.0894 1.8000,
-52.8589 -27.0394 0.8000,
-52.8589 -27.0394 1.8000,
-52.8589 11.0606 0.8000,
-52.8589 11.0606 1.8000,
-52.7702 -65.1814 0.8000,
-52.7702 -65.1814 1.8000,
-52.7702 -46.1314 0.8000,
-52.7702 -46.1314 1.8000,
-52.7702 -27.0814 0.8000,
-52.7702 -27.0814 1.8000,
-52.7702 11.0186 0.8000,
-52.7702 11.0186 1.8000,
-52.6778 -65.2144 0.8000,
-52.6778 -65.2144 1.8000,
-52.6778 -46.1644 0.8000,
-52.6778 -46.1644 1.8000,
-52.6778 -27.1145 0.8000,
-52.6778 -27.1145 1.8000,
-52.6778 10.9856 0.8000,
-52.6778 10.9856 1.8000,
-52.5826 -65.2383 0.8000,
-52.5826 -65.2383 1.8000,
-52.5826 -46.1883 0.8000,
-52.5826 -46.1883 1.8000,
-52.5826 -27.1383 0.8000,
-52.5826 -27.1383 1.8000,
-52.5826 10.9617 0.8000,
-52.5826 10.9617 1.8000,
-52.4855 -65.2527 0.8000,
-52.4855 -65.2527 1.8000,
-52.4855 -46.2027 0.8000,
-52.4855 -46.2027 1.8000,
-52.4855 -27.1527 0.8000,
-52.4855 -27.1527 1.8000,
-52.4855 10.9473 0.8000,
-52.4855 10.9473 1.8000,
-52.3875 -65.2575 0.8000,
-52.3875 -65.2575 1.8000,
-52.3875 -60.8765 0.8000,
-52.3875 -60.8765 1.8000,
-52.3875 -46.2075 0.8000,
-52.3875 -46.2075 1.8000,
-52.3875 -41.8265 0.8000,
-52.3875 -41.8265 1.8000,
-52.3875 -27.1575 0.8000,
-52.3875 -27.1575 1.8000,
-52.3875 -3.7265 0.8000,
-52.3875 -3.7265 1.8000,
-52.3875 10.9425 0.8000,
-52.3875 10.9425 1.8000,
-52.3875 15.3235 0.8000,
-52.3875 15.3235 1.8000,
-52.2895 -60.8813 0.8000,
-52.2895 -60.8813 1.8000,
-52.2895 -41.8313 0.8000,
-52.2895 -41.8313 1.8000,
-52.2895 -3.7313 0.8000,
-52.2895 -3.7313 1.8000,
-52.2895 15.3187 0.8000,
-52.2895 15.3187 1.8000,
-52.1924 -60.8957 0.8000,
-52.1924 -60.8957 1.8000,
-52.1924 -41.8457 0.8000,
-52.1924 -41.8457 1.8000,
-52.1924 -3.7457 0.8000,
-52.1924 -3.7457 1.8000,
-52.1924 15.3043 0.8000,
-52.1924 15.3043 1.8000,
-52.0972 -60.9196 0.8000,
-52.0972 -60.9196 1.8000,
-52.0972 -41.8696 0.8000,
-52.0972 -41.8696 1.8000,
-52.0972 -3.7696 0.8000,
-52.0972 -3.7696 1.8000,
-52.0972 15.2804 0.8000,
-52.0972 15.2804 1.8000,
-52.0048 -60.9526 0.8000,
-52.0048 -60.9526 1.8000,
-52.0048 -41.9026 0.8000,
-52.0048 -41.9026 1.8000,
-52.0048 -3.8026 0.8000,
-52.0048 -3.8026 1.8000,
-52.0048 15.2474 0.8000,
-52.0048 15.2474 1.8000,
-51.9161 -60.9946 0.8000,
-51.9161 -60.9946 1.8000,
-51.9161 -41.9446 0.8000,
-51.9161 -41.9446 1.8000,
-51.9161 -3.8446 0.8000,
-51.9161 -3.8446 1.8000,
-51.9161 15.2054 0.8000,
-51.9161 15.2054 1.8000,
-51.8319 -61.0450 0.8000,
-51.8319 -61.0450 1.8000,
-51.8319 -41.9950 0.8000,
-51.8319 -41.9950 1.8000,
-51.8319 -3.8950 0.8000,
-51.8319 -3.8950 1.8000,
-51.8319 15.1550 0.8000,
-51.8319 15.1550 1.8000,
-51.7531 -61.1035 0.8000,
-51.7531 -61.1035 1.8000,
-51.7531 -42.0535 0.8000,
-51.7531 -42.0535 1.8000,
-51.7531 -3.9535 0.8000,
-51.7531 -3.9535 1.8000,
-51.7531 15.0965 0.8000,
-51.7531 15.0965 1.8000,
-51.6804 -61.1694 0.8000,
-51.6804 -61.1694 1.8000,
-51.6804 -42.1194 0.8000,
-51.6804 -42.1194 1.8000,
-51.6804 -4.0194 0.8000,
-51.6804 -4.0194 1.8000,
-51.6804 15.0306 0.8000,
-51.6804 15.0306 1.8000,
-51.6145 -61.2421 0.8000,
-51.6145 -61.2421 1.8000,
-51.6145 -42.1921 0.8000,
-51.6145 -42.1921 1.8000,
-51.6145 -4.0921 0.8000,
-51.6145 -4.0921 1.8000,
-51.6145 14.9579 0.8000,
-51.6145 14.9579 1.8000,
-51.5560 -61.3209 0.8000,
-51.5560 -61.3209 1.8000,
-51.5560 -42.2709 0.8000,
-51.5560 -42.2709 1.8000,
-51.5560 -4.1709 0.8000,
-51.5560 -4.1709 1.8000,
-51.5560 14.8791 0.8000,
-51.5560 14.8791 1.8000,
-51.5056 -61.4051 0.8000,
-51.5056 -61.4051 1.8000,
-51.5056 -42.3551 0.8000,
-51.5056 -42.3551 1.8000,
-51.5056 -4.2551 0.8000,
-51.5056 -4.2551 1.8000,
-51.5056 14.7949 0.8000,
-51.5056 14.7949 1.8000,
-51.4636 -61.4938 0.8000,
-51.4636 -61.4938 1.8000,
-51.4636 -42.4438 0.8000,
-51.4636 -42.4438 1.8000,
-51.4636 -4.3438 0.8000,
-51.4636 -4.3438 1.8000,
-51.4636 14.7062 0.8000,
-51.4636 14.7062 1.8000,
-51.4306 -61.5862 0.8000,
-51.4306 -61.5862 1.8000,
-51.4306 -42.5362 0.8000,
-51.4306 -42.5362 1.8000,
-51.4306 -4.4362 0.8000,
-51.4306 -4.4362 1.8000,
-51.4306 14.6138 0.8000,
-51.4306 14.6138 1.8000,
-51.4067 -61.6814 0.8000,
-51.4067 -61.6814 1.8000,
-51.4067 -42.6314 0.8000,
-51.4067 -42.6314 1.8000,
-51.4067 -4.5314 0.8000,
-51.4067 -4.5314 1.8000,
-51.4067 14.5186 0.8000,
-51.4067 14.5186 1.8000,
-51.3923 -61.7785 0.8000,
-51.3923 -61.7785 1.8000,
-51.3923 -42.7285 0.8000,
-51.3923 -42.7285 1.8000,
-51.3923 -4.6285 0.8000,
-51.3923 -4.6285 1.8000,
-51.3923 14.4215 0.8000,
-51.3923 14.4215 1.8000,
-51.3875 -63.2575 0.8000,
-51.3875 -63.2575 1.8000,
-51.3875 -61.8765 0.8000,
-51.3875 -61.8765 1.8000,
-51.3875 -44.2075 0.8000,
-51.3875 -44.2075 1.8000,
-51.3875 -42.8265 0.8000,
-51.3875 -42.8265 1.8000,
-51.3875 -25.1575 0.8000,
-51.3875 -25.1575 1.8000,
-51.3875 -8.1075 0.8000,
-51.3875 -8.1075 1.8000,
-51.3875 -6.1075 0.8000,
-51.3875 -6.1075 1.8000,
-51.3875 -4.7265 0.8000,
-51.3875 -4.7265 1.8000,
-51.3875 12.9425 0.8000,
-51.3875 12.9425 1.8000,
-51.3875 14.3235 0.8000,
-51.3875 14.3235 1.8000,
-46.2953 -65.4747 -1.4000,
-46.2953 -65.4747 -0.4000,
-46.2953 -65.4747 0.8000,
-46.2953 -65.4747 1.8000,
-46.2953 -46.4247 -1.4000,
-46.2953 -46.4247 -0.4000,
-46.2953 -46.4247 0.8000,
-46.2953 -46.4247 1.8000,
-46.2953 -27.3747 -1.4000,
-46.2953 -27.3747 -0.4000,
-46.2953 -27.3747 0.8000,
-46.2953 -27.3747 1.8000,
-46.2953 -8.3247 -1.4000,
-46.2953 -8.3247 -0.4000,
-46.2953 -8.3247 0.8000,
-46.2953 -8.3247 1.8000,
-46.2953 10.7253 -1.4000,
-46.2953 10.7253 -0.4000,
-46.2953 10.7253 0.8000,
-46.2953 10.7253 1.8000,
-46.2408 -65.2575 0.8000,
-46.2408 -65.2575 1.8000,
-46.2408 -46.2075 0.8000,
-46.2408 -46.2075 1.8000,
-46.2408 -27.1575 0.8000,
-46.2408 -27.1575 1.8000,
-46.2408 -8.1075 0.8000,
-46.2408 -8.1075 1.8000,
-46.2408 10.9425 0.8000,
-46.2408 10.9425 1.8000,
-46.2118 -65.1415 -1.4000,
-46.2118 -65.1415 -0.4000,
-46.2118 -46.0915 -1.4000,
-46.2118 -46.0915 -0.4000,
-46.2118 -27.0415 -1.4000,
-46.2118 -27.0415 -0.4000,
-46.2118 -7.9915 -1.4000,
-46.2118 -7.9915 -0.4000,
-46.2118 11.0585 -1.4000,
-46.2118 11.0585 -0.4000,
-46.0961 -64.8181 -1.4000,
-46.0961 -64.8181 -0.4000,
-46.0961 -45.7681 -1.4000,
-46.0961 -45.7681 -0.4000,
-46.0961 -26.7181 -1.4000,
-46.0961 -26.7181 -0.4000,
-46.0961 -7.6681 -1.4000,
-46.0961 -7.6681 -0.4000,
-46.0961 11.3819 -1.4000,
-46.0961 11.3819 -0.4000,
-45.9520 -65.5430 -1.9000,
-45.9520 -46.4930 -1.9000,
-45.9520 -27.4430 -1.9000,
-45.9520 -8.3930 -1.9000,
-45.9520 10.6570 -1.9000,
-45.9492 -64.5076 -1.4000,
-45.9492 -64.5076 -0.4000,
-45.9492 -45.4576 -1.4000,
-45.9492 -45.4576 -0.4000,
-45.9492 -26.4076 -1.4000,
-45.9492 -26.4076 -0.4000,
-45.9492 -7.3576 -1.4000,
-45.9492 -7.3576 -0.4000,
-45.9492 11.6924 -1.4000,
-45.9492 11.6924 -0.4000,
-45.8769 -65.2431 -1.9000,
-45.8769 -46.1931 -1.9000,
-45.8769 -27.1431 -1.9000,
-45.8769 -8.0931 -1.9000,
-45.8769 10.9569 -1.9000,
-45.8625 -65.9075 -1.4000,
-45.8625 -65.9075 -0.4000,
-45.8625 -65.9075 0.8000,
-45.8625 -65.9075 1.8000,
-45.8625 -46.8575 -1.4000,
-45.8625 -46.8575 -0.4000,
-45.8625 -46.8575 0.8000,
-45.8625 -46.8575 1.8000,
-45.8625 -27.8075 -1.4000,
-45.8625 -27.8075 -0.4000,
-45.8625 -27.8075 0.8000,
-45.8625 -27.8075 1.8000,
-45.8625 -8.7575 -1.4000,
-45.8625 -8.7575 -0.4000,
-45.8625 -8.7575 0.8000,
-45.8625 -8.7575 1.8000,
-45.8625 10.2925 -1.4000,
-45.8625 10.2925 -0.4000,
-45.8625 10.2925 0.8000,
-45.8625 10.2925 1.8000,
-45.7727 -64.9521 -1.9000,
-45.7727 -45.9020 -1.9000,
-45.7727 -26.8521 -1.9000,
-45.7727 -7.8021 -1.9000,
-45.7727 11.2479 -1.9000,
-45.7726 -64.2130 -1.4000,
-45.7726 -64.2130 -0.4000,
-45.7726 -45.1630 -1.4000,
-45.7726 -45.1630 -0.4000,
-45.7726 -26.1130 -1.4000,
-45.7726 -26.1130 -0.4000,
-45.7726 -7.0630 -1.4000,
-45.7726 -7.0630 -0.4000,
-45.7726 11.9870 -1.4000,
-45.7726 11.9870 -0.4000,
-45.6405 -64.6726 -1.9000,
-45.6405 -45.6226 -1.9000,
-45.6405 -26.5726 -1.9000,
-45.6405 -7.5226 -1.9000,
-45.6405 11.5274 -1.9000,
-45.5680 -63.9371 -1.4000,
-45.5680 -63.9371 -0.4000,
-45.5680 -44.8871 -1.4000,
-45.5680 -44.8871 -0.4000,
-45.5680 -25.8371 -1.4000,
-45.5680 -25.8371 -0.4000,
-45.5680 -6.7871 -1.4000,
-45.5680 -6.7871 -0.4000,
-45.5680 12.2629 -1.4000,
-45.5680 12.2629 -0.4000,
-45.5625 -65.9325 -1.9000,
-45.5625 -46.8825 -1.9000,
-45.5625 -27.8325 -1.9000,
-45.5625 -8.7825 -1.9000,
-45.5625 10.2675 -1.9000,
-45.4816 -64.4075 -1.9000,
-45.4816 -45.3575 -1.9000,
-45.4816 -26.3075 -1.9000,
-45.4816 -7.2575 -1.9000,
-45.4816 11.7925 -1.9000,
-45.3625 -66.8175 -0.4000,
-45.3625 -66.8175 0.8000,
-45.3625 -66.1575 -0.4000,
-45.3625 -66.1575 0.8000,
-45.3625 -47.7675 -0.4000,
-45.3625 -47.7675 0.8000,
-45.3625 -47.1075 -0.4000,
-45.3625 -47.1075 0.8000,
-45.3625 -28.7175 -0.4000,
-45.3625 -28.7175 0.8000,
-45.3625 -28.0575 -0.4000,
-45.3625 -28.0575 0.8000,
-45.3625 -9.6675 -0.4000,
-45.3625 -9.6675 0.8000,
-45.3625 -9.0075 -0.4000,
-45.3625 -9.0075 0.8000,
-45.3625 9.3825 -0.4000,
-45.3625 9.3825 0.8000,
-45.3625 10.0425 -0.4000,
-45.3625 10.0425 0.8000,
-45.3505 -65.9125 -0.4000,
-45.3505 -65.9125 0.8000,
-45.3505 -46.8625 -0.4000,
-45.3505 -46.8625 0.8000,
-45.3505 -27.8125 -0.4000,
-45.3505 -27.8125 0.8000,
-45.3505 -8.7625 -0.4000,
-45.3505 -8.7625 0.8000,
-45.3505 10.2875 -0.4000,
-45.3505 10.2875 0.8000,
-45.3497 -65.9075 -0.4000,
-45.3497 -65.9075 0.8000,
-45.3497 -46.8575 -0.4000,
-45.3497 -46.8575 0.8000,
-45.3497 -27.8075 -0.4000,
-45.3497 -27.8075 0.8000,
-45.3497 -8.7575 -0.4000,
-45.3497 -8.7575 0.8000,
-45.3497 10.2925 -0.4000,
-45.3497 10.2925 0.8000,
-45.3374 -63.6826 -1.4000,
-45.3374 -63.6826 -0.4000,
-45.3374 -44.6326 -1.4000,
-45.3374 -44.6326 -0.4000,
-45.3374 -25.5826 -1.4000,
-45.3374 -25.5826 -0.4000,
-45.3374 -6.5326 -1.4000,
-45.3374 -6.5326 -0.4000,
-45.3374 12.5174 -1.4000,
-45.3374 12.5174 -0.4000,
-45.3145 -65.6698 -0.4000,
-45.3145 -65.6698 0.8000,
-45.3145 -46.6198 -0.4000,
-45.3145 -46.6198 0.8000,
-45.3145 -27.5698 -0.4000,
-45.3145 -27.5698 0.8000,
-45.3145 -8.5198 -0.4000,
-45.3145 -8.5198 0.8000,
-45.3145 10.5302 -0.4000,
-45.3145 10.5302 0.8000,
-45.2975 -64.1592 -1.9000,
-45.2975 -45.1092 -1.9000,
-45.2975 -26.0592 -1.9000,
-45.2975 -7.0092 -1.9000,
-45.2975 12.0408 -1.9000,
-45.2548 -65.4318 -0.4000,
-45.2548 -65.4318 0.8000,
-45.2548 -46.3818 -0.4000,
-45.2548 -46.3818 0.8000,
-45.2548 -27.3318 -0.4000,
-45.2548 -27.3318 0.8000,
-45.2548 -8.2818 -0.4000,
-45.2548 -8.2818 0.8000,
-45.2548 10.7682 -0.4000,
-45.2548 10.7682 0.8000,
-45.1722 -65.2008 -0.4000,
-45.1722 -65.2008 0.8000,
-45.1722 -46.1508 -0.4000,
-45.1722 -46.1508 0.8000,
-45.1722 -27.1008 -0.4000,
-45.1722 -27.1008 0.8000,
-45.1722 -8.0508 -0.4000,
-45.1722 -8.0508 0.8000,
-45.1722 10.9992 -0.4000,
-45.1722 10.9992 0.8000,
-45.0899 -63.9301 -1.9000,
-45.0899 -44.8801 -1.9000,
-45.0899 -25.8301 -1.9000,
-45.0899 -6.7801 -1.9000,
-45.0899 12.2699 -1.9000,
-45.0829 -63.4520 -1.4000,
-45.0829 -63.4520 -0.4000,
-45.0829 -44.4020 -1.4000,
-45.0829 -44.4020 -0.4000,
-45.0829 -25.3520 -1.4000,
-45.0829 -25.3520 -0.4000,
-45.0829 -6.3020 -1.4000,
-45.0829 -6.3020 -0.4000,
-45.0829 12.7480 -1.4000,
-45.0829 12.7480 -0.4000,
-45.0673 -64.9790 -0.4000,
-45.0673 -64.9790 0.8000,
-45.0673 -45.9290 -0.4000,
-45.0673 -45.9290 0.8000,
-45.0673 -26.8790 -0.4000,
-45.0673 -26.8790 0.8000,
-45.0673 -7.8290 -0.4000,
-45.0673 -7.8290 0.8000,
-45.0673 11.2210 -0.4000,
-45.0673 11.2210 0.8000,
-44.9412 -64.7686 -0.4000,
-44.9412 -64.7686 0.8000,
-44.9412 -45.7186 -0.4000,
-44.9412 -45.7186 0.8000,
-44.9412 -26.6686 -0.4000,
-44.9412 -26.6686 0.8000,
-44.9412 -7.6186 -0.4000,
-44.9412 -7.6186 0.8000,
-44.9412 11.4314 -0.4000,
-44.9412 11.4314 0.8000,
-44.8608 -63.7225 -1.9000,
-44.8608 -44.6725 -1.9000,
-44.8608 -25.6225 -1.9000,
-44.8608 -6.5725 -1.9000,
-44.8608 12.4775 -1.9000,
-44.8207 -44.2075 0.8000,
-44.8207 -44.2075 1.8000,
-44.8207 -25.1575 0.8000,
-44.8207 -25.1575 1.8000,
-44.8207 -6.1075 0.8000,
-44.8207 -6.1075 1.8000,
-44.8207 12.9425 0.8000,
-44.8207 12.9425 1.8000,
-44.8206 -63.2575 0.8000,
-44.8206 -63.2575 1.8000,
-44.8070 -63.2474 -1.4000,
-44.8070 -63.2474 -0.4000,
-44.8070 -63.2474 0.8000,
-44.8070 -63.2474 1.8000,
-44.8070 -44.1974 -1.4000,
-44.8070 -44.1974 -0.4000,
-44.8070 -44.1974 0.8000,
-44.8070 -44.1974 1.8000,
-44.8070 -25.1474 -1.4000,
-44.8070 -25.1474 -0.4000,
-44.8070 -25.1474 0.8000,
-44.8070 -25.1474 1.8000,
-44.8070 -6.0974 -1.4000,
-44.8070 -6.0974 -0.4000,
-44.8070 -6.0974 0.8000,
-44.8070 -6.0974 1.8000,
-44.8070 12.9526 -1.4000,
-44.8070 12.9526 -0.4000,
-44.8070 12.9526 0.8000,
-44.8070 12.9526 1.8000,
-44.7950 -64.5715 -0.4000,
-44.7950 -64.5715 0.8000,
-44.7950 -45.5215 -0.4000,
-44.7950 -45.5215 0.8000,
-44.7950 -26.4715 -0.4000,
-44.7950 -26.4715 0.8000,
-44.7950 -7.4215 -0.4000,
-44.7950 -7.4215 0.8000,
-44.7950 11.6285 -0.4000,
-44.7950 11.6285 0.8000,
-44.6303 -64.3897 -0.4000,
-44.6303 -64.3897 0.8000,
-44.6303 -45.3397 -0.4000,
-44.6303 -45.3397 0.8000,
-44.6303 -26.2897 -0.4000,
-44.6303 -26.2897 0.8000,
-44.6303 -7.2397 -0.4000,
-44.6303 -7.2397 0.8000,
-44.6303 11.8103 -0.4000,
-44.6303 11.8103 0.8000,
-44.6125 -63.5384 -1.9000,
-44.6125 -44.4884 -1.9000,
-44.6125 -25.4384 -1.9000,
-44.6125 -6.3884 -1.9000,
-44.6125 12.6616 -1.9000,
-44.5124 -63.0708 -1.4000,
-44.5124 -63.0708 -0.4000,
-44.5124 -63.0708 0.8000,
-44.5124 -63.0708 1.8000,
-44.5124 -44.0208 -1.4000,
-44.5124 -44.0208 -0.4000,
-44.5124 -44.0208 0.8000,
-44.5124 -44.0208 1.8000,
-44.5124 -24.9708 -1.4000,
-44.5124 -24.9708 -0.4000,
-44.5124 -24.9708 0.8000,
-44.5124 -24.9708 1.8000,
-44.5124 -5.9208 -1.4000,
-44.5124 -5.9208 -0.4000,
-44.5124 -5.9208 0.8000,
-44.5124 -5.9208 1.8000,
-44.5124 13.1292 -1.4000,
-44.5124 13.1292 -0.4000,
-44.5124 13.1292 0.8000,
-44.5124 13.1292 1.8000,
-44.4485 -64.2250 -0.4000,
-44.4485 -64.2250 0.8000,
-44.4485 -45.1750 -0.4000,
-44.4485 -45.1750 0.8000,
-44.4485 -26.1250 -0.4000,
-44.4485 -26.1250 0.8000,
-44.4485 -7.0750 -0.4000,
-44.4485 -7.0750 0.8000,
-44.4485 11.9750 -0.4000,
-44.4485 11.9750 0.8000,
-44.3474 -63.3795 -1.9000,
-44.3474 -44.3295 -1.9000,
-44.3474 -25.2795 -1.9000,
-44.3474 -6.2295 -1.9000,
-44.3474 12.8205 -1.9000,
-44.2514 -64.0788 -0.4000,
-44.2514 -64.0788 0.8000,
-44.2514 -45.0288 -0.4000,
-44.2514 -45.0288 0.8000,
-44.2514 -25.9788 -0.4000,
-44.2514 -25.9788 0.8000,
-44.2514 -6.9288 -0.4000,
-44.2514 -6.9288 0.8000,
-44.2514 12.1212 -0.4000,
-44.2514 12.1212 0.8000,
-44.2019 -62.9239 -1.4000,
-44.2019 -62.9239 -0.4000,
-44.2019 -62.9239 0.8000,
-44.2019 -62.9239 1.8000,
-44.2019 -43.8739 -1.4000,
-44.2019 -43.8739 -0.4000,
-44.2019 -43.8739 0.8000,
-44.2019 -43.8739 1.8000,
-44.2019 -24.8239 -1.4000,
-44.2019 -24.8239 -0.4000,
-44.2019 -24.8239 0.8000,
-44.2019 -24.8239 1.8000,
-44.2019 -5.7739 -1.4000,
-44.2019 -5.7739 -0.4000,
-44.2019 -5.7739 0.8000,
-44.2019 -5.7739 1.8000,
-44.2019 13.2761 -1.4000,
-44.2019 13.2761 -0.4000,
-44.2019 13.2761 0.8000,
-44.2019 13.2761 1.8000,
-44.0679 -63.2473 -1.9000,
-44.0679 -44.1973 -1.9000,
-44.0679 -25.1473 -1.9000,
-44.0679 -6.0973 -1.9000,
-44.0679 12.9527 -1.9000,
-44.0410 -63.9527 -0.4000,
-44.0410 -63.9527 0.8000,
-44.0410 -44.9027 -0.4000,
-44.0410 -44.9027 0.8000,
-44.0410 -25.8527 -0.4000,
-44.0410 -25.8527 0.8000,
-44.0410 -6.8027 -0.4000,
-44.0410 -6.8027 0.8000,
-44.0410 12.2473 -0.4000,
-44.0410 12.2473 0.8000,
-43.8785 -62.8082 -1.4000,
-43.8785 -62.8082 -0.4000,
-43.8785 -62.8082 0.8000,
-43.8785 -62.8082 1.8000,
-43.8785 -43.7582 -1.4000,
-43.8785 -43.7582 -0.4000,
-43.8785 -43.7582 0.8000,
-43.8785 -43.7582 1.8000,
-43.8785 -24.7082 -1.4000,
-43.8785 -24.7082 -0.4000,
-43.8785 -24.7082 0.8000,
-43.8785 -24.7082 1.8000,
-43.8785 -5.6582 -1.4000,
-43.8785 -5.6582 -0.4000,
-43.8785 -5.6582 0.8000,
-43.8785 -5.6582 1.8000,
-43.8785 13.3918 -1.4000,
-43.8785 13.3918 -0.4000,
-43.8785 13.3918 0.8000,
-43.8785 13.3918 1.8000,
-43.8192 -63.8478 -0.4000,
-43.8192 -63.8478 0.8000,
-43.8192 -44.7978 -0.4000,
-43.8192 -44.7978 0.8000,
-43.8192 -25.7478 -0.4000,
-43.8192 -25.7478 0.8000,
-43.8192 -6.6978 -0.4000,
-43.8192 -6.6978 0.8000,
-43.8192 12.3522 -0.4000,
-43.8192 12.3522 0.8000,
-43.7769 -63.1431 -1.9000,
-43.7769 -44.0931 -1.9000,
-43.7769 -25.0431 -1.9000,
-43.7769 -5.9931 -1.9000,
-43.7769 13.0569 -1.9000,
-43.5882 -63.7652 -0.4000,
-43.5882 -63.7652 0.8000,
-43.5882 -44.7152 -0.4000,
-43.5882 -44.7152 0.8000,
-43.5882 -25.6652 -0.4000,
-43.5882 -25.6652 0.8000,
-43.5882 -6.6151 -0.4000,
-43.5882 -6.6151 0.8000,
-43.5882 12.4348 -0.4000,
-43.5882 12.4348 0.8000,
-43.5453 -62.7248 -1.4000,
-43.5453 -62.7248 -0.4000,
-43.5453 -62.7248 0.8000,
-43.5453 -62.7248 1.8000,
-43.5453 -43.6748 -1.4000,
-43.5453 -43.6748 -0.4000,
-43.5453 -43.6748 0.8000,
-43.5453 -43.6748 1.8000,
-43.5453 -24.6248 -1.4000,
-43.5453 -24.6248 -0.4000,
-43.5453 -24.6248 0.8000,
-43.5453 -24.6248 1.8000,
-43.5453 -5.5748 -1.4000,
-43.5453 -5.5748 -0.4000,
-43.5453 -5.5748 0.8000,
-43.5453 -5.5748 1.8000,
-43.5453 13.4752 -1.4000,
-43.5453 13.4752 -0.4000,
-43.5453 13.4752 0.8000,
-43.5453 13.4752 1.8000,
-43.4770 -63.0680 -1.9000,
-43.4770 -44.0180 -1.9000,
-43.4770 -24.9680 -1.9000,
-43.4770 -5.9180 -1.9000,
-43.4770 13.1320 -1.9000,
-43.3502 -63.7055 -0.4000,
-43.3502 -63.7055 0.8000,
-43.3502 -44.6556 -0.4000,
-43.3502 -44.6556 0.8000,
-43.3502 -25.6055 -0.4000,
-43.3502 -25.6055 0.8000,
-43.3502 -6.5555 -0.4000,
-43.3502 -6.5555 0.8000,
-43.3502 12.4945 -0.4000,
-43.3502 12.4945 0.8000,
-43.2055 -62.6744 -1.4000,
-43.2055 -62.6744 -0.4000,
-43.2055 -62.6744 0.8000,
-43.2055 -62.6744 1.8000,
-43.2055 -43.6244 -1.4000,
-43.2055 -43.6244 -0.4000,
-43.2055 -43.6244 0.8000,
-43.2055 -43.6244 1.8000,
-43.2055 -24.5744 -1.4000,
-43.2055 -24.5744 -0.4000,
-43.2055 -24.5744 0.8000,
-43.2055 -24.5744 1.8000,
-43.2055 -5.5244 -1.4000,
-43.2055 -5.5244 -0.4000,
-43.2055 -5.5244 0.8000,
-43.2055 -5.5244 1.8000,
-43.2055 13.5256 -1.4000,
-43.2055 13.5256 -0.4000,
-43.2055 13.5256 0.8000,
-43.2055 13.5256 1.8000,
-43.1712 -63.0227 -1.9000,
-43.1712 -43.9727 -1.9000,
-43.1712 -24.9227 -1.9000,
-43.1712 -5.8727 -1.9000,
-43.1712 13.1773 -1.9000,
-43.1075 -63.6695 -0.4000,
-43.1075 -63.6695 0.8000,
-43.1075 -44.6195 -0.4000,
-43.1075 -44.6195 0.8000,
-43.1075 -25.5695 -0.4000,
-43.1075 -25.5695 0.8000,
-43.1075 -6.5195 -0.4000,
-43.1075 -6.5195 0.8000,
-43.1075 12.5305 -0.4000,
-43.1075 12.5305 0.8000,
-42.8625 -63.6575 -0.4000,
-42.8625 -63.6575 0.8000,
-42.8625 -63.0075 -1.9000,
-42.8625 -62.6575 -1.4000,
-42.8625 -62.6575 -0.4000,
-42.8625 -62.6575 0.8000,
-42.8625 -62.6575 1.8000,
-42.8625 -44.6075 -0.4000,
-42.8625 -44.6075 0.8000,
-42.8625 -43.9575 -1.9000,
-42.8625 -43.6075 -1.4000,
-42.8625 -43.6075 -0.4000,
-42.8625 -43.6075 0.8000,
-42.8625 -43.6075 1.8000,
-42.8625 -25.5575 -0.4000,
-42.8625 -25.5575 0.8000,
-42.8625 -24.9075 -1.9000,
-42.8625 -24.5575 -1.4000,
-42.8625 -24.5575 -0.4000,
-42.8625 -24.5575 0.8000,
-42.8625 -24.5575 1.8000,
-42.8625 -6.5075 -0.4000,
-42.8625 -6.5075 0.8000,
-42.8625 -5.8575 -1.9000,
-42.8625 -5.5075 -1.4000,
-42.8625 -5.5075 -0.4000,
-42.8625 -5.5075 0.8000,
-42.8625 -5.5075 1.8000,
-42.8625 12.5425 -0.4000,
-42.8625 12.5425 0.8000,
-42.8625 13.1925 -1.9000,
-42.8625 13.5425 -1.4000,
-42.8625 13.5425 -0.4000,
-42.8625 13.5425 0.8000,
-42.8625 13.5425 1.8000,
-42.6175 -63.6695 -0.4000,
-42.6175 -63.6695 0.8000,
-42.6175 -44.6195 -0.4000,
-42.6175 -44.6195 0.8000,
-42.6175 -25.5695 -0.4000,
-42.6175 -25.5695 0.8000,
-42.6175 -6.5195 -0.4000,
-42.6175 -6.5195 0.8000,
-42.6175 12.5305 -0.4000,
-42.6175 12.5305 0.8000,
-42.5538 -63.0227 -1.9000,
-42.5538 -43.9727 -1.9000,
-42.5538 -24.9227 -1.9000,
-42.5538 -5.8727 -1.9000,
-42.5538 13.1773 -1.9000,
-42.5195 -62.6744 -1.4000,
-42.5195 -62.6744 -0.4000,
-42.5195 -62.6744 0.8000,
-42.5195 -62.6744 1.8000,
-42.5195 -43.6244 -1.4000,
-42.5195 -43.6244 -0.4000,
-42.5195 -43.6244 0.8000,
-42.5195 -43.6244 1.8000,
-42.5195 -24.5744 -1.4000,
-42.5195 -24.5744 -0.4000,
-42.5195 -24.5744 0.8000,
-42.5195 -24.5744 1.8000,
-42.5195 -5.5244 -1.4000,
-42.5195 -5.5244 -0.4000,
-42.5195 -5.5244 0.8000,
-42.5195 -5.5244 1.8000,
-42.5195 13.5256 -1.4000,
-42.5195 13.5256 -0.4000,
-42.5195 13.5256 0.8000,
-42.5195 13.5256 1.8000,
-42.3748 -63.7055 -0.4000,
-42.3748 -63.7055 0.8000,
-42.3748 -44.6556 -0.4000,
-42.3748 -44.6556 0.8000,
-42.3748 -25.6055 -0.4000,
-42.3748 -25.6055 0.8000,
-42.3748 -6.5555 -0.4000,
-42.3748 -6.5555 0.8000,
-42.3748 12.4945 -0.4000,
-42.3748 12.4945 0.8000,
-42.2480 -63.0680 -1.9000,
-42.2480 -44.0180 -1.9000,
-42.2480 -24.9680 -1.9000,
-42.2480 -5.9180 -1.9000,
-42.2480 13.1320 -1.9000,
-42.1797 -62.7248 -1.4000,
-42.1797 -62.7248 -0.4000,
-42.1797 -62.7248 0.8000,
-42.1797 -62.7248 1.8000,
-42.1797 -43.6748 -1.4000,
-42.1797 -43.6748 -0.4000,
-42.1797 -43.6748 0.8000,
-42.1797 -43.6748 1.8000,
-42.1797 -24.6248 -1.4000,
-42.1797 -24.6248 -0.4000,
-42.1797 -24.6248 0.8000,
-42.1797 -24.6248 1.8000,
-42.1797 -5.5748 -1.4000,
-42.1797 -5.5748 -0.4000,
-42.1797 -5.5748 0.8000,
-42.1797 -5.5748 1.8000,
-42.1797 13.4752 -1.4000,
-42.1797 13.4752 -0.4000,
-42.1797 13.4752 0.8000,
-42.1797 13.4752 1.8000,
-42.1368 -63.7652 -0.4000,
-42.1368 -63.7652 0.8000,
-42.1368 -44.7152 -0.4000,
-42.1368 -44.7152 0.8000,
-42.1368 -25.6652 -0.4000,
-42.1368 -25.6652 0.8000,
-42.1368 -6.6151 -0.4000,
-42.1368 -6.6151 0.8000,
-42.1368 12.4348 -0.4000,
-42.1368 12.4348 0.8000,
-41.9481 -63.1431 -1.9000,
-41.9481 -44.0931 -1.9000,
-41.9481 -25.0431 -1.9000,
-41.9481 -5.9931 -1.9000,
-41.9481 13.0569 -1.9000,
-41.9058 -63.8478 -0.4000,
-41.9058 -63.8478 0.8000,
-41.9058 -44.7978 -0.4000,
-41.9058 -44.7978 0.8000,
-41.9058 -25.7478 -0.4000,
-41.9058 -25.7478 0.8000,
-41.9058 -6.6978 -0.4000,
-41.9058 -6.6978 0.8000,
-41.9058 12.3522 -0.4000,
-41.9058 12.3522 0.8000,
-41.8465 -62.8082 -1.4000,
-41.8465 -62.8082 -0.4000,
-41.8465 -62.8082 0.8000,
-41.8465 -62.8082 1.8000,
-41.8465 -43.7582 -1.4000,
-41.8465 -43.7582 -0.4000,
-41.8465 -43.7582 0.8000,
-41.8465 -43.7582 1.8000,
-41.8465 -24.7082 -1.4000,
-41.8465 -24.7082 -0.4000,
-41.8465 -24.7082 0.8000,
-41.8465 -24.7082 1.8000,
-41.8465 -5.6582 -1.4000,
-41.8465 -5.6582 -0.4000,
-41.8465 -5.6582 0.8000,
-41.8465 -5.6582 1.8000,
-41.8465 13.3918 -1.4000,
-41.8465 13.3918 -0.4000,
-41.8465 13.3918 0.8000,
-41.8465 13.3918 1.8000,
-41.6840 -63.9527 -0.4000,
-41.6840 -63.9527 0.8000,
-41.6840 -44.9027 -0.4000,
-41.6840 -44.9027 0.8000,
-41.6840 -25.8527 -0.4000,
-41.6840 -25.8527 0.8000,
-41.6840 -6.8027 -0.4000,
-41.6840 -6.8027 0.8000,
-41.6840 12.2473 -0.4000,
-41.6840 12.2473 0.8000,
-41.6571 -63.2473 -1.9000,
-41.6571 -44.1973 -1.9000,
-41.6571 -25.1473 -1.9000,
-41.6571 -6.0973 -1.9000,
-41.6571 12.9527 -1.9000,
-41.5231 -62.9239 -1.4000,
-41.5231 -62.9239 -0.4000,
-41.5231 -62.9239 0.8000,
-41.5231 -62.9239 1.8000,
-41.5231 -43.8739 -1.4000,
-41.5231 -43.8739 -0.4000,
-41.5231 -43.8739 0.8000,
-41.5231 -43.8739 1.8000,
-41.5231 -24.8239 -1.4000,
-41.5231 -24.8239 -0.4000,
-41.5231 -24.8239 0.8000,
-41.5231 -24.8239 1.8000,
-41.5231 -5.7739 -1.4000,
-41.5231 -5.7739 -0.4000,
-41.5231 -5.7739 0.8000,
-41.5231 -5.7739 1.8000,
-41.5231 13.2761 -1.4000,
-41.5231 13.2761 -0.4000,
-41.5231 13.2761 0.8000,
-41.5231 13.2761 1.8000,
-41.4736 -64.0788 -0.4000,
-41.4736 -64.0788 0.8000,
-41.4736 -45.0288 -0.4000,
-41.4736 -45.0288 0.8000,
-41.4736 -25.9788 -0.4000,
-41.4736 -25.9788 0.8000,
-41.4736 -6.9288 -0.4000,
-41.4736 -6.9288 0.8000,
-41.4736 12.1212 -0.4000,
-41.4736 12.1212 0.8000,
-41.3776 -63.3795 -1.9000,
-41.3776 -44.3295 -1.9000,
-41.3776 -25.2795 -1.9000,
-41.3776 -6.2295 -1.9000,
-41.3776 12.8205 -1.9000,
-41.2765 -64.2250 -0.4000,
-41.2765 -64.2250 0.8000,
-41.2765 -45.1750 -0.4000,
-41.2765 -45.1750 0.8000,
-41.2765 -26.1250 -0.4000,
-41.2765 -26.1250 0.8000,
-41.2765 -7.0750 -0.4000,
-41.2765 -7.0750 0.8000,
-41.2765 11.9750 -0.4000,
-41.2765 11.9750 0.8000,
-41.2126 -63.0708 -1.4000,
-41.2126 -63.0708 -0.4000,
-41.2126 -63.0708 0.8000,
-41.2126 -63.0708 1.8000,
-41.2126 -44.0208 -1.4000,
-41.2126 -44.0208 -0.4000,
-41.2126 -44.0208 0.8000,
-41.2126 -44.0208 1.8000,
-41.2126 -24.9708 -1.4000,
-41.2126 -24.9708 -0.4000,
-41.2126 -24.9708 0.8000,
-41.2126 -24.9708 1.8000,
-41.2126 -5.9208 -1.4000,
-41.2126 -5.9208 -0.4000,
-41.2126 -5.9208 0.8000,
-41.2126 -5.9208 1.8000,
-41.2126 13.1292 -1.4000,
-41.2126 13.1292 -0.4000,
-41.2126 13.1292 0.8000,
-41.2126 13.1292 1.8000,
-41.1125 -63.5384 -1.9000,
-41.1125 -44.4884 -1.9000,
-41.1125 -25.4384 -1.9000,
-41.1125 -6.3884 -1.9000,
-41.1125 12.6616 -1.9000,
-41.0947 -64.3897 -0.4000,
-41.0947 -64.3897 0.8000,
-41.0947 -45.3397 -0.4000,
-41.0947 -45.3397 0.8000,
-41.0947 -26.2897 -0.4000,
-41.0947 -26.2897 0.8000,
-41.0947 -7.2397 -0.4000,
-41.0947 -7.2397 0.8000,
-41.0947 11.8103 -0.4000,
-41.0947 11.8103 0.8000,
-40.9300 -64.5715 -0.4000,
-40.9300 -64.5715 0.8000,
-40.9300 -45.5215 -0.4000,
-40.9300 -45.5215 0.8000,
-40.9300 -26.4715 -0.4000,
-40.9300 -26.4715 0.8000,
-40.9300 -7.4215 -0.4000,
-40.9300 -7.4215 0.8000,
-40.9300 11.6285 -0.4000,
-40.9300 11.6285 0.8000,
-40.9180 -63.2474 -1.4000,
-40.9180 -63.2474 -0.4000,
-40.9180 -63.2474 0.8000,
-40.9180 -63.2474 1.8000,
-40.9180 -44.1974 -1.4000,
-40.9180 -44.1974 -0.4000,
-40.9180 -44.1974 0.8000,
-40.9180 -44.1974 1.8000,
-40.9180 -25.1474 -1.4000,
-40.9180 -25.1474 -0.4000,
-40.9180 -25.1474 0.8000,
-40.9180 -25.1474 1.8000,
-40.9180 -6.0974 -1.4000,
-40.9180 -6.0974 -0.4000,
-40.9180 -6.0974 0.8000,
-40.9180 -6.0974 1.8000,
-40.9180 12.9526 -1.4000,
-40.9180 12.9526 -0.4000,
-40.9180 12.9526 0.8000,
-40.9180 12.9526 1.8000,
-40.9044 -63.2575 0.8000,
-40.9044 -63.2575 1.8000,
-40.9043 -44.2075 0.8000,
-40.9043 -44.2075 1.8000,
-40.9043 -25.1575 0.8000,
-40.9043 -25.1575 1.8000,
-40.9043 -6.1075 0.8000,
-40.9043 -6.1075 1.8000,
-40.9043 12.9425 0.8000,
-40.9043 12.9425 1.8000,
-40.8642 -63.7225 -1.9000,
-40.8642 -44.6725 -1.9000,
-40.8642 -25.6225 -1.9000,
-40.8642 -6.5725 -1.9000,
-40.8642 12.4775 -1.9000,
-40.7838 -64.7686 -0.4000,
-40.7838 -64.7686 0.8000,
-40.7838 -45.7186 -0.4000,
-40.7838 -45.7186 0.8000,
-40.7838 -26.6686 -0.4000,
-40.7838 -26.6686 0.8000,
-40.7838 -7.6186 -0.4000,
-40.7838 -7.6186 0.8000,
-40.7838 11.4314 -0.4000,
-40.7838 11.4314 0.8000,
-40.6577 -64.9790 -0.4000,
-40.6577 -64.9790 0.8000,
-40.6577 -45.9290 -0.4000,
-40.6577 -45.9290 0.8000,
-40.6577 -26.8790 -0.4000,
-40.6577 -26.8790 0.8000,
-40.6577 -7.8290 -0.4000,
-40.6577 -7.8290 0.8000,
-40.6577 11.2210 -0.4000,
-40.6577 11.2210 0.8000,
-40.6421 -63.4520 -1.4000,
-40.6421 -63.4520 -0.4000,
-40.6421 -44.4020 -1.4000,
-40.6421 -44.4020 -0.4000,
-40.6421 -25.3520 -1.4000,
-40.6421 -25.3520 -0.4000,
-40.6421 -6.3020 -1.4000,
-40.6421 -6.3020 -0.4000,
-40.6421 12.7480 -1.4000,
-40.6421 12.7480 -0.4000,
-40.6351 -63.9301 -1.9000,
-40.6351 -44.8801 -1.9000,
-40.6351 -25.8301 -1.9000,
-40.6351 -6.7801 -1.9000,
-40.6351 12.2699 -1.9000,
-40.5528 -65.2008 -0.4000,
-40.5528 -65.2008 0.8000,
-40.5528 -46.1508 -0.4000,
-40.5528 -46.1508 0.8000,
-40.5528 -27.1008 -0.4000,
-40.5528 -27.1008 0.8000,
-40.5528 -8.0508 -0.4000,
-40.5528 -8.0508 0.8000,
-40.5528 10.9992 -0.4000,
-40.5528 10.9992 0.8000,
-40.4702 -65.4318 -0.4000,
-40.4702 -65.4318 0.8000,
-40.4702 -46.3818 -0.4000,
-40.4702 -46.3818 0.8000,
-40.4702 -27.3318 -0.4000,
-40.4702 -27.3318 0.8000,
-40.4702 -8.2818 -0.4000,
-40.4702 -8.2818 0.8000,
-40.4702 10.7682 -0.4000,
-40.4702 10.7682 0.8000,
-40.4275 -64.1592 -1.9000,
-40.4275 -45.1092 -1.9000,
-40.4275 -26.0592 -1.9000,
-40.4275 -7.0092 -1.9000,
-40.4275 12.0408 -1.9000,
-40.4105 -65.6698 -0.4000,
-40.4105 -65.6698 0.8000,
-40.4105 -46.6198 -0.4000,
-40.4105 -46.6198 0.8000,
-40.4105 -27.5698 -0.4000,
-40.4105 -27.5698 0.8000,
-40.4105 -8.5198 -0.4000,
-40.4105 -8.5198 0.8000,
-40.4105 10.5302 -0.4000,
-40.4105 10.5302 0.8000,
-40.3876 -63.6826 -1.4000,
-40.3876 -63.6826 -0.4000,
-40.3876 -44.6326 -1.4000,
-40.3876 -44.6326 -0.4000,
-40.3876 -25.5826 -1.4000,
-40.3876 -25.5826 -0.4000,
-40.3876 -6.5326 -1.4000,
-40.3876 -6.5326 -0.4000,
-40.3876 12.5174 -1.4000,
-40.3876 12.5174 -0.4000,
-40.3753 -65.9075 -0.4000,
-40.3753 -65.9075 0.8000,
-40.3753 -46.8575 -0.4000,
-40.3753 -46.8575 0.8000,
-40.3753 -27.8075 -0.4000,
-40.3753 -27.8075 0.8000,
-40.3753 -8.7575 -0.4000,
-40.3753 -8.7575 0.8000,
-40.3753 10.2925 -0.4000,
-40.3753 10.2925 0.8000,
-40.3745 -65.9125 -0.4000,
-40.3745 -65.9125 0.8000,
-40.3745 -46.8625 -0.4000,
-40.3745 -46.8625 0.8000,
-40.3745 -27.8125 -0.4000,
-40.3745 -27.8125 0.8000,
-40.3745 -8.7625 -0.4000,
-40.3745 -8.7625 0.8000,
-40.3745 10.2875 -0.4000,
-40.3745 10.2875 0.8000,
-40.3625 -66.8175 -0.4000,
-40.3625 -66.8175 0.8000,
-40.3625 -66.1575 -0.4000,
-40.3625 -66.1575 0.8000,
-40.3625 -47.7675 -0.4000,
-40.3625 -47.7675 0.8000,
-40.3625 -47.1075 -0.4000,
-40.3625 -47.1075 0.8000,
-40.3625 -28.7175 -0.4000,
-40.3625 -28.7175 0.8000,
-40.3625 -28.0575 -0.4000,
-40.3625 -28.0575 0.8000,
-40.3625 -9.6675 -0.4000,
-40.3625 -9.6675 0.8000,
-40.3625 -9.0075 -0.4000,
-40.3625 -9.0075 0.8000,
-40.3625 9.3825 -0.4000,
-40.3625 9.3825 0.8000,
-40.3625 10.0425 -0.4000,
-40.3625 10.0425 0.8000,
-40.2434 -64.4075 -1.9000,
-40.2434 -45.3575 -1.9000,
-40.2434 -26.3075 -1.9000,
-40.2434 -7.2575 -1.9000,
-40.2434 11.7925 -1.9000,
-40.1625 -65.9325 -1.9000,
-40.1625 -46.8825 -1.9000,
-40.1625 -27.8325 -1.9000,
-40.1625 -8.7825 -1.9000,
-40.1625 10.2675 -1.9000,
-40.1570 -63.9371 -1.4000,
-40.1570 -63.9371 -0.4000,
-40.1570 -44.8871 -1.4000,
-40.1570 -44.8871 -0.4000,
-40.1570 -25.8371 -1.4000,
-40.1570 -25.8371 -0.4000,
-40.1570 -6.7871 -1.4000,
-40.1570 -6.7871 -0.4000,
-40.1570 12.2629 -1.4000,
-40.1570 12.2629 -0.4000,
-40.0845 -64.6726 -1.9000,
-40.0845 -45.6226 -1.9000,
-40.0845 -26.5726 -1.9000,
-40.0845 -7.5226 -1.9000,
-40.0845 11.5274 -1.9000,
-39.9524 -64.2130 -1.4000,
-39.9524 -64.2130 -0.4000,
-39.9524 -45.1630 -1.4000,
-39.9524 -45.1630 -0.4000,
-39.9524 -26.1130 -1.4000,
-39.9524 -26.1130 -0.4000,
-39.9524 -7.0630 -1.4000,
-39.9524 -7.0630 -0.4000,
-39.9524 11.9870 -1.4000,
-39.9524 11.9870 -0.4000,
-39.9523 -64.9521 -1.9000,
-39.9523 -45.9020 -1.9000,
-39.9523 -26.8521 -1.9000,
-39.9523 -7.8021 -1.9000,
-39.9523 11.2479 -1.9000,
-39.8625 -65.9075 -1.4000,
-39.8625 -65.9075 -0.4000,
-39.8625 -65.9075 0.8000,
-39.8625 -65.9075 1.8000,
-39.8625 -46.8575 -1.4000,
-39.8625 -46.8575 -0.4000,
-39.8625 -46.8575 0.8000,
-39.8625 -46.8575 1.8000,
-39.8625 -27.8075 -1.4000,
-39.8625 -27.8075 -0.4000,
-39.8625 -27.8075 0.8000,
-39.8625 -27.8075 1.8000,
-39.8625 -8.7575 -1.4000,
-39.8625 -8.7575 -0.4000,
-39.8625 -8.7575 0.8000,
-39.8625 -8.7575 1.8000,
-39.8625 10.2925 -1.4000,
-39.8625 10.2925 -0.4000,
-39.8625 10.2925 0.8000,
-39.8625 10.2925 1.8000,
-39.8481 -65.2431 -1.9000,
-39.8481 -46.1931 -1.9000,
-39.8481 -27.1431 -1.9000,
-39.8481 -8.0931 -1.9000,
-39.8481 10.9569 -1.9000,
-39.7758 -64.5076 -1.4000,
-39.7758 -64.5076 -0.4000,
-39.7758 -45.4576 -1.4000,
-39.7758 -45.4576 -0.4000,
-39.7758 -26.4076 -1.4000,
-39.7758 -26.4076 -0.4000,
-39.7758 -7.3576 -1.4000,
-39.7758 -7.3576 -0.4000,
-39.7758 11.6924 -1.4000,
-39.7758 11.6924 -0.4000,
-39.7730 -65.5430 -1.9000,
-39.7730 -46.4930 -1.9000,
-39.7730 -27.4430 -1.9000,
-39.7730 -8.3930 -1.9000,
-39.7730 10.6570 -1.9000,
-39.6289 -64.8181 -1.4000,
-39.6289 -64.8181 -0.4000,
-39.6289 -45.7681 -1.4000,
-39.6289 -45.7681 -0.4000,
-39.6289 -26.7181 -1.4000,
-39.6289 -26.7181 -0.4000,
-39.6289 -7.6681 -1.4000,
-39.6289 -7.6681 -0.4000,
-39.6289 11.3819 -1.4000,
-39.6289 11.3819 -0.4000,
-39.5132 -65.1415 -1.4000,
-39.5132 -65.1415 -0.4000,
-39.5132 -46.0915 -1.4000,
-39.5132 -46.0915 -0.4000,
-39.5132 -27.0415 -1.4000,
-39.5132 -27.0415 -0.4000,
-39.5132 -7.9915 -1.4000,
-39.5132 -7.9915 -0.4000,
-39.5132 11.0585 -1.4000,
-39.5132 11.0585 -0.4000,
-39.4842 -65.2575 0.8000,
-39.4842 -65.2575 1.8000,
-39.4842 -46.2075 0.8000,
-39.4842 -46.2075 1.8000,
-39.4842 -27.1575 0.8000,
-39.4842 -27.1575 1.8000,
-39.4842 -8.1075 0.8000,
-39.4842 -8.1075 1.8000,
-39.4842 10.9425 0.8000,
-39.4842 10.9425 1.8000,
-39.4297 -65.4747 -1.4000,
-39.4297 -65.4747 -0.4000,
-39.4297 -65.4747 0.8000,
-39.4297 -65.4747 1.8000,
-39.4297 -46.4247 -1.4000,
-39.4297 -46.4247 -0.4000,
-39.4297 -46.4247 0.8000,
-39.4297 -46.4247 1.8000,
-39.4297 -27.3747 -1.4000,
-39.4297 -27.3747 -0.4000,
-39.4297 -27.3747 0.8000,
-39.4297 -27.3747 1.8000,
-39.4297 -8.3247 -1.4000,
-39.4297 -8.3247 -0.4000,
-39.4297 -8.3247 0.8000,
-39.4297 -8.3247 1.8000,
-39.4297 10.7253 -1.4000,
-39.4297 10.7253 -0.4000,
-39.4297 10.7253 0.8000,
-39.4297 10.7253 1.8000,
-34.3375 -66.6395 0.8000,
-34.3375 -66.6395 1.8000,
-34.3375 -65.2575 0.8000,
-34.3375 -65.2575 1.8000,
-34.3375 -47.5885 0.8000,
-34.3375 -47.5885 1.8000,
-34.3375 -46.2075 0.8000,
-34.3375 -46.2075 1.8000,
-34.3375 -44.2075 0.8000,
-34.3375 -44.2075 1.8000,
-34.3375 -27.1575 0.8000,
-34.3375 -27.1575 1.8000,
-34.3375 -9.4885 0.8000,
-34.3375 -9.4885 1.8000,
-34.3375 -8.1075 0.8000,
-34.3375 -8.1075 1.8000,
-34.3375 9.5615 0.8000,
-34.3375 9.5615 1.8000,
-34.3375 10.9425 0.8000,
-34.3375 10.9425 1.8000,
-34.3327 -66.7375 0.8000,
-34.3327 -66.7375 1.8000,
-34.3327 -47.6865 0.8000,
-34.3327 -47.6865 1.8000,
-34.3327 -9.5865 0.8000,
-34.3327 -9.5865 1.8000,
-34.3327 9.4635 0.8000,
-34.3327 9.4635 1.8000,
-34.3183 -66.8346 0.8000,
-34.3183 -66.8346 1.8000,
-34.3183 -47.7836 0.8000,
-34.3183 -47.7836 1.8000,
-34.3183 -9.6836 0.8000,
-34.3183 -9.6836 1.8000,
-34.3183 9.3664 0.8000,
-34.3183 9.3664 1.8000,
-34.2944 -66.9298 0.8000,
-34.2944 -66.9298 1.8000,
-34.2944 -47.8788 0.8000,
-34.2944 -47.8788 1.8000,
-34.2944 -9.7788 0.8000,
-34.2944 -9.7788 1.8000,
-34.2944 9.2712 0.8000,
-34.2944 9.2712 1.8000,
-34.2614 -67.0222 0.8000,
-34.2614 -67.0222 1.8000,
-34.2614 -47.9712 0.8000,
-34.2614 -47.9712 1.8000,
-34.2614 -9.8712 0.8000,
-34.2614 -9.8712 1.8000,
-34.2614 9.1788 0.8000,
-34.2614 9.1788 1.8000,
-34.2194 -67.1109 0.8000,
-34.2194 -67.1109 1.8000,
-34.2194 -48.0599 0.8000,
-34.2194 -48.0599 1.8000,
-34.2194 -9.9599 0.8000,
-34.2194 -9.9599 1.8000,
-34.2194 9.0901 0.8000,
-34.2194 9.0901 1.8000,
-34.1690 -67.1951 0.8000,
-34.1690 -67.1951 1.8000,
-34.1690 -48.1441 0.8000,
-34.1690 -48.1441 1.8000,
-34.1690 -10.0441 0.8000,
-34.1690 -10.0441 1.8000,
-34.1690 9.0059 0.8000,
-34.1690 9.0059 1.8000,
-34.1105 -67.2739 0.8000,
-34.1105 -67.2739 1.8000,
-34.1105 -48.2229 0.8000,
-34.1105 -48.2229 1.8000,
-34.1105 -10.1229 0.8000,
-34.1105 -10.1229 1.8000,
-34.1105 8.9271 0.8000,
-34.1105 8.9271 1.8000,
-34.0446 -67.3466 0.8000,
-34.0446 -67.3466 1.8000,
-34.0446 -48.2956 0.8000,
-34.0446 -48.2956 1.8000,
-34.0446 -10.1956 0.8000,
-34.0446 -10.1956 1.8000,
-34.0446 8.8544 0.8000,
-34.0446 8.8544 1.8000,
-33.9719 -67.4125 0.8000,
-33.9719 -67.4125 1.8000,
-33.9719 -48.3615 0.8000,
-33.9719 -48.3615 1.8000,
-33.9719 -10.2615 0.8000,
-33.9719 -10.2615 1.8000,
-33.9719 8.7885 0.8000,
-33.9719 8.7885 1.8000,
-33.8931 -67.4710 0.8000,
-33.8931 -67.4710 1.8000,
-33.8931 -48.4200 0.8000,
-33.8931 -48.4200 1.8000,
-33.8931 -10.3200 0.8000,
-33.8931 -10.3200 1.8000,
-33.8931 8.7300 0.8000,
-33.8931 8.7300 1.8000,
-33.8089 -67.5214 0.8000,
-33.8089 -67.5214 1.8000,
-33.8089 -48.4704 0.8000,
-33.8089 -48.4704 1.8000,
-33.8089 -10.3704 0.8000,
-33.8089 -10.3704 1.8000,
-33.8089 8.6796 0.8000,
-33.8089 8.6796 1.8000,
-33.7202 -67.5634 0.8000,
-33.7202 -67.5634 1.8000,
-33.7202 -48.5124 0.8000,
-33.7202 -48.5124 1.8000,
-33.7202 -10.4124 0.8000,
-33.7202 -10.4124 1.8000,
-33.7202 8.6376 0.8000,
-33.7202 8.6376 1.8000,
-33.6278 -67.5964 0.8000,
-33.6278 -67.5964 1.8000,
-33.6278 -48.5454 0.8000,
-33.6278 -48.5454 1.8000,
-33.6278 -10.4454 0.8000,
-33.6278 -10.4454 1.8000,
-33.6278 8.6046 0.8000,
-33.6278 8.6046 1.8000,
-33.5326 -67.6203 0.8000,
-33.5326 -67.6203 1.8000,
-33.5326 -48.5693 0.8000,
-33.5326 -48.5693 1.8000,
-33.5326 -10.4693 0.8000,
-33.5326 -10.4693 1.8000,
-33.5326 8.5807 0.8000,
-33.5326 8.5807 1.8000,
-33.4355 -67.6347 0.8000,
-33.4355 -67.6347 1.8000,
-33.4355 -48.5837 0.8000,
-33.4355 -48.5837 1.8000,
-33.4355 -10.4837 0.8000,
-33.4355 -10.4837 1.8000,
-33.4355 8.5663 0.8000,
-33.4355 8.5663 1.8000,
-33.3375 -67.6395 0.8000,
-33.3375 -67.6395 1.8000,
-33.3375 -63.2575 0.8000,
-33.3375 -63.2575 1.8000,
-33.3375 -48.5885 0.8000,
-33.3375 -48.5885 1.8000,
-33.3375 -25.1575 0.8000,
-33.3375 -25.1575 1.8000,
-33.3375 -10.4885 0.8000,
-33.3375 -10.4885 1.8000,
-33.3375 -6.1075 0.8000,
-33.3375 -6.1075 1.8000,
-33.3375 8.5615 0.8000,
-33.3375 8.5615 1.8000,
-33.3375 12.9425 0.8000,
-33.3375 12.9425 1.8000,
-33.2395 -63.2623 0.8000,
-33.2395 -63.2623 1.8000,
-33.2395 -25.1623 0.8000,
-33.2395 -25.1623 1.8000,
-33.2395 -6.1123 0.8000,
-33.2395 -6.1123 1.8000,
-33.2395 12.9377 0.8000,
-33.2395 12.9377 1.8000,
-33.1424 -63.2767 0.8000,
-33.1424 -63.2767 1.8000,
-33.1424 -25.1767 0.8000,
-33.1424 -25.1767 1.8000,
-33.1424 -6.1267 0.8000,
-33.1424 -6.1267 1.8000,
-33.1424 12.9233 0.8000,
-33.1424 12.9233 1.8000,
-33.0472 -63.3005 0.8000,
-33.0472 -63.3005 1.8000,
-33.0472 -25.2006 0.8000,
-33.0472 -25.2006 1.8000,
-33.0472 -6.1506 0.8000,
-33.0472 -6.1506 1.8000,
-33.0472 12.8994 0.8000,
-33.0472 12.8994 1.8000,
-32.9548 -63.3336 0.8000,
-32.9548 -63.3336 1.8000,
-32.9548 -25.2336 0.8000,
-32.9548 -25.2336 1.8000,
-32.9548 -6.1836 0.8000,
-32.9548 -6.1836 1.8000,
-32.9548 12.8664 0.8000,
-32.9548 12.8664 1.8000,
-32.8661 -63.3756 0.8000,
-32.8661 -63.3756 1.8000,
-32.8661 -25.2756 0.8000,
-32.8661 -25.2756 1.8000,
-32.8661 -6.2256 0.8000,
-32.8661 -6.2256 1.8000,
-32.8661 12.8244 0.8000,
-32.8661 12.8244 1.8000,
-32.7819 -63.4260 0.8000,
-32.7819 -63.4260 1.8000,
-32.7819 -25.3260 0.8000,
-32.7819 -25.3260 1.8000,
-32.7819 -6.2760 0.8000,
-32.7819 -6.2760 1.8000,
-32.7819 12.7740 0.8000,
-32.7819 12.7740 1.8000,
-32.7031 -63.4845 0.8000,
-32.7031 -63.4845 1.8000,
-32.7031 -25.3845 0.8000,
-32.7031 -25.3845 1.8000,
-32.7031 -6.3345 0.8000,
-32.7031 -6.3345 1.8000,
-32.7031 12.7155 0.8000,
-32.7031 12.7155 1.8000,
-32.6304 -63.5504 0.8000,
-32.6304 -63.5504 1.8000,
-32.6304 -25.4504 0.8000,
-32.6304 -25.4504 1.8000,
-32.6304 -6.4004 0.8000,
-32.6304 -6.4004 1.8000,
-32.6304 12.6496 0.8000,
-32.6304 12.6496 1.8000,
-32.5645 -63.6231 0.8000,
-32.5645 -63.6231 1.8000,
-32.5645 -25.5231 0.8000,
-32.5645 -25.5231 1.8000,
-32.5645 -6.4731 0.8000,
-32.5645 -6.4731 1.8000,
-32.5645 12.5769 0.8000,
-32.5645 12.5769 1.8000,
-32.5060 -63.7019 0.8000,
-32.5060 -63.7019 1.8000,
-32.5060 -25.6019 0.8000,
-32.5060 -25.6019 1.8000,
-32.5060 -6.5519 0.8000,
-32.5060 -6.5519 1.8000,
-32.5060 12.4981 0.8000,
-32.5060 12.4981 1.8000,
-32.4556 -63.7861 0.8000,
-32.4556 -63.7861 1.8000,
-32.4556 -25.6861 0.8000,
-32.4556 -25.6861 1.8000,
-32.4556 -6.6361 0.8000,
-32.4556 -6.6361 1.8000,
-32.4556 12.4139 0.8000,
-32.4556 12.4139 1.8000,
-32.4136 -63.8748 0.8000,
-32.4136 -63.8748 1.8000,
-32.4136 -25.7748 0.8000,
-32.4136 -25.7748 1.8000,
-32.4136 -6.7248 0.8000,
-32.4136 -6.7248 1.8000,
-32.4136 12.3252 0.8000,
-32.4136 12.3252 1.8000,
-32.3806 -63.9672 0.8000,
-32.3806 -63.9672 1.8000,
-32.3806 -25.8672 0.8000,
-32.3806 -25.8672 1.8000,
-32.3806 -6.8172 0.8000,
-32.3806 -6.8172 1.8000,
-32.3806 12.2328 0.8000,
-32.3806 12.2328 1.8000,
-32.3567 -64.0624 0.8000,
-32.3567 -64.0624 1.8000,
-32.3567 -25.9624 0.8000,
-32.3567 -25.9624 1.8000,
-32.3567 -6.9124 0.8000,
-32.3567 -6.9124 1.8000,
-32.3567 12.1376 0.8000,
-32.3567 12.1376 1.8000,
-32.3423 -64.1595 0.8000,
-32.3423 -64.1595 1.8000,
-32.3423 -26.0595 0.8000,
-32.3423 -26.0595 1.8000,
-32.3423 -7.0095 0.8000,
-32.3423 -7.0095 1.8000,
-32.3423 12.0405 0.8000,
-32.3423 12.0405 1.8000,
-32.3375 -65.6395 0.8000,
-32.3375 -65.6395 1.8000,
-32.3375 -64.2575 0.8000,
-32.3375 -64.2575 1.8000,
-32.3375 -46.5885 0.8000,
-32.3375 -46.5885 1.8000,
-32.3375 -29.5395 0.8000,
-32.3375 -29.5395 1.8000,
-32.3375 -27.5395 0.8000,
-32.3375 -27.5395 1.8000,
-32.3375 -26.1575 0.8000,
-32.3375 -26.1575 1.8000,
-32.3375 -8.4885 0.8000,
-32.3375 -8.4885 1.8000,
-32.3375 -7.1075 0.8000,
-32.3375 -7.1075 1.8000,
-32.3375 10.5615 0.8000,
-32.3375 10.5615 1.8000,
-32.3375 11.9425 0.8000,
-32.3375 11.9425 1.8000,
-27.2453 -67.8567 -1.4000,
-27.2453 -67.8567 -0.4000,
-27.2453 -67.8567 0.8000,
-27.2453 -67.8567 1.8000,
-27.2453 -48.8057 -1.4000,
-27.2453 -48.8057 -0.4000,
-27.2453 -48.8057 0.8000,
-27.2453 -48.8057 1.8000,
-27.2453 -29.7567 -1.4000,
-27.2453 -29.7567 -0.4000,
-27.2453 -29.7567 0.8000,
-27.2453 -29.7567 1.8000,
-27.2453 -10.7057 -1.4000,
-27.2453 -10.7057 -0.4000,
-27.2453 -10.7057 0.8000,
-27.2453 -10.7057 1.8000,
-27.2453 8.3443 -1.4000,
-27.2453 8.3443 -0.4000,
-27.2453 8.3443 0.8000,
-27.2453 8.3443 1.8000,
-27.1908 -67.6395 0.8000,
-27.1908 -67.6395 1.8000,
-27.1908 -48.5885 0.8000,
-27.1908 -48.5885 1.8000,
-27.1908 -29.5395 0.8000,
-27.1908 -29.5395 1.8000,
-27.1908 -10.4885 0.8000,
-27.1908 -10.4885 1.8000,
-27.1908 8.5615 0.8000,
-27.1908 8.5615 1.8000,
-27.1618 -67.5235 -1.4000,
-27.1618 -67.5235 -0.4000,
-27.1618 -48.4725 -1.4000,
-27.1618 -48.4725 -0.4000,
-27.1618 -29.4235 -1.4000,
-27.1618 -29.4235 -0.4000,
-27.1618 -10.3725 -1.4000,
-27.1618 -10.3725 -0.4000,
-27.1618 8.6775 -1.4000,
-27.1618 8.6775 -0.4000,
-27.0461 -67.2001 -1.4000,
-27.0461 -67.2001 -0.4000,
-27.0461 -48.1491 -1.4000,
-27.0461 -48.1491 -0.4000,
-27.0461 -29.1001 -1.4000,
-27.0461 -29.1001 -0.4000,
-27.0461 -10.0491 -1.4000,
-27.0461 -10.0491 -0.4000,
-27.0461 9.0009 -1.4000,
-27.0461 9.0009 -0.4000,
-26.9020 -67.9250 -1.9000,
-26.9020 -48.8740 -1.9000,
-26.9020 -29.8250 -1.9000,
-26.9020 -10.7740 -1.9000,
-26.9020 8.2760 -1.9000,
-26.8992 -66.8896 -1.4000,
-26.8992 -66.8896 -0.4000,
-26.8992 -47.8386 -1.4000,
-26.8992 -47.8386 -0.4000,
-26.8992 -28.7896 -1.4000,
-26.8992 -28.7896 -0.4000,
-26.8992 -9.7386 -1.4000,
-26.8992 -9.7386 -0.4000,
-26.8992 9.3114 -1.4000,
-26.8992 9.3114 -0.4000,
-26.8269 -67.6251 -1.9000,
-26.8269 -48.5741 -1.9000,
-26.8269 -29.5251 -1.9000,
-26.8269 -10.4741 -1.9000,
-26.8269 8.5759 -1.9000,
-26.8125 -68.2895 -1.4000,
-26.8125 -68.2895 -0.4000,
-26.8125 -68.2895 0.8000,
-26.8125 -68.2895 1.8000,
-26.8125 -49.2385 -1.4000,
-26.8125 -49.2385 -0.4000,
-26.8125 -49.2385 0.8000,
-26.8125 -49.2385 1.8000,
-26.8125 -30.1895 -1.4000,
-26.8125 -30.1895 -0.4000,
-26.8125 -30.1895 0.8000,
-26.8125 -30.1895 1.8000,
-26.8125 -11.1385 -1.4000,
-26.8125 -11.1385 -0.4000,
-26.8125 -11.1385 0.8000,
-26.8125 -11.1385 1.8000,
-26.8125 7.9115 -1.4000,
-26.8125 7.9115 -0.4000,
-26.8125 7.9115 0.8000,
-26.8125 7.9115 1.8000,
-26.7227 -67.3341 -1.9000,
-26.7227 -48.2830 -1.9000,
-26.7227 -29.2341 -1.9000,
-26.7227 -10.1831 -1.9000,
-26.7227 8.8669 -1.9000,
-26.7226 -66.5950 -1.4000,
-26.7226 -66.5950 -0.4000,
-26.7226 -47.5440 -1.4000,
-26.7226 -47.5440 -0.4000,
-26.7226 -28.4950 -1.4000,
-26.7226 -28.4950 -0.4000,
-26.7226 -9.4440 -1.4000,
-26.7226 -9.4440 -0.4000,
-26.7226 9.6060 -1.4000,
-26.7226 9.6060 -0.4000,
-26.5905 -67.0546 -1.9000,
-26.5905 -48.0036 -1.9000,
-26.5905 -28.9546 -1.9000,
-26.5905 -9.9036 -1.9000,
-26.5905 9.1464 -1.9000,
-26.5180 -66.3191 -1.4000,
-26.5180 -66.3191 -0.4000,
-26.5180 -47.2681 -1.4000,
-26.5180 -47.2681 -0.4000,
-26.5180 -28.2191 -1.4000,
-26.5180 -28.2191 -0.4000,
-26.5180 -9.1681 -1.4000,
-26.5180 -9.1681 -0.4000,
-26.5180 9.8819 -1.4000,
-26.5180 9.8819 -0.4000,
-26.5125 -68.3145 -1.9000,
-26.5125 -49.2635 -1.9000,
-26.5125 -30.2145 -1.9000,
-26.5125 -11.1635 -1.9000,
-26.5125 7.8865 -1.9000,
-26.4316 -66.7895 -1.9000,
-26.4316 -47.7385 -1.9000,
-26.4316 -28.6895 -1.9000,
-26.4316 -9.6385 -1.9000,
-26.4316 9.4115 -1.9000,
-26.3125 -69.1995 -0.4000,
-26.3125 -69.1995 0.8000,
-26.3125 -68.5395 -0.4000,
-26.3125 -68.5395 0.8000,
-26.3125 -50.1485 -0.4000,
-26.3125 -50.1485 0.8000,
-26.3125 -49.4885 -0.4000,
-26.3125 -49.4885 0.8000,
-26.3125 -31.0995 -0.4000,
-26.3125 -31.0995 0.8000,
-26.3125 -30.4395 -0.4000,
-26.3125 -30.4395 0.8000,
-26.3125 -12.0485 -0.4000,
-26.3125 -12.0485 0.8000,
-26.3125 -11.3885 -0.4000,
-26.3125 -11.3885 0.8000,
-26.3125 7.0015 -0.4000,
-26.3125 7.0015 0.8000,
-26.3125 7.6615 -0.4000,
-26.3125 7.6615 0.8000,
-26.3005 -68.2945 -0.4000,
-26.3005 -68.2945 0.8000,
-26.3005 -49.2435 -0.4000,
-26.3005 -49.2435 0.8000,
-26.3005 -30.1945 -0.4000,
-26.3005 -30.1945 0.8000,
-26.3005 -11.1435 -0.4000,
-26.3005 -11.1435 0.8000,
-26.3005 7.9065 -0.4000,
-26.3005 7.9065 0.8000,
-26.2997 -68.2895 -0.4000,
-26.2997 -68.2895 0.8000,
-26.2997 -49.2385 -0.4000,
-26.2997 -49.2385 0.8000,
-26.2997 -30.1895 -0.4000,
-26.2997 -30.1895 0.8000,
-26.2997 -11.1385 -0.4000,
-26.2997 -11.1385 0.8000,
-26.2997 7.9115 -0.4000,
-26.2997 7.9115 0.8000,
-26.2874 -66.0646 -1.4000,
-26.2874 -66.0646 -0.4000,
-26.2874 -47.0136 -1.4000,
-26.2874 -47.0136 -0.4000,
-26.2874 -27.9646 -1.4000,
-26.2874 -27.9646 -0.4000,
-26.2874 -8.9136 -1.4000,
-26.2874 -8.9136 -0.4000,
-26.2874 10.1364 -1.4000,
-26.2874 10.1364 -0.4000,
-26.2644 -68.0518 -0.4000,
-26.2644 -68.0518 0.8000,
-26.2644 -49.0008 -0.4000,
-26.2644 -49.0008 0.8000,
-26.2644 -29.9518 -0.4000,
-26.2644 -29.9518 0.8000,
-26.2644 -10.9008 -0.4000,
-26.2644 -10.9008 0.8000,
-26.2644 8.1492 -0.4000,
-26.2644 8.1492 0.8000,
-26.2475 -66.5412 -1.9000,
-26.2475 -47.4902 -1.9000,
-26.2475 -28.4412 -1.9000,
-26.2475 -9.3902 -1.9000,
-26.2475 9.6598 -1.9000,
-26.2048 -67.8138 -0.4000,
-26.2048 -67.8138 0.8000,
-26.2048 -48.7628 -0.4000,
-26.2048 -48.7628 0.8000,
-26.2048 -29.7138 -0.4000,
-26.2048 -29.7138 0.8000,
-26.2048 -10.6628 -0.4000,
-26.2048 -10.6628 0.8000,
-26.2048 8.3872 -0.4000,
-26.2048 8.3872 0.8000,
-26.1222 -67.5828 -0.4000,
-26.1222 -67.5828 0.8000,
-26.1222 -48.5318 -0.4000,
-26.1222 -48.5318 0.8000,
-26.1222 -29.4828 -0.4000,
-26.1222 -29.4828 0.8000,
-26.1222 -10.4318 -0.4000,
-26.1222 -10.4318 0.8000,
-26.1222 8.6182 -0.4000,
-26.1222 8.6182 0.8000,
-26.0399 -66.3121 -1.9000,
-26.0399 -47.2611 -1.9000,
-26.0399 -28.2121 -1.9000,
-26.0399 -9.1611 -1.9000,
-26.0399 9.8889 -1.9000,
-26.0329 -65.8340 -1.4000,
-26.0329 -65.8340 -0.4000,
-26.0329 -46.7830 -1.4000,
-26.0329 -46.7830 -0.4000,
-26.0329 -27.7340 -1.4000,
-26.0329 -27.7340 -0.4000,
-26.0329 -8.6830 -1.4000,
-26.0329 -8.6830 -0.4000,
-26.0329 10.3670 -1.4000,
-26.0329 10.3670 -0.4000,
-26.0173 -67.3610 -0.4000,
-26.0173 -67.3610 0.8000,
-26.0173 -48.3100 -0.4000,
-26.0173 -48.3100 0.8000,
-26.0173 -29.2610 -0.4000,
-26.0173 -29.2610 0.8000,
-26.0173 -10.2100 -0.4000,
-26.0173 -10.2100 0.8000,
-26.0173 8.8400 -0.4000,
-26.0173 8.8400 0.8000,
-25.8912 -67.1506 -0.4000,
-25.8912 -67.1506 0.8000,
-25.8912 -48.0996 -0.4000,
-25.8912 -48.0996 0.8000,
-25.8912 -29.0506 -0.4000,
-25.8912 -29.0506 0.8000,
-25.8912 -9.9996 -0.4000,
-25.8912 -9.9996 0.8000,
-25.8912 9.0504 -0.4000,
-25.8912 9.0504 0.8000,
-25.8108 -66.1045 -1.9000,
-25.8108 -47.0535 -1.9000,
-25.8108 -28.0045 -1.9000,
-25.8108 -8.9535 -1.9000,
-25.8108 10.0965 -1.9000,
-25.7707 -65.6395 0.8000,
-25.7707 -65.6395 1.8000,
-25.7707 -46.5885 0.8000,
-25.7707 -46.5885 1.8000,
-25.7707 -27.5395 0.8000,
-25.7707 -27.5395 1.8000,
-25.7707 -8.4885 0.8000,
-25.7707 -8.4885 1.8000,
-25.7707 10.5615 0.8000,
-25.7707 10.5615 1.8000,
-25.7570 -65.6294 -1.4000,
-25.7570 -65.6294 -0.4000,
-25.7570 -65.6294 0.8000,
-25.7570 -65.6294 1.8000,
-25.7570 -46.5784 -1.4000,
-25.7570 -46.5784 -0.4000,
-25.7570 -46.5784 0.8000,
-25.7570 -46.5784 1.8000,
-25.7570 -27.5294 -1.4000,
-25.7570 -27.5294 -0.4000,
-25.7570 -27.5294 0.8000,
-25.7570 -27.5294 1.8000,
-25.7570 -8.4784 -1.4000,
-25.7570 -8.4784 -0.4000,
-25.7570 -8.4784 0.8000,
-25.7570 -8.4784 1.8000,
-25.7570 10.5716 -1.4000,
-25.7570 10.5716 -0.4000,
-25.7570 10.5716 0.8000,
-25.7570 10.5716 1.8000,
-25.7450 -66.9535 -0.4000,
-25.7450 -66.9535 0.8000,
-25.7450 -47.9025 -0.4000,
-25.7450 -47.9025 0.8000,
-25.7450 -28.8535 -0.4000,
-25.7450 -28.8535 0.8000,
-25.7450 -9.8025 -0.4000,
-25.7450 -9.8025 0.8000,
-25.7450 9.2475 -0.4000,
-25.7450 9.2475 0.8000,
-25.5803 -66.7717 -0.4000,
-25.5803 -66.7717 0.8000,
-25.5803 -47.7207 -0.4000,
-25.5803 -47.7207 0.8000,
-25.5803 -28.6717 -0.4000,
-25.5803 -28.6717 0.8000,
-25.5803 -9.6207 -0.4000,
-25.5803 -9.6207 0.8000,
-25.5803 9.4293 -0.4000,
-25.5803 9.4293 0.8000,
-25.5625 -65.9204 -1.9000,
-25.5625 -46.8694 -1.9000,
-25.5625 -27.8204 -1.9000,
-25.5625 -8.7694 -1.9000,
-25.5625 10.2806 -1.9000,
-25.4624 -65.4528 -1.4000,
-25.4624 -65.4528 -0.4000,
-25.4624 -65.4528 0.8000,
-25.4624 -65.4528 1.8000,
-25.4624 -46.4018 -1.4000,
-25.4624 -46.4018 -0.4000,
-25.4624 -46.4018 0.8000,
-25.4624 -46.4018 1.8000,
-25.4624 -27.3528 -1.4000,
-25.4624 -27.3528 -0.4000,
-25.4624 -27.3528 0.8000,
-25.4624 -27.3528 1.8000,
-25.4624 -8.3018 -1.4000,
-25.4624 -8.3018 -0.4000,
-25.4624 -8.3018 0.8000,
-25.4624 -8.3018 1.8000,
-25.4624 10.7482 -1.4000,
-25.4624 10.7482 -0.4000,
-25.4624 10.7482 0.8000,
-25.4624 10.7482 1.8000,
-25.3985 -66.6070 -0.4000,
-25.3985 -66.6070 0.8000,
-25.3985 -47.5560 -0.4000,
-25.3985 -47.5560 0.8000,
-25.3985 -28.5070 -0.4000,
-25.3985 -28.5070 0.8000,
-25.3985 -9.4560 -0.4000,
-25.3985 -9.4560 0.8000,
-25.3985 9.5940 -0.4000,
-25.3985 9.5940 0.8000,
-25.2974 -65.7615 -1.9000,
-25.2974 -46.7105 -1.9000,
-25.2974 -27.6615 -1.9000,
-25.2974 -8.6105 -1.9000,
-25.2974 10.4395 -1.9000,
-25.2014 -66.4608 -0.4000,
-25.2014 -66.4608 0.8000,
-25.2014 -47.4098 -0.4000,
-25.2014 -47.4098 0.8000,
-25.2014 -28.3608 -0.4000,
-25.2014 -28.3608 0.8000,
-25.2014 -9.3098 -0.4000,
-25.2014 -9.3098 0.8000,
-25.2014 9.7402 -0.4000,
-25.2014 9.7402 0.8000,
-25.1519 -65.3059 -1.4000,
-25.1519 -65.3059 -0.4000,
-25.1519 -65.3059 0.8000,
-25.1519 -65.3059 1.8000,
-25.1519 -46.2549 -1.4000,
-25.1519 -46.2549 -0.4000,
-25.1519 -46.2549 0.8000,
-25.1519 -46.2549 1.8000,
-25.1519 -27.2059 -1.4000,
-25.1519 -27.2059 -0.4000,
-25.1519 -27.2059 0.8000,
-25.1519 -27.2059 1.8000,
-25.1519 -8.1549 -1.4000,
-25.1519 -8.1549 -0.4000,
-25.1519 -8.1549 0.8000,
-25.1519 -8.1549 1.8000,
-25.1519 10.8951 -1.4000,
-25.1519 10.8951 -0.4000,
-25.1519 10.8951 0.8000,
-25.1519 10.8951 1.8000,
-25.0179 -65.6293 -1.9000,
-25.0179 -46.5783 -1.9000,
-25.0179 -27.5293 -1.9000,
-25.0179 -8.4783 -1.9000,
-25.0179 10.5717 -1.9000,
-24.9910 -66.3347 -0.4000,
-24.9910 -66.3347 0.8000,
-24.9910 -47.2837 -0.4000,
-24.9910 -47.2837 0.8000,
-24.9910 -28.2347 -0.4000,
-24.9910 -28.2347 0.8000,
-24.9910 -9.1837 -0.4000,
-24.9910 -9.1837 0.8000,
-24.9910 9.8663 -0.4000,
-24.9910 9.8663 0.8000,
-24.8285 -65.1902 -1.4000,
-24.8285 -65.1902 -0.4000,
-24.8285 -65.1902 0.8000,
-24.8285 -65.1902 1.8000,
-24.8285 -46.1392 -1.4000,
-24.8285 -46.1392 -0.4000,
-24.8285 -46.1392 0.8000,
-24.8285 -46.1392 1.8000,
-24.8285 -27.0902 -1.4000,
-24.8285 -27.0902 -0.4000,
-24.8285 -27.0902 0.8000,
-24.8285 -27.0902 1.8000,
-24.8285 -8.0392 -1.4000,
-24.8285 -8.0392 -0.4000,
-24.8285 -8.0392 0.8000,
-24.8285 -8.0392 1.8000,
-24.8285 11.0108 -1.4000,
-24.8285 11.0108 -0.4000,
-24.8285 11.0108 0.8000,
-24.8285 11.0108 1.8000,
-24.7692 -66.2298 -0.4000,
-24.7692 -66.2298 0.8000,
-24.7692 -47.1788 -0.4000,
-24.7692 -47.1788 0.8000,
-24.7692 -28.1298 -0.4000,
-24.7692 -28.1298 0.8000,
-24.7692 -9.0788 -0.4000,
-24.7692 -9.0788 0.8000,
-24.7692 9.9712 -0.4000,
-24.7692 9.9712 0.8000,
-24.7269 -65.5251 -1.9000,
-24.7269 -46.4741 -1.9000,
-24.7269 -27.4251 -1.9000,
-24.7269 -8.3741 -1.9000,
-24.7269 10.6759 -1.9000,
-24.5382 -66.1472 -0.4000,
-24.5382 -66.1472 0.8000,
-24.5382 -47.0962 -0.4000,
-24.5382 -47.0962 0.8000,
-24.5382 -28.0472 -0.4000,
-24.5382 -28.0472 0.8000,
-24.5382 -8.9961 -0.4000,
-24.5382 -8.9961 0.8000,
-24.5382 10.0538 -0.4000,
-24.5382 10.0538 0.8000,
-24.4953 -65.1068 -1.4000,
-24.4953 -65.1068 -0.4000,
-24.4953 -65.1068 0.8000,
-24.4953 -65.1068 1.8000,
-24.4953 -46.0558 -1.4000,
-24.4953 -46.0558 -0.4000,
-24.4953 -46.0558 0.8000,
-24.4953 -46.0558 1.8000,
-24.4953 -27.0068 -1.4000,
-24.4953 -27.0068 -0.4000,
-24.4953 -27.0068 0.8000,
-24.4953 -27.0068 1.8000,
-24.4953 -7.9558 -1.4000,
-24.4953 -7.9558 -0.4000,
-24.4953 -7.9558 0.8000,
-24.4953 -7.9558 1.8000,
-24.4953 11.0942 -1.4000,
-24.4953 11.0942 -0.4000,
-24.4953 11.0942 0.8000,
-24.4953 11.0942 1.8000,
-24.4270 -65.4500 -1.9000,
-24.4270 -46.3990 -1.9000,
-24.4270 -27.3500 -1.9000,
-24.4270 -8.2990 -1.9000,
-24.4270 10.7510 -1.9000,
-24.3002 -66.0875 -0.4000,
-24.3002 -66.0875 0.8000,
-24.3002 -47.0366 -0.4000,
-24.3002 -47.0366 0.8000,
-24.3002 -27.9875 -0.4000,
-24.3002 -27.9875 0.8000,
-24.3002 -8.9365 -0.4000,
-24.3002 -8.9365 0.8000,
-24.3002 10.1135 -0.4000,
-24.3002 10.1135 0.8000,
-24.1555 -65.0564 -1.4000,
-24.1555 -65.0564 -0.4000,
-24.1555 -65.0564 0.8000,
-24.1555 -65.0564 1.8000,
-24.1555 -46.0054 -1.4000,
-24.1555 -46.0054 -0.4000,
-24.1555 -46.0054 0.8000,
-24.1555 -46.0054 1.8000,
-24.1555 -26.9564 -1.4000,
-24.1555 -26.9564 -0.4000,
-24.1555 -26.9564 0.8000,
-24.1555 -26.9564 1.8000,
-24.1555 -7.9054 -1.4000,
-24.1555 -7.9054 -0.4000,
-24.1555 -7.9054 0.8000,
-24.1555 -7.9054 1.8000,
-24.1555 11.1446 -1.4000,
-24.1555 11.1446 -0.4000,
-24.1555 11.1446 0.8000,
-24.1555 11.1446 1.8000,
-24.1212 -65.4047 -1.9000,
-24.1212 -46.3537 -1.9000,
-24.1212 -27.3047 -1.9000,
-24.1212 -8.2537 -1.9000,
-24.1212 10.7963 -1.9000,
-24.0575 -66.0515 -0.4000,
-24.0575 -66.0515 0.8000,
-24.0575 -47.0005 -0.4000,
-24.0575 -47.0005 0.8000,
-24.0575 -27.9515 -0.4000,
-24.0575 -27.9515 0.8000,
-24.0575 -8.9005 -0.4000,
-24.0575 -8.9005 0.8000,
-24.0575 10.1495 -0.4000,
-24.0575 10.1495 0.8000,
-23.8125 -66.0395 -0.4000,
-23.8125 -66.0395 0.8000,
-23.8125 -65.3895 -1.9000,
-23.8125 -65.0395 -1.4000,
-23.8125 -65.0395 -0.4000,
-23.8125 -65.0395 0.8000,
-23.8125 -65.0395 1.8000,
-23.8125 -46.9885 -0.4000,
-23.8125 -46.9885 0.8000,
-23.8125 -46.3385 -1.9000,
-23.8125 -45.9885 -1.4000,
-23.8125 -45.9885 -0.4000,
-23.8125 -45.9885 0.8000,
-23.8125 -45.9885 1.8000,
-23.8125 -27.9395 -0.4000,
-23.8125 -27.9395 0.8000,
-23.8125 -27.2895 -1.9000,
-23.8125 -26.9395 -1.4000,
-23.8125 -26.9395 -0.4000,
-23.8125 -26.9395 0.8000,
-23.8125 -26.9395 1.8000,
-23.8125 -8.8885 -0.4000,
-23.8125 -8.8885 0.8000,
-23.8125 -8.2385 -1.9000,
-23.8125 -7.8885 -1.4000,
-23.8125 -7.8885 -0.4000,
-23.8125 -7.8885 0.8000,
-23.8125 -7.8885 1.8000,
-23.8125 10.1615 -0.4000,
-23.8125 10.1615 0.8000,
-23.8125 10.8115 -1.9000,
-23.8125 11.1615 -1.4000,
-23.8125 11.1615 -0.4000,
-23.8125 11.1615 0.8000,
-23.8125 11.1615 1.8000,
-23.5675 -66.0515 -0.4000,
-23.5675 -66.0515 0.8000,
-23.5675 -47.0005 -0.4000,
-23.5675 -47.0005 0.8000,
-23.5675 -27.9515 -0.4000,
-23.5675 -27.9515 0.8000,
-23.5675 -8.9005 -0.4000,
-23.5675 -8.9005 0.8000,
-23.5675 10.1495 -0.4000,
-23.5675 10.1495 0.8000,
-23.5038 -65.4047 -1.9000,
-23.5038 -46.3537 -1.9000,
-23.5038 -27.3047 -1.9000,
-23.5038 -8.2537 -1.9000,
-23.5038 10.7963 -1.9000,
-23.4695 -65.0564 -1.4000,
-23.4695 -65.0564 -0.4000,
-23.4695 -65.0564 0.8000,
-23.4695 -65.0564 1.8000,
-23.4695 -46.0054 -1.4000,
-23.4695 -46.0054 -0.4000,
-23.4695 -46.0054 0.8000,
-23.4695 -46.0054 1.8000,
-23.4695 -26.9564 -1.4000,
-23.4695 -26.9564 -0.4000,
-23.4695 -26.9564 0.8000,
-23.4695 -26.9564 1.8000,
-23.4695 -7.9054 -1.4000,
-23.4695 -7.9054 -0.4000,
-23.4695 -7.9054 0.8000,
-23.4695 -7.9054 1.8000,
-23.4695 11.1446 -1.4000,
-23.4695 11.1446 -0.4000,
-23.4695 11.1446 0.8000,
-23.4695 11.1446 1.8000,
-23.3248 -66.0875 -0.4000,
-23.3248 -66.0875 0.8000,
-23.3248 -47.0366 -0.4000,
-23.3248 -47.0366 0.8000,
-23.3248 -27.9875 -0.4000,
-23.3248 -27.9875 0.8000,
-23.3248 -8.9365 -0.4000,
-23.3248 -8.9365 0.8000,
-23.3248 10.1135 -0.4000,
-23.3248 10.1135 0.8000,
-23.1980 -65.4500 -1.9000,
-23.1980 -46.3990 -1.9000,
-23.1980 -27.3500 -1.9000,
-23.1980 -8.2990 -1.9000,
-23.1980 10.7510 -1.9000,
-23.1297 -65.1068 -1.4000,
-23.1297 -65.1068 -0.4000,
-23.1297 -65.1068 0.8000,
-23.1297 -65.1068 1.8000,
-23.1297 -46.0558 -1.4000,
-23.1297 -46.0558 -0.4000,
-23.1297 -46.0558 0.8000,
-23.1297 -46.0558 1.8000,
-23.1297 -27.0068 -1.4000,
-23.1297 -27.0068 -0.4000,
-23.1297 -27.0068 0.8000,
-23.1297 -27.0068 1.8000,
-23.1297 -7.9558 -1.4000,
-23.1297 -7.9558 -0.4000,
-23.1297 -7.9558 0.8000,
-23.1297 -7.9558 1.8000,
-23.1297 11.0942 -1.4000,
-23.1297 11.0942 -0.4000,
-23.1297 11.0942 0.8000,
-23.1297 11.0942 1.8000,
-23.0868 -66.1472 -0.4000,
-23.0868 -66.1472 0.8000,
-23.0868 -47.0962 -0.4000,
-23.0868 -47.0962 0.8000,
-23.0868 -28.0472 -0.4000,
-23.0868 -28.0472 0.8000,
-23.0868 -8.9961 -0.4000,
-23.0868 -8.9961 0.8000,
-23.0868 10.0538 -0.4000,
-23.0868 10.0538 0.8000,
-22.8981 -65.5251 -1.9000,
-22.8981 -46.4741 -1.9000,
-22.8981 -27.4251 -1.9000,
-22.8981 -8.3741 -1.9000,
-22.8981 10.6759 -1.9000,
-22.8558 -66.2298 -0.4000,
-22.8558 -66.2298 0.8000,
-22.8558 -47.1788 -0.4000,
-22.8558 -47.1788 0.8000,
-22.8558 -28.1298 -0.4000,
-22.8558 -28.1298 0.8000,
-22.8558 -9.0788 -0.4000,
-22.8558 -9.0788 0.8000,
-22.8558 9.9712 -0.4000,
-22.8558 9.9712 0.8000,
-22.7965 -65.1902 -1.4000,
-22.7965 -65.1902 -0.4000,
-22.7965 -65.1902 0.8000,
-22.7965 -65.1902 1.8000,
-22.7965 -46.1392 -1.4000,
-22.7965 -46.1392 -0.4000,
-22.7965 -46.1392 0.8000,
-22.7965 -46.1392 1.8000,
-22.7965 -27.0902 -1.4000,
-22.7965 -27.0902 -0.4000,
-22.7965 -27.0902 0.8000,
-22.7965 -27.0902 1.8000,
-22.7965 -8.0392 -1.4000,
-22.7965 -8.0392 -0.4000,
-22.7965 -8.0392 0.8000,
-22.7965 -8.0392 1.8000,
-22.7965 11.0108 -1.4000,
-22.7965 11.0108 -0.4000,
-22.7965 11.0108 0.8000,
-22.7965 11.0108 1.8000,
-22.6340 -66.3347 -0.4000,
-22.6340 -66.3347 0.8000,
-22.6340 -47.2837 -0.4000,
-22.6340 -47.2837 0.8000,
-22.6340 -28.2347 -0.4000,
-22.6340 -28.2347 0.8000,
-22.6340 -9.1837 -0.4000,
-22.6340 -9.1837 0.8000,
-22.6340 9.8663 -0.4000,
-22.6340 9.8663 0.8000,
-22.6071 -65.6293 -1.9000,
-22.6071 -46.5783 -1.9000,
-22.6071 -27.5293 -1.9000,
-22.6071 -8.4783 -1.9000,
-22.6071 10.5717 -1.9000,
-22.4731 -65.3059 -1.4000,
-22.4731 -65.3059 -0.4000,
-22.4731 -65.3059 0.8000,
-22.4731 -65.3059 1.8000,
-22.4731 -46.2549 -1.4000,
-22.4731 -46.2549 -0.4000,
-22.4731 -46.2549 0.8000,
-22.4731 -46.2549 1.8000,
-22.4731 -27.2059 -1.4000,
-22.4731 -27.2059 -0.4000,
-22.4731 -27.2059 0.8000,
-22.4731 -27.2059 1.8000,
-22.4731 -8.1549 -1.4000,
-22.4731 -8.1549 -0.4000,
-22.4731 -8.1549 0.8000,
-22.4731 -8.1549 1.8000,
-22.4731 10.8951 -1.4000,
-22.4731 10.8951 -0.4000,
-22.4731 10.8951 0.8000,
-22.4731 10.8951 1.8000,
-22.4236 -66.4608 -0.4000,
-22.4236 -66.4608 0.8000,
-22.4236 -47.4098 -0.4000,
-22.4236 -47.4098 0.8000,
-22.4236 -28.3608 -0.4000,
-22.4236 -28.3608 0.8000,
-22.4236 -9.3098 -0.4000,
-22.4236 -9.3098 0.8000,
-22.4236 9.7402 -0.4000,
-22.4236 9.7402 0.8000,
-22.3276 -65.7615 -1.9000,
-22.3276 -46.7105 -1.9000,
-22.3276 -27.6615 -1.9000,
-22.3276 -8.6105 -1.9000,
-22.3276 10.4395 -1.9000,
-22.2265 -66.6070 -0.4000,
-22.2265 -66.6070 0.8000,
-22.2265 -47.5560 -0.4000,
-22.2265 -47.5560 0.8000,
-22.2265 -28.5070 -0.4000,
-22.2265 -28.5070 0.8000,
-22.2265 -9.4560 -0.4000,
-22.2265 -9.4560 0.8000,
-22.2265 9.5940 -0.4000,
-22.2265 9.5940 0.8000,
-22.1626 -65.4528 -1.4000,
-22.1626 -65.4528 -0.4000,
-22.1626 -65.4528 0.8000,
-22.1626 -65.4528 1.8000,
-22.1626 -46.4018 -1.4000,
-22.1626 -46.4018 -0.4000,
-22.1626 -46.4018 0.8000,
-22.1626 -46.4018 1.8000,
-22.1626 -27.3528 -1.4000,
-22.1626 -27.3528 -0.4000,
-22.1626 -27.3528 0.8000,
-22.1626 -27.3528 1.8000,
-22.1626 -8.3018 -1.4000,
-22.1626 -8.3018 -0.4000,
-22.1626 -8.3018 0.8000,
-22.1626 -8.3018 1.8000,
-22.1626 10.7482 -1.4000,
-22.1626 10.7482 -0.4000,
-22.1626 10.7482 0.8000,
-22.1626 10.7482 1.8000,
-22.0625 -65.9204 -1.9000,
-22.0625 -46.8694 -1.9000,
-22.0625 -27.8204 -1.9000,
-22.0625 -8.7694 -1.9000,
-22.0625 10.2806 -1.9000,
-22.0447 -66.7717 -0.4000,
-22.0447 -66.7717 0.8000,
-22.0447 -47.7207 -0.4000,
-22.0447 -47.7207 0.8000,
-22.0447 -28.6717 -0.4000,
-22.0447 -28.6717 0.8000,
-22.0447 -9.6207 -0.4000,
-22.0447 -9.6207 0.8000,
-22.0447 9.4293 -0.4000,
-22.0447 9.4293 0.8000,
-21.8800 -66.9535 -0.4000,
-21.8800 -66.9535 0.8000,
-21.8800 -47.9025 -0.4000,
-21.8800 -47.9025 0.8000,
-21.8800 -28.8535 -0.4000,
-21.8800 -28.8535 0.8000,
-21.8800 -9.8025 -0.4000,
-21.8800 -9.8025 0.8000,
-21.8800 9.2475 -0.4000,
-21.8800 9.2475 0.8000,
-21.8680 -65.6294 -1.4000,
-21.8680 -65.6294 -0.4000,
-21.8680 -65.6294 0.8000,
-21.8680 -65.6294 1.8000,
-21.8680 -46.5784 -1.4000,
-21.8680 -46.5784 -0.4000,
-21.8680 -46.5784 0.8000,
-21.8680 -46.5784 1.8000,
-21.8680 -27.5294 -1.4000,
-21.8680 -27.5294 -0.4000,
-21.8680 -27.5294 0.8000,
-21.8680 -27.5294 1.8000,
-21.8680 -8.4784 -1.4000,
-21.8680 -8.4784 -0.4000,
-21.8680 -8.4784 0.8000,
-21.8680 -8.4784 1.8000,
-21.8680 10.5716 -1.4000,
-21.8680 10.5716 -0.4000,
-21.8680 10.5716 0.8000,
-21.8680 10.5716 1.8000,
-21.8543 -65.6395 0.8000,
-21.8543 -65.6395 1.8000,
-21.8543 -46.5885 0.8000,
-21.8543 -46.5885 1.8000,
-21.8543 -27.5395 0.8000,
-21.8543 -27.5395 1.8000,
-21.8543 -8.4885 0.8000,
-21.8543 -8.4885 1.8000,
-21.8543 10.5615 0.8000,
-21.8543 10.5615 1.8000,
-21.8142 -66.1045 -1.9000,
-21.8142 -47.0535 -1.9000,
-21.8142 -28.0045 -1.9000,
-21.8142 -8.9535 -1.9000,
-21.8142 10.0965 -1.9000,
-21.7338 -67.1506 -0.4000,
-21.7338 -67.1506 0.8000,
-21.7338 -48.0996 -0.4000,
-21.7338 -48.0996 0.8000,
-21.7338 -29.0506 -0.4000,
-21.7338 -29.0506 0.8000,
-21.7338 -9.9996 -0.4000,
-21.7338 -9.9996 0.8000,
-21.7338 9.0504 -0.4000,
-21.7338 9.0504 0.8000,
-21.6077 -67.3610 -0.4000,
-21.6077 -67.3610 0.8000,
-21.6077 -48.3100 -0.4000,
-21.6077 -48.3100 0.8000,
-21.6077 -29.2610 -0.4000,
-21.6077 -29.2610 0.8000,
-21.6077 -10.2100 -0.4000,
-21.6077 -10.2100 0.8000,
-21.6077 8.8400 -0.4000,
-21.6077 8.8400 0.8000,
-21.5921 -65.8340 -1.4000,
-21.5921 -65.8340 -0.4000,
-21.5921 -46.7830 -1.4000,
-21.5921 -46.7830 -0.4000,
-21.5921 -27.7340 -1.4000,
-21.5921 -27.7340 -0.4000,
-21.5921 -8.6830 -1.4000,
-21.5921 -8.6830 -0.4000,
-21.5921 10.3670 -1.4000,
-21.5921 10.3670 -0.4000,
-21.5851 -66.3121 -1.9000,
-21.5851 -47.2611 -1.9000,
-21.5851 -28.2121 -1.9000,
-21.5851 -9.1611 -1.9000,
-21.5851 9.8889 -1.9000,
-21.5028 -67.5828 -0.4000,
-21.5028 -67.5828 0.8000,
-21.5028 -48.5318 -0.4000,
-21.5028 -48.5318 0.8000,
-21.5028 -29.4828 -0.4000,
-21.5028 -29.4828 0.8000,
-21.5028 -10.4318 -0.4000,
-21.5028 -10.4318 0.8000,
-21.5028 8.6182 -0.4000,
-21.5028 8.6182 0.8000,
-21.4201 -67.8138 -0.4000,
-21.4201 -67.8138 0.8000,
-21.4201 -48.7628 -0.4000,
-21.4201 -48.7628 0.8000,
-21.4201 -29.7138 -0.4000,
-21.4201 -29.7138 0.8000,
-21.4201 -10.6628 -0.4000,
-21.4201 -10.6628 0.8000,
-21.4201 8.3872 -0.4000,
-21.4201 8.3872 0.8000,
-21.3775 -66.5412 -1.9000,
-21.3775 -47.4902 -1.9000,
-21.3775 -28.4412 -1.9000,
-21.3775 -9.3902 -1.9000,
-21.3775 9.6598 -1.9000,
-21.3605 -68.0518 -0.4000,
-21.3605 -68.0518 0.8000,
-21.3605 -49.0008 -0.4000,
-21.3605 -49.0008 0.8000,
-21.3605 -29.9518 -0.4000,
-21.3605 -29.9518 0.8000,
-21.3605 -10.9008 -0.4000,
-21.3605 -10.9008 0.8000,
-21.3605 8.1492 -0.4000,
-21.3605 8.1492 0.8000,
-21.3376 -66.0646 -1.4000,
-21.3376 -66.0646 -0.4000,
-21.3376 -47.0136 -1.4000,
-21.3376 -47.0136 -0.4000,
-21.3376 -27.9646 -1.4000,
-21.3376 -27.9646 -0.4000,
-21.3376 -8.9136 -1.4000,
-21.3376 -8.9136 -0.4000,
-21.3376 10.1364 -1.4000,
-21.3376 10.1364 -0.4000,
-21.3253 -68.2895 -0.4000,
-21.3253 -68.2895 0.8000,
-21.3253 -49.2385 -0.4000,
-21.3253 -49.2385 0.8000,
-21.3253 -30.1895 -0.4000,
-21.3253 -30.1895 0.8000,
-21.3253 -11.1385 -0.4000,
-21.3253 -11.1385 0.8000,
-21.3253 7.9115 -0.4000,
-21.3253 7.9115 0.8000,
-21.3245 -68.2945 -0.4000,
-21.3245 -68.2945 0.8000,
-21.3245 -49.2435 -0.4000,
-21.3245 -49.2435 0.8000,
-21.3245 -30.1945 -0.4000,
-21.3245 -30.1945 0.8000,
-21.3245 -11.1435 -0.4000,
-21.3245 -11.1435 0.8000,
-21.3245 7.9065 -0.4000,
-21.3245 7.9065 0.8000,
-21.3125 -69.1995 -0.4000,
-21.3125 -69.1995 0.8000,
-21.3125 -68.5395 -0.4000,
-21.3125 -68.5395 0.8000,
-21.3125 -50.1485 -0.4000,
-21.3125 -50.1485 0.8000,
-21.3125 -49.4885 -0.4000,
-21.3125 -49.4885 0.8000,
-21.3125 -31.0995 -0.4000,
-21.3125 -31.0995 0.8000,
-21.3125 -30.4395 -0.4000,
-21.3125 -30.4395 0.8000,
-21.3125 -12.0485 -0.4000,
-21.3125 -12.0485 0.8000,
-21.3125 -11.3885 -0.4000,
-21.3125 -11.3885 0.8000,
-21.3125 7.0015 -0.4000,
-21.3125 7.0015 0.8000,
-21.3125 7.6615 -0.4000,
-21.3125 7.6615 0.8000,
-21.1934 -66.7895 -1.9000,
-21.1934 -47.7385 -1.9000,
-21.1934 -28.6895 -1.9000,
-21.1934 -9.6385 -1.9000,
-21.1934 9.4115 -1.9000,
-21.1125 -68.3145 -1.9000,
-21.1125 -49.2635 -1.9000,
-21.1125 -30.2145 -1.9000,
-21.1125 -11.1635 -1.9000,
-21.1125 7.8865 -1.9000,
-21.1070 -66.3191 -1.4000,
-21.1070 -66.3191 -0.4000,
-21.1070 -47.2681 -1.4000,
-21.1070 -47.2681 -0.4000,
-21.1070 -28.2191 -1.4000,
-21.1070 -28.2191 -0.4000,
-21.1070 -9.1681 -1.4000,
-21.1070 -9.1681 -0.4000,
-21.1070 9.8819 -1.4000,
-21.1070 9.8819 -0.4000,
-21.0345 -67.0546 -1.9000,
-21.0345 -48.0036 -1.9000,
-21.0345 -28.9546 -1.9000,
-21.0345 -9.9036 -1.9000,
-21.0345 9.1464 -1.9000,
-20.9024 -66.5950 -1.4000,
-20.9024 -66.5950 -0.4000,
-20.9024 -47.5440 -1.4000,
-20.9024 -47.5440 -0.4000,
-20.9024 -28.4950 -1.4000,
-20.9024 -28.4950 -0.4000,
-20.9024 -9.4440 -1.4000,
-20.9024 -9.4440 -0.4000,
-20.9024 9.6060 -1.4000,
-20.9024 9.6060 -0.4000,
-20.9023 -67.3341 -1.9000,
-20.9023 -48.2830 -1.9000,
-20.9023 -29.2341 -1.9000,
-20.9023 -10.1831 -1.9000,
-20.9023 8.8669 -1.9000,
-20.8125 -68.2895 -1.4000,
-20.8125 -68.2895 -0.4000,
-20.8125 -68.2895 0.8000,
-20.8125 -68.2895 1.8000,
-20.8125 -49.2385 -1.4000,
-20.8125 -49.2385 -0.4000,
-20.8125 -49.2385 0.8000,
-20.8125 -49.2385 1.8000,
-20.8125 -30.1895 -1.4000,
-20.8125 -30.1895 -0.4000,
-20.8125 -30.1895 0.8000,
-20.8125 -30.1895 1.8000,
-20.8125 -11.1385 -1.4000,
-20.8125 -11.1385 -0.4000,
-20.8125 -11.1385 0.8000,
-20.8125 -11.1385 1.8000,
-20.8125 7.9115 -1.4000,
-20.8125 7.9115 -0.4000,
-20.8125 7.9115 0.8000,
-20.8125 7.9115 1.8000,
-20.7981 -67.6251 -1.9000,
-20.7981 -48.5741 -1.9000,
-20.7981 -29.5251 -1.9000,
-20.7981 -10.4741 -1.9000,
-20.7981 8.5759 -1.9000,
-20.7258 -66.8896 -1.4000,
-20.7258 -66.8896 -0.4000,
-20.7258 -47.8386 -1.4000,
-20.7258 -47.8386 -0.4000,
-20.7258 -28.7896 -1.4000,
-20.7258 -28.7896 -0.4000,
-20.7258 -9.7386 -1.4000,
-20.7258 -9.7386 -0.4000,
-20.7258 9.3114 -1.4000,
-20.7258 9.3114 -0.4000,
-20.7230 -67.9250 -1.9000,
-20.7230 -48.8740 -1.9000,
-20.7230 -29.8250 -1.9000,
-20.7230 -10.7740 -1.9000,
-20.7230 8.2760 -1.9000,
-20.5789 -67.2001 -1.4000,
-20.5789 -67.2001 -0.4000,
-20.5789 -48.1491 -1.4000,
-20.5789 -48.1491 -0.4000,
-20.5789 -29.1001 -1.4000,
-20.5789 -29.1001 -0.4000,
-20.5789 -10.0491 -1.4000,
-20.5789 -10.0491 -0.4000,
-20.5789 9.0009 -1.4000,
-20.5789 9.0009 -0.4000,
-20.4632 -67.5235 -1.4000,
-20.4632 -67.5235 -0.4000,
-20.4632 -48.4725 -1.4000,
-20.4632 -48.4725 -0.4000,
-20.4632 -29.4235 -1.4000,
-20.4632 -29.4235 -0.4000,
-20.4632 -10.3725 -1.4000,
-20.4632 -10.3725 -0.4000,
-20.4632 8.6775 -1.4000,
-20.4632 8.6775 -0.4000,
-20.4342 -67.6395 0.8000,
-20.4342 -67.6395 1.8000,
-20.4342 -48.5885 0.8000,
-20.4342 -48.5885 1.8000,
-20.4342 -29.5395 0.8000,
-20.4342 -29.5395 1.8000,
-20.4342 -10.4885 0.8000,
-20.4342 -10.4885 1.8000,
-20.4342 8.5615 0.8000,
-20.4342 8.5615 1.8000,
-20.3797 -67.8567 -1.4000,
-20.3797 -67.8567 -0.4000,
-20.3797 -67.8567 0.8000,
-20.3797 -67.8567 1.8000,
-20.3797 -48.8057 -1.4000,
-20.3797 -48.8057 -0.4000,
-20.3797 -48.8057 0.8000,
-20.3797 -48.8057 1.8000,
-20.3797 -29.7567 -1.4000,
-20.3797 -29.7567 -0.4000,
-20.3797 -29.7567 0.8000,
-20.3797 -29.7567 1.8000,
-20.3797 -10.7057 -1.4000,
-20.3797 -10.7057 -0.4000,
-20.3797 -10.7057 0.8000,
-20.3797 -10.7057 1.8000,
-20.3797 8.3443 -1.4000,
-20.3797 8.3443 -0.4000,
-20.3797 8.3443 0.8000,
-20.3797 8.3443 1.8000,
-15.2875 -65.6395 0.8000,
-15.2875 -65.6395 1.8000,
-15.2875 -48.5885 0.8000,
-15.2875 -48.5885 1.8000,
-15.2875 -46.5885 0.8000,
-15.2875 -46.5885 1.8000,
-15.2875 -29.5395 0.8000,
-15.2875 -29.5395 1.8000,
-15.2875 -27.5395 0.8000,
-15.2875 -27.5395 1.8000,
-15.2875 -10.4885 0.8000,
-15.2875 -10.4885 1.8000,
-15.2875 -8.4885 0.8000,
-15.2875 -8.4885 1.8000,
-15.2875 8.5615 0.8000,
-15.2875 8.5615 1.8000,
-13.2875 -65.6395 0.8000,
-13.2875 -65.6395 1.8000,
-13.2875 -48.5885 0.8000,
-13.2875 -48.5885 1.8000,
-13.2875 -46.5885 0.8000,
-13.2875 -46.5885 1.8000,
-13.2875 -29.5395 0.8000,
-13.2875 -29.5395 1.8000,
-13.2875 -27.5395 0.8000,
-13.2875 -27.5395 1.8000,
-13.2875 -10.4885 0.8000,
-13.2875 -10.4885 1.8000,
-13.2875 -8.4885 0.8000,
-13.2875 -8.4885 1.8000,
-13.2875 8.5615 0.8000,
-13.2875 8.5615 1.8000,
-8.1953 -67.8567 -1.4000,
-8.1953 -67.8567 -0.4000,
-8.1953 -67.8567 0.8000,
-8.1953 -67.8567 1.8000,
-8.1408 -67.6395 0.8000,
-8.1408 -67.6395 1.8000,
-8.1118 -67.5235 -1.4000,
-8.1118 -67.5235 -0.4000,
-7.9961 -67.2001 -1.4000,
-7.9961 -67.2001 -0.4000,
-7.8520 -67.9250 -1.9000,
-7.8492 -66.8896 -1.4000,
-7.8492 -66.8896 -0.4000,
-7.7769 -67.6251 -1.9000,
-7.7625 -68.2895 -1.4000,
-7.7625 -68.2895 -0.4000,
-7.7625 -68.2895 0.8000,
-7.7625 -68.2895 1.8000,
-7.6727 -67.3341 -1.9000,
-7.6726 -66.5950 -1.4000,
-7.6726 -66.5950 -0.4000,
-7.5405 -67.0546 -1.9000,
-7.4680 -66.3191 -1.4000,
-7.4680 -66.3191 -0.4000,
-7.4625 -68.3145 -1.9000,
-7.3816 -66.7895 -1.9000,
-7.2625 -69.1995 -0.4000,
-7.2625 -69.1995 0.8000,
-7.2625 -68.5395 -0.4000,
-7.2625 -68.5395 0.8000,
-7.2505 -68.2945 -0.4000,
-7.2505 -68.2945 0.8000,
-7.2497 -68.2895 -0.4000,
-7.2497 -68.2895 0.8000,
-7.2374 -66.0646 -1.4000,
-7.2374 -66.0646 -0.4000,
-7.2144 -68.0518 -0.4000,
-7.2144 -68.0518 0.8000,
-7.1975 -66.5412 -1.9000,
-7.1548 -67.8138 -0.4000,
-7.1548 -67.8138 0.8000,
-7.0722 -67.5828 -0.4000,
-7.0722 -67.5828 0.8000,
-6.9899 -66.3121 -1.9000,
-6.9829 -65.8340 -1.4000,
-6.9829 -65.8340 -0.4000,
-6.9673 -67.3610 -0.4000,
-6.9673 -67.3610 0.8000,
-6.8412 -67.1506 -0.4000,
-6.8412 -67.1506 0.8000,
-6.7608 -66.1045 -1.9000,
-6.7207 -65.6395 0.8000,
-6.7207 -65.6395 1.8000,
-6.7070 -65.6294 -1.4000,
-6.7070 -65.6294 -0.4000,
-6.7070 -65.6294 0.8000,
-6.7070 -65.6294 1.8000,
-6.6950 -66.9535 -0.4000,
-6.6950 -66.9535 0.8000,
-6.5303 -66.7717 -0.4000,
-6.5303 -66.7717 0.8000,
-6.5125 -65.9204 -1.9000,
-6.4124 -65.4528 -1.4000,
-6.4124 -65.4528 -0.4000,
-6.4124 -65.4528 0.8000,
-6.4124 -65.4528 1.8000,
-6.3485 -66.6070 -0.4000,
-6.3485 -66.6070 0.8000,
-6.2474 -65.7615 -1.9000,
-6.1514 -66.4608 -0.4000,
-6.1514 -66.4608 0.8000,
-6.1019 -65.3059 -1.4000,
-6.1019 -65.3059 -0.4000,
-6.1019 -65.3059 0.8000,
-6.1019 -65.3059 1.8000,
-5.9679 -65.6293 -1.9000,
-5.9410 -66.3347 -0.4000,
-5.9410 -66.3347 0.8000,
-5.7785 -65.1902 -1.4000,
-5.7785 -65.1902 -0.4000,
-5.7785 -65.1902 0.8000,
-5.7785 -65.1902 1.8000,
-5.7192 -66.2298 -0.4000,
-5.7192 -66.2298 0.8000,
-5.6769 -65.5251 -1.9000,
-5.4882 -66.1472 -0.4000,
-5.4882 -66.1472 0.8000,
-5.4453 -65.1068 -1.4000,
-5.4453 -65.1068 -0.4000,
-5.4453 -65.1068 0.8000,
-5.4453 -65.1068 1.8000,
-5.3770 -65.4500 -1.9000,
-5.2502 -66.0875 -0.4000,
-5.2502 -66.0875 0.8000,
-5.1055 -65.0564 -1.4000,
-5.1055 -65.0564 -0.4000,
-5.1055 -65.0564 0.8000,
-5.1055 -65.0564 1.8000,
-5.0712 -65.4047 -1.9000,
-5.0075 -66.0515 -0.4000,
-5.0075 -66.0515 0.8000,
-4.7625 -66.0395 -0.4000,
-4.7625 -66.0395 0.8000,
-4.7625 -65.3895 -1.9000,
-4.7625 -65.0395 -1.4000,
-4.7625 -65.0395 -0.4000,
-4.7625 -65.0395 0.8000,
-4.7625 -65.0395 1.8000,
-4.5175 -66.0515 -0.4000,
-4.5175 -66.0515 0.8000,
-4.4538 -65.4047 -1.9000,
-4.4195 -65.0564 -1.4000,
-4.4195 -65.0564 -0.4000,
-4.4195 -65.0564 0.8000,
-4.4195 -65.0564 1.8000,
-4.2748 -66.0875 -0.4000,
-4.2748 -66.0875 0.8000,
-4.1480 -65.4500 -1.9000,
-4.0797 -65.1068 -1.4000,
-4.0797 -65.1068 -0.4000,
-4.0797 -65.1068 0.8000,
-4.0797 -65.1068 1.8000,
-4.0368 -66.1472 -0.4000,
-4.0368 -66.1472 0.8000,
-3.8481 -65.5251 -1.9000,
-3.8058 -66.2298 -0.4000,
-3.8058 -66.2298 0.8000,
-3.7465 -65.1902 -1.4000,
-3.7465 -65.1902 -0.4000,
-3.7465 -65.1902 0.8000,
-3.7465 -65.1902 1.8000,
-3.5840 -66.3347 -0.4000,
-3.5840 -66.3347 0.8000,
-3.5571 -65.6293 -1.9000,
-3.4333 -48.8057 -1.4000,
-3.4333 -48.8057 -0.4000,
-3.4333 -48.8057 0.8000,
-3.4333 -48.8057 1.8000,
-3.4333 -29.7567 -1.4000,
-3.4333 -29.7567 -0.4000,
-3.4333 -29.7567 0.8000,
-3.4333 -29.7567 1.8000,
-3.4333 -10.7057 -1.4000,
-3.4333 -10.7057 -0.4000,
-3.4333 -10.7057 0.8000,
-3.4333 -10.7057 1.8000,
-3.4333 8.3443 -1.4000,
-3.4333 8.3443 -0.4000,
-3.4333 8.3443 0.8000,
-3.4333 8.3443 1.8000,
-3.4231 -65.3059 -1.4000,
-3.4231 -65.3059 -0.4000,
-3.4231 -65.3059 0.8000,
-3.4231 -65.3059 1.8000,
-3.3788 -48.5885 0.8000,
-3.3788 -48.5885 1.8000,
-3.3788 -29.5395 0.8000,
-3.3788 -29.5395 1.8000,
-3.3788 -10.4885 0.8000,
-3.3788 -10.4885 1.8000,
-3.3788 8.5615 0.8000,
-3.3788 8.5615 1.8000,
-3.3736 -66.4608 -0.4000,
-3.3736 -66.4608 0.8000,
-3.3498 -48.4725 -1.4000,
-3.3498 -48.4725 -0.4000,
-3.3498 -29.4235 -1.4000,
-3.3498 -29.4235 -0.4000,
-3.3498 -10.3725 -1.4000,
-3.3498 -10.3725 -0.4000,
-3.3498 8.6775 -1.4000,
-3.3498 8.6775 -0.4000,
-3.2776 -65.7615 -1.9000,
-3.2341 -48.1491 -1.4000,
-3.2341 -48.1491 -0.4000,
-3.2341 -29.1001 -1.4000,
-3.2341 -29.1001 -0.4000,
-3.2341 -10.0491 -1.4000,
-3.2341 -10.0491 -0.4000,
-3.2341 9.0009 -1.4000,
-3.2341 9.0009 -0.4000,
-3.1765 -66.6070 -0.4000,
-3.1765 -66.6070 0.8000,
-3.1126 -65.4528 -1.4000,
-3.1126 -65.4528 -0.4000,
-3.1126 -65.4528 0.8000,
-3.1126 -65.4528 1.8000,
-3.0900 -48.8740 -1.9000,
-3.0900 -29.8250 -1.9000,
-3.0900 -10.7740 -1.9000,
-3.0900 8.2760 -1.9000,
-3.0872 -47.8386 -1.4000,
-3.0872 -47.8386 -0.4000,
-3.0872 -28.7896 -1.4000,
-3.0872 -28.7896 -0.4000,
-3.0872 -9.7386 -1.4000,
-3.0872 -9.7386 -0.4000,
-3.0872 9.3114 -1.4000,
-3.0872 9.3114 -0.4000,
-3.0149 -48.5741 -1.9000,
-3.0149 -29.5251 -1.9000,
-3.0149 -10.4741 -1.9000,
-3.0149 8.5759 -1.9000,
-3.0125 -65.9204 -1.9000,
-3.0005 -49.2385 -1.4000,
-3.0005 -49.2385 -0.4000,
-3.0005 -49.2385 0.8000,
-3.0005 -49.2385 1.8000,
-3.0005 -30.1895 -1.4000,
-3.0005 -30.1895 -0.4000,
-3.0005 -30.1895 0.8000,
-3.0005 -30.1895 1.8000,
-3.0005 -11.1385 -1.4000,
-3.0005 -11.1385 -0.4000,
-3.0005 -11.1385 0.8000,
-3.0005 -11.1385 1.8000,
-3.0005 7.9115 -1.4000,
-3.0005 7.9115 -0.4000,
-3.0005 7.9115 0.8000,
-3.0005 7.9115 1.8000,
-2.9947 -66.7717 -0.4000,
-2.9947 -66.7717 0.8000,
-2.9107 -48.2830 -1.9000,
-2.9107 -29.2341 -1.9000,
-2.9107 -10.1831 -1.9000,
-2.9107 8.8669 -1.9000,
-2.9106 -47.5440 -1.4000,
-2.9106 -47.5440 -0.4000,
-2.9106 -28.4950 -1.4000,
-2.9106 -28.4950 -0.4000,
-2.9106 -9.4440 -1.4000,
-2.9106 -9.4440 -0.4000,
-2.9106 9.6060 -1.4000,
-2.9106 9.6060 -0.4000,
-2.8300 -66.9535 -0.4000,
-2.8300 -66.9535 0.8000,
-2.8180 -65.6294 -1.4000,
-2.8180 -65.6294 -0.4000,
-2.8180 -65.6294 0.8000,
-2.8180 -65.6294 1.8000,
-2.7785 -48.0036 -1.9000,
-2.7785 -28.9546 -1.9000,
-2.7785 -9.9036 -1.9000,
-2.7785 9.1464 -1.9000,
-2.7642 -66.1045 -1.9000,
-2.7060 -47.2681 -1.4000,
-2.7060 -47.2681 -0.4000,
-2.7060 -28.2191 -1.4000,
-2.7060 -28.2191 -0.4000,
-2.7060 -9.1681 -1.4000,
-2.7060 -9.1681 -0.4000,
-2.7060 9.8819 -1.4000,
-2.7060 9.8819 -0.4000,
-2.7005 -49.2635 -1.9000,
-2.7005 -30.2145 -1.9000,
-2.7005 -11.1635 -1.9000,
-2.7005 7.8865 -1.9000,
-2.6838 -67.1506 -0.4000,
-2.6838 -67.1506 0.8000,
-2.6196 -47.7385 -1.9000,
-2.6196 -28.6895 -1.9000,
-2.6196 -9.6385 -1.9000,
-2.6196 9.4115 -1.9000,
-2.5577 -67.3610 -0.4000,
-2.5577 -67.3610 0.8000,
-2.5421 -65.8340 -1.4000,
-2.5421 -65.8340 -0.4000,
-2.5421 -65.8340 0.8000,
-2.5421 -65.8340 1.8000,
-2.5351 -66.3121 -1.9000,
-2.5005 -50.1485 -0.4000,
-2.5005 -50.1485 0.8000,
-2.5005 -49.4885 -0.4000,
-2.5005 -49.4885 0.8000,
-2.5005 -31.0995 -0.4000,
-2.5005 -31.0995 0.8000,
-2.5005 -30.4395 -0.4000,
-2.5005 -30.4395 0.8000,
-2.5005 -12.0485 -0.4000,
-2.5005 -12.0485 0.8000,
-2.5005 -11.3885 -0.4000,
-2.5005 -11.3885 0.8000,
-2.5005 7.0015 -0.4000,
-2.5005 7.0015 0.8000,
-2.5005 7.6615 -0.4000,
-2.5005 7.6615 0.8000,
-2.4885 -49.2435 -0.4000,
-2.4885 -49.2435 0.8000,
-2.4885 -30.1945 -0.4000,
-2.4885 -30.1945 0.8000,
-2.4885 -11.1435 -0.4000,
-2.4885 -11.1435 0.8000,
-2.4885 7.9065 -0.4000,
-2.4885 7.9065 0.8000,
-2.4877 -49.2385 -0.4000,
-2.4877 -49.2385 0.8000,
-2.4877 -30.1895 -0.4000,
-2.4877 -30.1895 0.8000,
-2.4877 -11.1385 -0.4000,
-2.4877 -11.1385 0.8000,
-2.4877 7.9115 -0.4000,
-2.4877 7.9115 0.8000,
-2.4754 -47.0136 -1.4000,
-2.4754 -47.0136 -0.4000,
-2.4754 -27.9646 -1.4000,
-2.4754 -27.9646 -0.4000,
-2.4754 -8.9136 -1.4000,
-2.4754 -8.9136 -0.4000,
-2.4754 10.1364 -1.4000,
-2.4754 10.1364 -0.4000,
-2.4528 -67.5828 -0.4000,
-2.4528 -67.5828 0.8000,
-2.4524 -49.0008 -0.4000,
-2.4524 -49.0008 0.8000,
-2.4524 -29.9518 -0.4000,
-2.4524 -29.9518 0.8000,
-2.4524 -10.9008 -0.4000,
-2.4524 -10.9008 0.8000,
-2.4524 8.1492 -0.4000,
-2.4524 8.1492 0.8000,
-2.4355 -47.4902 -1.9000,
-2.4355 -28.4412 -1.9000,
-2.4355 -9.3902 -1.9000,
-2.4355 9.6598 -1.9000,
-2.3928 -48.7628 -0.4000,
-2.3928 -48.7628 0.8000,
-2.3928 -29.7138 -0.4000,
-2.3928 -29.7138 0.8000,
-2.3928 -10.6628 -0.4000,
-2.3928 -10.6628 0.8000,
-2.3928 8.3872 -0.4000,
-2.3928 8.3872 0.8000,
-2.3702 -67.8138 -0.4000,
-2.3702 -67.8138 0.8000,
-2.3275 -66.5412 -1.9000,
-2.3105 -68.0518 -0.4000,
-2.3105 -68.0518 0.8000,
-2.3102 -48.5318 -0.4000,
-2.3102 -48.5318 0.8000,
-2.3102 -29.4828 -0.4000,
-2.3102 -29.4828 0.8000,
-2.3102 -10.4318 -0.4000,
-2.3102 -10.4318 0.8000,
-2.3102 8.6182 -0.4000,
-2.3102 8.6182 0.8000,
-2.2876 -66.0646 -1.4000,
-2.2876 -66.0646 -0.4000,
-2.2876 -66.0646 0.8000,
-2.2876 -66.0646 1.8000,
-2.2753 -68.2895 -0.4000,
-2.2753 -68.2895 0.8000,
-2.2745 -68.2945 -0.4000,
-2.2745 -68.2945 0.8000,
-2.2625 -69.1995 -0.4000,
-2.2625 -69.1995 0.8000,
-2.2625 -68.5395 -0.4000,
-2.2625 -68.5395 0.8000,
-2.2279 -47.2611 -1.9000,
-2.2279 -28.2121 -1.9000,
-2.2279 -9.1611 -1.9000,
-2.2279 9.8889 -1.9000,
-2.2209 -46.7830 -1.4000,
-2.2209 -46.7830 -0.4000,
-2.2209 -27.7340 -1.4000,
-2.2209 -27.7340 -0.4000,
-2.2209 -8.6830 -1.4000,
-2.2209 -8.6830 -0.4000,
-2.2209 10.3670 -1.4000,
-2.2209 10.3670 -0.4000,
-2.2053 -48.3100 -0.4000,
-2.2053 -48.3100 0.8000,
-2.2053 -29.2610 -0.4000,
-2.2053 -29.2610 0.8000,
-2.2053 -10.2100 -0.4000,
-2.2053 -10.2100 0.8000,
-2.2053 8.8400 -0.4000,
-2.2053 8.8400 0.8000,
-2.1434 -66.7895 -1.9000,
-2.0792 -48.0996 -0.4000,
-2.0792 -48.0996 0.8000,
-2.0792 -29.0506 -0.4000,
-2.0792 -29.0506 0.8000,
-2.0792 -9.9996 -0.4000,
-2.0792 -9.9996 0.8000,
-2.0792 9.0504 -0.4000,
-2.0792 9.0504 0.8000,
-2.0625 -68.3145 -1.9000,
-2.0570 -66.3191 -1.4000,
-2.0570 -66.3191 -0.4000,
-2.0570 -66.3191 0.8000,
-2.0570 -66.3191 1.8000,
-1.9988 -47.0535 -1.9000,
-1.9988 -28.0045 -1.9000,
-1.9988 -8.9535 -1.9000,
-1.9988 10.0965 -1.9000,
-1.9845 -67.0546 -1.9000,
-1.9587 -46.5885 0.8000,
-1.9587 -46.5885 1.8000,
-1.9587 -27.5395 0.8000,
-1.9587 -27.5395 1.8000,
-1.9587 -8.4885 0.8000,
-1.9587 -8.4885 1.8000,
-1.9587 10.5615 0.8000,
-1.9587 10.5615 1.8000,
-1.9450 -46.5784 -1.4000,
-1.9450 -46.5784 -0.4000,
-1.9450 -46.5784 0.8000,
-1.9450 -46.5784 1.8000,
-1.9450 -27.5294 -1.4000,
-1.9450 -27.5294 -0.4000,
-1.9450 -27.5294 0.8000,
-1.9450 -27.5294 1.8000,
-1.9450 -8.4784 -1.4000,
-1.9450 -8.4784 -0.4000,
-1.9450 -8.4784 0.8000,
-1.9450 -8.4784 1.8000,
-1.9450 10.5716 -1.4000,
-1.9450 10.5716 -0.4000,
-1.9450 10.5716 0.8000,
-1.9450 10.5716 1.8000,
-1.9330 -47.9025 -0.4000,
-1.9330 -47.9025 0.8000,
-1.9330 -28.8535 -0.4000,
-1.9330 -28.8535 0.8000,
-1.9330 -9.8025 -0.4000,
-1.9330 -9.8025 0.8000,
-1.9330 9.2475 -0.4000,
-1.9330 9.2475 0.8000,
-1.8524 -66.5950 -1.4000,
-1.8524 -66.5950 -0.4000,
-1.8524 -66.5950 0.8000,
-1.8524 -66.5950 1.8000,
-1.8523 -67.3341 -1.9000,
-1.7683 -47.7207 -0.4000,
-1.7683 -47.7207 0.8000,
-1.7683 -28.6717 -0.4000,
-1.7683 -28.6717 0.8000,
-1.7683 -9.6207 -0.4000,
-1.7683 -9.6207 0.8000,
-1.7683 9.4293 -0.4000,
-1.7683 9.4293 0.8000,
-1.7625 -68.2895 -1.4000,
-1.7625 -68.2895 -0.4000,
-1.7625 -68.2895 0.8000,
-1.7625 -68.2895 1.8000,
-1.7505 -46.8694 -1.9000,
-1.7505 -27.8204 -1.9000,
-1.7505 -8.7694 -1.9000,
-1.7505 10.2806 -1.9000,
-1.7481 -67.6251 -1.9000,
-1.6758 -66.8896 -1.4000,
-1.6758 -66.8896 -0.4000,
-1.6758 -66.8896 0.8000,
-1.6758 -66.8896 1.8000,
-1.6730 -67.9250 -1.9000,
-1.6504 -46.4018 -1.4000,
-1.6504 -46.4018 -0.4000,
-1.6504 -46.4018 0.8000,
-1.6504 -46.4018 1.8000,
-1.6504 -27.3528 -1.4000,
-1.6504 -27.3528 -0.4000,
-1.6504 -27.3528 0.8000,
-1.6504 -27.3528 1.8000,
-1.6504 -8.3018 -1.4000,
-1.6504 -8.3018 -0.4000,
-1.6504 -8.3018 0.8000,
-1.6504 -8.3018 1.8000,
-1.6504 10.7482 -1.4000,
-1.6504 10.7482 -0.4000,
-1.6504 10.7482 0.8000,
-1.6504 10.7482 1.8000,
-1.5865 -47.5560 -0.4000,
-1.5865 -47.5560 0.8000,
-1.5865 -28.5070 -0.4000,
-1.5865 -28.5070 0.8000,
-1.5865 -9.4560 -0.4000,
-1.5865 -9.4560 0.8000,
-1.5865 9.5940 -0.4000,
-1.5865 9.5940 0.8000,
-1.5289 -67.2001 -1.4000,
-1.5289 -67.2001 -0.4000,
-1.5289 -67.2001 0.8000,
-1.5289 -67.2001 1.8000,
-1.4854 -46.7105 -1.9000,
-1.4854 -27.6615 -1.9000,
-1.4854 -8.6105 -1.9000,
-1.4854 10.4395 -1.9000,
-1.4132 -67.5235 -1.4000,
-1.4132 -67.5235 -0.4000,
-1.4132 -67.5235 0.8000,
-1.4132 -67.5235 1.8000,
-1.3894 -47.4098 -0.4000,
-1.3894 -47.4098 0.8000,
-1.3894 -28.3608 -0.4000,
-1.3894 -28.3608 0.8000,
-1.3894 -9.3098 -0.4000,
-1.3894 -9.3098 0.8000,
-1.3894 9.7402 -0.4000,
-1.3894 9.7402 0.8000,
-1.3399 -46.2549 -1.4000,
-1.3399 -46.2549 -0.4000,
-1.3399 -46.2549 0.8000,
-1.3399 -46.2549 1.8000,
-1.3399 -27.2059 -1.4000,
-1.3399 -27.2059 -0.4000,
-1.3399 -27.2059 0.8000,
-1.3399 -27.2059 1.8000,
-1.3399 -8.1549 -1.4000,
-1.3399 -8.1549 -0.4000,
-1.3399 -8.1549 0.8000,
-1.3399 -8.1549 1.8000,
-1.3399 10.8951 -1.4000,
-1.3399 10.8951 -0.4000,
-1.3399 10.8951 0.8000,
-1.3399 10.8951 1.8000,
-1.3297 -67.8567 -1.4000,
-1.3297 -67.8567 -0.4000,
-1.3297 -67.8567 0.8000,
-1.3297 -67.8567 1.8000,
-1.2060 -46.5783 -1.9000,
-1.2060 -27.5293 -1.9000,
-1.2060 -8.4783 -1.9000,
-1.2060 10.5717 -1.9000,
-1.1790 -47.2837 -0.4000,
-1.1790 -47.2837 0.8000,
-1.1790 -28.2347 -0.4000,
-1.1790 -28.2347 0.8000,
-1.1790 -9.1837 -0.4000,
-1.1790 -9.1837 0.8000,
-1.1790 9.8663 -0.4000,
-1.1790 9.8663 0.8000,
-1.0165 -46.1392 -1.4000,
-1.0165 -46.1392 -0.4000,
-1.0165 -46.1392 0.8000,
-1.0165 -46.1392 1.8000,
-1.0165 -27.0902 -1.4000,
-1.0165 -27.0902 -0.4000,
-1.0165 -27.0902 0.8000,
-1.0165 -27.0902 1.8000,
-1.0165 -8.0392 -1.4000,
-1.0165 -8.0392 -0.4000,
-1.0165 -8.0392 0.8000,
-1.0165 -8.0392 1.8000,
-1.0165 11.0108 -1.4000,
-1.0165 11.0108 -0.4000,
-1.0165 11.0108 0.8000,
-1.0165 11.0108 1.8000,
-0.9572 -47.1788 -0.4000,
-0.9572 -47.1788 0.8000,
-0.9572 -28.1298 -0.4000,
-0.9572 -28.1298 0.8000,
-0.9572 -9.0788 -0.4000,
-0.9572 -9.0788 0.8000,
-0.9572 9.9712 -0.4000,
-0.9572 9.9712 0.8000,
-0.9149 -46.4741 -1.9000,
-0.9149 -27.4251 -1.9000,
-0.9149 -8.3741 -1.9000,
-0.9149 10.6759 -1.9000,
-0.7262 -47.0962 -0.4000,
-0.7262 -47.0962 0.8000,
-0.7262 -28.0472 -0.4000,
-0.7262 -28.0472 0.8000,
-0.7262 -8.9961 -0.4000,
-0.7262 -8.9961 0.8000,
-0.7262 10.0538 -0.4000,
-0.7262 10.0538 0.8000,
-0.6833 -46.0558 -1.4000,
-0.6833 -46.0558 -0.4000,
-0.6833 -46.0558 0.8000,
-0.6833 -46.0558 1.8000,
-0.6833 -27.0068 -1.4000,
-0.6833 -27.0068 -0.4000,
-0.6833 -27.0068 0.8000,
-0.6833 -27.0068 1.8000,
-0.6833 -7.9558 -1.4000,
-0.6833 -7.9558 -0.4000,
-0.6833 -7.9558 0.8000,
-0.6833 -7.9558 1.8000,
-0.6833 11.0942 -1.4000,
-0.6833 11.0942 -0.4000,
-0.6833 11.0942 0.8000,
-0.6833 11.0942 1.8000,
-0.6150 -46.3990 -1.9000,
-0.6150 -27.3500 -1.9000,
-0.6150 -8.2990 -1.9000,
-0.6150 10.7510 -1.9000,
-0.4882 -47.0366 -0.4000,
-0.4882 -47.0366 0.8000,
-0.4882 -27.9875 -0.4000,
-0.4882 -27.9875 0.8000,
-0.4882 -8.9365 -0.4000,
-0.4882 -8.9365 0.8000,
-0.4882 10.1135 -0.4000,
-0.4882 10.1135 0.8000,
-0.3435 -46.0054 -1.4000,
-0.3435 -46.0054 -0.4000,
-0.3435 -46.0054 0.8000,
-0.3435 -46.0054 1.8000,
-0.3435 -26.9564 -1.4000,
-0.3435 -26.9564 -0.4000,
-0.3435 -26.9564 0.8000,
-0.3435 -26.9564 1.8000,
-0.3435 -7.9054 -1.4000,
-0.3435 -7.9054 -0.4000,
-0.3435 -7.9054 0.8000,
-0.3435 -7.9054 1.8000,
-0.3435 11.1446 -1.4000,
-0.3435 11.1446 -0.4000,
-0.3435 11.1446 0.8000,
-0.3435 11.1446 1.8000,
-0.3092 -46.3537 -1.9000,
-0.3092 -27.3047 -1.9000,
-0.3092 -8.2537 -1.9000,
-0.3092 10.7963 -1.9000,
-0.2455 -47.0005 -0.4000,
-0.2455 -47.0005 0.8000,
-0.2455 -27.9515 -0.4000,
-0.2455 -27.9515 0.8000,
-0.2455 -8.9005 -0.4000,
-0.2455 -8.9005 0.8000,
-0.2455 10.1495 -0.4000,
-0.2455 10.1495 0.8000,
-0.0005 -46.9885 -0.4000,
-0.0005 -46.9885 0.8000,
-0.0005 -46.3385 -1.9000,
-0.0005 -45.9885 -1.4000,
-0.0005 -45.9885 -0.4000,
-0.0005 -45.9885 0.8000,
-0.0005 -45.9885 1.8000,
-0.0005 -27.9395 -0.4000,
-0.0005 -27.9395 0.8000,
-0.0005 -27.2895 -1.9000,
-0.0005 -26.9395 -1.4000,
-0.0005 -26.9395 -0.4000,
-0.0005 -26.9395 0.8000,
-0.0005 -26.9395 1.8000,
-0.0005 -8.8885 -0.4000,
-0.0005 -8.8885 0.8000,
-0.0005 -8.2385 -1.9000,
-0.0005 -7.8885 -1.4000,
-0.0005 -7.8885 -0.4000,
-0.0005 -7.8885 0.8000,
-0.0005 -7.8885 1.8000,
-0.0005 10.1615 -0.4000,
-0.0005 10.1615 0.8000,
-0.0005 10.8115 -1.9000,
-0.0005 11.1615 -1.4000,
-0.0005 11.1615 -0.4000,
-0.0005 11.1615 0.8000,
-0.0005 11.1615 1.8000,
0.2445 -47.0005 -0.4000,
0.2445 -47.0005 0.8000,
0.2445 -27.9515 -0.4000,
0.2445 -27.9515 0.8000,
0.2445 -8.9005 -0.4000,
0.2445 -8.9005 0.8000,
0.2445 10.1495 -0.4000,
0.2445 10.1495 0.8000,
0.3082 -46.3537 -1.9000,
0.3082 -27.3047 -1.9000,
0.3082 -8.2537 -1.9000,
0.3082 10.7963 -1.9000,
0.3425 -46.0054 -1.4000,
0.3425 -46.0054 -0.4000,
0.3425 -46.0054 0.8000,
0.3425 -46.0054 1.8000,
0.3425 -26.9564 -1.4000,
0.3425 -26.9564 -0.4000,
0.3425 -26.9564 0.8000,
0.3425 -26.9564 1.8000,
0.3425 -7.9054 -1.4000,
0.3425 -7.9054 -0.4000,
0.3425 -7.9054 0.8000,
0.3425 -7.9054 1.8000,
0.3425 11.1446 -1.4000,
0.3425 11.1446 -0.4000,
0.3425 11.1446 0.8000,
0.3425 11.1446 1.8000,
0.4872 -47.0366 -0.4000,
0.4872 -47.0366 0.8000,
0.4872 -27.9875 -0.4000,
0.4872 -27.9875 0.8000,
0.4872 -8.9365 -0.4000,
0.4872 -8.9365 0.8000,
0.4872 10.1135 -0.4000,
0.4872 10.1135 0.8000,
0.6140 -46.3990 -1.9000,
0.6140 -27.3500 -1.9000,
0.6140 -8.2990 -1.9000,
0.6140 10.7510 -1.9000,
0.6823 -46.0558 -1.4000,
0.6823 -46.0558 -0.4000,
0.6823 -46.0558 0.8000,
0.6823 -46.0558 1.8000,
0.6823 -27.0068 -1.4000,
0.6823 -27.0068 -0.4000,
0.6823 -27.0068 0.8000,
0.6823 -27.0068 1.8000,
0.6823 -7.9558 -1.4000,
0.6823 -7.9558 -0.4000,
0.6823 -7.9558 0.8000,
0.6823 -7.9558 1.8000,
0.6823 11.0942 -1.4000,
0.6823 11.0942 -0.4000,
0.6823 11.0942 0.8000,
0.6823 11.0942 1.8000,
0.7252 -47.0962 -0.4000,
0.7252 -47.0962 0.8000,
0.7252 -28.0472 -0.4000,
0.7252 -28.0472 0.8000,
0.7252 -8.9961 -0.4000,
0.7252 -8.9961 0.8000,
0.7252 10.0538 -0.4000,
0.7252 10.0538 0.8000,
0.9139 -46.4741 -1.9000,
0.9139 -27.4251 -1.9000,
0.9139 -8.3741 -1.9000,
0.9139 10.6759 -1.9000,
0.9562 -47.1788 -0.4000,
0.9562 -47.1788 0.8000,
0.9562 -28.1298 -0.4000,
0.9562 -28.1298 0.8000,
0.9562 -9.0788 -0.4000,
0.9562 -9.0788 0.8000,
0.9562 9.9712 -0.4000,
0.9562 9.9712 0.8000,
1.0155 -46.1392 -1.4000,
1.0155 -46.1392 -0.4000,
1.0155 -46.1392 0.8000,
1.0155 -46.1392 1.8000,
1.0155 -27.0902 -1.4000,
1.0155 -27.0902 -0.4000,
1.0155 -27.0902 0.8000,
1.0155 -27.0902 1.8000,
1.0155 -8.0392 -1.4000,
1.0155 -8.0392 -0.4000,
1.0155 -8.0392 0.8000,
1.0155 -8.0392 1.8000,
1.0155 11.0108 -1.4000,
1.0155 11.0108 -0.4000,
1.0155 11.0108 0.8000,
1.0155 11.0108 1.8000,
1.1780 -47.2837 -0.4000,
1.1780 -47.2837 0.8000,
1.1780 -28.2347 -0.4000,
1.1780 -28.2347 0.8000,
1.1780 -9.1837 -0.4000,
1.1780 -9.1837 0.8000,
1.1780 9.8663 -0.4000,
1.1780 9.8663 0.8000,
1.2049 -46.5783 -1.9000,
1.2049 -27.5293 -1.9000,
1.2049 -8.4783 -1.9000,
1.2049 10.5717 -1.9000,
1.3389 -46.2549 -1.4000,
1.3389 -46.2549 -0.4000,
1.3389 -46.2549 0.8000,
1.3389 -46.2549 1.8000,
1.3389 -27.2059 -1.4000,
1.3389 -27.2059 -0.4000,
1.3389 -27.2059 0.8000,
1.3389 -27.2059 1.8000,
1.3389 -8.1549 -1.4000,
1.3389 -8.1549 -0.4000,
1.3389 -8.1549 0.8000,
1.3389 -8.1549 1.8000,
1.3389 10.8951 -1.4000,
1.3389 10.8951 -0.4000,
1.3389 10.8951 0.8000,
1.3389 10.8951 1.8000,
1.3884 -47.4098 -0.4000,
1.3884 -47.4098 0.8000,
1.3884 -28.3608 -0.4000,
1.3884 -28.3608 0.8000,
1.3884 -9.3098 -0.4000,
1.3884 -9.3098 0.8000,
1.3884 9.7402 -0.4000,
1.3884 9.7402 0.8000,
1.4844 -46.7105 -1.9000,
1.4844 -27.6615 -1.9000,
1.4844 -8.6105 -1.9000,
1.4844 10.4395 -1.9000,
1.5855 -47.5560 -0.4000,
1.5855 -47.5560 0.8000,
1.5855 -28.5070 -0.4000,
1.5855 -28.5070 0.8000,
1.5855 -9.4560 -0.4000,
1.5855 -9.4560 0.8000,
1.5855 9.5940 -0.4000,
1.5855 9.5940 0.8000,
1.6494 -46.4018 -1.4000,
1.6494 -46.4018 -0.4000,
1.6494 -46.4018 0.8000,
1.6494 -46.4018 1.8000,
1.6494 -27.3528 -1.4000,
1.6494 -27.3528 -0.4000,
1.6494 -27.3528 0.8000,
1.6494 -27.3528 1.8000,
1.6494 -8.3018 -1.4000,
1.6494 -8.3018 -0.4000,
1.6494 -8.3018 0.8000,
1.6494 -8.3018 1.8000,
1.6494 10.7482 -1.4000,
1.6494 10.7482 -0.4000,
1.6494 10.7482 0.8000,
1.6494 10.7482 1.8000,
1.7495 -46.8694 -1.9000,
1.7495 -27.8204 -1.9000,
1.7495 -8.7694 -1.9000,
1.7495 10.2806 -1.9000,
1.7673 -47.7207 -0.4000,
1.7673 -47.7207 0.8000,
1.7673 -28.6717 -0.4000,
1.7673 -28.6717 0.8000,
1.7673 -9.6207 -0.4000,
1.7673 -9.6207 0.8000,
1.7673 9.4293 -0.4000,
1.7673 9.4293 0.8000,
1.9320 -47.9025 -0.4000,
1.9320 -47.9025 0.8000,
1.9320 -28.8535 -0.4000,
1.9320 -28.8535 0.8000,
1.9320 -9.8025 -0.4000,
1.9320 -9.8025 0.8000,
1.9320 9.2475 -0.4000,
1.9320 9.2475 0.8000,
1.9440 -46.5784 -1.4000,
1.9440 -46.5784 -0.4000,
1.9440 -46.5784 0.8000,
1.9440 -46.5784 1.8000,
1.9440 -27.5294 -1.4000,
1.9440 -27.5294 -0.4000,
1.9440 -27.5294 0.8000,
1.9440 -27.5294 1.8000,
1.9440 -8.4784 -1.4000,
1.9440 -8.4784 -0.4000,
1.9440 -8.4784 0.8000,
1.9440 -8.4784 1.8000,
1.9440 10.5716 -1.4000,
1.9440 10.5716 -0.4000,
1.9440 10.5716 0.8000,
1.9440 10.5716 1.8000,
1.9978 -47.0535 -1.9000,
1.9978 -28.0045 -1.9000,
1.9978 -8.9535 -1.9000,
1.9978 10.0965 -1.9000,
2.0782 -48.0996 -0.4000,
2.0782 -48.0996 0.8000,
2.0782 -29.0506 -0.4000,
2.0782 -29.0506 0.8000,
2.0782 -9.9996 -0.4000,
2.0782 -9.9996 0.8000,
2.0782 9.0504 -0.4000,
2.0782 9.0504 0.8000,
2.2043 -48.3100 -0.4000,
2.2043 -48.3100 0.8000,
2.2043 -29.2610 -0.4000,
2.2043 -29.2610 0.8000,
2.2043 -10.2100 -0.4000,
2.2043 -10.2100 0.8000,
2.2043 8.8400 -0.4000,
2.2043 8.8400 0.8000,
2.2199 -46.7830 -1.4000,
2.2199 -46.7830 -0.4000,
2.2199 -46.7830 0.8000,
2.2199 -46.7830 1.8000,
2.2199 -27.7340 -1.4000,
2.2199 -27.7340 -0.4000,
2.2199 -27.7340 0.8000,
2.2199 -27.7340 1.8000,
2.2199 -8.6830 -1.4000,
2.2199 -8.6830 -0.4000,
2.2199 -8.6830 0.8000,
2.2199 -8.6830 1.8000,
2.2199 10.3670 -1.4000,
2.2199 10.3670 -0.4000,
2.2199 10.3670 0.8000,
2.2199 10.3670 1.8000,
2.2269 -47.2611 -1.9000,
2.2269 -28.2121 -1.9000,
2.2269 -9.1611 -1.9000,
2.2269 9.8889 -1.9000,
2.3092 -48.5318 -0.4000,
2.3092 -48.5318 0.8000,
2.3092 -29.4828 -0.4000,
2.3092 -29.4828 0.8000,
2.3092 -10.4318 -0.4000,
2.3092 -10.4318 0.8000,
2.3092 8.6182 -0.4000,
2.3092 8.6182 0.8000,
2.3919 -48.7628 -0.4000,
2.3919 -48.7628 0.8000,
2.3919 -29.7138 -0.4000,
2.3919 -29.7138 0.8000,
2.3919 -10.6628 -0.4000,
2.3919 -10.6628 0.8000,
2.3919 8.3872 -0.4000,
2.3919 8.3872 0.8000,
2.4345 -47.4902 -1.9000,
2.4345 -28.4412 -1.9000,
2.4345 -9.3902 -1.9000,
2.4345 9.6598 -1.9000,
2.4515 -49.0008 -0.4000,
2.4515 -49.0008 0.8000,
2.4515 -29.9518 -0.4000,
2.4515 -29.9518 0.8000,
2.4515 -10.9008 -0.4000,
2.4515 -10.9008 0.8000,
2.4515 8.1492 -0.4000,
2.4515 8.1492 0.8000,
2.4744 -47.0136 -1.4000,
2.4744 -47.0136 -0.4000,
2.4744 -47.0136 0.8000,
2.4744 -47.0136 1.8000,
2.4744 -27.9646 -1.4000,
2.4744 -27.9646 -0.4000,
2.4744 -27.9646 0.8000,
2.4744 -27.9646 1.8000,
2.4744 -8.9136 -1.4000,
2.4744 -8.9136 -0.4000,
2.4744 -8.9136 0.8000,
2.4744 -8.9136 1.8000,
2.4744 10.1364 -1.4000,
2.4744 10.1364 -0.4000,
2.4744 10.1364 0.8000,
2.4744 10.1364 1.8000,
2.4867 -49.2385 -0.4000,
2.4867 -49.2385 0.8000,
2.4867 -30.1895 -0.4000,
2.4867 -30.1895 0.8000,
2.4867 -11.1385 -0.4000,
2.4867 -11.1385 0.8000,
2.4867 7.9115 -0.4000,
2.4867 7.9115 0.8000,
2.4875 -49.2435 -0.4000,
2.4875 -49.2435 0.8000,
2.4875 -30.1945 -0.4000,
2.4875 -30.1945 0.8000,
2.4875 -11.1435 -0.4000,
2.4875 -11.1435 0.8000,
2.4875 7.9065 -0.4000,
2.4875 7.9065 0.8000,
2.4995 -50.1485 -0.4000,
2.4995 -50.1485 0.8000,
2.4995 -49.4885 -0.4000,
2.4995 -49.4885 0.8000,
2.4995 -31.0995 -0.4000,
2.4995 -31.0995 0.8000,
2.4995 -30.4395 -0.4000,
2.4995 -30.4395 0.8000,
2.4995 -12.0485 -0.4000,
2.4995 -12.0485 0.8000,
2.4995 -11.3885 -0.4000,
2.4995 -11.3885 0.8000,
2.4995 7.0015 -0.4000,
2.4995 7.0015 0.8000,
2.4995 7.6615 -0.4000,
2.4995 7.6615 0.8000,
2.6186 -47.7385 -1.9000,
2.6186 -28.6895 -1.9000,
2.6186 -9.6385 -1.9000,
2.6186 9.4115 -1.9000,
2.6995 -49.2635 -1.9000,
2.6995 -30.2145 -1.9000,
2.6995 -11.1635 -1.9000,
2.6995 7.8865 -1.9000,
2.7050 -47.2681 -1.4000,
2.7050 -47.2681 -0.4000,
2.7050 -47.2681 0.8000,
2.7050 -47.2681 1.8000,
2.7050 -28.2191 -1.4000,
2.7050 -28.2191 -0.4000,
2.7050 -28.2191 0.8000,
2.7050 -28.2191 1.8000,
2.7050 -9.1681 -1.4000,
2.7050 -9.1681 -0.4000,
2.7050 -9.1681 0.8000,
2.7050 -9.1681 1.8000,
2.7050 9.8819 -1.4000,
2.7050 9.8819 -0.4000,
2.7050 9.8819 0.8000,
2.7050 9.8819 1.8000,
2.7775 -48.0036 -1.9000,
2.7775 -28.9546 -1.9000,
2.7775 -9.9036 -1.9000,
2.7775 9.1464 -1.9000,
2.9096 -47.5440 -1.4000,
2.9096 -47.5440 -0.4000,
2.9096 -47.5440 0.8000,
2.9096 -47.5440 1.8000,
2.9096 -28.4950 -1.4000,
2.9096 -28.4950 -0.4000,
2.9096 -28.4950 0.8000,
2.9096 -28.4950 1.8000,
2.9096 -9.4440 -1.4000,
2.9096 -9.4440 -0.4000,
2.9096 -9.4440 0.8000,
2.9096 -9.4440 1.8000,
2.9096 9.6060 -1.4000,
2.9096 9.6060 -0.4000,
2.9096 9.6060 0.8000,
2.9096 9.6060 1.8000,
2.9097 -48.2830 -1.9000,
2.9097 -29.2341 -1.9000,
2.9097 -10.1831 -1.9000,
2.9097 8.8669 -1.9000,
2.9995 -49.2385 -1.4000,
2.9995 -49.2385 -0.4000,
2.9995 -49.2385 0.8000,
2.9995 -49.2385 1.8000,
2.9995 -30.1895 -1.4000,
2.9995 -30.1895 -0.4000,
2.9995 -30.1895 0.8000,
2.9995 -30.1895 1.8000,
2.9995 -11.1385 -1.4000,
2.9995 -11.1385 -0.4000,
2.9995 -11.1385 0.8000,
2.9995 -11.1385 1.8000,
2.9995 7.9115 -1.4000,
2.9995 7.9115 -0.4000,
2.9995 7.9115 0.8000,
2.9995 7.9115 1.8000,
3.0139 -48.5741 -1.9000,
3.0139 -29.5251 -1.9000,
3.0139 -10.4741 -1.9000,
3.0139 8.5759 -1.9000,
3.0862 -47.8386 -1.4000,
3.0862 -47.8386 -0.4000,
3.0862 -47.8386 0.8000,
3.0862 -47.8386 1.8000,
3.0862 -28.7896 -1.4000,
3.0862 -28.7896 -0.4000,
3.0862 -28.7896 0.8000,
3.0862 -28.7896 1.8000,
3.0862 -9.7386 -1.4000,
3.0862 -9.7386 -0.4000,
3.0862 -9.7386 0.8000,
3.0862 -9.7386 1.8000,
3.0862 9.3114 -1.4000,
3.0862 9.3114 -0.4000,
3.0862 9.3114 0.8000,
3.0862 9.3114 1.8000,
3.0890 -48.8740 -1.9000,
3.0890 -29.8250 -1.9000,
3.0890 -10.7740 -1.9000,
3.0890 8.2760 -1.9000,
3.2331 -48.1491 -1.4000,
3.2331 -48.1491 -0.4000,
3.2331 -48.1491 0.8000,
3.2331 -48.1491 1.8000,
3.2331 -29.1001 -1.4000,
3.2331 -29.1001 -0.4000,
3.2331 -29.1001 0.8000,
3.2331 -29.1001 1.8000,
3.2331 -10.0491 -1.4000,
3.2331 -10.0491 -0.4000,
3.2331 -10.0491 0.8000,
3.2331 -10.0491 1.8000,
3.2331 9.0009 -1.4000,
3.2331 9.0009 -0.4000,
3.2331 9.0009 0.8000,
3.2331 9.0009 1.8000,
3.3488 -48.4725 -1.4000,
3.3488 -48.4725 -0.4000,
3.3488 -48.4725 0.8000,
3.3488 -48.4725 1.8000,
3.3488 -29.4235 -1.4000,
3.3488 -29.4235 -0.4000,
3.3488 -29.4235 0.8000,
3.3488 -29.4235 1.8000,
3.3488 -10.3725 -1.4000,
3.3488 -10.3725 -0.4000,
3.3488 -10.3725 0.8000,
3.3488 -10.3725 1.8000,
3.3488 8.6775 -1.4000,
3.3488 8.6775 -0.4000,
3.3488 8.6775 0.8000,
3.3488 8.6775 1.8000,
3.4323 -48.8057 -1.4000,
3.4323 -48.8057 -0.4000,
3.4323 -48.8057 0.8000,
3.4323 -48.8057 1.8000,
3.4323 -29.7567 -1.4000,
3.4323 -29.7567 -0.4000,
3.4323 -29.7567 0.8000,
3.4323 -29.7567 1.8000,
3.4323 -10.7057 -1.4000,
3.4323 -10.7057 -0.4000,
3.4323 -10.7057 0.8000,
3.4323 -10.7057 1.8000,
3.4323 8.3443 -1.4000,
3.4323 8.3443 -0.4000,
3.4323 8.3443 0.8000,
3.4323 8.3443 1.8000
]
}
coordIndex [
1417,1465,1479,-1,
1413,1463,1475,-1,
1409,1461,1471,-1,
1059,1063,1067,-1,
1565,1461,1567,-1,
1461,1409,1321,-1,
1349,1335,1409,-1,
1335,1321,1409,-1,
1567,1461,1275,-1,
1321,1315,1461,-1,
1315,1298,1461,-1,
1275,1461,1287,-1,
1298,1287,1461,-1,
1265,1275,1208,-1,
1287,1258,1275,-1,
1258,1251,1275,-1,
1231,1265,1208,-1,
1251,1224,1275,-1,
1224,1208,1275,-1,
1197,1231,1184,-1,
1208,1184,1231,-1,
1167,1197,1159,-1,
1184,1159,1197,-1,
1159,1142,1167,-1,
1167,1142,1130,-1,
1142,1114,1130,-1,
1130,1114,1100,-1,
1114,1085,1100,-1,
1100,1085,1041,-1,
1085,1037,1041,-1,
1037,1013,1041,-1,
1041,1013,991,-1,
1013,975,991,-1,
991,975,948,-1,
975,935,948,-1,
948,935,895,-1,
909,895,935,-1,
895,909,861,-1,
884,861,909,-1,
861,884,825,-1,
854,825,884,-1,
825,854,791,-1,
842,791,854,-1,
791,842,761,-1,
815,761,842,-1,
761,815,718,-1,
806,718,815,-1,
718,806,669,-1,
778,669,806,-1,
669,778,652,-1,
772,652,778,-1,
652,772,615,-1,
745,615,772,-1,
615,745,600,-1,
738,600,745,-1,
600,738,581,-1,
581,738,632,-1,
729,632,738,-1,
711,632,729,-1,
569,581,632,-1,
1571,1569,1561,-1,
1559,1561,1569,-1,
1573,1463,1575,-1,
1463,1413,1323,-1,
1351,1337,1413,-1,
1337,1323,1413,-1,
1575,1463,1277,-1,
1323,1317,1463,-1,
1317,1300,1463,-1,
1277,1463,1289,-1,
1300,1289,1463,-1,
1269,1277,1210,-1,
1289,1260,1277,-1,
1260,1253,1277,-1,
1235,1269,1210,-1,
1253,1226,1277,-1,
1226,1210,1277,-1,
1201,1235,1186,-1,
1210,1186,1235,-1,
1171,1201,1161,-1,
1186,1161,1201,-1,
1161,1144,1171,-1,
1171,1144,1134,-1,
1144,1116,1134,-1,
1134,1116,1104,-1,
1116,1087,1104,-1,
1104,1087,1048,-1,
1087,1044,1048,-1,
1044,1015,1048,-1,
1048,1015,995,-1,
1015,977,995,-1,
995,977,952,-1,
977,937,952,-1,
952,937,899,-1,
911,899,937,-1,
899,911,865,-1,
886,865,911,-1,
865,886,829,-1,
856,829,886,-1,
829,856,795,-1,
844,795,856,-1,
795,844,765,-1,
817,765,844,-1,
765,817,722,-1,
808,722,817,-1,
722,808,673,-1,
780,673,808,-1,
673,780,656,-1,
774,656,780,-1,
656,774,619,-1,
747,619,774,-1,
619,747,604,-1,
740,604,747,-1,
604,740,585,-1,
585,740,636,-1,
731,636,740,-1,
713,636,731,-1,
573,585,636,-1,
2584,2622,2636,-1,
2580,2620,2632,-1,
2576,2618,2628,-1,
2522,2525,2538,-1,
1803,1809,1855,-1,
1795,1805,1847,-1,
1799,1807,1851,-1,
1789,1787,1779,-1,
1777,1779,1787,-1,
1777,1571,1779,-1,
1571,1777,1569,-1,
1775,1569,1777,-1,
1569,1775,1567,-1,
1567,1775,1565,-1,
1565,1775,1563,-1,
1579,1563,1775,-1,
2795,2618,2797,-1,
2618,2576,2478,-1,
2507,2492,2576,-1,
2492,2478,2576,-1,
2797,2618,2425,-1,
2478,2470,2618,-1,
2470,2446,2618,-1,
2425,2618,2438,-1,
2446,2438,2618,-1,
2413,2425,2352,-1,
2438,2402,2425,-1,
2402,2394,2425,-1,
2377,2413,2352,-1,
2394,2364,2425,-1,
2364,2352,2425,-1,
2339,2377,2324,-1,
2352,2324,2377,-1,
2311,2339,2300,-1,
2324,2300,2339,-1,
2300,2288,2311,-1,
2311,2288,2275,-1,
2288,2260,2275,-1,
2275,2260,2247,-1,
2260,2232,2247,-1,
2247,2232,2213,-1,
2232,2209,2213,-1,
2209,2196,2213,-1,
2213,2196,2179,-1,
2196,2168,2179,-1,
2179,2168,2151,-1,
2168,2140,2151,-1,
2151,2140,2115,-1,
2128,2115,2140,-1,
2115,2128,2087,-1,
2104,2087,2128,-1,
2087,2104,2049,-1,
2076,2049,2104,-1,
2049,2076,2013,-1,
2013,2076,2001,-1,
2062,2001,2076,-1,
2034,2001,2062,-1,
2026,2001,2034,-1,
2026,1988,2001,-1,
2001,1988,1805,-1,
1978,1805,1988,-1,
1954,1805,1978,-1,
1946,1805,1954,-1,
1916,1847,1932,-1,
1805,1946,1847,-1,
1932,1847,1946,-1,
2001,1805,1775,-1,
1773,1775,1805,-1,
2795,3103,2793,-1,
2815,2821,2799,-1,
2809,2815,2799,-1,
2797,2799,2821,-1,
2795,2797,2821,-1,
2908,2793,3103,-1,
2793,2908,2770,-1,
2827,2770,2908,-1,
2793,2770,2468,-1,
2538,2490,2770,-1,
2525,2513,2538,-1,
2513,2490,2538,-1,
2490,2476,2770,-1,
2476,2468,2770,-1,
2468,2444,2793,-1,
2793,2444,2423,-1,
2436,2423,2444,-1,
2409,2423,2350,-1,
2436,2400,2423,-1,
2400,2392,2423,-1,
2373,2409,2350,-1,
2392,2362,2423,-1,
2362,2350,2423,-1,
2335,2373,2322,-1,
2350,2322,2373,-1,
2307,2335,2298,-1,
2322,2298,2335,-1,
2298,2286,2307,-1,
2307,2286,2271,-1,
2286,2258,2271,-1,
2271,2258,2243,-1,
2258,2230,2243,-1,
2243,2230,2206,-1,
2230,2202,2206,-1,
2202,2194,2206,-1,
2206,2194,2175,-1,
2194,2166,2175,-1,
2175,2166,2147,-1,
2166,2138,2147,-1,
2147,2138,2111,-1,
2126,2111,2138,-1,
2111,2126,2083,-1,
2102,2083,2126,-1,
2083,2102,2045,-1,
2074,2045,2102,-1,
2045,2074,2009,-1,
2009,2074,1999,-1,
2060,1999,2074,-1,
2032,1999,2060,-1,
2024,1999,2032,-1,
2024,1986,1999,-1,
1986,1976,1999,-1,
1976,1952,1999,-1,
1999,1952,1771,-1,
1944,1771,1952,-1,
1930,1771,1944,-1,
1930,1907,1771,-1,
1907,1893,1771,-1,
1893,1891,1771,-1,
1771,1891,1583,-1,
1891,1503,1583,-1,
1583,1503,1489,-1,
1489,1503,1487,-1,
1487,1503,1485,-1,
1485,1503,1458,-1,
1458,1503,1450,-1,
1450,1503,1440,-1,
1440,1503,1434,-1,
1434,1503,1419,-1,
1419,1503,1403,-1,
1403,1503,878,-1,
1024,878,1503,-1,
878,1024,890,-1,
890,1024,907,-1,
929,924,1008,-1,
1022,907,1024,-1,
1008,924,1022,-1,
907,1022,924,-1,
890,876,878,-1,
873,878,812,-1,
876,852,878,-1,
839,873,812,-1,
852,836,878,-1,
836,812,878,-1,
803,839,785,-1,
812,785,839,-1,
754,803,751,-1,
785,751,803,-1,
751,691,754,-1,
754,691,688,-1,
691,666,688,-1,
688,666,645,-1,
666,629,645,-1,
629,597,645,-1,
645,597,593,-1,
597,566,593,-1,
593,566,562,-1,
566,559,562,-1,
562,559,555,-1,
559,552,555,-1,
555,552,546,-1,
549,546,552,-1,
546,549,539,-1,
543,539,549,-1,
539,543,528,-1,
536,528,543,-1,
528,536,519,-1,
531,519,536,-1,
519,531,501,-1,
525,501,531,-1,
501,525,478,-1,
522,478,525,-1,
478,522,472,-1,
515,472,522,-1,
472,515,464,-1,
509,464,515,-1,
464,509,456,-1,
456,498,452,-1,
498,456,509,-1,
3961,3935,3963,-1,
3935,3889,3796,-1,
3824,3808,3889,-1,
3808,3796,3889,-1,
3963,3935,3747,-1,
3796,3788,3935,-1,
3788,3768,3935,-1,
3747,3935,3760,-1,
3768,3760,3935,-1,
3733,3747,3676,-1,
3760,3724,3747,-1,
3724,3716,3747,-1,
3697,3733,3676,-1,
3716,3688,3747,-1,
3688,3676,3747,-1,
3661,3697,3648,-1,
3676,3648,3697,-1,
3633,3661,3624,-1,
3648,3624,3661,-1,
3624,3612,3633,-1,
3633,3612,3597,-1,
3612,3584,3597,-1,
3597,3584,3569,-1,
3584,3556,3569,-1,
3569,3556,3532,-1,
3556,3528,3532,-1,
3528,3520,3532,-1,
3532,3520,3501,-1,
3520,3492,3501,-1,
3501,3492,3473,-1,
3492,3464,3473,-1,
3473,3464,3437,-1,
3452,3437,3464,-1,
3437,3452,3409,-1,
3428,3409,3452,-1,
3409,3428,3373,-1,
3400,3373,3428,-1,
3373,3400,3337,-1,
3337,3400,3327,-1,
3388,3327,3400,-1,
3360,3327,3388,-1,
3352,3327,3360,-1,
3352,3316,3327,-1,
3327,3316,3139,-1,
3308,3139,3316,-1,
3288,3139,3308,-1,
3280,3139,3288,-1,
3252,3181,3268,-1,
3139,3280,3181,-1,
3268,3181,3280,-1,
3327,3139,3103,-1,
3101,3103,3139,-1,
3973,3941,3975,-1,
3941,3901,3802,-1,
3830,3814,3901,-1,
3814,3802,3901,-1,
3975,3941,3753,-1,
3802,3794,3941,-1,
3794,3774,3941,-1,
3753,3941,3766,-1,
3774,3766,3941,-1,
3745,3753,3682,-1,
3766,3730,3753,-1,
3730,3722,3753,-1,
3709,3745,3682,-1,
3722,3694,3753,-1,
3694,3682,3753,-1,
3673,3709,3654,-1,
3682,3654,3709,-1,
3645,3673,3630,-1,
3654,3630,3673,-1,
3630,3618,3645,-1,
3645,3618,3609,-1,
3618,3590,3609,-1,
3609,3590,3581,-1,
3590,3562,3581,-1,
3581,3562,3553,-1,
3562,3549,3553,-1,
3549,3526,3553,-1,
3553,3526,3513,-1,
3526,3498,3513,-1,
3513,3498,3485,-1,
3498,3470,3485,-1,
3485,3470,3449,-1,
3458,3449,3470,-1,
3449,3458,3421,-1,
3434,3421,3458,-1,
3421,3434,3385,-1,
3406,3385,3434,-1,
3385,3406,3349,-1,
3349,3406,3333,-1,
3394,3333,3406,-1,
3366,3333,3394,-1,
3358,3333,3366,-1,
3358,3322,3333,-1,
3333,3322,3145,-1,
3314,3145,3322,-1,
3294,3145,3314,-1,
3286,3145,3294,-1,
3258,3193,3274,-1,
3145,3286,3193,-1,
3274,3193,3286,-1,
3333,3145,2943,-1,
3113,3111,2805,-1,
2805,3111,2941,-1,
3095,2941,3111,-1,
3089,2941,3095,-1,
3083,2941,3089,-1,
3075,2941,3083,-1,
3065,2941,3075,-1,
3059,2941,3065,-1,
3049,2941,3059,-1,
3043,2941,3049,-1,
3033,2941,3043,-1,
3022,2941,3033,-1,
3001,2941,3022,-1,
2991,2941,3001,-1,
2982,2941,2991,-1,
3113,2943,3145,-1,
2943,3113,2807,-1,
2968,2941,2982,-1,
2929,2943,2807,-1,
2916,2929,2807,-1,
2906,2916,2807,-1,
2898,2906,2807,-1,
2885,2898,2807,-1,
2877,2885,2807,-1,
2871,2877,2807,-1,
2862,2871,2807,-1,
2854,2862,2807,-1,
2848,2854,2807,-1,
2840,2848,2807,-1,
2834,2840,2807,-1,
2825,2834,2807,-1,
2819,2825,2807,-1,
2813,2819,2807,-1,
2805,2807,3113,-1,
2960,2941,2968,-1,
2941,2622,2805,-1,
2622,2584,2482,-1,
2511,2496,2584,-1,
2496,2482,2584,-1,
2805,2622,2429,-1,
2482,2474,2622,-1,
2474,2450,2622,-1,
2429,2622,2442,-1,
2450,2442,2622,-1,
2421,2429,2356,-1,
2442,2406,2429,-1,
2406,2398,2429,-1,
2385,2421,2356,-1,
2398,2368,2429,-1,
2368,2356,2429,-1,
2347,2385,2328,-1,
2356,2328,2385,-1,
2319,2347,2304,-1,
2328,2304,2347,-1,
2304,2292,2319,-1,
2319,2292,2283,-1,
2292,2264,2283,-1,
2283,2264,2255,-1,
2264,2236,2255,-1,
2255,2236,2227,-1,
2236,2223,2227,-1,
2223,2200,2227,-1,
2227,2200,2187,-1,
2200,2172,2187,-1,
2187,2172,2159,-1,
2172,2144,2159,-1,
2159,2144,2123,-1,
2132,2123,2144,-1,
2123,2132,2095,-1,
2108,2095,2132,-1,
2095,2108,2057,-1,
2080,2057,2108,-1,
2057,2080,2021,-1,
2021,2080,2005,-1,
2066,2005,2080,-1,
2038,2005,2066,-1,
2030,2005,2038,-1,
2030,1992,2005,-1,
2005,1992,1809,-1,
1982,1809,1992,-1,
1958,1809,1982,-1,
1950,1809,1958,-1,
1920,1855,1936,-1,
1809,1950,1855,-1,
1936,1855,1950,-1,
1809,1785,2005,-1,
1785,1783,1577,-1,
1577,1783,1575,-1,
1781,1575,1783,-1,
1575,1781,1573,-1,
1779,1573,1781,-1,
1573,1779,1571,-1,
1773,1579,1775,-1,
1583,1579,1771,-1,
1581,1579,1583,-1,
1771,1579,1773,-1,
1785,1577,2005,-1,
2005,1577,1279,-1,
1465,1417,1325,-1,
1353,1339,1417,-1,
1339,1325,1417,-1,
1325,1319,1465,-1,
1465,1279,1577,-1,
1279,1465,1291,-1,
1319,1302,1465,-1,
1302,1291,1465,-1,
1273,1279,1212,-1,
1291,1262,1279,-1,
1262,1255,1279,-1,
1239,1273,1212,-1,
1255,1228,1279,-1,
1228,1212,1279,-1,
1205,1239,1188,-1,
1212,1188,1239,-1,
1175,1205,1163,-1,
1188,1163,1205,-1,
1163,1146,1175,-1,
1175,1146,1138,-1,
1146,1118,1138,-1,
1138,1118,1108,-1,
1118,1089,1108,-1,
1108,1089,1055,-1,
1089,1051,1055,-1,
1051,1017,1055,-1,
1055,1017,999,-1,
1017,979,999,-1,
999,979,956,-1,
979,939,956,-1,
956,939,903,-1,
913,903,939,-1,
903,913,869,-1,
888,869,913,-1,
869,888,833,-1,
858,833,888,-1,
833,858,799,-1,
846,799,858,-1,
799,846,769,-1,
819,769,846,-1,
769,819,726,-1,
810,726,819,-1,
726,810,677,-1,
782,677,810,-1,
677,782,660,-1,
776,660,782,-1,
660,776,623,-1,
749,623,776,-1,
623,749,608,-1,
742,608,749,-1,
608,742,589,-1,
589,742,640,-1,
733,640,742,-1,
715,640,733,-1,
577,589,640,-1,
3893,3937,3949,-1,
3897,3939,3953,-1,
3901,3941,3957,-1,
3889,3935,3945,-1,
3125,3139,3181,-1,
3137,3145,3193,-1,
3133,3143,3189,-1,
3129,3141,3185,-1,
5502,5514,5378,-1,
5506,5526,5386,-1,
6847,6867,6727,-1,
7916,7886,7918,-1,
7886,7830,7712,-1,
7747,7727,7830,-1,
7727,7712,7830,-1,
7918,7886,7651,-1,
7712,7702,7886,-1,
7702,7677,7886,-1,
7651,7886,7667,-1,
7677,7667,7886,-1,
7635,7651,7562,-1,
7667,7622,7651,-1,
7622,7612,7651,-1,
7590,7635,7562,-1,
7612,7577,7651,-1,
7577,7562,7651,-1,
7545,7590,7527,-1,
7562,7527,7590,-1,
7510,7545,7497,-1,
7527,7497,7545,-1,
7497,7482,7510,-1,
7510,7482,7465,-1,
7482,7447,7465,-1,
7465,7447,7430,-1,
7447,7412,7430,-1,
7430,7412,7386,-1,
7412,7382,7386,-1,
7382,7367,7386,-1,
7386,7367,7345,-1,
7367,7332,7345,-1,
7345,7332,7310,-1,
7332,7297,7310,-1,
7310,7297,7265,-1,
7282,7265,7297,-1,
7265,7282,7230,-1,
7252,7230,7282,-1,
7230,7252,7185,-1,
7217,7185,7252,-1,
7185,7217,7140,-1,
7140,7217,7126,-1,
7202,7126,7217,-1,
7167,7126,7202,-1,
7157,7126,7167,-1,
7157,7112,7126,-1,
7126,7112,6891,-1,
7102,6891,7112,-1,
7077,6891,7102,-1,
7067,6891,7077,-1,
7032,6945,7052,-1,
6891,7067,6945,-1,
7052,6945,7067,-1,
7126,6891,6853,-1,
6855,6583,6857,-1,
6827,6835,6719,-1,
6819,6827,6719,-1,
6811,6819,6719,-1,
6803,6811,6719,-1,
6795,6803,6719,-1,
6787,6795,6719,-1,
6779,6787,6719,-1,
6771,6779,6719,-1,
6763,6771,6719,-1,
6755,6763,6719,-1,
6747,6755,6719,-1,
6739,6747,6719,-1,
6731,6739,6719,-1,
6583,6719,6835,-1,
6891,6717,6853,-1,
6581,6583,6855,-1,
6581,6853,6579,-1,
6579,6853,6577,-1,
6717,6577,6853,-1,
6707,6577,6717,-1,
6699,6577,6707,-1,
6691,6577,6699,-1,
6683,6577,6691,-1,
6675,6577,6683,-1,
6667,6577,6675,-1,
6659,6577,6667,-1,
6651,6577,6659,-1,
6643,6577,6651,-1,
6635,6577,6643,-1,
6627,6577,6635,-1,
6619,6577,6627,-1,
6853,6581,6855,-1,
6583,6547,6719,-1,
6547,6493,6373,-1,
6408,6388,6493,-1,
6388,6373,6493,-1,
6719,6547,6312,-1,
6373,6363,6547,-1,
6312,6547,6328,-1,
6363,6338,6547,-1,
6338,6328,6547,-1,
6298,6312,6223,-1,
6328,6283,6312,-1,
6283,6273,6312,-1,
6253,6298,6223,-1,
6273,6238,6312,-1,
6238,6223,6312,-1,
6208,6253,6188,-1,
6223,6188,6253,-1,
6173,6208,6158,-1,
6188,6158,6208,-1,
6158,6143,6173,-1,
6173,6143,6128,-1,
6143,6108,6128,-1,
6128,6108,6093,-1,
6108,6073,6093,-1,
6093,6073,6052,-1,
6073,6048,6052,-1,
6048,6028,6052,-1,
6052,6028,6008,-1,
6028,5993,6008,-1,
6008,5993,5973,-1,
5993,5958,5973,-1,
5973,5958,5928,-1,
5943,5928,5958,-1,
5928,5943,5893,-1,
5913,5893,5943,-1,
5893,5913,5848,-1,
5878,5848,5913,-1,
5848,5878,5803,-1,
5803,5878,5785,-1,
5863,5785,5878,-1,
5828,5785,5863,-1,
5818,5785,5828,-1,
5818,5773,5785,-1,
5785,5773,5552,-1,
5763,5552,5773,-1,
5738,5552,5763,-1,
5728,5552,5738,-1,
5693,5608,5713,-1,
5552,5728,5608,-1,
5713,5608,5728,-1,
5785,5552,5516,-1,
5518,5246,5520,-1,
5488,5496,5382,-1,
5480,5488,5382,-1,
5472,5480,5382,-1,
5464,5472,5382,-1,
5456,5464,5382,-1,
5448,5456,5382,-1,
5440,5448,5382,-1,
5432,5440,5382,-1,
5424,5432,5382,-1,
5416,5424,5382,-1,
5408,5416,5382,-1,
5400,5408,5382,-1,
5392,5400,5382,-1,
5246,5382,5496,-1,
5552,5380,5516,-1,
5244,5246,5518,-1,
5244,5516,5242,-1,
5242,5516,5240,-1,
5380,5240,5516,-1,
5368,5240,5380,-1,
5360,5240,5368,-1,
5352,5240,5360,-1,
5344,5240,5352,-1,
5336,5240,5344,-1,
5328,5240,5336,-1,
5320,5240,5328,-1,
5312,5240,5320,-1,
5304,5240,5312,-1,
5296,5240,5304,-1,
5288,5240,5296,-1,
5280,5240,5288,-1,
5516,5244,5518,-1,
5246,5208,5382,-1,
5208,5156,5034,-1,
5069,5049,5156,-1,
5049,5034,5156,-1,
5382,5208,4973,-1,
5034,5024,5208,-1,
4973,5208,4989,-1,
5024,4999,5208,-1,
4999,4989,5208,-1,
4961,4973,4884,-1,
4989,4944,4973,-1,
4944,4934,4973,-1,
4916,4961,4884,-1,
4934,4899,4973,-1,
4899,4884,4973,-1,
4871,4916,4849,-1,
4884,4849,4916,-1,
4836,4871,4819,-1,
4849,4819,4871,-1,
4819,4804,4836,-1,
4836,4804,4791,-1,
4804,4769,4791,-1,
4791,4769,4756,-1,
4769,4734,4756,-1,
4756,4734,4718,-1,
4734,4714,4718,-1,
4714,4689,4718,-1,
4718,4689,4671,-1,
4689,4654,4671,-1,
4671,4654,4636,-1,
4654,4619,4636,-1,
4636,4619,4591,-1,
4604,4591,4619,-1,
4591,4604,4556,-1,
4574,4556,4604,-1,
4556,4574,4511,-1,
4539,4511,4574,-1,
4511,4539,4466,-1,
4466,4539,4448,-1,
4524,4448,4539,-1,
4489,4448,4524,-1,
4479,4448,4489,-1,
4479,4434,4448,-1,
4448,4434,4213,-1,
4424,4213,4434,-1,
4399,4213,4424,-1,
4389,4213,4399,-1,
4354,4271,4374,-1,
4213,4389,4271,-1,
4374,4271,4389,-1,
4448,4213,4183,-1,
4181,4183,4213,-1,
7920,7888,7922,-1,
7888,7834,7714,-1,
7749,7729,7834,-1,
7729,7714,7834,-1,
7922,7888,7653,-1,
7714,7704,7888,-1,
7704,7679,7888,-1,
7653,7888,7669,-1,
7679,7669,7888,-1,
7639,7653,7564,-1,
7669,7624,7653,-1,
7624,7614,7653,-1,
7594,7639,7564,-1,
7614,7579,7653,-1,
7579,7564,7653,-1,
7549,7594,7529,-1,
7564,7529,7594,-1,
7514,7549,7499,-1,
7529,7499,7549,-1,
7499,7484,7514,-1,
7514,7484,7469,-1,
7484,7449,7469,-1,
7469,7449,7434,-1,
7449,7414,7434,-1,
7434,7414,7393,-1,
7414,7389,7393,-1,
7389,7369,7393,-1,
7393,7369,7349,-1,
7369,7334,7349,-1,
7349,7334,7314,-1,
7334,7299,7314,-1,
7314,7299,7269,-1,
7284,7269,7299,-1,
7269,7284,7234,-1,
7254,7234,7284,-1,
7234,7254,7189,-1,
7219,7189,7254,-1,
7189,7219,7144,-1,
7144,7219,7128,-1,
7204,7128,7219,-1,
7169,7128,7204,-1,
7159,7128,7169,-1,
7159,7114,7128,-1,
7128,7114,6893,-1,
7104,6893,7114,-1,
7079,6893,7104,-1,
7069,6893,7079,-1,
7034,6949,7054,-1,
6893,7069,6949,-1,
7054,6949,7069,-1,
7128,6893,6857,-1,
6855,6857,6893,-1,
7924,7890,7926,-1,
7890,7838,7716,-1,
7751,7731,7838,-1,
7731,7716,7838,-1,
7926,7890,7655,-1,
7716,7706,7890,-1,
7706,7681,7890,-1,
7655,7890,7671,-1,
7681,7671,7890,-1,
7643,7655,7566,-1,
7671,7626,7655,-1,
7626,7616,7655,-1,
7598,7643,7566,-1,
7616,7581,7655,-1,
7581,7566,7655,-1,
7553,7598,7531,-1,
7566,7531,7598,-1,
7518,7553,7501,-1,
7531,7501,7553,-1,
7501,7486,7518,-1,
7518,7486,7473,-1,
7486,7451,7473,-1,
7473,7451,7438,-1,
7451,7416,7438,-1,
7438,7416,7400,-1,
7416,7396,7400,-1,
7396,7371,7400,-1,
7400,7371,7353,-1,
7371,7336,7353,-1,
7353,7336,7318,-1,
7336,7301,7318,-1,
7318,7301,7273,-1,
7286,7273,7301,-1,
7273,7286,7238,-1,
7256,7238,7286,-1,
7238,7256,7193,-1,
7221,7193,7256,-1,
7193,7221,7148,-1,
7148,7221,7130,-1,
7206,7130,7221,-1,
7171,7130,7206,-1,
7161,7130,7171,-1,
7161,7116,7130,-1,
7130,7116,6895,-1,
7106,6895,7116,-1,
7081,6895,7106,-1,
7071,6895,7081,-1,
7036,6953,7056,-1,
6895,7071,6953,-1,
7056,6953,7071,-1,
7130,6895,6861,-1,
6837,6863,6723,-1,
6829,6837,6723,-1,
6821,6829,6723,-1,
6813,6821,6723,-1,
6805,6813,6723,-1,
6797,6805,6723,-1,
6789,6797,6723,-1,
6781,6789,6723,-1,
6773,6781,6723,-1,
6765,6773,6723,-1,
6757,6765,6723,-1,
6749,6757,6723,-1,
6741,6749,6723,-1,
6733,6741,6723,-1,
6587,6723,6863,-1,
6895,6721,6861,-1,
6861,6587,6863,-1,
6587,6861,6585,-1,
6721,6585,6861,-1,
6709,6585,6721,-1,
6701,6585,6709,-1,
6693,6585,6701,-1,
6685,6585,6693,-1,
6677,6585,6685,-1,
6669,6585,6677,-1,
6661,6585,6669,-1,
6653,6585,6661,-1,
6645,6585,6653,-1,
6629,6585,6637,-1,
6621,6585,6629,-1,
6613,6585,6621,-1,
6605,6585,6613,-1,
6637,6585,6645,-1,
6587,6549,6723,-1,
6549,6497,6375,-1,
6410,6390,6497,-1,
6390,6375,6497,-1,
6723,6549,6314,-1,
6375,6365,6549,-1,
6314,6549,6330,-1,
6365,6340,6549,-1,
6340,6330,6549,-1,
6302,6314,6225,-1,
6330,6285,6314,-1,
6285,6275,6314,-1,
6257,6302,6225,-1,
6275,6240,6314,-1,
6240,6225,6314,-1,
6212,6257,6190,-1,
6225,6190,6257,-1,
6177,6212,6160,-1,
6190,6160,6212,-1,
6160,6145,6177,-1,
6177,6145,6132,-1,
6145,6110,6132,-1,
6132,6110,6097,-1,
6110,6075,6097,-1,
6097,6075,6059,-1,
6075,6055,6059,-1,
6055,6030,6059,-1,
6059,6030,6012,-1,
6030,5995,6012,-1,
6012,5995,5977,-1,
5995,5960,5977,-1,
5977,5960,5932,-1,
5945,5932,5960,-1,
5932,5945,5897,-1,
5915,5897,5945,-1,
5897,5915,5852,-1,
5880,5852,5915,-1,
5852,5880,5807,-1,
5807,5880,5787,-1,
5865,5787,5880,-1,
5830,5787,5865,-1,
5820,5787,5830,-1,
5820,5775,5787,-1,
5787,5775,5554,-1,
5765,5554,5775,-1,
5740,5554,5765,-1,
5730,5554,5740,-1,
5695,5612,5715,-1,
5554,5730,5612,-1,
5715,5612,5730,-1,
5787,5554,5520,-1,
5518,5520,5554,-1,
9007,9023,8844,-1,
8987,9007,8836,-1,
8844,9023,8967,-1,
8947,8987,8808,-1,
8927,8947,8800,-1,
8844,8836,9007,-1,
8871,8927,8772,-1,
8880,8856,8967,-1,
8856,8844,8967,-1,
9039,8967,9023,-1,
8823,8871,8764,-1,
8836,8808,8987,-1,
8808,8800,8947,-1,
8787,8823,8736,-1,
8800,8772,8927,-1,
8772,8764,8871,-1,
8751,8787,8724,-1,
8764,8736,8823,-1,
8736,8724,8787,-1,
8715,8751,8696,-1,
8724,8696,8751,-1,
8687,8715,8672,-1,
8696,8672,8715,-1,
8672,8660,8687,-1,
8687,8660,8651,-1,
8660,8632,8651,-1,
8651,8632,8623,-1,
8632,8604,8623,-1,
8623,8604,8595,-1,
8604,8591,8595,-1,
8591,8568,8595,-1,
8595,8568,8555,-1,
8568,8540,8555,-1,
8555,8540,8527,-1,
8540,8512,8527,-1,
8527,8512,8491,-1,
8500,8491,8512,-1,
8491,8500,8459,-1,
8476,8459,8500,-1,
8459,8476,8415,-1,
8444,8415,8476,-1,
8415,8444,8364,-1,
8364,8444,8348,-1,
8424,8348,8444,-1,
8386,8348,8424,-1,
8373,8348,8386,-1,
8373,8331,8348,-1,
8348,8331,8106,-1,
8322,8106,8331,-1,
8290,8106,8322,-1,
8277,8106,8290,-1,
8247,8164,8265,-1,
8106,8277,8164,-1,
8265,8164,8277,-1,
8106,7944,8348,-1,
7944,7942,7926,-1,
7940,7926,7942,-1,
7938,7924,7940,-1,
7924,7938,7922,-1,
7922,7936,7920,-1,
7934,7920,7936,-1,
7928,7944,7926,-1,
8348,7944,7657,-1,
7928,7657,7944,-1,
7892,7842,7718,-1,
7753,7733,7842,-1,
7733,7718,7842,-1,
7718,7708,7892,-1,
7892,7657,7928,-1,
7657,7892,7673,-1,
7708,7683,7892,-1,
7683,7673,7892,-1,
7647,7657,7568,-1,
7673,7628,7657,-1,
7628,7618,7657,-1,
7602,7647,7568,-1,
7618,7583,7657,-1,
7583,7568,7657,-1,
7557,7602,7533,-1,
7568,7533,7602,-1,
7522,7557,7503,-1,
7533,7503,7557,-1,
7503,7488,7522,-1,
7522,7488,7477,-1,
7488,7453,7477,-1,
7477,7453,7442,-1,
7453,7418,7442,-1,
7442,7418,7407,-1,
7418,7403,7407,-1,
7403,7373,7407,-1,
7407,7373,7357,-1,
7373,7338,7357,-1,
7357,7338,7322,-1,
7338,7303,7322,-1,
7322,7303,7277,-1,
7288,7277,7303,-1,
7277,7288,7242,-1,
7258,7242,7288,-1,
7242,7258,7197,-1,
7223,7197,7258,-1,
7197,7223,7152,-1,
7152,7223,7132,-1,
7208,7132,7223,-1,
7173,7132,7208,-1,
7163,7132,7173,-1,
7163,7118,7132,-1,
7132,7118,6897,-1,
7108,6897,7118,-1,
7083,6897,7108,-1,
7073,6897,7083,-1,
7038,6957,7058,-1,
6897,7073,6957,-1,
7058,6957,7073,-1,
7132,6897,6865,-1,
6839,6847,6727,-1,
6831,6839,6727,-1,
6823,6831,6727,-1,
6815,6823,6727,-1,
6807,6815,6727,-1,
6799,6807,6727,-1,
6791,6799,6727,-1,
6783,6791,6727,-1,
6775,6783,6727,-1,
6767,6775,6727,-1,
6759,6767,6727,-1,
6751,6759,6727,-1,
6743,6751,6727,-1,
6735,6743,6727,-1,
6591,6727,6867,-1,
6897,6725,6865,-1,
6865,6591,6867,-1,
6591,6865,6589,-1,
6725,6589,6865,-1,
6711,6589,6725,-1,
6703,6589,6711,-1,
6695,6589,6703,-1,
6687,6589,6695,-1,
6679,6589,6687,-1,
6671,6589,6679,-1,
6663,6589,6671,-1,
6655,6589,6663,-1,
6647,6589,6655,-1,
6631,6589,6639,-1,
6623,6589,6631,-1,
6615,6589,6623,-1,
6607,6589,6615,-1,
6639,6589,6647,-1,
6591,6551,6727,-1,
6551,6501,6377,-1,
6412,6392,6501,-1,
6392,6377,6501,-1,
6727,6551,6316,-1,
6377,6367,6551,-1,
6316,6551,6332,-1,
6367,6342,6551,-1,
6342,6332,6551,-1,
6306,6316,6227,-1,
6332,6287,6316,-1,
6287,6277,6316,-1,
6261,6306,6227,-1,
6277,6242,6316,-1,
6242,6227,6316,-1,
6216,6261,6192,-1,
6227,6192,6261,-1,
6181,6216,6162,-1,
6192,6162,6216,-1,
6162,6147,6181,-1,
6181,6147,6136,-1,
6147,6112,6136,-1,
6136,6112,6101,-1,
6112,6077,6101,-1,
6101,6077,6066,-1,
6077,6062,6066,-1,
6062,6032,6066,-1,
6066,6032,6016,-1,
6032,5997,6016,-1,
6016,5997,5981,-1,
5997,5962,5981,-1,
5981,5962,5936,-1,
5947,5936,5962,-1,
5936,5947,5901,-1,
5917,5901,5947,-1,
5901,5917,5856,-1,
5882,5856,5917,-1,
5856,5882,5811,-1,
5811,5882,5789,-1,
5867,5789,5882,-1,
5832,5789,5867,-1,
5822,5789,5832,-1,
5822,5777,5789,-1,
5789,5777,5556,-1,
5767,5556,5777,-1,
5742,5556,5767,-1,
5732,5556,5742,-1,
5697,5616,5717,-1,
5556,5732,5616,-1,
5717,5616,5732,-1,
5789,5556,5524,-1,
5498,5506,5386,-1,
5490,5498,5386,-1,
5482,5490,5386,-1,
5474,5482,5386,-1,
5466,5474,5386,-1,
5458,5466,5386,-1,
5450,5458,5386,-1,
5442,5450,5386,-1,
5434,5442,5386,-1,
5426,5434,5386,-1,
5418,5426,5386,-1,
5410,5418,5386,-1,
5402,5410,5386,-1,
5394,5402,5386,-1,
5250,5386,5526,-1,
5556,5384,5524,-1,
5524,5250,5526,-1,
5250,5524,5248,-1,
5384,5248,5524,-1,
5370,5248,5384,-1,
5362,5248,5370,-1,
5354,5248,5362,-1,
5346,5248,5354,-1,
5338,5248,5346,-1,
5330,5248,5338,-1,
5322,5248,5330,-1,
5314,5248,5322,-1,
5306,5248,5314,-1,
5290,5248,5298,-1,
5282,5248,5290,-1,
5274,5248,5282,-1,
5266,5248,5274,-1,
5298,5248,5306,-1,
5250,5210,5386,-1,
5210,5160,5036,-1,
5071,5051,5160,-1,
5051,5036,5160,-1,
5386,5210,4975,-1,
5036,5026,5210,-1,
4975,5210,4991,-1,
5026,5001,5210,-1,
5001,4991,5210,-1,
4965,4975,4886,-1,
4991,4946,4975,-1,
4946,4936,4975,-1,
4920,4965,4886,-1,
4936,4901,4975,-1,
4901,4886,4975,-1,
4875,4920,4851,-1,
4886,4851,4920,-1,
4840,4875,4821,-1,
4851,4821,4875,-1,
4821,4806,4840,-1,
4840,4806,4795,-1,
4806,4771,4795,-1,
4795,4771,4760,-1,
4771,4736,4760,-1,
4760,4736,4725,-1,
4736,4721,4725,-1,
4721,4691,4725,-1,
4725,4691,4675,-1,
4691,4656,4675,-1,
4675,4656,4640,-1,
4656,4621,4640,-1,
4640,4621,4595,-1,
4606,4595,4621,-1,
4595,4606,4560,-1,
4576,4560,4606,-1,
4560,4576,4515,-1,
4541,4515,4576,-1,
4515,4541,4470,-1,
4470,4541,4450,-1,
4526,4450,4541,-1,
4491,4450,4526,-1,
4481,4450,4491,-1,
4481,4436,4450,-1,
4450,4436,4215,-1,
4426,4215,4436,-1,
4401,4215,4426,-1,
4391,4215,4401,-1,
4356,4275,4376,-1,
4215,4391,4275,-1,
4376,4275,4391,-1,
4450,4215,4109,-1,
4185,4183,3973,-1,
3973,4183,3971,-1,
4181,3971,4183,-1,
4179,3971,4181,-1,
3971,4179,4107,-1,
4169,4107,4179,-1,
4165,4107,4169,-1,
4161,4107,4165,-1,
4157,4107,4161,-1,
4153,4107,4157,-1,
4149,4107,4153,-1,
4145,4107,4149,-1,
4141,4107,4145,-1,
4133,4107,4137,-1,
4129,4107,4133,-1,
4125,4107,4129,-1,
4121,4107,4125,-1,
4185,4109,4215,-1,
4109,4185,3977,-1,
4137,4107,4141,-1,
4097,4109,3977,-1,
4089,4097,3977,-1,
4081,4089,3977,-1,
4073,4081,3977,-1,
4065,4073,3977,-1,
4057,4065,3977,-1,
4049,4057,3977,-1,
4041,4049,3977,-1,
4033,4041,3977,-1,
4025,4033,3977,-1,
4017,4025,3977,-1,
4009,4017,3977,-1,
4001,4009,3977,-1,
3993,4001,3977,-1,
3985,3993,3977,-1,
3975,3977,4185,-1,
3973,3975,4185,-1,
4117,4107,4121,-1,
4113,4107,4117,-1,
4107,3939,3971,-1,
3939,3897,3800,-1,
3828,3812,3897,-1,
3812,3800,3897,-1,
3971,3939,3751,-1,
3800,3792,3939,-1,
3792,3772,3939,-1,
3751,3939,3764,-1,
3772,3764,3939,-1,
3741,3751,3680,-1,
3764,3728,3751,-1,
3728,3720,3751,-1,
3705,3741,3680,-1,
3720,3692,3751,-1,
3692,3680,3751,-1,
3669,3705,3652,-1,
3680,3652,3705,-1,
3641,3669,3628,-1,
3652,3628,3669,-1,
3628,3616,3641,-1,
3641,3616,3605,-1,
3616,3588,3605,-1,
3605,3588,3577,-1,
3588,3560,3577,-1,
3577,3560,3546,-1,
3560,3542,3546,-1,
3542,3524,3546,-1,
3546,3524,3509,-1,
3524,3496,3509,-1,
3509,3496,3481,-1,
3496,3468,3481,-1,
3481,3468,3445,-1,
3456,3445,3468,-1,
3445,3456,3417,-1,
3432,3417,3456,-1,
3417,3432,3381,-1,
3404,3381,3432,-1,
3381,3404,3345,-1,
3345,3404,3331,-1,
3392,3331,3404,-1,
3364,3331,3392,-1,
3356,3331,3364,-1,
3356,3320,3331,-1,
3331,3320,3143,-1,
3312,3143,3320,-1,
3292,3143,3312,-1,
3284,3143,3292,-1,
3256,3189,3272,-1,
3143,3284,3189,-1,
3272,3189,3284,-1,
3331,3143,2939,-1,
3109,3107,2801,-1,
2801,3107,2937,-1,
3093,2937,3107,-1,
3087,2937,3093,-1,
3081,2937,3087,-1,
3073,2937,3081,-1,
3063,2937,3073,-1,
3057,2937,3063,-1,
3047,2937,3057,-1,
3041,2937,3047,-1,
3031,2937,3041,-1,
3020,2937,3031,-1,
2999,2937,3020,-1,
2989,2937,2999,-1,
2980,2937,2989,-1,
3109,2939,3143,-1,
2939,3109,2803,-1,
2966,2937,2980,-1,
2927,2939,2803,-1,
2914,2927,2803,-1,
2904,2914,2803,-1,
2896,2904,2803,-1,
2883,2896,2803,-1,
2875,2883,2803,-1,
2869,2875,2803,-1,
2860,2869,2803,-1,
2852,2860,2803,-1,
2846,2852,2803,-1,
2838,2846,2803,-1,
2832,2838,2803,-1,
2823,2832,2803,-1,
2817,2823,2803,-1,
2811,2817,2803,-1,
2801,2803,3109,-1,
2958,2937,2966,-1,
2937,2620,2801,-1,
2620,2580,2480,-1,
2509,2494,2580,-1,
2494,2480,2580,-1,
2801,2620,2427,-1,
2480,2472,2620,-1,
2472,2448,2620,-1,
2427,2620,2440,-1,
2448,2440,2620,-1,
2417,2427,2354,-1,
2440,2404,2427,-1,
2404,2396,2427,-1,
2381,2417,2354,-1,
2396,2366,2427,-1,
2366,2354,2427,-1,
2343,2381,2326,-1,
2354,2326,2381,-1,
2315,2343,2302,-1,
2326,2302,2343,-1,
2302,2290,2315,-1,
2315,2290,2279,-1,
2290,2262,2279,-1,
2279,2262,2251,-1,
2262,2234,2251,-1,
2251,2234,2220,-1,
2234,2216,2220,-1,
2216,2198,2220,-1,
2220,2198,2183,-1,
2198,2170,2183,-1,
2183,2170,2155,-1,
2170,2142,2155,-1,
2155,2142,2119,-1,
2130,2119,2142,-1,
2119,2130,2091,-1,
2106,2091,2130,-1,
2091,2106,2053,-1,
2078,2053,2106,-1,
2053,2078,2017,-1,
2017,2078,2003,-1,
2064,2003,2078,-1,
2036,2003,2064,-1,
2028,2003,2036,-1,
2028,1990,2003,-1,
2003,1990,1807,-1,
1980,1807,1990,-1,
1956,1807,1980,-1,
1948,1807,1956,-1,
1918,1851,1934,-1,
1807,1948,1851,-1,
1934,1851,1948,-1,
2003,1807,1783,-1,
1781,1783,1807,-1,
8094,8106,8164,-1,
9003,9019,8842,-1,
8983,9003,8834,-1,
8842,9019,8963,-1,
8943,8983,8806,-1,
8923,8943,8798,-1,
8842,8834,9003,-1,
8867,8923,8770,-1,
8878,8854,8963,-1,
8854,8842,8963,-1,
9035,8963,9019,-1,
8819,8867,8762,-1,
8834,8806,8983,-1,
8806,8798,8943,-1,
8783,8819,8734,-1,
8798,8770,8923,-1,
8770,8762,8867,-1,
8747,8783,8722,-1,
8762,8734,8819,-1,
8734,8722,8783,-1,
8711,8747,8694,-1,
8722,8694,8747,-1,
8683,8711,8670,-1,
8694,8670,8711,-1,
8670,8658,8683,-1,
8683,8658,8647,-1,
8658,8630,8647,-1,
8647,8630,8619,-1,
8630,8602,8619,-1,
8619,8602,8588,-1,
8602,8584,8588,-1,
8584,8566,8588,-1,
8588,8566,8551,-1,
8566,8538,8551,-1,
8551,8538,8523,-1,
8538,8510,8523,-1,
8523,8510,8487,-1,
8498,8487,8510,-1,
8487,8498,8455,-1,
8474,8455,8498,-1,
8455,8474,8411,-1,
8442,8411,8474,-1,
8411,8442,8360,-1,
8360,8442,8346,-1,
8422,8346,8442,-1,
8384,8346,8422,-1,
8371,8346,8384,-1,
8371,8329,8346,-1,
8346,8329,8104,-1,
8320,8104,8329,-1,
8288,8104,8320,-1,
8275,8104,8288,-1,
8245,8160,8263,-1,
8104,8275,8160,-1,
8263,8160,8275,-1,
8346,8104,7942,-1,
7940,7942,8104,-1,
8090,8104,8160,-1,
8999,9015,8840,-1,
8979,8999,8832,-1,
8840,9015,8959,-1,
8939,8979,8804,-1,
8919,8939,8796,-1,
8840,8832,8999,-1,
8863,8919,8768,-1,
8876,8852,8959,-1,
8852,8840,8959,-1,
9031,8959,9015,-1,
8815,8863,8760,-1,
8832,8804,8979,-1,
8804,8796,8939,-1,
8779,8815,8732,-1,
8796,8768,8919,-1,
8768,8760,8863,-1,
8743,8779,8720,-1,
8760,8732,8815,-1,
8732,8720,8779,-1,
8707,8743,8692,-1,
8720,8692,8743,-1,
8679,8707,8668,-1,
8692,8668,8707,-1,
8668,8656,8679,-1,
8679,8656,8643,-1,
8656,8628,8643,-1,
8643,8628,8615,-1,
8628,8600,8615,-1,
8615,8600,8581,-1,
8600,8577,8581,-1,
8577,8564,8581,-1,
8581,8564,8547,-1,
8564,8536,8547,-1,
8547,8536,8519,-1,
8536,8508,8519,-1,
8519,8508,8483,-1,
8496,8483,8508,-1,
8483,8496,8451,-1,
8472,8451,8496,-1,
8451,8472,8407,-1,
8440,8407,8472,-1,
8407,8440,8356,-1,
8356,8440,8344,-1,
8420,8344,8440,-1,
8382,8344,8420,-1,
8369,8344,8382,-1,
8369,8327,8344,-1,
8344,8327,8102,-1,
8318,8102,8327,-1,
8286,8102,8318,-1,
8273,8102,8286,-1,
8243,8156,8261,-1,
8102,8273,8156,-1,
8261,8156,8273,-1,
8344,8102,7938,-1,
7936,7938,8102,-1,
8086,8102,8156,-1,
8995,9011,8838,-1,
8975,8995,8830,-1,
8838,9011,8955,-1,
8935,8975,8802,-1,
8915,8935,8794,-1,
8838,8830,8995,-1,
8859,8915,8766,-1,
8874,8850,8955,-1,
8850,8838,8955,-1,
9027,8955,9011,-1,
8811,8859,8758,-1,
8830,8802,8975,-1,
8802,8794,8935,-1,
8775,8811,8730,-1,
8794,8766,8915,-1,
8766,8758,8859,-1,
8739,8775,8718,-1,
8758,8730,8811,-1,
8730,8718,8775,-1,
8703,8739,8690,-1,
8718,8690,8739,-1,
8675,8703,8666,-1,
8690,8666,8703,-1,
8666,8654,8675,-1,
8675,8654,8639,-1,
8654,8626,8639,-1,
8639,8626,8611,-1,
8626,8598,8611,-1,
8611,8598,8574,-1,
8598,8570,8574,-1,
8570,8562,8574,-1,
8574,8562,8543,-1,
8562,8534,8543,-1,
8543,8534,8515,-1,
8534,8506,8515,-1,
8515,8506,8479,-1,
8494,8479,8506,-1,
8479,8494,8447,-1,
8470,8447,8494,-1,
8447,8470,8403,-1,
8438,8403,8470,-1,
8403,8438,8352,-1,
8352,8438,8342,-1,
8418,8342,8438,-1,
8380,8342,8418,-1,
8367,8342,8380,-1,
8367,8325,8342,-1,
8342,8325,8100,-1,
8316,8100,8325,-1,
8284,8100,8316,-1,
8271,8100,8284,-1,
8241,8152,8259,-1,
8100,8271,8152,-1,
8259,8152,8271,-1,
8342,8100,7934,-1,
7932,7934,8100,-1,
8082,8100,8152,-1,
8427,8435,8279,-1,
8398,8427,8257,-1,
8279,8435,8389,-1,
8376,8398,8210,-1,
8335,8376,8204,-1,
8279,8257,8427,-1,
8293,8335,8181,-1,
8296,8282,8389,-1,
8282,8279,8389,-1,
8463,8389,8435,-1,
8213,8293,8167,-1,
8257,8210,8398,-1,
8210,8204,8376,-1,
8184,8213,8128,-1,
8204,8181,8335,-1,
8181,8167,8293,-1,
8131,8184,8109,-1,
8167,8128,8213,-1,
8128,8109,8184,-1,
8098,8131,8078,-1,
8109,8078,8131,-1,
8075,8098,8072,-1,
8078,8072,8098,-1,
8072,8069,8075,-1,
8075,8069,8066,-1,
8069,8062,8066,-1,
8066,8062,8059,-1,
8062,8055,8059,-1,
8059,8055,8052,-1,
8055,8048,8052,-1,
8048,8046,8052,-1,
8052,8046,8042,-1,
8046,8039,8042,-1,
8042,8039,8035,-1,
8039,8032,8035,-1,
8035,8032,8026,-1,
8029,8026,8032,-1,
8026,8029,8019,-1,
8023,8019,8029,-1,
8019,8023,8010,-1,
8016,8010,8023,-1,
8010,8016,8001,-1,
8001,8016,7997,-1,
8013,7997,8016,-1,
8006,7997,8013,-1,
8004,7997,8006,-1,
8004,7995,7997,-1,
7997,7995,7950,-1,
7993,7950,7995,-1,
7988,7950,7993,-1,
7986,7950,7988,-1,
7979,7962,7983,-1,
7950,7986,7962,-1,
7983,7962,7986,-1,
7997,7950,7930,-1,
7924,7926,7940,-1,
7936,7922,7938,-1,
7920,7934,7918,-1,
7932,7918,7934,-1,
7918,7932,7916,-1,
7930,7916,7932,-1,
7916,7930,7914,-1,
7930,7950,7914,-1,
7950,7884,7914,-1,
7884,7826,7710,-1,
7745,7725,7826,-1,
7725,7710,7826,-1,
7914,7884,7649,-1,
7710,7700,7884,-1,
7700,7675,7884,-1,
7649,7884,7665,-1,
7675,7665,7884,-1,
7631,7649,7560,-1,
7665,7620,7649,-1,
7620,7610,7649,-1,
7586,7631,7560,-1,
7610,7575,7649,-1,
7575,7560,7649,-1,
7541,7586,7525,-1,
7560,7525,7586,-1,
7506,7541,7495,-1,
7525,7495,7541,-1,
7495,7480,7506,-1,
7506,7480,7461,-1,
7480,7445,7461,-1,
7461,7445,7426,-1,
7445,7410,7426,-1,
7426,7410,7379,-1,
7410,7375,7379,-1,
7375,7365,7379,-1,
7379,7365,7341,-1,
7365,7330,7341,-1,
7341,7330,7306,-1,
7330,7295,7306,-1,
7306,7295,7261,-1,
7280,7261,7295,-1,
7261,7280,7226,-1,
7250,7226,7280,-1,
7226,7250,7181,-1,
7215,7181,7250,-1,
7181,7215,7136,-1,
7136,7215,7124,-1,
7200,7124,7215,-1,
7165,7124,7200,-1,
7155,7124,7165,-1,
7155,7110,7124,-1,
7124,7110,6889,-1,
7100,6889,7110,-1,
7075,6889,7100,-1,
7065,6889,7075,-1,
7030,6941,7050,-1,
6889,7065,6941,-1,
7050,6941,7065,-1,
7124,6889,6849,-1,
6833,6851,6715,-1,
6825,6833,6715,-1,
6817,6825,6715,-1,
6809,6817,6715,-1,
6801,6809,6715,-1,
6793,6801,6715,-1,
6785,6793,6715,-1,
6777,6785,6715,-1,
6769,6777,6715,-1,
6761,6769,6715,-1,
6753,6761,6715,-1,
6745,6753,6715,-1,
6737,6745,6715,-1,
6729,6737,6715,-1,
6575,6715,6851,-1,
6889,6713,6849,-1,
6849,6575,6851,-1,
6575,6849,6573,-1,
6713,6573,6849,-1,
6705,6573,6713,-1,
6697,6573,6705,-1,
6689,6573,6697,-1,
6681,6573,6689,-1,
6673,6573,6681,-1,
6665,6573,6673,-1,
6657,6573,6665,-1,
6649,6573,6657,-1,
6641,6573,6649,-1,
6625,6573,6633,-1,
6617,6573,6625,-1,
6609,6573,6617,-1,
6601,6573,6609,-1,
6633,6573,6641,-1,
6575,6543,6715,-1,
6543,6485,6369,-1,
6404,6384,6485,-1,
6384,6369,6485,-1,
6715,6543,6308,-1,
6369,6359,6543,-1,
6308,6543,6324,-1,
6359,6334,6543,-1,
6334,6324,6543,-1,
6290,6308,6219,-1,
6324,6279,6308,-1,
6279,6269,6308,-1,
6245,6290,6219,-1,
6269,6234,6308,-1,
6234,6219,6308,-1,
6200,6245,6184,-1,
6219,6184,6245,-1,
6165,6200,6154,-1,
6184,6154,6200,-1,
6154,6139,6165,-1,
6165,6139,6120,-1,
6139,6104,6120,-1,
6120,6104,6085,-1,
6104,6069,6085,-1,
6085,6069,6038,-1,
6069,6034,6038,-1,
6034,6024,6038,-1,
6038,6024,6000,-1,
6024,5989,6000,-1,
6000,5989,5965,-1,
5989,5954,5965,-1,
5965,5954,5920,-1,
5939,5920,5954,-1,
5920,5939,5885,-1,
5909,5885,5939,-1,
5885,5909,5840,-1,
5874,5840,5909,-1,
5840,5874,5795,-1,
5795,5874,5791,-1,
5859,5791,5874,-1,
5824,5791,5859,-1,
5814,5791,5824,-1,
5814,5769,5791,-1,
5791,5769,5548,-1,
5759,5548,5769,-1,
5734,5548,5759,-1,
5724,5548,5734,-1,
5689,5600,5709,-1,
5548,5724,5600,-1,
5709,5600,5724,-1,
5791,5548,5508,-1,
5492,5510,5374,-1,
5484,5492,5374,-1,
5476,5484,5374,-1,
5468,5476,5374,-1,
5460,5468,5374,-1,
5452,5460,5374,-1,
5444,5452,5374,-1,
5436,5444,5374,-1,
5428,5436,5374,-1,
5420,5428,5374,-1,
5412,5420,5374,-1,
5404,5412,5374,-1,
5396,5404,5374,-1,
5388,5396,5374,-1,
5234,5374,5510,-1,
5548,5372,5508,-1,
5508,5234,5510,-1,
5234,5508,5232,-1,
5372,5232,5508,-1,
5364,5232,5372,-1,
5356,5232,5364,-1,
5348,5232,5356,-1,
5340,5232,5348,-1,
5332,5232,5340,-1,
5324,5232,5332,-1,
5316,5232,5324,-1,
5308,5232,5316,-1,
5300,5232,5308,-1,
5284,5232,5292,-1,
5276,5232,5284,-1,
5268,5232,5276,-1,
5260,5232,5268,-1,
5292,5232,5300,-1,
5234,5202,5374,-1,
5202,5144,5028,-1,
5063,5043,5144,-1,
5043,5028,5144,-1,
5374,5202,4967,-1,
5028,5018,5202,-1,
4967,5202,4983,-1,
5018,4993,5202,-1,
4993,4983,5202,-1,
4949,4967,4878,-1,
4983,4938,4967,-1,
4938,4928,4967,-1,
4904,4949,4878,-1,
4928,4893,4967,-1,
4893,4878,4967,-1,
4859,4904,4843,-1,
4878,4843,4904,-1,
4824,4859,4813,-1,
4843,4813,4859,-1,
4813,4798,4824,-1,
4824,4798,4779,-1,
4798,4763,4779,-1,
4779,4763,4744,-1,
4763,4728,4744,-1,
4744,4728,4697,-1,
4728,4693,4697,-1,
4693,4683,4697,-1,
4697,4683,4659,-1,
4683,4648,4659,-1,
4659,4648,4624,-1,
4648,4613,4624,-1,
4624,4613,4579,-1,
4598,4579,4613,-1,
4579,4598,4544,-1,
4568,4544,4598,-1,
4544,4568,4499,-1,
4533,4499,4568,-1,
4499,4533,4454,-1,
4454,4533,4442,-1,
4518,4442,4533,-1,
4483,4442,4518,-1,
4473,4442,4483,-1,
4473,4428,4442,-1,
4442,4428,4207,-1,
4418,4207,4428,-1,
4393,4207,4418,-1,
4383,4207,4393,-1,
4348,4259,4368,-1,
4207,4383,4259,-1,
4368,4259,4383,-1,
4442,4207,4171,-1,
4207,4099,4171,-1,
4171,3961,4173,-1,
4093,4101,3965,-1,
3961,4171,3959,-1,
4085,4093,3965,-1,
4099,3959,4171,-1,
4077,4085,3965,-1,
4091,3959,4099,-1,
4069,4077,3965,-1,
4083,3959,4091,-1,
4061,4069,3965,-1,
4075,3959,4083,-1,
4053,4061,3965,-1,
4067,3959,4075,-1,
4045,4053,3965,-1,
4059,3959,4067,-1,
4037,4045,3965,-1,
4051,3959,4059,-1,
4029,4037,3965,-1,
4043,3959,4051,-1,
4021,4029,3965,-1,
4035,3959,4043,-1,
4013,4021,3965,-1,
4027,3959,4035,-1,
4005,4013,3965,-1,
4019,3959,4027,-1,
3997,4005,3965,-1,
4011,3959,4019,-1,
3989,3997,3965,-1,
4003,3959,4011,-1,
3981,3989,3965,-1,
3961,3963,4101,-1,
3963,3965,4101,-1,
3995,3959,4003,-1,
3987,3959,3995,-1,
3979,3959,3987,-1,
7948,7950,7962,-1,
7842,7892,7912,-1,
7838,7890,7908,-1,
7834,7888,7904,-1,
7830,7886,7900,-1,
7826,7884,7896,-1,
6887,6897,6957,-1,
6879,6893,6949,-1,
6875,6891,6945,-1,
6871,6889,6941,-1,
6883,6895,6953,-1,
6579,6545,6581,-1,
6545,6489,6371,-1,
6406,6386,6489,-1,
6386,6371,6489,-1,
6581,6545,6310,-1,
6371,6361,6545,-1,
6361,6336,6545,-1,
6310,6545,6326,-1,
6336,6326,6545,-1,
6294,6310,6221,-1,
6326,6281,6310,-1,
6281,6271,6310,-1,
6249,6294,6221,-1,
6271,6236,6310,-1,
6236,6221,6310,-1,
6204,6249,6186,-1,
6221,6186,6249,-1,
6169,6204,6156,-1,
6186,6156,6204,-1,
6156,6141,6169,-1,
6169,6141,6124,-1,
6141,6106,6124,-1,
6124,6106,6089,-1,
6106,6071,6089,-1,
6089,6071,6045,-1,
6071,6041,6045,-1,
6041,6026,6045,-1,
6045,6026,6004,-1,
6026,5991,6004,-1,
6004,5991,5969,-1,
5991,5956,5969,-1,
5969,5956,5924,-1,
5941,5924,5956,-1,
5924,5941,5889,-1,
5911,5889,5941,-1,
5889,5911,5844,-1,
5876,5844,5911,-1,
5844,5876,5799,-1,
5799,5876,5783,-1,
5861,5783,5876,-1,
5826,5783,5861,-1,
5816,5783,5826,-1,
5816,5771,5783,-1,
5783,5771,5550,-1,
5761,5550,5771,-1,
5736,5550,5761,-1,
5726,5550,5736,-1,
5691,5604,5711,-1,
5550,5726,5604,-1,
5711,5604,5726,-1,
5783,5550,5512,-1,
5494,5502,5378,-1,
5486,5494,5378,-1,
5478,5486,5378,-1,
5470,5478,5378,-1,
5462,5470,5378,-1,
5454,5462,5378,-1,
5446,5454,5378,-1,
5438,5446,5378,-1,
5430,5438,5378,-1,
5422,5430,5378,-1,
5414,5422,5378,-1,
5406,5414,5378,-1,
5398,5406,5378,-1,
5390,5398,5378,-1,
5238,5378,5514,-1,
5550,5376,5512,-1,
5512,5238,5514,-1,
5238,5512,5236,-1,
5376,5236,5512,-1,
5366,5236,5376,-1,
5358,5236,5366,-1,
5350,5236,5358,-1,
5342,5236,5350,-1,
5334,5236,5342,-1,
5326,5236,5334,-1,
5318,5236,5326,-1,
5310,5236,5318,-1,
5302,5236,5310,-1,
5286,5236,5294,-1,
5278,5236,5286,-1,
5270,5236,5278,-1,
5262,5236,5270,-1,
5294,5236,5302,-1,
5238,5204,5378,-1,
5204,5148,5030,-1,
5065,5045,5148,-1,
5045,5030,5148,-1,
5378,5204,4969,-1,
5030,5020,5204,-1,
4969,5204,4985,-1,
5020,4995,5204,-1,
4995,4985,5204,-1,
4953,4969,4880,-1,
4985,4940,4969,-1,
4940,4930,4969,-1,
4908,4953,4880,-1,
4930,4895,4969,-1,
4895,4880,4969,-1,
4863,4908,4845,-1,
4880,4845,4908,-1,
4828,4863,4815,-1,
4845,4815,4863,-1,
4815,4800,4828,-1,
4828,4800,4783,-1,
4800,4765,4783,-1,
4783,4765,4748,-1,
4765,4730,4748,-1,
4748,4730,4704,-1,
4730,4700,4704,-1,
4700,4685,4704,-1,
4704,4685,4663,-1,
4685,4650,4663,-1,
4663,4650,4628,-1,
4650,4615,4628,-1,
4628,4615,4583,-1,
4600,4583,4615,-1,
4583,4600,4548,-1,
4570,4548,4600,-1,
4548,4570,4503,-1,
4535,4503,4570,-1,
4503,4535,4458,-1,
4458,4535,4444,-1,
4520,4444,4535,-1,
4485,4444,4520,-1,
4475,4444,4485,-1,
4475,4430,4444,-1,
4444,4430,4209,-1,
4420,4209,4430,-1,
4395,4209,4420,-1,
4385,4209,4395,-1,
4350,4263,4370,-1,
4209,4385,4263,-1,
4370,4263,4385,-1,
4444,4209,4101,-1,
4101,4173,3961,-1,
4173,4101,4209,-1,
6599,6589,6607,-1,
6597,6585,6605,-1,
6611,6577,6619,-1,
6603,6577,6611,-1,
6595,6577,6603,-1,
6593,6573,6601,-1,
6501,6551,6571,-1,
6497,6549,6567,-1,
6493,6547,6563,-1,
6489,6545,6559,-1,
6485,6543,6555,-1,
5530,5548,5600,-1,
5546,5556,5616,-1,
5534,5550,5604,-1,
5542,5554,5612,-1,
5538,5552,5608,-1,
3119,3121,3117,-1,
3117,3121,3115,-1,
3115,3121,3097,-1,
3097,3121,3077,-1,
3077,3121,2827,-1,
2827,3121,2782,-1,
3026,2782,3121,-1,
3024,2782,3026,-1,
3016,2782,3024,-1,
3008,2782,3014,-1,
2995,2782,3008,-1,
2993,2782,2995,-1,
2984,2782,2993,-1,
2908,3077,2827,-1,
3105,2821,2935,-1,
3014,2782,3016,-1,
2821,3105,2795,-1,
2881,2894,2830,-1,
3037,3053,2924,-1,
2924,3053,3012,-1,
3006,3037,2911,-1,
2976,3006,2901,-1,
2954,2976,2880,-1,
2924,2911,3037,-1,
2946,2932,3012,-1,
2932,2924,3012,-1,
2920,2954,2866,-1,
3069,3012,3053,-1,
2911,2901,3006,-1,
2891,2920,2843,-1,
2887,2891,2792,-1,
2901,2880,2976,-1,
2972,2782,2984,-1,
2873,2881,2830,-1,
2867,2873,2830,-1,
2887,2782,2972,-1,
2858,2867,2830,-1,
2850,2858,2830,-1,
2844,2850,2830,-1,
2782,2887,2758,-1,
2836,2844,2830,-1,
3103,2795,3105,-1,
2880,2866,2954,-1,
2866,2843,2920,-1,
2843,2792,2891,-1,
2792,2787,2887,-1,
2787,2781,2887,-1,
2781,2778,2887,-1,
2778,2758,2887,-1,
2773,2758,2778,-1,
2766,2758,2773,-1,
2758,2766,2754,-1,
2761,2754,2766,-1,
2757,2754,2761,-1,
2754,2757,2751,-1,
2757,2748,2751,-1,
2751,2748,2744,-1,
2748,2741,2744,-1,
2744,2741,2735,-1,
2738,2735,2741,-1,
2735,2738,2728,-1,
2732,2728,2738,-1,
2728,2732,2719,-1,
2725,2719,2732,-1,
2719,2725,2710,-1,
2722,2710,2725,-1,
2710,2722,2699,-1,
2713,2699,2722,-1,
2699,2713,2677,-1,
2707,2677,2713,-1,
2677,2707,2664,-1,
2704,2664,2707,-1,
2664,2704,2658,-1,
2658,2704,2652,-1,
2696,2652,2704,-1,
2689,2652,2696,-1,
2687,2652,2689,-1,
2680,2652,2687,-1,
2674,2652,2680,-1,
2668,2652,2674,-1,
2670,2652,2668,-1,
2670,1553,2652,-1,
1553,1550,1529,-1,
1532,1529,1550,-1,
2652,1553,1519,-1,
1519,1553,1517,-1,
1529,1527,1553,-1,
1527,1522,1553,-1,
1522,1517,1553,-1,
1512,1519,1502,-1,
1517,1511,1519,-1,
1507,1512,1493,-1,
1511,1502,1519,-1,
1502,1499,1512,-1,
1496,1507,1493,-1,
1499,1493,1512,-1,
1483,1496,1468,-1,
1493,1468,1496,-1,
1468,1443,1483,-1,
1483,1443,1438,-1,
1443,1406,1438,-1,
1438,1406,1389,-1,
1406,1385,1389,-1,
1385,1341,1389,-1,
1389,1341,1328,-1,
1341,1310,1328,-1,
1328,1310,1294,-1,
1310,1282,1294,-1,
1294,1282,1245,-1,
1282,1242,1245,-1,
1245,1242,1215,-1,
1221,1215,1242,-1,
1215,1221,1181,-1,
1194,1181,1221,-1,
1181,1194,1151,-1,
1178,1151,1194,-1,
1151,1178,1121,-1,
1154,1121,1178,-1,
1121,1154,1082,-1,
1148,1082,1154,-1,
1082,1148,1034,-1,
1124,1034,1148,-1,
1034,1124,1020,-1,
1111,1020,1124,-1,
1020,1111,984,-1,
984,1111,969,-1,
1097,969,1111,-1,
1065,1063,1030,-1,
1079,969,1097,-1,
969,1079,942,-1,
1077,942,1079,-1,
1071,942,1077,-1,
1065,942,1071,-1,
942,1065,1030,-1,
1059,1030,1063,-1,
1030,438,942,-1,
438,434,415,-1,
417,415,434,-1,
942,438,402,-1,
402,438,407,-1,
415,410,438,-1,
410,407,438,-1,
407,401,402,-1,
401,396,402,-1,
393,402,391,-1,
396,391,402,-1,
388,393,378,-1,
391,385,393,-1,
381,388,378,-1,
385,378,393,-1,
378,375,381,-1,
381,375,372,-1,
375,368,372,-1,
372,368,365,-1,
368,361,365,-1,
361,359,365,-1,
365,359,355,-1,
359,352,355,-1,
355,352,348,-1,
352,345,348,-1,
348,345,339,-1,
342,339,345,-1,
339,342,332,-1,
335,332,342,-1,
332,335,323,-1,
329,323,335,-1,
323,329,316,-1,
326,316,329,-1,
316,326,307,-1,
319,307,326,-1,
307,319,291,-1,
313,291,319,-1,
291,313,272,-1,
310,272,313,-1,
272,310,266,-1,
301,266,310,-1,
266,301,256,-1,
299,256,301,-1,
256,299,247,-1,
294,247,299,-1,
494,452,498,-1,
489,452,494,-1,
484,452,489,-1,
482,452,484,-1,
487,452,482,-1,
491,452,487,-1,
492,452,491,-1,
492,213,452,-1,
452,213,185,-1,
185,213,188,-1,
198,196,213,-1,
196,191,213,-1,
191,188,213,-1,
181,185,173,-1,
188,180,185,-1,
176,181,164,-1,
180,173,185,-1,
173,170,181,-1,
167,176,164,-1,
170,164,181,-1,
160,167,157,-1,
164,157,167,-1,
157,154,160,-1,
160,154,151,-1,
154,147,151,-1,
151,147,144,-1,
147,140,144,-1,
140,138,144,-1,
144,138,134,-1,
138,131,134,-1,
134,131,127,-1,
131,124,127,-1,
127,124,118,-1,
121,118,124,-1,
118,121,111,-1,
114,111,121,-1,
111,114,102,-1,
108,102,114,-1,
102,108,95,-1,
105,95,108,-1,
95,105,86,-1,
98,86,105,-1,
86,98,70,-1,
92,70,98,-1,
70,92,51,-1,
89,51,92,-1,
51,89,45,-1,
80,45,89,-1,
45,80,35,-1,
78,35,80,-1,
35,78,26,-1,
73,26,78,-1,
247,294,243,-1,
284,243,294,-1,
243,284,239,-1,
286,261,282,-1,
280,239,284,-1,
239,280,231,-1,
276,231,280,-1,
231,276,223,-1,
278,223,276,-1,
223,278,227,-1,
227,278,261,-1,
235,227,261,-1,
282,261,278,-1,
26,73,22,-1,
63,22,73,-1,
22,63,18,-1,
65,40,61,-1,
59,18,63,-1,
18,59,10,-1,
55,10,59,-1,
10,55,2,-1,
57,2,55,-1,
2,57,6,-1,
6,57,40,-1,
14,6,40,-1,
61,40,57,-1,
5500,5510,5492,-1,
6841,6851,6833,-1,
5242,5206,5244,-1,
5206,5152,5032,-1,
5067,5047,5152,-1,
5047,5032,5152,-1,
5244,5206,4971,-1,
5032,5022,5206,-1,
5022,4997,5206,-1,
4971,5206,4987,-1,
4997,4987,5206,-1,
4957,4971,4882,-1,
4987,4942,4971,-1,
4942,4932,4971,-1,
4912,4957,4882,-1,
4932,4897,4971,-1,
4897,4882,4971,-1,
4867,4912,4847,-1,
4882,4847,4912,-1,
4832,4867,4817,-1,
4847,4817,4867,-1,
4817,4802,4832,-1,
4832,4802,4787,-1,
4802,4767,4787,-1,
4787,4767,4752,-1,
4767,4732,4752,-1,
4752,4732,4711,-1,
4732,4707,4711,-1,
4707,4687,4711,-1,
4711,4687,4667,-1,
4687,4652,4667,-1,
4667,4652,4632,-1,
4652,4617,4632,-1,
4632,4617,4587,-1,
4602,4587,4617,-1,
4587,4602,4552,-1,
4572,4552,4602,-1,
4552,4572,4507,-1,
4537,4507,4572,-1,
4507,4537,4462,-1,
4462,4537,4446,-1,
4522,4446,4537,-1,
4487,4446,4522,-1,
4477,4446,4487,-1,
4477,4432,4446,-1,
4446,4432,4211,-1,
4422,4211,4432,-1,
4397,4211,4422,-1,
4387,4211,4397,-1,
4352,4267,4372,-1,
4211,4387,4267,-1,
4372,4267,4387,-1,
4446,4211,4105,-1,
4177,4175,3967,-1,
3967,4175,4103,-1,
4167,4103,4175,-1,
4163,4103,4167,-1,
4159,4103,4163,-1,
4155,4103,4159,-1,
4151,4103,4155,-1,
4147,4103,4151,-1,
4143,4103,4147,-1,
4139,4103,4143,-1,
4135,4103,4139,-1,
4131,4103,4135,-1,
4127,4103,4131,-1,
4123,4103,4127,-1,
4119,4103,4123,-1,
4177,4105,4211,-1,
4105,4177,3969,-1,
4115,4103,4119,-1,
4095,4105,3969,-1,
4087,4095,3969,-1,
4079,4087,3969,-1,
4071,4079,3969,-1,
4063,4071,3969,-1,
4055,4063,3969,-1,
4047,4055,3969,-1,
4039,4047,3969,-1,
4031,4039,3969,-1,
4023,4031,3969,-1,
4015,4023,3969,-1,
4007,4015,3969,-1,
3999,4007,3969,-1,
3991,3999,3969,-1,
3983,3991,3969,-1,
3967,3969,4177,-1,
4111,4103,4115,-1,
4103,3937,3967,-1,
3937,3893,3798,-1,
3826,3810,3893,-1,
3810,3798,3893,-1,
3967,3937,3749,-1,
3798,3790,3937,-1,
3790,3770,3937,-1,
3749,3937,3762,-1,
3770,3762,3937,-1,
3737,3749,3678,-1,
3762,3726,3749,-1,
3726,3718,3749,-1,
3701,3737,3678,-1,
3718,3690,3749,-1,
3690,3678,3749,-1,
3665,3701,3650,-1,
3678,3650,3701,-1,
3637,3665,3626,-1,
3650,3626,3665,-1,
3626,3614,3637,-1,
3637,3614,3601,-1,
3614,3586,3601,-1,
3601,3586,3573,-1,
3586,3558,3573,-1,
3573,3558,3539,-1,
3558,3535,3539,-1,
3535,3522,3539,-1,
3539,3522,3505,-1,
3522,3494,3505,-1,
3505,3494,3477,-1,
3494,3466,3477,-1,
3477,3466,3441,-1,
3454,3441,3466,-1,
3441,3454,3413,-1,
3430,3413,3454,-1,
3413,3430,3377,-1,
3402,3377,3430,-1,
3377,3402,3341,-1,
3341,3402,3329,-1,
3390,3329,3402,-1,
3362,3329,3390,-1,
3354,3329,3362,-1,
3354,3318,3329,-1,
3329,3318,3141,-1,
3310,3141,3318,-1,
3290,3141,3310,-1,
3282,3141,3290,-1,
3254,3185,3270,-1,
3141,3282,3185,-1,
3270,3185,3282,-1,
3329,3141,2935,-1,
2894,2935,2830,-1,
2830,2935,2821,-1,
3099,2908,3101,-1,
2908,3099,2933,-1,
3091,2933,3099,-1,
3085,2933,3091,-1,
3079,2933,3085,-1,
3071,2933,3079,-1,
3061,2933,3071,-1,
3055,2933,3061,-1,
3045,2933,3055,-1,
3039,2933,3045,-1,
3029,2933,3039,-1,
3018,2933,3029,-1,
2997,2933,3018,-1,
2987,2933,2997,-1,
2978,2933,2987,-1,
3105,2935,3141,-1,
2902,2935,2894,-1,
3101,2908,3103,-1,
2925,2935,2902,-1,
2912,2925,2902,-1,
2964,2933,2978,-1,
2956,2933,2964,-1,
5258,5248,5266,-1,
5272,5240,5280,-1,
5264,5240,5272,-1,
5256,5240,5264,-1,
5254,5236,5262,-1,
5252,5232,5260,-1,
5152,5206,5222,-1,
5156,5208,5226,-1,
5160,5210,5230,-1,
5144,5202,5214,-1,
5148,5204,5218,-1,
4193,4209,4263,-1,
4189,4207,4259,-1,
4205,4215,4275,-1,
4201,4213,4271,-1,
4197,4211,4267,-1,
6845,6863,6837,-1,
5504,5522,5496,-1,
5496,5522,5246,-1,
5520,5246,5522,-1,
6843,6859,6835,-1,
6835,6859,6583,-1,
6857,6583,6859,-1,
2522,2483,2521,-1,
2483,2465,2521,-1,
2465,2451,2521,-1,
2451,2369,2521,-1,
2369,2071,2521,-1,
2521,2071,1890,-1,
1993,1890,2071,-1,
1983,1890,1993,-1,
1973,1890,1983,-1,
1959,1890,1973,-1,
1941,1890,1959,-1,
1891,1890,1941,-1,
2963,2951,2715,-1,
2715,2951,2946,-1,
2949,2946,2951,-1,
2963,2715,2682,-1,
2701,2682,2715,-1,
2693,2682,2701,-1,
2690,2682,2693,-1,
2682,2690,2672,-1,
2684,2672,2690,-1,
2670,2672,2684,-1,
968,941,532,-1,
532,941,929,-1,
931,929,941,-1,
968,532,507,-1,
512,507,532,-1,
510,507,512,-1,
510,503,507,-1,
503,495,507,-1,
492,507,495,-1,
1542,1538,1075,-1,
1075,1538,1072,-1,
1092,1542,1075,-1,
1072,1538,1532,-1,
1534,1532,1538,-1,
1075,1072,1069,-1,
1067,1069,1072,-1,
2531,2533,1901,-1,
1901,2533,2509,-1,
2517,2509,2533,-1,
1918,1901,2509,-1,
1899,2531,1901,-1,
1911,1901,1918,-1,
2631,2615,2579,-1,
2607,2479,2615,-1,
2479,2579,2615,-1,
2479,2607,2471,-1,
2595,2471,2607,-1,
2508,2579,2493,-1,
2493,2579,2479,-1,
2471,2595,2447,-1,
2565,2447,2595,-1,
2447,2565,2439,-1,
2553,2439,2565,-1,
2439,2553,2403,-1,
2502,2403,2553,-1,
2403,2502,2395,-1,
2458,2395,2502,-1,
2395,2458,2365,-1,
2416,2365,2458,-1,
2365,2416,2353,-1,
2380,2353,2416,-1,
2353,2380,2325,-1,
2342,2325,2380,-1,
2325,2342,2301,-1,
2314,2301,2342,-1,
2301,2314,2289,-1,
2314,2278,2289,-1,
2289,2278,2261,-1,
2278,2250,2261,-1,
2261,2250,2233,-1,
2233,2250,2215,-1,
2250,2219,2215,-1,
2215,2219,2197,-1,
2219,2182,2197,-1,
2197,2182,2169,-1,
2182,2154,2169,-1,
2169,2154,2141,-1,
2129,2141,2118,-1,
2154,2118,2141,-1,
2105,2129,2090,-1,
2118,2090,2129,-1,
2077,2105,2052,-1,
2063,2077,2016,-1,
2090,2052,2105,-1,
2035,2063,1970,-1,
2027,2035,1926,-1,
2052,2016,2077,-1,
1989,2027,1878,-1,
1979,1989,1866,-1,
2016,1970,2063,-1,
1955,1979,1836,-1,
1947,1955,1824,-1,
1933,1947,1850,-1,
1970,1926,2035,-1,
1917,1933,1850,-1,
1926,1878,2027,-1,
1878,1866,1989,-1,
1816,1850,1947,-1,
1866,1836,1979,-1,
1836,1824,1955,-1,
1824,1816,1947,-1,
1798,1850,1816,-1,
2516,2532,2508,-1,
1900,2508,2532,-1,
1917,2508,1900,-1,
1910,1917,1900,-1,
2530,1900,2532,-1,
1898,1900,2530,-1,
2532,2533,2530,-1,
2531,2530,2533,-1,
2516,2517,2532,-1,
2533,2532,2517,-1,
2493,2494,2508,-1,
2494,2509,2508,-1,
2508,2509,2516,-1,
2517,2516,2509,-1,
2479,2480,2493,-1,
2494,2493,2480,-1,
2471,2472,2479,-1,
2480,2479,2472,-1,
2447,2448,2471,-1,
2472,2471,2448,-1,
2439,2440,2447,-1,
2448,2447,2440,-1,
2403,2404,2439,-1,
2440,2439,2404,-1,
2395,2396,2403,-1,
2404,2403,2396,-1,
2395,2365,2396,-1,
2366,2396,2365,-1,
2365,2353,2366,-1,
2354,2366,2353,-1,
2353,2325,2354,-1,
2326,2354,2325,-1,
2325,2301,2326,-1,
2302,2326,2301,-1,
2301,2289,2302,-1,
2290,2302,2289,-1,
2289,2261,2290,-1,
2262,2290,2261,-1,
2261,2233,2262,-1,
2234,2262,2233,-1,
2233,2215,2234,-1,
2216,2234,2215,-1,
2215,2197,2216,-1,
2198,2216,2197,-1,
2197,2169,2198,-1,
2170,2198,2169,-1,
2169,2141,2170,-1,
2142,2170,2141,-1,
2141,2129,2142,-1,
2130,2142,2129,-1,
2129,2105,2130,-1,
2106,2130,2105,-1,
2105,2077,2106,-1,
2078,2106,2077,-1,
2077,2063,2078,-1,
2064,2078,2063,-1,
2063,2035,2064,-1,
2036,2064,2035,-1,
2036,2035,2028,-1,
2027,2028,2035,-1,
2028,2027,1990,-1,
1989,1990,2027,-1,
1990,1989,1980,-1,
1979,1980,1989,-1,
1980,1979,1956,-1,
1955,1956,1979,-1,
1956,1955,1948,-1,
1947,1948,1955,-1,
1948,1947,1934,-1,
1933,1934,1947,-1,
1934,1933,1918,-1,
1933,1917,1918,-1,
1918,1917,1911,-1,
1910,1911,1917,-1,
1911,1910,1901,-1,
1900,1901,1910,-1,
1901,1900,1899,-1,
1898,1899,1900,-1,
1898,2530,1899,-1,
2531,1899,2530,-1,
2632,2633,2580,-1,
2581,2580,2633,-1,
1800,1799,1852,-1,
1851,1852,1799,-1,
2155,2119,2156,-1,
2120,2156,2119,-1,
1808,1807,1800,-1,
1799,1800,1807,-1,
1851,1918,1852,-1,
2509,1852,1918,-1,
1852,2509,2581,-1,
2580,2581,2509,-1,
2053,2017,2054,-1,
2018,2054,2017,-1,
2220,2183,2221,-1,
2184,2221,2183,-1,
2091,2053,2092,-1,
2054,2092,2053,-1,
2251,2220,2252,-1,
2221,2252,2220,-1,
2279,2251,2280,-1,
2252,2280,2251,-1,
2417,2381,2418,-1,
2382,2418,2381,-1,
2183,2155,2184,-1,
2156,2184,2155,-1,
2427,2417,2428,-1,
2418,2428,2417,-1,
2017,2003,2018,-1,
2004,2018,2003,-1,
2343,2315,2344,-1,
2316,2344,2315,-1,
2315,2279,2316,-1,
2280,2316,2279,-1,
2381,2343,2382,-1,
2344,2382,2343,-1,
2119,2091,2120,-1,
2092,2120,2091,-1,
2620,2621,2632,-1,
2633,2632,2621,-1,
1466,1418,1480,-1,
1464,1414,1476,-1,
1462,1410,1472,-1,
3936,3890,3946,-1,
5203,5145,5215,-1,
6544,6486,6556,-1,
7885,7827,7897,-1,
3142,3130,3186,-1,
3146,3138,3194,-1,
3144,3134,3190,-1,
3140,3126,3182,-1,
1574,1576,1464,-1,
1576,1278,1464,-1,
1464,1278,1414,-1,
1414,1278,1236,-1,
1270,1236,1278,-1,
1236,1202,1414,-1,
1202,1172,1414,-1,
1172,1135,1414,-1,
1135,1105,1414,-1,
1105,1049,1414,-1,
1049,996,1414,-1,
1414,996,637,-1,
953,637,996,-1,
900,637,953,-1,
866,637,900,-1,
830,637,866,-1,
796,637,830,-1,
766,637,796,-1,
723,637,766,-1,
674,637,723,-1,
657,637,674,-1,
657,620,637,-1,
620,605,637,-1,
605,586,637,-1,
574,637,586,-1,
1560,1592,1562,-1,
1572,1562,1592,-1,
1566,1568,1462,-1,
1568,1276,1462,-1,
1462,1276,1410,-1,
1410,1276,1232,-1,
1266,1232,1276,-1,
1232,1198,1410,-1,
1198,1168,1410,-1,
1168,1131,1410,-1,
1131,1101,1410,-1,
1101,1042,1410,-1,
1042,992,1410,-1,
1410,992,633,-1,
949,633,992,-1,
896,633,949,-1,
862,633,896,-1,
826,633,862,-1,
792,633,826,-1,
762,633,792,-1,
719,633,762,-1,
670,633,719,-1,
653,633,670,-1,
653,616,633,-1,
616,601,633,-1,
601,582,633,-1,
570,633,582,-1,
1708,1692,1706,-1,
1706,1692,1682,-1,
1684,1682,1692,-1,
1684,1678,1682,-1,
1682,1678,1674,-1,
1678,1672,1674,-1,
1664,1674,1662,-1,
1672,1662,1674,-1,
1658,1664,1654,-1,
1662,1654,1664,-1,
1652,1658,1646,-1,
1648,1652,1640,-1,
1654,1646,1658,-1,
1642,1648,1632,-1,
1646,1640,1652,-1,
1638,1642,1626,-1,
1634,1638,1626,-1,
1640,1632,1648,-1,
1630,1634,1626,-1,
1632,1626,1642,-1,
1622,1626,1618,-1,
1630,1626,1622,-1,
1748,1750,1668,-1,
1726,1704,1750,-1,
1724,1704,1726,-1,
1722,1704,1724,-1,
1704,1722,1700,-1,
1700,1722,1696,-1,
1720,1696,1722,-1,
1696,1720,1690,-1,
1690,1720,1688,-1,
1704,1668,1750,-1,
1604,1748,1668,-1,
1740,1742,1666,-1,
1730,1666,1728,-1,
1728,1666,1742,-1,
1602,1740,1666,-1,
1768,1732,1766,-1,
1766,1732,1712,-1,
1712,1732,1698,-1,
1698,1732,1680,-1,
1680,1732,1676,-1,
1676,1732,1670,-1,
1670,1732,1660,-1,
1660,1732,1656,-1,
1656,1732,1650,-1,
1650,1732,1644,-1,
1594,1644,1732,-1,
1636,1644,1594,-1,
1628,1636,1594,-1,
1618,1626,1614,-1,
1614,1626,1592,-1,
1610,1614,1600,-1,
1606,1610,1600,-1,
1592,1600,1614,-1,
1628,1592,1626,-1,
1734,1594,1732,-1,
1592,1628,1594,-1,
1762,1764,1750,-1,
1726,1750,1764,-1,
1760,1744,1758,-1,
1758,1744,1730,-1,
1744,1746,1730,-1,
1666,1730,1590,-1,
1598,1666,1590,-1,
1746,1590,1730,-1,
1588,1598,1590,-1,
1754,1756,1742,-1,
1728,1742,1756,-1,
2619,2577,2629,-1,
2796,2798,2619,-1,
2798,2426,2619,-1,
2619,2426,2577,-1,
2577,2426,2378,-1,
2414,2378,2426,-1,
2378,2340,2577,-1,
2340,2312,2577,-1,
2312,2276,2577,-1,
2276,2248,2577,-1,
2248,2214,2577,-1,
2214,2180,2577,-1,
2577,2180,1848,-1,
2152,1848,2180,-1,
2116,1848,2152,-1,
2088,1848,2116,-1,
2050,1848,2088,-1,
1848,2050,2002,-1,
2014,2002,2050,-1,
1848,2002,1806,-1,
1774,1806,1776,-1,
2002,1776,1806,-1,
3070,3054,3013,-1,
3038,3013,3054,-1,
3038,3007,3013,-1,
3007,2977,3013,-1,
2977,2955,3013,-1,
2955,2921,3013,-1,
3013,2921,2888,-1,
2892,2888,2921,-1,
2882,2874,2895,-1,
2828,2909,2771,-1,
2794,2909,2796,-1,
2874,2796,2909,-1,
2796,2874,2798,-1,
2798,2874,2800,-1,
2868,2800,2874,-1,
2859,2800,2868,-1,
2828,2783,2888,-1,
3013,2888,2716,-1,
2783,2759,2888,-1,
2759,2755,2888,-1,
2755,2716,2888,-1,
2752,2716,2755,-1,
2745,2716,2752,-1,
2736,2716,2745,-1,
2729,2716,2736,-1,
2720,2716,2729,-1,
2720,2711,2716,-1,
2702,2716,2653,-1,
2711,2700,2716,-1,
2694,2702,2653,-1,
2691,2694,2653,-1,
2685,2691,2653,-1,
2700,2678,2716,-1,
2678,2665,2716,-1,
2665,2659,2716,-1,
2659,2653,2716,-1,
2685,2653,1554,-1,
2653,1520,1554,-1,
1551,1554,1513,-1,
1520,1513,1554,-1,
1513,1508,1551,-1,
1508,1497,1551,-1,
1497,1484,1551,-1,
1484,1439,1551,-1,
1439,1390,1551,-1,
1551,1390,1073,-1,
1329,1073,1390,-1,
1295,1073,1329,-1,
1246,1073,1295,-1,
1216,1073,1246,-1,
1182,1073,1216,-1,
1152,1073,1182,-1,
1122,1073,1152,-1,
1083,1073,1122,-1,
1060,1073,943,-1,
1083,1035,1073,-1,
1031,1060,943,-1,
1035,1021,1073,-1,
1021,985,1073,-1,
985,970,1073,-1,
970,943,1073,-1,
1031,943,439,-1,
943,403,439,-1,
435,439,394,-1,
403,394,439,-1,
394,389,435,-1,
389,382,435,-1,
382,373,435,-1,
373,366,435,-1,
366,356,435,-1,
356,349,435,-1,
349,340,435,-1,
340,333,435,-1,
333,324,435,-1,
435,324,262,-1,
317,262,324,-1,
308,262,317,-1,
292,262,308,-1,
273,262,292,-1,
267,262,273,-1,
267,257,262,-1,
257,248,262,-1,
248,244,262,-1,
244,240,262,-1,
236,262,228,-1,
240,232,262,-1,
228,262,224,-1,
232,224,262,-1,
3120,3118,3122,-1,
3118,3116,3122,-1,
3116,3098,3122,-1,
3098,3078,3122,-1,
2888,3027,2828,-1,
3025,3027,2973,-1,
3017,3025,2973,-1,
3015,3017,2973,-1,
3009,3015,2973,-1,
2996,3009,2973,-1,
2994,2996,2973,-1,
2985,2994,2973,-1,
2888,2973,3027,-1,
3122,2828,3027,-1,
2903,2895,2936,-1,
3122,3078,2828,-1,
2909,2828,3078,-1,
2895,2874,2936,-1,
2851,2800,2859,-1,
2845,2800,2851,-1,
2837,2800,2845,-1,
2831,2800,2837,-1,
2794,2771,2909,-1,
2539,2771,2424,-1,
2523,2539,2452,-1,
2484,2523,2452,-1,
2466,2484,2452,-1,
2424,2452,2539,-1,
2794,2424,2771,-1,
2452,2424,2370,-1,
2410,2370,2424,-1,
2374,2370,2410,-1,
2374,2336,2370,-1,
2336,2308,2370,-1,
2308,2272,2370,-1,
2272,2244,2370,-1,
2244,2207,2370,-1,
2370,2207,2072,-1,
2176,2072,2207,-1,
2148,2072,2176,-1,
2112,2072,2148,-1,
2084,2072,2112,-1,
2084,2046,2072,-1,
2046,2010,2072,-1,
2010,2000,2072,-1,
2072,2000,1994,-1,
1984,1994,1942,-1,
1974,1984,1942,-1,
1960,1974,1942,-1,
2000,1942,1994,-1,
2000,1772,1942,-1,
1772,1774,1566,-1,
1776,1566,1774,-1,
1566,1776,1568,-1,
1752,1778,1754,-1,
1754,1778,1756,-1,
1756,1778,1758,-1,
1758,1778,1760,-1,
1778,1568,1776,-1,
1738,1586,1736,-1,
1568,1778,1570,-1,
1570,1586,1560,-1,
1588,1560,1586,-1,
1590,1560,1588,-1,
1592,1560,1590,-1,
1570,1778,1736,-1,
1584,1772,1566,-1,
1772,1584,1942,-1,
1942,1584,1504,-1,
1584,1490,1504,-1,
1490,1488,1504,-1,
1488,1486,1504,-1,
1486,1459,1504,-1,
1459,1451,1504,-1,
1451,1441,1504,-1,
1441,1435,1504,-1,
1435,1420,1504,-1,
1420,1404,1504,-1,
1025,1504,879,-1,
1023,1025,879,-1,
1009,1023,879,-1,
1404,879,1504,-1,
879,874,1009,-1,
874,840,1009,-1,
1009,840,533,-1,
804,533,840,-1,
755,533,804,-1,
689,533,755,-1,
646,533,689,-1,
594,533,646,-1,
563,533,594,-1,
556,533,563,-1,
547,533,556,-1,
540,533,547,-1,
540,529,533,-1,
529,520,533,-1,
513,533,453,-1,
511,513,453,-1,
504,511,453,-1,
520,502,533,-1,
496,504,453,-1,
502,479,533,-1,
479,473,533,-1,
473,465,533,-1,
465,457,533,-1,
457,453,533,-1,
496,453,214,-1,
453,186,214,-1,
186,182,214,-1,
182,177,214,-1,
177,168,214,-1,
168,161,214,-1,
161,152,214,-1,
152,145,214,-1,
145,135,214,-1,
135,128,214,-1,
128,119,214,-1,
119,112,214,-1,
112,103,214,-1,
214,103,41,-1,
96,41,103,-1,
87,41,96,-1,
71,41,87,-1,
52,41,71,-1,
46,41,52,-1,
46,36,41,-1,
36,27,41,-1,
27,23,41,-1,
23,19,41,-1,
15,41,7,-1,
19,11,41,-1,
7,41,3,-1,
11,3,41,-1,
2822,2800,2831,-1,
2816,2800,2822,-1,
2810,2800,2816,-1,
2812,2804,2940,-1,
2814,2808,2944,-1,
2621,2581,2633,-1,
3094,3108,2938,-1,
3940,3898,3954,-1,
5209,5157,5227,-1,
1808,1800,1852,-1,
1810,1804,1856,-1,
1806,1796,1848,-1,
1788,1790,1778,-1,
1780,1778,1790,-1,
1718,1688,1720,-1,
1688,1718,1686,-1,
1716,1686,1718,-1,
1714,1686,1716,-1,
1686,1714,1694,-1,
1710,1694,1714,-1,
1702,1694,1710,-1,
1704,1624,1668,-1,
1606,1600,1608,-1,
1608,1600,1612,-1,
1612,1600,1616,-1,
1616,1600,1620,-1,
1620,1600,1624,-1,
1668,1624,1600,-1,
2623,2585,2637,-1,
3096,3112,2942,-1,
3942,3902,3958,-1,
3938,3894,3950,-1,
4168,4176,4104,-1,
5207,5153,5223,-1,
6548,6494,6564,-1,
6580,6582,6546,-1,
6582,6311,6546,-1,
6546,6311,6490,-1,
6490,6311,6250,-1,
6295,6250,6311,-1,
6250,6205,6490,-1,
6205,6170,6490,-1,
6170,6125,6490,-1,
6125,6090,6490,-1,
6090,6046,6490,-1,
6046,6005,6490,-1,
6490,6005,5605,-1,
5970,5605,6005,-1,
5925,5605,5970,-1,
5890,5605,5925,-1,
5845,5605,5890,-1,
5605,5845,5784,-1,
5800,5784,5845,-1,
5605,5784,5551,-1,
5784,5513,5551,-1,
5513,5515,5239,-1,
5239,5515,5379,-1,
5503,5379,5515,-1,
5495,5379,5503,-1,
5487,5379,5495,-1,
5479,5379,5487,-1,
5471,5379,5479,-1,
5463,5379,5471,-1,
5455,5379,5463,-1,
5447,5379,5455,-1,
5439,5379,5447,-1,
5431,5379,5439,-1,
5423,5379,5431,-1,
5415,5379,5423,-1,
5407,5379,5415,-1,
5551,5513,5377,-1,
5377,5513,5237,-1,
5399,5379,5407,-1,
5367,5377,5237,-1,
5359,5367,5237,-1,
5351,5359,5237,-1,
5343,5351,5237,-1,
5335,5343,5237,-1,
5327,5335,5237,-1,
5319,5327,5237,-1,
5311,5319,5237,-1,
5303,5311,5237,-1,
5295,5303,5237,-1,
5287,5295,5237,-1,
5279,5287,5237,-1,
5271,5279,5237,-1,
5263,5271,5237,-1,
5255,5263,5237,-1,
5239,5237,5513,-1,
5391,5379,5399,-1,
5239,5379,5205,-1,
5379,4970,5205,-1,
5205,4970,5149,-1,
5149,4970,4909,-1,
4954,4909,4970,-1,
4909,4864,5149,-1,
4864,4829,5149,-1,
4829,4784,5149,-1,
4784,4749,5149,-1,
4749,4705,5149,-1,
4705,4664,5149,-1,
5149,4664,4264,-1,
4629,4264,4664,-1,
4584,4264,4629,-1,
4549,4264,4584,-1,
4504,4264,4549,-1,
4264,4504,4445,-1,
4459,4445,4504,-1,
4264,4445,4210,-1,
4174,4210,4102,-1,
4445,4102,4210,-1,
4174,3962,4172,-1,
4092,4100,3960,-1,
3962,4174,3964,-1,
4084,4092,3960,-1,
3964,4174,3966,-1,
4076,4084,3960,-1,
4102,3966,4174,-1,
4068,4076,3960,-1,
4094,3966,4102,-1,
4060,4068,3960,-1,
4086,3966,4094,-1,
4052,4060,3960,-1,
4078,3966,4086,-1,
4044,4052,3960,-1,
4070,3966,4078,-1,
4036,4044,3960,-1,
4062,3966,4070,-1,
4028,4036,3960,-1,
4054,3966,4062,-1,
4020,4028,3960,-1,
4046,3966,4054,-1,
4012,4020,3960,-1,
4038,3966,4046,-1,
4004,4012,3960,-1,
4030,3966,4038,-1,
3996,4004,3960,-1,
4022,3966,4030,-1,
3988,3996,3960,-1,
4014,3966,4022,-1,
3980,3988,3960,-1,
4006,3966,4014,-1,
3962,3960,4100,-1,
3998,3966,4006,-1,
3990,3966,3998,-1,
3982,3966,3990,-1,
6896,6884,6954,-1,
6898,6888,6958,-1,
6894,6880,6950,-1,
6892,6876,6946,-1,
6890,6872,6942,-1,
7889,7835,7905,-1,
7925,7927,7891,-1,
7927,7656,7891,-1,
7891,7656,7839,-1,
7839,7656,7599,-1,
7644,7599,7656,-1,
7599,7554,7839,-1,
7554,7519,7839,-1,
7519,7474,7839,-1,
7474,7439,7839,-1,
7439,7401,7839,-1,
7401,7354,7839,-1,
7839,7354,6954,-1,
7319,6954,7354,-1,
7274,6954,7319,-1,
7239,6954,7274,-1,
7194,6954,7239,-1,
6954,7194,7131,-1,
7149,7131,7194,-1,
6954,7131,6896,-1,
7131,6862,6896,-1,
6862,6864,6588,-1,
6588,6864,6724,-1,
6846,6724,6864,-1,
6838,6724,6846,-1,
6830,6724,6838,-1,
6822,6724,6830,-1,
6814,6724,6822,-1,
6806,6724,6814,-1,
6798,6724,6806,-1,
6790,6724,6798,-1,
6782,6724,6790,-1,
6774,6724,6782,-1,
6766,6724,6774,-1,
6758,6724,6766,-1,
6750,6724,6758,-1,
6896,6862,6722,-1,
6722,6862,6586,-1,
6742,6724,6750,-1,
6710,6722,6586,-1,
6702,6710,6586,-1,
6694,6702,6586,-1,
6686,6694,6586,-1,
6678,6686,6586,-1,
6670,6678,6586,-1,
6662,6670,6586,-1,
6654,6662,6586,-1,
6646,6654,6586,-1,
6638,6646,6586,-1,
6630,6638,6586,-1,
6622,6630,6586,-1,
6614,6622,6586,-1,
6606,6614,6586,-1,
6598,6606,6586,-1,
6588,6586,6862,-1,
6734,6724,6742,-1,
6588,6724,6550,-1,
6724,6315,6550,-1,
6550,6315,6498,-1,
6498,6315,6258,-1,
6303,6258,6315,-1,
6258,6213,6498,-1,
6213,6178,6498,-1,
6178,6133,6498,-1,
6133,6098,6498,-1,
6098,6060,6498,-1,
6060,6013,6498,-1,
6498,6013,5613,-1,
5978,5613,6013,-1,
5933,5613,5978,-1,
5898,5613,5933,-1,
5853,5613,5898,-1,
5613,5853,5788,-1,
5808,5788,5853,-1,
5613,5788,5555,-1,
5519,5555,5521,-1,
5788,5521,5555,-1,
7921,7923,7889,-1,
7923,7654,7889,-1,
7889,7654,7835,-1,
7835,7654,7595,-1,
7640,7595,7654,-1,
7595,7550,7835,-1,
7550,7515,7835,-1,
7515,7470,7835,-1,
7470,7435,7835,-1,
7435,7394,7835,-1,
7394,7350,7835,-1,
7835,7350,6950,-1,
7315,6950,7350,-1,
7270,6950,7315,-1,
7235,6950,7270,-1,
7190,6950,7235,-1,
6950,7190,7129,-1,
7145,7129,7190,-1,
6950,7129,6894,-1,
6856,6894,6858,-1,
7129,6858,6894,-1,
7917,7919,7887,-1,
7919,7652,7887,-1,
7887,7652,7831,-1,
7831,7652,7591,-1,
7636,7591,7652,-1,
7591,7546,7831,-1,
7546,7511,7831,-1,
7511,7466,7831,-1,
7466,7431,7831,-1,
7431,7387,7831,-1,
7387,7346,7831,-1,
7831,7346,6946,-1,
7311,6946,7346,-1,
7266,6946,7311,-1,
7231,6946,7266,-1,
7186,6946,7231,-1,
6946,7186,7127,-1,
7141,7127,7186,-1,
6946,7127,6892,-1,
7127,6854,6892,-1,
6854,6856,6582,-1,
6582,6856,6584,-1,
6858,6584,6856,-1,
6860,6584,6858,-1,
6584,6860,6720,-1,
6844,6720,6860,-1,
6836,6720,6844,-1,
6828,6720,6836,-1,
6820,6720,6828,-1,
6812,6720,6820,-1,
6804,6720,6812,-1,
6796,6720,6804,-1,
6788,6720,6796,-1,
6772,6720,6780,-1,
6764,6720,6772,-1,
6756,6720,6764,-1,
6748,6720,6756,-1,
6892,6854,6718,-1,
6718,6854,6578,-1,
6780,6720,6788,-1,
6708,6718,6578,-1,
6700,6708,6578,-1,
6692,6700,6578,-1,
6684,6692,6578,-1,
6676,6684,6578,-1,
6668,6676,6578,-1,
6660,6668,6578,-1,
6652,6660,6578,-1,
6644,6652,6578,-1,
6636,6644,6578,-1,
6628,6636,6578,-1,
6620,6628,6578,-1,
6612,6620,6578,-1,
6604,6612,6578,-1,
6596,6604,6578,-1,
6580,6578,6854,-1,
6582,6580,6854,-1,
6740,6720,6748,-1,
6732,6720,6740,-1,
6584,6720,6548,-1,
6720,6313,6548,-1,
6548,6313,6494,-1,
6494,6313,6254,-1,
6299,6254,6313,-1,
6254,6209,6494,-1,
6209,6174,6494,-1,
6174,6129,6494,-1,
6129,6094,6494,-1,
6094,6053,6494,-1,
6053,6009,6494,-1,
6494,6009,5609,-1,
5974,5609,6009,-1,
5929,5609,5974,-1,
5894,5609,5929,-1,
5849,5609,5894,-1,
5609,5849,5786,-1,
5804,5786,5849,-1,
5609,5786,5553,-1,
5786,5517,5553,-1,
5517,5519,5245,-1,
5245,5519,5247,-1,
5521,5247,5519,-1,
5523,5247,5521,-1,
5247,5523,5383,-1,
5505,5383,5523,-1,
5497,5383,5505,-1,
5489,5383,5497,-1,
5481,5383,5489,-1,
5473,5383,5481,-1,
5465,5383,5473,-1,
5457,5383,5465,-1,
5449,5383,5457,-1,
5433,5383,5441,-1,
5425,5383,5433,-1,
5417,5383,5425,-1,
5409,5383,5417,-1,
5553,5517,5381,-1,
5381,5517,5241,-1,
5441,5383,5449,-1,
5369,5381,5241,-1,
5361,5369,5241,-1,
5353,5361,5241,-1,
5345,5353,5241,-1,
5337,5345,5241,-1,
5329,5337,5241,-1,
5321,5329,5241,-1,
5313,5321,5241,-1,
5305,5313,5241,-1,
5297,5305,5241,-1,
5289,5297,5241,-1,
5281,5289,5241,-1,
5273,5281,5241,-1,
5265,5273,5241,-1,
5257,5265,5241,-1,
5243,5241,5517,-1,
5245,5243,5517,-1,
5401,5383,5409,-1,
5393,5383,5401,-1,
5247,5383,5209,-1,
5383,4974,5209,-1,
5209,4974,5157,-1,
5157,4974,4917,-1,
4962,4917,4974,-1,
4917,4872,5157,-1,
4872,4837,5157,-1,
4837,4792,5157,-1,
4792,4757,5157,-1,
4757,4719,5157,-1,
4719,4672,5157,-1,
5157,4672,4272,-1,
4637,4272,4672,-1,
4592,4272,4637,-1,
4557,4272,4592,-1,
4512,4272,4557,-1,
4272,4512,4449,-1,
4467,4449,4512,-1,
4272,4449,4214,-1,
4182,4214,4184,-1,
4449,4184,4214,-1,
8101,8083,8153,-1,
9028,9012,8956,-1,
8996,8956,9012,-1,
8976,8956,8996,-1,
8976,8936,8956,-1,
8936,8916,8956,-1,
8916,8860,8956,-1,
8860,8812,8956,-1,
8812,8776,8956,-1,
8776,8740,8956,-1,
8740,8704,8956,-1,
8704,8676,8956,-1,
8676,8640,8956,-1,
8640,8612,8956,-1,
8612,8575,8956,-1,
8575,8544,8956,-1,
8956,8544,8153,-1,
8516,8153,8544,-1,
8480,8153,8516,-1,
8448,8153,8480,-1,
8404,8153,8448,-1,
8153,8404,8343,-1,
8353,8343,8404,-1,
8153,8343,8101,-1,
7933,8101,7935,-1,
8343,7935,8101,-1,
8103,8087,8157,-1,
9032,9016,8960,-1,
9000,8960,9016,-1,
8980,8960,9000,-1,
8980,8940,8960,-1,
8940,8920,8960,-1,
8920,8864,8960,-1,
8864,8816,8960,-1,
8816,8780,8960,-1,
8780,8744,8960,-1,
8744,8708,8960,-1,
8708,8680,8960,-1,
8680,8644,8960,-1,
8644,8616,8960,-1,
8616,8582,8960,-1,
8582,8548,8960,-1,
8960,8548,8157,-1,
8520,8157,8548,-1,
8484,8157,8520,-1,
8452,8157,8484,-1,
8408,8157,8452,-1,
8157,8408,8345,-1,
8357,8345,8408,-1,
8157,8345,8103,-1,
7937,8103,7939,-1,
8345,7939,8103,-1,
8105,8091,8161,-1,
9036,9020,8964,-1,
9004,8964,9020,-1,
8984,8964,9004,-1,
8984,8944,8964,-1,
8944,8924,8964,-1,
8924,8868,8964,-1,
8868,8820,8964,-1,
8820,8784,8964,-1,
8784,8748,8964,-1,
8748,8712,8964,-1,
8712,8684,8964,-1,
8684,8648,8964,-1,
8648,8620,8964,-1,
8620,8589,8964,-1,
8589,8552,8964,-1,
8964,8552,8161,-1,
8524,8161,8552,-1,
8488,8161,8524,-1,
8456,8161,8488,-1,
8412,8161,8456,-1,
8161,8412,8347,-1,
8361,8347,8412,-1,
8161,8347,8105,-1,
7941,8105,7943,-1,
8347,7943,8105,-1,
7951,7949,7963,-1,
8464,8436,8390,-1,
8428,8390,8436,-1,
8399,8390,8428,-1,
8399,8377,8390,-1,
8377,8336,8390,-1,
8336,8294,8390,-1,
8294,8214,8390,-1,
8214,8185,8390,-1,
8185,8132,8390,-1,
8132,8099,8390,-1,
8099,8076,8390,-1,
8076,8067,8390,-1,
8067,8060,8390,-1,
8060,8053,8390,-1,
8053,8043,8390,-1,
8390,8043,7963,-1,
8036,7963,8043,-1,
8027,7963,8036,-1,
8020,7963,8027,-1,
8011,7963,8020,-1,
7963,8011,7998,-1,
8002,7998,8011,-1,
7963,7998,7951,-1,
7998,7931,7951,-1,
7931,7933,7917,-1,
7935,7917,7933,-1,
7937,7919,7935,-1,
7919,7937,7921,-1,
7921,7939,7923,-1,
7941,7923,7939,-1,
7915,7931,7917,-1,
7931,7915,7951,-1,
7951,7915,7885,-1,
7915,7650,7885,-1,
7885,7650,7827,-1,
7827,7650,7587,-1,
7632,7587,7650,-1,
7587,7542,7827,-1,
7542,7507,7827,-1,
7507,7462,7827,-1,
7462,7427,7827,-1,
7427,7380,7827,-1,
7380,7342,7827,-1,
7827,7342,6942,-1,
7307,6942,7342,-1,
7262,6942,7307,-1,
7227,6942,7262,-1,
7182,6942,7227,-1,
6942,7182,7125,-1,
7137,7125,7182,-1,
6942,7125,6890,-1,
7125,6850,6890,-1,
6850,6852,6576,-1,
6576,6852,6716,-1,
6842,6716,6852,-1,
6834,6716,6842,-1,
6826,6716,6834,-1,
6818,6716,6826,-1,
6810,6716,6818,-1,
6802,6716,6810,-1,
6794,6716,6802,-1,
6786,6716,6794,-1,
6778,6716,6786,-1,
6770,6716,6778,-1,
6762,6716,6770,-1,
6754,6716,6762,-1,
6746,6716,6754,-1,
6890,6850,6714,-1,
6714,6850,6574,-1,
6738,6716,6746,-1,
6706,6714,6574,-1,
6698,6706,6574,-1,
6690,6698,6574,-1,
6682,6690,6574,-1,
6674,6682,6574,-1,
6666,6674,6574,-1,
6658,6666,6574,-1,
6650,6658,6574,-1,
6642,6650,6574,-1,
6634,6642,6574,-1,
6626,6634,6574,-1,
6618,6626,6574,-1,
6610,6618,6574,-1,
6602,6610,6574,-1,
6594,6602,6574,-1,
6576,6574,6850,-1,
6730,6716,6738,-1,
6576,6716,6544,-1,
6716,6309,6544,-1,
6544,6309,6486,-1,
6486,6309,6246,-1,
6291,6246,6309,-1,
6246,6201,6486,-1,
6201,6166,6486,-1,
6166,6121,6486,-1,
6121,6086,6486,-1,
6086,6039,6486,-1,
6039,6001,6486,-1,
6486,6001,5601,-1,
5966,5601,6001,-1,
5921,5601,5966,-1,
5886,5601,5921,-1,
5841,5601,5886,-1,
5601,5841,5792,-1,
5796,5792,5841,-1,
5601,5792,5549,-1,
5792,5509,5549,-1,
5509,5511,5235,-1,
5235,5511,5375,-1,
5501,5375,5511,-1,
5493,5375,5501,-1,
5485,5375,5493,-1,
5477,5375,5485,-1,
5469,5375,5477,-1,
5461,5375,5469,-1,
5453,5375,5461,-1,
5445,5375,5453,-1,
5437,5375,5445,-1,
5429,5375,5437,-1,
5421,5375,5429,-1,
5413,5375,5421,-1,
5405,5375,5413,-1,
5549,5509,5373,-1,
5373,5509,5233,-1,
5397,5375,5405,-1,
5365,5373,5233,-1,
5357,5365,5233,-1,
5349,5357,5233,-1,
5341,5349,5233,-1,
5333,5341,5233,-1,
5325,5333,5233,-1,
5317,5325,5233,-1,
5309,5317,5233,-1,
5301,5309,5233,-1,
5293,5301,5233,-1,
5285,5293,5233,-1,
5277,5285,5233,-1,
5269,5277,5233,-1,
5261,5269,5233,-1,
5253,5261,5233,-1,
5235,5233,5509,-1,
5389,5375,5397,-1,
5235,5375,5203,-1,
5375,4968,5203,-1,
5203,4968,5145,-1,
5145,4968,4905,-1,
4950,4905,4968,-1,
4905,4860,5145,-1,
4860,4825,5145,-1,
4825,4780,5145,-1,
4780,4745,5145,-1,
4745,4698,5145,-1,
4698,4660,5145,-1,
5145,4660,4260,-1,
4625,4260,4660,-1,
4580,4260,4625,-1,
4545,4260,4580,-1,
4500,4260,4545,-1,
4260,4500,4443,-1,
4455,4443,4500,-1,
4260,4443,4208,-1,
4443,4172,4208,-1,
4100,4172,3962,-1,
4208,4172,4100,-1,
8107,8095,8165,-1,
9040,9024,8968,-1,
9008,8968,9024,-1,
8988,8968,9008,-1,
8988,8948,8968,-1,
8948,8928,8968,-1,
8928,8872,8968,-1,
8872,8824,8968,-1,
8824,8788,8968,-1,
8788,8752,8968,-1,
8752,8716,8968,-1,
8716,8688,8968,-1,
8688,8652,8968,-1,
8652,8624,8968,-1,
8624,8596,8968,-1,
8596,8556,8968,-1,
8968,8556,8165,-1,
8528,8165,8556,-1,
8492,8165,8528,-1,
8460,8165,8492,-1,
8416,8165,8460,-1,
8165,8416,8349,-1,
8365,8349,8416,-1,
8165,8349,8107,-1,
8107,8349,7945,-1,
7919,7917,7935,-1,
7939,7921,7937,-1,
7923,7941,7925,-1,
7943,7925,7941,-1,
7925,7943,7927,-1,
7945,7927,7943,-1,
7927,7945,7929,-1,
7929,7945,7658,-1,
7893,7929,7658,-1,
8349,7658,7945,-1,
7893,7658,7843,-1,
7843,7658,7603,-1,
7648,7603,7658,-1,
7603,7558,7843,-1,
7558,7523,7843,-1,
7523,7478,7843,-1,
7478,7443,7843,-1,
7443,7408,7843,-1,
7408,7358,7843,-1,
7843,7358,6958,-1,
7323,6958,7358,-1,
7278,6958,7323,-1,
7243,6958,7278,-1,
7198,6958,7243,-1,
6958,7198,7133,-1,
7153,7133,7198,-1,
6958,7133,6898,-1,
7133,6866,6898,-1,
6866,6868,6592,-1,
6592,6868,6728,-1,
6848,6728,6868,-1,
6840,6728,6848,-1,
6832,6728,6840,-1,
6824,6728,6832,-1,
6816,6728,6824,-1,
6808,6728,6816,-1,
6800,6728,6808,-1,
6792,6728,6800,-1,
6784,6728,6792,-1,
6776,6728,6784,-1,
6768,6728,6776,-1,
6760,6728,6768,-1,
6752,6728,6760,-1,
6898,6866,6726,-1,
6726,6866,6590,-1,
6744,6728,6752,-1,
6712,6726,6590,-1,
6704,6712,6590,-1,
6696,6704,6590,-1,
6688,6696,6590,-1,
6680,6688,6590,-1,
6672,6680,6590,-1,
6664,6672,6590,-1,
6656,6664,6590,-1,
6648,6656,6590,-1,
6640,6648,6590,-1,
6632,6640,6590,-1,
6624,6632,6590,-1,
6616,6624,6590,-1,
6608,6616,6590,-1,
6600,6608,6590,-1,
6592,6590,6866,-1,
6736,6728,6744,-1,
6592,6728,6552,-1,
6728,6317,6552,-1,
6552,6317,6502,-1,
6502,6317,6262,-1,
6307,6262,6317,-1,
6262,6217,6502,-1,
6217,6182,6502,-1,
6182,6137,6502,-1,
6137,6102,6502,-1,
6102,6067,6502,-1,
6067,6017,6502,-1,
6502,6017,5617,-1,
5982,5617,6017,-1,
5937,5617,5982,-1,
5902,5617,5937,-1,
5857,5617,5902,-1,
5617,5857,5790,-1,
5812,5790,5857,-1,
5617,5790,5557,-1,
5790,5525,5557,-1,
5525,5527,5251,-1,
5251,5527,5387,-1,
5507,5387,5527,-1,
5499,5387,5507,-1,
5491,5387,5499,-1,
5483,5387,5491,-1,
5475,5387,5483,-1,
5467,5387,5475,-1,
5459,5387,5467,-1,
5451,5387,5459,-1,
5443,5387,5451,-1,
5435,5387,5443,-1,
5427,5387,5435,-1,
5419,5387,5427,-1,
5411,5387,5419,-1,
5557,5525,5385,-1,
5385,5525,5249,-1,
5403,5387,5411,-1,
5371,5385,5249,-1,
5363,5371,5249,-1,
5355,5363,5249,-1,
5347,5355,5249,-1,
5339,5347,5249,-1,
5331,5339,5249,-1,
5323,5331,5249,-1,
5315,5323,5249,-1,
5307,5315,5249,-1,
5299,5307,5249,-1,
5291,5299,5249,-1,
5283,5291,5249,-1,
5275,5283,5249,-1,
5267,5275,5249,-1,
5259,5267,5249,-1,
5251,5249,5525,-1,
5395,5387,5403,-1,
5251,5387,5211,-1,
5387,4976,5211,-1,
5211,4976,5161,-1,
5161,4976,4921,-1,
4966,4921,4976,-1,
4921,4876,5161,-1,
4876,4841,5161,-1,
4841,4796,5161,-1,
4796,4761,5161,-1,
4761,4726,5161,-1,
4726,4676,5161,-1,
5161,4676,4276,-1,
4641,4276,4676,-1,
4596,4276,4641,-1,
4561,4276,4596,-1,
4516,4276,4561,-1,
4276,4516,4451,-1,
4471,4451,4516,-1,
4276,4451,4216,-1,
4186,4216,4110,-1,
4184,3972,4182,-1,
4162,4166,4108,-1,
4158,4162,4108,-1,
4154,4158,4108,-1,
4150,4154,4108,-1,
4146,4150,4108,-1,
4142,4146,4108,-1,
4138,4142,4108,-1,
4134,4138,4108,-1,
4130,4134,4108,-1,
4126,4130,4108,-1,
4122,4126,4108,-1,
4118,4122,4108,-1,
4114,4118,4108,-1,
3972,4108,4166,-1,
4451,4110,4216,-1,
3974,3972,4184,-1,
3974,4186,3976,-1,
3976,4186,3978,-1,
4110,3978,4186,-1,
4098,3978,4110,-1,
4090,3978,4098,-1,
4082,3978,4090,-1,
4074,3978,4082,-1,
4066,3978,4074,-1,
4058,3978,4066,-1,
4050,3978,4058,-1,
4042,3978,4050,-1,
4034,3978,4042,-1,
4026,3978,4034,-1,
4018,3978,4026,-1,
4010,3978,4018,-1,
4186,3974,4184,-1,
4108,3972,3940,-1,
3972,3752,3940,-1,
3940,3752,3898,-1,
3898,3752,3706,-1,
3742,3706,3752,-1,
3706,3670,3898,-1,
3670,3642,3898,-1,
3642,3606,3898,-1,
3606,3578,3898,-1,
3578,3547,3898,-1,
3547,3510,3898,-1,
3898,3510,3190,-1,
3482,3190,3510,-1,
3446,3190,3482,-1,
3418,3190,3446,-1,
3382,3190,3418,-1,
3190,3382,3332,-1,
3346,3332,3382,-1,
3190,3332,3144,-1,
3110,3144,2940,-1,
3088,3094,2938,-1,
3082,3088,2938,-1,
3074,3082,2938,-1,
3064,3074,2938,-1,
3058,3064,2938,-1,
3048,3058,2938,-1,
3042,3048,2938,-1,
3032,3042,2938,-1,
3021,3032,2938,-1,
3000,3021,2938,-1,
2990,3000,2938,-1,
2981,2990,2938,-1,
2967,2981,2938,-1,
2959,2967,2938,-1,
2802,2938,3108,-1,
3332,2940,3144,-1,
3110,2802,3108,-1,
2802,3110,2804,-1,
3110,2940,2804,-1,
2928,2812,2940,-1,
2915,2812,2928,-1,
2905,2812,2915,-1,
2897,2812,2905,-1,
2884,2812,2897,-1,
2876,2812,2884,-1,
2870,2812,2876,-1,
2861,2812,2870,-1,
2853,2812,2861,-1,
2847,2812,2853,-1,
2839,2812,2847,-1,
2824,2812,2833,-1,
2818,2812,2824,-1,
2833,2812,2839,-1,
2938,2802,2621,-1,
2802,2428,2621,-1,
2621,2428,2581,-1,
2581,2428,2382,-1,
2418,2382,2428,-1,
2382,2344,2581,-1,
2344,2316,2581,-1,
2316,2280,2581,-1,
2280,2252,2581,-1,
2252,2221,2581,-1,
2221,2184,2581,-1,
2581,2184,1852,-1,
2156,1852,2184,-1,
2120,1852,2156,-1,
2092,1852,2120,-1,
2054,1852,2092,-1,
1852,2054,2004,-1,
2018,2004,2054,-1,
1852,2004,1808,-1,
1782,1808,1784,-1,
2004,1784,1808,-1,
5243,5245,5207,-1,
5245,4972,5207,-1,
5207,4972,5153,-1,
5153,4972,4913,-1,
4958,4913,4972,-1,
4913,4868,5153,-1,
4868,4833,5153,-1,
4833,4788,5153,-1,
4788,4753,5153,-1,
4753,4712,5153,-1,
4712,4668,5153,-1,
5153,4668,4268,-1,
4633,4268,4668,-1,
4588,4268,4633,-1,
4553,4268,4588,-1,
4508,4268,4553,-1,
4268,4508,4447,-1,
4463,4447,4508,-1,
4268,4447,4212,-1,
4178,4212,4106,-1,
4164,4168,4104,-1,
4160,4164,4104,-1,
4156,4160,4104,-1,
4152,4156,4104,-1,
4148,4152,4104,-1,
4144,4148,4104,-1,
4140,4144,4104,-1,
4136,4140,4104,-1,
4132,4136,4104,-1,
4128,4132,4104,-1,
4124,4128,4104,-1,
4120,4124,4104,-1,
4116,4120,4104,-1,
4112,4116,4104,-1,
3968,4104,4176,-1,
4447,4106,4212,-1,
4178,3968,4176,-1,
3968,4178,3970,-1,
4106,3970,4178,-1,
4096,3970,4106,-1,
4088,3970,4096,-1,
4080,3970,4088,-1,
4072,3970,4080,-1,
4064,3970,4072,-1,
4056,3970,4064,-1,
4048,3970,4056,-1,
4040,3970,4048,-1,
4032,3970,4040,-1,
4016,3970,4024,-1,
4008,3970,4016,-1,
4000,3970,4008,-1,
3992,3970,4000,-1,
4024,3970,4032,-1,
4104,3968,3938,-1,
3968,3750,3938,-1,
3938,3750,3894,-1,
3894,3750,3702,-1,
3738,3702,3750,-1,
3702,3666,3894,-1,
3666,3638,3894,-1,
3638,3602,3894,-1,
3602,3574,3894,-1,
3574,3540,3894,-1,
3540,3506,3894,-1,
3894,3506,3186,-1,
3478,3186,3506,-1,
3442,3186,3478,-1,
3414,3186,3442,-1,
3378,3186,3414,-1,
3186,3378,3330,-1,
3342,3330,3378,-1,
3186,3330,3142,-1,
3106,3142,2936,-1,
3104,2909,3102,-1,
3080,3086,2934,-1,
3072,3080,2934,-1,
3062,3072,2934,-1,
3056,3062,2934,-1,
3046,3056,2934,-1,
3040,3046,2934,-1,
3030,3040,2934,-1,
3019,3030,2934,-1,
2998,3019,2934,-1,
2988,2998,2934,-1,
2979,2988,2934,-1,
2965,2979,2934,-1,
2957,2965,2934,-1,
2909,2934,3086,-1,
3330,2936,3142,-1,
2909,3104,2874,-1,
3106,2936,2874,-1,
2926,2903,2936,-1,
3104,3106,2874,-1,
2913,2903,2926,-1,
5555,5543,5613,-1,
5553,5539,5609,-1,
5557,5547,5617,-1,
5551,5535,5605,-1,
5549,5531,5601,-1,
6550,6498,6568,-1,
7891,7839,7909,-1,
4212,4198,4268,-1,
4214,4202,4272,-1,
4216,4206,4276,-1,
4208,4190,4260,-1,
4210,4194,4264,-1,
3974,3976,3942,-1,
3976,3754,3942,-1,
3942,3754,3902,-1,
3902,3754,3710,-1,
3746,3710,3754,-1,
3710,3674,3902,-1,
3674,3646,3902,-1,
3646,3610,3902,-1,
3610,3582,3902,-1,
3582,3554,3902,-1,
3554,3514,3902,-1,
3902,3514,3194,-1,
3486,3194,3514,-1,
3450,3194,3486,-1,
3422,3194,3450,-1,
3386,3194,3422,-1,
3194,3386,3334,-1,
3350,3334,3386,-1,
3194,3334,3146,-1,
3114,3146,2944,-1,
3090,3096,2942,-1,
3084,3090,2942,-1,
3076,3084,2942,-1,
3066,3076,2942,-1,
3060,3066,2942,-1,
3050,3060,2942,-1,
3044,3050,2942,-1,
3034,3044,2942,-1,
3023,3034,2942,-1,
3002,3023,2942,-1,
2992,3002,2942,-1,
2983,2992,2942,-1,
2969,2983,2942,-1,
2961,2969,2942,-1,
2806,2942,3112,-1,
3334,2944,3146,-1,
3114,2806,3112,-1,
2806,3114,2808,-1,
3114,2944,2808,-1,
2930,2814,2944,-1,
2917,2814,2930,-1,
2907,2814,2917,-1,
2899,2814,2907,-1,
2886,2814,2899,-1,
2878,2814,2886,-1,
2872,2814,2878,-1,
2863,2814,2872,-1,
2855,2814,2863,-1,
2849,2814,2855,-1,
2841,2814,2849,-1,
2826,2814,2835,-1,
2820,2814,2826,-1,
2835,2814,2841,-1,
2942,2806,2623,-1,
2806,2430,2623,-1,
2623,2430,2585,-1,
2585,2430,2386,-1,
2422,2386,2430,-1,
2386,2348,2585,-1,
2348,2320,2585,-1,
2320,2284,2585,-1,
2284,2256,2585,-1,
2256,2228,2585,-1,
2228,2188,2585,-1,
2585,2188,1856,-1,
2160,1856,2188,-1,
2124,1856,2160,-1,
2096,1856,2124,-1,
2058,1856,2096,-1,
1856,2058,2006,-1,
2022,2006,2058,-1,
1856,2006,1810,-1,
1810,2006,1786,-1,
1760,1778,1762,-1,
1780,1762,1778,-1,
1762,1780,1764,-1,
1764,1780,1766,-1,
1766,1780,1768,-1,
1768,1780,1770,-1,
1770,1780,1572,-1,
1782,1572,1780,-1,
1784,1574,1782,-1,
1596,1770,1572,-1,
1582,1584,1580,-1,
1564,1580,1584,-1,
1566,1564,1584,-1,
1752,1736,1778,-1,
1586,1570,1736,-1,
1594,1572,1592,-1,
1596,1572,1594,-1,
1574,1572,1782,-1,
1576,1574,1784,-1,
1786,1576,1784,-1,
1576,1786,1578,-1,
1786,2006,1578,-1,
1466,1578,1280,-1,
2006,1280,1578,-1,
1466,1280,1418,-1,
1418,1280,1240,-1,
1274,1240,1280,-1,
1240,1206,1418,-1,
1206,1176,1418,-1,
1176,1139,1418,-1,
1139,1109,1418,-1,
1109,1056,1418,-1,
1056,1000,1418,-1,
1418,1000,641,-1,
957,641,1000,-1,
904,641,957,-1,
870,641,904,-1,
834,641,870,-1,
800,641,834,-1,
770,641,800,-1,
727,641,770,-1,
678,641,727,-1,
661,641,678,-1,
661,624,641,-1,
624,609,641,-1,
609,590,641,-1,
578,641,590,-1,
3962,3964,3936,-1,
3964,3748,3936,-1,
3936,3748,3890,-1,
3890,3748,3698,-1,
3734,3698,3748,-1,
3698,3662,3890,-1,
3662,3634,3890,-1,
3634,3598,3890,-1,
3598,3570,3890,-1,
3570,3533,3890,-1,
3533,3502,3890,-1,
3890,3502,3182,-1,
3474,3182,3502,-1,
3438,3182,3474,-1,
3410,3182,3438,-1,
3374,3182,3410,-1,
3182,3374,3328,-1,
3338,3328,3374,-1,
3182,3328,3140,-1,
3102,3140,3104,-1,
3328,3104,3140,-1,
3984,3970,3992,-1,
4002,3978,4010,-1,
3994,3978,4002,-1,
3986,3978,3994,-1,
3092,3100,3086,-1,
3086,3100,2909,-1,
3102,2909,3100,-1,
5205,5149,5219,-1,
6546,6490,6560,-1,
7887,7831,7901,-1,
5211,5161,5231,-1,
6552,6502,6572,-1,
7893,7843,7913,-1,
4170,4180,4166,-1,
4166,4180,3972,-1,
4182,3972,4180,-1,
1939,1877,1963,-1,
2379,2331,2341,-1,
2578,2546,2630,-1,
2163,2153,2181,-1,
2630,2546,2600,-1,
2630,2600,2614,-1,
1997,1963,1969,-1,
1883,1797,1829,-1,
1829,1815,1841,-1,
2463,2433,2457,-1,
2041,1997,2015,-1,
2558,2542,2564,-1,
2542,2487,2564,-1,
2614,2570,2606,-1,
1963,1877,1925,-1,
2191,2163,2181,-1,
1829,1797,1815,-1,
1849,1797,1883,-1,
1883,2546,1849,-1,
2578,1849,2546,-1,
2069,2015,2051,-1,
2041,2015,2069,-1,
2415,2359,2379,-1,
1997,1969,2015,-1,
1841,1815,1859,-1,
2487,2463,2552,-1,
1859,1835,1871,-1,
1963,1925,1969,-1,
1859,1815,1823,-1,
1871,1835,1865,-1,
1859,1823,1835,-1,
2463,2457,2501,-1,
1939,1865,1877,-1,
2389,2359,2415,-1,
2191,2181,2217,-1,
2217,2181,2218,-1,
2552,2463,2501,-1,
2249,2217,2218,-1,
2433,2415,2457,-1,
2359,2331,2379,-1,
1871,1865,1887,-1,
2135,2099,2117,-1,
1887,1865,1939,-1,
2163,2117,2153,-1,
2135,2117,2163,-1,
2267,2239,2249,-1,
2313,2267,2277,-1,
2239,2217,2249,-1,
2433,2389,2415,-1,
2564,2487,2552,-1,
2331,2295,2313,-1,
2331,2313,2341,-1,
2594,2558,2564,-1,
2295,2267,2313,-1,
2267,2249,2277,-1,
2099,2089,2117,-1,
2600,2588,2614,-1,
2099,2051,2089,-1,
2069,2051,2099,-1,
2570,2588,2546,-1,
2558,2570,2546,-1,
2600,2546,2588,-1,
2558,2546,2542,-1,
2542,2546,2487,-1,
2487,2546,2463,-1,
2463,2546,2433,-1,
2433,2546,2389,-1,
2389,2546,2359,-1,
2359,2546,2331,-1,
2331,2546,2295,-1,
2295,2546,2267,-1,
2267,2546,2239,-1,
2239,2546,2217,-1,
2217,2546,2191,-1,
2163,2191,1883,-1,
2135,2163,1883,-1,
2099,2135,1883,-1,
2069,2099,1883,-1,
2041,2069,1883,-1,
1997,2041,1883,-1,
1963,1997,1883,-1,
1939,1963,1883,-1,
1887,1939,1883,-1,
2546,1883,2191,-1,
1887,1883,1871,-1,
1871,1883,1859,-1,
1859,1883,1841,-1,
1829,1841,1883,-1,
2606,2570,2594,-1,
2570,2558,2594,-1,
2588,2570,2614,-1,
1926,1925,1878,-1,
1877,1878,1925,-1,
2630,2631,2578,-1,
2579,2578,2631,-1,
1798,1797,1850,-1,
1849,1850,1797,-1,
2153,2117,2154,-1,
2118,2154,2117,-1,
1969,1925,1970,-1,
1926,1970,1925,-1,
1816,1815,1798,-1,
1797,1798,1815,-1,
1866,1865,1836,-1,
1835,1836,1865,-1,
1850,1849,1917,-1,
2578,1917,1849,-1,
1917,2578,2508,-1,
2579,2508,2578,-1,
2051,2015,2052,-1,
2016,2052,2015,-1,
2552,2553,2564,-1,
2565,2564,2553,-1,
2218,2181,2219,-1,
2182,2219,2181,-1,
1824,1823,1816,-1,
1815,1816,1823,-1,
1836,1835,1824,-1,
1823,1824,1835,-1,
2089,2051,2090,-1,
2052,2090,2051,-1,
2249,2218,2250,-1,
2219,2250,2218,-1,
2277,2249,2278,-1,
2250,2278,2249,-1,
2501,2502,2552,-1,
2553,2552,2502,-1,
1878,1877,1866,-1,
1865,1866,1877,-1,
2415,2379,2416,-1,
2380,2416,2379,-1,
2181,2153,2182,-1,
2154,2182,2153,-1,
2457,2415,2458,-1,
2416,2458,2415,-1,
2015,1969,2016,-1,
1970,2016,1969,-1,
2341,2313,2342,-1,
2314,2342,2313,-1,
2313,2277,2314,-1,
2278,2314,2277,-1,
2379,2341,2380,-1,
2342,2380,2341,-1,
2117,2089,2118,-1,
2090,2118,2089,-1,
2564,2565,2594,-1,
2595,2594,2565,-1,
2501,2457,2502,-1,
2458,2502,2457,-1,
2594,2595,2606,-1,
2607,2606,2595,-1,
2614,2615,2630,-1,
2631,2630,2615,-1,
2606,2607,2614,-1,
2615,2614,2607,-1,
6424,6426,5661,-1,
5661,6426,6404,-1,
6414,6404,6426,-1,
5689,5661,6404,-1,
5659,6424,5661,-1,
5679,5661,5689,-1,
6554,6534,6484,-1,
6524,6368,6534,-1,
6368,6484,6534,-1,
6368,6524,6358,-1,
6509,6358,6524,-1,
6403,6484,6383,-1,
6383,6484,6368,-1,
6358,6509,6333,-1,
6469,6333,6509,-1,
6333,6469,6323,-1,
6454,6323,6469,-1,
6323,6454,6278,-1,
6394,6278,6454,-1,
6278,6394,6268,-1,
6344,6268,6394,-1,
6268,6344,6233,-1,
6289,6233,6344,-1,
6233,6289,6218,-1,
6244,6218,6289,-1,
6218,6244,6183,-1,
6199,6183,6244,-1,
6183,6199,6153,-1,
6164,6153,6199,-1,
6153,6164,6138,-1,
6164,6119,6138,-1,
6138,6119,6103,-1,
6119,6084,6103,-1,
6103,6084,6068,-1,
6068,6084,6033,-1,
6084,6037,6033,-1,
6033,6037,6023,-1,
6037,5999,6023,-1,
6023,5999,5988,-1,
5999,5964,5988,-1,
5988,5964,5953,-1,
5938,5953,5919,-1,
5964,5919,5953,-1,
5908,5938,5884,-1,
5919,5884,5938,-1,
5873,5908,5839,-1,
5858,5873,5794,-1,
5884,5839,5908,-1,
5823,5858,5749,-1,
5813,5823,5699,-1,
5839,5794,5873,-1,
5768,5813,5639,-1,
5758,5768,5624,-1,
5794,5749,5858,-1,
5733,5758,5584,-1,
5723,5733,5569,-1,
5708,5723,5599,-1,
5749,5699,5823,-1,
5688,5708,5599,-1,
5699,5639,5813,-1,
5639,5624,5768,-1,
5559,5599,5723,-1,
5624,5584,5758,-1,
5584,5569,5733,-1,
5569,5559,5723,-1,
5529,5599,5559,-1,
6413,6425,6403,-1,
5660,6403,6425,-1,
5688,6403,5660,-1,
5678,5688,5660,-1,
6423,5660,6425,-1,
5658,5660,6423,-1,
6425,6426,6423,-1,
6424,6423,6426,-1,
6413,6414,6425,-1,
6426,6425,6414,-1,
6383,6384,6403,-1,
6384,6404,6403,-1,
6403,6404,6413,-1,
6414,6413,6404,-1,
6368,6369,6383,-1,
6384,6383,6369,-1,
6358,6359,6368,-1,
6369,6368,6359,-1,
6333,6334,6358,-1,
6359,6358,6334,-1,
6323,6324,6333,-1,
6334,6333,6324,-1,
6278,6279,6323,-1,
6324,6323,6279,-1,
6268,6269,6278,-1,
6279,6278,6269,-1,
6268,6233,6269,-1,
6234,6269,6233,-1,
6233,6218,6234,-1,
6219,6234,6218,-1,
6218,6183,6219,-1,
6184,6219,6183,-1,
6183,6153,6184,-1,
6154,6184,6153,-1,
6153,6138,6154,-1,
6139,6154,6138,-1,
6138,6103,6139,-1,
6104,6139,6103,-1,
6103,6068,6104,-1,
6069,6104,6068,-1,
6068,6033,6069,-1,
6034,6069,6033,-1,
6033,6023,6034,-1,
6024,6034,6023,-1,
6023,5988,6024,-1,
5989,6024,5988,-1,
5988,5953,5989,-1,
5954,5989,5953,-1,
5953,5938,5954,-1,
5939,5954,5938,-1,
5938,5908,5939,-1,
5909,5939,5908,-1,
5908,5873,5909,-1,
5874,5909,5873,-1,
5873,5858,5874,-1,
5859,5874,5858,-1,
5858,5823,5859,-1,
5824,5859,5823,-1,
5824,5823,5814,-1,
5813,5814,5823,-1,
5814,5813,5769,-1,
5768,5769,5813,-1,
5769,5768,5759,-1,
5758,5759,5768,-1,
5759,5758,5734,-1,
5733,5734,5758,-1,
5734,5733,5724,-1,
5723,5724,5733,-1,
5724,5723,5709,-1,
5708,5709,5723,-1,
5709,5708,5689,-1,
5708,5688,5689,-1,
5689,5688,5679,-1,
5678,5679,5688,-1,
5679,5678,5661,-1,
5660,5661,5678,-1,
5661,5660,5659,-1,
5658,5659,5660,-1,
5658,6423,5659,-1,
6424,5659,6423,-1,
6555,6556,6485,-1,
6486,6485,6556,-1,
5531,5530,5601,-1,
5600,5601,5530,-1,
5965,5920,5966,-1,
5921,5966,5920,-1,
5549,5548,5531,-1,
5530,5531,5548,-1,
5600,5689,5601,-1,
6404,5601,5689,-1,
5601,6404,6486,-1,
6485,6486,6404,-1,
5840,5795,5841,-1,
5796,5841,5795,-1,
6038,6000,6039,-1,
6001,6039,6000,-1,
5885,5840,5886,-1,
5841,5886,5840,-1,
6085,6038,6086,-1,
6039,6086,6038,-1,
6120,6085,6121,-1,
6086,6121,6085,-1,
6290,6245,6291,-1,
6246,6291,6245,-1,
6000,5965,6001,-1,
5966,6001,5965,-1,
6308,6290,6309,-1,
6291,6309,6290,-1,
5795,5791,5796,-1,
5792,5796,5791,-1,
6200,6165,6201,-1,
6166,6201,6165,-1,
6165,6120,6166,-1,
6121,6166,6120,-1,
6245,6200,6246,-1,
6201,6246,6200,-1,
5920,5885,5921,-1,
5886,5921,5885,-1,
6543,6544,6555,-1,
6556,6555,6544,-1,
5718,5638,5743,-1,
6243,6193,6198,-1,
6483,6448,6553,-1,
5983,5963,5998,-1,
6553,6448,6518,-1,
6553,6518,6533,-1,
5778,5743,5748,-1,
5648,5528,5578,-1,
5578,5558,5593,-1,
6353,6318,6343,-1,
5833,5778,5793,-1,
6463,6443,6468,-1,
6443,6378,6468,-1,
6533,6478,6523,-1,
5743,5638,5698,-1,
6018,5983,5998,-1,
5578,5528,5558,-1,
5598,5528,5648,-1,
5648,6448,5598,-1,
6483,5598,6448,-1,
5868,5793,5838,-1,
5833,5793,5868,-1,
6288,6228,6243,-1,
5778,5748,5793,-1,
5593,5558,5618,-1,
6378,6353,6453,-1,
5618,5583,5633,-1,
5743,5698,5748,-1,
5618,5558,5568,-1,
5633,5583,5623,-1,
5618,5568,5583,-1,
6353,6343,6393,-1,
5718,5623,5638,-1,
6263,6228,6288,-1,
6018,5998,6035,-1,
6035,5998,6036,-1,
6453,6353,6393,-1,
6083,6035,6036,-1,
6318,6288,6343,-1,
6228,6193,6243,-1,
5633,5623,5653,-1,
5948,5903,5918,-1,
5653,5623,5718,-1,
5983,5918,5963,-1,
5948,5918,5983,-1,
6113,6078,6083,-1,
6163,6113,6118,-1,
6078,6035,6083,-1,
6318,6263,6288,-1,
6468,6378,6453,-1,
6193,6148,6163,-1,
6193,6163,6198,-1,
6508,6463,6468,-1,
6148,6113,6163,-1,
6113,6083,6118,-1,
5903,5883,5918,-1,
6518,6503,6533,-1,
5903,5838,5883,-1,
5868,5838,5903,-1,
6478,6503,6448,-1,
6463,6478,6448,-1,
6518,6448,6503,-1,
6463,6448,6443,-1,
6443,6448,6378,-1,
6378,6448,6353,-1,
6353,6448,6318,-1,
6318,6448,6263,-1,
6263,6448,6228,-1,
6228,6448,6193,-1,
6193,6448,6148,-1,
6148,6448,6113,-1,
6113,6448,6078,-1,
6078,6448,6035,-1,
6035,6448,6018,-1,
5983,6018,5648,-1,
5948,5983,5648,-1,
5903,5948,5648,-1,
5868,5903,5648,-1,
5833,5868,5648,-1,
5778,5833,5648,-1,
5743,5778,5648,-1,
5718,5743,5648,-1,
5653,5718,5648,-1,
6448,5648,6018,-1,
5653,5648,5633,-1,
5633,5648,5618,-1,
5618,5648,5593,-1,
5578,5593,5648,-1,
6523,6478,6508,-1,
6478,6463,6508,-1,
6503,6478,6533,-1,
5699,5698,5639,-1,
5638,5639,5698,-1,
6553,6554,6483,-1,
6484,6483,6554,-1,
5529,5528,5599,-1,
5598,5599,5528,-1,
5963,5918,5964,-1,
5919,5964,5918,-1,
5748,5698,5749,-1,
5699,5749,5698,-1,
5559,5558,5529,-1,
5528,5529,5558,-1,
5624,5623,5584,-1,
5583,5584,5623,-1,
5599,5598,5688,-1,
6483,5688,5598,-1,
5688,6483,6403,-1,
6484,6403,6483,-1,
5838,5793,5839,-1,
5794,5839,5793,-1,
6453,6454,6468,-1,
6469,6468,6454,-1,
6036,5998,6037,-1,
5999,6037,5998,-1,
5569,5568,5559,-1,
5558,5559,5568,-1,
5584,5583,5569,-1,
5568,5569,5583,-1,
5883,5838,5884,-1,
5839,5884,5838,-1,
6083,6036,6084,-1,
6037,6084,6036,-1,
6118,6083,6119,-1,
6084,6119,6083,-1,
6393,6394,6453,-1,
6454,6453,6394,-1,
5639,5638,5624,-1,
5623,5624,5638,-1,
6288,6243,6289,-1,
6244,6289,6243,-1,
5998,5963,5999,-1,
5964,5999,5963,-1,
6343,6288,6344,-1,
6289,6344,6288,-1,
5793,5748,5794,-1,
5749,5794,5748,-1,
6198,6163,6199,-1,
6164,6199,6163,-1,
6163,6118,6164,-1,
6119,6164,6118,-1,
6243,6198,6244,-1,
6199,6244,6198,-1,
5918,5883,5919,-1,
5884,5919,5883,-1,
6468,6469,6508,-1,
6509,6508,6469,-1,
6393,6343,6394,-1,
6344,6394,6343,-1,
6508,6509,6523,-1,
6524,6523,6509,-1,
6533,6534,6553,-1,
6554,6553,6534,-1,
6523,6524,6533,-1,
6534,6533,6524,-1,
6436,6438,5673,-1,
5673,6438,6410,-1,
6420,6410,6438,-1,
5695,5673,6410,-1,
5671,6436,5673,-1,
5685,5673,5695,-1,
6566,6540,6496,-1,
6530,6374,6540,-1,
6374,6496,6540,-1,
6374,6530,6364,-1,
6515,6364,6530,-1,
6409,6496,6389,-1,
6389,6496,6374,-1,
6364,6515,6339,-1,
6475,6339,6515,-1,
6339,6475,6329,-1,
6460,6329,6475,-1,
6329,6460,6284,-1,
6400,6284,6460,-1,
6284,6400,6274,-1,
6350,6274,6400,-1,
6274,6350,6239,-1,
6301,6239,6350,-1,
6239,6301,6224,-1,
6256,6224,6301,-1,
6224,6256,6189,-1,
6211,6189,6256,-1,
6189,6211,6159,-1,
6176,6159,6211,-1,
6159,6176,6144,-1,
6176,6131,6144,-1,
6144,6131,6109,-1,
6131,6096,6109,-1,
6109,6096,6074,-1,
6074,6096,6054,-1,
6096,6058,6054,-1,
6054,6058,6029,-1,
6058,6011,6029,-1,
6029,6011,5994,-1,
6011,5976,5994,-1,
5994,5976,5959,-1,
5944,5959,5931,-1,
5976,5931,5959,-1,
5914,5944,5896,-1,
5931,5896,5944,-1,
5879,5914,5851,-1,
5864,5879,5806,-1,
5896,5851,5914,-1,
5829,5864,5755,-1,
5819,5829,5705,-1,
5851,5806,5879,-1,
5774,5819,5645,-1,
5764,5774,5630,-1,
5806,5755,5864,-1,
5739,5764,5590,-1,
5729,5739,5575,-1,
5714,5729,5611,-1,
5755,5705,5829,-1,
5694,5714,5611,-1,
5705,5645,5819,-1,
5645,5630,5774,-1,
5565,5611,5729,-1,
5630,5590,5764,-1,
5590,5575,5739,-1,
5575,5565,5729,-1,
5541,5611,5565,-1,
6419,6437,6409,-1,
5672,6409,6437,-1,
5694,6409,5672,-1,
5684,5694,5672,-1,
6435,5672,6437,-1,
5670,5672,6435,-1,
6437,6438,6435,-1,
6436,6435,6438,-1,
6419,6420,6437,-1,
6438,6437,6420,-1,
6389,6390,6409,-1,
6390,6410,6409,-1,
6409,6410,6419,-1,
6420,6419,6410,-1,
6374,6375,6389,-1,
6390,6389,6375,-1,
6364,6365,6374,-1,
6375,6374,6365,-1,
6339,6340,6364,-1,
6365,6364,6340,-1,
6329,6330,6339,-1,
6340,6339,6330,-1,
6284,6285,6329,-1,
6330,6329,6285,-1,
6274,6275,6284,-1,
6285,6284,6275,-1,
6274,6239,6275,-1,
6240,6275,6239,-1,
6239,6224,6240,-1,
6225,6240,6224,-1,
6224,6189,6225,-1,
6190,6225,6189,-1,
6189,6159,6190,-1,
6160,6190,6159,-1,
6159,6144,6160,-1,
6145,6160,6144,-1,
6144,6109,6145,-1,
6110,6145,6109,-1,
6109,6074,6110,-1,
6075,6110,6074,-1,
6074,6054,6075,-1,
6055,6075,6054,-1,
6054,6029,6055,-1,
6030,6055,6029,-1,
6029,5994,6030,-1,
5995,6030,5994,-1,
5994,5959,5995,-1,
5960,5995,5959,-1,
5959,5944,5960,-1,
5945,5960,5944,-1,
5944,5914,5945,-1,
5915,5945,5914,-1,
5914,5879,5915,-1,
5880,5915,5879,-1,
5879,5864,5880,-1,
5865,5880,5864,-1,
5864,5829,5865,-1,
5830,5865,5829,-1,
5830,5829,5820,-1,
5819,5820,5829,-1,
5820,5819,5775,-1,
5774,5775,5819,-1,
5775,5774,5765,-1,
5764,5765,5774,-1,
5765,5764,5740,-1,
5739,5740,5764,-1,
5740,5739,5730,-1,
5729,5730,5739,-1,
5730,5729,5715,-1,
5714,5715,5729,-1,
5715,5714,5695,-1,
5714,5694,5695,-1,
5695,5694,5685,-1,
5684,5685,5694,-1,
5685,5684,5673,-1,
5672,5673,5684,-1,
5673,5672,5671,-1,
5670,5671,5672,-1,
5670,6435,5671,-1,
6436,5671,6435,-1,
6567,6568,6497,-1,
6498,6497,6568,-1,
5543,5542,5613,-1,
5612,5613,5542,-1,
5977,5932,5978,-1,
5933,5978,5932,-1,
5555,5554,5543,-1,
5542,5543,5554,-1,
5612,5695,5613,-1,
6410,5613,5695,-1,
5613,6410,6498,-1,
6497,6498,6410,-1,
5852,5807,5853,-1,
5808,5853,5807,-1,
6059,6012,6060,-1,
6013,6060,6012,-1,
5897,5852,5898,-1,
5853,5898,5852,-1,
6097,6059,6098,-1,
6060,6098,6059,-1,
6132,6097,6133,-1,
6098,6133,6097,-1,
6302,6257,6303,-1,
6258,6303,6257,-1,
6012,5977,6013,-1,
5978,6013,5977,-1,
6314,6302,6315,-1,
6303,6315,6302,-1,
5807,5787,5808,-1,
5788,5808,5787,-1,
6212,6177,6213,-1,
6178,6213,6177,-1,
6177,6132,6178,-1,
6133,6178,6132,-1,
6257,6212,6258,-1,
6213,6258,6212,-1,
5932,5897,5933,-1,
5898,5933,5897,-1,
6549,6550,6567,-1,
6568,6567,6550,-1,
5721,5644,5746,-1,
6255,6196,6210,-1,
6495,6451,6565,-1,
5986,5975,6010,-1,
6565,6451,6521,-1,
6565,6521,6539,-1,
5781,5746,5754,-1,
5651,5540,5581,-1,
5581,5564,5596,-1,
6356,6321,6349,-1,
5836,5781,5805,-1,
6466,6446,6474,-1,
6446,6381,6474,-1,
6539,6481,6529,-1,
5746,5644,5704,-1,
6021,5986,6010,-1,
5581,5540,5564,-1,
5610,5540,5651,-1,
5651,6451,5610,-1,
6495,5610,6451,-1,
5871,5805,5850,-1,
5836,5805,5871,-1,
6300,6231,6255,-1,
5781,5754,5805,-1,
5596,5564,5621,-1,
6381,6356,6459,-1,
5621,5589,5636,-1,
5746,5704,5754,-1,
5621,5564,5574,-1,
5636,5589,5629,-1,
5621,5574,5589,-1,
6356,6349,6399,-1,
5721,5629,5644,-1,
6266,6231,6300,-1,
6021,6010,6056,-1,
6056,6010,6057,-1,
6459,6356,6399,-1,
6095,6056,6057,-1,
6321,6300,6349,-1,
6231,6196,6255,-1,
5636,5629,5656,-1,
5951,5906,5930,-1,
5656,5629,5721,-1,
5986,5930,5975,-1,
5951,5930,5986,-1,
6116,6081,6095,-1,
6175,6116,6130,-1,
6081,6056,6095,-1,
6321,6266,6300,-1,
6474,6381,6459,-1,
6196,6151,6175,-1,
6196,6175,6210,-1,
6514,6466,6474,-1,
6151,6116,6175,-1,
6116,6095,6130,-1,
5906,5895,5930,-1,
6521,6506,6539,-1,
5906,5850,5895,-1,
5871,5850,5906,-1,
6481,6506,6451,-1,
6466,6481,6451,-1,
6521,6451,6506,-1,
6466,6451,6446,-1,
6446,6451,6381,-1,
6381,6451,6356,-1,
6356,6451,6321,-1,
6321,6451,6266,-1,
6266,6451,6231,-1,
6231,6451,6196,-1,
6196,6451,6151,-1,
6151,6451,6116,-1,
6116,6451,6081,-1,
6081,6451,6056,-1,
6056,6451,6021,-1,
5986,6021,5651,-1,
5951,5986,5651,-1,
5906,5951,5651,-1,
5871,5906,5651,-1,
5836,5871,5651,-1,
5781,5836,5651,-1,
5746,5781,5651,-1,
5721,5746,5651,-1,
5656,5721,5651,-1,
6451,5651,6021,-1,
5656,5651,5636,-1,
5636,5651,5621,-1,
5621,5651,5596,-1,
5581,5596,5651,-1,
6529,6481,6514,-1,
6481,6466,6514,-1,
6506,6481,6539,-1,
5705,5704,5645,-1,
5644,5645,5704,-1,
6565,6566,6495,-1,
6496,6495,6566,-1,
5541,5540,5611,-1,
5610,5611,5540,-1,
5975,5930,5976,-1,
5931,5976,5930,-1,
5754,5704,5755,-1,
5705,5755,5704,-1,
5565,5564,5541,-1,
5540,5541,5564,-1,
5630,5629,5590,-1,
5589,5590,5629,-1,
5611,5610,5694,-1,
6495,5694,5610,-1,
5694,6495,6409,-1,
6496,6409,6495,-1,
5850,5805,5851,-1,
5806,5851,5805,-1,
6459,6460,6474,-1,
6475,6474,6460,-1,
6057,6010,6058,-1,
6011,6058,6010,-1,
5575,5574,5565,-1,
5564,5565,5574,-1,
5590,5589,5575,-1,
5574,5575,5589,-1,
5895,5850,5896,-1,
5851,5896,5850,-1,
6095,6057,6096,-1,
6058,6096,6057,-1,
6130,6095,6131,-1,
6096,6131,6095,-1,
6399,6400,6459,-1,
6460,6459,6400,-1,
5645,5644,5630,-1,
5629,5630,5644,-1,
6300,6255,6301,-1,
6256,6301,6255,-1,
6010,5975,6011,-1,
5976,6011,5975,-1,
6349,6300,6350,-1,
6301,6350,6300,-1,
5805,5754,5806,-1,
5755,5806,5754,-1,
6210,6175,6211,-1,
6176,6211,6175,-1,
6175,6130,6176,-1,
6131,6176,6130,-1,
6255,6210,6256,-1,
6211,6256,6210,-1,
5930,5895,5931,-1,
5896,5931,5895,-1,
6474,6475,6514,-1,
6515,6514,6475,-1,
6399,6349,6400,-1,
6350,6400,6349,-1,
6514,6515,6529,-1,
6530,6529,6515,-1,
6539,6540,6565,-1,
6566,6565,6540,-1,
6529,6530,6539,-1,
6540,6539,6530,-1,
1369,1371,703,-1,
703,1371,1353,-1,
1359,1353,1371,-1,
715,703,1353,-1,
701,1369,703,-1,
709,703,715,-1,
1478,1457,1416,-1,
1449,1324,1457,-1,
1324,1416,1457,-1,
1324,1449,1318,-1,
1430,1318,1449,-1,
1352,1416,1338,-1,
1338,1416,1324,-1,
1318,1430,1301,-1,
1399,1301,1430,-1,
1301,1399,1290,-1,
1383,1290,1399,-1,
1290,1383,1261,-1,
1347,1261,1383,-1,
1261,1347,1254,-1,
1308,1254,1347,-1,
1254,1308,1227,-1,
1272,1227,1308,-1,
1227,1272,1211,-1,
1238,1211,1272,-1,
1211,1238,1187,-1,
1204,1187,1238,-1,
1187,1204,1162,-1,
1174,1162,1204,-1,
1162,1174,1145,-1,
1174,1137,1145,-1,
1145,1137,1117,-1,
1137,1107,1117,-1,
1117,1107,1088,-1,
1088,1107,1050,-1,
1107,1054,1050,-1,
1050,1054,1016,-1,
1054,998,1016,-1,
1016,998,978,-1,
998,955,978,-1,
978,955,938,-1,
912,938,902,-1,
955,902,938,-1,
887,912,868,-1,
902,868,912,-1,
857,887,832,-1,
845,857,798,-1,
868,832,887,-1,
818,845,768,-1,
809,818,725,-1,
832,798,857,-1,
781,809,676,-1,
775,781,659,-1,
798,768,845,-1,
748,775,622,-1,
741,748,607,-1,
732,741,639,-1,
768,725,818,-1,
714,732,639,-1,
725,676,809,-1,
676,659,781,-1,
588,639,741,-1,
659,622,775,-1,
622,607,748,-1,
607,588,741,-1,
576,639,588,-1,
1358,1370,1352,-1,
702,1352,1370,-1,
714,1352,702,-1,
708,714,702,-1,
1368,702,1370,-1,
700,702,1368,-1,
1370,1371,1368,-1,
1369,1368,1371,-1,
1358,1359,1370,-1,
1371,1370,1359,-1,
1338,1339,1352,-1,
1339,1353,1352,-1,
1352,1353,1358,-1,
1359,1358,1353,-1,
1324,1325,1338,-1,
1339,1338,1325,-1,
1318,1319,1324,-1,
1325,1324,1319,-1,
1301,1302,1318,-1,
1319,1318,1302,-1,
1290,1291,1301,-1,
1302,1301,1291,-1,
1261,1262,1290,-1,
1291,1290,1262,-1,
1254,1255,1261,-1,
1262,1261,1255,-1,
1254,1227,1255,-1,
1228,1255,1227,-1,
1227,1211,1228,-1,
1212,1228,1211,-1,
1211,1187,1212,-1,
1188,1212,1187,-1,
1187,1162,1188,-1,
1163,1188,1162,-1,
1162,1145,1163,-1,
1146,1163,1145,-1,
1145,1117,1146,-1,
1118,1146,1117,-1,
1117,1088,1118,-1,
1089,1118,1088,-1,
1088,1050,1089,-1,
1051,1089,1050,-1,
1050,1016,1051,-1,
1017,1051,1016,-1,
1016,978,1017,-1,
979,1017,978,-1,
978,938,979,-1,
939,979,938,-1,
938,912,939,-1,
913,939,912,-1,
912,887,913,-1,
888,913,887,-1,
887,857,888,-1,
858,888,857,-1,
857,845,858,-1,
846,858,845,-1,
845,818,846,-1,
819,846,818,-1,
819,818,810,-1,
809,810,818,-1,
810,809,782,-1,
781,782,809,-1,
782,781,776,-1,
775,776,781,-1,
776,775,749,-1,
748,749,775,-1,
749,748,742,-1,
741,742,748,-1,
742,741,733,-1,
732,733,741,-1,
733,732,715,-1,
732,714,715,-1,
715,714,709,-1,
708,709,714,-1,
709,708,703,-1,
702,703,708,-1,
703,702,701,-1,
700,701,702,-1,
700,1368,701,-1,
1369,701,1368,-1,
727,726,678,-1,
677,678,726,-1,
1479,1480,1417,-1,
1418,1417,1480,-1,
578,577,641,-1,
640,641,577,-1,
956,903,957,-1,
904,957,903,-1,
769,726,770,-1,
727,770,726,-1,
590,589,578,-1,
577,578,589,-1,
661,660,624,-1,
623,624,660,-1,
640,715,641,-1,
1353,641,715,-1,
641,1353,1418,-1,
1417,1418,1353,-1,
833,799,834,-1,
800,834,799,-1,
1055,999,1056,-1,
1000,1056,999,-1,
609,608,590,-1,
589,590,608,-1,
624,623,609,-1,
608,609,623,-1,
869,833,870,-1,
834,870,833,-1,
1108,1055,1109,-1,
1056,1109,1055,-1,
1138,1108,1139,-1,
1109,1139,1108,-1,
678,677,661,-1,
660,661,677,-1,
1273,1239,1274,-1,
1240,1274,1239,-1,
999,956,1000,-1,
957,1000,956,-1,
1279,1273,1280,-1,
1274,1280,1273,-1,
799,769,800,-1,
770,800,769,-1,
1205,1175,1206,-1,
1176,1206,1175,-1,
1175,1138,1176,-1,
1139,1176,1138,-1,
1239,1205,1240,-1,
1206,1240,1205,-1,
903,869,904,-1,
870,904,869,-1,
1465,1466,1479,-1,
1480,1479,1466,-1,
736,675,758,-1,
1237,1191,1203,-1,
1415,1377,1477,-1,
960,954,997,-1,
1477,1377,1433,-1,
1477,1433,1456,-1,
788,758,767,-1,
681,575,612,-1,
612,587,627,-1,
1313,1285,1307,-1,
822,788,797,-1,
1393,1374,1398,-1,
1374,1332,1398,-1,
1456,1402,1448,-1,
758,675,724,-1,
1005,960,997,-1,
612,575,587,-1,
638,575,681,-1,
681,1377,638,-1,
1415,638,1377,-1,
850,797,831,-1,
822,797,850,-1,
1271,1219,1237,-1,
788,767,797,-1,
627,587,649,-1,
1332,1313,1382,-1,
649,621,664,-1,
758,724,767,-1,
649,587,606,-1,
664,621,658,-1,
649,606,621,-1,
1313,1307,1346,-1,
736,658,675,-1,
1249,1219,1271,-1,
1005,997,1052,-1,
1052,997,1053,-1,
1382,1313,1346,-1,
1106,1052,1053,-1,
1285,1271,1307,-1,
1219,1191,1237,-1,
664,658,685,-1,
920,882,901,-1,
685,658,736,-1,
960,901,954,-1,
920,901,960,-1,
1127,1095,1106,-1,
1173,1127,1136,-1,
1095,1052,1106,-1,
1285,1249,1271,-1,
1398,1332,1382,-1,
1191,1157,1173,-1,
1191,1173,1203,-1,
1429,1393,1398,-1,
1157,1127,1173,-1,
1127,1106,1136,-1,
882,867,901,-1,
1433,1423,1456,-1,
882,831,867,-1,
850,831,882,-1,
1402,1423,1377,-1,
1393,1402,1377,-1,
1433,1377,1423,-1,
1393,1377,1374,-1,
1374,1377,1332,-1,
1332,1377,1313,-1,
1313,1377,1285,-1,
1285,1377,1249,-1,
1249,1377,1219,-1,
1219,1377,1191,-1,
1191,1377,1157,-1,
1157,1377,1127,-1,
1127,1377,1095,-1,
1095,1377,1052,-1,
1052,1377,1005,-1,
960,1005,681,-1,
920,960,681,-1,
882,920,681,-1,
850,882,681,-1,
822,850,681,-1,
788,822,681,-1,
758,788,681,-1,
736,758,681,-1,
685,736,681,-1,
1377,681,1005,-1,
685,681,664,-1,
664,681,649,-1,
649,681,627,-1,
612,627,681,-1,
1448,1402,1429,-1,
1402,1393,1429,-1,
1423,1402,1456,-1,
725,724,676,-1,
675,676,724,-1,
1477,1478,1415,-1,
1416,1415,1478,-1,
576,575,639,-1,
638,639,575,-1,
954,901,955,-1,
902,955,901,-1,
767,724,768,-1,
725,768,724,-1,
588,587,576,-1,
575,576,587,-1,
659,658,622,-1,
621,622,658,-1,
639,638,714,-1,
1415,714,638,-1,
714,1415,1352,-1,
1416,1352,1415,-1,
831,797,832,-1,
798,832,797,-1,
1382,1383,1398,-1,
1399,1398,1383,-1,
1053,997,1054,-1,
998,1054,997,-1,
607,606,588,-1,
587,588,606,-1,
622,621,607,-1,
606,607,621,-1,
867,831,868,-1,
832,868,831,-1,
1106,1053,1107,-1,
1054,1107,1053,-1,
1136,1106,1137,-1,
1107,1137,1106,-1,
1346,1347,1382,-1,
1383,1382,1347,-1,
676,675,659,-1,
658,659,675,-1,
1271,1237,1272,-1,
1238,1272,1237,-1,
997,954,998,-1,
955,998,954,-1,
1307,1271,1308,-1,
1272,1308,1271,-1,
797,767,798,-1,
768,798,767,-1,
1203,1173,1204,-1,
1174,1204,1173,-1,
1173,1136,1174,-1,
1137,1174,1136,-1,
1237,1203,1238,-1,
1204,1238,1203,-1,
901,867,902,-1,
868,902,867,-1,
1398,1399,1429,-1,
1430,1429,1399,-1,
1346,1307,1347,-1,
1308,1347,1307,-1,
1429,1430,1448,-1,
1449,1448,1430,-1,
1456,1457,1477,-1,
1478,1477,1457,-1,
1448,1449,1456,-1,
1457,1456,1449,-1,
6428,6430,5665,-1,
5665,6430,6406,-1,
6416,6406,6430,-1,
5691,5665,6406,-1,
5663,6428,5665,-1,
5681,5665,5691,-1,
6558,6536,6488,-1,
6526,6370,6536,-1,
6370,6488,6536,-1,
6370,6526,6360,-1,
6511,6360,6526,-1,
6405,6488,6385,-1,
6385,6488,6370,-1,
6360,6511,6335,-1,
6471,6335,6511,-1,
6335,6471,6325,-1,
6456,6325,6471,-1,
6325,6456,6280,-1,
6396,6280,6456,-1,
6280,6396,6270,-1,
6346,6270,6396,-1,
6270,6346,6235,-1,
6293,6235,6346,-1,
6235,6293,6220,-1,
6248,6220,6293,-1,
6220,6248,6185,-1,
6203,6185,6248,-1,
6185,6203,6155,-1,
6168,6155,6203,-1,
6155,6168,6140,-1,
6168,6123,6140,-1,
6140,6123,6105,-1,
6123,6088,6105,-1,
6105,6088,6070,-1,
6070,6088,6040,-1,
6088,6044,6040,-1,
6040,6044,6025,-1,
6044,6003,6025,-1,
6025,6003,5990,-1,
6003,5968,5990,-1,
5990,5968,5955,-1,
5940,5955,5923,-1,
5968,5923,5955,-1,
5910,5940,5888,-1,
5923,5888,5940,-1,
5875,5910,5843,-1,
5860,5875,5798,-1,
5888,5843,5910,-1,
5825,5860,5751,-1,
5815,5825,5701,-1,
5843,5798,5875,-1,
5770,5815,5641,-1,
5760,5770,5626,-1,
5798,5751,5860,-1,
5735,5760,5586,-1,
5725,5735,5571,-1,
5710,5725,5603,-1,
5751,5701,5825,-1,
5690,5710,5603,-1,
5701,5641,5815,-1,
5641,5626,5770,-1,
5561,5603,5725,-1,
5626,5586,5760,-1,
5586,5571,5735,-1,
5571,5561,5725,-1,
5533,5603,5561,-1,
6415,6429,6405,-1,
5664,6405,6429,-1,
5690,6405,5664,-1,
5680,5690,5664,-1,
6427,5664,6429,-1,
5662,5664,6427,-1,
6429,6430,6427,-1,
6428,6427,6430,-1,
6415,6416,6429,-1,
6430,6429,6416,-1,
6385,6386,6405,-1,
6386,6406,6405,-1,
6405,6406,6415,-1,
6416,6415,6406,-1,
6370,6371,6385,-1,
6386,6385,6371,-1,
6360,6361,6370,-1,
6371,6370,6361,-1,
6335,6336,6360,-1,
6361,6360,6336,-1,
6325,6326,6335,-1,
6336,6335,6326,-1,
6280,6281,6325,-1,
6326,6325,6281,-1,
6270,6271,6280,-1,
6281,6280,6271,-1,
6270,6235,6271,-1,
6236,6271,6235,-1,
6235,6220,6236,-1,
6221,6236,6220,-1,
6220,6185,6221,-1,
6186,6221,6185,-1,
6185,6155,6186,-1,
6156,6186,6155,-1,
6155,6140,6156,-1,
6141,6156,6140,-1,
6140,6105,6141,-1,
6106,6141,6105,-1,
6105,6070,6106,-1,
6071,6106,6070,-1,
6070,6040,6071,-1,
6041,6071,6040,-1,
6040,6025,6041,-1,
6026,6041,6025,-1,
6025,5990,6026,-1,
5991,6026,5990,-1,
5990,5955,5991,-1,
5956,5991,5955,-1,
5955,5940,5956,-1,
5941,5956,5940,-1,
5940,5910,5941,-1,
5911,5941,5910,-1,
5910,5875,5911,-1,
5876,5911,5875,-1,
5875,5860,5876,-1,
5861,5876,5860,-1,
5860,5825,5861,-1,
5826,5861,5825,-1,
5826,5825,5816,-1,
5815,5816,5825,-1,
5816,5815,5771,-1,
5770,5771,5815,-1,
5771,5770,5761,-1,
5760,5761,5770,-1,
5761,5760,5736,-1,
5735,5736,5760,-1,
5736,5735,5726,-1,
5725,5726,5735,-1,
5726,5725,5711,-1,
5710,5711,5725,-1,
5711,5710,5691,-1,
5710,5690,5691,-1,
5691,5690,5681,-1,
5680,5681,5690,-1,
5681,5680,5665,-1,
5664,5665,5680,-1,
5665,5664,5663,-1,
5662,5663,5664,-1,
5662,6427,5663,-1,
6428,5663,6427,-1,
6559,6560,6489,-1,
6490,6489,6560,-1,
5535,5534,5605,-1,
5604,5605,5534,-1,
5969,5924,5970,-1,
5925,5970,5924,-1,
5551,5550,5535,-1,
5534,5535,5550,-1,
5604,5691,5605,-1,
6406,5605,5691,-1,
5605,6406,6490,-1,
6489,6490,6406,-1,
5844,5799,5845,-1,
5800,5845,5799,-1,
6045,6004,6046,-1,
6005,6046,6004,-1,
5889,5844,5890,-1,
5845,5890,5844,-1,
6089,6045,6090,-1,
6046,6090,6045,-1,
6124,6089,6125,-1,
6090,6125,6089,-1,
6294,6249,6295,-1,
6250,6295,6249,-1,
6004,5969,6005,-1,
5970,6005,5969,-1,
6310,6294,6311,-1,
6295,6311,6294,-1,
5799,5783,5800,-1,
5784,5800,5783,-1,
6204,6169,6205,-1,
6170,6205,6169,-1,
6169,6124,6170,-1,
6125,6170,6124,-1,
6249,6204,6250,-1,
6205,6250,6204,-1,
5924,5889,5925,-1,
5890,5925,5889,-1,
6545,6546,6559,-1,
6560,6559,6546,-1,
5719,5640,5744,-1,
6247,6194,6202,-1,
6487,6449,6557,-1,
5984,5967,6002,-1,
6557,6449,6519,-1,
6557,6519,6535,-1,
5779,5744,5750,-1,
5649,5532,5579,-1,
5579,5560,5594,-1,
6354,6319,6345,-1,
5834,5779,5797,-1,
6464,6444,6470,-1,
6444,6379,6470,-1,
6535,6479,6525,-1,
5744,5640,5700,-1,
6019,5984,6002,-1,
5579,5532,5560,-1,
5602,5532,5649,-1,
5649,6449,5602,-1,
6487,5602,6449,-1,
5869,5797,5842,-1,
5834,5797,5869,-1,
6292,6229,6247,-1,
5779,5750,5797,-1,
5594,5560,5619,-1,
6379,6354,6455,-1,
5619,5585,5634,-1,
5744,5700,5750,-1,
5619,5560,5570,-1,
5634,5585,5625,-1,
5619,5570,5585,-1,
6354,6345,6395,-1,
5719,5625,5640,-1,
6264,6229,6292,-1,
6019,6002,6042,-1,
6042,6002,6043,-1,
6455,6354,6395,-1,
6087,6042,6043,-1,
6319,6292,6345,-1,
6229,6194,6247,-1,
5634,5625,5654,-1,
5949,5904,5922,-1,
5654,5625,5719,-1,
5984,5922,5967,-1,
5949,5922,5984,-1,
6114,6079,6087,-1,
6167,6114,6122,-1,
6079,6042,6087,-1,
6319,6264,6292,-1,
6470,6379,6455,-1,
6194,6149,6167,-1,
6194,6167,6202,-1,
6510,6464,6470,-1,
6149,6114,6167,-1,
6114,6087,6122,-1,
5904,5887,5922,-1,
6519,6504,6535,-1,
5904,5842,5887,-1,
5869,5842,5904,-1,
6479,6504,6449,-1,
6464,6479,6449,-1,
6519,6449,6504,-1,
6464,6449,6444,-1,
6444,6449,6379,-1,
6379,6449,6354,-1,
6354,6449,6319,-1,
6319,6449,6264,-1,
6264,6449,6229,-1,
6229,6449,6194,-1,
6194,6449,6149,-1,
6149,6449,6114,-1,
6114,6449,6079,-1,
6079,6449,6042,-1,
6042,6449,6019,-1,
5984,6019,5649,-1,
5949,5984,5649,-1,
5904,5949,5649,-1,
5869,5904,5649,-1,
5834,5869,5649,-1,
5779,5834,5649,-1,
5744,5779,5649,-1,
5719,5744,5649,-1,
5654,5719,5649,-1,
6449,5649,6019,-1,
5654,5649,5634,-1,
5634,5649,5619,-1,
5619,5649,5594,-1,
5579,5594,5649,-1,
6525,6479,6510,-1,
6479,6464,6510,-1,
6504,6479,6535,-1,
5701,5700,5641,-1,
5640,5641,5700,-1,
6557,6558,6487,-1,
6488,6487,6558,-1,
5533,5532,5603,-1,
5602,5603,5532,-1,
5967,5922,5968,-1,
5923,5968,5922,-1,
5750,5700,5751,-1,
5701,5751,5700,-1,
5561,5560,5533,-1,
5532,5533,5560,-1,
5626,5625,5586,-1,
5585,5586,5625,-1,
5603,5602,5690,-1,
6487,5690,5602,-1,
5690,6487,6405,-1,
6488,6405,6487,-1,
5842,5797,5843,-1,
5798,5843,5797,-1,
6455,6456,6470,-1,
6471,6470,6456,-1,
6043,6002,6044,-1,
6003,6044,6002,-1,
5571,5570,5561,-1,
5560,5561,5570,-1,
5586,5585,5571,-1,
5570,5571,5585,-1,
5887,5842,5888,-1,
5843,5888,5842,-1,
6087,6043,6088,-1,
6044,6088,6043,-1,
6122,6087,6123,-1,
6088,6123,6087,-1,
6395,6396,6455,-1,
6456,6455,6396,-1,
5641,5640,5626,-1,
5625,5626,5640,-1,
6292,6247,6293,-1,
6248,6293,6247,-1,
6002,5967,6003,-1,
5968,6003,5967,-1,
6345,6292,6346,-1,
6293,6346,6292,-1,
5797,5750,5798,-1,
5751,5798,5750,-1,
6202,6167,6203,-1,
6168,6203,6167,-1,
6167,6122,6168,-1,
6123,6168,6122,-1,
6247,6202,6248,-1,
6203,6248,6202,-1,
5922,5887,5923,-1,
5888,5923,5887,-1,
6470,6471,6510,-1,
6511,6510,6471,-1,
6395,6345,6396,-1,
6346,6396,6345,-1,
6510,6511,6525,-1,
6526,6525,6511,-1,
6535,6536,6557,-1,
6558,6557,6536,-1,
6525,6526,6535,-1,
6536,6535,6526,-1,
5083,5085,4320,-1,
4320,5085,5063,-1,
5073,5063,5085,-1,
4348,4320,5063,-1,
4318,5083,4320,-1,
4338,4320,4348,-1,
5213,5193,5143,-1,
5183,5027,5193,-1,
5027,5143,5193,-1,
5027,5183,5017,-1,
5168,5017,5183,-1,
5062,5143,5042,-1,
5042,5143,5027,-1,
5017,5168,4992,-1,
5128,4992,5168,-1,
4992,5128,4982,-1,
5113,4982,5128,-1,
4982,5113,4937,-1,
5053,4937,5113,-1,
4937,5053,4927,-1,
5003,4927,5053,-1,
4927,5003,4892,-1,
4948,4892,5003,-1,
4892,4948,4877,-1,
4903,4877,4948,-1,
4877,4903,4842,-1,
4858,4842,4903,-1,
4842,4858,4812,-1,
4823,4812,4858,-1,
4812,4823,4797,-1,
4823,4778,4797,-1,
4797,4778,4762,-1,
4778,4743,4762,-1,
4762,4743,4727,-1,
4727,4743,4692,-1,
4743,4696,4692,-1,
4692,4696,4682,-1,
4696,4658,4682,-1,
4682,4658,4647,-1,
4658,4623,4647,-1,
4647,4623,4612,-1,
4597,4612,4578,-1,
4623,4578,4612,-1,
4567,4597,4543,-1,
4578,4543,4597,-1,
4532,4567,4498,-1,
4517,4532,4453,-1,
4543,4498,4567,-1,
4482,4517,4408,-1,
4472,4482,4358,-1,
4498,4453,4532,-1,
4427,4472,4298,-1,
4417,4427,4283,-1,
4453,4408,4517,-1,
4392,4417,4243,-1,
4382,4392,4228,-1,
4367,4382,4258,-1,
4408,4358,4482,-1,
4347,4367,4258,-1,
4358,4298,4472,-1,
4298,4283,4427,-1,
4218,4258,4382,-1,
4283,4243,4417,-1,
4243,4228,4392,-1,
4228,4218,4382,-1,
4188,4258,4218,-1,
5072,5084,5062,-1,
4319,5062,5084,-1,
4347,5062,4319,-1,
4337,4347,4319,-1,
5082,4319,5084,-1,
4317,4319,5082,-1,
5084,5085,5082,-1,
5083,5082,5085,-1,
5072,5073,5084,-1,
5085,5084,5073,-1,
5042,5043,5062,-1,
5043,5063,5062,-1,
5062,5063,5072,-1,
5073,5072,5063,-1,
5027,5028,5042,-1,
5043,5042,5028,-1,
5017,5018,5027,-1,
5028,5027,5018,-1,
4992,4993,5017,-1,
5018,5017,4993,-1,
4982,4983,4992,-1,
4993,4992,4983,-1,
4937,4938,4982,-1,
4983,4982,4938,-1,
4927,4928,4937,-1,
4938,4937,4928,-1,
4927,4892,4928,-1,
4893,4928,4892,-1,
4892,4877,4893,-1,
4878,4893,4877,-1,
4877,4842,4878,-1,
4843,4878,4842,-1,
4842,4812,4843,-1,
4813,4843,4812,-1,
4812,4797,4813,-1,
4798,4813,4797,-1,
4797,4762,4798,-1,
4763,4798,4762,-1,
4762,4727,4763,-1,
4728,4763,4727,-1,
4727,4692,4728,-1,
4693,4728,4692,-1,
4692,4682,4693,-1,
4683,4693,4682,-1,
4682,4647,4683,-1,
4648,4683,4647,-1,
4647,4612,4648,-1,
4613,4648,4612,-1,
4612,4597,4613,-1,
4598,4613,4597,-1,
4597,4567,4598,-1,
4568,4598,4567,-1,
4567,4532,4568,-1,
4533,4568,4532,-1,
4532,4517,4533,-1,
4518,4533,4517,-1,
4517,4482,4518,-1,
4483,4518,4482,-1,
4483,4482,4473,-1,
4472,4473,4482,-1,
4473,4472,4428,-1,
4427,4428,4472,-1,
4428,4427,4418,-1,
4417,4418,4427,-1,
4418,4417,4393,-1,
4392,4393,4417,-1,
4393,4392,4383,-1,
4382,4383,4392,-1,
4383,4382,4368,-1,
4367,4368,4382,-1,
4368,4367,4348,-1,
4367,4347,4348,-1,
4348,4347,4338,-1,
4337,4338,4347,-1,
4338,4337,4320,-1,
4319,4320,4337,-1,
4320,4319,4318,-1,
4317,4318,4319,-1,
4317,5082,4318,-1,
5083,4318,5082,-1,
5214,5215,5144,-1,
5145,5144,5215,-1,
4190,4189,4260,-1,
4259,4260,4189,-1,
4624,4579,4625,-1,
4580,4625,4579,-1,
4208,4207,4190,-1,
4189,4190,4207,-1,
4259,4348,4260,-1,
5063,4260,4348,-1,
4260,5063,5145,-1,
5144,5145,5063,-1,
4499,4454,4500,-1,
4455,4500,4454,-1,
4697,4659,4698,-1,
4660,4698,4659,-1,
4544,4499,4545,-1,
4500,4545,4499,-1,
4744,4697,4745,-1,
4698,4745,4697,-1,
4779,4744,4780,-1,
4745,4780,4744,-1,
4949,4904,4950,-1,
4905,4950,4904,-1,
4659,4624,4660,-1,
4625,4660,4624,-1,
4967,4949,4968,-1,
4950,4968,4949,-1,
4454,4442,4455,-1,
4443,4455,4442,-1,
4859,4824,4860,-1,
4825,4860,4824,-1,
4824,4779,4825,-1,
4780,4825,4779,-1,
4904,4859,4905,-1,
4860,4905,4859,-1,
4579,4544,4580,-1,
4545,4580,4544,-1,
5202,5203,5214,-1,
5215,5214,5203,-1,
4377,4297,4402,-1,
4902,4852,4857,-1,
5142,5107,5212,-1,
4642,4622,4657,-1,
5212,5107,5177,-1,
5212,5177,5192,-1,
4437,4402,4407,-1,
4307,4187,4237,-1,
4237,4217,4252,-1,
5012,4977,5002,-1,
4492,4437,4452,-1,
5122,5102,5127,-1,
5102,5037,5127,-1,
5192,5137,5182,-1,
4402,4297,4357,-1,
4677,4642,4657,-1,
4237,4187,4217,-1,
4257,4187,4307,-1,
4307,5107,4257,-1,
5142,4257,5107,-1,
4527,4452,4497,-1,
4492,4452,4527,-1,
4947,4887,4902,-1,
4437,4407,4452,-1,
4252,4217,4277,-1,
5037,5012,5112,-1,
4277,4242,4292,-1,
4402,4357,4407,-1,
4277,4217,4227,-1,
4292,4242,4282,-1,
4277,4227,4242,-1,
5012,5002,5052,-1,
4377,4282,4297,-1,
4922,4887,4947,-1,
4677,4657,4694,-1,
4694,4657,4695,-1,
5112,5012,5052,-1,
4742,4694,4695,-1,
4977,4947,5002,-1,
4887,4852,4902,-1,
4292,4282,4312,-1,
4607,4562,4577,-1,
4312,4282,4377,-1,
4642,4577,4622,-1,
4607,4577,4642,-1,
4772,4737,4742,-1,
4822,4772,4777,-1,
4737,4694,4742,-1,
4977,4922,4947,-1,
5127,5037,5112,-1,
4852,4807,4822,-1,
4852,4822,4857,-1,
5167,5122,5127,-1,
4807,4772,4822,-1,
4772,4742,4777,-1,
4562,4542,4577,-1,
5177,5162,5192,-1,
4562,4497,4542,-1,
4527,4497,4562,-1,
5137,5162,5107,-1,
5122,5137,5107,-1,
5177,5107,5162,-1,
5122,5107,5102,-1,
5102,5107,5037,-1,
5037,5107,5012,-1,
5012,5107,4977,-1,
4977,5107,4922,-1,
4922,5107,4887,-1,
4887,5107,4852,-1,
4852,5107,4807,-1,
4807,5107,4772,-1,
4772,5107,4737,-1,
4737,5107,4694,-1,
4694,5107,4677,-1,
4642,4677,4307,-1,
4607,4642,4307,-1,
4562,4607,4307,-1,
4527,4562,4307,-1,
4492,4527,4307,-1,
4437,4492,4307,-1,
4402,4437,4307,-1,
4377,4402,4307,-1,
4312,4377,4307,-1,
5107,4307,4677,-1,
4312,4307,4292,-1,
4292,4307,4277,-1,
4277,4307,4252,-1,
4237,4252,4307,-1,
5182,5137,5167,-1,
5137,5122,5167,-1,
5162,5137,5192,-1,
4358,4357,4298,-1,
4297,4298,4357,-1,
5212,5213,5142,-1,
5143,5142,5213,-1,
4188,4187,4258,-1,
4257,4258,4187,-1,
4622,4577,4623,-1,
4578,4623,4577,-1,
4407,4357,4408,-1,
4358,4408,4357,-1,
4218,4217,4188,-1,
4187,4188,4217,-1,
4283,4282,4243,-1,
4242,4243,4282,-1,
4258,4257,4347,-1,
5142,4347,4257,-1,
4347,5142,5062,-1,
5143,5062,5142,-1,
4497,4452,4498,-1,
4453,4498,4452,-1,
5112,5113,5127,-1,
5128,5127,5113,-1,
4695,4657,4696,-1,
4658,4696,4657,-1,
4228,4227,4218,-1,
4217,4218,4227,-1,
4243,4242,4228,-1,
4227,4228,4242,-1,
4542,4497,4543,-1,
4498,4543,4497,-1,
4742,4695,4743,-1,
4696,4743,4695,-1,
4777,4742,4778,-1,
4743,4778,4742,-1,
5052,5053,5112,-1,
5113,5112,5053,-1,
4298,4297,4283,-1,
4282,4283,4297,-1,
4947,4902,4948,-1,
4903,4948,4902,-1,
4657,4622,4658,-1,
4623,4658,4622,-1,
5002,4947,5003,-1,
4948,5003,4947,-1,
4452,4407,4453,-1,
4408,4453,4407,-1,
4857,4822,4858,-1,
4823,4858,4822,-1,
4822,4777,4823,-1,
4778,4823,4777,-1,
4902,4857,4903,-1,
4858,4903,4857,-1,
4577,4542,4578,-1,
4543,4578,4542,-1,
5127,5128,5167,-1,
5168,5167,5128,-1,
5052,5002,5053,-1,
5003,5053,5002,-1,
5167,5168,5182,-1,
5183,5182,5168,-1,
5192,5193,5212,-1,
5213,5212,5193,-1,
5182,5183,5192,-1,
5193,5192,5183,-1,
428,424,296,-1,
296,424,417,-1,
304,428,296,-1,
419,417,424,-1,
288,296,286,-1,
417,286,296,-1,
277,275,222,-1,
271,265,275,-1,
281,277,260,-1,
285,281,260,-1,
226,260,277,-1,
265,255,275,-1,
255,246,275,-1,
246,242,275,-1,
242,238,275,-1,
234,260,226,-1,
238,230,275,-1,
222,226,277,-1,
230,222,275,-1,
441,437,433,-1,
433,437,409,-1,
430,409,437,-1,
416,433,414,-1,
414,433,409,-1,
409,430,406,-1,
422,406,430,-1,
406,422,400,-1,
412,400,422,-1,
400,412,395,-1,
405,395,412,-1,
395,405,390,-1,
398,390,405,-1,
390,398,384,-1,
387,384,398,-1,
384,387,377,-1,
380,377,387,-1,
377,380,374,-1,
380,371,374,-1,
374,371,367,-1,
371,364,367,-1,
367,364,360,-1,
360,364,358,-1,
364,354,358,-1,
358,354,351,-1,
354,347,351,-1,
351,347,344,-1,
341,344,338,-1,
347,338,344,-1,
334,341,331,-1,
338,331,341,-1,
328,334,322,-1,
325,328,315,-1,
331,322,334,-1,
318,325,306,-1,
322,315,328,-1,
312,318,290,-1,
309,312,271,-1,
315,306,325,-1,
300,309,271,-1,
298,300,271,-1,
293,298,271,-1,
306,290,318,-1,
283,293,271,-1,
279,283,271,-1,
275,279,271,-1,
290,271,312,-1,
418,423,416,-1,
295,416,423,-1,
427,295,423,-1,
303,295,427,-1,
416,295,285,-1,
287,285,295,-1,
423,424,427,-1,
428,427,424,-1,
418,419,423,-1,
424,423,419,-1,
414,415,416,-1,
415,417,416,-1,
416,417,418,-1,
419,418,417,-1,
409,410,414,-1,
415,414,410,-1,
406,407,409,-1,
410,409,407,-1,
406,400,407,-1,
401,407,400,-1,
400,395,401,-1,
396,401,395,-1,
395,390,396,-1,
391,396,390,-1,
390,384,391,-1,
385,391,384,-1,
384,377,385,-1,
378,385,377,-1,
377,374,378,-1,
375,378,374,-1,
374,367,375,-1,
368,375,367,-1,
367,360,368,-1,
361,368,360,-1,
360,358,361,-1,
359,361,358,-1,
358,351,359,-1,
352,359,351,-1,
351,344,352,-1,
345,352,344,-1,
344,341,345,-1,
342,345,341,-1,
341,334,342,-1,
335,342,334,-1,
334,328,335,-1,
329,335,328,-1,
328,325,329,-1,
326,329,325,-1,
325,318,326,-1,
319,326,318,-1,
319,318,313,-1,
312,313,318,-1,
313,312,310,-1,
309,310,312,-1,
310,309,301,-1,
300,301,309,-1,
301,300,299,-1,
298,299,300,-1,
299,298,294,-1,
293,294,298,-1,
294,293,284,-1,
283,284,293,-1,
284,283,280,-1,
279,280,283,-1,
280,279,276,-1,
275,276,279,-1,
276,275,278,-1,
277,278,275,-1,
278,277,282,-1,
281,282,277,-1,
282,281,286,-1,
281,285,286,-1,
286,285,288,-1,
287,288,285,-1,
288,287,296,-1,
295,296,287,-1,
296,295,304,-1,
303,304,295,-1,
303,427,304,-1,
428,304,427,-1,
248,247,244,-1,
243,244,247,-1,
438,439,434,-1,
435,434,439,-1,
235,261,236,-1,
262,236,261,-1,
316,307,317,-1,
308,317,307,-1,
257,256,248,-1,
247,248,256,-1,
228,227,236,-1,
235,236,227,-1,
240,239,232,-1,
231,232,239,-1,
261,286,262,-1,
417,262,286,-1,
262,417,435,-1,
434,435,417,-1,
273,272,267,-1,
266,267,272,-1,
332,323,333,-1,
324,333,323,-1,
224,223,228,-1,
227,228,223,-1,
232,231,224,-1,
223,224,231,-1,
292,291,273,-1,
272,273,291,-1,
339,332,340,-1,
333,340,332,-1,
348,339,349,-1,
340,349,339,-1,
244,243,240,-1,
239,240,243,-1,
381,372,382,-1,
373,382,372,-1,
323,316,324,-1,
317,324,316,-1,
388,381,389,-1,
382,389,381,-1,
267,266,257,-1,
256,257,266,-1,
365,355,366,-1,
356,366,355,-1,
355,348,356,-1,
349,356,348,-1,
372,365,373,-1,
366,373,365,-1,
307,291,308,-1,
292,308,291,-1,
393,388,394,-1,
389,394,388,-1,
258,241,263,-1,
370,362,363,-1,
432,425,440,-1,
320,314,321,-1,
440,425,431,-1,
440,431,436,-1,
263,254,268,-1,
269,233,252,-1,
252,225,250,-1,
392,383,386,-1,
268,264,274,-1,
413,408,411,-1,
408,399,411,-1,
436,420,429,-1,
263,241,245,-1,
327,320,321,-1,
233,225,252,-1,
259,233,269,-1,
259,269,432,-1,
425,432,269,-1,
297,264,270,-1,
274,264,297,-1,
379,369,370,-1,
268,254,264,-1,
250,225,249,-1,
399,392,404,-1,
249,229,251,-1,
263,245,254,-1,
225,221,249,-1,
251,229,237,-1,
249,221,229,-1,
392,386,397,-1,
258,237,241,-1,
376,369,379,-1,
327,321,336,-1,
336,321,330,-1,
404,392,397,-1,
336,330,337,-1,
383,379,386,-1,
369,362,370,-1,
251,237,253,-1,
311,302,305,-1,
253,237,258,-1,
320,305,314,-1,
311,305,320,-1,
343,337,350,-1,
350,346,353,-1,
343,336,337,-1,
383,376,379,-1,
411,399,404,-1,
357,353,362,-1,
362,353,363,-1,
413,411,421,-1,
357,350,353,-1,
350,337,346,-1,
302,289,305,-1,
431,426,436,-1,
302,270,289,-1,
297,270,302,-1,
431,425,426,-1,
426,425,420,-1,
420,425,413,-1,
413,425,408,-1,
408,425,399,-1,
399,425,392,-1,
392,425,383,-1,
383,425,376,-1,
376,425,369,-1,
369,425,362,-1,
362,425,357,-1,
357,425,350,-1,
350,425,343,-1,
343,425,336,-1,
336,425,327,-1,
320,327,269,-1,
311,320,269,-1,
302,311,269,-1,
297,302,269,-1,
274,297,269,-1,
425,269,327,-1,
274,269,268,-1,
268,269,263,-1,
263,269,258,-1,
258,269,253,-1,
253,269,251,-1,
251,269,249,-1,
252,250,269,-1,
250,249,269,-1,
429,420,421,-1,
420,413,421,-1,
426,420,436,-1,
246,245,242,-1,
241,242,245,-1,
440,441,432,-1,
433,432,441,-1,
233,259,234,-1,
260,234,259,-1,
314,305,315,-1,
306,315,305,-1,
255,254,246,-1,
245,246,254,-1,
226,225,234,-1,
233,234,225,-1,
238,237,230,-1,
229,230,237,-1,
260,259,285,-1,
432,285,259,-1,
285,432,416,-1,
433,416,432,-1,
271,270,265,-1,
264,265,270,-1,
411,404,412,-1,
405,412,404,-1,
330,321,331,-1,
322,331,321,-1,
222,221,226,-1,
225,226,221,-1,
230,229,222,-1,
221,222,229,-1,
290,289,271,-1,
270,271,289,-1,
337,330,338,-1,
331,338,330,-1,
346,337,347,-1,
338,347,337,-1,
404,397,405,-1,
398,405,397,-1,
242,241,238,-1,
237,238,241,-1,
379,370,380,-1,
371,380,370,-1,
321,314,322,-1,
315,322,314,-1,
386,379,387,-1,
380,387,379,-1,
265,264,255,-1,
254,255,264,-1,
363,353,364,-1,
354,364,353,-1,
353,346,354,-1,
347,354,346,-1,
370,363,371,-1,
364,371,363,-1,
305,289,306,-1,
290,306,289,-1,
421,411,422,-1,
412,422,411,-1,
397,386,398,-1,
387,398,386,-1,
429,421,430,-1,
422,430,421,-1,
436,437,440,-1,
441,440,437,-1,
429,430,436,-1,
437,436,430,-1,
8890,8892,8219,-1,
8219,8892,8874,-1,
8882,8874,8892,-1,
8241,8219,8874,-1,
8217,8890,8219,-1,
8233,8219,8241,-1,
9026,9010,8954,-1,
8994,8837,9010,-1,
8837,8954,9010,-1,
8837,8994,8829,-1,
8974,8829,8994,-1,
8873,8954,8849,-1,
8849,8954,8837,-1,
8829,8974,8801,-1,
8934,8801,8974,-1,
8801,8934,8793,-1,
8914,8793,8934,-1,
8793,8914,8765,-1,
8858,8765,8914,-1,
8765,8858,8757,-1,
8810,8757,8858,-1,
8757,8810,8729,-1,
8774,8729,8810,-1,
8729,8774,8717,-1,
8738,8717,8774,-1,
8717,8738,8689,-1,
8702,8689,8738,-1,
8689,8702,8665,-1,
8674,8665,8702,-1,
8665,8674,8653,-1,
8674,8638,8653,-1,
8653,8638,8625,-1,
8638,8610,8625,-1,
8625,8610,8597,-1,
8597,8610,8569,-1,
8610,8573,8569,-1,
8569,8573,8561,-1,
8573,8542,8561,-1,
8561,8542,8533,-1,
8542,8514,8533,-1,
8533,8514,8505,-1,
8493,8505,8478,-1,
8514,8478,8505,-1,
8469,8493,8446,-1,
8478,8446,8493,-1,
8437,8469,8402,-1,
8417,8437,8351,-1,
8446,8402,8469,-1,
8379,8417,8308,-1,
8366,8379,8249,-1,
8402,8351,8437,-1,
8324,8366,8192,-1,
8315,8324,8173,-1,
8351,8308,8417,-1,
8283,8315,8138,-1,
8270,8283,8120,-1,
8258,8270,8151,-1,
8308,8249,8379,-1,
8240,8258,8151,-1,
8249,8192,8366,-1,
8192,8173,8324,-1,
8111,8151,8270,-1,
8173,8138,8315,-1,
8138,8120,8283,-1,
8120,8111,8270,-1,
8081,8151,8111,-1,
8881,8891,8873,-1,
8218,8873,8891,-1,
8240,8873,8218,-1,
8232,8240,8218,-1,
8889,8218,8891,-1,
8216,8218,8889,-1,
8891,8892,8889,-1,
8890,8889,8892,-1,
8881,8882,8891,-1,
8892,8891,8882,-1,
8849,8850,8873,-1,
8850,8874,8873,-1,
8873,8874,8881,-1,
8882,8881,8874,-1,
8837,8838,8849,-1,
8850,8849,8838,-1,
8829,8830,8837,-1,
8838,8837,8830,-1,
8801,8802,8829,-1,
8830,8829,8802,-1,
8793,8794,8801,-1,
8802,8801,8794,-1,
8765,8766,8793,-1,
8794,8793,8766,-1,
8757,8758,8765,-1,
8766,8765,8758,-1,
8757,8729,8758,-1,
8730,8758,8729,-1,
8729,8717,8730,-1,
8718,8730,8717,-1,
8717,8689,8718,-1,
8690,8718,8689,-1,
8689,8665,8690,-1,
8666,8690,8665,-1,
8665,8653,8666,-1,
8654,8666,8653,-1,
8653,8625,8654,-1,
8626,8654,8625,-1,
8625,8597,8626,-1,
8598,8626,8597,-1,
8597,8569,8598,-1,
8570,8598,8569,-1,
8569,8561,8570,-1,
8562,8570,8561,-1,
8561,8533,8562,-1,
8534,8562,8533,-1,
8533,8505,8534,-1,
8506,8534,8505,-1,
8505,8493,8506,-1,
8494,8506,8493,-1,
8493,8469,8494,-1,
8470,8494,8469,-1,
8469,8437,8470,-1,
8438,8470,8437,-1,
8437,8417,8438,-1,
8418,8438,8417,-1,
8417,8379,8418,-1,
8380,8418,8379,-1,
8380,8379,8367,-1,
8366,8367,8379,-1,
8367,8366,8325,-1,
8324,8325,8366,-1,
8325,8324,8316,-1,
8315,8316,8324,-1,
8316,8315,8284,-1,
8283,8284,8315,-1,
8284,8283,8271,-1,
8270,8271,8283,-1,
8271,8270,8259,-1,
8258,8259,8270,-1,
8259,8258,8241,-1,
8258,8240,8241,-1,
8241,8240,8233,-1,
8232,8233,8240,-1,
8233,8232,8219,-1,
8218,8219,8232,-1,
8219,8218,8217,-1,
8216,8217,8218,-1,
8216,8889,8217,-1,
8890,8217,8889,-1,
9027,9028,8955,-1,
8956,8955,9028,-1,
8083,8082,8153,-1,
8152,8153,8082,-1,
8515,8479,8516,-1,
8480,8516,8479,-1,
8101,8100,8083,-1,
8082,8083,8100,-1,
8152,8241,8153,-1,
8874,8153,8241,-1,
8153,8874,8956,-1,
8955,8956,8874,-1,
8403,8352,8404,-1,
8353,8404,8352,-1,
8915,8916,8935,-1,
8936,8935,8916,-1,
8574,8543,8575,-1,
8544,8575,8543,-1,
8447,8403,8448,-1,
8404,8448,8403,-1,
8611,8574,8612,-1,
8575,8612,8574,-1,
8639,8611,8640,-1,
8612,8640,8611,-1,
8775,8739,8776,-1,
8740,8776,8739,-1,
8543,8515,8544,-1,
8516,8544,8515,-1,
8811,8775,8812,-1,
8776,8812,8775,-1,
8352,8342,8353,-1,
8343,8353,8342,-1,
8703,8675,8704,-1,
8676,8704,8675,-1,
8675,8639,8676,-1,
8640,8676,8639,-1,
8739,8703,8740,-1,
8704,8740,8703,-1,
8479,8447,8480,-1,
8448,8480,8447,-1,
8935,8936,8975,-1,
8976,8975,8936,-1,
8859,8811,8860,-1,
8812,8860,8811,-1,
8975,8976,8995,-1,
8996,8995,8976,-1,
9011,9012,9027,-1,
9028,9027,9012,-1,
8859,8860,8915,-1,
8916,8915,8860,-1,
8995,8996,9011,-1,
9012,9011,8996,-1,
8266,8191,8303,-1,
8737,8697,8701,-1,
8953,8909,9025,-1,
8529,8513,8541,-1,
9025,8909,8989,-1,
9025,8989,9009,-1,
8337,8303,8307,-1,
8199,8080,8133,-1,
8133,8110,8145,-1,
8825,8789,8809,-1,
8391,8337,8350,-1,
8929,8905,8933,-1,
8905,8845,8933,-1,
9009,8949,8993,-1,
8303,8191,8248,-1,
8557,8529,8541,-1,
8133,8080,8110,-1,
8150,8080,8199,-1,
8199,8909,8150,-1,
8953,8150,8909,-1,
8429,8350,8401,-1,
8391,8350,8429,-1,
8773,8725,8737,-1,
8337,8307,8350,-1,
8145,8110,8168,-1,
8845,8825,8913,-1,
8168,8137,8186,-1,
8303,8248,8307,-1,
8168,8110,8119,-1,
8186,8137,8172,-1,
8168,8119,8137,-1,
8825,8809,8857,-1,
8266,8172,8191,-1,
8753,8725,8773,-1,
8557,8541,8571,-1,
8571,8541,8572,-1,
8913,8825,8857,-1,
8609,8571,8572,-1,
8789,8773,8809,-1,
8725,8697,8737,-1,
8186,8172,8205,-1,
8501,8465,8477,-1,
8205,8172,8266,-1,
8529,8477,8513,-1,
8501,8477,8529,-1,
8633,8605,8609,-1,
8673,8633,8637,-1,
8605,8571,8609,-1,
8789,8753,8773,-1,
8933,8845,8913,-1,
8697,8661,8673,-1,
8697,8673,8701,-1,
8973,8929,8933,-1,
8661,8633,8673,-1,
8633,8609,8637,-1,
8465,8445,8477,-1,
8989,8969,9009,-1,
8465,8401,8445,-1,
8429,8401,8465,-1,
8949,8969,8909,-1,
8929,8949,8909,-1,
8989,8909,8969,-1,
8929,8909,8905,-1,
8905,8909,8845,-1,
8845,8909,8825,-1,
8825,8909,8789,-1,
8789,8909,8753,-1,
8753,8909,8725,-1,
8725,8909,8697,-1,
8697,8909,8661,-1,
8661,8909,8633,-1,
8633,8909,8605,-1,
8605,8909,8571,-1,
8571,8909,8557,-1,
8529,8557,8199,-1,
8501,8529,8199,-1,
8465,8501,8199,-1,
8429,8465,8199,-1,
8391,8429,8199,-1,
8337,8391,8199,-1,
8303,8337,8199,-1,
8266,8303,8199,-1,
8205,8266,8199,-1,
8909,8199,8557,-1,
8205,8199,8186,-1,
8186,8199,8168,-1,
8168,8199,8145,-1,
8133,8145,8199,-1,
8993,8949,8973,-1,
8949,8929,8973,-1,
8969,8949,9009,-1,
8249,8248,8192,-1,
8191,8192,8248,-1,
9025,9026,8953,-1,
8954,8953,9026,-1,
8081,8080,8151,-1,
8150,8151,8080,-1,
8513,8477,8514,-1,
8478,8514,8477,-1,
8307,8248,8308,-1,
8249,8308,8248,-1,
8111,8110,8081,-1,
8080,8081,8110,-1,
8173,8172,8138,-1,
8137,8138,8172,-1,
8151,8150,8240,-1,
8953,8240,8150,-1,
8240,8953,8873,-1,
8954,8873,8953,-1,
8401,8350,8402,-1,
8351,8402,8350,-1,
8913,8914,8933,-1,
8934,8933,8914,-1,
8572,8541,8573,-1,
8542,8573,8541,-1,
8120,8119,8111,-1,
8110,8111,8119,-1,
8138,8137,8120,-1,
8119,8120,8137,-1,
8445,8401,8446,-1,
8402,8446,8401,-1,
8609,8572,8610,-1,
8573,8610,8572,-1,
8637,8609,8638,-1,
8610,8638,8609,-1,
8857,8858,8913,-1,
8914,8913,8858,-1,
8192,8191,8173,-1,
8172,8173,8191,-1,
8773,8737,8774,-1,
8738,8774,8737,-1,
8541,8513,8542,-1,
8514,8542,8513,-1,
8809,8773,8810,-1,
8774,8810,8773,-1,
8350,8307,8351,-1,
8308,8351,8307,-1,
8701,8673,8702,-1,
8674,8702,8673,-1,
8673,8637,8674,-1,
8638,8674,8637,-1,
8737,8701,8738,-1,
8702,8738,8701,-1,
8477,8445,8478,-1,
8446,8478,8445,-1,
8933,8934,8973,-1,
8974,8973,8934,-1,
8857,8809,8858,-1,
8810,8858,8809,-1,
8973,8974,8993,-1,
8994,8993,8974,-1,
9009,9010,9025,-1,
9026,9025,9010,-1,
8993,8994,9009,-1,
9010,9009,8994,-1,
209,205,75,-1,
75,205,198,-1,
83,209,75,-1,
200,198,205,-1,
67,75,65,-1,
198,65,75,-1,
56,54,1,-1,
50,44,54,-1,
60,56,39,-1,
64,60,39,-1,
5,39,56,-1,
44,34,54,-1,
34,25,54,-1,
25,21,54,-1,
21,17,54,-1,
13,39,5,-1,
17,9,54,-1,
1,5,56,-1,
9,1,54,-1,
220,218,216,-1,
216,218,190,-1,
211,190,218,-1,
197,216,195,-1,
195,216,190,-1,
190,211,187,-1,
203,187,211,-1,
187,203,179,-1,
193,179,203,-1,
179,193,172,-1,
184,172,193,-1,
172,184,169,-1,
175,169,184,-1,
169,175,163,-1,
166,163,175,-1,
163,166,156,-1,
159,156,166,-1,
156,159,153,-1,
159,150,153,-1,
153,150,146,-1,
150,143,146,-1,
146,143,139,-1,
139,143,137,-1,
143,133,137,-1,
137,133,130,-1,
133,126,130,-1,
130,126,123,-1,
120,123,117,-1,
126,117,123,-1,
113,120,110,-1,
117,110,120,-1,
107,113,101,-1,
104,107,94,-1,
110,101,113,-1,
97,104,85,-1,
101,94,107,-1,
91,97,69,-1,
88,91,50,-1,
94,85,104,-1,
79,88,50,-1,
77,79,50,-1,
72,77,50,-1,
85,69,97,-1,
62,72,50,-1,
58,62,50,-1,
54,58,50,-1,
69,50,91,-1,
199,204,197,-1,
74,197,204,-1,
208,74,204,-1,
82,74,208,-1,
197,74,64,-1,
66,64,74,-1,
204,205,208,-1,
209,208,205,-1,
199,200,204,-1,
205,204,200,-1,
195,196,197,-1,
196,198,197,-1,
197,198,199,-1,
200,199,198,-1,
190,191,195,-1,
196,195,191,-1,
187,188,190,-1,
191,190,188,-1,
187,179,188,-1,
180,188,179,-1,
179,172,180,-1,
173,180,172,-1,
172,169,173,-1,
170,173,169,-1,
169,163,170,-1,
164,170,163,-1,
163,156,164,-1,
157,164,156,-1,
156,153,157,-1,
154,157,153,-1,
153,146,154,-1,
147,154,146,-1,
146,139,147,-1,
140,147,139,-1,
139,137,140,-1,
138,140,137,-1,
137,130,138,-1,
131,138,130,-1,
130,123,131,-1,
124,131,123,-1,
123,120,124,-1,
121,124,120,-1,
120,113,121,-1,
114,121,113,-1,
113,107,114,-1,
108,114,107,-1,
107,104,108,-1,
105,108,104,-1,
104,97,105,-1,
98,105,97,-1,
98,97,92,-1,
91,92,97,-1,
92,91,89,-1,
88,89,91,-1,
89,88,80,-1,
79,80,88,-1,
80,79,78,-1,
77,78,79,-1,
78,77,73,-1,
72,73,77,-1,
73,72,63,-1,
62,63,72,-1,
63,62,59,-1,
58,59,62,-1,
59,58,55,-1,
54,55,58,-1,
55,54,57,-1,
56,57,54,-1,
57,56,61,-1,
60,61,56,-1,
61,60,65,-1,
60,64,65,-1,
65,64,67,-1,
66,67,64,-1,
67,66,75,-1,
74,75,66,-1,
75,74,83,-1,
82,83,74,-1,
82,208,83,-1,
209,83,208,-1,
27,26,23,-1,
22,23,26,-1,
14,40,15,-1,
41,15,40,-1,
95,86,96,-1,
87,96,86,-1,
36,35,27,-1,
26,27,35,-1,
7,6,15,-1,
14,15,6,-1,
19,18,11,-1,
10,11,18,-1,
40,65,41,-1,
198,41,65,-1,
41,198,214,-1,
213,214,198,-1,
52,51,46,-1,
45,46,51,-1,
111,102,112,-1,
103,112,102,-1,
3,2,7,-1,
6,7,2,-1,
11,10,3,-1,
2,3,10,-1,
71,70,52,-1,
51,52,70,-1,
118,111,119,-1,
112,119,111,-1,
127,118,128,-1,
119,128,118,-1,
23,22,19,-1,
18,19,22,-1,
160,151,161,-1,
152,161,151,-1,
102,95,103,-1,
96,103,95,-1,
167,160,168,-1,
161,168,160,-1,
46,45,36,-1,
35,36,45,-1,
144,134,145,-1,
135,145,134,-1,
134,127,135,-1,
128,135,127,-1,
151,144,152,-1,
145,152,144,-1,
86,70,87,-1,
71,87,70,-1,
176,167,177,-1,
168,177,167,-1,
181,176,182,-1,
177,182,176,-1,
37,20,42,-1,
149,141,142,-1,
215,206,219,-1,
99,93,100,-1,
219,206,212,-1,
219,212,217,-1,
42,33,47,-1,
48,12,31,-1,
31,4,29,-1,
171,162,165,-1,
47,43,53,-1,
194,189,192,-1,
189,178,192,-1,
217,201,210,-1,
42,20,24,-1,
106,99,100,-1,
12,4,31,-1,
38,12,48,-1,
38,48,215,-1,
206,215,48,-1,
76,43,49,-1,
53,43,76,-1,
158,148,149,-1,
47,33,43,-1,
29,4,28,-1,
178,171,183,-1,
28,8,30,-1,
42,24,33,-1,
4,0,28,-1,
30,8,16,-1,
28,0,8,-1,
171,165,174,-1,
37,16,20,-1,
155,148,158,-1,
106,100,115,-1,
115,100,109,-1,
183,171,174,-1,
115,109,116,-1,
162,158,165,-1,
148,141,149,-1,
30,16,32,-1,
90,81,84,-1,
32,16,37,-1,
99,84,93,-1,
90,84,99,-1,
122,116,129,-1,
129,125,132,-1,
122,115,116,-1,
162,155,158,-1,
192,178,183,-1,
136,132,141,-1,
141,132,142,-1,
194,192,202,-1,
136,129,132,-1,
129,116,125,-1,
81,68,84,-1,
212,207,217,-1,
81,49,68,-1,
76,49,81,-1,
212,206,207,-1,
207,206,201,-1,
201,206,194,-1,
194,206,189,-1,
189,206,178,-1,
178,206,171,-1,
171,206,162,-1,
162,206,155,-1,
155,206,148,-1,
148,206,141,-1,
141,206,136,-1,
136,206,129,-1,
129,206,122,-1,
122,206,115,-1,
115,206,106,-1,
99,106,48,-1,
90,99,48,-1,
81,90,48,-1,
76,81,48,-1,
53,76,48,-1,
206,48,106,-1,
53,48,47,-1,
47,48,42,-1,
42,48,37,-1,
37,48,32,-1,
32,48,30,-1,
30,48,28,-1,
31,29,48,-1,
29,28,48,-1,
210,201,202,-1,
201,194,202,-1,
207,201,217,-1,
25,24,21,-1,
20,21,24,-1,
219,220,215,-1,
216,215,220,-1,
12,38,13,-1,
39,13,38,-1,
93,84,94,-1,
85,94,84,-1,
34,33,25,-1,
24,25,33,-1,
5,4,13,-1,
12,13,4,-1,
17,16,9,-1,
8,9,16,-1,
39,38,64,-1,
215,64,38,-1,
64,215,197,-1,
216,197,215,-1,
50,49,44,-1,
43,44,49,-1,
192,183,193,-1,
184,193,183,-1,
109,100,110,-1,
101,110,100,-1,
1,0,5,-1,
4,5,0,-1,
9,8,1,-1,
0,1,8,-1,
69,68,50,-1,
49,50,68,-1,
116,109,117,-1,
110,117,109,-1,
125,116,126,-1,
117,126,116,-1,
183,174,184,-1,
175,184,174,-1,
21,20,17,-1,
16,17,20,-1,
158,149,159,-1,
150,159,149,-1,
100,93,101,-1,
94,101,93,-1,
165,158,166,-1,
159,166,158,-1,
44,43,34,-1,
33,34,43,-1,
142,132,143,-1,
133,143,132,-1,
132,125,133,-1,
126,133,125,-1,
149,142,150,-1,
143,150,142,-1,
84,68,85,-1,
69,85,68,-1,
202,192,203,-1,
193,203,192,-1,
174,165,175,-1,
166,175,165,-1,
210,202,211,-1,
203,211,202,-1,
217,218,219,-1,
220,219,218,-1,
210,211,217,-1,
218,217,211,-1,
7765,7767,7002,-1,
7002,7767,7745,-1,
7755,7745,7767,-1,
7030,7002,7745,-1,
7000,7765,7002,-1,
7020,7002,7030,-1,
7895,7875,7825,-1,
7865,7709,7875,-1,
7709,7825,7875,-1,
7709,7865,7699,-1,
7850,7699,7865,-1,
7744,7825,7724,-1,
7724,7825,7709,-1,
7699,7850,7674,-1,
7810,7674,7850,-1,
7674,7810,7664,-1,
7795,7664,7810,-1,
7664,7795,7619,-1,
7735,7619,7795,-1,
7619,7735,7609,-1,
7685,7609,7735,-1,
7609,7685,7574,-1,
7630,7574,7685,-1,
7574,7630,7559,-1,
7585,7559,7630,-1,
7559,7585,7524,-1,
7540,7524,7585,-1,
7524,7540,7494,-1,
7505,7494,7540,-1,
7494,7505,7479,-1,
7505,7460,7479,-1,
7479,7460,7444,-1,
7460,7425,7444,-1,
7444,7425,7409,-1,
7409,7425,7374,-1,
7425,7378,7374,-1,
7374,7378,7364,-1,
7378,7340,7364,-1,
7364,7340,7329,-1,
7340,7305,7329,-1,
7329,7305,7294,-1,
7279,7294,7260,-1,
7305,7260,7294,-1,
7249,7279,7225,-1,
7260,7225,7279,-1,
7214,7249,7180,-1,
7199,7214,7135,-1,
7225,7180,7249,-1,
7164,7199,7090,-1,
7154,7164,7040,-1,
7180,7135,7214,-1,
7109,7154,6980,-1,
7099,7109,6965,-1,
7135,7090,7199,-1,
7074,7099,6925,-1,
7064,7074,6910,-1,
7049,7064,6940,-1,
7090,7040,7164,-1,
7029,7049,6940,-1,
7040,6980,7154,-1,
6980,6965,7109,-1,
6900,6940,7064,-1,
6965,6925,7099,-1,
6925,6910,7074,-1,
6910,6900,7064,-1,
6870,6940,6900,-1,
7754,7766,7744,-1,
7001,7744,7766,-1,
7029,7744,7001,-1,
7019,7029,7001,-1,
7764,7001,7766,-1,
6999,7001,7764,-1,
7766,7767,7764,-1,
7765,7764,7767,-1,
7754,7755,7766,-1,
7767,7766,7755,-1,
7724,7725,7744,-1,
7725,7745,7744,-1,
7744,7745,7754,-1,
7755,7754,7745,-1,
7709,7710,7724,-1,
7725,7724,7710,-1,
7699,7700,7709,-1,
7710,7709,7700,-1,
7674,7675,7699,-1,
7700,7699,7675,-1,
7664,7665,7674,-1,
7675,7674,7665,-1,
7619,7620,7664,-1,
7665,7664,7620,-1,
7609,7610,7619,-1,
7620,7619,7610,-1,
7609,7574,7610,-1,
7575,7610,7574,-1,
7574,7559,7575,-1,
7560,7575,7559,-1,
7559,7524,7560,-1,
7525,7560,7524,-1,
7524,7494,7525,-1,
7495,7525,7494,-1,
7494,7479,7495,-1,
7480,7495,7479,-1,
7479,7444,7480,-1,
7445,7480,7444,-1,
7444,7409,7445,-1,
7410,7445,7409,-1,
7409,7374,7410,-1,
7375,7410,7374,-1,
7374,7364,7375,-1,
7365,7375,7364,-1,
7364,7329,7365,-1,
7330,7365,7329,-1,
7329,7294,7330,-1,
7295,7330,7294,-1,
7294,7279,7295,-1,
7280,7295,7279,-1,
7279,7249,7280,-1,
7250,7280,7249,-1,
7249,7214,7250,-1,
7215,7250,7214,-1,
7214,7199,7215,-1,
7200,7215,7199,-1,
7199,7164,7200,-1,
7165,7200,7164,-1,
7165,7164,7155,-1,
7154,7155,7164,-1,
7155,7154,7110,-1,
7109,7110,7154,-1,
7110,7109,7100,-1,
7099,7100,7109,-1,
7100,7099,7075,-1,
7074,7075,7099,-1,
7075,7074,7065,-1,
7064,7065,7074,-1,
7065,7064,7050,-1,
7049,7050,7064,-1,
7050,7049,7030,-1,
7049,7029,7030,-1,
7030,7029,7020,-1,
7019,7020,7029,-1,
7020,7019,7002,-1,
7001,7002,7019,-1,
7002,7001,7000,-1,
6999,7000,7001,-1,
6999,7764,7000,-1,
7765,7000,7764,-1,
7896,7897,7826,-1,
7827,7826,7897,-1,
6872,6871,6942,-1,
6941,6942,6871,-1,
7306,7261,7307,-1,
7262,7307,7261,-1,
6890,6889,6872,-1,
6871,6872,6889,-1,
6941,7030,6942,-1,
7745,6942,7030,-1,
6942,7745,7827,-1,
7826,7827,7745,-1,
7181,7136,7182,-1,
7137,7182,7136,-1,
7379,7341,7380,-1,
7342,7380,7341,-1,
7226,7181,7227,-1,
7182,7227,7181,-1,
7426,7379,7427,-1,
7380,7427,7379,-1,
7461,7426,7462,-1,
7427,7462,7426,-1,
7631,7586,7632,-1,
7587,7632,7586,-1,
7341,7306,7342,-1,
7307,7342,7306,-1,
7649,7631,7650,-1,
7632,7650,7631,-1,
7136,7124,7137,-1,
7125,7137,7124,-1,
7541,7506,7542,-1,
7507,7542,7506,-1,
7506,7461,7507,-1,
7462,7507,7461,-1,
7586,7541,7587,-1,
7542,7587,7541,-1,
7261,7226,7262,-1,
7227,7262,7226,-1,
7884,7885,7896,-1,
7897,7896,7885,-1,
7059,6979,7084,-1,
7584,7534,7539,-1,
7824,7789,7894,-1,
7324,7304,7339,-1,
7894,7789,7859,-1,
7894,7859,7874,-1,
7119,7084,7089,-1,
6989,6869,6919,-1,
6919,6899,6934,-1,
7694,7659,7684,-1,
7174,7119,7134,-1,
7804,7784,7809,-1,
7784,7719,7809,-1,
7874,7819,7864,-1,
7084,6979,7039,-1,
7359,7324,7339,-1,
6919,6869,6899,-1,
6939,6869,6989,-1,
6989,7789,6939,-1,
7824,6939,7789,-1,
7209,7134,7179,-1,
7174,7134,7209,-1,
7629,7569,7584,-1,
7119,7089,7134,-1,
6934,6899,6959,-1,
7719,7694,7794,-1,
6959,6924,6974,-1,
7084,7039,7089,-1,
6959,6899,6909,-1,
6974,6924,6964,-1,
6959,6909,6924,-1,
7694,7684,7734,-1,
7059,6964,6979,-1,
7604,7569,7629,-1,
7359,7339,7376,-1,
7376,7339,7377,-1,
7794,7694,7734,-1,
7424,7376,7377,-1,
7659,7629,7684,-1,
7569,7534,7584,-1,
6974,6964,6994,-1,
7289,7244,7259,-1,
6994,6964,7059,-1,
7324,7259,7304,-1,
7289,7259,7324,-1,
7454,7419,7424,-1,
7504,7454,7459,-1,
7419,7376,7424,-1,
7659,7604,7629,-1,
7809,7719,7794,-1,
7534,7489,7504,-1,
7534,7504,7539,-1,
7849,7804,7809,-1,
7489,7454,7504,-1,
7454,7424,7459,-1,
7244,7224,7259,-1,
7859,7844,7874,-1,
7244,7179,7224,-1,
7209,7179,7244,-1,
7819,7844,7789,-1,
7804,7819,7789,-1,
7859,7789,7844,-1,
7804,7789,7784,-1,
7784,7789,7719,-1,
7719,7789,7694,-1,
7694,7789,7659,-1,
7659,7789,7604,-1,
7604,7789,7569,-1,
7569,7789,7534,-1,
7534,7789,7489,-1,
7489,7789,7454,-1,
7454,7789,7419,-1,
7419,7789,7376,-1,
7376,7789,7359,-1,
7324,7359,6989,-1,
7289,7324,6989,-1,
7244,7289,6989,-1,
7209,7244,6989,-1,
7174,7209,6989,-1,
7119,7174,6989,-1,
7084,7119,6989,-1,
7059,7084,6989,-1,
6994,7059,6989,-1,
7789,6989,7359,-1,
6994,6989,6974,-1,
6974,6989,6959,-1,
6959,6989,6934,-1,
6919,6934,6989,-1,
7864,7819,7849,-1,
7819,7804,7849,-1,
7844,7819,7874,-1,
7040,7039,6980,-1,
6979,6980,7039,-1,
7894,7895,7824,-1,
7825,7824,7895,-1,
6870,6869,6940,-1,
6939,6940,6869,-1,
7304,7259,7305,-1,
7260,7305,7259,-1,
7089,7039,7090,-1,
7040,7090,7039,-1,
6900,6899,6870,-1,
6869,6870,6899,-1,
6965,6964,6925,-1,
6924,6925,6964,-1,
6940,6939,7029,-1,
7824,7029,6939,-1,
7029,7824,7744,-1,
7825,7744,7824,-1,
7179,7134,7180,-1,
7135,7180,7134,-1,
7794,7795,7809,-1,
7810,7809,7795,-1,
7377,7339,7378,-1,
7340,7378,7339,-1,
6910,6909,6900,-1,
6899,6900,6909,-1,
6925,6924,6910,-1,
6909,6910,6924,-1,
7224,7179,7225,-1,
7180,7225,7179,-1,
7424,7377,7425,-1,
7378,7425,7377,-1,
7459,7424,7460,-1,
7425,7460,7424,-1,
7734,7735,7794,-1,
7795,7794,7735,-1,
6980,6979,6965,-1,
6964,6965,6979,-1,
7629,7584,7630,-1,
7585,7630,7584,-1,
7339,7304,7340,-1,
7305,7340,7304,-1,
7684,7629,7685,-1,
7630,7685,7629,-1,
7134,7089,7135,-1,
7090,7135,7089,-1,
7539,7504,7540,-1,
7505,7540,7504,-1,
7504,7459,7505,-1,
7460,7505,7459,-1,
7584,7539,7585,-1,
7540,7585,7539,-1,
7259,7224,7260,-1,
7225,7260,7224,-1,
7809,7810,7849,-1,
7850,7849,7810,-1,
7734,7684,7735,-1,
7685,7735,7684,-1,
7849,7850,7864,-1,
7865,7864,7850,-1,
7874,7875,7894,-1,
7895,7894,7875,-1,
7864,7865,7874,-1,
7875,7874,7865,-1,
8898,8900,8227,-1,
8227,8900,8878,-1,
8886,8878,8900,-1,
8245,8227,8878,-1,
8225,8898,8227,-1,
8237,8227,8245,-1,
9034,9018,8962,-1,
9002,8841,9018,-1,
8841,8962,9018,-1,
8841,9002,8833,-1,
8982,8833,9002,-1,
8877,8962,8853,-1,
8853,8962,8841,-1,
8833,8982,8805,-1,
8942,8805,8982,-1,
8805,8942,8797,-1,
8922,8797,8942,-1,
8797,8922,8769,-1,
8866,8769,8922,-1,
8769,8866,8761,-1,
8818,8761,8866,-1,
8761,8818,8733,-1,
8782,8733,8818,-1,
8733,8782,8721,-1,
8746,8721,8782,-1,
8721,8746,8693,-1,
8710,8693,8746,-1,
8693,8710,8669,-1,
8682,8669,8710,-1,
8669,8682,8657,-1,
8682,8646,8657,-1,
8657,8646,8629,-1,
8646,8618,8629,-1,
8629,8618,8601,-1,
8601,8618,8583,-1,
8618,8587,8583,-1,
8583,8587,8565,-1,
8587,8550,8565,-1,
8565,8550,8537,-1,
8550,8522,8537,-1,
8537,8522,8509,-1,
8497,8509,8486,-1,
8522,8486,8509,-1,
8473,8497,8454,-1,
8486,8454,8497,-1,
8441,8473,8410,-1,
8421,8441,8359,-1,
8454,8410,8473,-1,
8383,8421,8312,-1,
8370,8383,8253,-1,
8410,8359,8441,-1,
8328,8370,8196,-1,
8319,8328,8177,-1,
8359,8312,8421,-1,
8287,8319,8142,-1,
8274,8287,8124,-1,
8262,8274,8159,-1,
8312,8253,8383,-1,
8244,8262,8159,-1,
8253,8196,8370,-1,
8196,8177,8328,-1,
8115,8159,8274,-1,
8177,8142,8319,-1,
8142,8124,8287,-1,
8124,8115,8274,-1,
8089,8159,8115,-1,
8885,8899,8877,-1,
8226,8877,8899,-1,
8244,8877,8226,-1,
8236,8244,8226,-1,
8897,8226,8899,-1,
8224,8226,8897,-1,
8899,8900,8897,-1,
8898,8897,8900,-1,
8885,8886,8899,-1,
8900,8899,8886,-1,
8853,8854,8877,-1,
8854,8878,8877,-1,
8877,8878,8885,-1,
8886,8885,8878,-1,
8841,8842,8853,-1,
8854,8853,8842,-1,
8833,8834,8841,-1,
8842,8841,8834,-1,
8805,8806,8833,-1,
8834,8833,8806,-1,
8797,8798,8805,-1,
8806,8805,8798,-1,
8769,8770,8797,-1,
8798,8797,8770,-1,
8761,8762,8769,-1,
8770,8769,8762,-1,
8761,8733,8762,-1,
8734,8762,8733,-1,
8733,8721,8734,-1,
8722,8734,8721,-1,
8721,8693,8722,-1,
8694,8722,8693,-1,
8693,8669,8694,-1,
8670,8694,8669,-1,
8669,8657,8670,-1,
8658,8670,8657,-1,
8657,8629,8658,-1,
8630,8658,8629,-1,
8629,8601,8630,-1,
8602,8630,8601,-1,
8601,8583,8602,-1,
8584,8602,8583,-1,
8583,8565,8584,-1,
8566,8584,8565,-1,
8565,8537,8566,-1,
8538,8566,8537,-1,
8537,8509,8538,-1,
8510,8538,8509,-1,
8509,8497,8510,-1,
8498,8510,8497,-1,
8497,8473,8498,-1,
8474,8498,8473,-1,
8473,8441,8474,-1,
8442,8474,8441,-1,
8441,8421,8442,-1,
8422,8442,8421,-1,
8421,8383,8422,-1,
8384,8422,8383,-1,
8384,8383,8371,-1,
8370,8371,8383,-1,
8371,8370,8329,-1,
8328,8329,8370,-1,
8329,8328,8320,-1,
8319,8320,8328,-1,
8320,8319,8288,-1,
8287,8288,8319,-1,
8288,8287,8275,-1,
8274,8275,8287,-1,
8275,8274,8263,-1,
8262,8263,8274,-1,
8263,8262,8245,-1,
8262,8244,8245,-1,
8245,8244,8237,-1,
8236,8237,8244,-1,
8237,8236,8227,-1,
8226,8227,8236,-1,
8227,8226,8225,-1,
8224,8225,8226,-1,
8224,8897,8225,-1,
8898,8225,8897,-1,
9035,9036,8963,-1,
8964,8963,9036,-1,
8091,8090,8161,-1,
8160,8161,8090,-1,
8523,8487,8524,-1,
8488,8524,8487,-1,
8105,8104,8091,-1,
8090,8091,8104,-1,
8160,8245,8161,-1,
8878,8161,8245,-1,
8161,8878,8964,-1,
8963,8964,8878,-1,
8411,8360,8412,-1,
8361,8412,8360,-1,
8923,8924,8943,-1,
8944,8943,8924,-1,
8588,8551,8589,-1,
8552,8589,8551,-1,
8455,8411,8456,-1,
8412,8456,8411,-1,
8619,8588,8620,-1,
8589,8620,8588,-1,
8647,8619,8648,-1,
8620,8648,8619,-1,
8783,8747,8784,-1,
8748,8784,8747,-1,
8551,8523,8552,-1,
8524,8552,8523,-1,
8819,8783,8820,-1,
8784,8820,8783,-1,
8360,8346,8361,-1,
8347,8361,8346,-1,
8711,8683,8712,-1,
8684,8712,8683,-1,
8683,8647,8684,-1,
8648,8684,8647,-1,
8747,8711,8748,-1,
8712,8748,8711,-1,
8487,8455,8488,-1,
8456,8488,8455,-1,
8943,8944,8983,-1,
8984,8983,8944,-1,
8867,8819,8868,-1,
8820,8868,8819,-1,
8983,8984,9003,-1,
9004,9003,8984,-1,
9019,9020,9035,-1,
9036,9035,9020,-1,
8867,8868,8923,-1,
8924,8923,8868,-1,
9003,9004,9019,-1,
9020,9019,9004,-1,
8268,8195,8305,-1,
8745,8699,8709,-1,
8961,8911,9033,-1,
8531,8521,8549,-1,
9033,8911,8991,-1,
9033,8991,9017,-1,
8339,8305,8311,-1,
8201,8088,8135,-1,
8135,8114,8147,-1,
8827,8791,8817,-1,
8393,8339,8358,-1,
8931,8907,8941,-1,
8907,8847,8941,-1,
9017,8951,9001,-1,
8305,8195,8252,-1,
8559,8531,8549,-1,
8135,8088,8114,-1,
8158,8088,8201,-1,
8201,8911,8158,-1,
8961,8158,8911,-1,
8431,8358,8409,-1,
8393,8358,8431,-1,
8781,8727,8745,-1,
8339,8311,8358,-1,
8147,8114,8170,-1,
8847,8827,8921,-1,
8170,8141,8188,-1,
8305,8252,8311,-1,
8170,8114,8123,-1,
8188,8141,8176,-1,
8170,8123,8141,-1,
8827,8817,8865,-1,
8268,8176,8195,-1,
8755,8727,8781,-1,
8559,8549,8585,-1,
8585,8549,8586,-1,
8921,8827,8865,-1,
8617,8585,8586,-1,
8791,8781,8817,-1,
8727,8699,8745,-1,
8188,8176,8207,-1,
8503,8467,8485,-1,
8207,8176,8268,-1,
8531,8485,8521,-1,
8503,8485,8531,-1,
8635,8607,8617,-1,
8681,8635,8645,-1,
8607,8585,8617,-1,
8791,8755,8781,-1,
8941,8847,8921,-1,
8699,8663,8681,-1,
8699,8681,8709,-1,
8981,8931,8941,-1,
8663,8635,8681,-1,
8635,8617,8645,-1,
8467,8453,8485,-1,
8991,8971,9017,-1,
8467,8409,8453,-1,
8431,8409,8467,-1,
8951,8971,8911,-1,
8931,8951,8911,-1,
8991,8911,8971,-1,
8931,8911,8907,-1,
8907,8911,8847,-1,
8847,8911,8827,-1,
8827,8911,8791,-1,
8791,8911,8755,-1,
8755,8911,8727,-1,
8727,8911,8699,-1,
8699,8911,8663,-1,
8663,8911,8635,-1,
8635,8911,8607,-1,
8607,8911,8585,-1,
8585,8911,8559,-1,
8531,8559,8201,-1,
8503,8531,8201,-1,
8467,8503,8201,-1,
8431,8467,8201,-1,
8393,8431,8201,-1,
8339,8393,8201,-1,
8305,8339,8201,-1,
8268,8305,8201,-1,
8207,8268,8201,-1,
8911,8201,8559,-1,
8207,8201,8188,-1,
8188,8201,8170,-1,
8170,8201,8147,-1,
8135,8147,8201,-1,
9001,8951,8981,-1,
8951,8931,8981,-1,
8971,8951,9017,-1,
8253,8252,8196,-1,
8195,8196,8252,-1,
9033,9034,8961,-1,
8962,8961,9034,-1,
8089,8088,8159,-1,
8158,8159,8088,-1,
8521,8485,8522,-1,
8486,8522,8485,-1,
8311,8252,8312,-1,
8253,8312,8252,-1,
8115,8114,8089,-1,
8088,8089,8114,-1,
8177,8176,8142,-1,
8141,8142,8176,-1,
8159,8158,8244,-1,
8961,8244,8158,-1,
8244,8961,8877,-1,
8962,8877,8961,-1,
8409,8358,8410,-1,
8359,8410,8358,-1,
8921,8922,8941,-1,
8942,8941,8922,-1,
8586,8549,8587,-1,
8550,8587,8549,-1,
8124,8123,8115,-1,
8114,8115,8123,-1,
8142,8141,8124,-1,
8123,8124,8141,-1,
8453,8409,8454,-1,
8410,8454,8409,-1,
8617,8586,8618,-1,
8587,8618,8586,-1,
8645,8617,8646,-1,
8618,8646,8617,-1,
8865,8866,8921,-1,
8922,8921,8866,-1,
8196,8195,8177,-1,
8176,8177,8195,-1,
8781,8745,8782,-1,
8746,8782,8745,-1,
8549,8521,8550,-1,
8522,8550,8521,-1,
8817,8781,8818,-1,
8782,8818,8781,-1,
8358,8311,8359,-1,
8312,8359,8311,-1,
8709,8681,8710,-1,
8682,8710,8681,-1,
8681,8645,8682,-1,
8646,8682,8645,-1,
8745,8709,8746,-1,
8710,8746,8709,-1,
8485,8453,8486,-1,
8454,8486,8453,-1,
8941,8942,8981,-1,
8982,8981,8942,-1,
8865,8817,8866,-1,
8818,8866,8817,-1,
8981,8982,9001,-1,
9002,9001,8982,-1,
9017,9018,9033,-1,
9034,9033,9018,-1,
9001,9002,9017,-1,
9018,9017,9002,-1,
7781,7783,7018,-1,
7018,7783,7753,-1,
7763,7753,7783,-1,
7038,7018,7753,-1,
7016,7781,7018,-1,
7028,7018,7038,-1,
7911,7883,7841,-1,
7873,7717,7883,-1,
7717,7841,7883,-1,
7717,7873,7707,-1,
7858,7707,7873,-1,
7752,7841,7732,-1,
7732,7841,7717,-1,
7707,7858,7682,-1,
7818,7682,7858,-1,
7682,7818,7672,-1,
7803,7672,7818,-1,
7672,7803,7627,-1,
7743,7627,7803,-1,
7627,7743,7617,-1,
7693,7617,7743,-1,
7617,7693,7582,-1,
7646,7582,7693,-1,
7582,7646,7567,-1,
7601,7567,7646,-1,
7567,7601,7532,-1,
7556,7532,7601,-1,
7532,7556,7502,-1,
7521,7502,7556,-1,
7502,7521,7487,-1,
7521,7476,7487,-1,
7487,7476,7452,-1,
7476,7441,7452,-1,
7452,7441,7417,-1,
7417,7441,7402,-1,
7441,7406,7402,-1,
7402,7406,7372,-1,
7406,7356,7372,-1,
7372,7356,7337,-1,
7356,7321,7337,-1,
7337,7321,7302,-1,
7287,7302,7276,-1,
7321,7276,7302,-1,
7257,7287,7241,-1,
7276,7241,7287,-1,
7222,7257,7196,-1,
7207,7222,7151,-1,
7241,7196,7257,-1,
7172,7207,7098,-1,
7162,7172,7048,-1,
7196,7151,7222,-1,
7117,7162,6988,-1,
7107,7117,6973,-1,
7151,7098,7207,-1,
7082,7107,6933,-1,
7072,7082,6918,-1,
7057,7072,6956,-1,
7098,7048,7172,-1,
7037,7057,6956,-1,
7048,6988,7162,-1,
6988,6973,7117,-1,
6908,6956,7072,-1,
6973,6933,7107,-1,
6933,6918,7082,-1,
6918,6908,7072,-1,
6886,6956,6908,-1,
7762,7782,7752,-1,
7017,7752,7782,-1,
7037,7752,7017,-1,
7027,7037,7017,-1,
7780,7017,7782,-1,
7015,7017,7780,-1,
7782,7783,7780,-1,
7781,7780,7783,-1,
7762,7763,7782,-1,
7783,7782,7763,-1,
7732,7733,7752,-1,
7733,7753,7752,-1,
7752,7753,7762,-1,
7763,7762,7753,-1,
7717,7718,7732,-1,
7733,7732,7718,-1,
7707,7708,7717,-1,
7718,7717,7708,-1,
7682,7683,7707,-1,
7708,7707,7683,-1,
7672,7673,7682,-1,
7683,7682,7673,-1,
7627,7628,7672,-1,
7673,7672,7628,-1,
7617,7618,7627,-1,
7628,7627,7618,-1,
7617,7582,7618,-1,
7583,7618,7582,-1,
7582,7567,7583,-1,
7568,7583,7567,-1,
7567,7532,7568,-1,
7533,7568,7532,-1,
7532,7502,7533,-1,
7503,7533,7502,-1,
7502,7487,7503,-1,
7488,7503,7487,-1,
7487,7452,7488,-1,
7453,7488,7452,-1,
7452,7417,7453,-1,
7418,7453,7417,-1,
7417,7402,7418,-1,
7403,7418,7402,-1,
7402,7372,7403,-1,
7373,7403,7372,-1,
7372,7337,7373,-1,
7338,7373,7337,-1,
7337,7302,7338,-1,
7303,7338,7302,-1,
7302,7287,7303,-1,
7288,7303,7287,-1,
7287,7257,7288,-1,
7258,7288,7257,-1,
7257,7222,7258,-1,
7223,7258,7222,-1,
7222,7207,7223,-1,
7208,7223,7207,-1,
7207,7172,7208,-1,
7173,7208,7172,-1,
7173,7172,7163,-1,
7162,7163,7172,-1,
7163,7162,7118,-1,
7117,7118,7162,-1,
7118,7117,7108,-1,
7107,7108,7117,-1,
7108,7107,7083,-1,
7082,7083,7107,-1,
7083,7082,7073,-1,
7072,7073,7082,-1,
7073,7072,7058,-1,
7057,7058,7072,-1,
7058,7057,7038,-1,
7057,7037,7038,-1,
7038,7037,7028,-1,
7027,7028,7037,-1,
7028,7027,7018,-1,
7017,7018,7027,-1,
7018,7017,7016,-1,
7015,7016,7017,-1,
7015,7780,7016,-1,
7781,7016,7780,-1,
7912,7913,7842,-1,
7843,7842,7913,-1,
6888,6887,6958,-1,
6957,6958,6887,-1,
7322,7277,7323,-1,
7278,7323,7277,-1,
6898,6897,6888,-1,
6887,6888,6897,-1,
6957,7038,6958,-1,
7753,6958,7038,-1,
6958,7753,7843,-1,
7842,7843,7753,-1,
7197,7152,7198,-1,
7153,7198,7152,-1,
7407,7357,7408,-1,
7358,7408,7357,-1,
7242,7197,7243,-1,
7198,7243,7197,-1,
7442,7407,7443,-1,
7408,7443,7407,-1,
7477,7442,7478,-1,
7443,7478,7442,-1,
7647,7602,7648,-1,
7603,7648,7602,-1,
7357,7322,7358,-1,
7323,7358,7322,-1,
7657,7647,7658,-1,
7648,7658,7647,-1,
7152,7132,7153,-1,
7133,7153,7132,-1,
7557,7522,7558,-1,
7523,7558,7522,-1,
7522,7477,7523,-1,
7478,7523,7477,-1,
7602,7557,7603,-1,
7558,7603,7557,-1,
7277,7242,7278,-1,
7243,7278,7242,-1,
7892,7893,7912,-1,
7913,7912,7893,-1,
7063,6987,7088,-1,
7600,7538,7555,-1,
7840,7793,7910,-1,
7328,7320,7355,-1,
7910,7793,7863,-1,
7910,7863,7882,-1,
7123,7088,7097,-1,
6993,6885,6923,-1,
6923,6907,6938,-1,
7698,7663,7692,-1,
7178,7123,7150,-1,
7808,7788,7817,-1,
7788,7723,7817,-1,
7882,7823,7872,-1,
7088,6987,7047,-1,
7363,7328,7355,-1,
6923,6885,6907,-1,
6955,6885,6993,-1,
6993,7793,6955,-1,
7840,6955,7793,-1,
7213,7150,7195,-1,
7178,7150,7213,-1,
7645,7573,7600,-1,
7123,7097,7150,-1,
6938,6907,6963,-1,
7723,7698,7802,-1,
6963,6932,6978,-1,
7088,7047,7097,-1,
6963,6907,6917,-1,
6978,6932,6972,-1,
6963,6917,6932,-1,
7698,7692,7742,-1,
7063,6972,6987,-1,
7608,7573,7645,-1,
7363,7355,7404,-1,
7404,7355,7405,-1,
7802,7698,7742,-1,
7440,7404,7405,-1,
7663,7645,7692,-1,
7573,7538,7600,-1,
6978,6972,6998,-1,
7293,7248,7275,-1,
6998,6972,7063,-1,
7328,7275,7320,-1,
7293,7275,7328,-1,
7458,7423,7440,-1,
7520,7458,7475,-1,
7423,7404,7440,-1,
7663,7608,7645,-1,
7817,7723,7802,-1,
7538,7493,7520,-1,
7538,7520,7555,-1,
7857,7808,7817,-1,
7493,7458,7520,-1,
7458,7440,7475,-1,
7248,7240,7275,-1,
7863,7848,7882,-1,
7248,7195,7240,-1,
7213,7195,7248,-1,
7823,7848,7793,-1,
7808,7823,7793,-1,
7863,7793,7848,-1,
7808,7793,7788,-1,
7788,7793,7723,-1,
7723,7793,7698,-1,
7698,7793,7663,-1,
7663,7793,7608,-1,
7608,7793,7573,-1,
7573,7793,7538,-1,
7538,7793,7493,-1,
7493,7793,7458,-1,
7458,7793,7423,-1,
7423,7793,7404,-1,
7404,7793,7363,-1,
7328,7363,6993,-1,
7293,7328,6993,-1,
7248,7293,6993,-1,
7213,7248,6993,-1,
7178,7213,6993,-1,
7123,7178,6993,-1,
7088,7123,6993,-1,
7063,7088,6993,-1,
6998,7063,6993,-1,
7793,6993,7363,-1,
6998,6993,6978,-1,
6978,6993,6963,-1,
6963,6993,6938,-1,
6923,6938,6993,-1,
7872,7823,7857,-1,
7823,7808,7857,-1,
7848,7823,7882,-1,
7048,7047,6988,-1,
6987,6988,7047,-1,
7910,7911,7840,-1,
7841,7840,7911,-1,
6886,6885,6956,-1,
6955,6956,6885,-1,
7320,7275,7321,-1,
7276,7321,7275,-1,
7097,7047,7098,-1,
7048,7098,7047,-1,
6908,6907,6886,-1,
6885,6886,6907,-1,
6973,6972,6933,-1,
6932,6933,6972,-1,
6956,6955,7037,-1,
7840,7037,6955,-1,
7037,7840,7752,-1,
7841,7752,7840,-1,
7195,7150,7196,-1,
7151,7196,7150,-1,
7802,7803,7817,-1,
7818,7817,7803,-1,
7405,7355,7406,-1,
7356,7406,7355,-1,
6918,6917,6908,-1,
6907,6908,6917,-1,
6933,6932,6918,-1,
6917,6918,6932,-1,
7240,7195,7241,-1,
7196,7241,7195,-1,
7440,7405,7441,-1,
7406,7441,7405,-1,
7475,7440,7476,-1,
7441,7476,7440,-1,
7742,7743,7802,-1,
7803,7802,7743,-1,
6988,6987,6973,-1,
6972,6973,6987,-1,
7645,7600,7646,-1,
7601,7646,7600,-1,
7355,7320,7356,-1,
7321,7356,7320,-1,
7692,7645,7693,-1,
7646,7693,7645,-1,
7150,7097,7151,-1,
7098,7151,7097,-1,
7555,7520,7556,-1,
7521,7556,7520,-1,
7520,7475,7521,-1,
7476,7521,7475,-1,
7600,7555,7601,-1,
7556,7601,7555,-1,
7275,7240,7276,-1,
7241,7276,7240,-1,
7817,7818,7857,-1,
7858,7857,7818,-1,
7742,7692,7743,-1,
7693,7743,7692,-1,
7857,7858,7872,-1,
7873,7872,7858,-1,
7882,7883,7910,-1,
7911,7910,7883,-1,
7872,7873,7882,-1,
7883,7882,7873,-1,
1365,1367,699,-1,
699,1367,1351,-1,
1357,1351,1367,-1,
713,699,1351,-1,
697,1365,699,-1,
707,699,713,-1,
1474,1455,1412,-1,
1447,1322,1455,-1,
1322,1412,1455,-1,
1322,1447,1316,-1,
1428,1316,1447,-1,
1350,1412,1336,-1,
1336,1412,1322,-1,
1316,1428,1299,-1,
1397,1299,1428,-1,
1299,1397,1288,-1,
1381,1288,1397,-1,
1288,1381,1259,-1,
1345,1259,1381,-1,
1259,1345,1252,-1,
1306,1252,1345,-1,
1252,1306,1225,-1,
1268,1225,1306,-1,
1225,1268,1209,-1,
1234,1209,1268,-1,
1209,1234,1185,-1,
1200,1185,1234,-1,
1185,1200,1160,-1,
1170,1160,1200,-1,
1160,1170,1143,-1,
1170,1133,1143,-1,
1143,1133,1115,-1,
1133,1103,1115,-1,
1115,1103,1086,-1,
1086,1103,1043,-1,
1103,1047,1043,-1,
1043,1047,1014,-1,
1047,994,1014,-1,
1014,994,976,-1,
994,951,976,-1,
976,951,936,-1,
910,936,898,-1,
951,898,936,-1,
885,910,864,-1,
898,864,910,-1,
855,885,828,-1,
843,855,794,-1,
864,828,885,-1,
816,843,764,-1,
807,816,721,-1,
828,794,855,-1,
779,807,672,-1,
773,779,655,-1,
794,764,843,-1,
746,773,618,-1,
739,746,603,-1,
730,739,635,-1,
764,721,816,-1,
712,730,635,-1,
721,672,807,-1,
672,655,779,-1,
584,635,739,-1,
655,618,773,-1,
618,603,746,-1,
603,584,739,-1,
572,635,584,-1,
1356,1366,1350,-1,
698,1350,1366,-1,
712,1350,698,-1,
706,712,698,-1,
1364,698,1366,-1,
696,698,1364,-1,
1366,1367,1364,-1,
1365,1364,1367,-1,
1356,1357,1366,-1,
1367,1366,1357,-1,
1336,1337,1350,-1,
1337,1351,1350,-1,
1350,1351,1356,-1,
1357,1356,1351,-1,
1322,1323,1336,-1,
1337,1336,1323,-1,
1316,1317,1322,-1,
1323,1322,1317,-1,
1299,1300,1316,-1,
1317,1316,1300,-1,
1288,1289,1299,-1,
1300,1299,1289,-1,
1259,1260,1288,-1,
1289,1288,1260,-1,
1252,1253,1259,-1,
1260,1259,1253,-1,
1252,1225,1253,-1,
1226,1253,1225,-1,
1225,1209,1226,-1,
1210,1226,1209,-1,
1209,1185,1210,-1,
1186,1210,1185,-1,
1185,1160,1186,-1,
1161,1186,1160,-1,
1160,1143,1161,-1,
1144,1161,1143,-1,
1143,1115,1144,-1,
1116,1144,1115,-1,
1115,1086,1116,-1,
1087,1116,1086,-1,
1086,1043,1087,-1,
1044,1087,1043,-1,
1043,1014,1044,-1,
1015,1044,1014,-1,
1014,976,1015,-1,
977,1015,976,-1,
976,936,977,-1,
937,977,936,-1,
936,910,937,-1,
911,937,910,-1,
910,885,911,-1,
886,911,885,-1,
885,855,886,-1,
856,886,855,-1,
855,843,856,-1,
844,856,843,-1,
843,816,844,-1,
817,844,816,-1,
817,816,808,-1,
807,808,816,-1,
808,807,780,-1,
779,780,807,-1,
780,779,774,-1,
773,774,779,-1,
774,773,747,-1,
746,747,773,-1,
747,746,740,-1,
739,740,746,-1,
740,739,731,-1,
730,731,739,-1,
731,730,713,-1,
730,712,713,-1,
713,712,707,-1,
706,707,712,-1,
707,706,699,-1,
698,699,706,-1,
699,698,697,-1,
696,697,698,-1,
696,1364,697,-1,
1365,697,1364,-1,
723,722,674,-1,
673,674,722,-1,
1475,1476,1413,-1,
1414,1413,1476,-1,
574,573,637,-1,
636,637,573,-1,
952,899,953,-1,
900,953,899,-1,
765,722,766,-1,
723,766,722,-1,
586,585,574,-1,
573,574,585,-1,
657,656,620,-1,
619,620,656,-1,
636,713,637,-1,
1351,637,713,-1,
637,1351,1414,-1,
1413,1414,1351,-1,
829,795,830,-1,
796,830,795,-1,
1048,995,1049,-1,
996,1049,995,-1,
605,604,586,-1,
585,586,604,-1,
620,619,605,-1,
604,605,619,-1,
865,829,866,-1,
830,866,829,-1,
1104,1048,1105,-1,
1049,1105,1048,-1,
1134,1104,1135,-1,
1105,1135,1104,-1,
674,673,657,-1,
656,657,673,-1,
1269,1235,1270,-1,
1236,1270,1235,-1,
995,952,996,-1,
953,996,952,-1,
1277,1269,1278,-1,
1270,1278,1269,-1,
795,765,796,-1,
766,796,765,-1,
1201,1171,1202,-1,
1172,1202,1171,-1,
1171,1134,1172,-1,
1135,1172,1134,-1,
1235,1201,1236,-1,
1202,1236,1201,-1,
899,865,900,-1,
866,900,865,-1,
1463,1464,1475,-1,
1476,1475,1464,-1,
735,671,757,-1,
1233,1190,1199,-1,
1411,1376,1473,-1,
959,950,993,-1,
1473,1376,1432,-1,
1473,1432,1454,-1,
787,757,763,-1,
680,571,611,-1,
611,583,626,-1,
1312,1284,1305,-1,
821,787,793,-1,
1392,1373,1396,-1,
1373,1331,1396,-1,
1454,1401,1446,-1,
757,671,720,-1,
1004,959,993,-1,
611,571,583,-1,
634,571,680,-1,
680,1376,634,-1,
1411,634,1376,-1,
849,793,827,-1,
821,793,849,-1,
1267,1218,1233,-1,
787,763,793,-1,
626,583,648,-1,
1331,1312,1380,-1,
648,617,663,-1,
757,720,763,-1,
648,583,602,-1,
663,617,654,-1,
648,602,617,-1,
1312,1305,1344,-1,
735,654,671,-1,
1248,1218,1267,-1,
1004,993,1045,-1,
1045,993,1046,-1,
1380,1312,1344,-1,
1102,1045,1046,-1,
1284,1267,1305,-1,
1218,1190,1233,-1,
663,654,684,-1,
919,881,897,-1,
684,654,735,-1,
959,897,950,-1,
919,897,959,-1,
1126,1094,1102,-1,
1169,1126,1132,-1,
1094,1045,1102,-1,
1284,1248,1267,-1,
1396,1331,1380,-1,
1190,1156,1169,-1,
1190,1169,1199,-1,
1427,1392,1396,-1,
1156,1126,1169,-1,
1126,1102,1132,-1,
881,863,897,-1,
1432,1422,1454,-1,
881,827,863,-1,
849,827,881,-1,
1401,1422,1376,-1,
1392,1401,1376,-1,
1432,1376,1422,-1,
1392,1376,1373,-1,
1373,1376,1331,-1,
1331,1376,1312,-1,
1312,1376,1284,-1,
1284,1376,1248,-1,
1248,1376,1218,-1,
1218,1376,1190,-1,
1190,1376,1156,-1,
1156,1376,1126,-1,
1126,1376,1094,-1,
1094,1376,1045,-1,
1045,1376,1004,-1,
959,1004,680,-1,
919,959,680,-1,
881,919,680,-1,
849,881,680,-1,
821,849,680,-1,
787,821,680,-1,
757,787,680,-1,
735,757,680,-1,
684,735,680,-1,
1376,680,1004,-1,
684,680,663,-1,
663,680,648,-1,
648,680,626,-1,
611,626,680,-1,
1446,1401,1427,-1,
1401,1392,1427,-1,
1422,1401,1454,-1,
721,720,672,-1,
671,672,720,-1,
1473,1474,1411,-1,
1412,1411,1474,-1,
572,571,635,-1,
634,635,571,-1,
950,897,951,-1,
898,951,897,-1,
763,720,764,-1,
721,764,720,-1,
584,583,572,-1,
571,572,583,-1,
655,654,618,-1,
617,618,654,-1,
635,634,712,-1,
1411,712,634,-1,
712,1411,1350,-1,
1412,1350,1411,-1,
827,793,828,-1,
794,828,793,-1,
1380,1381,1396,-1,
1397,1396,1381,-1,
1046,993,1047,-1,
994,1047,993,-1,
603,602,584,-1,
583,584,602,-1,
618,617,603,-1,
602,603,617,-1,
863,827,864,-1,
828,864,827,-1,
1102,1046,1103,-1,
1047,1103,1046,-1,
1132,1102,1133,-1,
1103,1133,1102,-1,
1344,1345,1380,-1,
1381,1380,1345,-1,
672,671,655,-1,
654,655,671,-1,
1267,1233,1268,-1,
1234,1268,1233,-1,
993,950,994,-1,
951,994,950,-1,
1305,1267,1306,-1,
1268,1306,1267,-1,
793,763,794,-1,
764,794,763,-1,
1199,1169,1200,-1,
1170,1200,1169,-1,
1169,1132,1170,-1,
1133,1170,1132,-1,
1233,1199,1234,-1,
1200,1234,1199,-1,
897,863,898,-1,
864,898,863,-1,
1396,1397,1427,-1,
1428,1427,1397,-1,
1344,1305,1345,-1,
1306,1345,1305,-1,
1427,1428,1446,-1,
1447,1446,1428,-1,
1454,1455,1473,-1,
1474,1473,1455,-1,
1446,1447,1454,-1,
1455,1454,1447,-1,
2625,2611,2573,-1,
2603,2475,2611,-1,
2475,2573,2611,-1,
2475,2603,2467,-1,
2591,2467,2603,-1,
2505,2573,2489,-1,
2489,2573,2475,-1,
2467,2591,2443,-1,
2561,2443,2591,-1,
2443,2561,2435,-1,
2549,2435,2561,-1,
2435,2549,2399,-1,
2498,2399,2549,-1,
2399,2498,2391,-1,
2454,2391,2498,-1,
2391,2454,2361,-1,
2408,2361,2454,-1,
2361,2408,2349,-1,
2372,2349,2408,-1,
2349,2372,2321,-1,
2334,2321,2372,-1,
2321,2334,2297,-1,
2306,2297,2334,-1,
2297,2306,2285,-1,
2306,2270,2285,-1,
2285,2270,2257,-1,
2270,2242,2257,-1,
2257,2242,2229,-1,
2229,2242,2201,-1,
2242,2205,2201,-1,
2201,2205,2193,-1,
2205,2174,2193,-1,
2193,2174,2165,-1,
2174,2146,2165,-1,
2165,2146,2137,-1,
2125,2137,2110,-1,
2146,2110,2137,-1,
2101,2125,2082,-1,
2110,2082,2125,-1,
2073,2101,2044,-1,
2059,2073,2008,-1,
2082,2044,2101,-1,
2031,2059,1966,-1,
2023,2031,1922,-1,
2044,2008,2073,-1,
1985,2023,1874,-1,
1975,1985,1862,-1,
2008,1966,2059,-1,
1951,1975,1832,-1,
1943,1951,1820,-1,
1929,1943,1844,-1,
1966,1922,2031,-1,
1914,1929,1844,-1,
1922,1874,2023,-1,
1874,1862,1985,-1,
1812,1844,1943,-1,
1862,1832,1975,-1,
1832,1820,1951,-1,
1820,1812,1943,-1,
1792,1844,1812,-1,
2512,2524,2505,-1,
1892,2505,2524,-1,
1914,2505,1892,-1,
1906,1914,1892,-1,
2520,1892,2524,-1,
1889,1892,2520,-1,
2525,2522,2524,-1,
2524,2522,2520,-1,
2521,2520,2522,-1,
2512,2513,2524,-1,
2525,2524,2513,-1,
2489,2490,2505,-1,
2512,2505,2513,-1,
2490,2513,2505,-1,
2475,2476,2489,-1,
2490,2489,2476,-1,
2467,2468,2475,-1,
2476,2475,2468,-1,
2443,2444,2467,-1,
2468,2467,2444,-1,
2435,2436,2443,-1,
2444,2443,2436,-1,
2399,2400,2435,-1,
2436,2435,2400,-1,
2391,2392,2399,-1,
2400,2399,2392,-1,
2391,2361,2392,-1,
2362,2392,2361,-1,
2361,2349,2362,-1,
2350,2362,2349,-1,
2349,2321,2350,-1,
2322,2350,2321,-1,
2321,2297,2322,-1,
2298,2322,2297,-1,
2297,2285,2298,-1,
2286,2298,2285,-1,
2285,2257,2286,-1,
2258,2286,2257,-1,
2257,2229,2258,-1,
2230,2258,2229,-1,
2229,2201,2230,-1,
2202,2230,2201,-1,
2201,2193,2202,-1,
2194,2202,2193,-1,
2193,2165,2194,-1,
2166,2194,2165,-1,
2165,2137,2166,-1,
2138,2166,2137,-1,
2137,2125,2138,-1,
2126,2138,2125,-1,
2125,2101,2126,-1,
2102,2126,2101,-1,
2101,2073,2102,-1,
2074,2102,2073,-1,
2073,2059,2074,-1,
2060,2074,2059,-1,
2059,2031,2060,-1,
2032,2060,2031,-1,
2032,2031,2024,-1,
2023,2024,2031,-1,
2024,2023,1986,-1,
1985,1986,2023,-1,
1986,1985,1976,-1,
1975,1976,1985,-1,
1976,1975,1952,-1,
1951,1952,1975,-1,
1952,1951,1944,-1,
1943,1944,1951,-1,
1944,1943,1930,-1,
1929,1930,1943,-1,
1929,1914,1930,-1,
1930,1914,1907,-1,
1906,1907,1914,-1,
1907,1906,1893,-1,
1892,1893,1906,-1,
1893,1892,1891,-1,
1890,1891,1889,-1,
1892,1889,1891,-1,
1889,2520,1890,-1,
2521,1890,2520,-1,
2147,2111,2148,-1,
2112,2148,2111,-1,
2071,2369,2072,-1,
2370,2072,2369,-1,
2045,2009,2046,-1,
2010,2046,2009,-1,
2206,2175,2207,-1,
2176,2207,2175,-1,
2083,2045,2084,-1,
2046,2084,2045,-1,
2243,2206,2244,-1,
2207,2244,2206,-1,
2271,2243,2272,-1,
2244,2272,2243,-1,
2409,2373,2410,-1,
2374,2410,2373,-1,
2175,2147,2176,-1,
2148,2176,2147,-1,
2423,2409,2424,-1,
2410,2424,2409,-1,
2009,1999,2010,-1,
2000,2010,1999,-1,
2335,2307,2336,-1,
2308,2336,2307,-1,
2307,2271,2308,-1,
2272,2308,2271,-1,
2373,2335,2374,-1,
2336,2374,2335,-1,
2111,2083,2112,-1,
2084,2112,2083,-1,
1937,1873,1961,-1,
2371,2329,2333,-1,
2572,2544,2624,-1,
2161,2145,2173,-1,
2624,2544,2598,-1,
2624,2598,2610,-1,
1995,1961,1965,-1,
1881,1791,1827,-1,
1827,1811,1839,-1,
2461,2431,2453,-1,
2039,1995,2007,-1,
2556,2540,2560,-1,
2540,2485,2560,-1,
2610,2568,2602,-1,
1961,1873,1921,-1,
2189,2161,2173,-1,
1827,1791,1811,-1,
1843,1791,1881,-1,
1881,2544,1843,-1,
2572,1843,2544,-1,
2067,2007,2043,-1,
2039,2007,2067,-1,
2407,2357,2371,-1,
1995,1965,2007,-1,
1839,1811,1857,-1,
2485,2461,2548,-1,
1857,1831,1869,-1,
1961,1921,1965,-1,
1857,1811,1819,-1,
1869,1831,1861,-1,
1857,1819,1831,-1,
2461,2453,2497,-1,
1937,1861,1873,-1,
2387,2357,2407,-1,
2189,2173,2203,-1,
2203,2173,2204,-1,
2548,2461,2497,-1,
2241,2203,2204,-1,
2431,2407,2453,-1,
2357,2329,2371,-1,
1869,1861,1885,-1,
2133,2097,2109,-1,
1885,1861,1937,-1,
2161,2109,2145,-1,
2133,2109,2161,-1,
2265,2237,2241,-1,
2305,2265,2269,-1,
2237,2203,2241,-1,
2431,2387,2407,-1,
2560,2485,2548,-1,
2329,2293,2305,-1,
2329,2305,2333,-1,
2590,2556,2560,-1,
2293,2265,2305,-1,
2265,2241,2269,-1,
2097,2081,2109,-1,
2598,2586,2610,-1,
2097,2043,2081,-1,
2067,2043,2097,-1,
2568,2586,2544,-1,
2556,2568,2544,-1,
2598,2544,2586,-1,
2556,2544,2540,-1,
2540,2544,2485,-1,
2485,2544,2461,-1,
2461,2544,2431,-1,
2431,2544,2387,-1,
2387,2544,2357,-1,
2357,2544,2329,-1,
2329,2544,2293,-1,
2293,2544,2265,-1,
2265,2544,2237,-1,
2237,2544,2203,-1,
2203,2544,2189,-1,
2161,2189,1881,-1,
2133,2161,1881,-1,
2097,2133,1881,-1,
2067,2097,1881,-1,
2039,2067,1881,-1,
1995,2039,1881,-1,
1961,1995,1881,-1,
1937,1961,1881,-1,
1885,1937,1881,-1,
2544,1881,2189,-1,
1885,1881,1869,-1,
1869,1881,1857,-1,
1857,1881,1839,-1,
1827,1839,1881,-1,
2602,2568,2590,-1,
2568,2556,2590,-1,
2586,2568,2610,-1,
1922,1921,1874,-1,
1873,1874,1921,-1,
2624,2625,2572,-1,
2573,2572,2625,-1,
1792,1791,1844,-1,
1843,1844,1791,-1,
2145,2109,2146,-1,
2110,2146,2109,-1,
1965,1921,1966,-1,
1922,1966,1921,-1,
1812,1811,1792,-1,
1791,1792,1811,-1,
1862,1861,1832,-1,
1831,1832,1861,-1,
1844,1843,1914,-1,
2572,1914,1843,-1,
1914,2572,2505,-1,
2573,2505,2572,-1,
2043,2007,2044,-1,
2008,2044,2007,-1,
2548,2549,2560,-1,
2561,2560,2549,-1,
2204,2173,2205,-1,
2174,2205,2173,-1,
1820,1819,1812,-1,
1811,1812,1819,-1,
1832,1831,1820,-1,
1819,1820,1831,-1,
2081,2043,2082,-1,
2044,2082,2043,-1,
2241,2204,2242,-1,
2205,2242,2204,-1,
2269,2241,2270,-1,
2242,2270,2241,-1,
2497,2498,2548,-1,
2549,2548,2498,-1,
1874,1873,1862,-1,
1861,1862,1873,-1,
2407,2371,2408,-1,
2372,2408,2371,-1,
2173,2145,2174,-1,
2146,2174,2145,-1,
2453,2407,2454,-1,
2408,2454,2407,-1,
2007,1965,2008,-1,
1966,2008,1965,-1,
2333,2305,2334,-1,
2306,2334,2305,-1,
2305,2269,2306,-1,
2270,2306,2269,-1,
2371,2333,2372,-1,
2334,2372,2333,-1,
2109,2081,2110,-1,
2082,2110,2081,-1,
2560,2561,2590,-1,
2591,2590,2561,-1,
2497,2453,2498,-1,
2454,2498,2453,-1,
2590,2591,2602,-1,
2603,2602,2591,-1,
2610,2611,2624,-1,
2625,2624,2611,-1,
2602,2603,2610,-1,
2611,2610,2603,-1,
477,471,521,-1,
485,481,467,-1,
445,467,483,-1,
471,463,483,-1,
463,455,483,-1,
455,451,483,-1,
451,449,483,-1,
449,447,483,-1,
447,445,483,-1,
443,467,445,-1,
1058,1027,1007,-1,
1007,1027,906,-1,
1002,906,1027,-1,
906,1002,889,-1,
928,1007,923,-1,
923,1007,906,-1,
973,889,1002,-1,
889,973,875,-1,
933,875,973,-1,
875,933,851,-1,
892,851,933,-1,
851,892,835,-1,
872,835,892,-1,
835,872,811,-1,
838,811,872,-1,
811,838,784,-1,
802,784,838,-1,
784,802,750,-1,
753,750,802,-1,
750,753,690,-1,
753,687,690,-1,
690,687,665,-1,
687,644,665,-1,
665,644,628,-1,
628,644,596,-1,
644,592,596,-1,
596,592,565,-1,
592,561,565,-1,
565,561,558,-1,
561,554,558,-1,
558,554,551,-1,
548,551,545,-1,
554,545,551,-1,
542,548,538,-1,
545,538,548,-1,
535,542,527,-1,
530,535,518,-1,
538,527,542,-1,
524,530,500,-1,
521,524,477,-1,
527,518,535,-1,
514,521,471,-1,
508,514,471,-1,
518,500,530,-1,
497,508,471,-1,
493,497,471,-1,
488,493,471,-1,
483,488,471,-1,
500,477,524,-1,
481,483,467,-1,
930,940,928,-1,
490,928,940,-1,
967,490,940,-1,
506,490,967,-1,
928,490,485,-1,
486,485,490,-1,
940,941,967,-1,
968,967,941,-1,
930,931,940,-1,
941,940,931,-1,
923,924,928,-1,
924,929,928,-1,
928,929,930,-1,
931,930,929,-1,
906,907,923,-1,
924,923,907,-1,
889,890,906,-1,
907,906,890,-1,
875,876,889,-1,
890,889,876,-1,
851,852,875,-1,
876,875,852,-1,
851,835,852,-1,
836,852,835,-1,
835,811,836,-1,
812,836,811,-1,
811,784,812,-1,
785,812,784,-1,
784,750,785,-1,
751,785,750,-1,
750,690,751,-1,
691,751,690,-1,
690,665,691,-1,
666,691,665,-1,
665,628,666,-1,
629,666,628,-1,
628,596,629,-1,
597,629,596,-1,
596,565,597,-1,
566,597,565,-1,
565,558,566,-1,
559,566,558,-1,
558,551,559,-1,
552,559,551,-1,
551,548,552,-1,
549,552,548,-1,
548,542,549,-1,
543,549,542,-1,
542,535,543,-1,
536,543,535,-1,
535,530,536,-1,
531,536,530,-1,
530,524,531,-1,
525,531,524,-1,
525,524,522,-1,
521,522,524,-1,
522,521,515,-1,
514,515,521,-1,
515,514,509,-1,
508,509,514,-1,
509,508,498,-1,
497,498,508,-1,
498,497,494,-1,
493,494,497,-1,
494,493,489,-1,
488,489,493,-1,
489,488,484,-1,
483,484,488,-1,
484,483,482,-1,
481,482,483,-1,
481,485,482,-1,
482,485,487,-1,
486,487,485,-1,
487,486,491,-1,
490,491,486,-1,
491,490,492,-1,
507,492,506,-1,
490,506,492,-1,
506,967,507,-1,
968,507,967,-1,
465,464,457,-1,
456,457,464,-1,
1022,1023,1008,-1,
1009,1008,1023,-1,
539,528,540,-1,
529,540,528,-1,
473,472,465,-1,
464,465,472,-1,
532,929,533,-1,
533,929,1009,-1,
1008,1009,929,-1,
501,478,502,-1,
479,502,478,-1,
555,546,556,-1,
547,556,546,-1,
519,501,520,-1,
502,520,501,-1,
562,555,563,-1,
556,563,555,-1,
593,562,594,-1,
563,594,562,-1,
457,456,453,-1,
452,453,456,-1,
803,754,804,-1,
755,804,754,-1,
546,539,547,-1,
540,547,539,-1,
839,803,840,-1,
804,840,803,-1,
479,478,473,-1,
472,473,478,-1,
688,645,689,-1,
646,689,645,-1,
645,593,646,-1,
594,646,593,-1,
754,688,755,-1,
689,755,688,-1,
528,519,529,-1,
520,529,519,-1,
873,839,874,-1,
840,874,839,-1,
878,873,879,-1,
874,879,873,-1,
469,454,474,-1,
752,682,686,-1,
1006,965,1057,-1,
541,537,544,-1,
1057,965,1010,-1,
1057,1010,1026,-1,
474,470,480,-1,
475,442,458,-1,
458,444,459,-1,
847,813,837,-1,
480,476,505,-1,
927,905,932,-1,
905,877,932,-1,
1026,961,1001,-1,
474,454,462,-1,
550,541,544,-1,
458,442,444,-1,
466,442,475,-1,
466,475,1006,-1,
965,1006,475,-1,
516,476,499,-1,
505,476,516,-1,
801,743,752,-1,
480,470,476,-1,
459,444,460,-1,
877,847,891,-1,
460,448,461,-1,
474,462,470,-1,
460,444,446,-1,
461,448,450,-1,
460,446,448,-1,
847,837,871,-1,
469,450,454,-1,
783,743,801,-1,
550,544,557,-1,
557,544,553,-1,
891,847,871,-1,
557,553,560,-1,
813,801,837,-1,
743,682,752,-1,
461,450,468,-1,
534,523,526,-1,
468,450,469,-1,
541,526,537,-1,
534,526,541,-1,
564,560,595,-1,
595,591,643,-1,
564,557,560,-1,
813,783,801,-1,
932,877,891,-1,
682,642,643,-1,
682,643,686,-1,
972,927,932,-1,
642,595,643,-1,
595,560,591,-1,
523,517,526,-1,
1010,981,1026,-1,
523,499,517,-1,
516,499,523,-1,
1010,965,981,-1,
981,965,961,-1,
961,965,927,-1,
927,965,905,-1,
905,965,877,-1,
877,965,847,-1,
847,965,813,-1,
813,965,783,-1,
783,965,743,-1,
743,965,682,-1,
682,965,642,-1,
642,965,595,-1,
595,965,564,-1,
564,965,557,-1,
557,965,550,-1,
541,550,475,-1,
534,541,475,-1,
523,534,475,-1,
516,523,475,-1,
505,516,475,-1,
480,505,475,-1,
965,475,550,-1,
480,475,474,-1,
474,475,469,-1,
469,475,468,-1,
468,475,461,-1,
461,475,460,-1,
460,475,459,-1,
458,459,475,-1,
1001,961,972,-1,
961,927,972,-1,
981,961,1026,-1,
463,462,455,-1,
454,455,462,-1,
1057,1058,1006,-1,
1007,1006,1058,-1,
442,466,443,-1,
467,443,466,-1,
537,526,538,-1,
527,538,526,-1,
471,470,463,-1,
462,463,470,-1,
445,444,443,-1,
442,443,444,-1,
451,450,449,-1,
448,449,450,-1,
467,466,485,-1,
1006,485,466,-1,
485,1006,928,-1,
1007,928,1006,-1,
499,476,500,-1,
477,500,476,-1,
932,891,933,-1,
892,933,891,-1,
553,544,554,-1,
545,554,544,-1,
447,446,445,-1,
444,445,446,-1,
449,448,447,-1,
446,447,448,-1,
517,499,518,-1,
500,518,499,-1,
560,553,561,-1,
554,561,553,-1,
591,560,592,-1,
561,592,560,-1,
891,871,892,-1,
872,892,871,-1,
455,454,451,-1,
450,451,454,-1,
801,752,802,-1,
753,802,752,-1,
544,537,545,-1,
538,545,537,-1,
837,801,838,-1,
802,838,801,-1,
477,476,471,-1,
470,471,476,-1,
686,643,687,-1,
644,687,643,-1,
643,591,644,-1,
592,644,591,-1,
752,686,753,-1,
687,753,686,-1,
526,517,527,-1,
518,527,517,-1,
932,933,972,-1,
973,972,933,-1,
871,837,872,-1,
838,872,837,-1,
972,973,1001,-1,
1002,1001,973,-1,
1026,1027,1057,-1,
1058,1057,1027,-1,
1001,1002,1026,-1,
1027,1026,1002,-1,
6440,6442,5677,-1,
5677,6442,6412,-1,
6422,6412,6442,-1,
5697,5677,6412,-1,
5675,6440,5677,-1,
5687,5677,5697,-1,
6570,6542,6500,-1,
6532,6376,6542,-1,
6376,6500,6542,-1,
6376,6532,6366,-1,
6517,6366,6532,-1,
6411,6500,6391,-1,
6391,6500,6376,-1,
6366,6517,6341,-1,
6477,6341,6517,-1,
6341,6477,6331,-1,
6462,6331,6477,-1,
6331,6462,6286,-1,
6402,6286,6462,-1,
6286,6402,6276,-1,
6352,6276,6402,-1,
6276,6352,6241,-1,
6305,6241,6352,-1,
6241,6305,6226,-1,
6260,6226,6305,-1,
6226,6260,6191,-1,
6215,6191,6260,-1,
6191,6215,6161,-1,
6180,6161,6215,-1,
6161,6180,6146,-1,
6180,6135,6146,-1,
6146,6135,6111,-1,
6135,6100,6111,-1,
6111,6100,6076,-1,
6076,6100,6061,-1,
6100,6065,6061,-1,
6061,6065,6031,-1,
6065,6015,6031,-1,
6031,6015,5996,-1,
6015,5980,5996,-1,
5996,5980,5961,-1,
5946,5961,5935,-1,
5980,5935,5961,-1,
5916,5946,5900,-1,
5935,5900,5946,-1,
5881,5916,5855,-1,
5866,5881,5810,-1,
5900,5855,5916,-1,
5831,5866,5757,-1,
5821,5831,5707,-1,
5855,5810,5881,-1,
5776,5821,5647,-1,
5766,5776,5632,-1,
5810,5757,5866,-1,
5741,5766,5592,-1,
5731,5741,5577,-1,
5716,5731,5615,-1,
5757,5707,5831,-1,
5696,5716,5615,-1,
5707,5647,5821,-1,
5647,5632,5776,-1,
5567,5615,5731,-1,
5632,5592,5766,-1,
5592,5577,5741,-1,
5577,5567,5731,-1,
5545,5615,5567,-1,
6421,6441,6411,-1,
5676,6411,6441,-1,
5696,6411,5676,-1,
5686,5696,5676,-1,
6439,5676,6441,-1,
5674,5676,6439,-1,
6441,6442,6439,-1,
6440,6439,6442,-1,
6421,6422,6441,-1,
6442,6441,6422,-1,
6391,6392,6411,-1,
6392,6412,6411,-1,
6411,6412,6421,-1,
6422,6421,6412,-1,
6376,6377,6391,-1,
6392,6391,6377,-1,
6366,6367,6376,-1,
6377,6376,6367,-1,
6341,6342,6366,-1,
6367,6366,6342,-1,
6331,6332,6341,-1,
6342,6341,6332,-1,
6286,6287,6331,-1,
6332,6331,6287,-1,
6276,6277,6286,-1,
6287,6286,6277,-1,
6276,6241,6277,-1,
6242,6277,6241,-1,
6241,6226,6242,-1,
6227,6242,6226,-1,
6226,6191,6227,-1,
6192,6227,6191,-1,
6191,6161,6192,-1,
6162,6192,6161,-1,
6161,6146,6162,-1,
6147,6162,6146,-1,
6146,6111,6147,-1,
6112,6147,6111,-1,
6111,6076,6112,-1,
6077,6112,6076,-1,
6076,6061,6077,-1,
6062,6077,6061,-1,
6061,6031,6062,-1,
6032,6062,6031,-1,
6031,5996,6032,-1,
5997,6032,5996,-1,
5996,5961,5997,-1,
5962,5997,5961,-1,
5961,5946,5962,-1,
5947,5962,5946,-1,
5946,5916,5947,-1,
5917,5947,5916,-1,
5916,5881,5917,-1,
5882,5917,5881,-1,
5881,5866,5882,-1,
5867,5882,5866,-1,
5866,5831,5867,-1,
5832,5867,5831,-1,
5832,5831,5822,-1,
5821,5822,5831,-1,
5822,5821,5777,-1,
5776,5777,5821,-1,
5777,5776,5767,-1,
5766,5767,5776,-1,
5767,5766,5742,-1,
5741,5742,5766,-1,
5742,5741,5732,-1,
5731,5732,5741,-1,
5732,5731,5717,-1,
5716,5717,5731,-1,
5717,5716,5697,-1,
5716,5696,5697,-1,
5697,5696,5687,-1,
5686,5687,5696,-1,
5687,5686,5677,-1,
5676,5677,5686,-1,
5677,5676,5675,-1,
5674,5675,5676,-1,
5674,6439,5675,-1,
6440,5675,6439,-1,
6571,6572,6501,-1,
6502,6501,6572,-1,
5547,5546,5617,-1,
5616,5617,5546,-1,
5981,5936,5982,-1,
5937,5982,5936,-1,
5557,5556,5547,-1,
5546,5547,5556,-1,
5616,5697,5617,-1,
6412,5617,5697,-1,
5617,6412,6502,-1,
6501,6502,6412,-1,
5856,5811,5857,-1,
5812,5857,5811,-1,
6066,6016,6067,-1,
6017,6067,6016,-1,
5901,5856,5902,-1,
5857,5902,5856,-1,
6101,6066,6102,-1,
6067,6102,6066,-1,
6136,6101,6137,-1,
6102,6137,6101,-1,
6306,6261,6307,-1,
6262,6307,6261,-1,
6016,5981,6017,-1,
5982,6017,5981,-1,
6316,6306,6317,-1,
6307,6317,6306,-1,
5811,5789,5812,-1,
5790,5812,5789,-1,
6216,6181,6217,-1,
6182,6217,6181,-1,
6181,6136,6182,-1,
6137,6182,6136,-1,
6261,6216,6262,-1,
6217,6262,6216,-1,
5936,5901,5937,-1,
5902,5937,5901,-1,
6551,6552,6571,-1,
6572,6571,6552,-1,
5722,5646,5747,-1,
6259,6197,6214,-1,
6499,6452,6569,-1,
5987,5979,6014,-1,
6569,6452,6522,-1,
6569,6522,6541,-1,
5782,5747,5756,-1,
5652,5544,5582,-1,
5582,5566,5597,-1,
6357,6322,6351,-1,
5837,5782,5809,-1,
6467,6447,6476,-1,
6447,6382,6476,-1,
6541,6482,6531,-1,
5747,5646,5706,-1,
6022,5987,6014,-1,
5582,5544,5566,-1,
5614,5544,5652,-1,
5652,6452,5614,-1,
6499,5614,6452,-1,
5872,5809,5854,-1,
5837,5809,5872,-1,
6304,6232,6259,-1,
5782,5756,5809,-1,
5597,5566,5622,-1,
6382,6357,6461,-1,
5622,5591,5637,-1,
5747,5706,5756,-1,
5622,5566,5576,-1,
5637,5591,5631,-1,
5622,5576,5591,-1,
6357,6351,6401,-1,
5722,5631,5646,-1,
6267,6232,6304,-1,
6022,6014,6063,-1,
6063,6014,6064,-1,
6461,6357,6401,-1,
6099,6063,6064,-1,
6322,6304,6351,-1,
6232,6197,6259,-1,
5637,5631,5657,-1,
5952,5907,5934,-1,
5657,5631,5722,-1,
5987,5934,5979,-1,
5952,5934,5987,-1,
6117,6082,6099,-1,
6179,6117,6134,-1,
6082,6063,6099,-1,
6322,6267,6304,-1,
6476,6382,6461,-1,
6197,6152,6179,-1,
6197,6179,6214,-1,
6516,6467,6476,-1,
6152,6117,6179,-1,
6117,6099,6134,-1,
5907,5899,5934,-1,
6522,6507,6541,-1,
5907,5854,5899,-1,
5872,5854,5907,-1,
6482,6507,6452,-1,
6467,6482,6452,-1,
6522,6452,6507,-1,
6467,6452,6447,-1,
6447,6452,6382,-1,
6382,6452,6357,-1,
6357,6452,6322,-1,
6322,6452,6267,-1,
6267,6452,6232,-1,
6232,6452,6197,-1,
6197,6452,6152,-1,
6152,6452,6117,-1,
6117,6452,6082,-1,
6082,6452,6063,-1,
6063,6452,6022,-1,
5987,6022,5652,-1,
5952,5987,5652,-1,
5907,5952,5652,-1,
5872,5907,5652,-1,
5837,5872,5652,-1,
5782,5837,5652,-1,
5747,5782,5652,-1,
5722,5747,5652,-1,
5657,5722,5652,-1,
6452,5652,6022,-1,
5657,5652,5637,-1,
5637,5652,5622,-1,
5622,5652,5597,-1,
5582,5597,5652,-1,
6531,6482,6516,-1,
6482,6467,6516,-1,
6507,6482,6541,-1,
5707,5706,5647,-1,
5646,5647,5706,-1,
6569,6570,6499,-1,
6500,6499,6570,-1,
5545,5544,5615,-1,
5614,5615,5544,-1,
5979,5934,5980,-1,
5935,5980,5934,-1,
5756,5706,5757,-1,
5707,5757,5706,-1,
5567,5566,5545,-1,
5544,5545,5566,-1,
5632,5631,5592,-1,
5591,5592,5631,-1,
5615,5614,5696,-1,
6499,5696,5614,-1,
5696,6499,6411,-1,
6500,6411,6499,-1,
5854,5809,5855,-1,
5810,5855,5809,-1,
6461,6462,6476,-1,
6477,6476,6462,-1,
6064,6014,6065,-1,
6015,6065,6014,-1,
5577,5576,5567,-1,
5566,5567,5576,-1,
5592,5591,5577,-1,
5576,5577,5591,-1,
5899,5854,5900,-1,
5855,5900,5854,-1,
6099,6064,6100,-1,
6065,6100,6064,-1,
6134,6099,6135,-1,
6100,6135,6099,-1,
6401,6402,6461,-1,
6462,6461,6402,-1,
5647,5646,5632,-1,
5631,5632,5646,-1,
6304,6259,6305,-1,
6260,6305,6259,-1,
6014,5979,6015,-1,
5980,6015,5979,-1,
6351,6304,6352,-1,
6305,6352,6304,-1,
5809,5756,5810,-1,
5757,5810,5756,-1,
6214,6179,6215,-1,
6180,6215,6179,-1,
6179,6134,6180,-1,
6135,6180,6134,-1,
6259,6214,6260,-1,
6215,6260,6214,-1,
5934,5899,5935,-1,
5900,5935,5899,-1,
6476,6477,6516,-1,
6517,6516,6477,-1,
6401,6351,6402,-1,
6352,6402,6351,-1,
6516,6517,6531,-1,
6532,6531,6517,-1,
6541,6542,6569,-1,
6570,6569,6542,-1,
6531,6532,6541,-1,
6542,6541,6532,-1,
3068,3052,3011,-1,
2923,3011,3052,-1,
3036,2923,3052,-1,
2923,3036,2910,-1,
3005,2910,3036,-1,
2945,3011,2931,-1,
2931,3011,2923,-1,
2910,3005,2900,-1,
2975,2900,3005,-1,
2900,2975,2879,-1,
2953,2879,2975,-1,
2879,2953,2865,-1,
2919,2865,2953,-1,
2865,2919,2842,-1,
2890,2842,2919,-1,
2842,2890,2791,-1,
2857,2791,2890,-1,
2791,2857,2786,-1,
2790,2786,2857,-1,
2786,2790,2780,-1,
2785,2780,2790,-1,
2780,2785,2777,-1,
2785,2776,2777,-1,
2777,2776,2772,-1,
2776,2769,2772,-1,
2772,2769,2765,-1,
2769,2764,2765,-1,
2765,2764,2760,-1,
2760,2764,2756,-1,
2764,2750,2756,-1,
2756,2750,2747,-1,
2750,2743,2747,-1,
2747,2743,2740,-1,
2737,2740,2734,-1,
2743,2734,2740,-1,
2731,2737,2727,-1,
2734,2727,2737,-1,
2724,2731,2718,-1,
2721,2724,2709,-1,
2727,2718,2731,-1,
2712,2721,2698,-1,
2718,2709,2724,-1,
2706,2712,2676,-1,
2703,2706,2663,-1,
2709,2698,2721,-1,
2695,2703,2657,-1,
2688,2695,2649,-1,
2686,2688,2645,-1,
2679,2686,2643,-1,
2698,2676,2712,-1,
2673,2679,2651,-1,
2669,2673,2651,-1,
2676,2663,2706,-1,
2663,2657,2703,-1,
2641,2651,2679,-1,
2657,2649,2695,-1,
2649,2645,2688,-1,
2645,2643,2686,-1,
2643,2641,2679,-1,
2639,2651,2641,-1,
2948,2950,2945,-1,
2671,2945,2950,-1,
2962,2671,2950,-1,
2681,2671,2962,-1,
2945,2671,2669,-1,
2667,2669,2671,-1,
2950,2951,2962,-1,
2963,2962,2951,-1,
2948,2949,2950,-1,
2951,2950,2949,-1,
2931,2932,2945,-1,
2932,2946,2945,-1,
2945,2946,2948,-1,
2949,2948,2946,-1,
2923,2924,2931,-1,
2932,2931,2924,-1,
2910,2911,2923,-1,
2924,2923,2911,-1,
2900,2901,2910,-1,
2911,2910,2901,-1,
2879,2880,2900,-1,
2901,2900,2880,-1,
2865,2866,2879,-1,
2880,2879,2866,-1,
2865,2842,2866,-1,
2843,2866,2842,-1,
2842,2791,2843,-1,
2792,2843,2791,-1,
2791,2786,2792,-1,
2787,2792,2786,-1,
2786,2780,2787,-1,
2781,2787,2780,-1,
2780,2777,2781,-1,
2778,2781,2777,-1,
2777,2772,2778,-1,
2773,2778,2772,-1,
2772,2765,2773,-1,
2766,2773,2765,-1,
2765,2760,2766,-1,
2761,2766,2760,-1,
2760,2756,2761,-1,
2757,2761,2756,-1,
2756,2747,2757,-1,
2748,2757,2747,-1,
2747,2740,2748,-1,
2741,2748,2740,-1,
2740,2737,2741,-1,
2738,2741,2737,-1,
2737,2731,2738,-1,
2732,2738,2731,-1,
2731,2724,2732,-1,
2725,2732,2724,-1,
2724,2721,2725,-1,
2722,2725,2721,-1,
2721,2712,2722,-1,
2713,2722,2712,-1,
2713,2712,2707,-1,
2706,2707,2712,-1,
2707,2706,2704,-1,
2703,2704,2706,-1,
2704,2703,2696,-1,
2695,2696,2703,-1,
2696,2695,2689,-1,
2688,2689,2695,-1,
2689,2688,2687,-1,
2686,2687,2688,-1,
2687,2686,2680,-1,
2679,2680,2686,-1,
2680,2679,2674,-1,
2673,2674,2679,-1,
2673,2669,2674,-1,
2674,2669,2668,-1,
2667,2668,2669,-1,
2668,2667,2670,-1,
2672,2670,2671,-1,
2667,2671,2670,-1,
2672,2671,2682,-1,
2681,2682,2671,-1,
2681,2962,2682,-1,
2963,2682,2962,-1,
2665,2664,2659,-1,
2658,2659,2664,-1,
3069,3070,3012,-1,
3013,3012,3070,-1,
2735,2728,2736,-1,
2729,2736,2728,-1,
2678,2677,2665,-1,
2664,2665,2677,-1,
2715,2946,2716,-1,
2716,2946,3013,-1,
3012,3013,2946,-1,
2710,2699,2711,-1,
2700,2711,2699,-1,
2954,2955,2976,-1,
2977,2976,2955,-1,
2751,2744,2752,-1,
2745,2752,2744,-1,
2719,2710,2720,-1,
2711,2720,2710,-1,
2754,2751,2755,-1,
2752,2755,2751,-1,
2659,2658,2653,-1,
2652,2653,2658,-1,
2744,2735,2745,-1,
2736,2745,2735,-1,
2891,2887,2892,-1,
2888,2892,2887,-1,
2699,2677,2700,-1,
2678,2700,2677,-1,
2728,2719,2729,-1,
2720,2729,2719,-1,
2976,2977,3006,-1,
3007,3006,2977,-1,
2920,2891,2921,-1,
2892,2921,2891,-1,
3006,3007,3037,-1,
3038,3037,3007,-1,
3053,3054,3069,-1,
3070,3069,3054,-1,
2954,2920,2955,-1,
2921,2955,2920,-1,
3037,3038,3053,-1,
3054,3053,3038,-1,
2666,2656,2683,-1,
2789,2779,2784,-1,
3010,2971,3067,-1,
2739,2733,2742,-1,
3067,2971,3028,-1,
3067,3028,3051,-1,
2683,2675,2692,-1,
2661,2638,2646,-1,
2646,2640,2647,-1,
2893,2864,2889,-1,
2705,2692,2697,-1,
2970,2947,2974,-1,
2947,2922,2974,-1,
3051,2986,3035,-1,
2683,2656,2662,-1,
2746,2739,2742,-1,
2646,2638,2640,-1,
2650,2638,2661,-1,
2661,2971,2650,-1,
3010,2650,2971,-1,
2714,2697,2708,-1,
2705,2697,2714,-1,
2856,2788,2789,-1,
2692,2675,2697,-1,
2647,2640,2654,-1,
2922,2893,2952,-1,
2654,2644,2655,-1,
2683,2662,2675,-1,
2654,2640,2642,-1,
2655,2644,2648,-1,
2654,2642,2644,-1,
2893,2889,2918,-1,
2666,2648,2656,-1,
2829,2788,2856,-1,
2746,2742,2753,-1,
2753,2742,2749,-1,
2952,2893,2918,-1,
2753,2749,2763,-1,
2864,2856,2889,-1,
2788,2779,2789,-1,
2655,2648,2660,-1,
2730,2723,2726,-1,
2660,2648,2666,-1,
2739,2726,2733,-1,
2730,2726,2739,-1,
2767,2762,2763,-1,
2775,2767,2768,-1,
2762,2753,2763,-1,
2864,2829,2856,-1,
2974,2922,2952,-1,
2779,2774,2775,-1,
2779,2775,2784,-1,
3004,2970,2974,-1,
2774,2767,2775,-1,
2767,2763,2768,-1,
2723,2717,2726,-1,
3028,3003,3051,-1,
2723,2708,2717,-1,
2714,2708,2723,-1,
2986,3003,2971,-1,
3028,2971,3003,-1,
2986,2971,2970,-1,
2970,2971,2947,-1,
2947,2971,2922,-1,
2922,2971,2893,-1,
2893,2971,2864,-1,
2864,2971,2829,-1,
2829,2971,2788,-1,
2788,2971,2779,-1,
2779,2971,2774,-1,
2774,2971,2767,-1,
2767,2971,2762,-1,
2762,2971,2753,-1,
2753,2971,2746,-1,
2739,2746,2661,-1,
2730,2739,2661,-1,
2723,2730,2661,-1,
2714,2723,2661,-1,
2705,2714,2661,-1,
2692,2705,2661,-1,
2683,2692,2661,-1,
2666,2683,2661,-1,
2971,2661,2746,-1,
2666,2661,2660,-1,
2660,2661,2655,-1,
2655,2661,2654,-1,
2654,2661,2647,-1,
2646,2647,2661,-1,
3035,2986,3004,-1,
2986,2970,3004,-1,
3003,2986,3051,-1,
2663,2662,2657,-1,
2656,2657,2662,-1,
3067,3068,3010,-1,
3011,3010,3068,-1,
2638,2650,2639,-1,
2651,2639,2650,-1,
2733,2726,2734,-1,
2727,2734,2726,-1,
2676,2675,2663,-1,
2662,2663,2675,-1,
2641,2640,2639,-1,
2638,2639,2640,-1,
2649,2648,2645,-1,
2644,2645,2648,-1,
2651,2650,2669,-1,
3010,2669,2650,-1,
2669,3010,2945,-1,
3011,2945,3010,-1,
2708,2697,2709,-1,
2698,2709,2697,-1,
2952,2953,2974,-1,
2975,2974,2953,-1,
2749,2742,2750,-1,
2743,2750,2742,-1,
2643,2642,2641,-1,
2640,2641,2642,-1,
2645,2644,2643,-1,
2642,2643,2644,-1,
2717,2708,2718,-1,
2709,2718,2708,-1,
2763,2749,2764,-1,
2750,2764,2749,-1,
2768,2763,2769,-1,
2764,2769,2763,-1,
2952,2918,2953,-1,
2919,2953,2918,-1,
2657,2656,2649,-1,
2648,2649,2656,-1,
2856,2789,2857,-1,
2790,2857,2789,-1,
2742,2733,2743,-1,
2734,2743,2733,-1,
2889,2856,2890,-1,
2857,2890,2856,-1,
2697,2675,2698,-1,
2676,2698,2675,-1,
2784,2775,2785,-1,
2776,2785,2775,-1,
2775,2768,2776,-1,
2769,2776,2768,-1,
2789,2784,2790,-1,
2785,2790,2784,-1,
2726,2717,2727,-1,
2718,2727,2717,-1,
2974,2975,3004,-1,
3005,3004,2975,-1,
2918,2889,2919,-1,
2890,2919,2889,-1,
3004,3005,3035,-1,
3036,3035,3005,-1,
3051,3052,3067,-1,
3068,3067,3052,-1,
3035,3036,3051,-1,
3052,3051,3036,-1,
7777,7779,7014,-1,
7014,7779,7751,-1,
7761,7751,7779,-1,
7036,7014,7751,-1,
7012,7777,7014,-1,
7026,7014,7036,-1,
7907,7881,7837,-1,
7871,7715,7881,-1,
7715,7837,7881,-1,
7715,7871,7705,-1,
7856,7705,7871,-1,
7750,7837,7730,-1,
7730,7837,7715,-1,
7705,7856,7680,-1,
7816,7680,7856,-1,
7680,7816,7670,-1,
7801,7670,7816,-1,
7670,7801,7625,-1,
7741,7625,7801,-1,
7625,7741,7615,-1,
7691,7615,7741,-1,
7615,7691,7580,-1,
7642,7580,7691,-1,
7580,7642,7565,-1,
7597,7565,7642,-1,
7565,7597,7530,-1,
7552,7530,7597,-1,
7530,7552,7500,-1,
7517,7500,7552,-1,
7500,7517,7485,-1,
7517,7472,7485,-1,
7485,7472,7450,-1,
7472,7437,7450,-1,
7450,7437,7415,-1,
7415,7437,7395,-1,
7437,7399,7395,-1,
7395,7399,7370,-1,
7399,7352,7370,-1,
7370,7352,7335,-1,
7352,7317,7335,-1,
7335,7317,7300,-1,
7285,7300,7272,-1,
7317,7272,7300,-1,
7255,7285,7237,-1,
7272,7237,7285,-1,
7220,7255,7192,-1,
7205,7220,7147,-1,
7237,7192,7255,-1,
7170,7205,7096,-1,
7160,7170,7046,-1,
7192,7147,7220,-1,
7115,7160,6986,-1,
7105,7115,6971,-1,
7147,7096,7205,-1,
7080,7105,6931,-1,
7070,7080,6916,-1,
7055,7070,6952,-1,
7096,7046,7170,-1,
7035,7055,6952,-1,
7046,6986,7160,-1,
6986,6971,7115,-1,
6906,6952,7070,-1,
6971,6931,7105,-1,
6931,6916,7080,-1,
6916,6906,7070,-1,
6882,6952,6906,-1,
7760,7778,7750,-1,
7013,7750,7778,-1,
7035,7750,7013,-1,
7025,7035,7013,-1,
7776,7013,7778,-1,
7011,7013,7776,-1,
7778,7779,7776,-1,
7777,7776,7779,-1,
7760,7761,7778,-1,
7779,7778,7761,-1,
7730,7731,7750,-1,
7731,7751,7750,-1,
7750,7751,7760,-1,
7761,7760,7751,-1,
7715,7716,7730,-1,
7731,7730,7716,-1,
7705,7706,7715,-1,
7716,7715,7706,-1,
7680,7681,7705,-1,
7706,7705,7681,-1,
7670,7671,7680,-1,
7681,7680,7671,-1,
7625,7626,7670,-1,
7671,7670,7626,-1,
7615,7616,7625,-1,
7626,7625,7616,-1,
7615,7580,7616,-1,
7581,7616,7580,-1,
7580,7565,7581,-1,
7566,7581,7565,-1,
7565,7530,7566,-1,
7531,7566,7530,-1,
7530,7500,7531,-1,
7501,7531,7500,-1,
7500,7485,7501,-1,
7486,7501,7485,-1,
7485,7450,7486,-1,
7451,7486,7450,-1,
7450,7415,7451,-1,
7416,7451,7415,-1,
7415,7395,7416,-1,
7396,7416,7395,-1,
7395,7370,7396,-1,
7371,7396,7370,-1,
7370,7335,7371,-1,
7336,7371,7335,-1,
7335,7300,7336,-1,
7301,7336,7300,-1,
7300,7285,7301,-1,
7286,7301,7285,-1,
7285,7255,7286,-1,
7256,7286,7255,-1,
7255,7220,7256,-1,
7221,7256,7220,-1,
7220,7205,7221,-1,
7206,7221,7205,-1,
7205,7170,7206,-1,
7171,7206,7170,-1,
7171,7170,7161,-1,
7160,7161,7170,-1,
7161,7160,7116,-1,
7115,7116,7160,-1,
7116,7115,7106,-1,
7105,7106,7115,-1,
7106,7105,7081,-1,
7080,7081,7105,-1,
7081,7080,7071,-1,
7070,7071,7080,-1,
7071,7070,7056,-1,
7055,7056,7070,-1,
7056,7055,7036,-1,
7055,7035,7036,-1,
7036,7035,7026,-1,
7025,7026,7035,-1,
7026,7025,7014,-1,
7013,7014,7025,-1,
7014,7013,7012,-1,
7011,7012,7013,-1,
7011,7776,7012,-1,
7777,7012,7776,-1,
7908,7909,7838,-1,
7839,7838,7909,-1,
6884,6883,6954,-1,
6953,6954,6883,-1,
7318,7273,7319,-1,
7274,7319,7273,-1,
6896,6895,6884,-1,
6883,6884,6895,-1,
6953,7036,6954,-1,
7751,6954,7036,-1,
6954,7751,7839,-1,
7838,7839,7751,-1,
7193,7148,7194,-1,
7149,7194,7148,-1,
7400,7353,7401,-1,
7354,7401,7353,-1,
7238,7193,7239,-1,
7194,7239,7193,-1,
7438,7400,7439,-1,
7401,7439,7400,-1,
7473,7438,7474,-1,
7439,7474,7438,-1,
7643,7598,7644,-1,
7599,7644,7598,-1,
7353,7318,7354,-1,
7319,7354,7318,-1,
7655,7643,7656,-1,
7644,7656,7643,-1,
7148,7130,7149,-1,
7131,7149,7130,-1,
7553,7518,7554,-1,
7519,7554,7518,-1,
7518,7473,7519,-1,
7474,7519,7473,-1,
7598,7553,7599,-1,
7554,7599,7553,-1,
7273,7238,7274,-1,
7239,7274,7238,-1,
7890,7891,7908,-1,
7909,7908,7891,-1,
7062,6985,7087,-1,
7596,7537,7551,-1,
7836,7792,7906,-1,
7327,7316,7351,-1,
7906,7792,7862,-1,
7906,7862,7880,-1,
7122,7087,7095,-1,
6992,6881,6922,-1,
6922,6905,6937,-1,
7697,7662,7690,-1,
7177,7122,7146,-1,
7807,7787,7815,-1,
7787,7722,7815,-1,
7880,7822,7870,-1,
7087,6985,7045,-1,
7362,7327,7351,-1,
6922,6881,6905,-1,
6951,6881,6992,-1,
6992,7792,6951,-1,
7836,6951,7792,-1,
7212,7146,7191,-1,
7177,7146,7212,-1,
7641,7572,7596,-1,
7122,7095,7146,-1,
6937,6905,6962,-1,
7722,7697,7800,-1,
6962,6930,6977,-1,
7087,7045,7095,-1,
6962,6905,6915,-1,
6977,6930,6970,-1,
6962,6915,6930,-1,
7697,7690,7740,-1,
7062,6970,6985,-1,
7607,7572,7641,-1,
7362,7351,7397,-1,
7397,7351,7398,-1,
7800,7697,7740,-1,
7436,7397,7398,-1,
7662,7641,7690,-1,
7572,7537,7596,-1,
6977,6970,6997,-1,
7292,7247,7271,-1,
6997,6970,7062,-1,
7327,7271,7316,-1,
7292,7271,7327,-1,
7457,7422,7436,-1,
7516,7457,7471,-1,
7422,7397,7436,-1,
7662,7607,7641,-1,
7815,7722,7800,-1,
7537,7492,7516,-1,
7537,7516,7551,-1,
7855,7807,7815,-1,
7492,7457,7516,-1,
7457,7436,7471,-1,
7247,7236,7271,-1,
7862,7847,7880,-1,
7247,7191,7236,-1,
7212,7191,7247,-1,
7822,7847,7792,-1,
7807,7822,7792,-1,
7862,7792,7847,-1,
7807,7792,7787,-1,
7787,7792,7722,-1,
7722,7792,7697,-1,
7697,7792,7662,-1,
7662,7792,7607,-1,
7607,7792,7572,-1,
7572,7792,7537,-1,
7537,7792,7492,-1,
7492,7792,7457,-1,
7457,7792,7422,-1,
7422,7792,7397,-1,
7397,7792,7362,-1,
7327,7362,6992,-1,
7292,7327,6992,-1,
7247,7292,6992,-1,
7212,7247,6992,-1,
7177,7212,6992,-1,
7122,7177,6992,-1,
7087,7122,6992,-1,
7062,7087,6992,-1,
6997,7062,6992,-1,
7792,6992,7362,-1,
6997,6992,6977,-1,
6977,6992,6962,-1,
6962,6992,6937,-1,
6922,6937,6992,-1,
7870,7822,7855,-1,
7822,7807,7855,-1,
7847,7822,7880,-1,
7046,7045,6986,-1,
6985,6986,7045,-1,
7906,7907,7836,-1,
7837,7836,7907,-1,
6882,6881,6952,-1,
6951,6952,6881,-1,
7316,7271,7317,-1,
7272,7317,7271,-1,
7095,7045,7096,-1,
7046,7096,7045,-1,
6906,6905,6882,-1,
6881,6882,6905,-1,
6971,6970,6931,-1,
6930,6931,6970,-1,
6952,6951,7035,-1,
7836,7035,6951,-1,
7035,7836,7750,-1,
7837,7750,7836,-1,
7191,7146,7192,-1,
7147,7192,7146,-1,
7800,7801,7815,-1,
7816,7815,7801,-1,
7398,7351,7399,-1,
7352,7399,7351,-1,
6916,6915,6906,-1,
6905,6906,6915,-1,
6931,6930,6916,-1,
6915,6916,6930,-1,
7236,7191,7237,-1,
7192,7237,7191,-1,
7436,7398,7437,-1,
7399,7437,7398,-1,
7471,7436,7472,-1,
7437,7472,7436,-1,
7740,7741,7800,-1,
7801,7800,7741,-1,
6986,6985,6971,-1,
6970,6971,6985,-1,
7641,7596,7642,-1,
7597,7642,7596,-1,
7351,7316,7352,-1,
7317,7352,7316,-1,
7690,7641,7691,-1,
7642,7691,7641,-1,
7146,7095,7147,-1,
7096,7147,7095,-1,
7551,7516,7552,-1,
7517,7552,7516,-1,
7516,7471,7517,-1,
7472,7517,7471,-1,
7596,7551,7597,-1,
7552,7597,7551,-1,
7271,7236,7272,-1,
7237,7272,7236,-1,
7815,7816,7855,-1,
7856,7855,7816,-1,
7740,7690,7741,-1,
7691,7741,7690,-1,
7855,7856,7870,-1,
7871,7870,7856,-1,
7880,7881,7906,-1,
7907,7906,7881,-1,
7870,7871,7880,-1,
7881,7880,7871,-1,
3840,3842,3230,-1,
3230,3842,3824,-1,
3832,3824,3842,-1,
3252,3230,3824,-1,
3228,3840,3230,-1,
3244,3230,3252,-1,
3944,3928,3888,-1,
3920,3795,3928,-1,
3795,3888,3928,-1,
3795,3920,3787,-1,
3908,3787,3920,-1,
3823,3888,3807,-1,
3807,3888,3795,-1,
3787,3908,3767,-1,
3876,3767,3908,-1,
3767,3876,3759,-1,
3864,3759,3876,-1,
3759,3864,3723,-1,
3816,3723,3864,-1,
3723,3816,3715,-1,
3776,3715,3816,-1,
3715,3776,3687,-1,
3732,3687,3776,-1,
3687,3732,3675,-1,
3696,3675,3732,-1,
3675,3696,3647,-1,
3660,3647,3696,-1,
3647,3660,3623,-1,
3632,3623,3660,-1,
3623,3632,3611,-1,
3632,3596,3611,-1,
3611,3596,3583,-1,
3596,3568,3583,-1,
3583,3568,3555,-1,
3555,3568,3527,-1,
3568,3531,3527,-1,
3527,3531,3519,-1,
3531,3500,3519,-1,
3519,3500,3491,-1,
3500,3472,3491,-1,
3491,3472,3463,-1,
3451,3463,3436,-1,
3472,3436,3463,-1,
3427,3451,3408,-1,
3436,3408,3451,-1,
3399,3427,3372,-1,
3387,3399,3336,-1,
3408,3372,3427,-1,
3359,3387,3300,-1,
3351,3359,3260,-1,
3372,3336,3399,-1,
3315,3351,3212,-1,
3307,3315,3200,-1,
3336,3300,3387,-1,
3287,3307,3168,-1,
3279,3287,3156,-1,
3267,3279,3180,-1,
3300,3260,3359,-1,
3251,3267,3180,-1,
3260,3212,3351,-1,
3212,3200,3315,-1,
3148,3180,3279,-1,
3200,3168,3307,-1,
3168,3156,3287,-1,
3156,3148,3279,-1,
3124,3180,3148,-1,
3831,3841,3823,-1,
3229,3823,3841,-1,
3251,3823,3229,-1,
3243,3251,3229,-1,
3839,3229,3841,-1,
3227,3229,3839,-1,
3841,3842,3839,-1,
3840,3839,3842,-1,
3831,3832,3841,-1,
3842,3841,3832,-1,
3807,3808,3823,-1,
3808,3824,3823,-1,
3823,3824,3831,-1,
3832,3831,3824,-1,
3795,3796,3807,-1,
3808,3807,3796,-1,
3787,3788,3795,-1,
3796,3795,3788,-1,
3767,3768,3787,-1,
3788,3787,3768,-1,
3759,3760,3767,-1,
3768,3767,3760,-1,
3723,3724,3759,-1,
3760,3759,3724,-1,
3715,3716,3723,-1,
3724,3723,3716,-1,
3715,3687,3716,-1,
3688,3716,3687,-1,
3687,3675,3688,-1,
3676,3688,3675,-1,
3675,3647,3676,-1,
3648,3676,3647,-1,
3647,3623,3648,-1,
3624,3648,3623,-1,
3623,3611,3624,-1,
3612,3624,3611,-1,
3611,3583,3612,-1,
3584,3612,3583,-1,
3583,3555,3584,-1,
3556,3584,3555,-1,
3555,3527,3556,-1,
3528,3556,3527,-1,
3527,3519,3528,-1,
3520,3528,3519,-1,
3519,3491,3520,-1,
3492,3520,3491,-1,
3491,3463,3492,-1,
3464,3492,3463,-1,
3463,3451,3464,-1,
3452,3464,3451,-1,
3451,3427,3452,-1,
3428,3452,3427,-1,
3427,3399,3428,-1,
3400,3428,3399,-1,
3399,3387,3400,-1,
3388,3400,3387,-1,
3387,3359,3388,-1,
3360,3388,3359,-1,
3360,3359,3352,-1,
3351,3352,3359,-1,
3352,3351,3316,-1,
3315,3316,3351,-1,
3316,3315,3308,-1,
3307,3308,3315,-1,
3308,3307,3288,-1,
3287,3288,3307,-1,
3288,3287,3280,-1,
3279,3280,3287,-1,
3280,3279,3268,-1,
3267,3268,3279,-1,
3268,3267,3252,-1,
3267,3251,3252,-1,
3252,3251,3244,-1,
3243,3244,3251,-1,
3244,3243,3230,-1,
3229,3230,3243,-1,
3230,3229,3228,-1,
3227,3228,3229,-1,
3227,3839,3228,-1,
3840,3228,3839,-1,
3945,3946,3889,-1,
3890,3889,3946,-1,
3126,3125,3182,-1,
3181,3182,3125,-1,
3473,3437,3474,-1,
3438,3474,3437,-1,
3140,3139,3126,-1,
3125,3126,3139,-1,
3181,3252,3182,-1,
3824,3182,3252,-1,
3182,3824,3890,-1,
3889,3890,3824,-1,
3373,3337,3374,-1,
3338,3374,3337,-1,
3532,3501,3533,-1,
3502,3533,3501,-1,
3409,3373,3410,-1,
3374,3410,3373,-1,
3569,3532,3570,-1,
3533,3570,3532,-1,
3597,3569,3598,-1,
3570,3598,3569,-1,
3733,3697,3734,-1,
3698,3734,3697,-1,
3501,3473,3502,-1,
3474,3502,3473,-1,
3747,3733,3748,-1,
3734,3748,3733,-1,
3337,3327,3338,-1,
3328,3338,3327,-1,
3661,3633,3662,-1,
3634,3662,3633,-1,
3633,3597,3634,-1,
3598,3634,3597,-1,
3697,3661,3698,-1,
3662,3698,3661,-1,
3437,3409,3438,-1,
3410,3438,3409,-1,
3935,3936,3945,-1,
3946,3945,3936,-1,
3275,3211,3295,-1,
3695,3655,3659,-1,
3887,3859,3943,-1,
3487,3471,3499,-1,
3943,3859,3915,-1,
3943,3915,3927,-1,
3323,3295,3299,-1,
3219,3123,3163,-1,
3163,3147,3175,-1,
3783,3755,3775,-1,
3367,3323,3335,-1,
3871,3855,3875,-1,
3855,3803,3875,-1,
3927,3883,3919,-1,
3295,3211,3259,-1,
3515,3487,3499,-1,
3163,3123,3147,-1,
3179,3123,3219,-1,
3219,3859,3179,-1,
3887,3179,3859,-1,
3395,3335,3371,-1,
3367,3335,3395,-1,
3731,3683,3695,-1,
3323,3299,3335,-1,
3175,3147,3195,-1,
3803,3783,3863,-1,
3195,3167,3207,-1,
3295,3259,3299,-1,
3195,3147,3155,-1,
3207,3167,3199,-1,
3195,3155,3167,-1,
3783,3775,3815,-1,
3275,3199,3211,-1,
3711,3683,3731,-1,
3515,3499,3529,-1,
3529,3499,3530,-1,
3863,3783,3815,-1,
3567,3529,3530,-1,
3755,3731,3775,-1,
3683,3655,3695,-1,
3207,3199,3223,-1,
3459,3423,3435,-1,
3223,3199,3275,-1,
3487,3435,3471,-1,
3459,3435,3487,-1,
3591,3563,3567,-1,
3631,3591,3595,-1,
3563,3529,3567,-1,
3755,3711,3731,-1,
3875,3803,3863,-1,
3655,3619,3631,-1,
3655,3631,3659,-1,
3907,3871,3875,-1,
3619,3591,3631,-1,
3591,3567,3595,-1,
3423,3407,3435,-1,
3915,3903,3927,-1,
3423,3371,3407,-1,
3395,3371,3423,-1,
3883,3903,3859,-1,
3871,3883,3859,-1,
3915,3859,3903,-1,
3871,3859,3855,-1,
3855,3859,3803,-1,
3803,3859,3783,-1,
3783,3859,3755,-1,
3755,3859,3711,-1,
3711,3859,3683,-1,
3683,3859,3655,-1,
3655,3859,3619,-1,
3619,3859,3591,-1,
3591,3859,3563,-1,
3563,3859,3529,-1,
3529,3859,3515,-1,
3487,3515,3219,-1,
3459,3487,3219,-1,
3423,3459,3219,-1,
3395,3423,3219,-1,
3367,3395,3219,-1,
3323,3367,3219,-1,
3295,3323,3219,-1,
3275,3295,3219,-1,
3223,3275,3219,-1,
3859,3219,3515,-1,
3223,3219,3207,-1,
3207,3219,3195,-1,
3195,3219,3175,-1,
3163,3175,3219,-1,
3919,3883,3907,-1,
3883,3871,3907,-1,
3903,3883,3927,-1,
3260,3259,3212,-1,
3211,3212,3259,-1,
3943,3944,3887,-1,
3888,3887,3944,-1,
3124,3123,3180,-1,
3179,3180,3123,-1,
3471,3435,3472,-1,
3436,3472,3435,-1,
3299,3259,3300,-1,
3260,3300,3259,-1,
3148,3147,3124,-1,
3123,3124,3147,-1,
3200,3199,3168,-1,
3167,3168,3199,-1,
3180,3179,3251,-1,
3887,3251,3179,-1,
3251,3887,3823,-1,
3888,3823,3887,-1,
3371,3335,3372,-1,
3336,3372,3335,-1,
3863,3864,3875,-1,
3876,3875,3864,-1,
3530,3499,3531,-1,
3500,3531,3499,-1,
3156,3155,3148,-1,
3147,3148,3155,-1,
3168,3167,3156,-1,
3155,3156,3167,-1,
3407,3371,3408,-1,
3372,3408,3371,-1,
3567,3530,3568,-1,
3531,3568,3530,-1,
3595,3567,3596,-1,
3568,3596,3567,-1,
3815,3816,3863,-1,
3864,3863,3816,-1,
3212,3211,3200,-1,
3199,3200,3211,-1,
3731,3695,3732,-1,
3696,3732,3695,-1,
3499,3471,3500,-1,
3472,3500,3471,-1,
3775,3731,3776,-1,
3732,3776,3731,-1,
3335,3299,3336,-1,
3300,3336,3299,-1,
3659,3631,3660,-1,
3632,3660,3631,-1,
3631,3595,3632,-1,
3596,3632,3595,-1,
3695,3659,3696,-1,
3660,3696,3659,-1,
3435,3407,3436,-1,
3408,3436,3407,-1,
3875,3876,3907,-1,
3908,3907,3876,-1,
3815,3775,3816,-1,
3776,3816,3775,-1,
3907,3908,3919,-1,
3920,3919,3908,-1,
3927,3928,3943,-1,
3944,3943,3928,-1,
3919,3920,3927,-1,
3928,3927,3920,-1,
2527,2529,1897,-1,
1897,2529,2507,-1,
2515,2507,2529,-1,
1916,1897,2507,-1,
1895,2527,1897,-1,
1909,1897,1916,-1,
2627,2613,2575,-1,
2605,2477,2613,-1,
2477,2575,2613,-1,
2477,2605,2469,-1,
2593,2469,2605,-1,
2506,2575,2491,-1,
2491,2575,2477,-1,
2469,2593,2445,-1,
2563,2445,2593,-1,
2445,2563,2437,-1,
2551,2437,2563,-1,
2437,2551,2401,-1,
2500,2401,2551,-1,
2401,2500,2393,-1,
2456,2393,2500,-1,
2393,2456,2363,-1,
2412,2363,2456,-1,
2363,2412,2351,-1,
2376,2351,2412,-1,
2351,2376,2323,-1,
2338,2323,2376,-1,
2323,2338,2299,-1,
2310,2299,2338,-1,
2299,2310,2287,-1,
2310,2274,2287,-1,
2287,2274,2259,-1,
2274,2246,2259,-1,
2259,2246,2231,-1,
2231,2246,2208,-1,
2246,2212,2208,-1,
2208,2212,2195,-1,
2212,2178,2195,-1,
2195,2178,2167,-1,
2178,2150,2167,-1,
2167,2150,2139,-1,
2127,2139,2114,-1,
2150,2114,2139,-1,
2103,2127,2086,-1,
2114,2086,2127,-1,
2075,2103,2048,-1,
2061,2075,2012,-1,
2086,2048,2103,-1,
2033,2061,1968,-1,
2025,2033,1924,-1,
2048,2012,2075,-1,
1987,2025,1876,-1,
1977,1987,1864,-1,
2012,1968,2061,-1,
1953,1977,1834,-1,
1945,1953,1822,-1,
1931,1945,1846,-1,
1968,1924,2033,-1,
1915,1931,1846,-1,
1924,1876,2025,-1,
1876,1864,1987,-1,
1814,1846,1945,-1,
1864,1834,1977,-1,
1834,1822,1953,-1,
1822,1814,1945,-1,
1794,1846,1814,-1,
2514,2528,2506,-1,
1896,2506,2528,-1,
1915,2506,1896,-1,
1908,1915,1896,-1,
2526,1896,2528,-1,
1894,1896,2526,-1,
2528,2529,2526,-1,
2527,2526,2529,-1,
2514,2515,2528,-1,
2529,2528,2515,-1,
2491,2492,2506,-1,
2492,2507,2506,-1,
2506,2507,2514,-1,
2515,2514,2507,-1,
2477,2478,2491,-1,
2492,2491,2478,-1,
2469,2470,2477,-1,
2478,2477,2470,-1,
2445,2446,2469,-1,
2470,2469,2446,-1,
2437,2438,2445,-1,
2446,2445,2438,-1,
2401,2402,2437,-1,
2438,2437,2402,-1,
2393,2394,2401,-1,
2402,2401,2394,-1,
2393,2363,2394,-1,
2364,2394,2363,-1,
2363,2351,2364,-1,
2352,2364,2351,-1,
2351,2323,2352,-1,
2324,2352,2323,-1,
2323,2299,2324,-1,
2300,2324,2299,-1,
2299,2287,2300,-1,
2288,2300,2287,-1,
2287,2259,2288,-1,
2260,2288,2259,-1,
2259,2231,2260,-1,
2232,2260,2231,-1,
2231,2208,2232,-1,
2209,2232,2208,-1,
2208,2195,2209,-1,
2196,2209,2195,-1,
2195,2167,2196,-1,
2168,2196,2167,-1,
2167,2139,2168,-1,
2140,2168,2139,-1,
2139,2127,2140,-1,
2128,2140,2127,-1,
2127,2103,2128,-1,
2104,2128,2103,-1,
2103,2075,2104,-1,
2076,2104,2075,-1,
2075,2061,2076,-1,
2062,2076,2061,-1,
2061,2033,2062,-1,
2034,2062,2033,-1,
2034,2033,2026,-1,
2025,2026,2033,-1,
2026,2025,1988,-1,
1987,1988,2025,-1,
1988,1987,1978,-1,
1977,1978,1987,-1,
1978,1977,1954,-1,
1953,1954,1977,-1,
1954,1953,1946,-1,
1945,1946,1953,-1,
1946,1945,1932,-1,
1931,1932,1945,-1,
1932,1931,1916,-1,
1931,1915,1916,-1,
1916,1915,1909,-1,
1908,1909,1915,-1,
1909,1908,1897,-1,
1896,1897,1908,-1,
1897,1896,1895,-1,
1894,1895,1896,-1,
1894,2526,1895,-1,
2527,1895,2526,-1,
2628,2629,2576,-1,
2577,2576,2629,-1,
1796,1795,1848,-1,
1847,1848,1795,-1,
2151,2115,2152,-1,
2116,2152,2115,-1,
1806,1805,1796,-1,
1795,1796,1805,-1,
1847,1916,1848,-1,
2507,1848,1916,-1,
1848,2507,2577,-1,
2576,2577,2507,-1,
2049,2013,2050,-1,
2014,2050,2013,-1,
2213,2179,2214,-1,
2180,2214,2179,-1,
2087,2049,2088,-1,
2050,2088,2049,-1,
2247,2213,2248,-1,
2214,2248,2213,-1,
2275,2247,2276,-1,
2248,2276,2247,-1,
2413,2377,2414,-1,
2378,2414,2377,-1,
2179,2151,2180,-1,
2152,2180,2151,-1,
2425,2413,2426,-1,
2414,2426,2413,-1,
2013,2001,2014,-1,
2002,2014,2001,-1,
2339,2311,2340,-1,
2312,2340,2311,-1,
2311,2275,2312,-1,
2276,2312,2275,-1,
2377,2339,2378,-1,
2340,2378,2339,-1,
2115,2087,2116,-1,
2088,2116,2087,-1,
2618,2619,2628,-1,
2629,2628,2619,-1,
1938,1875,1962,-1,
2375,2330,2337,-1,
2574,2545,2626,-1,
2162,2149,2177,-1,
2626,2545,2599,-1,
2626,2599,2612,-1,
1996,1962,1967,-1,
1882,1793,1828,-1,
1828,1813,1840,-1,
2462,2432,2455,-1,
2040,1996,2011,-1,
2557,2541,2562,-1,
2541,2486,2562,-1,
2612,2569,2604,-1,
1962,1875,1923,-1,
2190,2162,2177,-1,
1828,1793,1813,-1,
1845,1793,1882,-1,
1882,2545,1845,-1,
2574,1845,2545,-1,
2068,2011,2047,-1,
2040,2011,2068,-1,
2411,2358,2375,-1,
1996,1967,2011,-1,
1840,1813,1858,-1,
2486,2462,2550,-1,
1858,1833,1870,-1,
1962,1923,1967,-1,
1858,1813,1821,-1,
1870,1833,1863,-1,
1858,1821,1833,-1,
2462,2455,2499,-1,
1938,1863,1875,-1,
2388,2358,2411,-1,
2190,2177,2210,-1,
2210,2177,2211,-1,
2550,2462,2499,-1,
2245,2210,2211,-1,
2432,2411,2455,-1,
2358,2330,2375,-1,
1870,1863,1886,-1,
2134,2098,2113,-1,
1886,1863,1938,-1,
2162,2113,2149,-1,
2134,2113,2162,-1,
2266,2238,2245,-1,
2309,2266,2273,-1,
2238,2210,2245,-1,
2432,2388,2411,-1,
2562,2486,2550,-1,
2330,2294,2309,-1,
2330,2309,2337,-1,
2592,2557,2562,-1,
2294,2266,2309,-1,
2266,2245,2273,-1,
2098,2085,2113,-1,
2599,2587,2612,-1,
2098,2047,2085,-1,
2068,2047,2098,-1,
2569,2587,2545,-1,
2557,2569,2545,-1,
2599,2545,2587,-1,
2557,2545,2541,-1,
2541,2545,2486,-1,
2486,2545,2462,-1,
2462,2545,2432,-1,
2432,2545,2388,-1,
2388,2545,2358,-1,
2358,2545,2330,-1,
2330,2545,2294,-1,
2294,2545,2266,-1,
2266,2545,2238,-1,
2238,2545,2210,-1,
2210,2545,2190,-1,
2162,2190,1882,-1,
2134,2162,1882,-1,
2098,2134,1882,-1,
2068,2098,1882,-1,
2040,2068,1882,-1,
1996,2040,1882,-1,
1962,1996,1882,-1,
1938,1962,1882,-1,
1886,1938,1882,-1,
2545,1882,2190,-1,
1886,1882,1870,-1,
1870,1882,1858,-1,
1858,1882,1840,-1,
1828,1840,1882,-1,
2604,2569,2592,-1,
2569,2557,2592,-1,
2587,2569,2612,-1,
1924,1923,1876,-1,
1875,1876,1923,-1,
2626,2627,2574,-1,
2575,2574,2627,-1,
1794,1793,1846,-1,
1845,1846,1793,-1,
2149,2113,2150,-1,
2114,2150,2113,-1,
1967,1923,1968,-1,
1924,1968,1923,-1,
1814,1813,1794,-1,
1793,1794,1813,-1,
1864,1863,1834,-1,
1833,1834,1863,-1,
1846,1845,1915,-1,
2574,1915,1845,-1,
1915,2574,2506,-1,
2575,2506,2574,-1,
2047,2011,2048,-1,
2012,2048,2011,-1,
2550,2551,2562,-1,
2563,2562,2551,-1,
2211,2177,2212,-1,
2178,2212,2177,-1,
1822,1821,1814,-1,
1813,1814,1821,-1,
1834,1833,1822,-1,
1821,1822,1833,-1,
2085,2047,2086,-1,
2048,2086,2047,-1,
2245,2211,2246,-1,
2212,2246,2211,-1,
2273,2245,2274,-1,
2246,2274,2245,-1,
2499,2500,2550,-1,
2551,2550,2500,-1,
1876,1875,1864,-1,
1863,1864,1875,-1,
2411,2375,2412,-1,
2376,2412,2375,-1,
2177,2149,2178,-1,
2150,2178,2149,-1,
2455,2411,2456,-1,
2412,2456,2411,-1,
2011,1967,2012,-1,
1968,2012,1967,-1,
2337,2309,2338,-1,
2310,2338,2309,-1,
2309,2273,2310,-1,
2274,2310,2273,-1,
2375,2337,2376,-1,
2338,2376,2337,-1,
2113,2085,2114,-1,
2086,2114,2085,-1,
2562,2563,2592,-1,
2593,2592,2563,-1,
2499,2455,2500,-1,
2456,2500,2455,-1,
2592,2593,2604,-1,
2605,2604,2593,-1,
2612,2613,2626,-1,
2627,2626,2613,-1,
2604,2605,2612,-1,
2613,2612,2605,-1,
3848,3850,3238,-1,
3238,3850,3828,-1,
3836,3828,3850,-1,
3256,3238,3828,-1,
3236,3848,3238,-1,
3248,3238,3256,-1,
3952,3932,3896,-1,
3924,3799,3932,-1,
3799,3896,3932,-1,
3799,3924,3791,-1,
3912,3791,3924,-1,
3827,3896,3811,-1,
3811,3896,3799,-1,
3791,3912,3771,-1,
3880,3771,3912,-1,
3771,3880,3763,-1,
3868,3763,3880,-1,
3763,3868,3727,-1,
3820,3727,3868,-1,
3727,3820,3719,-1,
3780,3719,3820,-1,
3719,3780,3691,-1,
3740,3691,3780,-1,
3691,3740,3679,-1,
3704,3679,3740,-1,
3679,3704,3651,-1,
3668,3651,3704,-1,
3651,3668,3627,-1,
3640,3627,3668,-1,
3627,3640,3615,-1,
3640,3604,3615,-1,
3615,3604,3587,-1,
3604,3576,3587,-1,
3587,3576,3559,-1,
3559,3576,3541,-1,
3576,3545,3541,-1,
3541,3545,3523,-1,
3545,3508,3523,-1,
3523,3508,3495,-1,
3508,3480,3495,-1,
3495,3480,3467,-1,
3455,3467,3444,-1,
3480,3444,3467,-1,
3431,3455,3416,-1,
3444,3416,3455,-1,
3403,3431,3380,-1,
3391,3403,3344,-1,
3416,3380,3431,-1,
3363,3391,3304,-1,
3355,3363,3264,-1,
3380,3344,3403,-1,
3319,3355,3216,-1,
3311,3319,3204,-1,
3344,3304,3391,-1,
3291,3311,3172,-1,
3283,3291,3160,-1,
3271,3283,3188,-1,
3304,3264,3363,-1,
3255,3271,3188,-1,
3264,3216,3355,-1,
3216,3204,3319,-1,
3152,3188,3283,-1,
3204,3172,3311,-1,
3172,3160,3291,-1,
3160,3152,3283,-1,
3132,3188,3152,-1,
3835,3849,3827,-1,
3237,3827,3849,-1,
3255,3827,3237,-1,
3247,3255,3237,-1,
3847,3237,3849,-1,
3235,3237,3847,-1,
3849,3850,3847,-1,
3848,3847,3850,-1,
3835,3836,3849,-1,
3850,3849,3836,-1,
3811,3812,3827,-1,
3812,3828,3827,-1,
3827,3828,3835,-1,
3836,3835,3828,-1,
3799,3800,3811,-1,
3812,3811,3800,-1,
3791,3792,3799,-1,
3800,3799,3792,-1,
3771,3772,3791,-1,
3792,3791,3772,-1,
3763,3764,3771,-1,
3772,3771,3764,-1,
3727,3728,3763,-1,
3764,3763,3728,-1,
3719,3720,3727,-1,
3728,3727,3720,-1,
3719,3691,3720,-1,
3692,3720,3691,-1,
3691,3679,3692,-1,
3680,3692,3679,-1,
3679,3651,3680,-1,
3652,3680,3651,-1,
3651,3627,3652,-1,
3628,3652,3627,-1,
3627,3615,3628,-1,
3616,3628,3615,-1,
3615,3587,3616,-1,
3588,3616,3587,-1,
3587,3559,3588,-1,
3560,3588,3559,-1,
3559,3541,3560,-1,
3542,3560,3541,-1,
3541,3523,3542,-1,
3524,3542,3523,-1,
3523,3495,3524,-1,
3496,3524,3495,-1,
3495,3467,3496,-1,
3468,3496,3467,-1,
3467,3455,3468,-1,
3456,3468,3455,-1,
3455,3431,3456,-1,
3432,3456,3431,-1,
3431,3403,3432,-1,
3404,3432,3403,-1,
3403,3391,3404,-1,
3392,3404,3391,-1,
3391,3363,3392,-1,
3364,3392,3363,-1,
3364,3363,3356,-1,
3355,3356,3363,-1,
3356,3355,3320,-1,
3319,3320,3355,-1,
3320,3319,3312,-1,
3311,3312,3319,-1,
3312,3311,3292,-1,
3291,3292,3311,-1,
3292,3291,3284,-1,
3283,3284,3291,-1,
3284,3283,3272,-1,
3271,3272,3283,-1,
3272,3271,3256,-1,
3271,3255,3256,-1,
3256,3255,3248,-1,
3247,3248,3255,-1,
3248,3247,3238,-1,
3237,3238,3247,-1,
3238,3237,3236,-1,
3235,3236,3237,-1,
3235,3847,3236,-1,
3848,3236,3847,-1,
3953,3954,3897,-1,
3898,3897,3954,-1,
3134,3133,3190,-1,
3189,3190,3133,-1,
3481,3445,3482,-1,
3446,3482,3445,-1,
3144,3143,3134,-1,
3133,3134,3143,-1,
3189,3256,3190,-1,
3828,3190,3256,-1,
3190,3828,3898,-1,
3897,3898,3828,-1,
3381,3345,3382,-1,
3346,3382,3345,-1,
3546,3509,3547,-1,
3510,3547,3509,-1,
3417,3381,3418,-1,
3382,3418,3381,-1,
3577,3546,3578,-1,
3547,3578,3546,-1,
3605,3577,3606,-1,
3578,3606,3577,-1,
3741,3705,3742,-1,
3706,3742,3705,-1,
3509,3481,3510,-1,
3482,3510,3481,-1,
3751,3741,3752,-1,
3742,3752,3741,-1,
3345,3331,3346,-1,
3332,3346,3331,-1,
3669,3641,3670,-1,
3642,3670,3641,-1,
3641,3605,3642,-1,
3606,3642,3605,-1,
3705,3669,3706,-1,
3670,3706,3669,-1,
3445,3417,3446,-1,
3418,3446,3417,-1,
3939,3940,3953,-1,
3954,3953,3940,-1,
3277,3215,3297,-1,
3703,3657,3667,-1,
3895,3861,3951,-1,
3489,3479,3507,-1,
3951,3861,3917,-1,
3951,3917,3931,-1,
3325,3297,3303,-1,
3221,3131,3165,-1,
3165,3151,3177,-1,
3785,3757,3779,-1,
3369,3325,3343,-1,
3873,3857,3879,-1,
3857,3805,3879,-1,
3931,3885,3923,-1,
3297,3215,3263,-1,
3517,3489,3507,-1,
3165,3131,3151,-1,
3187,3131,3221,-1,
3221,3861,3187,-1,
3895,3187,3861,-1,
3397,3343,3379,-1,
3369,3343,3397,-1,
3739,3685,3703,-1,
3325,3303,3343,-1,
3177,3151,3197,-1,
3805,3785,3867,-1,
3197,3171,3209,-1,
3297,3263,3303,-1,
3197,3151,3159,-1,
3209,3171,3203,-1,
3197,3159,3171,-1,
3785,3779,3819,-1,
3277,3203,3215,-1,
3713,3685,3739,-1,
3517,3507,3543,-1,
3543,3507,3544,-1,
3867,3785,3819,-1,
3575,3543,3544,-1,
3757,3739,3779,-1,
3685,3657,3703,-1,
3209,3203,3225,-1,
3461,3425,3443,-1,
3225,3203,3277,-1,
3489,3443,3479,-1,
3461,3443,3489,-1,
3593,3565,3575,-1,
3639,3593,3603,-1,
3565,3543,3575,-1,
3757,3713,3739,-1,
3879,3805,3867,-1,
3657,3621,3639,-1,
3657,3639,3667,-1,
3911,3873,3879,-1,
3621,3593,3639,-1,
3593,3575,3603,-1,
3425,3415,3443,-1,
3917,3905,3931,-1,
3425,3379,3415,-1,
3397,3379,3425,-1,
3885,3905,3861,-1,
3873,3885,3861,-1,
3917,3861,3905,-1,
3873,3861,3857,-1,
3857,3861,3805,-1,
3805,3861,3785,-1,
3785,3861,3757,-1,
3757,3861,3713,-1,
3713,3861,3685,-1,
3685,3861,3657,-1,
3657,3861,3621,-1,
3621,3861,3593,-1,
3593,3861,3565,-1,
3565,3861,3543,-1,
3543,3861,3517,-1,
3489,3517,3221,-1,
3461,3489,3221,-1,
3425,3461,3221,-1,
3397,3425,3221,-1,
3369,3397,3221,-1,
3325,3369,3221,-1,
3297,3325,3221,-1,
3277,3297,3221,-1,
3225,3277,3221,-1,
3861,3221,3517,-1,
3225,3221,3209,-1,
3209,3221,3197,-1,
3197,3221,3177,-1,
3165,3177,3221,-1,
3923,3885,3911,-1,
3885,3873,3911,-1,
3905,3885,3931,-1,
3264,3263,3216,-1,
3215,3216,3263,-1,
3951,3952,3895,-1,
3896,3895,3952,-1,
3132,3131,3188,-1,
3187,3188,3131,-1,
3479,3443,3480,-1,
3444,3480,3443,-1,
3303,3263,3304,-1,
3264,3304,3263,-1,
3152,3151,3132,-1,
3131,3132,3151,-1,
3204,3203,3172,-1,
3171,3172,3203,-1,
3188,3187,3255,-1,
3895,3255,3187,-1,
3255,3895,3827,-1,
3896,3827,3895,-1,
3379,3343,3380,-1,
3344,3380,3343,-1,
3867,3868,3879,-1,
3880,3879,3868,-1,
3544,3507,3545,-1,
3508,3545,3507,-1,
3160,3159,3152,-1,
3151,3152,3159,-1,
3172,3171,3160,-1,
3159,3160,3171,-1,
3415,3379,3416,-1,
3380,3416,3379,-1,
3575,3544,3576,-1,
3545,3576,3544,-1,
3603,3575,3604,-1,
3576,3604,3575,-1,
3819,3820,3867,-1,
3868,3867,3820,-1,
3216,3215,3204,-1,
3203,3204,3215,-1,
3739,3703,3740,-1,
3704,3740,3703,-1,
3507,3479,3508,-1,
3480,3508,3479,-1,
3779,3739,3780,-1,
3740,3780,3739,-1,
3343,3303,3344,-1,
3304,3344,3303,-1,
3667,3639,3668,-1,
3640,3668,3639,-1,
3639,3603,3640,-1,
3604,3640,3603,-1,
3703,3667,3704,-1,
3668,3704,3667,-1,
3443,3415,3444,-1,
3416,3444,3415,-1,
3879,3880,3911,-1,
3912,3911,3880,-1,
3819,3779,3820,-1,
3780,3820,3779,-1,
3911,3912,3923,-1,
3924,3923,3912,-1,
3931,3932,3951,-1,
3952,3951,3932,-1,
3923,3924,3931,-1,
3932,3931,3924,-1,
5091,5093,4328,-1,
4328,5093,5067,-1,
5077,5067,5093,-1,
4352,4328,5067,-1,
4326,5091,4328,-1,
4342,4328,4352,-1,
5221,5197,5151,-1,
5187,5031,5197,-1,
5031,5151,5197,-1,
5031,5187,5021,-1,
5172,5021,5187,-1,
5066,5151,5046,-1,
5046,5151,5031,-1,
5021,5172,4996,-1,
5132,4996,5172,-1,
4996,5132,4986,-1,
5117,4986,5132,-1,
4986,5117,4941,-1,
5057,4941,5117,-1,
4941,5057,4931,-1,
5007,4931,5057,-1,
4931,5007,4896,-1,
4956,4896,5007,-1,
4896,4956,4881,-1,
4911,4881,4956,-1,
4881,4911,4846,-1,
4866,4846,4911,-1,
4846,4866,4816,-1,
4831,4816,4866,-1,
4816,4831,4801,-1,
4831,4786,4801,-1,
4801,4786,4766,-1,
4786,4751,4766,-1,
4766,4751,4731,-1,
4731,4751,4706,-1,
4751,4710,4706,-1,
4706,4710,4686,-1,
4710,4666,4686,-1,
4686,4666,4651,-1,
4666,4631,4651,-1,
4651,4631,4616,-1,
4601,4616,4586,-1,
4631,4586,4616,-1,
4571,4601,4551,-1,
4586,4551,4601,-1,
4536,4571,4506,-1,
4521,4536,4461,-1,
4551,4506,4571,-1,
4486,4521,4412,-1,
4476,4486,4362,-1,
4506,4461,4536,-1,
4431,4476,4302,-1,
4421,4431,4287,-1,
4461,4412,4521,-1,
4396,4421,4247,-1,
4386,4396,4232,-1,
4371,4386,4266,-1,
4412,4362,4486,-1,
4351,4371,4266,-1,
4362,4302,4476,-1,
4302,4287,4431,-1,
4222,4266,4386,-1,
4287,4247,4421,-1,
4247,4232,4396,-1,
4232,4222,4386,-1,
4196,4266,4222,-1,
5076,5092,5066,-1,
4327,5066,5092,-1,
4351,5066,4327,-1,
4341,4351,4327,-1,
5090,4327,5092,-1,
4325,4327,5090,-1,
5092,5093,5090,-1,
5091,5090,5093,-1,
5076,5077,5092,-1,
5093,5092,5077,-1,
5046,5047,5066,-1,
5047,5067,5066,-1,
5066,5067,5076,-1,
5077,5076,5067,-1,
5031,5032,5046,-1,
5047,5046,5032,-1,
5021,5022,5031,-1,
5032,5031,5022,-1,
4996,4997,5021,-1,
5022,5021,4997,-1,
4986,4987,4996,-1,
4997,4996,4987,-1,
4941,4942,4986,-1,
4987,4986,4942,-1,
4931,4932,4941,-1,
4942,4941,4932,-1,
4931,4896,4932,-1,
4897,4932,4896,-1,
4896,4881,4897,-1,
4882,4897,4881,-1,
4881,4846,4882,-1,
4847,4882,4846,-1,
4846,4816,4847,-1,
4817,4847,4816,-1,
4816,4801,4817,-1,
4802,4817,4801,-1,
4801,4766,4802,-1,
4767,4802,4766,-1,
4766,4731,4767,-1,
4732,4767,4731,-1,
4731,4706,4732,-1,
4707,4732,4706,-1,
4706,4686,4707,-1,
4687,4707,4686,-1,
4686,4651,4687,-1,
4652,4687,4651,-1,
4651,4616,4652,-1,
4617,4652,4616,-1,
4616,4601,4617,-1,
4602,4617,4601,-1,
4601,4571,4602,-1,
4572,4602,4571,-1,
4571,4536,4572,-1,
4537,4572,4536,-1,
4536,4521,4537,-1,
4522,4537,4521,-1,
4521,4486,4522,-1,
4487,4522,4486,-1,
4487,4486,4477,-1,
4476,4477,4486,-1,
4477,4476,4432,-1,
4431,4432,4476,-1,
4432,4431,4422,-1,
4421,4422,4431,-1,
4422,4421,4397,-1,
4396,4397,4421,-1,
4397,4396,4387,-1,
4386,4387,4396,-1,
4387,4386,4372,-1,
4371,4372,4386,-1,
4372,4371,4352,-1,
4371,4351,4352,-1,
4352,4351,4342,-1,
4341,4342,4351,-1,
4342,4341,4328,-1,
4327,4328,4341,-1,
4328,4327,4326,-1,
4325,4326,4327,-1,
4325,5090,4326,-1,
5091,4326,5090,-1,
5222,5223,5152,-1,
5153,5152,5223,-1,
4198,4197,4268,-1,
4267,4268,4197,-1,
4632,4587,4633,-1,
4588,4633,4587,-1,
4212,4211,4198,-1,
4197,4198,4211,-1,
4267,4352,4268,-1,
5067,4268,4352,-1,
4268,5067,5153,-1,
5152,5153,5067,-1,
4507,4462,4508,-1,
4463,4508,4462,-1,
4711,4667,4712,-1,
4668,4712,4667,-1,
4552,4507,4553,-1,
4508,4553,4507,-1,
4752,4711,4753,-1,
4712,4753,4711,-1,
4787,4752,4788,-1,
4753,4788,4752,-1,
4957,4912,4958,-1,
4913,4958,4912,-1,
4667,4632,4668,-1,
4633,4668,4632,-1,
4971,4957,4972,-1,
4958,4972,4957,-1,
4462,4446,4463,-1,
4447,4463,4446,-1,
4867,4832,4868,-1,
4833,4868,4832,-1,
4832,4787,4833,-1,
4788,4833,4787,-1,
4912,4867,4913,-1,
4868,4913,4867,-1,
4587,4552,4588,-1,
4553,4588,4552,-1,
5206,5207,5222,-1,
5223,5222,5207,-1,
4379,4301,4404,-1,
4910,4854,4865,-1,
5150,5109,5220,-1,
4644,4630,4665,-1,
5220,5109,5179,-1,
5220,5179,5196,-1,
4439,4404,4411,-1,
4309,4195,4239,-1,
4239,4221,4254,-1,
5014,4979,5006,-1,
4494,4439,4460,-1,
5124,5104,5131,-1,
5104,5039,5131,-1,
5196,5139,5186,-1,
4404,4301,4361,-1,
4679,4644,4665,-1,
4239,4195,4221,-1,
4265,4195,4309,-1,
4309,5109,4265,-1,
5150,4265,5109,-1,
4529,4460,4505,-1,
4494,4460,4529,-1,
4955,4889,4910,-1,
4439,4411,4460,-1,
4254,4221,4279,-1,
5039,5014,5116,-1,
4279,4246,4294,-1,
4404,4361,4411,-1,
4279,4221,4231,-1,
4294,4246,4286,-1,
4279,4231,4246,-1,
5014,5006,5056,-1,
4379,4286,4301,-1,
4924,4889,4955,-1,
4679,4665,4708,-1,
4708,4665,4709,-1,
5116,5014,5056,-1,
4750,4708,4709,-1,
4979,4955,5006,-1,
4889,4854,4910,-1,
4294,4286,4314,-1,
4609,4564,4585,-1,
4314,4286,4379,-1,
4644,4585,4630,-1,
4609,4585,4644,-1,
4774,4739,4750,-1,
4830,4774,4785,-1,
4739,4708,4750,-1,
4979,4924,4955,-1,
5131,5039,5116,-1,
4854,4809,4830,-1,
4854,4830,4865,-1,
5171,5124,5131,-1,
4809,4774,4830,-1,
4774,4750,4785,-1,
4564,4550,4585,-1,
5179,5164,5196,-1,
4564,4505,4550,-1,
4529,4505,4564,-1,
5139,5164,5109,-1,
5124,5139,5109,-1,
5179,5109,5164,-1,
5124,5109,5104,-1,
5104,5109,5039,-1,
5039,5109,5014,-1,
5014,5109,4979,-1,
4979,5109,4924,-1,
4924,5109,4889,-1,
4889,5109,4854,-1,
4854,5109,4809,-1,
4809,5109,4774,-1,
4774,5109,4739,-1,
4739,5109,4708,-1,
4708,5109,4679,-1,
4644,4679,4309,-1,
4609,4644,4309,-1,
4564,4609,4309,-1,
4529,4564,4309,-1,
4494,4529,4309,-1,
4439,4494,4309,-1,
4404,4439,4309,-1,
4379,4404,4309,-1,
4314,4379,4309,-1,
5109,4309,4679,-1,
4314,4309,4294,-1,
4294,4309,4279,-1,
4279,4309,4254,-1,
4239,4254,4309,-1,
5186,5139,5171,-1,
5139,5124,5171,-1,
5164,5139,5196,-1,
4362,4361,4302,-1,
4301,4302,4361,-1,
5220,5221,5150,-1,
5151,5150,5221,-1,
4196,4195,4266,-1,
4265,4266,4195,-1,
4630,4585,4631,-1,
4586,4631,4585,-1,
4411,4361,4412,-1,
4362,4412,4361,-1,
4222,4221,4196,-1,
4195,4196,4221,-1,
4287,4286,4247,-1,
4246,4247,4286,-1,
4266,4265,4351,-1,
5150,4351,4265,-1,
4351,5150,5066,-1,
5151,5066,5150,-1,
4505,4460,4506,-1,
4461,4506,4460,-1,
5116,5117,5131,-1,
5132,5131,5117,-1,
4709,4665,4710,-1,
4666,4710,4665,-1,
4232,4231,4222,-1,
4221,4222,4231,-1,
4247,4246,4232,-1,
4231,4232,4246,-1,
4550,4505,4551,-1,
4506,4551,4505,-1,
4750,4709,4751,-1,
4710,4751,4709,-1,
4785,4750,4786,-1,
4751,4786,4750,-1,
5056,5057,5116,-1,
5117,5116,5057,-1,
4302,4301,4287,-1,
4286,4287,4301,-1,
4955,4910,4956,-1,
4911,4956,4910,-1,
4665,4630,4666,-1,
4631,4666,4630,-1,
5006,4955,5007,-1,
4956,5007,4955,-1,
4460,4411,4461,-1,
4412,4461,4411,-1,
4865,4830,4866,-1,
4831,4866,4830,-1,
4830,4785,4831,-1,
4786,4831,4785,-1,
4910,4865,4911,-1,
4866,4911,4865,-1,
4585,4550,4586,-1,
4551,4586,4550,-1,
5131,5132,5171,-1,
5172,5171,5132,-1,
5056,5006,5057,-1,
5007,5057,5006,-1,
5171,5172,5186,-1,
5187,5186,5172,-1,
5196,5197,5220,-1,
5221,5220,5197,-1,
5186,5187,5196,-1,
5197,5196,5187,-1,
5087,5089,4324,-1,
4324,5089,5065,-1,
5075,5065,5089,-1,
4350,4324,5065,-1,
4322,5087,4324,-1,
4340,4324,4350,-1,
5217,5195,5147,-1,
5185,5029,5195,-1,
5029,5147,5195,-1,
5029,5185,5019,-1,
5170,5019,5185,-1,
5064,5147,5044,-1,
5044,5147,5029,-1,
5019,5170,4994,-1,
5130,4994,5170,-1,
4994,5130,4984,-1,
5115,4984,5130,-1,
4984,5115,4939,-1,
5055,4939,5115,-1,
4939,5055,4929,-1,
5005,4929,5055,-1,
4929,5005,4894,-1,
4952,4894,5005,-1,
4894,4952,4879,-1,
4907,4879,4952,-1,
4879,4907,4844,-1,
4862,4844,4907,-1,
4844,4862,4814,-1,
4827,4814,4862,-1,
4814,4827,4799,-1,
4827,4782,4799,-1,
4799,4782,4764,-1,
4782,4747,4764,-1,
4764,4747,4729,-1,
4729,4747,4699,-1,
4747,4703,4699,-1,
4699,4703,4684,-1,
4703,4662,4684,-1,
4684,4662,4649,-1,
4662,4627,4649,-1,
4649,4627,4614,-1,
4599,4614,4582,-1,
4627,4582,4614,-1,
4569,4599,4547,-1,
4582,4547,4599,-1,
4534,4569,4502,-1,
4519,4534,4457,-1,
4547,4502,4569,-1,
4484,4519,4410,-1,
4474,4484,4360,-1,
4502,4457,4534,-1,
4429,4474,4300,-1,
4419,4429,4285,-1,
4457,4410,4519,-1,
4394,4419,4245,-1,
4384,4394,4230,-1,
4369,4384,4262,-1,
4410,4360,4484,-1,
4349,4369,4262,-1,
4360,4300,4474,-1,
4300,4285,4429,-1,
4220,4262,4384,-1,
4285,4245,4419,-1,
4245,4230,4394,-1,
4230,4220,4384,-1,
4192,4262,4220,-1,
5074,5088,5064,-1,
4323,5064,5088,-1,
4349,5064,4323,-1,
4339,4349,4323,-1,
5086,4323,5088,-1,
4321,4323,5086,-1,
5088,5089,5086,-1,
5087,5086,5089,-1,
5074,5075,5088,-1,
5089,5088,5075,-1,
5044,5045,5064,-1,
5045,5065,5064,-1,
5064,5065,5074,-1,
5075,5074,5065,-1,
5029,5030,5044,-1,
5045,5044,5030,-1,
5019,5020,5029,-1,
5030,5029,5020,-1,
4994,4995,5019,-1,
5020,5019,4995,-1,
4984,4985,4994,-1,
4995,4994,4985,-1,
4939,4940,4984,-1,
4985,4984,4940,-1,
4929,4930,4939,-1,
4940,4939,4930,-1,
4929,4894,4930,-1,
4895,4930,4894,-1,
4894,4879,4895,-1,
4880,4895,4879,-1,
4879,4844,4880,-1,
4845,4880,4844,-1,
4844,4814,4845,-1,
4815,4845,4814,-1,
4814,4799,4815,-1,
4800,4815,4799,-1,
4799,4764,4800,-1,
4765,4800,4764,-1,
4764,4729,4765,-1,
4730,4765,4729,-1,
4729,4699,4730,-1,
4700,4730,4699,-1,
4699,4684,4700,-1,
4685,4700,4684,-1,
4684,4649,4685,-1,
4650,4685,4649,-1,
4649,4614,4650,-1,
4615,4650,4614,-1,
4614,4599,4615,-1,
4600,4615,4599,-1,
4599,4569,4600,-1,
4570,4600,4569,-1,
4569,4534,4570,-1,
4535,4570,4534,-1,
4534,4519,4535,-1,
4520,4535,4519,-1,
4519,4484,4520,-1,
4485,4520,4484,-1,
4485,4484,4475,-1,
4474,4475,4484,-1,
4475,4474,4430,-1,
4429,4430,4474,-1,
4430,4429,4420,-1,
4419,4420,4429,-1,
4420,4419,4395,-1,
4394,4395,4419,-1,
4395,4394,4385,-1,
4384,4385,4394,-1,
4385,4384,4370,-1,
4369,4370,4384,-1,
4370,4369,4350,-1,
4369,4349,4350,-1,
4350,4349,4340,-1,
4339,4340,4349,-1,
4340,4339,4324,-1,
4323,4324,4339,-1,
4324,4323,4322,-1,
4321,4322,4323,-1,
4321,5086,4322,-1,
5087,4322,5086,-1,
5218,5219,5148,-1,
5149,5148,5219,-1,
4194,4193,4264,-1,
4263,4264,4193,-1,
4628,4583,4629,-1,
4584,4629,4583,-1,
4210,4209,4194,-1,
4193,4194,4209,-1,
4263,4350,4264,-1,
5065,4264,4350,-1,
4264,5065,5149,-1,
5148,5149,5065,-1,
4503,4458,4504,-1,
4459,4504,4458,-1,
4704,4663,4705,-1,
4664,4705,4663,-1,
4548,4503,4549,-1,
4504,4549,4503,-1,
4748,4704,4749,-1,
4705,4749,4704,-1,
4783,4748,4784,-1,
4749,4784,4748,-1,
4953,4908,4954,-1,
4909,4954,4908,-1,
4663,4628,4664,-1,
4629,4664,4628,-1,
4969,4953,4970,-1,
4954,4970,4953,-1,
4458,4444,4459,-1,
4445,4459,4444,-1,
4863,4828,4864,-1,
4829,4864,4828,-1,
4828,4783,4829,-1,
4784,4829,4783,-1,
4908,4863,4909,-1,
4864,4909,4863,-1,
4583,4548,4584,-1,
4549,4584,4548,-1,
5204,5205,5218,-1,
5219,5218,5205,-1,
4378,4299,4403,-1,
4906,4853,4861,-1,
5146,5108,5216,-1,
4643,4626,4661,-1,
5216,5108,5178,-1,
5216,5178,5194,-1,
4438,4403,4409,-1,
4308,4191,4238,-1,
4238,4219,4253,-1,
5013,4978,5004,-1,
4493,4438,4456,-1,
5123,5103,5129,-1,
5103,5038,5129,-1,
5194,5138,5184,-1,
4403,4299,4359,-1,
4678,4643,4661,-1,
4238,4191,4219,-1,
4261,4191,4308,-1,
4308,5108,4261,-1,
5146,4261,5108,-1,
4528,4456,4501,-1,
4493,4456,4528,-1,
4951,4888,4906,-1,
4438,4409,4456,-1,
4253,4219,4278,-1,
5038,5013,5114,-1,
4278,4244,4293,-1,
4403,4359,4409,-1,
4278,4219,4229,-1,
4293,4244,4284,-1,
4278,4229,4244,-1,
5013,5004,5054,-1,
4378,4284,4299,-1,
4923,4888,4951,-1,
4678,4661,4701,-1,
4701,4661,4702,-1,
5114,5013,5054,-1,
4746,4701,4702,-1,
4978,4951,5004,-1,
4888,4853,4906,-1,
4293,4284,4313,-1,
4608,4563,4581,-1,
4313,4284,4378,-1,
4643,4581,4626,-1,
4608,4581,4643,-1,
4773,4738,4746,-1,
4826,4773,4781,-1,
4738,4701,4746,-1,
4978,4923,4951,-1,
5129,5038,5114,-1,
4853,4808,4826,-1,
4853,4826,4861,-1,
5169,5123,5129,-1,
4808,4773,4826,-1,
4773,4746,4781,-1,
4563,4546,4581,-1,
5178,5163,5194,-1,
4563,4501,4546,-1,
4528,4501,4563,-1,
5138,5163,5108,-1,
5123,5138,5108,-1,
5178,5108,5163,-1,
5123,5108,5103,-1,
5103,5108,5038,-1,
5038,5108,5013,-1,
5013,5108,4978,-1,
4978,5108,4923,-1,
4923,5108,4888,-1,
4888,5108,4853,-1,
4853,5108,4808,-1,
4808,5108,4773,-1,
4773,5108,4738,-1,
4738,5108,4701,-1,
4701,5108,4678,-1,
4643,4678,4308,-1,
4608,4643,4308,-1,
4563,4608,4308,-1,
4528,4563,4308,-1,
4493,4528,4308,-1,
4438,4493,4308,-1,
4403,4438,4308,-1,
4378,4403,4308,-1,
4313,4378,4308,-1,
5108,4308,4678,-1,
4313,4308,4293,-1,
4293,4308,4278,-1,
4278,4308,4253,-1,
4238,4253,4308,-1,
5184,5138,5169,-1,
5138,5123,5169,-1,
5163,5138,5194,-1,
4360,4359,4300,-1,
4299,4300,4359,-1,
5216,5217,5146,-1,
5147,5146,5217,-1,
4192,4191,4262,-1,
4261,4262,4191,-1,
4626,4581,4627,-1,
4582,4627,4581,-1,
4409,4359,4410,-1,
4360,4410,4359,-1,
4220,4219,4192,-1,
4191,4192,4219,-1,
4285,4284,4245,-1,
4244,4245,4284,-1,
4262,4261,4349,-1,
5146,4349,4261,-1,
4349,5146,5064,-1,
5147,5064,5146,-1,
4501,4456,4502,-1,
4457,4502,4456,-1,
5114,5115,5129,-1,
5130,5129,5115,-1,
4702,4661,4703,-1,
4662,4703,4661,-1,
4230,4229,4220,-1,
4219,4220,4229,-1,
4245,4244,4230,-1,
4229,4230,4244,-1,
4546,4501,4547,-1,
4502,4547,4501,-1,
4746,4702,4747,-1,
4703,4747,4702,-1,
4781,4746,4782,-1,
4747,4782,4746,-1,
5054,5055,5114,-1,
5115,5114,5055,-1,
4300,4299,4285,-1,
4284,4285,4299,-1,
4951,4906,4952,-1,
4907,4952,4906,-1,
4661,4626,4662,-1,
4627,4662,4626,-1,
5004,4951,5005,-1,
4952,5005,4951,-1,
4456,4409,4457,-1,
4410,4457,4409,-1,
4861,4826,4862,-1,
4827,4862,4826,-1,
4826,4781,4827,-1,
4782,4827,4781,-1,
4906,4861,4907,-1,
4862,4907,4861,-1,
4581,4546,4582,-1,
4547,4582,4546,-1,
5129,5130,5169,-1,
5170,5169,5130,-1,
5054,5004,5055,-1,
5005,5055,5004,-1,
5169,5170,5184,-1,
5185,5184,5170,-1,
5194,5195,5216,-1,
5217,5216,5195,-1,
5184,5185,5194,-1,
5195,5194,5185,-1,
3844,3846,3234,-1,
3234,3846,3826,-1,
3834,3826,3846,-1,
3254,3234,3826,-1,
3232,3844,3234,-1,
3246,3234,3254,-1,
3948,3930,3892,-1,
3922,3797,3930,-1,
3797,3892,3930,-1,
3797,3922,3789,-1,
3910,3789,3922,-1,
3825,3892,3809,-1,
3809,3892,3797,-1,
3789,3910,3769,-1,
3878,3769,3910,-1,
3769,3878,3761,-1,
3866,3761,3878,-1,
3761,3866,3725,-1,
3818,3725,3866,-1,
3725,3818,3717,-1,
3778,3717,3818,-1,
3717,3778,3689,-1,
3736,3689,3778,-1,
3689,3736,3677,-1,
3700,3677,3736,-1,
3677,3700,3649,-1,
3664,3649,3700,-1,
3649,3664,3625,-1,
3636,3625,3664,-1,
3625,3636,3613,-1,
3636,3600,3613,-1,
3613,3600,3585,-1,
3600,3572,3585,-1,
3585,3572,3557,-1,
3557,3572,3534,-1,
3572,3538,3534,-1,
3534,3538,3521,-1,
3538,3504,3521,-1,
3521,3504,3493,-1,
3504,3476,3493,-1,
3493,3476,3465,-1,
3453,3465,3440,-1,
3476,3440,3465,-1,
3429,3453,3412,-1,
3440,3412,3453,-1,
3401,3429,3376,-1,
3389,3401,3340,-1,
3412,3376,3429,-1,
3361,3389,3302,-1,
3353,3361,3262,-1,
3376,3340,3401,-1,
3317,3353,3214,-1,
3309,3317,3202,-1,
3340,3302,3389,-1,
3289,3309,3170,-1,
3281,3289,3158,-1,
3269,3281,3184,-1,
3302,3262,3361,-1,
3253,3269,3184,-1,
3262,3214,3353,-1,
3214,3202,3317,-1,
3150,3184,3281,-1,
3202,3170,3309,-1,
3170,3158,3289,-1,
3158,3150,3281,-1,
3128,3184,3150,-1,
3833,3845,3825,-1,
3233,3825,3845,-1,
3253,3825,3233,-1,
3245,3253,3233,-1,
3843,3233,3845,-1,
3231,3233,3843,-1,
3845,3846,3843,-1,
3844,3843,3846,-1,
3833,3834,3845,-1,
3846,3845,3834,-1,
3809,3810,3825,-1,
3810,3826,3825,-1,
3825,3826,3833,-1,
3834,3833,3826,-1,
3797,3798,3809,-1,
3810,3809,3798,-1,
3789,3790,3797,-1,
3798,3797,3790,-1,
3769,3770,3789,-1,
3790,3789,3770,-1,
3761,3762,3769,-1,
3770,3769,3762,-1,
3725,3726,3761,-1,
3762,3761,3726,-1,
3717,3718,3725,-1,
3726,3725,3718,-1,
3717,3689,3718,-1,
3690,3718,3689,-1,
3689,3677,3690,-1,
3678,3690,3677,-1,
3677,3649,3678,-1,
3650,3678,3649,-1,
3649,3625,3650,-1,
3626,3650,3625,-1,
3625,3613,3626,-1,
3614,3626,3613,-1,
3613,3585,3614,-1,
3586,3614,3585,-1,
3585,3557,3586,-1,
3558,3586,3557,-1,
3557,3534,3558,-1,
3535,3558,3534,-1,
3534,3521,3535,-1,
3522,3535,3521,-1,
3521,3493,3522,-1,
3494,3522,3493,-1,
3493,3465,3494,-1,
3466,3494,3465,-1,
3465,3453,3466,-1,
3454,3466,3453,-1,
3453,3429,3454,-1,
3430,3454,3429,-1,
3429,3401,3430,-1,
3402,3430,3401,-1,
3401,3389,3402,-1,
3390,3402,3389,-1,
3389,3361,3390,-1,
3362,3390,3361,-1,
3362,3361,3354,-1,
3353,3354,3361,-1,
3354,3353,3318,-1,
3317,3318,3353,-1,
3318,3317,3310,-1,
3309,3310,3317,-1,
3310,3309,3290,-1,
3289,3290,3309,-1,
3290,3289,3282,-1,
3281,3282,3289,-1,
3282,3281,3270,-1,
3269,3270,3281,-1,
3270,3269,3254,-1,
3269,3253,3254,-1,
3254,3253,3246,-1,
3245,3246,3253,-1,
3246,3245,3234,-1,
3233,3234,3245,-1,
3234,3233,3232,-1,
3231,3232,3233,-1,
3231,3843,3232,-1,
3844,3232,3843,-1,
3949,3950,3893,-1,
3894,3893,3950,-1,
3130,3129,3186,-1,
3185,3186,3129,-1,
3477,3441,3478,-1,
3442,3478,3441,-1,
3142,3141,3130,-1,
3129,3130,3141,-1,
3185,3254,3186,-1,
3826,3186,3254,-1,
3186,3826,3894,-1,
3893,3894,3826,-1,
3377,3341,3378,-1,
3342,3378,3341,-1,
3539,3505,3540,-1,
3506,3540,3505,-1,
3413,3377,3414,-1,
3378,3414,3377,-1,
3573,3539,3574,-1,
3540,3574,3539,-1,
3601,3573,3602,-1,
3574,3602,3573,-1,
3737,3701,3738,-1,
3702,3738,3701,-1,
3505,3477,3506,-1,
3478,3506,3477,-1,
3749,3737,3750,-1,
3738,3750,3737,-1,
3341,3329,3342,-1,
3330,3342,3329,-1,
3665,3637,3666,-1,
3638,3666,3637,-1,
3637,3601,3638,-1,
3602,3638,3601,-1,
3701,3665,3702,-1,
3666,3702,3665,-1,
3441,3413,3442,-1,
3414,3442,3413,-1,
3937,3938,3949,-1,
3950,3949,3938,-1,
3276,3213,3296,-1,
3699,3656,3663,-1,
3891,3860,3947,-1,
3488,3475,3503,-1,
3947,3860,3916,-1,
3947,3916,3929,-1,
3324,3296,3301,-1,
3220,3127,3164,-1,
3164,3149,3176,-1,
3784,3756,3777,-1,
3368,3324,3339,-1,
3872,3856,3877,-1,
3856,3804,3877,-1,
3929,3884,3921,-1,
3296,3213,3261,-1,
3516,3488,3503,-1,
3164,3127,3149,-1,
3183,3127,3220,-1,
3220,3860,3183,-1,
3891,3183,3860,-1,
3396,3339,3375,-1,
3368,3339,3396,-1,
3735,3684,3699,-1,
3324,3301,3339,-1,
3176,3149,3196,-1,
3804,3784,3865,-1,
3196,3169,3208,-1,
3296,3261,3301,-1,
3196,3149,3157,-1,
3208,3169,3201,-1,
3196,3157,3169,-1,
3784,3777,3817,-1,
3276,3201,3213,-1,
3712,3684,3735,-1,
3516,3503,3536,-1,
3536,3503,3537,-1,
3865,3784,3817,-1,
3571,3536,3537,-1,
3756,3735,3777,-1,
3684,3656,3699,-1,
3208,3201,3224,-1,
3460,3424,3439,-1,
3224,3201,3276,-1,
3488,3439,3475,-1,
3460,3439,3488,-1,
3592,3564,3571,-1,
3635,3592,3599,-1,
3564,3536,3571,-1,
3756,3712,3735,-1,
3877,3804,3865,-1,
3656,3620,3635,-1,
3656,3635,3663,-1,
3909,3872,3877,-1,
3620,3592,3635,-1,
3592,3571,3599,-1,
3424,3411,3439,-1,
3916,3904,3929,-1,
3424,3375,3411,-1,
3396,3375,3424,-1,
3884,3904,3860,-1,
3872,3884,3860,-1,
3916,3860,3904,-1,
3872,3860,3856,-1,
3856,3860,3804,-1,
3804,3860,3784,-1,
3784,3860,3756,-1,
3756,3860,3712,-1,
3712,3860,3684,-1,
3684,3860,3656,-1,
3656,3860,3620,-1,
3620,3860,3592,-1,
3592,3860,3564,-1,
3564,3860,3536,-1,
3536,3860,3516,-1,
3488,3516,3220,-1,
3460,3488,3220,-1,
3424,3460,3220,-1,
3396,3424,3220,-1,
3368,3396,3220,-1,
3324,3368,3220,-1,
3296,3324,3220,-1,
3276,3296,3220,-1,
3224,3276,3220,-1,
3860,3220,3516,-1,
3224,3220,3208,-1,
3208,3220,3196,-1,
3196,3220,3176,-1,
3164,3176,3220,-1,
3921,3884,3909,-1,
3884,3872,3909,-1,
3904,3884,3929,-1,
3262,3261,3214,-1,
3213,3214,3261,-1,
3947,3948,3891,-1,
3892,3891,3948,-1,
3128,3127,3184,-1,
3183,3184,3127,-1,
3475,3439,3476,-1,
3440,3476,3439,-1,
3301,3261,3302,-1,
3262,3302,3261,-1,
3150,3149,3128,-1,
3127,3128,3149,-1,
3202,3201,3170,-1,
3169,3170,3201,-1,
3184,3183,3253,-1,
3891,3253,3183,-1,
3253,3891,3825,-1,
3892,3825,3891,-1,
3375,3339,3376,-1,
3340,3376,3339,-1,
3865,3866,3877,-1,
3878,3877,3866,-1,
3537,3503,3538,-1,
3504,3538,3503,-1,
3158,3157,3150,-1,
3149,3150,3157,-1,
3170,3169,3158,-1,
3157,3158,3169,-1,
3411,3375,3412,-1,
3376,3412,3375,-1,
3571,3537,3572,-1,
3538,3572,3537,-1,
3599,3571,3600,-1,
3572,3600,3571,-1,
3817,3818,3865,-1,
3866,3865,3818,-1,
3214,3213,3202,-1,
3201,3202,3213,-1,
3735,3699,3736,-1,
3700,3736,3699,-1,
3503,3475,3504,-1,
3476,3504,3475,-1,
3777,3735,3778,-1,
3736,3778,3735,-1,
3339,3301,3340,-1,
3302,3340,3301,-1,
3663,3635,3664,-1,
3636,3664,3635,-1,
3635,3599,3636,-1,
3600,3636,3599,-1,
3699,3663,3700,-1,
3664,3700,3663,-1,
3439,3411,3440,-1,
3412,3440,3411,-1,
3877,3878,3909,-1,
3910,3909,3878,-1,
3817,3777,3818,-1,
3778,3818,3777,-1,
3909,3910,3921,-1,
3922,3921,3910,-1,
3929,3930,3947,-1,
3948,3947,3930,-1,
3921,3922,3929,-1,
3930,3929,3922,-1,
8300,8302,7975,-1,
7975,8302,8296,-1,
8298,8296,8302,-1,
7979,7975,8296,-1,
7973,8300,7975,-1,
7977,7975,7979,-1,
8462,8434,8388,-1,
8426,8278,8434,-1,
8278,8388,8434,-1,
8278,8426,8256,-1,
8397,8256,8426,-1,
8295,8388,8281,-1,
8281,8388,8278,-1,
8256,8397,8209,-1,
8375,8209,8397,-1,
8209,8375,8203,-1,
8334,8203,8375,-1,
8203,8334,8180,-1,
8292,8180,8334,-1,
8180,8292,8166,-1,
8212,8166,8292,-1,
8166,8212,8127,-1,
8183,8127,8212,-1,
8127,8183,8108,-1,
8130,8108,8183,-1,
8108,8130,8077,-1,
8097,8077,8130,-1,
8077,8097,8071,-1,
8074,8071,8097,-1,
8071,8074,8068,-1,
8074,8065,8068,-1,
8068,8065,8061,-1,
8065,8058,8061,-1,
8061,8058,8054,-1,
8054,8058,8047,-1,
8058,8051,8047,-1,
8047,8051,8045,-1,
8051,8041,8045,-1,
8045,8041,8038,-1,
8041,8034,8038,-1,
8038,8034,8031,-1,
8028,8031,8025,-1,
8034,8025,8031,-1,
8022,8028,8018,-1,
8025,8018,8028,-1,
8015,8022,8009,-1,
8012,8015,8000,-1,
8018,8009,8022,-1,
8005,8012,7991,-1,
8003,8005,7981,-1,
8009,8000,8015,-1,
7994,8003,7969,-1,
7992,7994,7966,-1,
8000,7991,8012,-1,
7987,7992,7958,-1,
7985,7987,7955,-1,
7982,7985,7961,-1,
7991,7981,8005,-1,
7978,7982,7961,-1,
7981,7969,8003,-1,
7969,7966,7994,-1,
7953,7961,7985,-1,
7966,7958,7992,-1,
7958,7955,7987,-1,
7955,7953,7985,-1,
7947,7961,7953,-1,
8297,8301,8295,-1,
7974,8295,8301,-1,
7978,8295,7974,-1,
7976,7978,7974,-1,
8299,7974,8301,-1,
7972,7974,8299,-1,
8301,8302,8299,-1,
8300,8299,8302,-1,
8297,8298,8301,-1,
8302,8301,8298,-1,
8281,8282,8295,-1,
8282,8296,8295,-1,
8295,8296,8297,-1,
8298,8297,8296,-1,
8278,8279,8281,-1,
8282,8281,8279,-1,
8256,8257,8278,-1,
8279,8278,8257,-1,
8209,8210,8256,-1,
8257,8256,8210,-1,
8203,8204,8209,-1,
8210,8209,8204,-1,
8180,8181,8203,-1,
8204,8203,8181,-1,
8166,8167,8180,-1,
8181,8180,8167,-1,
8166,8127,8167,-1,
8128,8167,8127,-1,
8127,8108,8128,-1,
8109,8128,8108,-1,
8108,8077,8109,-1,
8078,8109,8077,-1,
8077,8071,8078,-1,
8072,8078,8071,-1,
8071,8068,8072,-1,
8069,8072,8068,-1,
8068,8061,8069,-1,
8062,8069,8061,-1,
8061,8054,8062,-1,
8055,8062,8054,-1,
8054,8047,8055,-1,
8048,8055,8047,-1,
8047,8045,8048,-1,
8046,8048,8045,-1,
8045,8038,8046,-1,
8039,8046,8038,-1,
8038,8031,8039,-1,
8032,8039,8031,-1,
8031,8028,8032,-1,
8029,8032,8028,-1,
8028,8022,8029,-1,
8023,8029,8022,-1,
8022,8015,8023,-1,
8016,8023,8015,-1,
8015,8012,8016,-1,
8013,8016,8012,-1,
8012,8005,8013,-1,
8006,8013,8005,-1,
8006,8005,8004,-1,
8003,8004,8005,-1,
8004,8003,7995,-1,
7994,7995,8003,-1,
7995,7994,7993,-1,
7992,7993,7994,-1,
7993,7992,7988,-1,
7987,7988,7992,-1,
7988,7987,7986,-1,
7985,7986,7987,-1,
7986,7985,7983,-1,
7982,7983,7985,-1,
7983,7982,7979,-1,
7982,7978,7979,-1,
7979,7978,7977,-1,
7976,7977,7978,-1,
7977,7976,7975,-1,
7974,7975,7976,-1,
7975,7974,7973,-1,
7972,7973,7974,-1,
7972,8299,7973,-1,
8300,7973,8299,-1,
8463,8464,8389,-1,
8390,8389,8464,-1,
7949,7948,7963,-1,
7962,7963,7948,-1,
8035,8026,8036,-1,
8027,8036,8026,-1,
7951,7950,7949,-1,
7948,7949,7950,-1,
7962,7979,7963,-1,
8296,7963,7979,-1,
7963,8296,8390,-1,
8389,8390,8296,-1,
8010,8001,8011,-1,
8002,8011,8001,-1,
8335,8336,8376,-1,
8377,8376,8336,-1,
8052,8042,8053,-1,
8043,8053,8042,-1,
8019,8010,8020,-1,
8011,8020,8010,-1,
8059,8052,8060,-1,
8053,8060,8052,-1,
8066,8059,8067,-1,
8060,8067,8059,-1,
8184,8131,8185,-1,
8132,8185,8131,-1,
8042,8035,8043,-1,
8036,8043,8035,-1,
8213,8184,8214,-1,
8185,8214,8184,-1,
8001,7997,8002,-1,
7998,8002,7997,-1,
8098,8075,8099,-1,
8076,8099,8075,-1,
8075,8066,8076,-1,
8067,8076,8066,-1,
8131,8098,8132,-1,
8099,8132,8098,-1,
8026,8019,8027,-1,
8020,8027,8019,-1,
8376,8377,8398,-1,
8399,8398,8377,-1,
8293,8213,8294,-1,
8214,8294,8213,-1,
8398,8399,8427,-1,
8428,8427,8399,-1,
8435,8436,8463,-1,
8464,8463,8436,-1,
8293,8294,8335,-1,
8336,8335,8294,-1,
8427,8428,8435,-1,
8436,8435,8428,-1,
7984,7968,7989,-1,
8129,8079,8096,-1,
8387,8332,8461,-1,
8037,8033,8040,-1,
8461,8332,8400,-1,
8461,8400,8433,-1,
7996,7989,7990,-1,
7970,7946,7956,-1,
7956,7952,7959,-1,
8215,8190,8211,-1,
8007,7996,7999,-1,
8341,8323,8374,-1,
8323,8280,8374,-1,
8433,8378,8425,-1,
7989,7968,7980,-1,
8044,8037,8040,-1,
7956,7946,7952,-1,
7960,7946,7970,-1,
7970,8332,7960,-1,
8387,7960,8332,-1,
8014,7999,8008,-1,
8007,7999,8014,-1,
8182,8118,8129,-1,
7996,7990,7999,-1,
7959,7952,7964,-1,
8280,8215,8333,-1,
7964,7957,7967,-1,
7989,7980,7990,-1,
7964,7952,7954,-1,
7967,7957,7965,-1,
7964,7954,7957,-1,
8215,8211,8291,-1,
7984,7965,7968,-1,
8149,8118,8182,-1,
8044,8040,8049,-1,
8049,8040,8050,-1,
8333,8215,8291,-1,
8057,8049,8050,-1,
8190,8182,8211,-1,
8118,8079,8129,-1,
7967,7965,7971,-1,
8030,8021,8024,-1,
7971,7965,7984,-1,
8037,8024,8033,-1,
8030,8024,8037,-1,
8063,8056,8057,-1,
8073,8063,8064,-1,
8056,8049,8057,-1,
8190,8149,8182,-1,
8374,8280,8333,-1,
8079,8070,8073,-1,
8079,8073,8096,-1,
8396,8341,8374,-1,
8070,8063,8073,-1,
8063,8057,8064,-1,
8021,8017,8024,-1,
8400,8395,8433,-1,
8021,8008,8017,-1,
8014,8008,8021,-1,
8378,8395,8332,-1,
8341,8378,8332,-1,
8400,8332,8395,-1,
8341,8332,8323,-1,
8323,8332,8280,-1,
8280,8332,8215,-1,
8215,8332,8190,-1,
8190,8332,8149,-1,
8149,8332,8118,-1,
8118,8332,8079,-1,
8079,8332,8070,-1,
8070,8332,8063,-1,
8063,8332,8056,-1,
8056,8332,8049,-1,
8049,8332,8044,-1,
8037,8044,7970,-1,
8030,8037,7970,-1,
8021,8030,7970,-1,
8014,8021,7970,-1,
8007,8014,7970,-1,
7996,8007,7970,-1,
7989,7996,7970,-1,
7984,7989,7970,-1,
7971,7984,7970,-1,
8332,7970,8044,-1,
7971,7970,7967,-1,
7967,7970,7964,-1,
7964,7970,7959,-1,
7956,7959,7970,-1,
8425,8378,8396,-1,
8378,8341,8396,-1,
8395,8378,8433,-1,
7981,7980,7969,-1,
7968,7969,7980,-1,
8461,8462,8387,-1,
8388,8387,8462,-1,
7947,7946,7961,-1,
7960,7961,7946,-1,
8033,8024,8034,-1,
8025,8034,8024,-1,
7990,7980,7991,-1,
7981,7991,7980,-1,
7953,7952,7947,-1,
7946,7947,7952,-1,
7966,7965,7958,-1,
7957,7958,7965,-1,
7961,7960,7978,-1,
8387,7978,7960,-1,
7978,8387,8295,-1,
8388,8295,8387,-1,
8008,7999,8009,-1,
8000,8009,7999,-1,
8333,8334,8374,-1,
8375,8374,8334,-1,
8050,8040,8051,-1,
8041,8051,8040,-1,
7955,7954,7953,-1,
7952,7953,7954,-1,
7958,7957,7955,-1,
7954,7955,7957,-1,
8017,8008,8018,-1,
8009,8018,8008,-1,
8057,8050,8058,-1,
8051,8058,8050,-1,
8064,8057,8065,-1,
8058,8065,8057,-1,
8291,8292,8333,-1,
8334,8333,8292,-1,
7969,7968,7966,-1,
7965,7966,7968,-1,
8182,8129,8183,-1,
8130,8183,8129,-1,
8040,8033,8041,-1,
8034,8041,8033,-1,
8211,8182,8212,-1,
8183,8212,8182,-1,
7999,7990,8000,-1,
7991,8000,7990,-1,
8096,8073,8097,-1,
8074,8097,8073,-1,
8073,8064,8074,-1,
8065,8074,8064,-1,
8129,8096,8130,-1,
8097,8130,8096,-1,
8024,8017,8025,-1,
8018,8025,8017,-1,
8374,8375,8396,-1,
8397,8396,8375,-1,
8291,8211,8292,-1,
8212,8292,8211,-1,
8396,8397,8425,-1,
8426,8425,8397,-1,
8433,8434,8461,-1,
8462,8461,8434,-1,
8425,8426,8433,-1,
8434,8433,8426,-1,
1361,1363,695,-1,
695,1363,1349,-1,
1355,1349,1363,-1,
711,695,1349,-1,
693,1361,695,-1,
705,695,711,-1,
1470,1453,1408,-1,
1445,1320,1453,-1,
1320,1408,1453,-1,
1320,1445,1314,-1,
1426,1314,1445,-1,
1348,1408,1334,-1,
1334,1408,1320,-1,
1314,1426,1297,-1,
1395,1297,1426,-1,
1297,1395,1286,-1,
1379,1286,1395,-1,
1286,1379,1257,-1,
1343,1257,1379,-1,
1257,1343,1250,-1,
1304,1250,1343,-1,
1250,1304,1223,-1,
1264,1223,1304,-1,
1223,1264,1207,-1,
1230,1207,1264,-1,
1207,1230,1183,-1,
1196,1183,1230,-1,
1183,1196,1158,-1,
1166,1158,1196,-1,
1158,1166,1141,-1,
1166,1129,1141,-1,
1141,1129,1113,-1,
1129,1099,1113,-1,
1113,1099,1084,-1,
1084,1099,1036,-1,
1099,1040,1036,-1,
1036,1040,1012,-1,
1040,990,1012,-1,
1012,990,974,-1,
990,947,974,-1,
974,947,934,-1,
908,934,894,-1,
947,894,934,-1,
883,908,860,-1,
894,860,908,-1,
853,883,824,-1,
841,853,790,-1,
860,824,883,-1,
814,841,760,-1,
805,814,717,-1,
824,790,853,-1,
777,805,668,-1,
771,777,651,-1,
790,760,841,-1,
744,771,614,-1,
737,744,599,-1,
728,737,631,-1,
760,717,814,-1,
710,728,631,-1,
717,668,805,-1,
668,651,777,-1,
580,631,737,-1,
651,614,771,-1,
614,599,744,-1,
599,580,737,-1,
568,631,580,-1,
1354,1362,1348,-1,
694,1348,1362,-1,
710,1348,694,-1,
704,710,694,-1,
1360,694,1362,-1,
692,694,1360,-1,
1362,1363,1360,-1,
1361,1360,1363,-1,
1354,1355,1362,-1,
1363,1362,1355,-1,
1334,1335,1348,-1,
1335,1349,1348,-1,
1348,1349,1354,-1,
1355,1354,1349,-1,
1320,1321,1334,-1,
1335,1334,1321,-1,
1314,1315,1320,-1,
1321,1320,1315,-1,
1297,1298,1314,-1,
1315,1314,1298,-1,
1286,1287,1297,-1,
1298,1297,1287,-1,
1257,1258,1286,-1,
1287,1286,1258,-1,
1250,1251,1257,-1,
1258,1257,1251,-1,
1250,1223,1251,-1,
1224,1251,1223,-1,
1223,1207,1224,-1,
1208,1224,1207,-1,
1207,1183,1208,-1,
1184,1208,1183,-1,
1183,1158,1184,-1,
1159,1184,1158,-1,
1158,1141,1159,-1,
1142,1159,1141,-1,
1141,1113,1142,-1,
1114,1142,1113,-1,
1113,1084,1114,-1,
1085,1114,1084,-1,
1084,1036,1085,-1,
1037,1085,1036,-1,
1036,1012,1037,-1,
1013,1037,1012,-1,
1012,974,1013,-1,
975,1013,974,-1,
974,934,975,-1,
935,975,934,-1,
934,908,935,-1,
909,935,908,-1,
908,883,909,-1,
884,909,883,-1,
883,853,884,-1,
854,884,853,-1,
853,841,854,-1,
842,854,841,-1,
841,814,842,-1,
815,842,814,-1,
815,814,806,-1,
805,806,814,-1,
806,805,778,-1,
777,778,805,-1,
778,777,772,-1,
771,772,777,-1,
772,771,745,-1,
744,745,771,-1,
745,744,738,-1,
737,738,744,-1,
738,737,729,-1,
728,729,737,-1,
729,728,711,-1,
728,710,711,-1,
711,710,705,-1,
704,705,710,-1,
705,704,695,-1,
694,695,704,-1,
695,694,693,-1,
692,693,694,-1,
692,1360,693,-1,
1361,693,1360,-1,
719,718,670,-1,
669,670,718,-1,
1471,1472,1409,-1,
1410,1409,1472,-1,
570,569,633,-1,
632,633,569,-1,
948,895,949,-1,
896,949,895,-1,
761,718,762,-1,
719,762,718,-1,
582,581,570,-1,
569,570,581,-1,
653,652,616,-1,
615,616,652,-1,
632,711,633,-1,
1349,633,711,-1,
633,1349,1410,-1,
1409,1410,1349,-1,
825,791,826,-1,
792,826,791,-1,
1041,991,1042,-1,
992,1042,991,-1,
601,600,582,-1,
581,582,600,-1,
616,615,601,-1,
600,601,615,-1,
861,825,862,-1,
826,862,825,-1,
1100,1041,1101,-1,
1042,1101,1041,-1,
1130,1100,1131,-1,
1101,1131,1100,-1,
670,669,653,-1,
652,653,669,-1,
1265,1231,1266,-1,
1232,1266,1231,-1,
991,948,992,-1,
949,992,948,-1,
1275,1265,1276,-1,
1266,1276,1265,-1,
791,761,792,-1,
762,792,761,-1,
1197,1167,1198,-1,
1168,1198,1167,-1,
1167,1130,1168,-1,
1131,1168,1130,-1,
1231,1197,1232,-1,
1198,1232,1197,-1,
895,861,896,-1,
862,896,861,-1,
1461,1462,1471,-1,
1472,1471,1462,-1,
734,667,756,-1,
1229,1189,1195,-1,
1407,1375,1469,-1,
958,946,989,-1,
1469,1375,1431,-1,
1469,1431,1452,-1,
786,756,759,-1,
679,567,610,-1,
610,579,625,-1,
1311,1283,1303,-1,
820,786,789,-1,
1391,1372,1394,-1,
1372,1330,1394,-1,
1452,1400,1444,-1,
756,667,716,-1,
1003,958,989,-1,
610,567,579,-1,
630,567,679,-1,
679,1375,630,-1,
1407,630,1375,-1,
848,789,823,-1,
820,789,848,-1,
1263,1217,1229,-1,
786,759,789,-1,
625,579,647,-1,
1330,1311,1378,-1,
647,613,662,-1,
756,716,759,-1,
647,579,598,-1,
662,613,650,-1,
647,598,613,-1,
1311,1303,1342,-1,
734,650,667,-1,
1247,1217,1263,-1,
1003,989,1038,-1,
1038,989,1039,-1,
1378,1311,1342,-1,
1098,1038,1039,-1,
1283,1263,1303,-1,
1217,1189,1229,-1,
662,650,683,-1,
918,880,893,-1,
683,650,734,-1,
958,893,946,-1,
918,893,958,-1,
1125,1093,1098,-1,
1165,1125,1128,-1,
1093,1038,1098,-1,
1283,1247,1263,-1,
1394,1330,1378,-1,
1189,1155,1165,-1,
1189,1165,1195,-1,
1425,1391,1394,-1,
1155,1125,1165,-1,
1125,1098,1128,-1,
880,859,893,-1,
1431,1421,1452,-1,
880,823,859,-1,
848,823,880,-1,
1400,1421,1375,-1,
1391,1400,1375,-1,
1431,1375,1421,-1,
1391,1375,1372,-1,
1372,1375,1330,-1,
1330,1375,1311,-1,
1311,1375,1283,-1,
1283,1375,1247,-1,
1247,1375,1217,-1,
1217,1375,1189,-1,
1189,1375,1155,-1,
1155,1375,1125,-1,
1125,1375,1093,-1,
1093,1375,1038,-1,
1038,1375,1003,-1,
958,1003,679,-1,
918,958,679,-1,
880,918,679,-1,
848,880,679,-1,
820,848,679,-1,
786,820,679,-1,
756,786,679,-1,
734,756,679,-1,
683,734,679,-1,
1375,679,1003,-1,
683,679,662,-1,
662,679,647,-1,
647,679,625,-1,
610,625,679,-1,
1444,1400,1425,-1,
1400,1391,1425,-1,
1421,1400,1452,-1,
717,716,668,-1,
667,668,716,-1,
1469,1470,1407,-1,
1408,1407,1470,-1,
568,567,631,-1,
630,631,567,-1,
946,893,947,-1,
894,947,893,-1,
759,716,760,-1,
717,760,716,-1,
580,579,568,-1,
567,568,579,-1,
651,650,614,-1,
613,614,650,-1,
631,630,710,-1,
1407,710,630,-1,
710,1407,1348,-1,
1408,1348,1407,-1,
823,789,824,-1,
790,824,789,-1,
1378,1379,1394,-1,
1395,1394,1379,-1,
1039,989,1040,-1,
990,1040,989,-1,
599,598,580,-1,
579,580,598,-1,
614,613,599,-1,
598,599,613,-1,
859,823,860,-1,
824,860,823,-1,
1098,1039,1099,-1,
1040,1099,1039,-1,
1128,1098,1129,-1,
1099,1129,1098,-1,
1342,1343,1378,-1,
1379,1378,1343,-1,
668,667,651,-1,
650,651,667,-1,
1263,1229,1264,-1,
1230,1264,1229,-1,
989,946,990,-1,
947,990,946,-1,
1303,1263,1304,-1,
1264,1304,1263,-1,
789,759,790,-1,
760,790,759,-1,
1195,1165,1196,-1,
1166,1196,1165,-1,
1165,1128,1166,-1,
1129,1166,1128,-1,
1229,1195,1230,-1,
1196,1230,1195,-1,
893,859,894,-1,
860,894,859,-1,
1394,1395,1425,-1,
1426,1425,1395,-1,
1342,1303,1343,-1,
1304,1343,1303,-1,
1425,1426,1444,-1,
1445,1444,1426,-1,
1452,1453,1469,-1,
1470,1469,1453,-1,
1444,1445,1452,-1,
1453,1452,1445,-1,
1033,1019,1123,-1,
1066,1062,987,-1,
917,987,1064,-1,
1019,983,1064,-1,
983,963,1064,-1,
963,945,1064,-1,
945,926,1064,-1,
926,922,1064,-1,
922,917,1064,-1,
915,987,917,-1,
1558,1556,1549,-1,
1549,1556,1526,-1,
1547,1526,1556,-1,
1526,1547,1521,-1,
1531,1549,1528,-1,
1528,1549,1526,-1,
1544,1521,1547,-1,
1521,1544,1516,-1,
1536,1516,1544,-1,
1516,1536,1510,-1,
1524,1510,1536,-1,
1510,1524,1501,-1,
1515,1501,1524,-1,
1501,1515,1498,-1,
1506,1498,1515,-1,
1498,1506,1492,-1,
1495,1492,1506,-1,
1492,1495,1467,-1,
1482,1467,1495,-1,
1467,1482,1442,-1,
1482,1437,1442,-1,
1442,1437,1405,-1,
1437,1388,1405,-1,
1405,1388,1384,-1,
1384,1388,1340,-1,
1388,1327,1340,-1,
1340,1327,1309,-1,
1327,1293,1309,-1,
1309,1293,1281,-1,
1293,1244,1281,-1,
1281,1244,1241,-1,
1220,1241,1214,-1,
1244,1214,1241,-1,
1193,1220,1180,-1,
1214,1180,1220,-1,
1177,1193,1150,-1,
1153,1177,1120,-1,
1180,1150,1193,-1,
1147,1153,1081,-1,
1123,1147,1033,-1,
1150,1120,1177,-1,
1110,1123,1019,-1,
1096,1110,1019,-1,
1120,1081,1153,-1,
1078,1096,1019,-1,
1076,1078,1019,-1,
1070,1076,1019,-1,
1064,1070,1019,-1,
1081,1033,1147,-1,
1062,1064,987,-1,
1533,1537,1531,-1,
1074,1531,1537,-1,
1541,1074,1537,-1,
1091,1074,1541,-1,
1531,1074,1066,-1,
1068,1066,1074,-1,
1537,1538,1541,-1,
1542,1541,1538,-1,
1533,1534,1537,-1,
1538,1537,1534,-1,
1528,1529,1531,-1,
1529,1532,1531,-1,
1531,1532,1533,-1,
1534,1533,1532,-1,
1526,1527,1528,-1,
1529,1528,1527,-1,
1521,1522,1526,-1,
1527,1526,1522,-1,
1516,1517,1521,-1,
1522,1521,1517,-1,
1510,1511,1516,-1,
1517,1516,1511,-1,
1510,1501,1511,-1,
1502,1511,1501,-1,
1501,1498,1502,-1,
1499,1502,1498,-1,
1498,1492,1499,-1,
1493,1499,1492,-1,
1492,1467,1493,-1,
1468,1493,1467,-1,
1467,1442,1468,-1,
1443,1468,1442,-1,
1442,1405,1443,-1,
1406,1443,1405,-1,
1405,1384,1406,-1,
1385,1406,1384,-1,
1384,1340,1385,-1,
1341,1385,1340,-1,
1340,1309,1341,-1,
1310,1341,1309,-1,
1309,1281,1310,-1,
1282,1310,1281,-1,
1281,1241,1282,-1,
1242,1282,1241,-1,
1241,1220,1242,-1,
1221,1242,1220,-1,
1220,1193,1221,-1,
1194,1221,1193,-1,
1193,1177,1194,-1,
1178,1194,1177,-1,
1177,1153,1178,-1,
1154,1178,1153,-1,
1153,1147,1154,-1,
1148,1154,1147,-1,
1148,1147,1124,-1,
1123,1124,1147,-1,
1124,1123,1111,-1,
1110,1111,1123,-1,
1111,1110,1097,-1,
1096,1097,1110,-1,
1097,1096,1079,-1,
1078,1079,1096,-1,
1079,1078,1077,-1,
1076,1077,1078,-1,
1077,1076,1071,-1,
1070,1071,1076,-1,
1071,1070,1065,-1,
1064,1065,1070,-1,
1065,1064,1063,-1,
1062,1063,1064,-1,
1062,1066,1063,-1,
1063,1066,1067,-1,
1067,1066,1069,-1,
1068,1069,1066,-1,
1069,1068,1075,-1,
1074,1075,1068,-1,
1075,1074,1092,-1,
1091,1092,1074,-1,
1091,1541,1092,-1,
1542,1092,1541,-1,
985,984,970,-1,
969,970,984,-1,
1553,1554,1550,-1,
1551,1550,1554,-1,
1181,1151,1182,-1,
1152,1182,1151,-1,
1021,1020,985,-1,
984,985,1020,-1,
1072,1532,1073,-1,
1073,1532,1551,-1,
1550,1551,1532,-1,
1082,1034,1083,-1,
1035,1083,1034,-1,
1245,1215,1246,-1,
1216,1246,1215,-1,
1121,1082,1122,-1,
1083,1122,1082,-1,
1294,1245,1295,-1,
1246,1295,1245,-1,
1328,1294,1329,-1,
1295,1329,1294,-1,
1496,1483,1497,-1,
1484,1497,1483,-1,
1215,1181,1216,-1,
1182,1216,1181,-1,
1507,1496,1508,-1,
1497,1508,1496,-1,
1035,1034,1021,-1,
1020,1021,1034,-1,
1438,1389,1439,-1,
1390,1439,1389,-1,
1389,1328,1390,-1,
1329,1390,1328,-1,
1483,1438,1484,-1,
1439,1484,1438,-1,
1151,1121,1152,-1,
1122,1152,1121,-1,
1512,1507,1513,-1,
1508,1513,1507,-1,
1011,962,1028,-1,
1481,1424,1436,-1,
1548,1540,1557,-1,
1192,1179,1213,-1,
1557,1540,1552,-1,
1557,1552,1555,-1,
1028,1018,1061,-1,
1029,914,964,-1,
964,916,966,-1,
1509,1500,1505,-1,
1061,1032,1090,-1,
1530,1525,1535,-1,
1525,1518,1535,-1,
1555,1539,1546,-1,
1028,962,982,-1,
1222,1192,1213,-1,
964,914,916,-1,
986,914,1029,-1,
986,1029,1548,-1,
1540,1548,1029,-1,
1112,1032,1080,-1,
1090,1032,1112,-1,
1494,1460,1481,-1,
1061,1018,1032,-1,
966,916,971,-1,
1518,1509,1523,-1,
971,925,980,-1,
1028,982,1018,-1,
971,916,921,-1,
980,925,944,-1,
971,921,925,-1,
1509,1505,1514,-1,
1011,944,962,-1,
1491,1460,1494,-1,
1222,1213,1256,-1,
1256,1213,1243,-1,
1523,1509,1514,-1,
1256,1243,1292,-1,
1500,1494,1505,-1,
1460,1424,1481,-1,
980,944,988,-1,
1164,1140,1149,-1,
988,944,1011,-1,
1192,1149,1179,-1,
1164,1149,1192,-1,
1296,1292,1333,-1,
1333,1326,1387,-1,
1296,1256,1292,-1,
1500,1491,1494,-1,
1535,1518,1523,-1,
1424,1386,1387,-1,
1424,1387,1436,-1,
1543,1530,1535,-1,
1386,1333,1387,-1,
1333,1292,1326,-1,
1140,1119,1149,-1,
1552,1545,1555,-1,
1140,1080,1119,-1,
1112,1080,1140,-1,
1552,1540,1545,-1,
1545,1540,1539,-1,
1539,1540,1530,-1,
1530,1540,1525,-1,
1525,1540,1518,-1,
1518,1540,1509,-1,
1509,1540,1500,-1,
1500,1540,1491,-1,
1491,1540,1460,-1,
1460,1540,1424,-1,
1424,1540,1386,-1,
1386,1540,1333,-1,
1333,1540,1296,-1,
1296,1540,1256,-1,
1256,1540,1222,-1,
1192,1222,1029,-1,
1164,1192,1029,-1,
1140,1164,1029,-1,
1112,1140,1029,-1,
1090,1112,1029,-1,
1061,1090,1029,-1,
1540,1029,1222,-1,
1061,1029,1028,-1,
1028,1029,1011,-1,
1011,1029,988,-1,
988,1029,980,-1,
980,1029,971,-1,
971,1029,966,-1,
964,966,1029,-1,
1546,1539,1543,-1,
1539,1530,1543,-1,
1545,1539,1555,-1,
983,982,963,-1,
962,963,982,-1,
1557,1558,1548,-1,
1549,1548,1558,-1,
914,986,915,-1,
987,915,986,-1,
1179,1149,1180,-1,
1150,1180,1149,-1,
1019,1018,983,-1,
982,983,1018,-1,
917,916,915,-1,
914,915,916,-1,
945,944,926,-1,
925,926,944,-1,
987,986,1066,-1,
1548,1066,986,-1,
1066,1548,1531,-1,
1549,1531,1548,-1,
1080,1032,1081,-1,
1033,1081,1032,-1,
1535,1523,1536,-1,
1524,1536,1523,-1,
1243,1213,1244,-1,
1214,1244,1213,-1,
922,921,917,-1,
916,917,921,-1,
926,925,922,-1,
921,922,925,-1,
1119,1080,1120,-1,
1081,1120,1080,-1,
1292,1243,1293,-1,
1244,1293,1243,-1,
1326,1292,1327,-1,
1293,1327,1292,-1,
1523,1514,1524,-1,
1515,1524,1514,-1,
963,962,945,-1,
944,945,962,-1,
1494,1481,1495,-1,
1482,1495,1481,-1,
1213,1179,1214,-1,
1180,1214,1179,-1,
1505,1494,1506,-1,
1495,1506,1494,-1,
1033,1032,1019,-1,
1018,1019,1032,-1,
1436,1387,1437,-1,
1388,1437,1387,-1,
1387,1326,1388,-1,
1327,1388,1326,-1,
1481,1436,1482,-1,
1437,1482,1436,-1,
1149,1119,1150,-1,
1120,1150,1119,-1,
1535,1536,1543,-1,
1544,1543,1536,-1,
1514,1505,1515,-1,
1506,1515,1505,-1,
1543,1544,1546,-1,
1547,1546,1544,-1,
1555,1556,1557,-1,
1558,1557,1556,-1,
1546,1547,1555,-1,
1556,1555,1547,-1,
8902,8904,8231,-1,
8231,8904,8880,-1,
8888,8880,8904,-1,
8247,8231,8880,-1,
8229,8902,8231,-1,
8239,8231,8247,-1,
9038,9022,8966,-1,
9006,8843,9022,-1,
8843,8966,9022,-1,
8843,9006,8835,-1,
8986,8835,9006,-1,
8879,8966,8855,-1,
8855,8966,8843,-1,
8835,8986,8807,-1,
8946,8807,8986,-1,
8807,8946,8799,-1,
8926,8799,8946,-1,
8799,8926,8771,-1,
8870,8771,8926,-1,
8771,8870,8763,-1,
8822,8763,8870,-1,
8763,8822,8735,-1,
8786,8735,8822,-1,
8735,8786,8723,-1,
8750,8723,8786,-1,
8723,8750,8695,-1,
8714,8695,8750,-1,
8695,8714,8671,-1,
8686,8671,8714,-1,
8671,8686,8659,-1,
8686,8650,8659,-1,
8659,8650,8631,-1,
8650,8622,8631,-1,
8631,8622,8603,-1,
8603,8622,8590,-1,
8622,8594,8590,-1,
8590,8594,8567,-1,
8594,8554,8567,-1,
8567,8554,8539,-1,
8554,8526,8539,-1,
8539,8526,8511,-1,
8499,8511,8490,-1,
8526,8490,8511,-1,
8475,8499,8458,-1,
8490,8458,8499,-1,
8443,8475,8414,-1,
8423,8443,8363,-1,
8458,8414,8475,-1,
8385,8423,8314,-1,
8372,8385,8255,-1,
8414,8363,8443,-1,
8330,8372,8198,-1,
8321,8330,8179,-1,
8363,8314,8423,-1,
8289,8321,8144,-1,
8276,8289,8126,-1,
8264,8276,8163,-1,
8314,8255,8385,-1,
8246,8264,8163,-1,
8255,8198,8372,-1,
8198,8179,8330,-1,
8117,8163,8276,-1,
8179,8144,8321,-1,
8144,8126,8289,-1,
8126,8117,8276,-1,
8093,8163,8117,-1,
8887,8903,8879,-1,
8230,8879,8903,-1,
8246,8879,8230,-1,
8238,8246,8230,-1,
8901,8230,8903,-1,
8228,8230,8901,-1,
8903,8904,8901,-1,
8902,8901,8904,-1,
8887,8888,8903,-1,
8904,8903,8888,-1,
8855,8856,8879,-1,
8856,8880,8879,-1,
8879,8880,8887,-1,
8888,8887,8880,-1,
8843,8844,8855,-1,
8856,8855,8844,-1,
8835,8836,8843,-1,
8844,8843,8836,-1,
8807,8808,8835,-1,
8836,8835,8808,-1,
8799,8800,8807,-1,
8808,8807,8800,-1,
8771,8772,8799,-1,
8800,8799,8772,-1,
8763,8764,8771,-1,
8772,8771,8764,-1,
8763,8735,8764,-1,
8736,8764,8735,-1,
8735,8723,8736,-1,
8724,8736,8723,-1,
8723,8695,8724,-1,
8696,8724,8695,-1,
8695,8671,8696,-1,
8672,8696,8671,-1,
8671,8659,8672,-1,
8660,8672,8659,-1,
8659,8631,8660,-1,
8632,8660,8631,-1,
8631,8603,8632,-1,
8604,8632,8603,-1,
8603,8590,8604,-1,
8591,8604,8590,-1,
8590,8567,8591,-1,
8568,8591,8567,-1,
8567,8539,8568,-1,
8540,8568,8539,-1,
8539,8511,8540,-1,
8512,8540,8511,-1,
8511,8499,8512,-1,
8500,8512,8499,-1,
8499,8475,8500,-1,
8476,8500,8475,-1,
8475,8443,8476,-1,
8444,8476,8443,-1,
8443,8423,8444,-1,
8424,8444,8423,-1,
8423,8385,8424,-1,
8386,8424,8385,-1,
8386,8385,8373,-1,
8372,8373,8385,-1,
8373,8372,8331,-1,
8330,8331,8372,-1,
8331,8330,8322,-1,
8321,8322,8330,-1,
8322,8321,8290,-1,
8289,8290,8321,-1,
8290,8289,8277,-1,
8276,8277,8289,-1,
8277,8276,8265,-1,
8264,8265,8276,-1,
8265,8264,8247,-1,
8264,8246,8247,-1,
8247,8246,8239,-1,
8238,8239,8246,-1,
8239,8238,8231,-1,
8230,8231,8238,-1,
8231,8230,8229,-1,
8228,8229,8230,-1,
8228,8901,8229,-1,
8902,8229,8901,-1,
9039,9040,8967,-1,
8968,8967,9040,-1,
8095,8094,8165,-1,
8164,8165,8094,-1,
8527,8491,8528,-1,
8492,8528,8491,-1,
8107,8106,8095,-1,
8094,8095,8106,-1,
8164,8247,8165,-1,
8880,8165,8247,-1,
8165,8880,8968,-1,
8967,8968,8880,-1,
8415,8364,8416,-1,
8365,8416,8364,-1,
8927,8928,8947,-1,
8948,8947,8928,-1,
8595,8555,8596,-1,
8556,8596,8555,-1,
8459,8415,8460,-1,
8416,8460,8415,-1,
8623,8595,8624,-1,
8596,8624,8595,-1,
8651,8623,8652,-1,
8624,8652,8623,-1,
8787,8751,8788,-1,
8752,8788,8751,-1,
8555,8527,8556,-1,
8528,8556,8527,-1,
8823,8787,8824,-1,
8788,8824,8787,-1,
8364,8348,8365,-1,
8349,8365,8348,-1,
8715,8687,8716,-1,
8688,8716,8687,-1,
8687,8651,8688,-1,
8652,8688,8651,-1,
8751,8715,8752,-1,
8716,8752,8715,-1,
8491,8459,8492,-1,
8460,8492,8459,-1,
8947,8948,8987,-1,
8988,8987,8948,-1,
8871,8823,8872,-1,
8824,8872,8823,-1,
8987,8988,9007,-1,
9008,9007,8988,-1,
9023,9024,9039,-1,
9040,9039,9024,-1,
8871,8872,8927,-1,
8928,8927,8872,-1,
9007,9008,9023,-1,
9024,9023,9008,-1,
8269,8197,8306,-1,
8749,8700,8713,-1,
8965,8912,9037,-1,
8532,8525,8553,-1,
9037,8912,8992,-1,
9037,8992,9021,-1,
8340,8306,8313,-1,
8202,8092,8136,-1,
8136,8116,8148,-1,
8828,8792,8821,-1,
8394,8340,8362,-1,
8932,8908,8945,-1,
8908,8848,8945,-1,
9021,8952,9005,-1,
8306,8197,8254,-1,
8560,8532,8553,-1,
8136,8092,8116,-1,
8162,8092,8202,-1,
8202,8912,8162,-1,
8965,8162,8912,-1,
8432,8362,8413,-1,
8394,8362,8432,-1,
8785,8728,8749,-1,
8340,8313,8362,-1,
8148,8116,8171,-1,
8848,8828,8925,-1,
8171,8143,8189,-1,
8306,8254,8313,-1,
8171,8116,8125,-1,
8189,8143,8178,-1,
8171,8125,8143,-1,
8828,8821,8869,-1,
8269,8178,8197,-1,
8756,8728,8785,-1,
8560,8553,8592,-1,
8592,8553,8593,-1,
8925,8828,8869,-1,
8621,8592,8593,-1,
8792,8785,8821,-1,
8728,8700,8749,-1,
8189,8178,8208,-1,
8504,8468,8489,-1,
8208,8178,8269,-1,
8532,8489,8525,-1,
8504,8489,8532,-1,
8636,8608,8621,-1,
8685,8636,8649,-1,
8608,8592,8621,-1,
8792,8756,8785,-1,
8945,8848,8925,-1,
8700,8664,8685,-1,
8700,8685,8713,-1,
8985,8932,8945,-1,
8664,8636,8685,-1,
8636,8621,8649,-1,
8468,8457,8489,-1,
8992,8972,9021,-1,
8468,8413,8457,-1,
8432,8413,8468,-1,
8952,8972,8912,-1,
8932,8952,8912,-1,
8992,8912,8972,-1,
8932,8912,8908,-1,
8908,8912,8848,-1,
8848,8912,8828,-1,
8828,8912,8792,-1,
8792,8912,8756,-1,
8756,8912,8728,-1,
8728,8912,8700,-1,
8700,8912,8664,-1,
8664,8912,8636,-1,
8636,8912,8608,-1,
8608,8912,8592,-1,
8592,8912,8560,-1,
8532,8560,8202,-1,
8504,8532,8202,-1,
8468,8504,8202,-1,
8432,8468,8202,-1,
8394,8432,8202,-1,
8340,8394,8202,-1,
8306,8340,8202,-1,
8269,8306,8202,-1,
8208,8269,8202,-1,
8912,8202,8560,-1,
8208,8202,8189,-1,
8189,8202,8171,-1,
8171,8202,8148,-1,
8136,8148,8202,-1,
9005,8952,8985,-1,
8952,8932,8985,-1,
8972,8952,9021,-1,
8255,8254,8198,-1,
8197,8198,8254,-1,
9037,9038,8965,-1,
8966,8965,9038,-1,
8093,8092,8163,-1,
8162,8163,8092,-1,
8525,8489,8526,-1,
8490,8526,8489,-1,
8313,8254,8314,-1,
8255,8314,8254,-1,
8117,8116,8093,-1,
8092,8093,8116,-1,
8179,8178,8144,-1,
8143,8144,8178,-1,
8163,8162,8246,-1,
8965,8246,8162,-1,
8246,8965,8879,-1,
8966,8879,8965,-1,
8413,8362,8414,-1,
8363,8414,8362,-1,
8925,8926,8945,-1,
8946,8945,8926,-1,
8593,8553,8594,-1,
8554,8594,8553,-1,
8126,8125,8117,-1,
8116,8117,8125,-1,
8144,8143,8126,-1,
8125,8126,8143,-1,
8457,8413,8458,-1,
8414,8458,8413,-1,
8621,8593,8622,-1,
8594,8622,8593,-1,
8649,8621,8650,-1,
8622,8650,8621,-1,
8869,8870,8925,-1,
8926,8925,8870,-1,
8198,8197,8179,-1,
8178,8179,8197,-1,
8785,8749,8786,-1,
8750,8786,8749,-1,
8553,8525,8554,-1,
8526,8554,8525,-1,
8821,8785,8822,-1,
8786,8822,8785,-1,
8362,8313,8363,-1,
8314,8363,8313,-1,
8713,8685,8714,-1,
8686,8714,8685,-1,
8685,8649,8686,-1,
8650,8686,8649,-1,
8749,8713,8750,-1,
8714,8750,8713,-1,
8489,8457,8490,-1,
8458,8490,8457,-1,
8945,8946,8985,-1,
8986,8985,8946,-1,
8869,8821,8870,-1,
8822,8870,8821,-1,
8985,8986,9005,-1,
9006,9005,8986,-1,
9021,9022,9037,-1,
9038,9037,9022,-1,
9005,9006,9021,-1,
9022,9021,9006,-1,
3852,3854,3242,-1,
3242,3854,3830,-1,
3838,3830,3854,-1,
3258,3242,3830,-1,
3240,3852,3242,-1,
3250,3242,3258,-1,
3956,3934,3900,-1,
3926,3801,3934,-1,
3801,3900,3934,-1,
3801,3926,3793,-1,
3914,3793,3926,-1,
3829,3900,3813,-1,
3813,3900,3801,-1,
3793,3914,3773,-1,
3882,3773,3914,-1,
3773,3882,3765,-1,
3870,3765,3882,-1,
3765,3870,3729,-1,
3822,3729,3870,-1,
3729,3822,3721,-1,
3782,3721,3822,-1,
3721,3782,3693,-1,
3744,3693,3782,-1,
3693,3744,3681,-1,
3708,3681,3744,-1,
3681,3708,3653,-1,
3672,3653,3708,-1,
3653,3672,3629,-1,
3644,3629,3672,-1,
3629,3644,3617,-1,
3644,3608,3617,-1,
3617,3608,3589,-1,
3608,3580,3589,-1,
3589,3580,3561,-1,
3561,3580,3548,-1,
3580,3552,3548,-1,
3548,3552,3525,-1,
3552,3512,3525,-1,
3525,3512,3497,-1,
3512,3484,3497,-1,
3497,3484,3469,-1,
3457,3469,3448,-1,
3484,3448,3469,-1,
3433,3457,3420,-1,
3448,3420,3457,-1,
3405,3433,3384,-1,
3393,3405,3348,-1,
3420,3384,3433,-1,
3365,3393,3306,-1,
3357,3365,3266,-1,
3384,3348,3405,-1,
3321,3357,3218,-1,
3313,3321,3206,-1,
3348,3306,3393,-1,
3293,3313,3174,-1,
3285,3293,3162,-1,
3273,3285,3192,-1,
3306,3266,3365,-1,
3257,3273,3192,-1,
3266,3218,3357,-1,
3218,3206,3321,-1,
3154,3192,3285,-1,
3206,3174,3313,-1,
3174,3162,3293,-1,
3162,3154,3285,-1,
3136,3192,3154,-1,
3837,3853,3829,-1,
3241,3829,3853,-1,
3257,3829,3241,-1,
3249,3257,3241,-1,
3851,3241,3853,-1,
3239,3241,3851,-1,
3853,3854,3851,-1,
3852,3851,3854,-1,
3837,3838,3853,-1,
3854,3853,3838,-1,
3813,3814,3829,-1,
3814,3830,3829,-1,
3829,3830,3837,-1,
3838,3837,3830,-1,
3801,3802,3813,-1,
3814,3813,3802,-1,
3793,3794,3801,-1,
3802,3801,3794,-1,
3773,3774,3793,-1,
3794,3793,3774,-1,
3765,3766,3773,-1,
3774,3773,3766,-1,
3729,3730,3765,-1,
3766,3765,3730,-1,
3721,3722,3729,-1,
3730,3729,3722,-1,
3721,3693,3722,-1,
3694,3722,3693,-1,
3693,3681,3694,-1,
3682,3694,3681,-1,
3681,3653,3682,-1,
3654,3682,3653,-1,
3653,3629,3654,-1,
3630,3654,3629,-1,
3629,3617,3630,-1,
3618,3630,3617,-1,
3617,3589,3618,-1,
3590,3618,3589,-1,
3589,3561,3590,-1,
3562,3590,3561,-1,
3561,3548,3562,-1,
3549,3562,3548,-1,
3548,3525,3549,-1,
3526,3549,3525,-1,
3525,3497,3526,-1,
3498,3526,3497,-1,
3497,3469,3498,-1,
3470,3498,3469,-1,
3469,3457,3470,-1,
3458,3470,3457,-1,
3457,3433,3458,-1,
3434,3458,3433,-1,
3433,3405,3434,-1,
3406,3434,3405,-1,
3405,3393,3406,-1,
3394,3406,3393,-1,
3393,3365,3394,-1,
3366,3394,3365,-1,
3366,3365,3358,-1,
3357,3358,3365,-1,
3358,3357,3322,-1,
3321,3322,3357,-1,
3322,3321,3314,-1,
3313,3314,3321,-1,
3314,3313,3294,-1,
3293,3294,3313,-1,
3294,3293,3286,-1,
3285,3286,3293,-1,
3286,3285,3274,-1,
3273,3274,3285,-1,
3274,3273,3258,-1,
3273,3257,3258,-1,
3258,3257,3250,-1,
3249,3250,3257,-1,
3250,3249,3242,-1,
3241,3242,3249,-1,
3242,3241,3240,-1,
3239,3240,3241,-1,
3239,3851,3240,-1,
3852,3240,3851,-1,
3957,3958,3901,-1,
3902,3901,3958,-1,
3138,3137,3194,-1,
3193,3194,3137,-1,
3485,3449,3486,-1,
3450,3486,3449,-1,
3146,3145,3138,-1,
3137,3138,3145,-1,
3193,3258,3194,-1,
3830,3194,3258,-1,
3194,3830,3902,-1,
3901,3902,3830,-1,
3385,3349,3386,-1,
3350,3386,3349,-1,
3553,3513,3554,-1,
3514,3554,3513,-1,
3421,3385,3422,-1,
3386,3422,3385,-1,
3581,3553,3582,-1,
3554,3582,3553,-1,
3609,3581,3610,-1,
3582,3610,3581,-1,
3745,3709,3746,-1,
3710,3746,3709,-1,
3513,3485,3514,-1,
3486,3514,3485,-1,
3753,3745,3754,-1,
3746,3754,3745,-1,
3349,3333,3350,-1,
3334,3350,3333,-1,
3673,3645,3674,-1,
3646,3674,3645,-1,
3645,3609,3646,-1,
3610,3646,3609,-1,
3709,3673,3710,-1,
3674,3710,3673,-1,
3449,3421,3450,-1,
3422,3450,3421,-1,
3941,3942,3957,-1,
3958,3957,3942,-1,
3278,3217,3298,-1,
3707,3658,3671,-1,
3899,3862,3955,-1,
3490,3483,3511,-1,
3955,3862,3918,-1,
3955,3918,3933,-1,
3326,3298,3305,-1,
3222,3135,3166,-1,
3166,3153,3178,-1,
3786,3758,3781,-1,
3370,3326,3347,-1,
3874,3858,3881,-1,
3858,3806,3881,-1,
3933,3886,3925,-1,
3298,3217,3265,-1,
3518,3490,3511,-1,
3166,3135,3153,-1,
3191,3135,3222,-1,
3222,3862,3191,-1,
3899,3191,3862,-1,
3398,3347,3383,-1,
3370,3347,3398,-1,
3743,3686,3707,-1,
3326,3305,3347,-1,
3178,3153,3198,-1,
3806,3786,3869,-1,
3198,3173,3210,-1,
3298,3265,3305,-1,
3198,3153,3161,-1,
3210,3173,3205,-1,
3198,3161,3173,-1,
3786,3781,3821,-1,
3278,3205,3217,-1,
3714,3686,3743,-1,
3518,3511,3550,-1,
3550,3511,3551,-1,
3869,3786,3821,-1,
3579,3550,3551,-1,
3758,3743,3781,-1,
3686,3658,3707,-1,
3210,3205,3226,-1,
3462,3426,3447,-1,
3226,3205,3278,-1,
3490,3447,3483,-1,
3462,3447,3490,-1,
3594,3566,3579,-1,
3643,3594,3607,-1,
3566,3550,3579,-1,
3758,3714,3743,-1,
3881,3806,3869,-1,
3658,3622,3643,-1,
3658,3643,3671,-1,
3913,3874,3881,-1,
3622,3594,3643,-1,
3594,3579,3607,-1,
3426,3419,3447,-1,
3918,3906,3933,-1,
3426,3383,3419,-1,
3398,3383,3426,-1,
3886,3906,3862,-1,
3874,3886,3862,-1,
3918,3862,3906,-1,
3874,3862,3858,-1,
3858,3862,3806,-1,
3806,3862,3786,-1,
3786,3862,3758,-1,
3758,3862,3714,-1,
3714,3862,3686,-1,
3686,3862,3658,-1,
3658,3862,3622,-1,
3622,3862,3594,-1,
3594,3862,3566,-1,
3566,3862,3550,-1,
3550,3862,3518,-1,
3490,3518,3222,-1,
3462,3490,3222,-1,
3426,3462,3222,-1,
3398,3426,3222,-1,
3370,3398,3222,-1,
3326,3370,3222,-1,
3298,3326,3222,-1,
3278,3298,3222,-1,
3226,3278,3222,-1,
3862,3222,3518,-1,
3226,3222,3210,-1,
3210,3222,3198,-1,
3198,3222,3178,-1,
3166,3178,3222,-1,
3925,3886,3913,-1,
3886,3874,3913,-1,
3906,3886,3933,-1,
3266,3265,3218,-1,
3217,3218,3265,-1,
3955,3956,3899,-1,
3900,3899,3956,-1,
3136,3135,3192,-1,
3191,3192,3135,-1,
3483,3447,3484,-1,
3448,3484,3447,-1,
3305,3265,3306,-1,
3266,3306,3265,-1,
3154,3153,3136,-1,
3135,3136,3153,-1,
3206,3205,3174,-1,
3173,3174,3205,-1,
3192,3191,3257,-1,
3899,3257,3191,-1,
3257,3899,3829,-1,
3900,3829,3899,-1,
3383,3347,3384,-1,
3348,3384,3347,-1,
3869,3870,3881,-1,
3882,3881,3870,-1,
3551,3511,3552,-1,
3512,3552,3511,-1,
3162,3161,3154,-1,
3153,3154,3161,-1,
3174,3173,3162,-1,
3161,3162,3173,-1,
3419,3383,3420,-1,
3384,3420,3383,-1,
3579,3551,3580,-1,
3552,3580,3551,-1,
3607,3579,3608,-1,
3580,3608,3579,-1,
3821,3822,3869,-1,
3870,3869,3822,-1,
3218,3217,3206,-1,
3205,3206,3217,-1,
3743,3707,3744,-1,
3708,3744,3707,-1,
3511,3483,3512,-1,
3484,3512,3483,-1,
3781,3743,3782,-1,
3744,3782,3743,-1,
3347,3305,3348,-1,
3306,3348,3305,-1,
3671,3643,3672,-1,
3644,3672,3643,-1,
3643,3607,3644,-1,
3608,3644,3607,-1,
3707,3671,3708,-1,
3672,3708,3671,-1,
3447,3419,3448,-1,
3420,3448,3419,-1,
3881,3882,3913,-1,
3914,3913,3882,-1,
3821,3781,3822,-1,
3782,3822,3781,-1,
3913,3914,3925,-1,
3926,3925,3914,-1,
3933,3934,3955,-1,
3956,3955,3934,-1,
3925,3926,3933,-1,
3934,3933,3926,-1,
6432,6434,5669,-1,
5669,6434,6408,-1,
6418,6408,6434,-1,
5693,5669,6408,-1,
5667,6432,5669,-1,
5683,5669,5693,-1,
6562,6538,6492,-1,
6528,6372,6538,-1,
6372,6492,6538,-1,
6372,6528,6362,-1,
6513,6362,6528,-1,
6407,6492,6387,-1,
6387,6492,6372,-1,
6362,6513,6337,-1,
6473,6337,6513,-1,
6337,6473,6327,-1,
6458,6327,6473,-1,
6327,6458,6282,-1,
6398,6282,6458,-1,
6282,6398,6272,-1,
6348,6272,6398,-1,
6272,6348,6237,-1,
6297,6237,6348,-1,
6237,6297,6222,-1,
6252,6222,6297,-1,
6222,6252,6187,-1,
6207,6187,6252,-1,
6187,6207,6157,-1,
6172,6157,6207,-1,
6157,6172,6142,-1,
6172,6127,6142,-1,
6142,6127,6107,-1,
6127,6092,6107,-1,
6107,6092,6072,-1,
6072,6092,6047,-1,
6092,6051,6047,-1,
6047,6051,6027,-1,
6051,6007,6027,-1,
6027,6007,5992,-1,
6007,5972,5992,-1,
5992,5972,5957,-1,
5942,5957,5927,-1,
5972,5927,5957,-1,
5912,5942,5892,-1,
5927,5892,5942,-1,
5877,5912,5847,-1,
5862,5877,5802,-1,
5892,5847,5912,-1,
5827,5862,5753,-1,
5817,5827,5703,-1,
5847,5802,5877,-1,
5772,5817,5643,-1,
5762,5772,5628,-1,
5802,5753,5862,-1,
5737,5762,5588,-1,
5727,5737,5573,-1,
5712,5727,5607,-1,
5753,5703,5827,-1,
5692,5712,5607,-1,
5703,5643,5817,-1,
5643,5628,5772,-1,
5563,5607,5727,-1,
5628,5588,5762,-1,
5588,5573,5737,-1,
5573,5563,5727,-1,
5537,5607,5563,-1,
6417,6433,6407,-1,
5668,6407,6433,-1,
5692,6407,5668,-1,
5682,5692,5668,-1,
6431,5668,6433,-1,
5666,5668,6431,-1,
6433,6434,6431,-1,
6432,6431,6434,-1,
6417,6418,6433,-1,
6434,6433,6418,-1,
6387,6388,6407,-1,
6388,6408,6407,-1,
6407,6408,6417,-1,
6418,6417,6408,-1,
6372,6373,6387,-1,
6388,6387,6373,-1,
6362,6363,6372,-1,
6373,6372,6363,-1,
6337,6338,6362,-1,
6363,6362,6338,-1,
6327,6328,6337,-1,
6338,6337,6328,-1,
6282,6283,6327,-1,
6328,6327,6283,-1,
6272,6273,6282,-1,
6283,6282,6273,-1,
6272,6237,6273,-1,
6238,6273,6237,-1,
6237,6222,6238,-1,
6223,6238,6222,-1,
6222,6187,6223,-1,
6188,6223,6187,-1,
6187,6157,6188,-1,
6158,6188,6157,-1,
6157,6142,6158,-1,
6143,6158,6142,-1,
6142,6107,6143,-1,
6108,6143,6107,-1,
6107,6072,6108,-1,
6073,6108,6072,-1,
6072,6047,6073,-1,
6048,6073,6047,-1,
6047,6027,6048,-1,
6028,6048,6027,-1,
6027,5992,6028,-1,
5993,6028,5992,-1,
5992,5957,5993,-1,
5958,5993,5957,-1,
5957,5942,5958,-1,
5943,5958,5942,-1,
5942,5912,5943,-1,
5913,5943,5912,-1,
5912,5877,5913,-1,
5878,5913,5877,-1,
5877,5862,5878,-1,
5863,5878,5862,-1,
5862,5827,5863,-1,
5828,5863,5827,-1,
5828,5827,5818,-1,
5817,5818,5827,-1,
5818,5817,5773,-1,
5772,5773,5817,-1,
5773,5772,5763,-1,
5762,5763,5772,-1,
5763,5762,5738,-1,
5737,5738,5762,-1,
5738,5737,5728,-1,
5727,5728,5737,-1,
5728,5727,5713,-1,
5712,5713,5727,-1,
5713,5712,5693,-1,
5712,5692,5693,-1,
5693,5692,5683,-1,
5682,5683,5692,-1,
5683,5682,5669,-1,
5668,5669,5682,-1,
5669,5668,5667,-1,
5666,5667,5668,-1,
5666,6431,5667,-1,
6432,5667,6431,-1,
6563,6564,6493,-1,
6494,6493,6564,-1,
5539,5538,5609,-1,
5608,5609,5538,-1,
5973,5928,5974,-1,
5929,5974,5928,-1,
5553,5552,5539,-1,
5538,5539,5552,-1,
5608,5693,5609,-1,
6408,5609,5693,-1,
5609,6408,6494,-1,
6493,6494,6408,-1,
5848,5803,5849,-1,
5804,5849,5803,-1,
6052,6008,6053,-1,
6009,6053,6008,-1,
5893,5848,5894,-1,
5849,5894,5848,-1,
6093,6052,6094,-1,
6053,6094,6052,-1,
6128,6093,6129,-1,
6094,6129,6093,-1,
6298,6253,6299,-1,
6254,6299,6253,-1,
6008,5973,6009,-1,
5974,6009,5973,-1,
6312,6298,6313,-1,
6299,6313,6298,-1,
5803,5785,5804,-1,
5786,5804,5785,-1,
6208,6173,6209,-1,
6174,6209,6173,-1,
6173,6128,6174,-1,
6129,6174,6128,-1,
6253,6208,6254,-1,
6209,6254,6208,-1,
5928,5893,5929,-1,
5894,5929,5893,-1,
6547,6548,6563,-1,
6564,6563,6548,-1,
5720,5642,5745,-1,
6251,6195,6206,-1,
6491,6450,6561,-1,
5985,5971,6006,-1,
6561,6450,6520,-1,
6561,6520,6537,-1,
5780,5745,5752,-1,
5650,5536,5580,-1,
5580,5562,5595,-1,
6355,6320,6347,-1,
5835,5780,5801,-1,
6465,6445,6472,-1,
6445,6380,6472,-1,
6537,6480,6527,-1,
5745,5642,5702,-1,
6020,5985,6006,-1,
5580,5536,5562,-1,
5606,5536,5650,-1,
5650,6450,5606,-1,
6491,5606,6450,-1,
5870,5801,5846,-1,
5835,5801,5870,-1,
6296,6230,6251,-1,
5780,5752,5801,-1,
5595,5562,5620,-1,
6380,6355,6457,-1,
5620,5587,5635,-1,
5745,5702,5752,-1,
5620,5562,5572,-1,
5635,5587,5627,-1,
5620,5572,5587,-1,
6355,6347,6397,-1,
5720,5627,5642,-1,
6265,6230,6296,-1,
6020,6006,6049,-1,
6049,6006,6050,-1,
6457,6355,6397,-1,
6091,6049,6050,-1,
6320,6296,6347,-1,
6230,6195,6251,-1,
5635,5627,5655,-1,
5950,5905,5926,-1,
5655,5627,5720,-1,
5985,5926,5971,-1,
5950,5926,5985,-1,
6115,6080,6091,-1,
6171,6115,6126,-1,
6080,6049,6091,-1,
6320,6265,6296,-1,
6472,6380,6457,-1,
6195,6150,6171,-1,
6195,6171,6206,-1,
6512,6465,6472,-1,
6150,6115,6171,-1,
6115,6091,6126,-1,
5905,5891,5926,-1,
6520,6505,6537,-1,
5905,5846,5891,-1,
5870,5846,5905,-1,
6480,6505,6450,-1,
6465,6480,6450,-1,
6520,6450,6505,-1,
6465,6450,6445,-1,
6445,6450,6380,-1,
6380,6450,6355,-1,
6355,6450,6320,-1,
6320,6450,6265,-1,
6265,6450,6230,-1,
6230,6450,6195,-1,
6195,6450,6150,-1,
6150,6450,6115,-1,
6115,6450,6080,-1,
6080,6450,6049,-1,
6049,6450,6020,-1,
5985,6020,5650,-1,
5950,5985,5650,-1,
5905,5950,5650,-1,
5870,5905,5650,-1,
5835,5870,5650,-1,
5780,5835,5650,-1,
5745,5780,5650,-1,
5720,5745,5650,-1,
5655,5720,5650,-1,
6450,5650,6020,-1,
5655,5650,5635,-1,
5635,5650,5620,-1,
5620,5650,5595,-1,
5580,5595,5650,-1,
6527,6480,6512,-1,
6480,6465,6512,-1,
6505,6480,6537,-1,
5703,5702,5643,-1,
5642,5643,5702,-1,
6561,6562,6491,-1,
6492,6491,6562,-1,
5537,5536,5607,-1,
5606,5607,5536,-1,
5971,5926,5972,-1,
5927,5972,5926,-1,
5752,5702,5753,-1,
5703,5753,5702,-1,
5563,5562,5537,-1,
5536,5537,5562,-1,
5628,5627,5588,-1,
5587,5588,5627,-1,
5607,5606,5692,-1,
6491,5692,5606,-1,
5692,6491,6407,-1,
6492,6407,6491,-1,
5846,5801,5847,-1,
5802,5847,5801,-1,
6457,6458,6472,-1,
6473,6472,6458,-1,
6050,6006,6051,-1,
6007,6051,6006,-1,
5573,5572,5563,-1,
5562,5563,5572,-1,
5588,5587,5573,-1,
5572,5573,5587,-1,
5891,5846,5892,-1,
5847,5892,5846,-1,
6091,6050,6092,-1,
6051,6092,6050,-1,
6126,6091,6127,-1,
6092,6127,6091,-1,
6397,6398,6457,-1,
6458,6457,6398,-1,
5643,5642,5628,-1,
5627,5628,5642,-1,
6296,6251,6297,-1,
6252,6297,6251,-1,
6006,5971,6007,-1,
5972,6007,5971,-1,
6347,6296,6348,-1,
6297,6348,6296,-1,
5801,5752,5802,-1,
5753,5802,5752,-1,
6206,6171,6207,-1,
6172,6207,6171,-1,
6171,6126,6172,-1,
6127,6172,6126,-1,
6251,6206,6252,-1,
6207,6252,6206,-1,
5926,5891,5927,-1,
5892,5927,5891,-1,
6472,6473,6512,-1,
6513,6512,6473,-1,
6397,6347,6398,-1,
6348,6398,6347,-1,
6512,6513,6527,-1,
6528,6527,6513,-1,
6537,6538,6561,-1,
6562,6561,6538,-1,
6527,6528,6537,-1,
6538,6537,6528,-1,
7769,7771,7006,-1,
7006,7771,7747,-1,
7757,7747,7771,-1,
7032,7006,7747,-1,
7004,7769,7006,-1,
7022,7006,7032,-1,
7899,7877,7829,-1,
7867,7711,7877,-1,
7711,7829,7877,-1,
7711,7867,7701,-1,
7852,7701,7867,-1,
7746,7829,7726,-1,
7726,7829,7711,-1,
7701,7852,7676,-1,
7812,7676,7852,-1,
7676,7812,7666,-1,
7797,7666,7812,-1,
7666,7797,7621,-1,
7737,7621,7797,-1,
7621,7737,7611,-1,
7687,7611,7737,-1,
7611,7687,7576,-1,
7634,7576,7687,-1,
7576,7634,7561,-1,
7589,7561,7634,-1,
7561,7589,7526,-1,
7544,7526,7589,-1,
7526,7544,7496,-1,
7509,7496,7544,-1,
7496,7509,7481,-1,
7509,7464,7481,-1,
7481,7464,7446,-1,
7464,7429,7446,-1,
7446,7429,7411,-1,
7411,7429,7381,-1,
7429,7385,7381,-1,
7381,7385,7366,-1,
7385,7344,7366,-1,
7366,7344,7331,-1,
7344,7309,7331,-1,
7331,7309,7296,-1,
7281,7296,7264,-1,
7309,7264,7296,-1,
7251,7281,7229,-1,
7264,7229,7281,-1,
7216,7251,7184,-1,
7201,7216,7139,-1,
7229,7184,7251,-1,
7166,7201,7092,-1,
7156,7166,7042,-1,
7184,7139,7216,-1,
7111,7156,6982,-1,
7101,7111,6967,-1,
7139,7092,7201,-1,
7076,7101,6927,-1,
7066,7076,6912,-1,
7051,7066,6944,-1,
7092,7042,7166,-1,
7031,7051,6944,-1,
7042,6982,7156,-1,
6982,6967,7111,-1,
6902,6944,7066,-1,
6967,6927,7101,-1,
6927,6912,7076,-1,
6912,6902,7066,-1,
6874,6944,6902,-1,
7756,7770,7746,-1,
7005,7746,7770,-1,
7031,7746,7005,-1,
7021,7031,7005,-1,
7768,7005,7770,-1,
7003,7005,7768,-1,
7770,7771,7768,-1,
7769,7768,7771,-1,
7756,7757,7770,-1,
7771,7770,7757,-1,
7726,7727,7746,-1,
7727,7747,7746,-1,
7746,7747,7756,-1,
7757,7756,7747,-1,
7711,7712,7726,-1,
7727,7726,7712,-1,
7701,7702,7711,-1,
7712,7711,7702,-1,
7676,7677,7701,-1,
7702,7701,7677,-1,
7666,7667,7676,-1,
7677,7676,7667,-1,
7621,7622,7666,-1,
7667,7666,7622,-1,
7611,7612,7621,-1,
7622,7621,7612,-1,
7611,7576,7612,-1,
7577,7612,7576,-1,
7576,7561,7577,-1,
7562,7577,7561,-1,
7561,7526,7562,-1,
7527,7562,7526,-1,
7526,7496,7527,-1,
7497,7527,7496,-1,
7496,7481,7497,-1,
7482,7497,7481,-1,
7481,7446,7482,-1,
7447,7482,7446,-1,
7446,7411,7447,-1,
7412,7447,7411,-1,
7411,7381,7412,-1,
7382,7412,7381,-1,
7381,7366,7382,-1,
7367,7382,7366,-1,
7366,7331,7367,-1,
7332,7367,7331,-1,
7331,7296,7332,-1,
7297,7332,7296,-1,
7296,7281,7297,-1,
7282,7297,7281,-1,
7281,7251,7282,-1,
7252,7282,7251,-1,
7251,7216,7252,-1,
7217,7252,7216,-1,
7216,7201,7217,-1,
7202,7217,7201,-1,
7201,7166,7202,-1,
7167,7202,7166,-1,
7167,7166,7157,-1,
7156,7157,7166,-1,
7157,7156,7112,-1,
7111,7112,7156,-1,
7112,7111,7102,-1,
7101,7102,7111,-1,
7102,7101,7077,-1,
7076,7077,7101,-1,
7077,7076,7067,-1,
7066,7067,7076,-1,
7067,7066,7052,-1,
7051,7052,7066,-1,
7052,7051,7032,-1,
7051,7031,7032,-1,
7032,7031,7022,-1,
7021,7022,7031,-1,
7022,7021,7006,-1,
7005,7006,7021,-1,
7006,7005,7004,-1,
7003,7004,7005,-1,
7003,7768,7004,-1,
7769,7004,7768,-1,
7900,7901,7830,-1,
7831,7830,7901,-1,
6876,6875,6946,-1,
6945,6946,6875,-1,
7310,7265,7311,-1,
7266,7311,7265,-1,
6892,6891,6876,-1,
6875,6876,6891,-1,
6945,7032,6946,-1,
7747,6946,7032,-1,
6946,7747,7831,-1,
7830,7831,7747,-1,
7185,7140,7186,-1,
7141,7186,7140,-1,
7386,7345,7387,-1,
7346,7387,7345,-1,
7230,7185,7231,-1,
7186,7231,7185,-1,
7430,7386,7431,-1,
7387,7431,7386,-1,
7465,7430,7466,-1,
7431,7466,7430,-1,
7635,7590,7636,-1,
7591,7636,7590,-1,
7345,7310,7346,-1,
7311,7346,7310,-1,
7651,7635,7652,-1,
7636,7652,7635,-1,
7140,7126,7141,-1,
7127,7141,7126,-1,
7545,7510,7546,-1,
7511,7546,7510,-1,
7510,7465,7511,-1,
7466,7511,7465,-1,
7590,7545,7591,-1,
7546,7591,7545,-1,
7265,7230,7266,-1,
7231,7266,7230,-1,
7886,7887,7900,-1,
7901,7900,7887,-1,
7060,6981,7085,-1,
7588,7535,7543,-1,
7828,7790,7898,-1,
7325,7308,7343,-1,
7898,7790,7860,-1,
7898,7860,7876,-1,
7120,7085,7091,-1,
6990,6873,6920,-1,
6920,6901,6935,-1,
7695,7660,7686,-1,
7175,7120,7138,-1,
7805,7785,7811,-1,
7785,7720,7811,-1,
7876,7820,7866,-1,
7085,6981,7041,-1,
7360,7325,7343,-1,
6920,6873,6901,-1,
6943,6873,6990,-1,
6990,7790,6943,-1,
7828,6943,7790,-1,
7210,7138,7183,-1,
7175,7138,7210,-1,
7633,7570,7588,-1,
7120,7091,7138,-1,
6935,6901,6960,-1,
7720,7695,7796,-1,
6960,6926,6975,-1,
7085,7041,7091,-1,
6960,6901,6911,-1,
6975,6926,6966,-1,
6960,6911,6926,-1,
7695,7686,7736,-1,
7060,6966,6981,-1,
7605,7570,7633,-1,
7360,7343,7383,-1,
7383,7343,7384,-1,
7796,7695,7736,-1,
7428,7383,7384,-1,
7660,7633,7686,-1,
7570,7535,7588,-1,
6975,6966,6995,-1,
7290,7245,7263,-1,
6995,6966,7060,-1,
7325,7263,7308,-1,
7290,7263,7325,-1,
7455,7420,7428,-1,
7508,7455,7463,-1,
7420,7383,7428,-1,
7660,7605,7633,-1,
7811,7720,7796,-1,
7535,7490,7508,-1,
7535,7508,7543,-1,
7851,7805,7811,-1,
7490,7455,7508,-1,
7455,7428,7463,-1,
7245,7228,7263,-1,
7860,7845,7876,-1,
7245,7183,7228,-1,
7210,7183,7245,-1,
7820,7845,7790,-1,
7805,7820,7790,-1,
7860,7790,7845,-1,
7805,7790,7785,-1,
7785,7790,7720,-1,
7720,7790,7695,-1,
7695,7790,7660,-1,
7660,7790,7605,-1,
7605,7790,7570,-1,
7570,7790,7535,-1,
7535,7790,7490,-1,
7490,7790,7455,-1,
7455,7790,7420,-1,
7420,7790,7383,-1,
7383,7790,7360,-1,
7325,7360,6990,-1,
7290,7325,6990,-1,
7245,7290,6990,-1,
7210,7245,6990,-1,
7175,7210,6990,-1,
7120,7175,6990,-1,
7085,7120,6990,-1,
7060,7085,6990,-1,
6995,7060,6990,-1,
7790,6990,7360,-1,
6995,6990,6975,-1,
6975,6990,6960,-1,
6960,6990,6935,-1,
6920,6935,6990,-1,
7866,7820,7851,-1,
7820,7805,7851,-1,
7845,7820,7876,-1,
7042,7041,6982,-1,
6981,6982,7041,-1,
7898,7899,7828,-1,
7829,7828,7899,-1,
6874,6873,6944,-1,
6943,6944,6873,-1,
7308,7263,7309,-1,
7264,7309,7263,-1,
7091,7041,7092,-1,
7042,7092,7041,-1,
6902,6901,6874,-1,
6873,6874,6901,-1,
6967,6966,6927,-1,
6926,6927,6966,-1,
6944,6943,7031,-1,
7828,7031,6943,-1,
7031,7828,7746,-1,
7829,7746,7828,-1,
7183,7138,7184,-1,
7139,7184,7138,-1,
7796,7797,7811,-1,
7812,7811,7797,-1,
7384,7343,7385,-1,
7344,7385,7343,-1,
6912,6911,6902,-1,
6901,6902,6911,-1,
6927,6926,6912,-1,
6911,6912,6926,-1,
7228,7183,7229,-1,
7184,7229,7183,-1,
7428,7384,7429,-1,
7385,7429,7384,-1,
7463,7428,7464,-1,
7429,7464,7428,-1,
7736,7737,7796,-1,
7797,7796,7737,-1,
6982,6981,6967,-1,
6966,6967,6981,-1,
7633,7588,7634,-1,
7589,7634,7588,-1,
7343,7308,7344,-1,
7309,7344,7308,-1,
7686,7633,7687,-1,
7634,7687,7633,-1,
7138,7091,7139,-1,
7092,7139,7091,-1,
7543,7508,7544,-1,
7509,7544,7508,-1,
7508,7463,7509,-1,
7464,7509,7463,-1,
7588,7543,7589,-1,
7544,7589,7543,-1,
7263,7228,7264,-1,
7229,7264,7228,-1,
7811,7812,7851,-1,
7852,7851,7812,-1,
7736,7686,7737,-1,
7687,7737,7686,-1,
7851,7852,7866,-1,
7867,7866,7852,-1,
7876,7877,7898,-1,
7899,7898,7877,-1,
7866,7867,7876,-1,
7877,7876,7867,-1,
8894,8896,8223,-1,
8223,8896,8876,-1,
8884,8876,8896,-1,
8243,8223,8876,-1,
8221,8894,8223,-1,
8235,8223,8243,-1,
9030,9014,8958,-1,
8998,8839,9014,-1,
8839,8958,9014,-1,
8839,8998,8831,-1,
8978,8831,8998,-1,
8875,8958,8851,-1,
8851,8958,8839,-1,
8831,8978,8803,-1,
8938,8803,8978,-1,
8803,8938,8795,-1,
8918,8795,8938,-1,
8795,8918,8767,-1,
8862,8767,8918,-1,
8767,8862,8759,-1,
8814,8759,8862,-1,
8759,8814,8731,-1,
8778,8731,8814,-1,
8731,8778,8719,-1,
8742,8719,8778,-1,
8719,8742,8691,-1,
8706,8691,8742,-1,
8691,8706,8667,-1,
8678,8667,8706,-1,
8667,8678,8655,-1,
8678,8642,8655,-1,
8655,8642,8627,-1,
8642,8614,8627,-1,
8627,8614,8599,-1,
8599,8614,8576,-1,
8614,8580,8576,-1,
8576,8580,8563,-1,
8580,8546,8563,-1,
8563,8546,8535,-1,
8546,8518,8535,-1,
8535,8518,8507,-1,
8495,8507,8482,-1,
8518,8482,8507,-1,
8471,8495,8450,-1,
8482,8450,8495,-1,
8439,8471,8406,-1,
8419,8439,8355,-1,
8450,8406,8471,-1,
8381,8419,8310,-1,
8368,8381,8251,-1,
8406,8355,8439,-1,
8326,8368,8194,-1,
8317,8326,8175,-1,
8355,8310,8419,-1,
8285,8317,8140,-1,
8272,8285,8122,-1,
8260,8272,8155,-1,
8310,8251,8381,-1,
8242,8260,8155,-1,
8251,8194,8368,-1,
8194,8175,8326,-1,
8113,8155,8272,-1,
8175,8140,8317,-1,
8140,8122,8285,-1,
8122,8113,8272,-1,
8085,8155,8113,-1,
8883,8895,8875,-1,
8222,8875,8895,-1,
8242,8875,8222,-1,
8234,8242,8222,-1,
8893,8222,8895,-1,
8220,8222,8893,-1,
8895,8896,8893,-1,
8894,8893,8896,-1,
8883,8884,8895,-1,
8896,8895,8884,-1,
8851,8852,8875,-1,
8852,8876,8875,-1,
8875,8876,8883,-1,
8884,8883,8876,-1,
8839,8840,8851,-1,
8852,8851,8840,-1,
8831,8832,8839,-1,
8840,8839,8832,-1,
8803,8804,8831,-1,
8832,8831,8804,-1,
8795,8796,8803,-1,
8804,8803,8796,-1,
8767,8768,8795,-1,
8796,8795,8768,-1,
8759,8760,8767,-1,
8768,8767,8760,-1,
8759,8731,8760,-1,
8732,8760,8731,-1,
8731,8719,8732,-1,
8720,8732,8719,-1,
8719,8691,8720,-1,
8692,8720,8691,-1,
8691,8667,8692,-1,
8668,8692,8667,-1,
8667,8655,8668,-1,
8656,8668,8655,-1,
8655,8627,8656,-1,
8628,8656,8627,-1,
8627,8599,8628,-1,
8600,8628,8599,-1,
8599,8576,8600,-1,
8577,8600,8576,-1,
8576,8563,8577,-1,
8564,8577,8563,-1,
8563,8535,8564,-1,
8536,8564,8535,-1,
8535,8507,8536,-1,
8508,8536,8507,-1,
8507,8495,8508,-1,
8496,8508,8495,-1,
8495,8471,8496,-1,
8472,8496,8471,-1,
8471,8439,8472,-1,
8440,8472,8439,-1,
8439,8419,8440,-1,
8420,8440,8419,-1,
8419,8381,8420,-1,
8382,8420,8381,-1,
8382,8381,8369,-1,
8368,8369,8381,-1,
8369,8368,8327,-1,
8326,8327,8368,-1,
8327,8326,8318,-1,
8317,8318,8326,-1,
8318,8317,8286,-1,
8285,8286,8317,-1,
8286,8285,8273,-1,
8272,8273,8285,-1,
8273,8272,8261,-1,
8260,8261,8272,-1,
8261,8260,8243,-1,
8260,8242,8243,-1,
8243,8242,8235,-1,
8234,8235,8242,-1,
8235,8234,8223,-1,
8222,8223,8234,-1,
8223,8222,8221,-1,
8220,8221,8222,-1,
8220,8893,8221,-1,
8894,8221,8893,-1,
9031,9032,8959,-1,
8960,8959,9032,-1,
8087,8086,8157,-1,
8156,8157,8086,-1,
8519,8483,8520,-1,
8484,8520,8483,-1,
8103,8102,8087,-1,
8086,8087,8102,-1,
8156,8243,8157,-1,
8876,8157,8243,-1,
8157,8876,8960,-1,
8959,8960,8876,-1,
8407,8356,8408,-1,
8357,8408,8356,-1,
8919,8920,8939,-1,
8940,8939,8920,-1,
8581,8547,8582,-1,
8548,8582,8547,-1,
8451,8407,8452,-1,
8408,8452,8407,-1,
8615,8581,8616,-1,
8582,8616,8581,-1,
8643,8615,8644,-1,
8616,8644,8615,-1,
8779,8743,8780,-1,
8744,8780,8743,-1,
8547,8519,8548,-1,
8520,8548,8519,-1,
8815,8779,8816,-1,
8780,8816,8779,-1,
8356,8344,8357,-1,
8345,8357,8344,-1,
8707,8679,8708,-1,
8680,8708,8679,-1,
8679,8643,8680,-1,
8644,8680,8643,-1,
8743,8707,8744,-1,
8708,8744,8707,-1,
8483,8451,8484,-1,
8452,8484,8451,-1,
8939,8940,8979,-1,
8980,8979,8940,-1,
8863,8815,8864,-1,
8816,8864,8815,-1,
8979,8980,8999,-1,
9000,8999,8980,-1,
9015,9016,9031,-1,
9032,9031,9016,-1,
8863,8864,8919,-1,
8920,8919,8864,-1,
8999,9000,9015,-1,
9016,9015,9000,-1,
8267,8193,8304,-1,
8741,8698,8705,-1,
8957,8910,9029,-1,
8530,8517,8545,-1,
9029,8910,8990,-1,
9029,8990,9013,-1,
8338,8304,8309,-1,
8200,8084,8134,-1,
8134,8112,8146,-1,
8826,8790,8813,-1,
8392,8338,8354,-1,
8930,8906,8937,-1,
8906,8846,8937,-1,
9013,8950,8997,-1,
8304,8193,8250,-1,
8558,8530,8545,-1,
8134,8084,8112,-1,
8154,8084,8200,-1,
8200,8910,8154,-1,
8957,8154,8910,-1,
8430,8354,8405,-1,
8392,8354,8430,-1,
8777,8726,8741,-1,
8338,8309,8354,-1,
8146,8112,8169,-1,
8846,8826,8917,-1,
8169,8139,8187,-1,
8304,8250,8309,-1,
8169,8112,8121,-1,
8187,8139,8174,-1,
8169,8121,8139,-1,
8826,8813,8861,-1,
8267,8174,8193,-1,
8754,8726,8777,-1,
8558,8545,8578,-1,
8578,8545,8579,-1,
8917,8826,8861,-1,
8613,8578,8579,-1,
8790,8777,8813,-1,
8726,8698,8741,-1,
8187,8174,8206,-1,
8502,8466,8481,-1,
8206,8174,8267,-1,
8530,8481,8517,-1,
8502,8481,8530,-1,
8634,8606,8613,-1,
8677,8634,8641,-1,
8606,8578,8613,-1,
8790,8754,8777,-1,
8937,8846,8917,-1,
8698,8662,8677,-1,
8698,8677,8705,-1,
8977,8930,8937,-1,
8662,8634,8677,-1,
8634,8613,8641,-1,
8466,8449,8481,-1,
8990,8970,9013,-1,
8466,8405,8449,-1,
8430,8405,8466,-1,
8950,8970,8910,-1,
8930,8950,8910,-1,
8990,8910,8970,-1,
8930,8910,8906,-1,
8906,8910,8846,-1,
8846,8910,8826,-1,
8826,8910,8790,-1,
8790,8910,8754,-1,
8754,8910,8726,-1,
8726,8910,8698,-1,
8698,8910,8662,-1,
8662,8910,8634,-1,
8634,8910,8606,-1,
8606,8910,8578,-1,
8578,8910,8558,-1,
8530,8558,8200,-1,
8502,8530,8200,-1,
8466,8502,8200,-1,
8430,8466,8200,-1,
8392,8430,8200,-1,
8338,8392,8200,-1,
8304,8338,8200,-1,
8267,8304,8200,-1,
8206,8267,8200,-1,
8910,8200,8558,-1,
8206,8200,8187,-1,
8187,8200,8169,-1,
8169,8200,8146,-1,
8134,8146,8200,-1,
8997,8950,8977,-1,
8950,8930,8977,-1,
8970,8950,9013,-1,
8251,8250,8194,-1,
8193,8194,8250,-1,
9029,9030,8957,-1,
8958,8957,9030,-1,
8085,8084,8155,-1,
8154,8155,8084,-1,
8517,8481,8518,-1,
8482,8518,8481,-1,
8309,8250,8310,-1,
8251,8310,8250,-1,
8113,8112,8085,-1,
8084,8085,8112,-1,
8175,8174,8140,-1,
8139,8140,8174,-1,
8155,8154,8242,-1,
8957,8242,8154,-1,
8242,8957,8875,-1,
8958,8875,8957,-1,
8405,8354,8406,-1,
8355,8406,8354,-1,
8917,8918,8937,-1,
8938,8937,8918,-1,
8579,8545,8580,-1,
8546,8580,8545,-1,
8122,8121,8113,-1,
8112,8113,8121,-1,
8140,8139,8122,-1,
8121,8122,8139,-1,
8449,8405,8450,-1,
8406,8450,8405,-1,
8613,8579,8614,-1,
8580,8614,8579,-1,
8641,8613,8642,-1,
8614,8642,8613,-1,
8861,8862,8917,-1,
8918,8917,8862,-1,
8194,8193,8175,-1,
8174,8175,8193,-1,
8777,8741,8778,-1,
8742,8778,8741,-1,
8545,8517,8546,-1,
8518,8546,8517,-1,
8813,8777,8814,-1,
8778,8814,8777,-1,
8354,8309,8355,-1,
8310,8355,8309,-1,
8705,8677,8706,-1,
8678,8706,8677,-1,
8677,8641,8678,-1,
8642,8678,8641,-1,
8741,8705,8742,-1,
8706,8742,8705,-1,
8481,8449,8482,-1,
8450,8482,8449,-1,
8937,8938,8977,-1,
8978,8977,8938,-1,
8861,8813,8862,-1,
8814,8862,8813,-1,
8977,8978,8997,-1,
8998,8997,8978,-1,
9013,9014,9029,-1,
9030,9029,9014,-1,
8997,8998,9013,-1,
9014,9013,8998,-1,
5099,5101,4336,-1,
4336,5101,5071,-1,
5081,5071,5101,-1,
4356,4336,5071,-1,
4334,5099,4336,-1,
4346,4336,4356,-1,
5229,5201,5159,-1,
5191,5035,5201,-1,
5035,5159,5201,-1,
5035,5191,5025,-1,
5176,5025,5191,-1,
5070,5159,5050,-1,
5050,5159,5035,-1,
5025,5176,5000,-1,
5136,5000,5176,-1,
5000,5136,4990,-1,
5121,4990,5136,-1,
4990,5121,4945,-1,
5061,4945,5121,-1,
4945,5061,4935,-1,
5011,4935,5061,-1,
4935,5011,4900,-1,
4964,4900,5011,-1,
4900,4964,4885,-1,
4919,4885,4964,-1,
4885,4919,4850,-1,
4874,4850,4919,-1,
4850,4874,4820,-1,
4839,4820,4874,-1,
4820,4839,4805,-1,
4839,4794,4805,-1,
4805,4794,4770,-1,
4794,4759,4770,-1,
4770,4759,4735,-1,
4735,4759,4720,-1,
4759,4724,4720,-1,
4720,4724,4690,-1,
4724,4674,4690,-1,
4690,4674,4655,-1,
4674,4639,4655,-1,
4655,4639,4620,-1,
4605,4620,4594,-1,
4639,4594,4620,-1,
4575,4605,4559,-1,
4594,4559,4605,-1,
4540,4575,4514,-1,
4525,4540,4469,-1,
4559,4514,4575,-1,
4490,4525,4416,-1,
4480,4490,4366,-1,
4514,4469,4540,-1,
4435,4480,4306,-1,
4425,4435,4291,-1,
4469,4416,4525,-1,
4400,4425,4251,-1,
4390,4400,4236,-1,
4375,4390,4274,-1,
4416,4366,4490,-1,
4355,4375,4274,-1,
4366,4306,4480,-1,
4306,4291,4435,-1,
4226,4274,4390,-1,
4291,4251,4425,-1,
4251,4236,4400,-1,
4236,4226,4390,-1,
4204,4274,4226,-1,
5080,5100,5070,-1,
4335,5070,5100,-1,
4355,5070,4335,-1,
4345,4355,4335,-1,
5098,4335,5100,-1,
4333,4335,5098,-1,
5100,5101,5098,-1,
5099,5098,5101,-1,
5080,5081,5100,-1,
5101,5100,5081,-1,
5050,5051,5070,-1,
5051,5071,5070,-1,
5070,5071,5080,-1,
5081,5080,5071,-1,
5035,5036,5050,-1,
5051,5050,5036,-1,
5025,5026,5035,-1,
5036,5035,5026,-1,
5000,5001,5025,-1,
5026,5025,5001,-1,
4990,4991,5000,-1,
5001,5000,4991,-1,
4945,4946,4990,-1,
4991,4990,4946,-1,
4935,4936,4945,-1,
4946,4945,4936,-1,
4935,4900,4936,-1,
4901,4936,4900,-1,
4900,4885,4901,-1,
4886,4901,4885,-1,
4885,4850,4886,-1,
4851,4886,4850,-1,
4850,4820,4851,-1,
4821,4851,4820,-1,
4820,4805,4821,-1,
4806,4821,4805,-1,
4805,4770,4806,-1,
4771,4806,4770,-1,
4770,4735,4771,-1,
4736,4771,4735,-1,
4735,4720,4736,-1,
4721,4736,4720,-1,
4720,4690,4721,-1,
4691,4721,4690,-1,
4690,4655,4691,-1,
4656,4691,4655,-1,
4655,4620,4656,-1,
4621,4656,4620,-1,
4620,4605,4621,-1,
4606,4621,4605,-1,
4605,4575,4606,-1,
4576,4606,4575,-1,
4575,4540,4576,-1,
4541,4576,4540,-1,
4540,4525,4541,-1,
4526,4541,4525,-1,
4525,4490,4526,-1,
4491,4526,4490,-1,
4491,4490,4481,-1,
4480,4481,4490,-1,
4481,4480,4436,-1,
4435,4436,4480,-1,
4436,4435,4426,-1,
4425,4426,4435,-1,
4426,4425,4401,-1,
4400,4401,4425,-1,
4401,4400,4391,-1,
4390,4391,4400,-1,
4391,4390,4376,-1,
4375,4376,4390,-1,
4376,4375,4356,-1,
4375,4355,4356,-1,
4356,4355,4346,-1,
4345,4346,4355,-1,
4346,4345,4336,-1,
4335,4336,4345,-1,
4336,4335,4334,-1,
4333,4334,4335,-1,
4333,5098,4334,-1,
5099,4334,5098,-1,
5230,5231,5160,-1,
5161,5160,5231,-1,
4206,4205,4276,-1,
4275,4276,4205,-1,
4640,4595,4641,-1,
4596,4641,4595,-1,
4216,4215,4206,-1,
4205,4206,4215,-1,
4275,4356,4276,-1,
5071,4276,4356,-1,
4276,5071,5161,-1,
5160,5161,5071,-1,
4515,4470,4516,-1,
4471,4516,4470,-1,
4725,4675,4726,-1,
4676,4726,4675,-1,
4560,4515,4561,-1,
4516,4561,4515,-1,
4760,4725,4761,-1,
4726,4761,4725,-1,
4795,4760,4796,-1,
4761,4796,4760,-1,
4965,4920,4966,-1,
4921,4966,4920,-1,
4675,4640,4676,-1,
4641,4676,4640,-1,
4975,4965,4976,-1,
4966,4976,4965,-1,
4470,4450,4471,-1,
4451,4471,4450,-1,
4875,4840,4876,-1,
4841,4876,4840,-1,
4840,4795,4841,-1,
4796,4841,4795,-1,
4920,4875,4921,-1,
4876,4921,4875,-1,
4595,4560,4596,-1,
4561,4596,4560,-1,
5210,5211,5230,-1,
5231,5230,5211,-1,
4381,4305,4406,-1,
4918,4856,4873,-1,
5158,5111,5228,-1,
4646,4638,4673,-1,
5228,5111,5181,-1,
5228,5181,5200,-1,
4441,4406,4415,-1,
4311,4203,4241,-1,
4241,4225,4256,-1,
5016,4981,5010,-1,
4496,4441,4468,-1,
5126,5106,5135,-1,
5106,5041,5135,-1,
5200,5141,5190,-1,
4406,4305,4365,-1,
4681,4646,4673,-1,
4241,4203,4225,-1,
4273,4203,4311,-1,
4311,5111,4273,-1,
5158,4273,5111,-1,
4531,4468,4513,-1,
4496,4468,4531,-1,
4963,4891,4918,-1,
4441,4415,4468,-1,
4256,4225,4281,-1,
5041,5016,5120,-1,
4281,4250,4296,-1,
4406,4365,4415,-1,
4281,4225,4235,-1,
4296,4250,4290,-1,
4281,4235,4250,-1,
5016,5010,5060,-1,
4381,4290,4305,-1,
4926,4891,4963,-1,
4681,4673,4722,-1,
4722,4673,4723,-1,
5120,5016,5060,-1,
4758,4722,4723,-1,
4981,4963,5010,-1,
4891,4856,4918,-1,
4296,4290,4316,-1,
4611,4566,4593,-1,
4316,4290,4381,-1,
4646,4593,4638,-1,
4611,4593,4646,-1,
4776,4741,4758,-1,
4838,4776,4793,-1,
4741,4722,4758,-1,
4981,4926,4963,-1,
5135,5041,5120,-1,
4856,4811,4838,-1,
4856,4838,4873,-1,
5175,5126,5135,-1,
4811,4776,4838,-1,
4776,4758,4793,-1,
4566,4558,4593,-1,
5181,5166,5200,-1,
4566,4513,4558,-1,
4531,4513,4566,-1,
5141,5166,5111,-1,
5126,5141,5111,-1,
5181,5111,5166,-1,
5126,5111,5106,-1,
5106,5111,5041,-1,
5041,5111,5016,-1,
5016,5111,4981,-1,
4981,5111,4926,-1,
4926,5111,4891,-1,
4891,5111,4856,-1,
4856,5111,4811,-1,
4811,5111,4776,-1,
4776,5111,4741,-1,
4741,5111,4722,-1,
4722,5111,4681,-1,
4646,4681,4311,-1,
4611,4646,4311,-1,
4566,4611,4311,-1,
4531,4566,4311,-1,
4496,4531,4311,-1,
4441,4496,4311,-1,
4406,4441,4311,-1,
4381,4406,4311,-1,
4316,4381,4311,-1,
5111,4311,4681,-1,
4316,4311,4296,-1,
4296,4311,4281,-1,
4281,4311,4256,-1,
4241,4256,4311,-1,
5190,5141,5175,-1,
5141,5126,5175,-1,
5166,5141,5200,-1,
4366,4365,4306,-1,
4305,4306,4365,-1,
5228,5229,5158,-1,
5159,5158,5229,-1,
4204,4203,4274,-1,
4273,4274,4203,-1,
4638,4593,4639,-1,
4594,4639,4593,-1,
4415,4365,4416,-1,
4366,4416,4365,-1,
4226,4225,4204,-1,
4203,4204,4225,-1,
4291,4290,4251,-1,
4250,4251,4290,-1,
4274,4273,4355,-1,
5158,4355,4273,-1,
4355,5158,5070,-1,
5159,5070,5158,-1,
4513,4468,4514,-1,
4469,4514,4468,-1,
5120,5121,5135,-1,
5136,5135,5121,-1,
4723,4673,4724,-1,
4674,4724,4673,-1,
4236,4235,4226,-1,
4225,4226,4235,-1,
4251,4250,4236,-1,
4235,4236,4250,-1,
4558,4513,4559,-1,
4514,4559,4513,-1,
4758,4723,4759,-1,
4724,4759,4723,-1,
4793,4758,4794,-1,
4759,4794,4758,-1,
5060,5061,5120,-1,
5121,5120,5061,-1,
4306,4305,4291,-1,
4290,4291,4305,-1,
4963,4918,4964,-1,
4919,4964,4918,-1,
4673,4638,4674,-1,
4639,4674,4638,-1,
5010,4963,5011,-1,
4964,5011,4963,-1,
4468,4415,4469,-1,
4416,4469,4415,-1,
4873,4838,4874,-1,
4839,4874,4838,-1,
4838,4793,4839,-1,
4794,4839,4793,-1,
4918,4873,4919,-1,
4874,4919,4873,-1,
4593,4558,4594,-1,
4559,4594,4558,-1,
5135,5136,5175,-1,
5176,5175,5136,-1,
5060,5010,5061,-1,
5011,5061,5010,-1,
5175,5176,5190,-1,
5191,5190,5176,-1,
5200,5201,5228,-1,
5229,5228,5201,-1,
5190,5191,5200,-1,
5201,5200,5191,-1,
7773,7775,7010,-1,
7010,7775,7749,-1,
7759,7749,7775,-1,
7034,7010,7749,-1,
7008,7773,7010,-1,
7024,7010,7034,-1,
7903,7879,7833,-1,
7869,7713,7879,-1,
7713,7833,7879,-1,
7713,7869,7703,-1,
7854,7703,7869,-1,
7748,7833,7728,-1,
7728,7833,7713,-1,
7703,7854,7678,-1,
7814,7678,7854,-1,
7678,7814,7668,-1,
7799,7668,7814,-1,
7668,7799,7623,-1,
7739,7623,7799,-1,
7623,7739,7613,-1,
7689,7613,7739,-1,
7613,7689,7578,-1,
7638,7578,7689,-1,
7578,7638,7563,-1,
7593,7563,7638,-1,
7563,7593,7528,-1,
7548,7528,7593,-1,
7528,7548,7498,-1,
7513,7498,7548,-1,
7498,7513,7483,-1,
7513,7468,7483,-1,
7483,7468,7448,-1,
7468,7433,7448,-1,
7448,7433,7413,-1,
7413,7433,7388,-1,
7433,7392,7388,-1,
7388,7392,7368,-1,
7392,7348,7368,-1,
7368,7348,7333,-1,
7348,7313,7333,-1,
7333,7313,7298,-1,
7283,7298,7268,-1,
7313,7268,7298,-1,
7253,7283,7233,-1,
7268,7233,7283,-1,
7218,7253,7188,-1,
7203,7218,7143,-1,
7233,7188,7253,-1,
7168,7203,7094,-1,
7158,7168,7044,-1,
7188,7143,7218,-1,
7113,7158,6984,-1,
7103,7113,6969,-1,
7143,7094,7203,-1,
7078,7103,6929,-1,
7068,7078,6914,-1,
7053,7068,6948,-1,
7094,7044,7168,-1,
7033,7053,6948,-1,
7044,6984,7158,-1,
6984,6969,7113,-1,
6904,6948,7068,-1,
6969,6929,7103,-1,
6929,6914,7078,-1,
6914,6904,7068,-1,
6878,6948,6904,-1,
7758,7774,7748,-1,
7009,7748,7774,-1,
7033,7748,7009,-1,
7023,7033,7009,-1,
7772,7009,7774,-1,
7007,7009,7772,-1,
7774,7775,7772,-1,
7773,7772,7775,-1,
7758,7759,7774,-1,
7775,7774,7759,-1,
7728,7729,7748,-1,
7729,7749,7748,-1,
7748,7749,7758,-1,
7759,7758,7749,-1,
7713,7714,7728,-1,
7729,7728,7714,-1,
7703,7704,7713,-1,
7714,7713,7704,-1,
7678,7679,7703,-1,
7704,7703,7679,-1,
7668,7669,7678,-1,
7679,7678,7669,-1,
7623,7624,7668,-1,
7669,7668,7624,-1,
7613,7614,7623,-1,
7624,7623,7614,-1,
7613,7578,7614,-1,
7579,7614,7578,-1,
7578,7563,7579,-1,
7564,7579,7563,-1,
7563,7528,7564,-1,
7529,7564,7528,-1,
7528,7498,7529,-1,
7499,7529,7498,-1,
7498,7483,7499,-1,
7484,7499,7483,-1,
7483,7448,7484,-1,
7449,7484,7448,-1,
7448,7413,7449,-1,
7414,7449,7413,-1,
7413,7388,7414,-1,
7389,7414,7388,-1,
7388,7368,7389,-1,
7369,7389,7368,-1,
7368,7333,7369,-1,
7334,7369,7333,-1,
7333,7298,7334,-1,
7299,7334,7298,-1,
7298,7283,7299,-1,
7284,7299,7283,-1,
7283,7253,7284,-1,
7254,7284,7253,-1,
7253,7218,7254,-1,
7219,7254,7218,-1,
7218,7203,7219,-1,
7204,7219,7203,-1,
7203,7168,7204,-1,
7169,7204,7168,-1,
7169,7168,7159,-1,
7158,7159,7168,-1,
7159,7158,7114,-1,
7113,7114,7158,-1,
7114,7113,7104,-1,
7103,7104,7113,-1,
7104,7103,7079,-1,
7078,7079,7103,-1,
7079,7078,7069,-1,
7068,7069,7078,-1,
7069,7068,7054,-1,
7053,7054,7068,-1,
7054,7053,7034,-1,
7053,7033,7034,-1,
7034,7033,7024,-1,
7023,7024,7033,-1,
7024,7023,7010,-1,
7009,7010,7023,-1,
7010,7009,7008,-1,
7007,7008,7009,-1,
7007,7772,7008,-1,
7773,7008,7772,-1,
7904,7905,7834,-1,
7835,7834,7905,-1,
6880,6879,6950,-1,
6949,6950,6879,-1,
7314,7269,7315,-1,
7270,7315,7269,-1,
6894,6893,6880,-1,
6879,6880,6893,-1,
6949,7034,6950,-1,
7749,6950,7034,-1,
6950,7749,7835,-1,
7834,7835,7749,-1,
7189,7144,7190,-1,
7145,7190,7144,-1,
7393,7349,7394,-1,
7350,7394,7349,-1,
7234,7189,7235,-1,
7190,7235,7189,-1,
7434,7393,7435,-1,
7394,7435,7393,-1,
7469,7434,7470,-1,
7435,7470,7434,-1,
7639,7594,7640,-1,
7595,7640,7594,-1,
7349,7314,7350,-1,
7315,7350,7314,-1,
7653,7639,7654,-1,
7640,7654,7639,-1,
7144,7128,7145,-1,
7129,7145,7128,-1,
7549,7514,7550,-1,
7515,7550,7514,-1,
7514,7469,7515,-1,
7470,7515,7469,-1,
7594,7549,7595,-1,
7550,7595,7549,-1,
7269,7234,7270,-1,
7235,7270,7234,-1,
7888,7889,7904,-1,
7905,7904,7889,-1,
7061,6983,7086,-1,
7592,7536,7547,-1,
7832,7791,7902,-1,
7326,7312,7347,-1,
7902,7791,7861,-1,
7902,7861,7878,-1,
7121,7086,7093,-1,
6991,6877,6921,-1,
6921,6903,6936,-1,
7696,7661,7688,-1,
7176,7121,7142,-1,
7806,7786,7813,-1,
7786,7721,7813,-1,
7878,7821,7868,-1,
7086,6983,7043,-1,
7361,7326,7347,-1,
6921,6877,6903,-1,
6947,6877,6991,-1,
6991,7791,6947,-1,
7832,6947,7791,-1,
7211,7142,7187,-1,
7176,7142,7211,-1,
7637,7571,7592,-1,
7121,7093,7142,-1,
6936,6903,6961,-1,
7721,7696,7798,-1,
6961,6928,6976,-1,
7086,7043,7093,-1,
6961,6903,6913,-1,
6976,6928,6968,-1,
6961,6913,6928,-1,
7696,7688,7738,-1,
7061,6968,6983,-1,
7606,7571,7637,-1,
7361,7347,7390,-1,
7390,7347,7391,-1,
7798,7696,7738,-1,
7432,7390,7391,-1,
7661,7637,7688,-1,
7571,7536,7592,-1,
6976,6968,6996,-1,
7291,7246,7267,-1,
6996,6968,7061,-1,
7326,7267,7312,-1,
7291,7267,7326,-1,
7456,7421,7432,-1,
7512,7456,7467,-1,
7421,7390,7432,-1,
7661,7606,7637,-1,
7813,7721,7798,-1,
7536,7491,7512,-1,
7536,7512,7547,-1,
7853,7806,7813,-1,
7491,7456,7512,-1,
7456,7432,7467,-1,
7246,7232,7267,-1,
7861,7846,7878,-1,
7246,7187,7232,-1,
7211,7187,7246,-1,
7821,7846,7791,-1,
7806,7821,7791,-1,
7861,7791,7846,-1,
7806,7791,7786,-1,
7786,7791,7721,-1,
7721,7791,7696,-1,
7696,7791,7661,-1,
7661,7791,7606,-1,
7606,7791,7571,-1,
7571,7791,7536,-1,
7536,7791,7491,-1,
7491,7791,7456,-1,
7456,7791,7421,-1,
7421,7791,7390,-1,
7390,7791,7361,-1,
7326,7361,6991,-1,
7291,7326,6991,-1,
7246,7291,6991,-1,
7211,7246,6991,-1,
7176,7211,6991,-1,
7121,7176,6991,-1,
7086,7121,6991,-1,
7061,7086,6991,-1,
6996,7061,6991,-1,
7791,6991,7361,-1,
6996,6991,6976,-1,
6976,6991,6961,-1,
6961,6991,6936,-1,
6921,6936,6991,-1,
7868,7821,7853,-1,
7821,7806,7853,-1,
7846,7821,7878,-1,
7044,7043,6984,-1,
6983,6984,7043,-1,
7902,7903,7832,-1,
7833,7832,7903,-1,
6878,6877,6948,-1,
6947,6948,6877,-1,
7312,7267,7313,-1,
7268,7313,7267,-1,
7093,7043,7094,-1,
7044,7094,7043,-1,
6904,6903,6878,-1,
6877,6878,6903,-1,
6969,6968,6929,-1,
6928,6929,6968,-1,
6948,6947,7033,-1,
7832,7033,6947,-1,
7033,7832,7748,-1,
7833,7748,7832,-1,
7187,7142,7188,-1,
7143,7188,7142,-1,
7798,7799,7813,-1,
7814,7813,7799,-1,
7391,7347,7392,-1,
7348,7392,7347,-1,
6914,6913,6904,-1,
6903,6904,6913,-1,
6929,6928,6914,-1,
6913,6914,6928,-1,
7232,7187,7233,-1,
7188,7233,7187,-1,
7432,7391,7433,-1,
7392,7433,7391,-1,
7467,7432,7468,-1,
7433,7468,7432,-1,
7738,7739,7798,-1,
7799,7798,7739,-1,
6984,6983,6969,-1,
6968,6969,6983,-1,
7637,7592,7638,-1,
7593,7638,7592,-1,
7347,7312,7348,-1,
7313,7348,7312,-1,
7688,7637,7689,-1,
7638,7689,7637,-1,
7142,7093,7143,-1,
7094,7143,7093,-1,
7547,7512,7548,-1,
7513,7548,7512,-1,
7512,7467,7513,-1,
7468,7513,7467,-1,
7592,7547,7593,-1,
7548,7593,7547,-1,
7267,7232,7268,-1,
7233,7268,7232,-1,
7813,7814,7853,-1,
7854,7853,7814,-1,
7738,7688,7739,-1,
7689,7739,7688,-1,
7853,7854,7868,-1,
7869,7868,7854,-1,
7878,7879,7902,-1,
7903,7902,7879,-1,
7868,7869,7878,-1,
7879,7878,7869,-1,
2535,2537,1905,-1,
1905,2537,2511,-1,
2519,2511,2537,-1,
1920,1905,2511,-1,
1903,2535,1905,-1,
1913,1905,1920,-1,
2635,2617,2583,-1,
2609,2481,2617,-1,
2481,2583,2617,-1,
2481,2609,2473,-1,
2597,2473,2609,-1,
2510,2583,2495,-1,
2495,2583,2481,-1,
2473,2597,2449,-1,
2567,2449,2597,-1,
2449,2567,2441,-1,
2555,2441,2567,-1,
2441,2555,2405,-1,
2504,2405,2555,-1,
2405,2504,2397,-1,
2460,2397,2504,-1,
2397,2460,2367,-1,
2420,2367,2460,-1,
2367,2420,2355,-1,
2384,2355,2420,-1,
2355,2384,2327,-1,
2346,2327,2384,-1,
2327,2346,2303,-1,
2318,2303,2346,-1,
2303,2318,2291,-1,
2318,2282,2291,-1,
2291,2282,2263,-1,
2282,2254,2263,-1,
2263,2254,2235,-1,
2235,2254,2222,-1,
2254,2226,2222,-1,
2222,2226,2199,-1,
2226,2186,2199,-1,
2199,2186,2171,-1,
2186,2158,2171,-1,
2171,2158,2143,-1,
2131,2143,2122,-1,
2158,2122,2143,-1,
2107,2131,2094,-1,
2122,2094,2131,-1,
2079,2107,2056,-1,
2065,2079,2020,-1,
2094,2056,2107,-1,
2037,2065,1972,-1,
2029,2037,1928,-1,
2056,2020,2079,-1,
1991,2029,1880,-1,
1981,1991,1868,-1,
2020,1972,2065,-1,
1957,1981,1838,-1,
1949,1957,1826,-1,
1935,1949,1854,-1,
1972,1928,2037,-1,
1919,1935,1854,-1,
1928,1880,2029,-1,
1880,1868,1991,-1,
1818,1854,1949,-1,
1868,1838,1981,-1,
1838,1826,1957,-1,
1826,1818,1949,-1,
1802,1854,1818,-1,
2518,2536,2510,-1,
1904,2510,2536,-1,
1919,2510,1904,-1,
1912,1919,1904,-1,
2534,1904,2536,-1,
1902,1904,2534,-1,
2536,2537,2534,-1,
2535,2534,2537,-1,
2518,2519,2536,-1,
2537,2536,2519,-1,
2495,2496,2510,-1,
2496,2511,2510,-1,
2510,2511,2518,-1,
2519,2518,2511,-1,
2481,2482,2495,-1,
2496,2495,2482,-1,
2473,2474,2481,-1,
2482,2481,2474,-1,
2449,2450,2473,-1,
2474,2473,2450,-1,
2441,2442,2449,-1,
2450,2449,2442,-1,
2405,2406,2441,-1,
2442,2441,2406,-1,
2397,2398,2405,-1,
2406,2405,2398,-1,
2397,2367,2398,-1,
2368,2398,2367,-1,
2367,2355,2368,-1,
2356,2368,2355,-1,
2355,2327,2356,-1,
2328,2356,2327,-1,
2327,2303,2328,-1,
2304,2328,2303,-1,
2303,2291,2304,-1,
2292,2304,2291,-1,
2291,2263,2292,-1,
2264,2292,2263,-1,
2263,2235,2264,-1,
2236,2264,2235,-1,
2235,2222,2236,-1,
2223,2236,2222,-1,
2222,2199,2223,-1,
2200,2223,2199,-1,
2199,2171,2200,-1,
2172,2200,2171,-1,
2171,2143,2172,-1,
2144,2172,2143,-1,
2143,2131,2144,-1,
2132,2144,2131,-1,
2131,2107,2132,-1,
2108,2132,2107,-1,
2107,2079,2108,-1,
2080,2108,2079,-1,
2079,2065,2080,-1,
2066,2080,2065,-1,
2065,2037,2066,-1,
2038,2066,2037,-1,
2038,2037,2030,-1,
2029,2030,2037,-1,
2030,2029,1992,-1,
1991,1992,2029,-1,
1992,1991,1982,-1,
1981,1982,1991,-1,
1982,1981,1958,-1,
1957,1958,1981,-1,
1958,1957,1950,-1,
1949,1950,1957,-1,
1950,1949,1936,-1,
1935,1936,1949,-1,
1936,1935,1920,-1,
1935,1919,1920,-1,
1920,1919,1913,-1,
1912,1913,1919,-1,
1913,1912,1905,-1,
1904,1905,1912,-1,
1905,1904,1903,-1,
1902,1903,1904,-1,
1902,2534,1903,-1,
2535,1903,2534,-1,
2636,2637,2584,-1,
2585,2584,2637,-1,
1804,1803,1856,-1,
1855,1856,1803,-1,
2159,2123,2160,-1,
2124,2160,2123,-1,
1810,1809,1804,-1,
1803,1804,1809,-1,
1855,1920,1856,-1,
2511,1856,1920,-1,
1856,2511,2585,-1,
2584,2585,2511,-1,
2057,2021,2058,-1,
2022,2058,2021,-1,
2227,2187,2228,-1,
2188,2228,2187,-1,
2095,2057,2096,-1,
2058,2096,2057,-1,
2255,2227,2256,-1,
2228,2256,2227,-1,
2283,2255,2284,-1,
2256,2284,2255,-1,
2421,2385,2422,-1,
2386,2422,2385,-1,
2187,2159,2188,-1,
2160,2188,2159,-1,
2429,2421,2430,-1,
2422,2430,2421,-1,
2021,2005,2022,-1,
2006,2022,2005,-1,
2347,2319,2348,-1,
2320,2348,2319,-1,
2319,2283,2320,-1,
2284,2320,2283,-1,
2385,2347,2386,-1,
2348,2386,2347,-1,
2123,2095,2124,-1,
2096,2124,2095,-1,
2622,2623,2636,-1,
2637,2636,2623,-1,
1940,1879,1964,-1,
2383,2332,2345,-1,
2582,2547,2634,-1,
2164,2157,2185,-1,
2634,2547,2601,-1,
2634,2601,2616,-1,
1998,1964,1971,-1,
1884,1801,1830,-1,
1830,1817,1842,-1,
2464,2434,2459,-1,
2042,1998,2019,-1,
2559,2543,2566,-1,
2543,2488,2566,-1,
2616,2571,2608,-1,
1964,1879,1927,-1,
2192,2164,2185,-1,
1830,1801,1817,-1,
1853,1801,1884,-1,
1884,2547,1853,-1,
2582,1853,2547,-1,
2070,2019,2055,-1,
2042,2019,2070,-1,
2419,2360,2383,-1,
1998,1971,2019,-1,
1842,1817,1860,-1,
2488,2464,2554,-1,
1860,1837,1872,-1,
1964,1927,1971,-1,
1860,1817,1825,-1,
1872,1837,1867,-1,
1860,1825,1837,-1,
2464,2459,2503,-1,
1940,1867,1879,-1,
2390,2360,2419,-1,
2192,2185,2224,-1,
2224,2185,2225,-1,
2554,2464,2503,-1,
2253,2224,2225,-1,
2434,2419,2459,-1,
2360,2332,2383,-1,
1872,1867,1888,-1,
2136,2100,2121,-1,
1888,1867,1940,-1,
2164,2121,2157,-1,
2136,2121,2164,-1,
2268,2240,2253,-1,
2317,2268,2281,-1,
2240,2224,2253,-1,
2434,2390,2419,-1,
2566,2488,2554,-1,
2332,2296,2317,-1,
2332,2317,2345,-1,
2596,2559,2566,-1,
2296,2268,2317,-1,
2268,2253,2281,-1,
2100,2093,2121,-1,
2601,2589,2616,-1,
2100,2055,2093,-1,
2070,2055,2100,-1,
2571,2589,2547,-1,
2559,2571,2547,-1,
2601,2547,2589,-1,
2559,2547,2543,-1,
2543,2547,2488,-1,
2488,2547,2464,-1,
2464,2547,2434,-1,
2434,2547,2390,-1,
2390,2547,2360,-1,
2360,2547,2332,-1,
2332,2547,2296,-1,
2296,2547,2268,-1,
2268,2547,2240,-1,
2240,2547,2224,-1,
2224,2547,2192,-1,
2164,2192,1884,-1,
2136,2164,1884,-1,
2100,2136,1884,-1,
2070,2100,1884,-1,
2042,2070,1884,-1,
1998,2042,1884,-1,
1964,1998,1884,-1,
1940,1964,1884,-1,
1888,1940,1884,-1,
2547,1884,2192,-1,
1888,1884,1872,-1,
1872,1884,1860,-1,
1860,1884,1842,-1,
1830,1842,1884,-1,
2608,2571,2596,-1,
2571,2559,2596,-1,
2589,2571,2616,-1,
1928,1927,1880,-1,
1879,1880,1927,-1,
2634,2635,2582,-1,
2583,2582,2635,-1,
1802,1801,1854,-1,
1853,1854,1801,-1,
2157,2121,2158,-1,
2122,2158,2121,-1,
1971,1927,1972,-1,
1928,1972,1927,-1,
1818,1817,1802,-1,
1801,1802,1817,-1,
1868,1867,1838,-1,
1837,1838,1867,-1,
1854,1853,1919,-1,
2582,1919,1853,-1,
1919,2582,2510,-1,
2583,2510,2582,-1,
2055,2019,2056,-1,
2020,2056,2019,-1,
2554,2555,2566,-1,
2567,2566,2555,-1,
2225,2185,2226,-1,
2186,2226,2185,-1,
1826,1825,1818,-1,
1817,1818,1825,-1,
1838,1837,1826,-1,
1825,1826,1837,-1,
2093,2055,2094,-1,
2056,2094,2055,-1,
2253,2225,2254,-1,
2226,2254,2225,-1,
2281,2253,2282,-1,
2254,2282,2253,-1,
2503,2504,2554,-1,
2555,2554,2504,-1,
1880,1879,1868,-1,
1867,1868,1879,-1,
2419,2383,2420,-1,
2384,2420,2383,-1,
2185,2157,2186,-1,
2158,2186,2157,-1,
2459,2419,2460,-1,
2420,2460,2419,-1,
2019,1971,2020,-1,
1972,2020,1971,-1,
2345,2317,2346,-1,
2318,2346,2317,-1,
2317,2281,2318,-1,
2282,2318,2281,-1,
2383,2345,2384,-1,
2346,2384,2345,-1,
2121,2093,2122,-1,
2094,2122,2093,-1,
2566,2567,2596,-1,
2597,2596,2567,-1,
2503,2459,2504,-1,
2460,2504,2459,-1,
2596,2597,2608,-1,
2609,2608,2597,-1,
2616,2617,2634,-1,
2635,2634,2617,-1,
2608,2609,2616,-1,
2617,2616,2609,-1,
5095,5097,4332,-1,
4332,5097,5069,-1,
5079,5069,5097,-1,
4354,4332,5069,-1,
4330,5095,4332,-1,
4344,4332,4354,-1,
5225,5199,5155,-1,
5189,5033,5199,-1,
5033,5155,5199,-1,
5033,5189,5023,-1,
5174,5023,5189,-1,
5068,5155,5048,-1,
5048,5155,5033,-1,
5023,5174,4998,-1,
5134,4998,5174,-1,
4998,5134,4988,-1,
5119,4988,5134,-1,
4988,5119,4943,-1,
5059,4943,5119,-1,
4943,5059,4933,-1,
5009,4933,5059,-1,
4933,5009,4898,-1,
4960,4898,5009,-1,
4898,4960,4883,-1,
4915,4883,4960,-1,
4883,4915,4848,-1,
4870,4848,4915,-1,
4848,4870,4818,-1,
4835,4818,4870,-1,
4818,4835,4803,-1,
4835,4790,4803,-1,
4803,4790,4768,-1,
4790,4755,4768,-1,
4768,4755,4733,-1,
4733,4755,4713,-1,
4755,4717,4713,-1,
4713,4717,4688,-1,
4717,4670,4688,-1,
4688,4670,4653,-1,
4670,4635,4653,-1,
4653,4635,4618,-1,
4603,4618,4590,-1,
4635,4590,4618,-1,
4573,4603,4555,-1,
4590,4555,4603,-1,
4538,4573,4510,-1,
4523,4538,4465,-1,
4555,4510,4573,-1,
4488,4523,4414,-1,
4478,4488,4364,-1,
4510,4465,4538,-1,
4433,4478,4304,-1,
4423,4433,4289,-1,
4465,4414,4523,-1,
4398,4423,4249,-1,
4388,4398,4234,-1,
4373,4388,4270,-1,
4414,4364,4488,-1,
4353,4373,4270,-1,
4364,4304,4478,-1,
4304,4289,4433,-1,
4224,4270,4388,-1,
4289,4249,4423,-1,
4249,4234,4398,-1,
4234,4224,4388,-1,
4200,4270,4224,-1,
5078,5096,5068,-1,
4331,5068,5096,-1,
4353,5068,4331,-1,
4343,4353,4331,-1,
5094,4331,5096,-1,
4329,4331,5094,-1,
5096,5097,5094,-1,
5095,5094,5097,-1,
5078,5079,5096,-1,
5097,5096,5079,-1,
5048,5049,5068,-1,
5049,5069,5068,-1,
5068,5069,5078,-1,
5079,5078,5069,-1,
5033,5034,5048,-1,
5049,5048,5034,-1,
5023,5024,5033,-1,
5034,5033,5024,-1,
4998,4999,5023,-1,
5024,5023,4999,-1,
4988,4989,4998,-1,
4999,4998,4989,-1,
4943,4944,4988,-1,
4989,4988,4944,-1,
4933,4934,4943,-1,
4944,4943,4934,-1,
4933,4898,4934,-1,
4899,4934,4898,-1,
4898,4883,4899,-1,
4884,4899,4883,-1,
4883,4848,4884,-1,
4849,4884,4848,-1,
4848,4818,4849,-1,
4819,4849,4818,-1,
4818,4803,4819,-1,
4804,4819,4803,-1,
4803,4768,4804,-1,
4769,4804,4768,-1,
4768,4733,4769,-1,
4734,4769,4733,-1,
4733,4713,4734,-1,
4714,4734,4713,-1,
4713,4688,4714,-1,
4689,4714,4688,-1,
4688,4653,4689,-1,
4654,4689,4653,-1,
4653,4618,4654,-1,
4619,4654,4618,-1,
4618,4603,4619,-1,
4604,4619,4603,-1,
4603,4573,4604,-1,
4574,4604,4573,-1,
4573,4538,4574,-1,
4539,4574,4538,-1,
4538,4523,4539,-1,
4524,4539,4523,-1,
4523,4488,4524,-1,
4489,4524,4488,-1,
4489,4488,4479,-1,
4478,4479,4488,-1,
4479,4478,4434,-1,
4433,4434,4478,-1,
4434,4433,4424,-1,
4423,4424,4433,-1,
4424,4423,4399,-1,
4398,4399,4423,-1,
4399,4398,4389,-1,
4388,4389,4398,-1,
4389,4388,4374,-1,
4373,4374,4388,-1,
4374,4373,4354,-1,
4373,4353,4354,-1,
4354,4353,4344,-1,
4343,4344,4353,-1,
4344,4343,4332,-1,
4331,4332,4343,-1,
4332,4331,4330,-1,
4329,4330,4331,-1,
4329,5094,4330,-1,
5095,4330,5094,-1,
5226,5227,5156,-1,
5157,5156,5227,-1,
4202,4201,4272,-1,
4271,4272,4201,-1,
4636,4591,4637,-1,
4592,4637,4591,-1,
4214,4213,4202,-1,
4201,4202,4213,-1,
4271,4354,4272,-1,
5069,4272,4354,-1,
4272,5069,5157,-1,
5156,5157,5069,-1,
4511,4466,4512,-1,
4467,4512,4466,-1,
4718,4671,4719,-1,
4672,4719,4671,-1,
4556,4511,4557,-1,
4512,4557,4511,-1,
4756,4718,4757,-1,
4719,4757,4718,-1,
4791,4756,4792,-1,
4757,4792,4756,-1,
4961,4916,4962,-1,
4917,4962,4916,-1,
4671,4636,4672,-1,
4637,4672,4636,-1,
4973,4961,4974,-1,
4962,4974,4961,-1,
4466,4448,4467,-1,
4449,4467,4448,-1,
4871,4836,4872,-1,
4837,4872,4836,-1,
4836,4791,4837,-1,
4792,4837,4791,-1,
4916,4871,4917,-1,
4872,4917,4871,-1,
4591,4556,4592,-1,
4557,4592,4556,-1,
5208,5209,5226,-1,
5227,5226,5209,-1,
4380,4303,4405,-1,
4914,4855,4869,-1,
5154,5110,5224,-1,
4645,4634,4669,-1,
5224,5110,5180,-1,
5224,5180,5198,-1,
4440,4405,4413,-1,
4310,4199,4240,-1,
4240,4223,4255,-1,
5015,4980,5008,-1,
4495,4440,4464,-1,
5125,5105,5133,-1,
5105,5040,5133,-1,
5198,5140,5188,-1,
4405,4303,4363,-1,
4680,4645,4669,-1,
4240,4199,4223,-1,
4269,4199,4310,-1,
4310,5110,4269,-1,
5154,4269,5110,-1,
4530,4464,4509,-1,
4495,4464,4530,-1,
4959,4890,4914,-1,
4440,4413,4464,-1,
4255,4223,4280,-1,
5040,5015,5118,-1,
4280,4248,4295,-1,
4405,4363,4413,-1,
4280,4223,4233,-1,
4295,4248,4288,-1,
4280,4233,4248,-1,
5015,5008,5058,-1,
4380,4288,4303,-1,
4925,4890,4959,-1,
4680,4669,4715,-1,
4715,4669,4716,-1,
5118,5015,5058,-1,
4754,4715,4716,-1,
4980,4959,5008,-1,
4890,4855,4914,-1,
4295,4288,4315,-1,
4610,4565,4589,-1,
4315,4288,4380,-1,
4645,4589,4634,-1,
4610,4589,4645,-1,
4775,4740,4754,-1,
4834,4775,4789,-1,
4740,4715,4754,-1,
4980,4925,4959,-1,
5133,5040,5118,-1,
4855,4810,4834,-1,
4855,4834,4869,-1,
5173,5125,5133,-1,
4810,4775,4834,-1,
4775,4754,4789,-1,
4565,4554,4589,-1,
5180,5165,5198,-1,
4565,4509,4554,-1,
4530,4509,4565,-1,
5140,5165,5110,-1,
5125,5140,5110,-1,
5180,5110,5165,-1,
5125,5110,5105,-1,
5105,5110,5040,-1,
5040,5110,5015,-1,
5015,5110,4980,-1,
4980,5110,4925,-1,
4925,5110,4890,-1,
4890,5110,4855,-1,
4855,5110,4810,-1,
4810,5110,4775,-1,
4775,5110,4740,-1,
4740,5110,4715,-1,
4715,5110,4680,-1,
4645,4680,4310,-1,
4610,4645,4310,-1,
4565,4610,4310,-1,
4530,4565,4310,-1,
4495,4530,4310,-1,
4440,4495,4310,-1,
4405,4440,4310,-1,
4380,4405,4310,-1,
4315,4380,4310,-1,
5110,4310,4680,-1,
4315,4310,4295,-1,
4295,4310,4280,-1,
4280,4310,4255,-1,
4240,4255,4310,-1,
5188,5140,5173,-1,
5140,5125,5173,-1,
5165,5140,5198,-1,
4364,4363,4304,-1,
4303,4304,4363,-1,
5224,5225,5154,-1,
5155,5154,5225,-1,
4200,4199,4270,-1,
4269,4270,4199,-1,
4634,4589,4635,-1,
4590,4635,4589,-1,
4413,4363,4414,-1,
4364,4414,4363,-1,
4224,4223,4200,-1,
4199,4200,4223,-1,
4289,4288,4249,-1,
4248,4249,4288,-1,
4270,4269,4353,-1,
5154,4353,4269,-1,
4353,5154,5068,-1,
5155,5068,5154,-1,
4509,4464,4510,-1,
4465,4510,4464,-1,
5118,5119,5133,-1,
5134,5133,5119,-1,
4716,4669,4717,-1,
4670,4717,4669,-1,
4234,4233,4224,-1,
4223,4224,4233,-1,
4249,4248,4234,-1,
4233,4234,4248,-1,
4554,4509,4555,-1,
4510,4555,4509,-1,
4754,4716,4755,-1,
4717,4755,4716,-1,
4789,4754,4790,-1,
4755,4790,4754,-1,
5058,5059,5118,-1,
5119,5118,5059,-1,
4304,4303,4289,-1,
4288,4289,4303,-1,
4959,4914,4960,-1,
4915,4960,4914,-1,
4669,4634,4670,-1,
4635,4670,4634,-1,
5008,4959,5009,-1,
4960,5009,4959,-1,
4464,4413,4465,-1,
4414,4465,4413,-1,
4869,4834,4870,-1,
4835,4870,4834,-1,
4834,4789,4835,-1,
4790,4835,4789,-1,
4914,4869,4915,-1,
4870,4915,4869,-1,
4589,4554,4590,-1,
4555,4590,4554,-1,
5133,5134,5173,-1,
5174,5173,5134,-1,
5058,5008,5059,-1,
5009,5059,5008,-1,
5173,5174,5188,-1,
5189,5188,5174,-1,
5198,5199,5224,-1,
5225,5224,5199,-1,
5188,5189,5198,-1,
5199,5198,5189,-1,
2964,2978,2965,-1,
2979,2965,2978,-1,
2978,2987,2979,-1,
2988,2979,2987,-1,
2987,2997,2988,-1,
2998,2988,2997,-1,
2997,3018,2998,-1,
3019,2998,3018,-1,
3018,3029,3019,-1,
3030,3019,3029,-1,
3029,3039,3030,-1,
3040,3030,3039,-1,
3045,3046,3039,-1,
3040,3039,3046,-1,
3055,3056,3045,-1,
3046,3045,3056,-1,
3061,3062,3055,-1,
3056,3055,3062,-1,
3071,3072,3061,-1,
3062,3061,3072,-1,
3079,3080,3071,-1,
3072,3071,3080,-1,
3085,3086,3079,-1,
3080,3079,3086,-1,
3091,3092,3085,-1,
3086,3085,3092,-1,
3099,3100,3091,-1,
3092,3091,3100,-1,
3101,3102,3099,-1,
3100,3099,3102,-1,
3101,3139,3102,-1,
3140,3102,3139,-1,
3935,3961,3936,-1,
3962,3936,3961,-1,
3962,3961,3960,-1,
3959,3960,3961,-1,
3960,3959,3980,-1,
3979,3980,3959,-1,
3980,3979,3988,-1,
3987,3988,3979,-1,
3988,3987,3996,-1,
3995,3996,3987,-1,
3996,3995,4004,-1,
4003,4004,3995,-1,
4004,4003,4012,-1,
4011,4012,4003,-1,
4012,4011,4020,-1,
4019,4020,4011,-1,
4020,4019,4028,-1,
4027,4028,4019,-1,
4028,4027,4036,-1,
4035,4036,4027,-1,
4035,4043,4036,-1,
4044,4036,4043,-1,
4043,4051,4044,-1,
4052,4044,4051,-1,
4051,4059,4052,-1,
4060,4052,4059,-1,
4059,4067,4060,-1,
4068,4060,4067,-1,
4067,4075,4068,-1,
4076,4068,4075,-1,
4075,4083,4076,-1,
4084,4076,4083,-1,
4083,4091,4084,-1,
4092,4084,4091,-1,
4091,4099,4092,-1,
4100,4092,4099,-1,
4099,4207,4100,-1,
4208,4100,4207,-1,
5202,5234,5203,-1,
5235,5203,5234,-1,
5235,5234,5233,-1,
5232,5233,5234,-1,
5233,5232,5253,-1,
5252,5253,5232,-1,
5253,5252,5261,-1,
5260,5261,5252,-1,
5261,5260,5269,-1,
5268,5269,5260,-1,
5269,5268,5277,-1,
5276,5277,5268,-1,
5277,5276,5285,-1,
5284,5285,5276,-1,
5285,5284,5293,-1,
5292,5293,5284,-1,
5293,5292,5301,-1,
5300,5301,5292,-1,
5301,5300,5309,-1,
5308,5309,5300,-1,
5308,5316,5309,-1,
5317,5309,5316,-1,
5316,5324,5317,-1,
5325,5317,5324,-1,
5324,5332,5325,-1,
5333,5325,5332,-1,
5332,5340,5333,-1,
5341,5333,5340,-1,
5340,5348,5341,-1,
5349,5341,5348,-1,
5348,5356,5349,-1,
5357,5349,5356,-1,
5356,5364,5357,-1,
5365,5357,5364,-1,
5364,5372,5365,-1,
5373,5365,5372,-1,
5372,5548,5373,-1,
5549,5373,5548,-1,
6543,6575,6544,-1,
6576,6544,6575,-1,
6576,6575,6574,-1,
6573,6574,6575,-1,
6574,6573,6594,-1,
6593,6594,6573,-1,
6594,6593,6602,-1,
6601,6602,6593,-1,
6602,6601,6610,-1,
6609,6610,6601,-1,
6610,6609,6618,-1,
6617,6618,6609,-1,
6618,6617,6626,-1,
6625,6626,6617,-1,
6626,6625,6634,-1,
6633,6634,6625,-1,
6634,6633,6642,-1,
6641,6642,6633,-1,
6642,6641,6650,-1,
6649,6650,6641,-1,
6649,6657,6650,-1,
6658,6650,6657,-1,
6657,6665,6658,-1,
6666,6658,6665,-1,
6665,6673,6666,-1,
6674,6666,6673,-1,
6673,6681,6674,-1,
6682,6674,6681,-1,
6681,6689,6682,-1,
6690,6682,6689,-1,
6689,6697,6690,-1,
6698,6690,6697,-1,
6697,6705,6698,-1,
6706,6698,6705,-1,
6705,6713,6706,-1,
6714,6706,6713,-1,
6713,6889,6714,-1,
6890,6714,6889,-1,
7884,7950,7885,-1,
7951,7885,7950,-1,
7997,7930,7998,-1,
7931,7998,7930,-1,
7932,7933,7930,-1,
7931,7930,7933,-1,
7932,8100,7933,-1,
8101,7933,8100,-1,
8342,7934,8343,-1,
7935,8343,7934,-1,
7936,7937,7934,-1,
7935,7934,7937,-1,
7936,8102,7937,-1,
8103,7937,8102,-1,
8344,7938,8345,-1,
7939,8345,7938,-1,
7940,7941,7938,-1,
7939,7938,7941,-1,
7940,8104,7941,-1,
8105,7941,8104,-1,
8346,7942,8347,-1,
7943,8347,7942,-1,
7944,7945,7942,-1,
7943,7942,7945,-1,
7944,8106,7945,-1,
8107,7945,8106,-1,
7132,6865,7133,-1,
6866,7133,6865,-1,
8348,7657,8349,-1,
7658,8349,7657,-1,
6867,6868,6865,-1,
6866,6865,6868,-1,
6847,6848,6867,-1,
6868,6867,6848,-1,
6839,6840,6847,-1,
6848,6847,6840,-1,
6831,6832,6839,-1,
6840,6839,6832,-1,
6823,6824,6831,-1,
6832,6831,6824,-1,
6815,6816,6823,-1,
6824,6823,6816,-1,
6807,6808,6815,-1,
6816,6815,6808,-1,
6799,6800,6807,-1,
6808,6807,6800,-1,
6791,6792,6799,-1,
6800,6799,6792,-1,
6791,6783,6792,-1,
6784,6792,6783,-1,
6783,6775,6784,-1,
6776,6784,6775,-1,
6775,6767,6776,-1,
6768,6776,6767,-1,
6767,6759,6768,-1,
6760,6768,6759,-1,
6759,6751,6760,-1,
6752,6760,6751,-1,
6751,6743,6752,-1,
6744,6752,6743,-1,
6743,6735,6744,-1,
6736,6744,6735,-1,
6735,6727,6736,-1,
6728,6736,6727,-1,
6727,6316,6728,-1,
6317,6728,6316,-1,
5789,5524,5790,-1,
5525,5790,5524,-1,
5526,5527,5524,-1,
5525,5524,5527,-1,
5506,5507,5526,-1,
5527,5526,5507,-1,
5498,5499,5506,-1,
5507,5506,5499,-1,
5490,5491,5498,-1,
5499,5498,5491,-1,
5482,5483,5490,-1,
5491,5490,5483,-1,
5474,5475,5482,-1,
5483,5482,5475,-1,
5466,5467,5474,-1,
5475,5474,5467,-1,
5458,5459,5466,-1,
5467,5466,5459,-1,
5450,5451,5458,-1,
5459,5458,5451,-1,
5450,5442,5451,-1,
5443,5451,5442,-1,
5442,5434,5443,-1,
5435,5443,5434,-1,
5434,5426,5435,-1,
5427,5435,5426,-1,
5426,5418,5427,-1,
5419,5427,5418,-1,
5418,5410,5419,-1,
5411,5419,5410,-1,
5410,5402,5411,-1,
5403,5411,5402,-1,
5402,5394,5403,-1,
5395,5403,5394,-1,
5394,5386,5395,-1,
5387,5395,5386,-1,
5386,4975,5387,-1,
4976,5387,4975,-1,
4450,4109,4451,-1,
4110,4451,4109,-1,
4109,4097,4110,-1,
4098,4110,4097,-1,
4097,4089,4098,-1,
4090,4098,4089,-1,
4089,4081,4090,-1,
4082,4090,4081,-1,
4081,4073,4082,-1,
4074,4082,4073,-1,
4073,4065,4074,-1,
4066,4074,4065,-1,
4065,4057,4066,-1,
4058,4066,4057,-1,
4057,4049,4058,-1,
4050,4058,4049,-1,
4049,4041,4050,-1,
4042,4050,4041,-1,
4042,4041,4034,-1,
4033,4034,4041,-1,
4034,4033,4026,-1,
4025,4026,4033,-1,
4026,4025,4018,-1,
4017,4018,4025,-1,
4018,4017,4010,-1,
4009,4010,4017,-1,
4010,4009,4002,-1,
4001,4002,4009,-1,
4002,4001,3994,-1,
3993,3994,4001,-1,
3994,3993,3986,-1,
3985,3986,3993,-1,
3986,3985,3978,-1,
3977,3978,3985,-1,
3978,3977,3976,-1,
3975,3976,3977,-1,
3975,3753,3976,-1,
3754,3976,3753,-1,
3333,2943,3334,-1,
2944,3334,2943,-1,
2943,2929,2944,-1,
2930,2944,2929,-1,
2929,2916,2930,-1,
2917,2930,2916,-1,
2916,2906,2917,-1,
2907,2917,2906,-1,
2906,2898,2907,-1,
2899,2907,2898,-1,
2898,2885,2899,-1,
2886,2899,2885,-1,
2885,2877,2886,-1,
2878,2886,2877,-1,
2877,2871,2878,-1,
2872,2878,2871,-1,
2871,2862,2872,-1,
2863,2872,2862,-1,
2863,2862,2855,-1,
2854,2855,2862,-1,
2855,2854,2849,-1,
2848,2849,2854,-1,
2849,2848,2841,-1,
2840,2841,2848,-1,
2841,2840,2835,-1,
2834,2835,2840,-1,
2835,2834,2826,-1,
2825,2826,2834,-1,
2826,2825,2820,-1,
2819,2820,2825,-1,
2820,2819,2814,-1,
2813,2814,2819,-1,
2814,2813,2808,-1,
2807,2808,2813,-1,
2808,2807,2806,-1,
2805,2806,2807,-1,
2805,2429,2806,-1,
2430,2806,2429,-1,
2005,1279,2006,-1,
1280,2006,1279,-1,
1465,1577,1466,-1,
1578,1466,1577,-1,
1578,1577,1576,-1,
1575,1576,1577,-1,
1575,1277,1576,-1,
1278,1576,1277,-1,
1463,1573,1464,-1,
1574,1464,1573,-1,
1574,1573,1572,-1,
1571,1572,1573,-1,
1571,1561,1572,-1,
1562,1572,1561,-1,
1562,1561,1560,-1,
1559,1560,1561,-1,
1559,1569,1560,-1,
1570,1560,1569,-1,
1570,1569,1568,-1,
1567,1568,1569,-1,
1567,1275,1568,-1,
1276,1568,1275,-1,
1461,1565,1462,-1,
1566,1462,1565,-1,
1566,1565,1564,-1,
1563,1564,1565,-1,
1564,1563,1580,-1,
1579,1580,1563,-1,
1580,1579,1582,-1,
1581,1582,1579,-1,
1582,1581,1584,-1,
1583,1584,1581,-1,
1583,1489,1584,-1,
1490,1584,1489,-1,
1489,1487,1490,-1,
1488,1490,1487,-1,
1487,1485,1488,-1,
1486,1488,1485,-1,
1485,1458,1486,-1,
1459,1486,1458,-1,
1458,1450,1459,-1,
1451,1459,1450,-1,
1450,1440,1451,-1,
1441,1451,1440,-1,
1440,1434,1441,-1,
1435,1441,1434,-1,
1434,1419,1435,-1,
1420,1435,1419,-1,
1419,1403,1420,-1,
1404,1420,1403,-1,
1404,1403,879,-1,
878,879,1403,-1,
452,185,453,-1,
186,453,185,-1,
185,181,186,-1,
182,186,181,-1,
213,492,214,-1,
214,492,496,-1,
495,496,492,-1,
495,503,496,-1,
504,496,503,-1,
503,510,504,-1,
511,504,510,-1,
510,512,511,-1,
513,511,512,-1,
512,532,513,-1,
533,513,532,-1,
1022,1024,1023,-1,
1025,1023,1024,-1,
1503,1504,1024,-1,
1025,1024,1504,-1,
1503,1891,1504,-1,
1504,1891,1942,-1,
1941,1942,1891,-1,
1941,1959,1942,-1,
1960,1942,1959,-1,
1959,1973,1960,-1,
1974,1960,1973,-1,
1973,1983,1974,-1,
1984,1974,1983,-1,
1983,1993,1984,-1,
1994,1984,1993,-1,
1993,2071,1994,-1,
2072,1994,2071,-1,
2369,2451,2370,-1,
2452,2370,2451,-1,
2451,2465,2452,-1,
2466,2452,2465,-1,
2465,2483,2466,-1,
2484,2466,2483,-1,
2483,2522,2484,-1,
2523,2484,2522,-1,
2538,2523,2522,-1,
2539,2523,2538,-1,
2538,2770,2539,-1,
2771,2539,2770,-1,
2771,2770,2828,-1,
2827,2828,2770,-1,
2828,2827,2783,-1,
2782,2783,2827,-1,
2783,2782,2759,-1,
2758,2759,2782,-1,
2759,2758,2755,-1,
2754,2755,2758,-1,
2652,1519,2653,-1,
1520,2653,1519,-1,
1519,1512,1520,-1,
1513,1520,1512,-1,
969,942,970,-1,
943,970,942,-1,
942,402,943,-1,
403,943,402,-1,
402,393,403,-1,
394,403,393,-1,
438,1030,439,-1,
1031,439,1030,-1,
1030,1059,1031,-1,
1060,1031,1059,-1,
1059,1067,1060,-1,
1060,1067,1073,-1,
1072,1073,1067,-1,
1553,2670,1554,-1,
1554,2670,2685,-1,
2684,2685,2670,-1,
2684,2690,2685,-1,
2691,2685,2690,-1,
2690,2693,2691,-1,
2694,2691,2693,-1,
2693,2701,2694,-1,
2702,2694,2701,-1,
2701,2715,2702,-1,
2716,2702,2715,-1,
2972,2973,2887,-1,
2888,2887,2973,-1,
2984,2985,2972,-1,
2973,2972,2985,-1,
2993,2994,2984,-1,
2985,2984,2994,-1,
2995,2996,2993,-1,
2994,2993,2996,-1,
3008,3009,2995,-1,
2996,2995,3009,-1,
3014,3015,3008,-1,
3009,3008,3015,-1,
3016,3017,3014,-1,
3015,3014,3017,-1,
3024,3025,3016,-1,
3017,3016,3025,-1,
3026,3027,3024,-1,
3025,3024,3027,-1,
3121,3122,3026,-1,
3027,3026,3122,-1,
3119,3120,3121,-1,
3122,3121,3120,-1,
3117,3118,3119,-1,
3120,3119,3118,-1,
3115,3116,3117,-1,
3118,3117,3116,-1,
3097,3098,3115,-1,
3116,3115,3098,-1,
3077,3078,3097,-1,
3098,3097,3078,-1,
2908,2909,3077,-1,
3078,3077,2909,-1,
2908,2933,2909,-1,
2934,2909,2933,-1,
2933,2956,2934,-1,
2957,2934,2956,-1,
2956,2964,2957,-1,
2965,2957,2964,-1,
5504,5505,5522,-1,
5523,5522,5505,-1,
5496,5497,5504,-1,
5505,5504,5497,-1,
5488,5489,5496,-1,
5497,5496,5489,-1,
5480,5481,5488,-1,
5489,5488,5481,-1,
5472,5473,5480,-1,
5481,5480,5473,-1,
5464,5465,5472,-1,
5473,5472,5465,-1,
5456,5457,5464,-1,
5465,5464,5457,-1,
5448,5449,5456,-1,
5457,5456,5449,-1,
5448,5440,5449,-1,
5441,5449,5440,-1,
5440,5432,5441,-1,
5433,5441,5432,-1,
5432,5424,5433,-1,
5425,5433,5424,-1,
5424,5416,5425,-1,
5417,5425,5416,-1,
5416,5408,5417,-1,
5409,5417,5408,-1,
5408,5400,5409,-1,
5401,5409,5400,-1,
5400,5392,5401,-1,
5393,5401,5392,-1,
5392,5382,5393,-1,
5383,5393,5382,-1,
5382,4973,5383,-1,
4974,5383,4973,-1,
4448,4183,4449,-1,
4184,4449,4183,-1,
4185,4186,4183,-1,
4184,4183,4186,-1,
5210,5250,5211,-1,
5251,5211,5250,-1,
4185,4215,4186,-1,
4216,4186,4215,-1,
5251,5250,5249,-1,
5248,5249,5250,-1,
5249,5248,5259,-1,
5258,5259,5248,-1,
5259,5258,5267,-1,
5266,5267,5258,-1,
5267,5266,5275,-1,
5274,5275,5266,-1,
5275,5274,5283,-1,
5282,5283,5274,-1,
5283,5282,5291,-1,
5290,5291,5282,-1,
5291,5290,5299,-1,
5298,5299,5290,-1,
5299,5298,5307,-1,
5306,5307,5298,-1,
5307,5306,5315,-1,
5314,5315,5306,-1,
5314,5322,5315,-1,
5323,5315,5322,-1,
5322,5330,5323,-1,
5331,5323,5330,-1,
5330,5338,5331,-1,
5339,5331,5338,-1,
5338,5346,5339,-1,
5347,5339,5346,-1,
5346,5354,5347,-1,
5355,5347,5354,-1,
5354,5362,5355,-1,
5363,5355,5362,-1,
5362,5370,5363,-1,
5371,5363,5370,-1,
5370,5384,5371,-1,
5385,5371,5384,-1,
5384,5556,5385,-1,
5557,5385,5556,-1,
6551,6591,6552,-1,
6592,6552,6591,-1,
6592,6591,6590,-1,
6589,6590,6591,-1,
6590,6589,6600,-1,
6599,6600,6589,-1,
6600,6599,6608,-1,
6607,6608,6599,-1,
6608,6607,6616,-1,
6615,6616,6607,-1,
6616,6615,6624,-1,
6623,6624,6615,-1,
6624,6623,6632,-1,
6631,6632,6623,-1,
6632,6631,6640,-1,
6639,6640,6631,-1,
6640,6639,6648,-1,
6647,6648,6639,-1,
6648,6647,6656,-1,
6655,6656,6647,-1,
6655,6663,6656,-1,
6664,6656,6663,-1,
6663,6671,6664,-1,
6672,6664,6671,-1,
6671,6679,6672,-1,
6680,6672,6679,-1,
6679,6687,6680,-1,
6688,6680,6687,-1,
6687,6695,6688,-1,
6696,6688,6695,-1,
6695,6703,6696,-1,
6704,6696,6703,-1,
6703,6711,6704,-1,
6712,6704,6711,-1,
6711,6725,6712,-1,
6726,6712,6725,-1,
7892,7928,7893,-1,
7929,7893,7928,-1,
6725,6897,6726,-1,
6898,6726,6897,-1,
7929,7928,7927,-1,
7926,7927,7928,-1,
7926,7655,7927,-1,
7656,7927,7655,-1,
7130,6861,7131,-1,
6862,7131,6861,-1,
6863,6864,6861,-1,
6862,6861,6864,-1,
6845,6846,6863,-1,
6864,6863,6846,-1,
6837,6838,6845,-1,
6846,6845,6838,-1,
6829,6830,6837,-1,
6838,6837,6830,-1,
6821,6822,6829,-1,
6830,6829,6822,-1,
6813,6814,6821,-1,
6822,6821,6814,-1,
6805,6806,6813,-1,
6814,6813,6806,-1,
6797,6798,6805,-1,
6806,6805,6798,-1,
6789,6790,6797,-1,
6798,6797,6790,-1,
6789,6781,6790,-1,
6782,6790,6781,-1,
6781,6773,6782,-1,
6774,6782,6773,-1,
6773,6765,6774,-1,
6766,6774,6765,-1,
6765,6757,6766,-1,
6758,6766,6757,-1,
6757,6749,6758,-1,
6750,6758,6749,-1,
6749,6741,6750,-1,
6742,6750,6741,-1,
6741,6733,6742,-1,
6734,6742,6733,-1,
6733,6723,6734,-1,
6724,6734,6723,-1,
6723,6314,6724,-1,
6315,6724,6314,-1,
5787,5520,5788,-1,
5521,5788,5520,-1,
5522,5523,5520,-1,
5521,5520,5523,-1,
2960,2968,2961,-1,
2969,2961,2968,-1,
2968,2982,2969,-1,
2983,2969,2982,-1,
2982,2991,2983,-1,
2992,2983,2991,-1,
2991,3001,2992,-1,
3002,2992,3001,-1,
3001,3022,3002,-1,
3023,3002,3022,-1,
3022,3033,3023,-1,
3034,3023,3033,-1,
3033,3043,3034,-1,
3044,3034,3043,-1,
3049,3050,3043,-1,
3044,3043,3050,-1,
3059,3060,3049,-1,
3050,3049,3060,-1,
3065,3066,3059,-1,
3060,3059,3066,-1,
3075,3076,3065,-1,
3066,3065,3076,-1,
3083,3084,3075,-1,
3076,3075,3084,-1,
3089,3090,3083,-1,
3084,3083,3090,-1,
3095,3096,3089,-1,
3090,3089,3096,-1,
3111,3112,3095,-1,
3096,3095,3112,-1,
3113,3114,3111,-1,
3112,3111,3114,-1,
3941,3973,3942,-1,
3974,3942,3973,-1,
3113,3145,3114,-1,
3146,3114,3145,-1,
3974,3973,3972,-1,
3971,3972,3973,-1,
3971,3751,3972,-1,
3752,3972,3751,-1,
3331,2939,3332,-1,
2940,3332,2939,-1,
2939,2927,2940,-1,
2928,2940,2927,-1,
2927,2914,2928,-1,
2915,2928,2914,-1,
2914,2904,2915,-1,
2905,2915,2904,-1,
2904,2896,2905,-1,
2897,2905,2896,-1,
2896,2883,2897,-1,
2884,2897,2883,-1,
2883,2875,2884,-1,
2876,2884,2875,-1,
2875,2869,2876,-1,
2870,2876,2869,-1,
2869,2860,2870,-1,
2861,2870,2860,-1,
2861,2860,2853,-1,
2852,2853,2860,-1,
2853,2852,2847,-1,
2846,2847,2852,-1,
2847,2846,2839,-1,
2838,2839,2846,-1,
2839,2838,2833,-1,
2832,2833,2838,-1,
2833,2832,2824,-1,
2823,2824,2832,-1,
2824,2823,2818,-1,
2817,2818,2823,-1,
2818,2817,2812,-1,
2811,2812,2817,-1,
2812,2811,2804,-1,
2803,2804,2811,-1,
2804,2803,2802,-1,
2801,2802,2803,-1,
2003,1783,2004,-1,
1784,2004,1783,-1,
2801,2427,2802,-1,
2428,2802,2427,-1,
1785,1786,1783,-1,
1784,1783,1786,-1,
2622,2941,2623,-1,
2942,2623,2941,-1,
1785,1809,1786,-1,
1810,1786,1809,-1,
2941,2960,2942,-1,
2961,2942,2960,-1,
1777,1787,1778,-1,
1788,1778,1787,-1,
1789,1790,1787,-1,
1788,1787,1790,-1,
1789,1779,1790,-1,
1780,1790,1779,-1,
1781,1782,1779,-1,
1780,1779,1782,-1,
1781,1807,1782,-1,
1808,1782,1807,-1,
2620,2937,2621,-1,
2938,2621,2937,-1,
2937,2958,2938,-1,
2959,2938,2958,-1,
2958,2966,2959,-1,
2967,2959,2966,-1,
2966,2980,2967,-1,
2981,2967,2980,-1,
2980,2989,2981,-1,
2990,2981,2989,-1,
2989,2999,2990,-1,
3000,2990,2999,-1,
2999,3020,3000,-1,
3021,3000,3020,-1,
3020,3031,3021,-1,
3032,3021,3031,-1,
3031,3041,3032,-1,
3042,3032,3041,-1,
3047,3048,3041,-1,
3042,3041,3048,-1,
3057,3058,3047,-1,
3048,3047,3058,-1,
3063,3064,3057,-1,
3058,3057,3064,-1,
3073,3074,3063,-1,
3064,3063,3074,-1,
3081,3082,3073,-1,
3074,3073,3082,-1,
3087,3088,3081,-1,
3082,3081,3088,-1,
3093,3094,3087,-1,
3088,3087,3094,-1,
3107,3108,3093,-1,
3094,3093,3108,-1,
3109,3110,3107,-1,
3108,3107,3110,-1,
3109,3143,3110,-1,
3144,3110,3143,-1,
3939,4107,3940,-1,
4108,3940,4107,-1,
4107,4113,4108,-1,
4114,4108,4113,-1,
4113,4117,4114,-1,
4118,4114,4117,-1,
4117,4121,4118,-1,
4122,4118,4121,-1,
4121,4125,4122,-1,
4126,4122,4125,-1,
4125,4129,4126,-1,
4130,4126,4129,-1,
4129,4133,4130,-1,
4134,4130,4133,-1,
4133,4137,4134,-1,
4138,4134,4137,-1,
4137,4141,4138,-1,
4142,4138,4141,-1,
4145,4146,4141,-1,
4142,4141,4146,-1,
4149,4150,4145,-1,
4146,4145,4150,-1,
4153,4154,4149,-1,
4150,4149,4154,-1,
4157,4158,4153,-1,
4154,4153,4158,-1,
4161,4162,4157,-1,
4158,4157,4162,-1,
4165,4166,4161,-1,
4162,4161,4166,-1,
4169,4170,4165,-1,
4166,4165,4170,-1,
4179,4180,4169,-1,
4170,4169,4180,-1,
4181,4182,4179,-1,
4180,4179,4182,-1,
5208,5246,5209,-1,
5247,5209,5246,-1,
4181,4213,4182,-1,
4214,4182,4213,-1,
5247,5246,5245,-1,
5244,5245,5246,-1,
4446,4105,4447,-1,
4106,4447,4105,-1,
5244,4971,5245,-1,
4972,5245,4971,-1,
4105,4095,4106,-1,
4096,4106,4095,-1,
4095,4087,4096,-1,
4088,4096,4087,-1,
4087,4079,4088,-1,
4080,4088,4079,-1,
4079,4071,4080,-1,
4072,4080,4071,-1,
4071,4063,4072,-1,
4064,4072,4063,-1,
4063,4055,4064,-1,
4056,4064,4055,-1,
4055,4047,4056,-1,
4048,4056,4047,-1,
4047,4039,4048,-1,
4040,4048,4039,-1,
4040,4039,4032,-1,
4031,4032,4039,-1,
4032,4031,4024,-1,
4023,4024,4031,-1,
4024,4023,4016,-1,
4015,4016,4023,-1,
4016,4015,4008,-1,
4007,4008,4015,-1,
4008,4007,4000,-1,
3999,4000,4007,-1,
4000,3999,3992,-1,
3991,3992,3999,-1,
3992,3991,3984,-1,
3983,3984,3991,-1,
3984,3983,3970,-1,
3969,3970,3983,-1,
3970,3969,3968,-1,
3967,3968,3969,-1,
3329,2935,3330,-1,
2936,3330,2935,-1,
3967,3749,3968,-1,
3750,3968,3749,-1,
2935,2925,2936,-1,
2926,2936,2925,-1,
2925,2912,2926,-1,
2913,2926,2912,-1,
2912,2902,2913,-1,
2903,2913,2902,-1,
2902,2894,2903,-1,
2895,2903,2894,-1,
2894,2881,2895,-1,
2882,2895,2881,-1,
2881,2873,2882,-1,
2874,2882,2873,-1,
2873,2867,2874,-1,
2868,2874,2867,-1,
2867,2858,2868,-1,
2859,2868,2858,-1,
2859,2858,2851,-1,
2850,2851,2858,-1,
2851,2850,2845,-1,
2844,2845,2850,-1,
2845,2844,2837,-1,
2836,2837,2844,-1,
2837,2836,2831,-1,
2830,2831,2836,-1,
2831,2830,2822,-1,
2821,2822,2830,-1,
2822,2821,2816,-1,
2815,2816,2821,-1,
2816,2815,2810,-1,
2809,2810,2815,-1,
2810,2809,2800,-1,
2799,2800,2809,-1,
2800,2799,2798,-1,
2797,2798,2799,-1,
2001,1775,2002,-1,
1776,2002,1775,-1,
2797,2425,2798,-1,
2426,2798,2425,-1,
1777,1778,1775,-1,
1776,1775,1778,-1,
6549,6587,6550,-1,
6588,6550,6587,-1,
5518,5554,5519,-1,
5555,5519,5554,-1,
6588,6587,6586,-1,
6585,6586,6587,-1,
6586,6585,6598,-1,
6597,6598,6585,-1,
6598,6597,6606,-1,
6605,6606,6597,-1,
6606,6605,6614,-1,
6613,6614,6605,-1,
6614,6613,6622,-1,
6621,6622,6613,-1,
6622,6621,6630,-1,
6629,6630,6621,-1,
6630,6629,6638,-1,
6637,6638,6629,-1,
6638,6637,6646,-1,
6645,6646,6637,-1,
6646,6645,6654,-1,
6653,6654,6645,-1,
6653,6661,6654,-1,
6662,6654,6661,-1,
6661,6669,6662,-1,
6670,6662,6669,-1,
6669,6677,6670,-1,
6678,6670,6677,-1,
6677,6685,6678,-1,
6686,6678,6685,-1,
6685,6693,6686,-1,
6694,6686,6693,-1,
6693,6701,6694,-1,
6702,6694,6701,-1,
6701,6709,6702,-1,
6710,6702,6709,-1,
6709,6721,6710,-1,
6722,6710,6721,-1,
7890,7924,7891,-1,
7925,7891,7924,-1,
6721,6895,6722,-1,
6896,6722,6895,-1,
7925,7924,7923,-1,
7922,7923,7924,-1,
7128,6857,7129,-1,
6858,7129,6857,-1,
7922,7653,7923,-1,
7654,7923,7653,-1,
6859,6860,6857,-1,
6858,6857,6860,-1,
6843,6844,6859,-1,
6860,6859,6844,-1,
6835,6836,6843,-1,
6844,6843,6836,-1,
6827,6828,6835,-1,
6836,6835,6828,-1,
6819,6820,6827,-1,
6828,6827,6820,-1,
6811,6812,6819,-1,
6820,6819,6812,-1,
6803,6804,6811,-1,
6812,6811,6804,-1,
6795,6796,6803,-1,
6804,6803,6796,-1,
6787,6788,6795,-1,
6796,6795,6788,-1,
6787,6779,6788,-1,
6780,6788,6779,-1,
6779,6771,6780,-1,
6772,6780,6771,-1,
6771,6763,6772,-1,
6764,6772,6763,-1,
6763,6755,6764,-1,
6756,6764,6755,-1,
6755,6747,6756,-1,
6748,6756,6747,-1,
6747,6739,6748,-1,
6740,6748,6739,-1,
6739,6731,6740,-1,
6732,6740,6731,-1,
6731,6719,6732,-1,
6720,6732,6719,-1,
5785,5516,5786,-1,
5517,5786,5516,-1,
6719,6312,6720,-1,
6313,6720,6312,-1,
5518,5519,5516,-1,
5517,5516,5519,-1,
4093,4085,4094,-1,
4086,4094,4085,-1,
4085,4077,4086,-1,
4078,4086,4077,-1,
4077,4069,4078,-1,
4070,4078,4069,-1,
4069,4061,4070,-1,
4062,4070,4061,-1,
4061,4053,4062,-1,
4054,4062,4053,-1,
4053,4045,4054,-1,
4046,4054,4045,-1,
4045,4037,4046,-1,
4038,4046,4037,-1,
4038,4037,4030,-1,
4029,4030,4037,-1,
4030,4029,4022,-1,
4021,4022,4029,-1,
4022,4021,4014,-1,
4013,4014,4021,-1,
4014,4013,4006,-1,
4005,4006,4013,-1,
4006,4005,3998,-1,
3997,3998,4005,-1,
3998,3997,3990,-1,
3989,3990,3997,-1,
3990,3989,3982,-1,
3981,3982,3989,-1,
3982,3981,3966,-1,
3965,3966,3981,-1,
3966,3965,3964,-1,
3963,3964,3965,-1,
3327,3103,3328,-1,
3104,3328,3103,-1,
3963,3747,3964,-1,
3748,3964,3747,-1,
3105,3106,3103,-1,
3104,3103,3106,-1,
3937,4103,3938,-1,
4104,3938,4103,-1,
3105,3141,3106,-1,
3142,3106,3141,-1,
4103,4111,4104,-1,
4112,4104,4111,-1,
4111,4115,4112,-1,
4116,4112,4115,-1,
4115,4119,4116,-1,
4120,4116,4119,-1,
4119,4123,4120,-1,
4124,4120,4123,-1,
4123,4127,4124,-1,
4128,4124,4127,-1,
4127,4131,4128,-1,
4132,4128,4131,-1,
4131,4135,4132,-1,
4136,4132,4135,-1,
4135,4139,4136,-1,
4140,4136,4139,-1,
4143,4144,4139,-1,
4140,4139,4144,-1,
4147,4148,4143,-1,
4144,4143,4148,-1,
4151,4152,4147,-1,
4148,4147,4152,-1,
4155,4156,4151,-1,
4152,4151,4156,-1,
4159,4160,4155,-1,
4156,4155,4160,-1,
4163,4164,4159,-1,
4160,4159,4164,-1,
4167,4168,4163,-1,
4164,4163,4168,-1,
4175,4176,4167,-1,
4168,4167,4176,-1,
4177,4178,4175,-1,
4176,4175,4178,-1,
4177,4211,4178,-1,
4212,4178,4211,-1,
5206,5242,5207,-1,
5243,5207,5242,-1,
5243,5242,5241,-1,
5240,5241,5242,-1,
5241,5240,5257,-1,
5256,5257,5240,-1,
5257,5256,5265,-1,
5264,5265,5256,-1,
5265,5264,5273,-1,
5272,5273,5264,-1,
5273,5272,5281,-1,
5280,5281,5272,-1,
5281,5280,5289,-1,
5288,5289,5280,-1,
5289,5288,5297,-1,
5296,5297,5288,-1,
5297,5296,5305,-1,
5304,5305,5296,-1,
5305,5304,5313,-1,
5312,5313,5304,-1,
5312,5320,5313,-1,
5321,5313,5320,-1,
5320,5328,5321,-1,
5329,5321,5328,-1,
5328,5336,5329,-1,
5337,5329,5336,-1,
5336,5344,5337,-1,
5345,5337,5344,-1,
5344,5352,5345,-1,
5353,5345,5352,-1,
5352,5360,5353,-1,
5361,5353,5360,-1,
5360,5368,5361,-1,
5369,5361,5368,-1,
5368,5380,5369,-1,
5381,5369,5380,-1,
6547,6583,6548,-1,
6584,6548,6583,-1,
5380,5552,5381,-1,
5553,5381,5552,-1,
6584,6583,6582,-1,
6581,6582,6583,-1,
6581,6310,6582,-1,
6311,6582,6310,-1,
5783,5512,5784,-1,
5513,5784,5512,-1,
5514,5515,5512,-1,
5513,5512,5515,-1,
5502,5503,5514,-1,
5515,5514,5503,-1,
5494,5495,5502,-1,
5503,5502,5495,-1,
5486,5487,5494,-1,
5495,5494,5487,-1,
5478,5479,5486,-1,
5487,5486,5479,-1,
5470,5471,5478,-1,
5479,5478,5471,-1,
5462,5463,5470,-1,
5471,5470,5463,-1,
5454,5455,5462,-1,
5463,5462,5455,-1,
5446,5447,5454,-1,
5455,5454,5447,-1,
5446,5438,5447,-1,
5439,5447,5438,-1,
5438,5430,5439,-1,
5431,5439,5430,-1,
5430,5422,5431,-1,
5423,5431,5422,-1,
5422,5414,5423,-1,
5415,5423,5414,-1,
5414,5406,5415,-1,
5407,5415,5406,-1,
5406,5398,5407,-1,
5399,5407,5398,-1,
5398,5390,5399,-1,
5391,5399,5390,-1,
5390,5378,5391,-1,
5379,5391,5378,-1,
4444,4101,4445,-1,
4102,4445,4101,-1,
5378,4969,5379,-1,
4970,5379,4969,-1,
4101,4093,4102,-1,
4094,4102,4093,-1,
7888,7920,7889,-1,
7921,7889,7920,-1,
6855,6893,6856,-1,
6894,6856,6893,-1,
7921,7920,7919,-1,
7918,7919,7920,-1,
7918,7651,7919,-1,
7652,7919,7651,-1,
7126,6853,7127,-1,
6854,7127,6853,-1,
6855,6856,6853,-1,
6854,6853,6856,-1,
1773,1805,1774,-1,
1806,1774,1805,-1,
2618,2795,2619,-1,
2796,2619,2795,-1,
2796,2795,2794,-1,
2793,2794,2795,-1,
2793,2423,2794,-1,
2424,2794,2423,-1,
1999,1771,2000,-1,
1772,2000,1771,-1,
1773,1774,1771,-1,
1772,1771,1774,-1,
5500,5501,5510,-1,
5511,5510,5501,-1,
5492,5493,5500,-1,
5501,5500,5493,-1,
5484,5485,5492,-1,
5493,5492,5485,-1,
5476,5477,5484,-1,
5485,5484,5477,-1,
5468,5469,5476,-1,
5477,5476,5469,-1,
5460,5461,5468,-1,
5469,5468,5461,-1,
5452,5453,5460,-1,
5461,5460,5453,-1,
5444,5445,5452,-1,
5453,5452,5445,-1,
5444,5436,5445,-1,
5437,5445,5436,-1,
5436,5428,5437,-1,
5429,5437,5428,-1,
5428,5420,5429,-1,
5421,5429,5420,-1,
5420,5412,5421,-1,
5413,5421,5412,-1,
5412,5404,5413,-1,
5405,5413,5404,-1,
5404,5396,5405,-1,
5397,5405,5396,-1,
5396,5388,5397,-1,
5389,5397,5388,-1,
5388,5374,5389,-1,
5375,5389,5374,-1,
4442,4171,4443,-1,
4172,4443,4171,-1,
5374,4967,5375,-1,
4968,5375,4967,-1,
4173,4174,4171,-1,
4172,4171,4174,-1,
4173,4209,4174,-1,
4210,4174,4209,-1,
5204,5238,5205,-1,
5239,5205,5238,-1,
5239,5238,5237,-1,
5236,5237,5238,-1,
5237,5236,5255,-1,
5254,5255,5236,-1,
5255,5254,5263,-1,
5262,5263,5254,-1,
5263,5262,5271,-1,
5270,5271,5262,-1,
5271,5270,5279,-1,
5278,5279,5270,-1,
5279,5278,5287,-1,
5286,5287,5278,-1,
5287,5286,5295,-1,
5294,5295,5286,-1,
5295,5294,5303,-1,
5302,5303,5294,-1,
5303,5302,5311,-1,
5310,5311,5302,-1,
5310,5318,5311,-1,
5319,5311,5318,-1,
5318,5326,5319,-1,
5327,5319,5326,-1,
5326,5334,5327,-1,
5335,5327,5334,-1,
5334,5342,5335,-1,
5343,5335,5342,-1,
5342,5350,5343,-1,
5351,5343,5350,-1,
5350,5358,5351,-1,
5359,5351,5358,-1,
5358,5366,5359,-1,
5367,5359,5366,-1,
5366,5376,5367,-1,
5377,5367,5376,-1,
5376,5550,5377,-1,
5551,5377,5550,-1,
6545,6579,6546,-1,
6580,6546,6579,-1,
6580,6579,6578,-1,
6577,6578,6579,-1,
6578,6577,6596,-1,
6595,6596,6577,-1,
6596,6595,6604,-1,
6603,6604,6595,-1,
6604,6603,6612,-1,
6611,6612,6603,-1,
6612,6611,6620,-1,
6619,6620,6611,-1,
6620,6619,6628,-1,
6627,6628,6619,-1,
6628,6627,6636,-1,
6635,6636,6627,-1,
6636,6635,6644,-1,
6643,6644,6635,-1,
6644,6643,6652,-1,
6651,6652,6643,-1,
6651,6659,6652,-1,
6660,6652,6659,-1,
6659,6667,6660,-1,
6668,6660,6667,-1,
6667,6675,6668,-1,
6676,6668,6675,-1,
6675,6683,6676,-1,
6684,6676,6683,-1,
6683,6691,6684,-1,
6692,6684,6691,-1,
6691,6699,6692,-1,
6700,6692,6699,-1,
6699,6707,6700,-1,
6708,6700,6707,-1,
6707,6717,6708,-1,
6718,6708,6717,-1,
6717,6891,6718,-1,
6892,6718,6891,-1,
7886,7916,7887,-1,
7917,7887,7916,-1,
7917,7916,7915,-1,
7914,7915,7916,-1,
7124,6849,7125,-1,
6850,7125,6849,-1,
7914,7649,7915,-1,
7650,7915,7649,-1,
6851,6852,6849,-1,
6850,6849,6852,-1,
6841,6842,6851,-1,
6852,6851,6842,-1,
6833,6834,6841,-1,
6842,6841,6834,-1,
6825,6826,6833,-1,
6834,6833,6826,-1,
6817,6818,6825,-1,
6826,6825,6818,-1,
6809,6810,6817,-1,
6818,6817,6810,-1,
6801,6802,6809,-1,
6810,6809,6802,-1,
6793,6794,6801,-1,
6802,6801,6794,-1,
6785,6786,6793,-1,
6794,6793,6786,-1,
6785,6777,6786,-1,
6778,6786,6777,-1,
6777,6769,6778,-1,
6770,6778,6769,-1,
6769,6761,6770,-1,
6762,6770,6761,-1,
6761,6753,6762,-1,
6754,6762,6753,-1,
6753,6745,6754,-1,
6746,6754,6745,-1,
6745,6737,6746,-1,
6738,6746,6737,-1,
6737,6729,6738,-1,
6730,6738,6729,-1,
6729,6715,6730,-1,
6716,6730,6715,-1,
5791,5508,5792,-1,
5509,5792,5508,-1,
6715,6308,6716,-1,
6309,6716,6308,-1,
5510,5511,5508,-1,
5509,5508,5511,-1,
1731,1767,1733,-1,
1769,1733,1767,-1,
1593,1733,1595,-1,
1769,1595,1733,-1,
1747,1603,1745,-1,
1745,1603,1589,-1,
1589,1603,1591,-1,
1599,1591,1603,-1,
1743,1759,1745,-1,
1745,1759,1747,-1,
1761,1747,1759,-1,
1749,1747,1761,-1,
1599,1603,1667,-1,
1755,1757,1727,-1,
1729,1727,1757,-1,
1739,1601,1737,-1,
1737,1601,1585,-1,
1585,1601,1587,-1,
1597,1587,1601,-1,
1735,1751,1737,-1,
1737,1751,1739,-1,
1753,1739,1751,-1,
1741,1739,1753,-1,
1597,1601,1665,-1,
1687,1685,1609,-1,
1689,1687,1607,-1,
1681,1673,1685,-1,
1695,1689,1619,-1,
1699,1695,1623,-1,
1703,1699,1623,-1,
1673,1663,1685,-1,
1663,1657,1685,-1,
1657,1651,1685,-1,
1651,1647,1685,-1,
1647,1641,1685,-1,
1641,1637,1685,-1,
1637,1633,1685,-1,
1633,1629,1685,-1,
1619,1623,1695,-1,
1613,1609,1685,-1,
1615,1619,1689,-1,
1617,1613,1685,-1,
1611,1615,1689,-1,
1621,1617,1685,-1,
1607,1611,1689,-1,
1629,1621,1685,-1,
1605,1607,1687,-1,
1609,1605,1687,-1,
1701,1709,1681,-1,
1693,1701,1681,-1,
1685,1693,1681,-1,
1705,1681,1709,-1,
1763,1765,1725,-1,
1723,1725,1711,-1,
1721,1723,1711,-1,
1719,1721,1711,-1,
1717,1719,1707,-1,
1765,1711,1725,-1,
1715,1717,1705,-1,
1713,1715,1705,-1,
1709,1713,1705,-1,
1707,1705,1717,-1,
1711,1707,1719,-1,
1711,1697,1707,-1,
1707,1697,1691,-1,
1691,1697,1683,-1,
1697,1679,1683,-1,
1683,1679,1677,-1,
1679,1675,1677,-1,
1677,1675,1671,-1,
1675,1669,1671,-1,
1671,1669,1661,-1,
1669,1659,1661,-1,
1661,1659,1653,-1,
1655,1653,1659,-1,
1653,1655,1645,-1,
1649,1645,1655,-1,
1645,1649,1639,-1,
1643,1639,1649,-1,
1639,1643,1631,-1,
1635,1631,1643,-1,
1631,1635,1625,-1,
1627,1625,1635,-1,
1595,1596,1593,-1,
1594,1593,1596,-1,
1733,1593,1734,-1,
1594,1734,1593,-1,
1733,1734,1731,-1,
1732,1731,1734,-1,
1767,1731,1768,-1,
1732,1768,1731,-1,
1770,1769,1768,-1,
1767,1768,1769,-1,
1595,1769,1596,-1,
1770,1596,1769,-1,
1749,1750,1747,-1,
1748,1747,1750,-1,
1603,1747,1604,-1,
1748,1604,1747,-1,
1668,1667,1604,-1,
1603,1604,1667,-1,
1599,1667,1600,-1,
1668,1600,1667,-1,
1599,1600,1591,-1,
1592,1591,1600,-1,
1591,1592,1589,-1,
1590,1589,1592,-1,
1745,1589,1746,-1,
1590,1746,1589,-1,
1745,1746,1743,-1,
1744,1743,1746,-1,
1759,1743,1760,-1,
1744,1760,1743,-1,
1762,1761,1760,-1,
1759,1760,1761,-1,
1749,1761,1750,-1,
1762,1750,1761,-1,
1741,1742,1739,-1,
1740,1739,1742,-1,
1601,1739,1602,-1,
1740,1602,1739,-1,
1666,1665,1602,-1,
1601,1602,1665,-1,
1597,1665,1598,-1,
1666,1598,1665,-1,
1597,1598,1587,-1,
1588,1587,1598,-1,
1587,1588,1585,-1,
1586,1585,1588,-1,
1737,1585,1738,-1,
1586,1738,1585,-1,
1737,1738,1735,-1,
1736,1735,1738,-1,
1751,1735,1752,-1,
1736,1752,1735,-1,
1754,1753,1752,-1,
1751,1752,1753,-1,
1741,1753,1742,-1,
1754,1742,1753,-1,
1697,1711,1698,-1,
1712,1698,1711,-1,
1679,1697,1680,-1,
1698,1680,1697,-1,
1675,1679,1676,-1,
1680,1676,1679,-1,
1669,1675,1670,-1,
1676,1670,1675,-1,
1659,1669,1660,-1,
1670,1660,1669,-1,
1655,1659,1656,-1,
1660,1656,1659,-1,
1649,1655,1650,-1,
1656,1650,1655,-1,
1643,1649,1644,-1,
1650,1644,1649,-1,
1635,1643,1636,-1,
1644,1636,1643,-1,
1627,1635,1628,-1,
1636,1628,1635,-1,
1627,1628,1625,-1,
1626,1625,1628,-1,
1631,1625,1632,-1,
1626,1632,1625,-1,
1639,1631,1640,-1,
1632,1640,1631,-1,
1645,1639,1646,-1,
1640,1646,1639,-1,
1653,1645,1654,-1,
1646,1654,1645,-1,
1661,1653,1662,-1,
1654,1662,1653,-1,
1671,1661,1672,-1,
1662,1672,1661,-1,
1677,1671,1678,-1,
1672,1678,1671,-1,
1683,1677,1684,-1,
1678,1684,1677,-1,
1691,1683,1692,-1,
1684,1692,1683,-1,
1707,1691,1708,-1,
1692,1708,1691,-1,
1707,1708,1705,-1,
1706,1705,1708,-1,
1681,1705,1682,-1,
1706,1682,1705,-1,
1673,1681,1674,-1,
1682,1674,1681,-1,
1663,1673,1664,-1,
1674,1664,1673,-1,
1657,1663,1658,-1,
1664,1658,1663,-1,
1651,1657,1652,-1,
1658,1652,1657,-1,
1647,1651,1648,-1,
1652,1648,1651,-1,
1641,1647,1642,-1,
1648,1642,1647,-1,
1641,1642,1637,-1,
1638,1637,1642,-1,
1637,1638,1633,-1,
1634,1633,1638,-1,
1633,1634,1629,-1,
1630,1629,1634,-1,
1629,1630,1621,-1,
1622,1621,1630,-1,
1621,1622,1617,-1,
1618,1617,1622,-1,
1617,1618,1613,-1,
1614,1613,1618,-1,
1613,1614,1609,-1,
1610,1609,1614,-1,
1609,1610,1605,-1,
1606,1605,1610,-1,
1605,1606,1607,-1,
1608,1607,1606,-1,
1607,1608,1611,-1,
1612,1611,1608,-1,
1611,1612,1615,-1,
1616,1615,1612,-1,
1615,1616,1619,-1,
1620,1619,1616,-1,
1619,1620,1623,-1,
1624,1623,1620,-1,
1703,1623,1704,-1,
1624,1704,1623,-1,
1700,1699,1704,-1,
1703,1704,1699,-1,
1696,1695,1700,-1,
1699,1700,1695,-1,
1690,1689,1696,-1,
1695,1696,1689,-1,
1688,1687,1690,-1,
1689,1690,1687,-1,
1686,1685,1688,-1,
1687,1688,1685,-1,
1694,1693,1686,-1,
1685,1686,1693,-1,
1702,1701,1694,-1,
1693,1694,1701,-1,
1710,1709,1702,-1,
1701,1702,1709,-1,
1714,1713,1710,-1,
1709,1710,1713,-1,
1715,1713,1716,-1,
1714,1716,1713,-1,
1717,1715,1718,-1,
1716,1718,1715,-1,
1719,1717,1720,-1,
1718,1720,1717,-1,
1721,1719,1722,-1,
1720,1722,1719,-1,
1723,1721,1724,-1,
1722,1724,1721,-1,
1725,1723,1726,-1,
1724,1726,1723,-1,
1763,1725,1764,-1,
1726,1764,1725,-1,
1766,1765,1764,-1,
1763,1764,1765,-1,
1711,1765,1712,-1,
1766,1712,1765,-1,
1729,1730,1727,-1,
1728,1727,1730,-1,
1755,1727,1756,-1,
1728,1756,1727,-1,
1758,1757,1756,-1,
1755,1756,1757,-1,
1729,1757,1730,-1,
1758,1730,1757,-1
]
}
}
