#VRML V2.0 utf8
# from diffuser_frame_right.stl, in the plate model's frame by stl_to_wrl.py, units mm

Shape {
appearance Appearance {
material Material {
diffuseColor 0.85 0.86 0.88
shininess 0.2
}
}
geometry IndexedFaceSet {
coord Coordinate {
point [
-122.4928 -48.8070 -1.4000,
-122.4928 -48.8070 -0.4000,
-122.4928 -48.8070 0.8000,
-122.4928 -48.8070 1.8000,
-122.4928 -29.7580 -1.4000,
-122.4928 -29.7580 -0.4000,
-122.4928 -29.7580 0.8000,
-122.4928 -29.7580 1.8000,
-122.4928 -10.7069 -1.4000,
-122.4928 -10.7069 -0.4000,
-122.4928 -10.7069 0.8000,
-122.4928 -10.7069 1.8000,
-122.4928 8.3431 -1.4000,
-122.4928 8.3431 -0.4000,
-122.4928 8.3431 0.8000,
-122.4928 8.3431 1.8000,
-122.4093 -48.4738 -1.4000,
-122.4093 -48.4738 -0.4000,
-122.4093 -48.4738 0.8000,
-122.4093 -48.4738 1.8000,
-122.4093 -29.4247 -1.4000,
-122.4093 -29.4247 -0.4000,
-122.4093 -29.4247 0.8000,
-122.4093 -29.4247 1.8000,
-122.4093 -10.3737 -1.4000,
-122.4093 -10.3737 -0.4000,
-122.4093 -10.3737 0.8000,
-122.4093 -10.3737 1.8000,
-122.4093 8.6763 -1.4000,
-122.4093 8.6763 -0.4000,
-122.4093 8.6763 0.8000,
-122.4093 8.6763 1.8000,
-122.2936 -48.1504 -1.4000,
-122.2936 -48.1504 -0.4000,
-122.2936 -48.1504 0.8000,
-122.2936 -48.1504 1.8000,
-122.2936 -29.1013 -1.4000,
-122.2936 -29.1013 -0.4000,
-122.2936 -29.1013 0.8000,
-122.2936 -29.1013 1.8000,
-122.2936 -10.0503 -1.4000,
-122.2936 -10.0503 -0.4000,
-122.2936 -10.0503 0.8000,
-122.2936 -10.0503 1.8000,
-122.2936 8.9997 -1.4000,
-122.2936 8.9997 -0.4000,
-122.2936 8.9997 0.8000,
-122.2936 8.9997 1.8000,
-122.1495 -48.8753 -1.9000,
-122.1495 -29.8262 -1.9000,
-122.1495 -10.7752 -1.9000,
-122.1495 8.2748 -1.9000,
-122.1467 -47.8399 -1.4000,
-122.1467 -47.8399 -0.4000,
-122.1467 -47.8399 0.8000,
-122.1467 -47.8399 1.8000,
-122.1467 -28.7908 -1.4000,
-122.1467 -28.7908 -0.4000,
-122.1467 -28.7908 0.8000,
-122.1467 -28.7908 1.8000,
-122.1467 -9.7398 -1.4000,
-122.1467 -9.7398 -0.4000,
-122.1467 -9.7398 0.8000,
-122.1467 -9.7398 1.8000,
-122.1467 9.3102 -1.4000,
-122.1467 9.3102 -0.4000,
-122.1467 9.3102 0.8000,
-122.1467 9.3102 1.8000,
-122.0744 -48.5754 -1.9000,
-122.0744 -29.5264 -1.9000,
-122.0744 -10.4753 -1.9000,
-122.0744 8.5747 -1.9000,
-122.0600 -49.2397 -1.4000,
-122.0600 -49.2397 -0.4000,
-122.0600 -49.2397 0.8000,
-122.0600 -49.2397 1.8000,
-122.0600 -30.1908 -1.4000,
-122.0600 -30.1908 -0.4000,
-122.0600 -30.1908 0.8000,
-122.0600 -30.1908 1.8000,
-122.0600 -11.1398 -1.4000,
-122.0600 -11.1398 -0.4000,
-122.0600 -11.1398 0.8000,
-122.0600 -11.1398 1.8000,
-122.0600 7.9103 -1.4000,
-122.0600 7.9103 -0.4000,
-122.0600 7.9103 0.8000,
-122.0600 7.9103 1.8000,
-121.9702 -48.2843 -1.9000,
-121.9702 -29.2353 -1.9000,
-121.9702 -10.1843 -1.9000,
-121.9702 8.8657 -1.9000,
-121.9701 -47.5453 -1.4000,
-121.9701 -47.5453 -0.4000,
-121.9701 -47.5453 0.8000,
-121.9701 -47.5453 1.8000,
-121.9701 -28.4962 -1.4000,
-121.9701 -28.4962 -0.4000,
-121.9701 -28.4962 0.8000,
-121.9701 -28.4962 1.8000,
-121.9701 -9.4452 -1.4000,
-121.9701 -9.4452 -0.4000,
-121.9701 -9.4452 0.8000,
-121.9701 -9.4452 1.8000,
-121.9701 9.6048 -1.4000,
-121.9701 9.6048 -0.4000,
-121.9701 9.6048 0.8000,
-121.9701 9.6048 1.8000,
-121.8380 -48.0048 -1.9000,
-121.8380 -28.9558 -1.9000,
-121.8380 -9.9048 -1.9000,
-121.8380 9.1452 -1.9000,
-121.7655 -47.2694 -1.4000,
-121.7655 -47.2694 -0.4000,
-121.7655 -47.2694 0.8000,
-121.7655 -47.2694 1.8000,
-121.7655 -28.2203 -1.4000,
-121.7655 -28.2203 -0.4000,
-121.7655 -28.2203 0.8000,
-121.7655 -28.2203 1.8000,
-121.7655 -9.1693 -1.4000,
-121.7655 -9.1693 -0.4000,
-121.7655 -9.1693 0.8000,
-121.7655 -9.1693 1.8000,
-121.7655 9.8807 -1.4000,
-121.7655 9.8807 -0.4000,
-121.7655 9.8807 0.8000,
-121.7655 9.8807 1.8000,
-121.7600 -49.2648 -1.9000,
-121.7600 -30.2157 -1.9000,
-121.7600 -11.1647 -1.9000,
-121.7600 7.8853 -1.9000,
-121.6791 -47.7397 -1.9000,
-121.6791 -28.6908 -1.9000,
-121.6791 -9.6397 -1.9000,
-121.6791 9.4103 -1.9000,
-121.5600 -50.1497 -0.4000,
-121.5600 -50.1497 0.8000,
-121.5600 -49.4897 -0.4000,
-121.5600 -49.4897 0.8000,
-121.5600 -31.1008 -0.4000,
-121.5600 -31.1008 0.8000,
-121.5600 -30.4408 -0.4000,
-121.5600 -30.4408 0.8000,
-121.5600 -12.0497 -0.4000,
-121.5600 -12.0497 0.8000,
-121.5600 -11.3898 -0.4000,
-121.5600 -11.3898 0.8000,
-121.5600 7.0003 -0.4000,
-121.5600 7.0003 0.8000,
-121.5600 7.6603 -0.4000,
-121.5600 7.6603 0.8000,
-121.5480 -49.2447 -0.4000,
-121.5480 -49.2447 0.8000,
-121.5480 -30.1957 -0.4000,
-121.5480 -30.1957 0.8000,
-121.5480 -11.1447 -0.4000,
-121.5480 -11.1447 0.8000,
-121.5480 7.9053 -0.4000,
-121.5480 7.9053 0.8000,
-121.5472 -49.2397 -0.4000,
-121.5472 -49.2397 0.8000,
-121.5472 -30.1908 -0.4000,
-121.5472 -30.1908 0.8000,
-121.5472 -11.1398 -0.4000,
-121.5472 -11.1398 0.8000,
-121.5472 7.9103 -0.4000,
-121.5472 7.9103 0.8000,
-121.5349 -47.0149 -1.4000,
-121.5349 -47.0149 -0.4000,
-121.5349 -47.0149 0.8000,
-121.5349 -47.0149 1.8000,
-121.5349 -27.9658 -1.4000,
-121.5349 -27.9658 -0.4000,
-121.5349 -27.9658 0.8000,
-121.5349 -27.9658 1.8000,
-121.5349 -8.9148 -1.4000,
-121.5349 -8.9148 -0.4000,
-121.5349 -8.9148 0.8000,
-121.5349 -8.9148 1.8000,
-121.5349 10.1352 -1.4000,
-121.5349 10.1352 -0.4000,
-121.5349 10.1352 0.8000,
-121.5349 10.1352 1.8000,
-121.5120 -49.0020 -0.4000,
-121.5120 -49.0020 0.8000,
-121.5120 -29.9530 -0.4000,
-121.5120 -29.9530 0.8000,
-121.5120 -10.9020 -0.4000,
-121.5120 -10.9020 0.8000,
-121.5120 8.1480 -0.4000,
-121.5120 8.1480 0.8000,
-121.4950 -47.4914 -1.9000,
-121.4950 -28.4424 -1.9000,
-121.4950 -9.3914 -1.9000,
-121.4950 9.6586 -1.9000,
-121.4524 -48.7640 -0.4000,
-121.4524 -48.7640 0.8000,
-121.4524 -29.7150 -0.4000,
-121.4524 -29.7150 0.8000,
-121.4524 -10.6640 -0.4000,
-121.4524 -10.6640 0.8000,
-121.4524 8.3860 -0.4000,
-121.4524 8.3860 0.8000,
-121.3697 -48.5330 -0.4000,
-121.3697 -48.5330 0.8000,
-121.3697 -29.4840 -0.4000,
-121.3697 -29.4840 0.8000,
-121.3697 -10.4330 -0.4000,
-121.3697 -10.4330 0.8000,
-121.3697 8.6170 -0.4000,
-121.3697 8.6170 0.8000,
-121.2874 -47.2624 -1.9000,
-121.2874 -28.2134 -1.9000,
-121.2874 -9.1623 -1.9000,
-121.2874 9.8877 -1.9000,
-121.2804 -46.7842 -1.4000,
-121.2804 -46.7842 -0.4000,
-121.2804 -46.7842 0.8000,
-121.2804 -46.7842 1.8000,
-121.2804 -27.7352 -1.4000,
-121.2804 -27.7352 -0.4000,
-121.2804 -27.7352 0.8000,
-121.2804 -27.7352 1.8000,
-121.2804 -8.6842 -1.4000,
-121.2804 -8.6842 -0.4000,
-121.2804 -8.6842 0.8000,
-121.2804 -8.6842 1.8000,
-121.2804 10.3658 -1.4000,
-121.2804 10.3658 -0.4000,
-121.2804 10.3658 0.8000,
-121.2804 10.3658 1.8000,
-121.2648 -48.3113 -0.4000,
-121.2648 -48.3113 0.8000,
-121.2648 -29.2622 -0.4000,
-121.2648 -29.2622 0.8000,
-121.2648 -10.2112 -0.4000,
-121.2648 -10.2112 0.8000,
-121.2648 8.8388 -0.4000,
-121.2648 8.8388 0.8000,
-121.1387 -48.1008 -0.4000,
-121.1387 -48.1008 0.8000,
-121.1387 -29.0518 -0.4000,
-121.1387 -29.0518 0.8000,
-121.1387 -10.0008 -0.4000,
-121.1387 -10.0008 0.8000,
-121.1387 9.0492 -0.4000,
-121.1387 9.0492 0.8000,
-121.0583 -47.0548 -1.9000,
-121.0583 -28.0058 -1.9000,
-121.0583 -8.9547 -1.9000,
-121.0583 10.0953 -1.9000,
-121.0045 -46.5796 -1.4000,
-121.0045 -46.5796 -0.4000,
-121.0045 -46.5796 0.8000,
-121.0045 -46.5796 1.8000,
-121.0045 -27.5306 -1.4000,
-121.0045 -27.5306 -0.4000,
-121.0045 -27.5306 0.8000,
-121.0045 -27.5306 1.8000,
-121.0045 -8.4796 -1.4000,
-121.0045 -8.4796 -0.4000,
-121.0045 -8.4796 0.8000,
-121.0045 -8.4796 1.8000,
-121.0045 10.5704 -1.4000,
-121.0045 10.5704 -0.4000,
-121.0045 10.5704 0.8000,
-121.0045 10.5704 1.8000,
-120.9925 -47.9038 -0.4000,
-120.9925 -47.9038 0.8000,
-120.9925 -28.8547 -0.4000,
-120.9925 -28.8547 0.8000,
-120.9925 -9.8037 -0.4000,
-120.9925 -9.8037 0.8000,
-120.9925 9.2463 -0.4000,
-120.9925 9.2463 0.8000,
-120.8278 -47.7220 -0.4000,
-120.8278 -47.7220 0.8000,
-120.8278 -28.6729 -0.4000,
-120.8278 -28.6729 0.8000,
-120.8278 -9.6219 -0.4000,
-120.8278 -9.6219 0.8000,
-120.8278 9.4281 -0.4000,
-120.8278 9.4281 0.8000,
-120.8100 -46.8706 -1.9000,
-120.8100 -27.8216 -1.9000,
-120.8100 -8.7706 -1.9000,
-120.8100 10.2794 -1.9000,
-120.7099 -46.4030 -1.4000,
-120.7099 -46.4030 -0.4000,
-120.7099 -46.4030 0.8000,
-120.7099 -46.4030 1.8000,
-120.7099 -27.3540 -1.4000,
-120.7099 -27.3540 -0.4000,
-120.7099 -27.3540 0.8000,
-120.7099 -27.3540 1.8000,
-120.7099 -8.3030 -1.4000,
-120.7099 -8.3030 -0.4000,
-120.7099 -8.3030 0.8000,
-120.7099 -8.3030 1.8000,
-120.7099 10.7470 -1.4000,
-120.7099 10.7470 -0.4000,
-120.7099 10.7470 0.8000,
-120.7099 10.7470 1.8000,
-120.6460 -47.5572 -0.4000,
-120.6460 -47.5572 0.8000,
-120.6460 -28.5082 -0.4000,
-120.6460 -28.5082 0.8000,
-120.6460 -9.4572 -0.4000,
-120.6460 -9.4572 0.8000,
-120.6460 9.5928 -0.4000,
-120.6460 9.5928 0.8000,
-120.5449 -46.7117 -1.9000,
-120.5449 -27.6627 -1.9000,
-120.5449 -8.6117 -1.9000,
-120.5449 10.4383 -1.9000,
-120.4489 -47.4111 -0.4000,
-120.4489 -47.4111 0.8000,
-120.4489 -28.3621 -0.4000,
-120.4489 -28.3621 0.8000,
-120.4489 -9.3110 -0.4000,
-120.4489 -9.3110 0.8000,
-120.4489 9.7390 -0.4000,
-120.4489 9.7390 0.8000,
-120.3994 -46.2562 -1.4000,
-120.3994 -46.2562 -0.4000,
-120.3994 -46.2562 0.8000,
-120.3994 -46.2562 1.8000,
-120.3994 -27.2071 -1.4000,
-120.3994 -27.2071 -0.4000,
-120.3994 -27.2071 0.8000,
-120.3994 -27.2071 1.8000,
-120.3994 -8.1561 -1.4000,
-120.3994 -8.1561 -0.4000,
-120.3994 -8.1561 0.8000,
-120.3994 -8.1561 1.8000,
-120.3994 10.8939 -1.4000,
-120.3994 10.8939 -0.4000,
-120.3994 10.8939 0.8000,
-120.3994 10.8939 1.8000,
-120.2654 -46.5795 -1.9000,
-120.2654 -27.5306 -1.9000,
-120.2654 -8.4795 -1.9000,
-120.2654 10.5705 -1.9000,
-120.2385 -47.2850 -0.4000,
-120.2385 -47.2850 0.8000,
-120.2385 -28.2359 -0.4000,
-120.2385 -28.2359 0.8000,
-120.2385 -9.1849 -0.4000,
-120.2385 -9.1849 0.8000,
-120.2385 9.8651 -0.4000,
-120.2385 9.8651 0.8000,
-120.0760 -46.1405 -1.4000,
-120.0760 -46.1405 -0.4000,
-120.0760 -46.1405 0.8000,
-120.0760 -46.1405 1.8000,
-120.0760 -27.0914 -1.4000,
-120.0760 -27.0914 -0.4000,
-120.0760 -27.0914 0.8000,
-120.0760 -27.0914 1.8000,
-120.0760 -8.0404 -1.4000,
-120.0760 -8.0404 -0.4000,
-120.0760 -8.0404 0.8000,
-120.0760 -8.0404 1.8000,
-120.0760 11.0096 -1.4000,
-120.0760 11.0096 -0.4000,
-120.0760 11.0096 0.8000,
-120.0760 11.0096 1.8000,
-120.0167 -47.1801 -0.4000,
-120.0167 -47.1801 0.8000,
-120.0167 -28.1310 -0.4000,
-120.0167 -28.1310 0.8000,
-120.0167 -9.0800 -0.4000,
-120.0167 -9.0800 0.8000,
-120.0167 9.9700 -0.4000,
-120.0167 9.9700 0.8000,
-119.9744 -46.4754 -1.9000,
-119.9744 -27.4263 -1.9000,
-119.9744 -8.3753 -1.9000,
-119.9744 10.6747 -1.9000,
-119.7857 -47.0974 -0.4000,
-119.7857 -47.0974 0.8000,
-119.7857 -28.0484 -0.4000,
-119.7857 -28.0484 0.8000,
-119.7857 -8.9973 -0.4000,
-119.7857 -8.9973 0.8000,
-119.7857 10.0526 -0.4000,
-119.7857 10.0526 0.8000,
-119.7428 -46.0570 -1.4000,
-119.7428 -46.0570 -0.4000,
-119.7428 -46.0570 0.8000,
-119.7428 -46.0570 1.8000,
-119.7428 -27.0080 -1.4000,
-119.7428 -27.0080 -0.4000,
-119.7428 -27.0080 0.8000,
-119.7428 -27.0080 1.8000,
-119.7428 -7.9570 -1.4000,
-119.7428 -7.9570 -0.4000,
-119.7428 -7.9570 0.8000,
-119.7428 -7.9570 1.8000,
-119.7428 11.0930 -1.4000,
-119.7428 11.0930 -0.4000,
-119.7428 11.0930 0.8000,
-119.7428 11.0930 1.8000,
-119.6745 -46.4003 -1.9000,
-119.6745 -27.3512 -1.9000,
-119.6745 -8.3002 -1.9000,
-119.6745 10.7498 -1.9000,
-119.5477 -47.0378 -0.4000,
-119.5477 -47.0378 0.8000,
-119.5477 -27.9888 -0.4000,
-119.5477 -27.9888 0.8000,
-119.5477 -8.9377 -0.4000,
-119.5477 -8.9377 0.8000,
-119.5477 10.1123 -0.4000,
-119.5477 10.1123 0.8000,
-119.4030 -46.0066 -1.4000,
-119.4030 -46.0066 -0.4000,
-119.4030 -46.0066 0.8000,
-119.4030 -46.0066 1.8000,
-119.4030 -26.9576 -1.4000,
-119.4030 -26.9576 -0.4000,
-119.4030 -26.9576 0.8000,
-119.4030 -26.9576 1.8000,
-119.4030 -7.9066 -1.4000,
-119.4030 -7.9066 -0.4000,
-119.4030 -7.9066 0.8000,
-119.4030 -7.9066 1.8000,
-119.4030 11.1434 -1.4000,
-119.4030 11.1434 -0.4000,
-119.4030 11.1434 0.8000,
-119.4030 11.1434 1.8000,
-119.3687 -46.3549 -1.9000,
-119.3687 -27.3059 -1.9000,
-119.3687 -8.2549 -1.9000,
-119.3687 10.7951 -1.9000,
-119.3050 -47.0018 -0.4000,
-119.3050 -47.0018 0.8000,
-119.3050 -27.9528 -0.4000,
-119.3050 -27.9528 0.8000,
-119.3050 -8.9017 -0.4000,
-119.3050 -8.9017 0.8000,
-119.3050 10.1483 -0.4000,
-119.3050 10.1483 0.8000,
-119.0600 -46.9897 -0.4000,
-119.0600 -46.9897 0.8000,
-119.0600 -46.3398 -1.9000,
-119.0600 -45.9897 -1.4000,
-119.0600 -45.9897 -0.4000,
-119.0600 -45.9897 0.8000,
-119.0600 -45.9897 1.8000,
-119.0600 -27.9408 -0.4000,
-119.0600 -27.9408 0.8000,
-119.0600 -27.2907 -1.9000,
-119.0600 -26.9408 -1.4000,
-119.0600 -26.9408 -0.4000,
-119.0600 -26.9408 0.8000,
-119.0600 -26.9408 1.8000,
-119.0600 -8.8897 -0.4000,
-119.0600 -8.8897 0.8000,
-119.0600 -8.2397 -1.9000,
-119.0600 -7.8897 -1.4000,
-119.0600 -7.8897 -0.4000,
-119.0600 -7.8897 0.8000,
-119.0600 -7.8897 1.8000,
-119.0600 10.1603 -0.4000,
-119.0600 10.1603 0.8000,
-119.0600 10.8103 -1.9000,
-119.0600 11.1603 -1.4000,
-119.0600 11.1603 -0.4000,
-119.0600 11.1603 0.8000,
-119.0600 11.1603 1.8000,
-118.8150 -47.0018 -0.4000,
-118.8150 -47.0018 0.8000,
-118.8150 -27.9528 -0.4000,
-118.8150 -27.9528 0.8000,
-118.8150 -8.9017 -0.4000,
-118.8150 -8.9017 0.8000,
-118.8150 10.1483 -0.4000,
-118.8150 10.1483 0.8000,
-118.7513 -46.3549 -1.9000,
-118.7513 -27.3059 -1.9000,
-118.7513 -8.2549 -1.9000,
-118.7513 10.7951 -1.9000,
-118.7170 -46.0066 -1.4000,
-118.7170 -46.0066 -0.4000,
-118.7170 -46.0066 0.8000,
-118.7170 -46.0066 1.8000,
-118.7170 -26.9576 -1.4000,
-118.7170 -26.9576 -0.4000,
-118.7170 -26.9576 0.8000,
-118.7170 -26.9576 1.8000,
-118.7170 -7.9066 -1.4000,
-118.7170 -7.9066 -0.4000,
-118.7170 -7.9066 0.8000,
-118.7170 -7.9066 1.8000,
-118.7170 11.1434 -1.4000,
-118.7170 11.1434 -0.4000,
-118.7170 11.1434 0.8000,
-118.7170 11.1434 1.8000,
-118.5723 -47.0378 -0.4000,
-118.5723 -47.0378 0.8000,
-118.5723 -27.9888 -0.4000,
-118.5723 -27.9888 0.8000,
-118.5723 -8.9377 -0.4000,
-118.5723 -8.9377 0.8000,
-118.5723 10.1123 -0.4000,
-118.5723 10.1123 0.8000,
-118.4455 -46.4003 -1.9000,
-118.4455 -27.3512 -1.9000,
-118.4455 -8.3002 -1.9000,
-118.4455 10.7498 -1.9000,
-118.3772 -46.0570 -1.4000,
-118.3772 -46.0570 -0.4000,
-118.3772 -46.0570 0.8000,
-118.3772 -46.0570 1.8000,
-118.3772 -27.0080 -1.4000,
-118.3772 -27.0080 -0.4000,
-118.3772 -27.0080 0.8000,
-118.3772 -27.0080 1.8000,
-118.3772 -7.9570 -1.4000,
-118.3772 -7.9570 -0.4000,
-118.3772 -7.9570 0.8000,
-118.3772 -7.9570 1.8000,
-118.3772 11.0930 -1.4000,
-118.3772 11.0930 -0.4000,
-118.3772 11.0930 0.8000,
-118.3772 11.0930 1.8000,
-118.3343 -47.0974 -0.4000,
-118.3343 -47.0974 0.8000,
-118.3343 -28.0484 -0.4000,
-118.3343 -28.0484 0.8000,
-118.3343 -8.9973 -0.4000,
-118.3343 -8.9973 0.8000,
-118.3343 10.0526 -0.4000,
-118.3343 10.0526 0.8000,
-118.1456 -46.4754 -1.9000,
-118.1456 -27.4263 -1.9000,
-118.1456 -8.3753 -1.9000,
-118.1456 10.6747 -1.9000,
-118.1033 -47.1801 -0.4000,
-118.1033 -47.1801 0.8000,
-118.1033 -28.1310 -0.4000,
-118.1033 -28.1310 0.8000,
-118.1033 -9.0800 -0.4000,
-118.1033 -9.0800 0.8000,
-118.1033 9.9700 -0.4000,
-118.1033 9.9700 0.8000,
-118.0440 -46.1405 -1.4000,
-118.0440 -46.1405 -0.4000,
-118.0440 -46.1405 0.8000,
-118.0440 -46.1405 1.8000,
-118.0440 -27.0914 -1.4000,
-118.0440 -27.0914 -0.4000,
-118.0440 -27.0914 0.8000,
-118.0440 -27.0914 1.8000,
-118.0440 -8.0404 -1.4000,
-118.0440 -8.0404 -0.4000,
-118.0440 -8.0404 0.8000,
-118.0440 -8.0404 1.8000,
-118.0440 11.0096 -1.4000,
-118.0440 11.0096 -0.4000,
-118.0440 11.0096 0.8000,
-118.0440 11.0096 1.8000,
-117.8815 -47.2850 -0.4000,
-117.8815 -47.2850 0.8000,
-117.8815 -28.2359 -0.4000,
-117.8815 -28.2359 0.8000,
-117.8815 -9.1849 -0.4000,
-117.8815 -9.1849 0.8000,
-117.8815 9.8651 -0.4000,
-117.8815 9.8651 0.8000,
-117.8545 -46.5795 -1.9000,
-117.8545 -27.5306 -1.9000,
-117.8545 -8.4795 -1.9000,
-117.8545 10.5705 -1.9000,
-117.7308 -67.8579 -1.4000,
-117.7308 -67.8579 -0.4000,
-117.7308 -67.8579 0.8000,
-117.7308 -67.8579 1.8000,
-117.7206 -46.2562 -1.4000,
-117.7206 -46.2562 -0.4000,
-117.7206 -46.2562 0.8000,
-117.7206 -46.2562 1.8000,
-117.7206 -27.2071 -1.4000,
-117.7206 -27.2071 -0.4000,
-117.7206 -27.2071 0.8000,
-117.7206 -27.2071 1.8000,
-117.7206 -8.1561 -1.4000,
-117.7206 -8.1561 -0.4000,
-117.7206 -8.1561 0.8000,
-117.7206 -8.1561 1.8000,
-117.7206 10.8939 -1.4000,
-117.7206 10.8939 -0.4000,
-117.7206 10.8939 0.8000,
-117.7206 10.8939 1.8000,
-117.6711 -47.4111 -0.4000,
-117.6711 -47.4111 0.8000,
-117.6711 -28.3621 -0.4000,
-117.6711 -28.3621 0.8000,
-117.6711 -9.3110 -0.4000,
-117.6711 -9.3110 0.8000,
-117.6711 9.7390 -0.4000,
-117.6711 9.7390 0.8000,
-117.6473 -67.5248 -1.4000,
-117.6473 -67.5248 -0.4000,
-117.6473 -67.5248 0.8000,
-117.6473 -67.5248 1.8000,
-117.5751 -46.7117 -1.9000,
-117.5751 -27.6627 -1.9000,
-117.5751 -8.6117 -1.9000,
-117.5751 10.4383 -1.9000,
-117.5316 -67.2013 -1.4000,
-117.5316 -67.2013 -0.4000,
-117.5316 -67.2013 0.8000,
-117.5316 -67.2013 1.8000,
-117.4740 -47.5572 -0.4000,
-117.4740 -47.5572 0.8000,
-117.4740 -28.5082 -0.4000,
-117.4740 -28.5082 0.8000,
-117.4740 -9.4572 -0.4000,
-117.4740 -9.4572 0.8000,
-117.4740 9.5928 -0.4000,
-117.4740 9.5928 0.8000,
-117.4101 -46.4030 -1.4000,
-117.4101 -46.4030 -0.4000,
-117.4101 -46.4030 0.8000,
-117.4101 -46.4030 1.8000,
-117.4101 -27.3540 -1.4000,
-117.4101 -27.3540 -0.4000,
-117.4101 -27.3540 0.8000,
-117.4101 -27.3540 1.8000,
-117.4101 -8.3030 -1.4000,
-117.4101 -8.3030 -0.4000,
-117.4101 -8.3030 0.8000,
-117.4101 -8.3030 1.8000,
-117.4101 10.7470 -1.4000,
-117.4101 10.7470 -0.4000,
-117.4101 10.7470 0.8000,
-117.4101 10.7470 1.8000,
-117.3875 -67.9263 -1.9000,
-117.3847 -66.8908 -1.4000,
-117.3847 -66.8908 -0.4000,
-117.3847 -66.8908 0.8000,
-117.3847 -66.8908 1.8000,
-117.3124 -67.6264 -1.9000,
-117.3100 -46.8706 -1.9000,
-117.3100 -27.8216 -1.9000,
-117.3100 -8.7706 -1.9000,
-117.3100 10.2794 -1.9000,
-117.2980 -68.2908 -1.4000,
-117.2980 -68.2908 -0.4000,
-117.2980 -68.2908 0.8000,
-117.2980 -68.2908 1.8000,
-117.2922 -47.7220 -0.4000,
-117.2922 -47.7220 0.8000,
-117.2922 -28.6729 -0.4000,
-117.2922 -28.6729 0.8000,
-117.2922 -9.6219 -0.4000,
-117.2922 -9.6219 0.8000,
-117.2922 9.4281 -0.4000,
-117.2922 9.4281 0.8000,
-117.2082 -67.3354 -1.9000,
-117.2081 -66.5962 -1.4000,
-117.2081 -66.5962 -0.4000,
-117.2081 -66.5962 0.8000,
-117.2081 -66.5962 1.8000,
-117.1275 -47.9038 -0.4000,
-117.1275 -47.9038 0.8000,
-117.1275 -28.8547 -0.4000,
-117.1275 -28.8547 0.8000,
-117.1275 -9.8037 -0.4000,
-117.1275 -9.8037 0.8000,
-117.1275 9.2463 -0.4000,
-117.1275 9.2463 0.8000,
-117.1155 -46.5796 -1.4000,
-117.1155 -46.5796 -0.4000,
-117.1155 -46.5796 0.8000,
-117.1155 -46.5796 1.8000,
-117.1155 -27.5306 -1.4000,
-117.1155 -27.5306 -0.4000,
-117.1155 -27.5306 0.8000,
-117.1155 -27.5306 1.8000,
-117.1155 -8.4796 -1.4000,
-117.1155 -8.4796 -0.4000,
-117.1155 -8.4796 0.8000,
-117.1155 -8.4796 1.8000,
-117.1155 10.5704 -1.4000,
-117.1155 10.5704 -0.4000,
-117.1155 10.5704 0.8000,
-117.1155 10.5704 1.8000,
-117.1018 -46.5898 0.8000,
-117.1018 -46.5898 1.8000,
-117.1018 -27.5407 0.8000,
-117.1018 -27.5407 1.8000,
-117.1018 -8.4897 0.8000,
-117.1018 -8.4897 1.8000,
-117.1018 10.5603 0.8000,
-117.1018 10.5603 1.8000,
-117.0760 -67.0558 -1.9000,
-117.0617 -47.0548 -1.9000,
-117.0617 -28.0058 -1.9000,
-117.0617 -8.9547 -1.9000,
-117.0617 10.0953 -1.9000,
-117.0035 -66.3203 -1.4000,
-117.0035 -66.3203 -0.4000,
-117.0035 -66.3203 0.8000,
-117.0035 -66.3203 1.8000,
-116.9980 -68.3158 -1.9000,
-116.9813 -48.1008 -0.4000,
-116.9813 -48.1008 0.8000,
-116.9813 -29.0518 -0.4000,
-116.9813 -29.0518 0.8000,
-116.9813 -10.0008 -0.4000,
-116.9813 -10.0008 0.8000,
-116.9813 9.0492 -0.4000,
-116.9813 9.0492 0.8000,
-116.9171 -66.7908 -1.9000,
-116.8552 -48.3113 -0.4000,
-116.8552 -48.3113 0.8000,
-116.8552 -29.2622 -0.4000,
-116.8552 -29.2622 0.8000,
-116.8552 -10.2112 -0.4000,
-116.8552 -10.2112 0.8000,
-116.8552 8.8388 -0.4000,
-116.8552 8.8388 0.8000,
-116.8396 -46.7842 -1.4000,
-116.8396 -46.7842 -0.4000,
-116.8396 -27.7352 -1.4000,
-116.8396 -27.7352 -0.4000,
-116.8396 -8.6842 -1.4000,
-116.8396 -8.6842 -0.4000,
-116.8396 10.3658 -1.4000,
-116.8396 10.3658 -0.4000,
-116.8326 -47.2624 -1.9000,
-116.8326 -28.2134 -1.9000,
-116.8326 -9.1623 -1.9000,
-116.8326 9.8877 -1.9000,
-116.7980 -69.2008 -0.4000,
-116.7980 -69.2008 0.8000,
-116.7980 -68.5408 -0.4000,
-116.7980 -68.5408 0.8000,
-116.7860 -68.2958 -0.4000,
-116.7860 -68.2958 0.8000,
-116.7852 -68.2908 -0.4000,
-116.7852 -68.2908 0.8000,
-116.7729 -66.0658 -1.4000,
-116.7729 -66.0658 -0.4000,
-116.7729 -66.0658 0.8000,
-116.7729 -66.0658 1.8000,
-116.7503 -48.5330 -0.4000,
-116.7503 -48.5330 0.8000,
-116.7503 -29.4840 -0.4000,
-116.7503 -29.4840 0.8000,
-116.7503 -10.4330 -0.4000,
-116.7503 -10.4330 0.8000,
-116.7503 8.6170 -0.4000,
-116.7503 8.6170 0.8000,
-116.7500 -68.0530 -0.4000,
-116.7500 -68.0530 0.8000,
-116.7330 -66.5424 -1.9000,
-116.6903 -67.8150 -0.4000,
-116.6903 -67.8150 0.8000,
-116.6677 -48.7640 -0.4000,
-116.6677 -48.7640 0.8000,
-116.6677 -29.7150 -0.4000,
-116.6677 -29.7150 0.8000,
-116.6677 -10.6640 -0.4000,
-116.6677 -10.6640 0.8000,
-116.6677 8.3860 -0.4000,
-116.6677 8.3860 0.8000,
-116.6250 -47.4914 -1.9000,
-116.6250 -28.4424 -1.9000,
-116.6250 -9.3914 -1.9000,
-116.6250 9.6586 -1.9000,
-116.6081 -49.0020 -0.4000,
-116.6081 -49.0020 0.8000,
-116.6081 -29.9530 -0.4000,
-116.6081 -29.9530 0.8000,
-116.6081 -10.9020 -0.4000,
-116.6081 -10.9020 0.8000,
-116.6081 8.1480 -0.4000,
-116.6081 8.1480 0.8000,
-116.6077 -67.5840 -0.4000,
-116.6077 -67.5840 0.8000,
-116.5851 -47.0149 -1.4000,
-116.5851 -47.0149 -0.4000,
-116.5851 -27.9658 -1.4000,
-116.5851 -27.9658 -0.4000,
-116.5851 -8.9148 -1.4000,
-116.5851 -8.9148 -0.4000,
-116.5851 10.1352 -1.4000,
-116.5851 10.1352 -0.4000,
-116.5728 -49.2397 -0.4000,
-116.5728 -49.2397 0.8000,
-116.5728 -30.1908 -0.4000,
-116.5728 -30.1908 0.8000,
-116.5728 -11.1398 -0.4000,
-116.5728 -11.1398 0.8000,
-116.5728 7.9103 -0.4000,
-116.5728 7.9103 0.8000,
-116.5720 -49.2447 -0.4000,
-116.5720 -49.2447 0.8000,
-116.5720 -30.1957 -0.4000,
-116.5720 -30.1957 0.8000,
-116.5720 -11.1447 -0.4000,
-116.5720 -11.1447 0.8000,
-116.5720 7.9053 -0.4000,
-116.5720 7.9053 0.8000,
-116.5600 -50.1497 -0.4000,
-116.5600 -50.1497 0.8000,
-116.5600 -49.4897 -0.4000,
-116.5600 -49.4897 0.8000,
-116.5600 -31.1008 -0.4000,
-116.5600 -31.1008 0.8000,
-116.5600 -30.4408 -0.4000,
-116.5600 -30.4408 0.8000,
-116.5600 -12.0497 -0.4000,
-116.5600 -12.0497 0.8000,
-116.5600 -11.3898 -0.4000,
-116.5600 -11.3898 0.8000,
-116.5600 7.0003 -0.4000,
-116.5600 7.0003 0.8000,
-116.5600 7.6603 -0.4000,
-116.5600 7.6603 0.8000,
-116.5254 -66.3133 -1.9000,
-116.5184 -65.8352 -1.4000,
-116.5184 -65.8352 -0.4000,
-116.5184 -65.8352 0.8000,
-116.5184 -65.8352 1.8000,
-116.5028 -67.3622 -0.4000,
-116.5028 -67.3622 0.8000,
-116.4409 -47.7397 -1.9000,
-116.4409 -28.6908 -1.9000,
-116.4409 -9.6397 -1.9000,
-116.4409 9.4103 -1.9000,
-116.3767 -67.1518 -0.4000,
-116.3767 -67.1518 0.8000,
-116.3600 -49.2648 -1.9000,
-116.3600 -30.2157 -1.9000,
-116.3600 -11.1647 -1.9000,
-116.3600 7.8853 -1.9000,
-116.3545 -47.2694 -1.4000,
-116.3545 -47.2694 -0.4000,
-116.3545 -28.2203 -1.4000,
-116.3545 -28.2203 -0.4000,
-116.3545 -9.1693 -1.4000,
-116.3545 -9.1693 -0.4000,
-116.3545 9.8807 -1.4000,
-116.3545 9.8807 -0.4000,
-116.2963 -66.1058 -1.9000,
-116.2820 -48.0048 -1.9000,
-116.2820 -28.9558 -1.9000,
-116.2820 -9.9048 -1.9000,
-116.2820 9.1452 -1.9000,
-116.2425 -65.6306 -1.4000,
-116.2425 -65.6306 -0.4000,
-116.2425 -65.6306 0.8000,
-116.2425 -65.6306 1.8000,
-116.2305 -66.9547 -0.4000,
-116.2305 -66.9547 0.8000,
-116.1499 -47.5453 -1.4000,
-116.1499 -47.5453 -0.4000,
-116.1499 -28.4962 -1.4000,
-116.1499 -28.4962 -0.4000,
-116.1499 -9.4452 -1.4000,
-116.1499 -9.4452 -0.4000,
-116.1499 9.6048 -1.4000,
-116.1499 9.6048 -0.4000,
-116.1498 -48.2843 -1.9000,
-116.1498 -29.2353 -1.9000,
-116.1498 -10.1843 -1.9000,
-116.1498 8.8657 -1.9000,
-116.0658 -66.7730 -0.4000,
-116.0658 -66.7730 0.8000,
-116.0600 -49.2397 -1.4000,
-116.0600 -49.2397 -0.4000,
-116.0600 -49.2397 0.8000,
-116.0600 -49.2397 1.8000,
-116.0600 -30.1908 -1.4000,
-116.0600 -30.1908 -0.4000,
-116.0600 -30.1908 0.8000,
-116.0600 -30.1908 1.8000,
-116.0600 -11.1398 -1.4000,
-116.0600 -11.1398 -0.4000,
-116.0600 -11.1398 0.8000,
-116.0600 -11.1398 1.8000,
-116.0600 7.9103 -1.4000,
-116.0600 7.9103 -0.4000,
-116.0600 7.9103 0.8000,
-116.0600 7.9103 1.8000,
-116.0480 -65.9216 -1.9000,
-116.0456 -48.5754 -1.9000,
-116.0456 -29.5264 -1.9000,
-116.0456 -10.4753 -1.9000,
-116.0456 8.5747 -1.9000,
-115.9733 -47.8399 -1.4000,
-115.9733 -47.8399 -0.4000,
-115.9733 -28.7908 -1.4000,
-115.9733 -28.7908 -0.4000,
-115.9733 -9.7398 -1.4000,
-115.9733 -9.7398 -0.4000,
-115.9733 9.3102 -1.4000,
-115.9733 9.3102 -0.4000,
-115.9705 -48.8753 -1.9000,
-115.9705 -29.8262 -1.9000,
-115.9705 -10.7752 -1.9000,
-115.9705 8.2748 -1.9000,
-115.9479 -65.4540 -1.4000,
-115.9479 -65.4540 -0.4000,
-115.9479 -65.4540 0.8000,
-115.9479 -65.4540 1.8000,
-115.8840 -66.6082 -0.4000,
-115.8840 -66.6082 0.8000,
-115.8264 -48.1504 -1.4000,
-115.8264 -48.1504 -0.4000,
-115.8264 -29.1013 -1.4000,
-115.8264 -29.1013 -0.4000,
-115.8264 -10.0503 -1.4000,
-115.8264 -10.0503 -0.4000,
-115.8264 8.9997 -1.4000,
-115.8264 8.9997 -0.4000,
-115.7829 -65.7628 -1.9000,
-115.7107 -48.4738 -1.4000,
-115.7107 -48.4738 -0.4000,
-115.7107 -29.4247 -1.4000,
-115.7107 -29.4247 -0.4000,
-115.7107 -10.3737 -1.4000,
-115.7107 -10.3737 -0.4000,
-115.7107 8.6763 -1.4000,
-115.7107 8.6763 -0.4000,
-115.6869 -66.4620 -0.4000,
-115.6869 -66.4620 0.8000,
-115.6817 -48.5898 0.8000,
-115.6817 -48.5898 1.8000,
-115.6817 -29.5407 0.8000,
-115.6817 -29.5407 1.8000,
-115.6817 -10.4897 0.8000,
-115.6817 -10.4897 1.8000,
-115.6817 8.5603 0.8000,
-115.6817 8.5603 1.8000,
-115.6374 -65.3072 -1.4000,
-115.6374 -65.3072 -0.4000,
-115.6374 -65.3072 0.8000,
-115.6374 -65.3072 1.8000,
-115.6272 -48.8070 -1.4000,
-115.6272 -48.8070 -0.4000,
-115.6272 -48.8070 0.8000,
-115.6272 -48.8070 1.8000,
-115.6272 -29.7580 -1.4000,
-115.6272 -29.7580 -0.4000,
-115.6272 -29.7580 0.8000,
-115.6272 -29.7580 1.8000,
-115.6272 -10.7069 -1.4000,
-115.6272 -10.7069 -0.4000,
-115.6272 -10.7069 0.8000,
-115.6272 -10.7069 1.8000,
-115.6272 8.3431 -1.4000,
-115.6272 8.3431 -0.4000,
-115.6272 8.3431 0.8000,
-115.6272 8.3431 1.8000,
-115.5034 -65.6306 -1.9000,
-115.4765 -66.3360 -0.4000,
-115.4765 -66.3360 0.8000,
-115.3140 -65.1914 -1.4000,
-115.3140 -65.1914 -0.4000,
-115.3140 -65.1914 0.8000,
-115.3140 -65.1914 1.8000,
-115.2547 -66.2311 -0.4000,
-115.2547 -66.2311 0.8000,
-115.2124 -65.5264 -1.9000,
-115.0237 -66.1484 -0.4000,
-115.0237 -66.1484 0.8000,
-114.9808 -65.1080 -1.4000,
-114.9808 -65.1080 -0.4000,
-114.9808 -65.1080 0.8000,
-114.9808 -65.1080 1.8000,
-114.9125 -65.4512 -1.9000,
-114.7857 -66.0888 -0.4000,
-114.7857 -66.0888 0.8000,
-114.6410 -65.0576 -1.4000,
-114.6410 -65.0576 -0.4000,
-114.6410 -65.0576 0.8000,
-114.6410 -65.0576 1.8000,
-114.6067 -65.4059 -1.9000,
-114.5430 -66.0528 -0.4000,
-114.5430 -66.0528 0.8000,
-114.2980 -66.0408 -0.4000,
-114.2980 -66.0408 0.8000,
-114.2980 -65.3908 -1.9000,
-114.2980 -65.0408 -1.4000,
-114.2980 -65.0408 -0.4000,
-114.2980 -65.0408 0.8000,
-114.2980 -65.0408 1.8000,
-114.0530 -66.0528 -0.4000,
-114.0530 -66.0528 0.8000,
-113.9893 -65.4059 -1.9000,
-113.9550 -65.0576 -1.4000,
-113.9550 -65.0576 -0.4000,
-113.9550 -65.0576 0.8000,
-113.9550 -65.0576 1.8000,
-113.8103 -66.0888 -0.4000,
-113.8103 -66.0888 0.8000,
-113.6835 -65.4512 -1.9000,
-113.6152 -65.1080 -1.4000,
-113.6152 -65.1080 -0.4000,
-113.6152 -65.1080 0.8000,
-113.6152 -65.1080 1.8000,
-113.5723 -66.1484 -0.4000,
-113.5723 -66.1484 0.8000,
-113.3836 -65.5264 -1.9000,
-113.3413 -66.2311 -0.4000,
-113.3413 -66.2311 0.8000,
-113.2820 -65.1914 -1.4000,
-113.2820 -65.1914 -0.4000,
-113.2820 -65.1914 0.8000,
-113.2820 -65.1914 1.8000,
-113.1195 -66.3360 -0.4000,
-113.1195 -66.3360 0.8000,
-113.0926 -65.6306 -1.9000,
-112.9586 -65.3072 -1.4000,
-112.9586 -65.3072 -0.4000,
-112.9586 -65.3072 0.8000,
-112.9586 -65.3072 1.8000,
-112.9091 -66.4620 -0.4000,
-112.9091 -66.4620 0.8000,
-112.8131 -65.7628 -1.9000,
-112.7120 -66.6082 -0.4000,
-112.7120 -66.6082 0.8000,
-112.6481 -65.4540 -1.4000,
-112.6481 -65.4540 -0.4000,
-112.6481 -65.4540 0.8000,
-112.6481 -65.4540 1.8000,
-112.5480 -65.9216 -1.9000,
-112.5302 -66.7730 -0.4000,
-112.5302 -66.7730 0.8000,
-112.3655 -66.9547 -0.4000,
-112.3655 -66.9547 0.8000,
-112.3535 -65.6306 -1.4000,
-112.3535 -65.6306 -0.4000,
-112.3535 -65.6306 0.8000,
-112.3535 -65.6306 1.8000,
-112.3398 -65.6408 0.8000,
-112.3398 -65.6408 1.8000,
-112.2997 -66.1058 -1.9000,
-112.2193 -67.1518 -0.4000,
-112.2193 -67.1518 0.8000,
-112.0932 -67.3622 -0.4000,
-112.0932 -67.3622 0.8000,
-112.0776 -65.8352 -1.4000,
-112.0776 -65.8352 -0.4000,
-112.0706 -66.3133 -1.9000,
-111.9883 -67.5840 -0.4000,
-111.9883 -67.5840 0.8000,
-111.9057 -67.8150 -0.4000,
-111.9057 -67.8150 0.8000,
-111.8630 -66.5424 -1.9000,
-111.8461 -68.0530 -0.4000,
-111.8461 -68.0530 0.8000,
-111.8231 -66.0658 -1.4000,
-111.8231 -66.0658 -0.4000,
-111.8108 -68.2908 -0.4000,
-111.8108 -68.2908 0.8000,
-111.8100 -68.2958 -0.4000,
-111.8100 -68.2958 0.8000,
-111.7980 -69.2008 -0.4000,
-111.7980 -69.2008 0.8000,
-111.7980 -68.5408 -0.4000,
-111.7980 -68.5408 0.8000,
-111.6789 -66.7908 -1.9000,
-111.5980 -68.3158 -1.9000,
-111.5925 -66.3203 -1.4000,
-111.5925 -66.3203 -0.4000,
-111.5200 -67.0558 -1.9000,
-111.3879 -66.5962 -1.4000,
-111.3879 -66.5962 -0.4000,
-111.3878 -67.3354 -1.9000,
-111.2980 -68.2908 -1.4000,
-111.2980 -68.2908 -0.4000,
-111.2980 -68.2908 0.8000,
-111.2980 -68.2908 1.8000,
-111.2836 -67.6264 -1.9000,
-111.2113 -66.8908 -1.4000,
-111.2113 -66.8908 -0.4000,
-111.2085 -67.9263 -1.9000,
-111.0644 -67.2013 -1.4000,
-111.0644 -67.2013 -0.4000,
-110.9487 -67.5248 -1.4000,
-110.9487 -67.5248 -0.4000,
-110.9197 -67.6408 0.8000,
-110.9197 -67.6408 1.8000,
-110.8652 -67.8579 -1.4000,
-110.8652 -67.8579 -0.4000,
-110.8652 -67.8579 0.8000,
-110.8652 -67.8579 1.8000,
-105.7730 -65.6408 0.8000,
-105.7730 -65.6408 1.8000,
-105.7730 -48.5898 0.8000,
-105.7730 -48.5898 1.8000,
-105.7730 -46.5898 0.8000,
-105.7730 -46.5898 1.8000,
-105.7730 -29.5407 0.8000,
-105.7730 -29.5407 1.8000,
-105.7730 -27.5407 0.8000,
-105.7730 -27.5407 1.8000,
-105.7730 -10.4897 0.8000,
-105.7730 -10.4897 1.8000,
-105.7730 -8.4897 0.8000,
-105.7730 -8.4897 1.8000,
-105.7730 8.5603 0.8000,
-105.7730 8.5603 1.8000,
-103.7730 -65.6408 0.8000,
-103.7730 -65.6408 1.8000,
-103.7730 -48.5898 0.8000,
-103.7730 -48.5898 1.8000,
-103.7730 -46.5898 0.8000,
-103.7730 -46.5898 1.8000,
-103.7730 -29.5407 0.8000,
-103.7730 -29.5407 1.8000,
-103.7730 -27.5407 0.8000,
-103.7730 -27.5407 1.8000,
-103.7730 -10.4897 0.8000,
-103.7730 -10.4897 1.8000,
-103.7730 -8.4897 0.8000,
-103.7730 -8.4897 1.8000,
-103.7730 8.5603 0.8000,
-103.7730 8.5603 1.8000,
-98.6808 -67.8579 -1.4000,
-98.6808 -67.8579 -0.4000,
-98.6808 -67.8579 0.8000,
-98.6808 -67.8579 1.8000,
-98.6808 -48.8070 -1.4000,
-98.6808 -48.8070 -0.4000,
-98.6808 -48.8070 0.8000,
-98.6808 -48.8070 1.8000,
-98.6808 -29.7580 -1.4000,
-98.6808 -29.7580 -0.4000,
-98.6808 -29.7580 0.8000,
-98.6808 -29.7580 1.8000,
-98.6808 -10.7069 -1.4000,
-98.6808 -10.7069 -0.4000,
-98.6808 -10.7069 0.8000,
-98.6808 -10.7069 1.8000,
-98.6808 8.3431 -1.4000,
-98.6808 8.3431 -0.4000,
-98.6808 8.3431 0.8000,
-98.6808 8.3431 1.8000,
-98.6263 -67.6408 0.8000,
-98.6263 -67.6408 1.8000,
-98.6263 -48.5898 0.8000,
-98.6263 -48.5898 1.8000,
-98.6263 -29.5407 0.8000,
-98.6263 -29.5407 1.8000,
-98.6263 -10.4897 0.8000,
-98.6263 -10.4897 1.8000,
-98.6263 8.5603 0.8000,
-98.6263 8.5603 1.8000,
-98.5973 -67.5248 -1.4000,
-98.5973 -67.5248 -0.4000,
-98.5973 -48.4738 -1.4000,
-98.5973 -48.4738 -0.4000,
-98.5973 -29.4247 -1.4000,
-98.5973 -29.4247 -0.4000,
-98.5973 -10.3737 -1.4000,
-98.5973 -10.3737 -0.4000,
-98.5973 8.6763 -1.4000,
-98.5973 8.6763 -0.4000,
-98.4816 -67.2013 -1.4000,
-98.4816 -67.2013 -0.4000,
-98.4816 -48.1504 -1.4000,
-98.4816 -48.1504 -0.4000,
-98.4816 -29.1013 -1.4000,
-98.4816 -29.1013 -0.4000,
-98.4816 -10.0503 -1.4000,
-98.4816 -10.0503 -0.4000,
-98.4816 8.9997 -1.4000,
-98.4816 8.9997 -0.4000,
-98.3375 -67.9263 -1.9000,
-98.3375 -48.8753 -1.9000,
-98.3375 -29.8262 -1.9000,
-98.3375 -10.7752 -1.9000,
-98.3375 8.2748 -1.9000,
-98.3347 -66.8908 -1.4000,
-98.3347 -66.8908 -0.4000,
-98.3347 -47.8399 -1.4000,
-98.3347 -47.8399 -0.4000,
-98.3347 -28.7908 -1.4000,
-98.3347 -28.7908 -0.4000,
-98.3347 -9.7398 -1.4000,
-98.3347 -9.7398 -0.4000,
-98.3347 9.3102 -1.4000,
-98.3347 9.3102 -0.4000,
-98.2624 -67.6264 -1.9000,
-98.2624 -48.5754 -1.9000,
-98.2624 -29.5264 -1.9000,
-98.2624 -10.4753 -1.9000,
-98.2624 8.5747 -1.9000,
-98.2480 -68.2908 -1.4000,
-98.2480 -68.2908 -0.4000,
-98.2480 -68.2908 0.8000,
-98.2480 -68.2908 1.8000,
-98.2480 -49.2397 -1.4000,
-98.2480 -49.2397 -0.4000,
-98.2480 -49.2397 0.8000,
-98.2480 -49.2397 1.8000,
-98.2480 -30.1908 -1.4000,
-98.2480 -30.1908 -0.4000,
-98.2480 -30.1908 0.8000,
-98.2480 -30.1908 1.8000,
-98.2480 -11.1398 -1.4000,
-98.2480 -11.1398 -0.4000,
-98.2480 -11.1398 0.8000,
-98.2480 -11.1398 1.8000,
-98.2480 7.9103 -1.4000,
-98.2480 7.9103 -0.4000,
-98.2480 7.9103 0.8000,
-98.2480 7.9103 1.8000,
-98.1582 -67.3354 -1.9000,
-98.1582 -48.2843 -1.9000,
-98.1582 -29.2353 -1.9000,
-98.1582 -10.1843 -1.9000,
-98.1582 8.8657 -1.9000,
-98.1581 -66.5962 -1.4000,
-98.1581 -66.5962 -0.4000,
-98.1581 -47.5453 -1.4000,
-98.1581 -47.5453 -0.4000,
-98.1581 -28.4962 -1.4000,
-98.1581 -28.4962 -0.4000,
-98.1581 -9.4452 -1.4000,
-98.1581 -9.4452 -0.4000,
-98.1581 9.6048 -1.4000,
-98.1581 9.6048 -0.4000,
-98.0260 -67.0558 -1.9000,
-98.0260 -48.0048 -1.9000,
-98.0260 -28.9558 -1.9000,
-98.0260 -9.9048 -1.9000,
-98.0260 9.1452 -1.9000,
-97.9535 -66.3203 -1.4000,
-97.9535 -66.3203 -0.4000,
-97.9535 -47.2694 -1.4000,
-97.9535 -47.2694 -0.4000,
-97.9535 -28.2203 -1.4000,
-97.9535 -28.2203 -0.4000,
-97.9535 -9.1693 -1.4000,
-97.9535 -9.1693 -0.4000,
-97.9535 9.8807 -1.4000,
-97.9535 9.8807 -0.4000,
-97.9480 -68.3158 -1.9000,
-97.9480 -49.2648 -1.9000,
-97.9480 -30.2157 -1.9000,
-97.9480 -11.1647 -1.9000,
-97.9480 7.8853 -1.9000,
-97.8671 -66.7908 -1.9000,
-97.8671 -47.7397 -1.9000,
-97.8671 -28.6908 -1.9000,
-97.8671 -9.6397 -1.9000,
-97.8671 9.4103 -1.9000,
-97.7480 -69.2008 -0.4000,
-97.7480 -69.2008 0.8000,
-97.7480 -68.5408 -0.4000,
-97.7480 -68.5408 0.8000,
-97.7480 -50.1497 -0.4000,
-97.7480 -50.1497 0.8000,
-97.7480 -49.4897 -0.4000,
-97.7480 -49.4897 0.8000,
-97.7480 -31.1008 -0.4000,
-97.7480 -31.1008 0.8000,
-97.7480 -30.4408 -0.4000,
-97.7480 -30.4408 0.8000,
-97.7480 -12.0497 -0.4000,
-97.7480 -12.0497 0.8000,
-97.7480 -11.3898 -0.4000,
-97.7480 -11.3898 0.8000,
-97.7480 7.0003 -0.4000,
-97.7480 7.0003 0.8000,
-97.7480 7.6603 -0.4000,
-97.7480 7.6603 0.8000,
-97.7360 -68.2958 -0.4000,
-97.7360 -68.2958 0.8000,
-97.7360 -49.2447 -0.4000,
-97.7360 -49.2447 0.8000,
-97.7360 -30.1957 -0.4000,
-97.7360 -30.1957 0.8000,
-97.7360 -11.1447 -0.4000,
-97.7360 -11.1447 0.8000,
-97.7360 7.9053 -0.4000,
-97.7360 7.9053 0.8000,
-97.7352 -68.2908 -0.4000,
-97.7352 -68.2908 0.8000,
-97.7352 -49.2397 -0.4000,
-97.7352 -49.2397 0.8000,
-97.7352 -30.1908 -0.4000,
-97.7352 -30.1908 0.8000,
-97.7352 -11.1398 -0.4000,
-97.7352 -11.1398 0.8000,
-97.7352 7.9103 -0.4000,
-97.7352 7.9103 0.8000,
-97.7229 -66.0658 -1.4000,
-97.7229 -66.0658 -0.4000,
-97.7229 -47.0149 -1.4000,
-97.7229 -47.0149 -0.4000,
-97.7229 -27.9658 -1.4000,
-97.7229 -27.9658 -0.4000,
-97.7229 -8.9148 -1.4000,
-97.7229 -8.9148 -0.4000,
-97.7229 10.1352 -1.4000,
-97.7229 10.1352 -0.4000,
-97.7000 -68.0530 -0.4000,
-97.7000 -68.0530 0.8000,
-97.7000 -49.0020 -0.4000,
-97.7000 -49.0020 0.8000,
-97.7000 -29.9530 -0.4000,
-97.7000 -29.9530 0.8000,
-97.7000 -10.9020 -0.4000,
-97.7000 -10.9020 0.8000,
-97.7000 8.1480 -0.4000,
-97.7000 8.1480 0.8000,
-97.6830 -66.5424 -1.9000,
-97.6830 -47.4914 -1.9000,
-97.6830 -28.4424 -1.9000,
-97.6830 -9.3914 -1.9000,
-97.6830 9.6586 -1.9000,
-97.6404 -67.8150 -0.4000,
-97.6404 -67.8150 0.8000,
-97.6404 -48.7640 -0.4000,
-97.6404 -48.7640 0.8000,
-97.6404 -29.7150 -0.4000,
-97.6404 -29.7150 0.8000,
-97.6404 -10.6640 -0.4000,
-97.6404 -10.6640 0.8000,
-97.6404 8.3860 -0.4000,
-97.6404 8.3860 0.8000,
-97.5577 -67.5840 -0.4000,
-97.5577 -67.5840 0.8000,
-97.5577 -48.5330 -0.4000,
-97.5577 -48.5330 0.8000,
-97.5577 -29.4840 -0.4000,
-97.5577 -29.4840 0.8000,
-97.5577 -10.4330 -0.4000,
-97.5577 -10.4330 0.8000,
-97.5577 8.6170 -0.4000,
-97.5577 8.6170 0.8000,
-97.4754 -66.3133 -1.9000,
-97.4754 -47.2624 -1.9000,
-97.4754 -28.2134 -1.9000,
-97.4754 -9.1623 -1.9000,
-97.4754 9.8877 -1.9000,
-97.4684 -65.8352 -1.4000,
-97.4684 -65.8352 -0.4000,
-97.4684 -46.7842 -1.4000,
-97.4684 -46.7842 -0.4000,
-97.4684 -27.7352 -1.4000,
-97.4684 -27.7352 -0.4000,
-97.4684 -8.6842 -1.4000,
-97.4684 -8.6842 -0.4000,
-97.4684 10.3658 -1.4000,
-97.4684 10.3658 -0.4000,
-97.4528 -67.3622 -0.4000,
-97.4528 -67.3622 0.8000,
-97.4528 -48.3113 -0.4000,
-97.4528 -48.3113 0.8000,
-97.4528 -29.2622 -0.4000,
-97.4528 -29.2622 0.8000,
-97.4528 -10.2112 -0.4000,
-97.4528 -10.2112 0.8000,
-97.4528 8.8388 -0.4000,
-97.4528 8.8388 0.8000,
-97.3267 -67.1518 -0.4000,
-97.3267 -67.1518 0.8000,
-97.3267 -48.1008 -0.4000,
-97.3267 -48.1008 0.8000,
-97.3267 -29.0518 -0.4000,
-97.3267 -29.0518 0.8000,
-97.3267 -10.0008 -0.4000,
-97.3267 -10.0008 0.8000,
-97.3267 9.0492 -0.4000,
-97.3267 9.0492 0.8000,
-97.2463 -66.1058 -1.9000,
-97.2463 -47.0548 -1.9000,
-97.2463 -28.0058 -1.9000,
-97.2463 -8.9547 -1.9000,
-97.2463 10.0953 -1.9000,
-97.2062 -65.6408 0.8000,
-97.2062 -65.6408 1.8000,
-97.2062 -46.5898 0.8000,
-97.2062 -46.5898 1.8000,
-97.2062 -27.5407 0.8000,
-97.2062 -27.5407 1.8000,
-97.2062 -8.4897 0.8000,
-97.2062 -8.4897 1.8000,
-97.2062 10.5603 0.8000,
-97.2062 10.5603 1.8000,
-97.1925 -65.6306 -1.4000,
-97.1925 -65.6306 -0.4000,
-97.1925 -65.6306 0.8000,
-97.1925 -65.6306 1.8000,
-97.1925 -46.5796 -1.4000,
-97.1925 -46.5796 -0.4000,
-97.1925 -46.5796 0.8000,
-97.1925 -46.5796 1.8000,
-97.1925 -27.5306 -1.4000,
-97.1925 -27.5306 -0.4000,
-97.1925 -27.5306 0.8000,
-97.1925 -27.5306 1.8000,
-97.1925 -8.4796 -1.4000,
-97.1925 -8.4796 -0.4000,
-97.1925 -8.4796 0.8000,
-97.1925 -8.4796 1.8000,
-97.1925 10.5704 -1.4000,
-97.1925 10.5704 -0.4000,
-97.1925 10.5704 0.8000,
-97.1925 10.5704 1.8000,
-97.1805 -66.9547 -0.4000,
-97.1805 -66.9547 0.8000,
-97.1805 -47.9038 -0.4000,
-97.1805 -47.9038 0.8000,
-97.1805 -28.8547 -0.4000,
-97.1805 -28.8547 0.8000,
-97.1805 -9.8037 -0.4000,
-97.1805 -9.8037 0.8000,
-97.1805 9.2463 -0.4000,
-97.1805 9.2463 0.8000,
-97.0158 -66.7730 -0.4000,
-97.0158 -66.7730 0.8000,
-97.0158 -47.7220 -0.4000,
-97.0158 -47.7220 0.8000,
-97.0158 -28.6729 -0.4000,
-97.0158 -28.6729 0.8000,
-97.0158 -9.6219 -0.4000,
-97.0158 -9.6219 0.8000,
-97.0158 9.4281 -0.4000,
-97.0158 9.4281 0.8000,
-96.9980 -65.9216 -1.9000,
-96.9980 -46.8706 -1.9000,
-96.9980 -27.8216 -1.9000,
-96.9980 -8.7706 -1.9000,
-96.9980 10.2794 -1.9000,
-96.8979 -65.4540 -1.4000,
-96.8979 -65.4540 -0.4000,
-96.8979 -65.4540 0.8000,
-96.8979 -65.4540 1.8000,
-96.8979 -46.4030 -1.4000,
-96.8979 -46.4030 -0.4000,
-96.8979 -46.4030 0.8000,
-96.8979 -46.4030 1.8000,
-96.8979 -27.3540 -1.4000,
-96.8979 -27.3540 -0.4000,
-96.8979 -27.3540 0.8000,
-96.8979 -27.3540 1.8000,
-96.8979 -8.3030 -1.4000,
-96.8979 -8.3030 -0.4000,
-96.8979 -8.3030 0.8000,
-96.8979 -8.3030 1.8000,
-96.8979 10.7470 -1.4000,
-96.8979 10.7470 -0.4000,
-96.8979 10.7470 0.8000,
-96.8979 10.7470 1.8000,
-96.8340 -66.6082 -0.4000,
-96.8340 -66.6082 0.8000,
-96.8340 -47.5572 -0.4000,
-96.8340 -47.5572 0.8000,
-96.8340 -28.5082 -0.4000,
-96.8340 -28.5082 0.8000,
-96.8340 -9.4572 -0.4000,
-96.8340 -9.4572 0.8000,
-96.8340 9.5928 -0.4000,
-96.8340 9.5928 0.8000,
-96.7329 -65.7628 -1.9000,
-96.7329 -46.7117 -1.9000,
-96.7329 -27.6627 -1.9000,
-96.7329 -8.6117 -1.9000,
-96.7329 10.4383 -1.9000,
-96.6369 -66.4620 -0.4000,
-96.6369 -66.4620 0.8000,
-96.6369 -47.4111 -0.4000,
-96.6369 -47.4111 0.8000,
-96.6369 -28.3621 -0.4000,
-96.6369 -28.3621 0.8000,
-96.6369 -9.3110 -0.4000,
-96.6369 -9.3110 0.8000,
-96.6369 9.7390 -0.4000,
-96.6369 9.7390 0.8000,
-96.5874 -65.3072 -1.4000,
-96.5874 -65.3072 -0.4000,
-96.5874 -65.3072 0.8000,
-96.5874 -65.3072 1.8000,
-96.5874 -46.2562 -1.4000,
-96.5874 -46.2562 -0.4000,
-96.5874 -46.2562 0.8000,
-96.5874 -46.2562 1.8000,
-96.5874 -27.2071 -1.4000,
-96.5874 -27.2071 -0.4000,
-96.5874 -27.2071 0.8000,
-96.5874 -27.2071 1.8000,
-96.5874 -8.1561 -1.4000,
-96.5874 -8.1561 -0.4000,
-96.5874 -8.1561 0.8000,
-96.5874 -8.1561 1.8000,
-96.5874 10.8939 -1.4000,
-96.5874 10.8939 -0.4000,
-96.5874 10.8939 0.8000,
-96.5874 10.8939 1.8000,
-96.4534 -65.6306 -1.9000,
-96.4534 -46.5795 -1.9000,
-96.4534 -27.5306 -1.9000,
-96.4534 -8.4795 -1.9000,
-96.4534 10.5705 -1.9000,
-96.4265 -66.3360 -0.4000,
-96.4265 -66.3360 0.8000,
-96.4265 -47.2850 -0.4000,
-96.4265 -47.2850 0.8000,
-96.4265 -28.2359 -0.4000,
-96.4265 -28.2359 0.8000,
-96.4265 -9.1849 -0.4000,
-96.4265 -9.1849 0.8000,
-96.4265 9.8651 -0.4000,
-96.4265 9.8651 0.8000,
-96.2640 -65.1914 -1.4000,
-96.2640 -65.1914 -0.4000,
-96.2640 -65.1914 0.8000,
-96.2640 -65.1914 1.8000,
-96.2640 -46.1405 -1.4000,
-96.2640 -46.1405 -0.4000,
-96.2640 -46.1405 0.8000,
-96.2640 -46.1405 1.8000,
-96.2640 -27.0914 -1.4000,
-96.2640 -27.0914 -0.4000,
-96.2640 -27.0914 0.8000,
-96.2640 -27.0914 1.8000,
-96.2640 -8.0404 -1.4000,
-96.2640 -8.0404 -0.4000,
-96.2640 -8.0404 0.8000,
-96.2640 -8.0404 1.8000,
-96.2640 11.0096 -1.4000,
-96.2640 11.0096 -0.4000,
-96.2640 11.0096 0.8000,
-96.2640 11.0096 1.8000,
-96.2047 -66.2311 -0.4000,
-96.2047 -66.2311 0.8000,
-96.2047 -47.1801 -0.4000,
-96.2047 -47.1801 0.8000,
-96.2047 -28.1310 -0.4000,
-96.2047 -28.1310 0.8000,
-96.2047 -9.0800 -0.4000,
-96.2047 -9.0800 0.8000,
-96.2047 9.9700 -0.4000,
-96.2047 9.9700 0.8000,
-96.1624 -65.5264 -1.9000,
-96.1624 -46.4754 -1.9000,
-96.1624 -27.4263 -1.9000,
-96.1624 -8.3753 -1.9000,
-96.1624 10.6747 -1.9000,
-95.9737 -66.1484 -0.4000,
-95.9737 -66.1484 0.8000,
-95.9737 -47.0974 -0.4000,
-95.9737 -47.0974 0.8000,
-95.9737 -28.0484 -0.4000,
-95.9737 -28.0484 0.8000,
-95.9737 -8.9973 -0.4000,
-95.9737 -8.9973 0.8000,
-95.9737 10.0526 -0.4000,
-95.9737 10.0526 0.8000,
-95.9308 -65.1080 -1.4000,
-95.9308 -65.1080 -0.4000,
-95.9308 -65.1080 0.8000,
-95.9308 -65.1080 1.8000,
-95.9308 -46.0570 -1.4000,
-95.9308 -46.0570 -0.4000,
-95.9308 -46.0570 0.8000,
-95.9308 -46.0570 1.8000,
-95.9308 -27.0080 -1.4000,
-95.9308 -27.0080 -0.4000,
-95.9308 -27.0080 0.8000,
-95.9308 -27.0080 1.8000,
-95.9308 -7.9570 -1.4000,
-95.9308 -7.9570 -0.4000,
-95.9308 -7.9570 0.8000,
-95.9308 -7.9570 1.8000,
-95.9308 11.0930 -1.4000,
-95.9308 11.0930 -0.4000,
-95.9308 11.0930 0.8000,
-95.9308 11.0930 1.8000,
-95.8625 -65.4512 -1.9000,
-95.8625 -46.4003 -1.9000,
-95.8625 -27.3512 -1.9000,
-95.8625 -8.3002 -1.9000,
-95.8625 10.7498 -1.9000,
-95.7357 -66.0888 -0.4000,
-95.7357 -66.0888 0.8000,
-95.7357 -47.0378 -0.4000,
-95.7357 -47.0378 0.8000,
-95.7357 -27.9888 -0.4000,
-95.7357 -27.9888 0.8000,
-95.7357 -8.9377 -0.4000,
-95.7357 -8.9377 0.8000,
-95.7357 10.1123 -0.4000,
-95.7357 10.1123 0.8000,
-95.5910 -65.0576 -1.4000,
-95.5910 -65.0576 -0.4000,
-95.5910 -65.0576 0.8000,
-95.5910 -65.0576 1.8000,
-95.5910 -46.0066 -1.4000,
-95.5910 -46.0066 -0.4000,
-95.5910 -46.0066 0.8000,
-95.5910 -46.0066 1.8000,
-95.5910 -26.9576 -1.4000,
-95.5910 -26.9576 -0.4000,
-95.5910 -26.9576 0.8000,
-95.5910 -26.9576 1.8000,
-95.5910 -7.9066 -1.4000,
-95.5910 -7.9066 -0.4000,
-95.5910 -7.9066 0.8000,
-95.5910 -7.9066 1.8000,
-95.5910 11.1434 -1.4000,
-95.5910 11.1434 -0.4000,
-95.5910 11.1434 0.8000,
-95.5910 11.1434 1.8000,
-95.5567 -65.4059 -1.9000,
-95.5567 -46.3549 -1.9000,
-95.5567 -27.3059 -1.9000,
-95.5567 -8.2549 -1.9000,
-95.5567 10.7951 -1.9000,
-95.4930 -66.0528 -0.4000,
-95.4930 -66.0528 0.8000,
-95.4930 -47.0018 -0.4000,
-95.4930 -47.0018 0.8000,
-95.4930 -27.9528 -0.4000,
-95.4930 -27.9528 0.8000,
-95.4930 -8.9017 -0.4000,
-95.4930 -8.9017 0.8000,
-95.4930 10.1483 -0.4000,
-95.4930 10.1483 0.8000,
-95.2480 -66.0408 -0.4000,
-95.2480 -66.0408 0.8000,
-95.2480 -65.3908 -1.9000,
-95.2480 -65.0408 -1.4000,
-95.2480 -65.0408 -0.4000,
-95.2480 -65.0408 0.8000,
-95.2480 -65.0408 1.8000,
-95.2480 -46.9897 -0.4000,
-95.2480 -46.9897 0.8000,
-95.2480 -46.3398 -1.9000,
-95.2480 -45.9897 -1.4000,
-95.2480 -45.9897 -0.4000,
-95.2480 -45.9897 0.8000,
-95.2480 -45.9897 1.8000,
-95.2480 -27.9408 -0.4000,
-95.2480 -27.9408 0.8000,
-95.2480 -27.2907 -1.9000,
-95.2480 -26.9408 -1.4000,
-95.2480 -26.9408 -0.4000,
-95.2480 -26.9408 0.8000,
-95.2480 -26.9408 1.8000,
-95.2480 -8.8897 -0.4000,
-95.2480 -8.8897 0.8000,
-95.2480 -8.2397 -1.9000,
-95.2480 -7.8897 -1.4000,
-95.2480 -7.8897 -0.4000,
-95.2480 -7.8897 0.8000,
-95.2480 -7.8897 1.8000,
-95.2480 10.1603 -0.4000,
-95.2480 10.1603 0.8000,
-95.2480 10.8103 -1.9000,
-95.2480 11.1603 -1.4000,
-95.2480 11.1603 -0.4000,
-95.2480 11.1603 0.8000,
-95.2480 11.1603 1.8000,
-95.0030 -66.0528 -0.4000,
-95.0030 -66.0528 0.8000,
-95.0030 -47.0018 -0.4000,
-95.0030 -47.0018 0.8000,
-95.0030 -27.9528 -0.4000,
-95.0030 -27.9528 0.8000,
-95.0030 -8.9017 -0.4000,
-95.0030 -8.9017 0.8000,
-95.0030 10.1483 -0.4000,
-95.0030 10.1483 0.8000,
-94.9393 -65.4059 -1.9000,
-94.9393 -46.3549 -1.9000,
-94.9393 -27.3059 -1.9000,
-94.9393 -8.2549 -1.9000,
-94.9393 10.7951 -1.9000,
-94.9050 -65.0576 -1.4000,
-94.9050 -65.0576 -0.4000,
-94.9050 -65.0576 0.8000,
-94.9050 -65.0576 1.8000,
-94.9050 -46.0066 -1.4000,
-94.9050 -46.0066 -0.4000,
-94.9050 -46.0066 0.8000,
-94.9050 -46.0066 1.8000,
-94.9050 -26.9576 -1.4000,
-94.9050 -26.9576 -0.4000,
-94.9050 -26.9576 0.8000,
-94.9050 -26.9576 1.8000,
-94.9050 -7.9066 -1.4000,
-94.9050 -7.9066 -0.4000,
-94.9050 -7.9066 0.8000,
-94.9050 -7.9066 1.8000,
-94.9050 11.1434 -1.4000,
-94.9050 11.1434 -0.4000,
-94.9050 11.1434 0.8000,
-94.9050 11.1434 1.8000,
-94.7603 -66.0888 -0.4000,
-94.7603 -66.0888 0.8000,
-94.7603 -47.0378 -0.4000,
-94.7603 -47.0378 0.8000,
-94.7603 -27.9888 -0.4000,
-94.7603 -27.9888 0.8000,
-94.7603 -8.9377 -0.4000,
-94.7603 -8.9377 0.8000,
-94.7603 10.1123 -0.4000,
-94.7603 10.1123 0.8000,
-94.6335 -65.4512 -1.9000,
-94.6335 -46.4003 -1.9000,
-94.6335 -27.3512 -1.9000,
-94.6335 -8.3002 -1.9000,
-94.6335 10.7498 -1.9000,
-94.5652 -65.1080 -1.4000,
-94.5652 -65.1080 -0.4000,
-94.5652 -65.1080 0.8000,
-94.5652 -65.1080 1.8000,
-94.5652 -46.0570 -1.4000,
-94.5652 -46.0570 -0.4000,
-94.5652 -46.0570 0.8000,
-94.5652 -46.0570 1.8000,
-94.5652 -27.0080 -1.4000,
-94.5652 -27.0080 -0.4000,
-94.5652 -27.0080 0.8000,
-94.5652 -27.0080 1.8000,
-94.5652 -7.9570 -1.4000,
-94.5652 -7.9570 -0.4000,
-94.5652 -7.9570 0.8000,
-94.5652 -7.9570 1.8000,
-94.5652 11.0930 -1.4000,
-94.5652 11.0930 -0.4000,
-94.5652 11.0930 0.8000,
-94.5652 11.0930 1.8000,
-94.5223 -66.1484 -0.4000,
-94.5223 -66.1484 0.8000,
-94.5223 -47.0974 -0.4000,
-94.5223 -47.0974 0.8000,
-94.5223 -28.0484 -0.4000,
-94.5223 -28.0484 0.8000,
-94.5223 -8.9973 -0.4000,
-94.5223 -8.9973 0.8000,
-94.5223 10.0526 -0.4000,
-94.5223 10.0526 0.8000,
-94.3336 -65.5264 -1.9000,
-94.3336 -46.4754 -1.9000,
-94.3336 -27.4263 -1.9000,
-94.3336 -8.3753 -1.9000,
-94.3336 10.6747 -1.9000,
-94.2913 -66.2311 -0.4000,
-94.2913 -66.2311 0.8000,
-94.2913 -47.1801 -0.4000,
-94.2913 -47.1801 0.8000,
-94.2913 -28.1310 -0.4000,
-94.2913 -28.1310 0.8000,
-94.2913 -9.0800 -0.4000,
-94.2913 -9.0800 0.8000,
-94.2913 9.9700 -0.4000,
-94.2913 9.9700 0.8000,
-94.2320 -65.1914 -1.4000,
-94.2320 -65.1914 -0.4000,
-94.2320 -65.1914 0.8000,
-94.2320 -65.1914 1.8000,
-94.2320 -46.1405 -1.4000,
-94.2320 -46.1405 -0.4000,
-94.2320 -46.1405 0.8000,
-94.2320 -46.1405 1.8000,
-94.2320 -27.0914 -1.4000,
-94.2320 -27.0914 -0.4000,
-94.2320 -27.0914 0.8000,
-94.2320 -27.0914 1.8000,
-94.2320 -8.0404 -1.4000,
-94.2320 -8.0404 -0.4000,
-94.2320 -8.0404 0.8000,
-94.2320 -8.0404 1.8000,
-94.2320 11.0096 -1.4000,
-94.2320 11.0096 -0.4000,
-94.2320 11.0096 0.8000,
-94.2320 11.0096 1.8000,
-94.0695 -66.3360 -0.4000,
-94.0695 -66.3360 0.8000,
-94.0695 -47.2850 -0.4000,
-94.0695 -47.2850 0.8000,
-94.0695 -28.2359 -0.4000,
-94.0695 -28.2359 0.8000,
-94.0695 -9.1849 -0.4000,
-94.0695 -9.1849 0.8000,
-94.0695 9.8651 -0.4000,
-94.0695 9.8651 0.8000,
-94.0426 -65.6306 -1.9000,
-94.0426 -46.5795 -1.9000,
-94.0426 -27.5306 -1.9000,
-94.0426 -8.4795 -1.9000,
-94.0426 10.5705 -1.9000,
-93.9086 -65.3072 -1.4000,
-93.9086 -65.3072 -0.4000,
-93.9086 -65.3072 0.8000,
-93.9086 -65.3072 1.8000,
-93.9086 -46.2562 -1.4000,
-93.9086 -46.2562 -0.4000,
-93.9086 -46.2562 0.8000,
-93.9086 -46.2562 1.8000,
-93.9086 -27.2071 -1.4000,
-93.9086 -27.2071 -0.4000,
-93.9086 -27.2071 0.8000,
-93.9086 -27.2071 1.8000,
-93.9086 -8.1561 -1.4000,
-93.9086 -8.1561 -0.4000,
-93.9086 -8.1561 0.8000,
-93.9086 -8.1561 1.8000,
-93.9086 10.8939 -1.4000,
-93.9086 10.8939 -0.4000,
-93.9086 10.8939 0.8000,
-93.9086 10.8939 1.8000,
-93.8591 -66.4620 -0.4000,
-93.8591 -66.4620 0.8000,
-93.8591 -47.4111 -0.4000,
-93.8591 -47.4111 0.8000,
-93.8591 -28.3621 -0.4000,
-93.8591 -28.3621 0.8000,
-93.8591 -9.3110 -0.4000,
-93.8591 -9.3110 0.8000,
-93.8591 9.7390 -0.4000,
-93.8591 9.7390 0.8000,
-93.7631 -65.7628 -1.9000,
-93.7631 -46.7117 -1.9000,
-93.7631 -27.6627 -1.9000,
-93.7631 -8.6117 -1.9000,
-93.7631 10.4383 -1.9000,
-93.6620 -66.6082 -0.4000,
-93.6620 -66.6082 0.8000,
-93.6620 -47.5572 -0.4000,
-93.6620 -47.5572 0.8000,
-93.6620 -28.5082 -0.4000,
-93.6620 -28.5082 0.8000,
-93.6620 -9.4572 -0.4000,
-93.6620 -9.4572 0.8000,
-93.6620 9.5928 -0.4000,
-93.6620 9.5928 0.8000,
-93.5981 -65.4540 -1.4000,
-93.5981 -65.4540 -0.4000,
-93.5981 -65.4540 0.8000,
-93.5981 -65.4540 1.8000,
-93.5981 -46.4030 -1.4000,
-93.5981 -46.4030 -0.4000,
-93.5981 -46.4030 0.8000,
-93.5981 -46.4030 1.8000,
-93.5981 -27.3540 -1.4000,
-93.5981 -27.3540 -0.4000,
-93.5981 -27.3540 0.8000,
-93.5981 -27.3540 1.8000,
-93.5981 -8.3030 -1.4000,
-93.5981 -8.3030 -0.4000,
-93.5981 -8.3030 0.8000,
-93.5981 -8.3030 1.8000,
-93.5981 10.7470 -1.4000,
-93.5981 10.7470 -0.4000,
-93.5981 10.7470 0.8000,
-93.5981 10.7470 1.8000,
-93.4980 -65.9216 -1.9000,
-93.4980 -46.8706 -1.9000,
-93.4980 -27.8216 -1.9000,
-93.4980 -8.7706 -1.9000,
-93.4980 10.2794 -1.9000,
-93.4802 -66.7730 -0.4000,
-93.4802 -66.7730 0.8000,
-93.4802 -47.7220 -0.4000,
-93.4802 -47.7220 0.8000,
-93.4802 -28.6729 -0.4000,
-93.4802 -28.6729 0.8000,
-93.4802 -9.6219 -0.4000,
-93.4802 -9.6219 0.8000,
-93.4802 9.4281 -0.4000,
-93.4802 9.4281 0.8000,
-93.3155 -66.9547 -0.4000,
-93.3155 -66.9547 0.8000,
-93.3155 -47.9038 -0.4000,
-93.3155 -47.9038 0.8000,
-93.3155 -28.8547 -0.4000,
-93.3155 -28.8547 0.8000,
-93.3155 -9.8037 -0.4000,
-93.3155 -9.8037 0.8000,
-93.3155 9.2463 -0.4000,
-93.3155 9.2463 0.8000,
-93.3035 -65.6306 -1.4000,
-93.3035 -65.6306 -0.4000,
-93.3035 -65.6306 0.8000,
-93.3035 -65.6306 1.8000,
-93.3035 -46.5796 -1.4000,
-93.3035 -46.5796 -0.4000,
-93.3035 -46.5796 0.8000,
-93.3035 -46.5796 1.8000,
-93.3035 -27.5306 -1.4000,
-93.3035 -27.5306 -0.4000,
-93.3035 -27.5306 0.8000,
-93.3035 -27.5306 1.8000,
-93.3035 -8.4796 -1.4000,
-93.3035 -8.4796 -0.4000,
-93.3035 -8.4796 0.8000,
-93.3035 -8.4796 1.8000,
-93.3035 10.5704 -1.4000,
-93.3035 10.5704 -0.4000,
-93.3035 10.5704 0.8000,
-93.3035 10.5704 1.8000,
-93.2898 -65.6408 0.8000,
-93.2898 -65.6408 1.8000,
-93.2898 -46.5898 0.8000,
-93.2898 -46.5898 1.8000,
-93.2898 -27.5407 0.8000,
-93.2898 -27.5407 1.8000,
-93.2898 -8.4897 0.8000,
-93.2898 -8.4897 1.8000,
-93.2898 10.5603 0.8000,
-93.2898 10.5603 1.8000,
-93.2497 -66.1058 -1.9000,
-93.2497 -47.0548 -1.9000,
-93.2497 -28.0058 -1.9000,
-93.2497 -8.9547 -1.9000,
-93.2497 10.0953 -1.9000,
-93.1693 -67.1518 -0.4000,
-93.1693 -67.1518 0.8000,
-93.1693 -48.1008 -0.4000,
-93.1693 -48.1008 0.8000,
-93.1693 -29.0518 -0.4000,
-93.1693 -29.0518 0.8000,
-93.1693 -10.0008 -0.4000,
-93.1693 -10.0008 0.8000,
-93.1693 9.0492 -0.4000,
-93.1693 9.0492 0.8000,
-93.0432 -67.3622 -0.4000,
-93.0432 -67.3622 0.8000,
-93.0432 -48.3113 -0.4000,
-93.0432 -48.3113 0.8000,
-93.0432 -29.2622 -0.4000,
-93.0432 -29.2622 0.8000,
-93.0432 -10.2112 -0.4000,
-93.0432 -10.2112 0.8000,
-93.0432 8.8388 -0.4000,
-93.0432 8.8388 0.8000,
-93.0276 -65.8352 -1.4000,
-93.0276 -65.8352 -0.4000,
-93.0276 -46.7842 -1.4000,
-93.0276 -46.7842 -0.4000,
-93.0276 -27.7352 -1.4000,
-93.0276 -27.7352 -0.4000,
-93.0276 -8.6842 -1.4000,
-93.0276 -8.6842 -0.4000,
-93.0276 10.3658 -1.4000,
-93.0276 10.3658 -0.4000,
-93.0206 -66.3133 -1.9000,
-93.0206 -47.2624 -1.9000,
-93.0206 -28.2134 -1.9000,
-93.0206 -9.1623 -1.9000,
-93.0206 9.8877 -1.9000,
-92.9383 -67.5840 -0.4000,
-92.9383 -67.5840 0.8000,
-92.9383 -48.5330 -0.4000,
-92.9383 -48.5330 0.8000,
-92.9383 -29.4840 -0.4000,
-92.9383 -29.4840 0.8000,
-92.9383 -10.4330 -0.4000,
-92.9383 -10.4330 0.8000,
-92.9383 8.6170 -0.4000,
-92.9383 8.6170 0.8000,
-92.8557 -67.8150 -0.4000,
-92.8557 -67.8150 0.8000,
-92.8557 -48.7640 -0.4000,
-92.8557 -48.7640 0.8000,
-92.8557 -29.7150 -0.4000,
-92.8557 -29.7150 0.8000,
-92.8557 -10.6640 -0.4000,
-92.8557 -10.6640 0.8000,
-92.8557 8.3860 -0.4000,
-92.8557 8.3860 0.8000,
-92.8130 -66.5424 -1.9000,
-92.8130 -47.4914 -1.9000,
-92.8130 -28.4424 -1.9000,
-92.8130 -9.3914 -1.9000,
-92.8130 9.6586 -1.9000,
-92.7961 -68.0530 -0.4000,
-92.7961 -68.0530 0.8000,
-92.7961 -49.0020 -0.4000,
-92.7961 -49.0020 0.8000,
-92.7961 -29.9530 -0.4000,
-92.7961 -29.9530 0.8000,
-92.7961 -10.9020 -0.4000,
-92.7961 -10.9020 0.8000,
-92.7961 8.1480 -0.4000,
-92.7961 8.1480 0.8000,
-92.7731 -66.0658 -1.4000,
-92.7731 -66.0658 -0.4000,
-92.7731 -47.0149 -1.4000,
-92.7731 -47.0149 -0.4000,
-92.7731 -27.9658 -1.4000,
-92.7731 -27.9658 -0.4000,
-92.7731 -8.9148 -1.4000,
-92.7731 -8.9148 -0.4000,
-92.7731 10.1352 -1.4000,
-92.7731 10.1352 -0.4000,
-92.7608 -68.2908 -0.4000,
-92.7608 -68.2908 0.8000,
-92.7608 -49.2397 -0.4000,
-92.7608 -49.2397 0.8000,
-92.7608 -30.1908 -0.4000,
-92.7608 -30.1908 0.8000,
-92.7608 -11.1398 -0.4000,
-92.7608 -11.1398 0.8000,
-92.7608 7.9103 -0.4000,
-92.7608 7.9103 0.8000,
-92.7600 -68.2958 -0.4000,
-92.7600 -68.2958 0.8000,
-92.7600 -49.2447 -0.4000,
-92.7600 -49.2447 0.8000,
-92.7600 -30.1957 -0.4000,
-92.7600 -30.1957 0.8000,
-92.7600 -11.1447 -0.4000,
-92.7600 -11.1447 0.8000,
-92.7600 7.9053 -0.4000,
-92.7600 7.9053 0.8000,
-92.7480 -69.2008 -0.4000,
-92.7480 -69.2008 0.8000,
-92.7480 -68.5408 -0.4000,
-92.7480 -68.5408 0.8000,
-92.7480 -50.1497 -0.4000,
-92.7480 -50.1497 0.8000,
-92.7480 -49.4897 -0.4000,
-92.7480 -49.4897 0.8000,
-92.7480 -31.1008 -0.4000,
-92.7480 -31.1008 0.8000,
-92.7480 -30.4408 -0.4000,
-92.7480 -30.4408 0.8000,
-92.7480 -12.0497 -0.4000,
-92.7480 -12.0497 0.8000,
-92.7480 -11.3898 -0.4000,
-92.7480 -11.3898 0.8000,
-92.7480 7.0003 -0.4000,
-92.7480 7.0003 0.8000,
-92.7480 7.6603 -0.4000,
-92.7480 7.6603 0.8000,
-92.6289 -66.7908 -1.9000,
-92.6289 -47.7397 -1.9000,
-92.6289 -28.6908 -1.9000,
-92.6289 -9.6397 -1.9000,
-92.6289 9.4103 -1.9000,
-92.5480 -68.3158 -1.9000,
-92.5480 -49.2648 -1.9000,
-92.5480 -30.2157 -1.9000,
-92.5480 -11.1647 -1.9000,
-92.5480 7.8853 -1.9000,
-92.5425 -66.3203 -1.4000,
-92.5425 -66.3203 -0.4000,
-92.5425 -47.2694 -1.4000,
-92.5425 -47.2694 -0.4000,
-92.5425 -28.2203 -1.4000,
-92.5425 -28.2203 -0.4000,
-92.5425 -9.1693 -1.4000,
-92.5425 -9.1693 -0.4000,
-92.5425 9.8807 -1.4000,
-92.5425 9.8807 -0.4000,
-92.4700 -67.0558 -1.9000,
-92.4700 -48.0048 -1.9000,
-92.4700 -28.9558 -1.9000,
-92.4700 -9.9048 -1.9000,
-92.4700 9.1452 -1.9000,
-92.3379 -66.5962 -1.4000,
-92.3379 -66.5962 -0.4000,
-92.3379 -47.5453 -1.4000,
-92.3379 -47.5453 -0.4000,
-92.3379 -28.4962 -1.4000,
-92.3379 -28.4962 -0.4000,
-92.3379 -9.4452 -1.4000,
-92.3379 -9.4452 -0.4000,
-92.3379 9.6048 -1.4000,
-92.3379 9.6048 -0.4000,
-92.3378 -67.3354 -1.9000,
-92.3378 -48.2843 -1.9000,
-92.3378 -29.2353 -1.9000,
-92.3378 -10.1843 -1.9000,
-92.3378 8.8657 -1.9000,
-92.2480 -68.2908 -1.4000,
-92.2480 -68.2908 -0.4000,
-92.2480 -68.2908 0.8000,
-92.2480 -68.2908 1.8000,
-92.2480 -49.2397 -1.4000,
-92.2480 -49.2397 -0.4000,
-92.2480 -49.2397 0.8000,
-92.2480 -49.2397 1.8000,
-92.2480 -30.1908 -1.4000,
-92.2480 -30.1908 -0.4000,
-92.2480 -30.1908 0.8000,
-92.2480 -30.1908 1.8000,
-92.2480 -11.1398 -1.4000,
-92.2480 -11.1398 -0.4000,
-92.2480 -11.1398 0.8000,
-92.2480 -11.1398 1.8000,
-92.2480 7.9103 -1.4000,
-92.2480 7.9103 -0.4000,
-92.2480 7.9103 0.8000,
-92.2480 7.9103 1.8000,
-92.2336 -67.6264 -1.9000,
-92.2336 -48.5754 -1.9000,
-92.2336 -29.5264 -1.9000,
-92.2336 -10.4753 -1.9000,
-92.2336 8.5747 -1.9000,
-92.1613 -66.8908 -1.4000,
-92.1613 -66.8908 -0.4000,
-92.1613 -47.8399 -1.4000,
-92.1613 -47.8399 -0.4000,
-92.1613 -28.7908 -1.4000,
-92.1613 -28.7908 -0.4000,
-92.1613 -9.7398 -1.4000,
-92.1613 -9.7398 -0.4000,
-92.1613 9.3102 -1.4000,
-92.1613 9.3102 -0.4000,
-92.1585 -67.9263 -1.9000,
-92.1585 -48.8753 -1.9000,
-92.1585 -29.8262 -1.9000,
-92.1585 -10.7752 -1.9000,
-92.1585 8.2748 -1.9000,
-92.0144 -67.2013 -1.4000,
-92.0144 -67.2013 -0.4000,
-92.0144 -48.1504 -1.4000,
-92.0144 -48.1504 -0.4000,
-92.0144 -29.1013 -1.4000,
-92.0144 -29.1013 -0.4000,
-92.0144 -10.0503 -1.4000,
-92.0144 -10.0503 -0.4000,
-92.0144 8.9997 -1.4000,
-92.0144 8.9997 -0.4000,
-91.8987 -67.5248 -1.4000,
-91.8987 -67.5248 -0.4000,
-91.8987 -48.4738 -1.4000,
-91.8987 -48.4738 -0.4000,
-91.8987 -29.4247 -1.4000,
-91.8987 -29.4247 -0.4000,
-91.8987 -10.3737 -1.4000,
-91.8987 -10.3737 -0.4000,
-91.8987 8.6763 -1.4000,
-91.8987 8.6763 -0.4000,
-91.8697 -67.6408 0.8000,
-91.8697 -67.6408 1.8000,
-91.8697 -48.5898 0.8000,
-91.8697 -48.5898 1.8000,
-91.8697 -29.5407 0.8000,
-91.8697 -29.5407 1.8000,
-91.8697 -10.4897 0.8000,
-91.8697 -10.4897 1.8000,
-91.8697 8.5603 0.8000,
-91.8697 8.5603 1.8000,
-91.8152 -67.8579 -1.4000,
-91.8152 -67.8579 -0.4000,
-91.8152 -67.8579 0.8000,
-91.8152 -67.8579 1.8000,
-91.8152 -48.8070 -1.4000,
-91.8152 -48.8070 -0.4000,
-91.8152 -48.8070 0.8000,
-91.8152 -48.8070 1.8000,
-91.8152 -29.7580 -1.4000,
-91.8152 -29.7580 -0.4000,
-91.8152 -29.7580 0.8000,
-91.8152 -29.7580 1.8000,
-91.8152 -10.7069 -1.4000,
-91.8152 -10.7069 -0.4000,
-91.8152 -10.7069 0.8000,
-91.8152 -10.7069 1.8000,
-91.8152 8.3431 -1.4000,
-91.8152 8.3431 -0.4000,
-91.8152 8.3431 0.8000,
-91.8152 8.3431 1.8000,
-86.7230 -65.6408 0.8000,
-86.7230 -65.6408 1.8000,
-86.7230 -64.2587 0.8000,
-86.7230 -64.2587 1.8000,
-86.7230 -46.5898 0.8000,
-86.7230 -46.5898 1.8000,
-86.7230 -29.5407 0.8000,
-86.7230 -29.5407 1.8000,
-86.7230 -27.5407 0.8000,
-86.7230 -27.5407 1.8000,
-86.7230 -26.1587 0.8000,
-86.7230 -26.1587 1.8000,
-86.7230 -8.4897 0.8000,
-86.7230 -8.4897 1.8000,
-86.7230 -7.1087 0.8000,
-86.7230 -7.1087 1.8000,
-86.7230 10.5603 0.8000,
-86.7230 10.5603 1.8000,
-86.7230 11.9413 0.8000,
-86.7230 11.9413 1.8000,
-86.7182 -64.1608 0.8000,
-86.7182 -64.1608 1.8000,
-86.7182 -26.0607 0.8000,
-86.7182 -26.0607 1.8000,
-86.7182 -7.0107 0.8000,
-86.7182 -7.0107 1.8000,
-86.7182 12.0393 0.8000,
-86.7182 12.0393 1.8000,
-86.7038 -64.0636 0.8000,
-86.7038 -64.0636 1.8000,
-86.7038 -25.9636 0.8000,
-86.7038 -25.9636 1.8000,
-86.7038 -6.9136 0.8000,
-86.7038 -6.9136 1.8000,
-86.7038 12.1364 0.8000,
-86.7038 12.1364 1.8000,
-86.6799 -63.9684 0.8000,
-86.6799 -63.9684 1.8000,
-86.6799 -25.8684 0.8000,
-86.6799 -25.8684 1.8000,
-86.6799 -6.8184 0.8000,
-86.6799 -6.8184 1.8000,
-86.6799 12.2316 0.8000,
-86.6799 12.2316 1.8000,
-86.6469 -63.8760 0.8000,
-86.6469 -63.8760 1.8000,
-86.6469 -25.7760 0.8000,
-86.6469 -25.7760 1.8000,
-86.6469 -6.7260 0.8000,
-86.6469 -6.7260 1.8000,
-86.6469 12.3240 0.8000,
-86.6469 12.3240 1.8000,
-86.6049 -63.7874 0.8000,
-86.6049 -63.7874 1.8000,
-86.6049 -25.6874 0.8000,
-86.6049 -25.6874 1.8000,
-86.6049 -6.6373 0.8000,
-86.6049 -6.6373 1.8000,
-86.6049 12.4127 0.8000,
-86.6049 12.4127 1.8000,
-86.5545 -63.7032 0.8000,
-86.5545 -63.7032 1.8000,
-86.5545 -25.6031 0.8000,
-86.5545 -25.6031 1.8000,
-86.5545 -6.5531 0.8000,
-86.5545 -6.5531 1.8000,
-86.5545 12.4969 0.8000,
-86.5545 12.4969 1.8000,
-86.4960 -63.6244 0.8000,
-86.4960 -63.6244 1.8000,
-86.4960 -25.5243 0.8000,
-86.4960 -25.5243 1.8000,
-86.4960 -6.4743 0.8000,
-86.4960 -6.4743 1.8000,
-86.4960 12.5757 0.8000,
-86.4960 12.5757 1.8000,
-86.4301 -63.5516 0.8000,
-86.4301 -63.5516 1.8000,
-86.4301 -25.4516 0.8000,
-86.4301 -25.4516 1.8000,
-86.4301 -6.4016 0.8000,
-86.4301 -6.4016 1.8000,
-86.4301 12.6484 0.8000,
-86.4301 12.6484 1.8000,
-86.3574 -63.4857 0.8000,
-86.3574 -63.4857 1.8000,
-86.3574 -25.3857 0.8000,
-86.3574 -25.3857 1.8000,
-86.3574 -6.3357 0.8000,
-86.3574 -6.3357 1.8000,
-86.3574 12.7143 0.8000,
-86.3574 12.7143 1.8000,
-86.2786 -63.4272 0.8000,
-86.2786 -63.4272 1.8000,
-86.2786 -25.3272 0.8000,
-86.2786 -25.3272 1.8000,
-86.2786 -6.2772 0.8000,
-86.2786 -6.2772 1.8000,
-86.2786 12.7728 0.8000,
-86.2786 12.7728 1.8000,
-86.1944 -63.3768 0.8000,
-86.1944 -63.3768 1.8000,
-86.1944 -25.2768 0.8000,
-86.1944 -25.2768 1.8000,
-86.1944 -6.2268 0.8000,
-86.1944 -6.2268 1.8000,
-86.1944 12.8232 0.8000,
-86.1944 12.8232 1.8000,
-86.1057 -63.3348 0.8000,
-86.1057 -63.3348 1.8000,
-86.1057 -25.2348 0.8000,
-86.1057 -25.2348 1.8000,
-86.1057 -6.1848 0.8000,
-86.1057 -6.1848 1.8000,
-86.1057 12.8652 0.8000,
-86.1057 12.8652 1.8000,
-86.0133 -63.3017 0.8000,
-86.0133 -63.3017 1.8000,
-86.0133 -25.2018 0.8000,
-86.0133 -25.2018 1.8000,
-86.0133 -6.1518 0.8000,
-86.0133 -6.1518 1.8000,
-86.0133 12.8982 0.8000,
-86.0133 12.8982 1.8000,
-85.9181 -63.2780 0.8000,
-85.9181 -63.2780 1.8000,
-85.9181 -25.1780 0.8000,
-85.9181 -25.1780 1.8000,
-85.9181 -6.1279 0.8000,
-85.9181 -6.1279 1.8000,
-85.9181 12.9221 0.8000,
-85.9181 12.9221 1.8000,
-85.8210 -63.2636 0.8000,
-85.8210 -63.2636 1.8000,
-85.8210 -25.1635 0.8000,
-85.8210 -25.1635 1.8000,
-85.8210 -6.1135 0.8000,
-85.8210 -6.1135 1.8000,
-85.8210 12.9365 0.8000,
-85.8210 12.9365 1.8000,
-85.7230 -67.6408 0.8000,
-85.7230 -67.6408 1.8000,
-85.7230 -63.2588 0.8000,
-85.7230 -63.2588 1.8000,
-85.7230 -48.5898 0.8000,
-85.7230 -48.5898 1.8000,
-85.7230 -25.1587 0.8000,
-85.7230 -25.1587 1.8000,
-85.7230 -10.4897 0.8000,
-85.7230 -10.4897 1.8000,
-85.7230 -6.1087 0.8000,
-85.7230 -6.1087 1.8000,
-85.7230 8.5603 0.8000,
-85.7230 8.5603 1.8000,
-85.7230 12.9413 0.8000,
-85.7230 12.9413 1.8000,
-85.6250 -67.6360 0.8000,
-85.6250 -67.6360 1.8000,
-85.6250 -48.5849 0.8000,
-85.6250 -48.5849 1.8000,
-85.6250 -10.4849 0.8000,
-85.6250 -10.4849 1.8000,
-85.6250 8.5651 0.8000,
-85.6250 8.5651 1.8000,
-85.5279 -67.6215 0.8000,
-85.5279 -67.6215 1.8000,
-85.5279 -48.5705 0.8000,
-85.5279 -48.5705 1.8000,
-85.5279 -10.4705 0.8000,
-85.5279 -10.4705 1.8000,
-85.5279 8.5795 0.8000,
-85.5279 8.5795 1.8000,
-85.4327 -67.5976 0.8000,
-85.4327 -67.5976 1.8000,
-85.4327 -48.5467 0.8000,
-85.4327 -48.5467 1.8000,
-85.4327 -10.4466 0.8000,
-85.4327 -10.4466 1.8000,
-85.4327 8.6034 0.8000,
-85.4327 8.6034 1.8000,
-85.3403 -67.5646 0.8000,
-85.3403 -67.5646 1.8000,
-85.3403 -48.5136 0.8000,
-85.3403 -48.5136 1.8000,
-85.3403 -10.4136 0.8000,
-85.3403 -10.4136 1.8000,
-85.3403 8.6364 0.8000,
-85.3403 8.6364 1.8000,
-85.2516 -67.5226 0.8000,
-85.2516 -67.5226 1.8000,
-85.2516 -48.4717 0.8000,
-85.2516 -48.4717 1.8000,
-85.2516 -10.3716 0.8000,
-85.2516 -10.3716 1.8000,
-85.2516 8.6784 0.8000,
-85.2516 8.6784 1.8000,
-85.1674 -67.4722 0.8000,
-85.1674 -67.4722 1.8000,
-85.1674 -48.4212 0.8000,
-85.1674 -48.4212 1.8000,
-85.1674 -10.3212 0.8000,
-85.1674 -10.3212 1.8000,
-85.1674 8.7288 0.8000,
-85.1674 8.7288 1.8000,
-85.0886 -67.4137 0.8000,
-85.0886 -67.4137 1.8000,
-85.0886 -48.3628 0.8000,
-85.0886 -48.3628 1.8000,
-85.0886 -10.2627 0.8000,
-85.0886 -10.2627 1.8000,
-85.0886 8.7873 0.8000,
-85.0886 8.7873 1.8000,
-85.0159 -67.3478 0.8000,
-85.0159 -67.3478 1.8000,
-85.0159 -48.2968 0.8000,
-85.0159 -48.2968 1.8000,
-85.0159 -10.1968 0.8000,
-85.0159 -10.1968 1.8000,
-85.0159 8.8532 0.8000,
-85.0159 8.8532 1.8000,
-84.9500 -67.2752 0.8000,
-84.9500 -67.2752 1.8000,
-84.9500 -48.2241 0.8000,
-84.9500 -48.2241 1.8000,
-84.9500 -10.1241 0.8000,
-84.9500 -10.1241 1.8000,
-84.9500 8.9259 0.8000,
-84.9500 8.9259 1.8000,
-84.8915 -67.1964 0.8000,
-84.8915 -67.1964 1.8000,
-84.8915 -48.1453 0.8000,
-84.8915 -48.1453 1.8000,
-84.8915 -10.0453 0.8000,
-84.8915 -10.0453 1.8000,
-84.8915 9.0047 0.8000,
-84.8915 9.0047 1.8000,
-84.8411 -67.1121 0.8000,
-84.8411 -67.1121 1.8000,
-84.8411 -48.0611 0.8000,
-84.8411 -48.0611 1.8000,
-84.8411 -9.9611 0.8000,
-84.8411 -9.9611 1.8000,
-84.8411 9.0889 0.8000,
-84.8411 9.0889 1.8000,
-84.7991 -67.0234 0.8000,
-84.7991 -67.0234 1.8000,
-84.7991 -47.9724 0.8000,
-84.7991 -47.9724 1.8000,
-84.7991 -9.8724 0.8000,
-84.7991 -9.8724 1.8000,
-84.7991 9.1776 0.8000,
-84.7991 9.1776 1.8000,
-84.7661 -66.9310 0.8000,
-84.7661 -66.9310 1.8000,
-84.7661 -47.8800 0.8000,
-84.7661 -47.8800 1.8000,
-84.7661 -9.7800 0.8000,
-84.7661 -9.7800 1.8000,
-84.7661 9.2700 0.8000,
-84.7661 9.2700 1.8000,
-84.7422 -66.8358 0.8000,
-84.7422 -66.8358 1.8000,
-84.7422 -47.7848 0.8000,
-84.7422 -47.7848 1.8000,
-84.7422 -9.6848 0.8000,
-84.7422 -9.6848 1.8000,
-84.7422 9.3652 0.8000,
-84.7422 9.3652 1.8000,
-84.7278 -66.7388 0.8000,
-84.7278 -66.7388 1.8000,
-84.7278 -47.6878 0.8000,
-84.7278 -47.6878 1.8000,
-84.7278 -9.5877 0.8000,
-84.7278 -9.5877 1.8000,
-84.7278 9.4623 0.8000,
-84.7278 9.4623 1.8000,
-84.7230 -66.6408 0.8000,
-84.7230 -66.6408 1.8000,
-84.7230 -65.2587 0.8000,
-84.7230 -65.2587 1.8000,
-84.7230 -47.5898 0.8000,
-84.7230 -47.5898 1.8000,
-84.7230 -46.2088 0.8000,
-84.7230 -46.2088 1.8000,
-84.7230 -44.2088 0.8000,
-84.7230 -44.2088 1.8000,
-84.7230 -27.1587 0.8000,
-84.7230 -27.1587 1.8000,
-84.7230 -9.4897 0.8000,
-84.7230 -9.4897 1.8000,
-84.7230 -8.1087 0.8000,
-84.7230 -8.1087 1.8000,
-84.7230 9.5603 0.8000,
-84.7230 9.5603 1.8000,
-84.7230 10.9413 0.8000,
-84.7230 10.9413 1.8000,
-79.6308 -65.4759 -1.4000,
-79.6308 -65.4759 -0.4000,
-79.6308 -65.4759 0.8000,
-79.6308 -65.4759 1.8000,
-79.6308 -46.4260 -1.4000,
-79.6308 -46.4260 -0.4000,
-79.6308 -46.4260 0.8000,
-79.6308 -46.4260 1.8000,
-79.6308 -27.3759 -1.4000,
-79.6308 -27.3759 -0.4000,
-79.6308 -27.3759 0.8000,
-79.6308 -27.3759 1.8000,
-79.6308 -8.3259 -1.4000,
-79.6308 -8.3259 -0.4000,
-79.6308 -8.3259 0.8000,
-79.6308 -8.3259 1.8000,
-79.6308 10.7241 -1.4000,
-79.6308 10.7241 -0.4000,
-79.6308 10.7241 0.8000,
-79.6308 10.7241 1.8000,
-79.5763 -65.2587 0.8000,
-79.5763 -65.2587 1.8000,
-79.5763 -46.2088 0.8000,
-79.5763 -46.2088 1.8000,
-79.5763 -27.1587 0.8000,
-79.5763 -27.1587 1.8000,
-79.5763 -8.1087 0.8000,
-79.5763 -8.1087 1.8000,
-79.5763 10.9413 0.8000,
-79.5763 10.9413 1.8000,
-79.5473 -65.1428 -1.4000,
-79.5473 -65.1428 -0.4000,
-79.5473 -46.0928 -1.4000,
-79.5473 -46.0928 -0.4000,
-79.5473 -27.0427 -1.4000,
-79.5473 -27.0427 -0.4000,
-79.5473 -7.9927 -1.4000,
-79.5473 -7.9927 -0.4000,
-79.5473 11.0573 -1.4000,
-79.5473 11.0573 -0.4000,
-79.4316 -64.8193 -1.4000,
-79.4316 -64.8193 -0.4000,
-79.4316 -45.7694 -1.4000,
-79.4316 -45.7694 -0.4000,
-79.4316 -26.7194 -1.4000,
-79.4316 -26.7194 -0.4000,
-79.4316 -7.6693 -1.4000,
-79.4316 -7.6693 -0.4000,
-79.4316 11.3807 -1.4000,
-79.4316 11.3807 -0.4000,
-79.2875 -65.5442 -1.9000,
-79.2875 -46.4943 -1.9000,
-79.2875 -27.4442 -1.9000,
-79.2875 -8.3942 -1.9000,
-79.2875 10.6558 -1.9000,
-79.2847 -64.5088 -1.4000,
-79.2847 -64.5088 -0.4000,
-79.2847 -45.4589 -1.4000,
-79.2847 -45.4589 -0.4000,
-79.2847 -26.4088 -1.4000,
-79.2847 -26.4088 -0.4000,
-79.2847 -7.3588 -1.4000,
-79.2847 -7.3588 -0.4000,
-79.2847 11.6912 -1.4000,
-79.2847 11.6912 -0.4000,
-79.2124 -65.2444 -1.9000,
-79.2124 -46.1944 -1.9000,
-79.2124 -27.1443 -1.9000,
-79.2124 -8.0943 -1.9000,
-79.2124 10.9557 -1.9000,
-79.1980 -65.9088 -1.4000,
-79.1980 -65.9088 -0.4000,
-79.1980 -65.9088 0.8000,
-79.1980 -65.9088 1.8000,
-79.1980 -46.8587 -1.4000,
-79.1980 -46.8587 -0.4000,
-79.1980 -46.8587 0.8000,
-79.1980 -46.8587 1.8000,
-79.1980 -27.8087 -1.4000,
-79.1980 -27.8087 -0.4000,
-79.1980 -27.8087 0.8000,
-79.1980 -27.8087 1.8000,
-79.1980 -8.7587 -1.4000,
-79.1980 -8.7587 -0.4000,
-79.1980 -8.7587 0.8000,
-79.1980 -8.7587 1.8000,
-79.1980 10.2913 -1.4000,
-79.1980 10.2913 -0.4000,
-79.1980 10.2913 0.8000,
-79.1980 10.2913 1.8000,
-79.1082 -64.9534 -1.9000,
-79.1082 -45.9033 -1.9000,
-79.1082 -26.8534 -1.9000,
-79.1082 -7.8033 -1.9000,
-79.1082 11.2467 -1.9000,
-79.1081 -64.2142 -1.4000,
-79.1081 -64.2142 -0.4000,
-79.1081 -45.1643 -1.4000,
-79.1081 -45.1643 -0.4000,
-79.1081 -26.1142 -1.4000,
-79.1081 -26.1142 -0.4000,
-79.1081 -7.0642 -1.4000,
-79.1081 -7.0642 -0.4000,
-79.1081 11.9858 -1.4000,
-79.1081 11.9858 -0.4000,
-78.9760 -64.6738 -1.9000,
-78.9760 -45.6238 -1.9000,
-78.9760 -26.5738 -1.9000,
-78.9760 -7.5238 -1.9000,
-78.9760 11.5262 -1.9000,
-78.9035 -63.9383 -1.4000,
-78.9035 -63.9383 -0.4000,
-78.9035 -44.8884 -1.4000,
-78.9035 -44.8884 -0.4000,
-78.9035 -25.8383 -1.4000,
-78.9035 -25.8383 -0.4000,
-78.9035 -6.7883 -1.4000,
-78.9035 -6.7883 -0.4000,
-78.9035 12.2617 -1.4000,
-78.9035 12.2617 -0.4000,
-78.8980 -65.9338 -1.9000,
-78.8980 -46.8838 -1.9000,
-78.8980 -27.8338 -1.9000,
-78.8980 -8.7837 -1.9000,
-78.8980 10.2663 -1.9000,
-78.8171 -64.4088 -1.9000,
-78.8171 -45.3587 -1.9000,
-78.8171 -26.3087 -1.9000,
-78.8171 -7.2587 -1.9000,
-78.8171 11.7913 -1.9000,
-78.6980 -66.8188 -0.4000,
-78.6980 -66.8188 0.8000,
-78.6980 -66.1588 -0.4000,
-78.6980 -66.1588 0.8000,
-78.6980 -47.7687 -0.4000,
-78.6980 -47.7687 0.8000,
-78.6980 -47.1087 -0.4000,
-78.6980 -47.1087 0.8000,
-78.6980 -28.7187 -0.4000,
-78.6980 -28.7187 0.8000,
-78.6980 -28.0587 -0.4000,
-78.6980 -28.0587 0.8000,
-78.6980 -9.6687 -0.4000,
-78.6980 -9.6687 0.8000,
-78.6980 -9.0087 -0.4000,
-78.6980 -9.0087 0.8000,
-78.6980 9.3813 -0.4000,
-78.6980 9.3813 0.8000,
-78.6980 10.0413 -0.4000,
-78.6980 10.0413 0.8000,
-78.6860 -65.9137 -0.4000,
-78.6860 -65.9137 0.8000,
-78.6860 -46.8637 -0.4000,
-78.6860 -46.8637 0.8000,
-78.6860 -27.8137 -0.4000,
-78.6860 -27.8137 0.8000,
-78.6860 -8.7637 -0.4000,
-78.6860 -8.7637 0.8000,
-78.6860 10.2863 -0.4000,
-78.6860 10.2863 0.8000,
-78.6852 -65.9088 -0.4000,
-78.6852 -65.9088 0.8000,
-78.6852 -46.8587 -0.4000,
-78.6852 -46.8587 0.8000,
-78.6852 -27.8087 -0.4000,
-78.6852 -27.8087 0.8000,
-78.6852 -8.7587 -0.4000,
-78.6852 -8.7587 0.8000,
-78.6852 10.2913 -0.4000,
-78.6852 10.2913 0.8000,
-78.6729 -63.6838 -1.4000,
-78.6729 -63.6838 -0.4000,
-78.6729 -44.6339 -1.4000,
-78.6729 -44.6339 -0.4000,
-78.6729 -25.5838 -1.4000,
-78.6729 -25.5838 -0.4000,
-78.6729 -6.5338 -1.4000,
-78.6729 -6.5338 -0.4000,
-78.6729 12.5162 -1.4000,
-78.6729 12.5162 -0.4000,
-78.6500 -65.6711 -0.4000,
-78.6500 -65.6711 0.8000,
-78.6500 -46.6210 -0.4000,
-78.6500 -46.6210 0.8000,
-78.6500 -27.5710 -0.4000,
-78.6500 -27.5710 0.8000,
-78.6500 -8.5210 -0.4000,
-78.6500 -8.5210 0.8000,
-78.6500 10.5290 -0.4000,
-78.6500 10.5290 0.8000,
-78.6330 -64.1604 -1.9000,
-78.6330 -45.1104 -1.9000,
-78.6330 -26.0604 -1.9000,
-78.6330 -7.0104 -1.9000,
-78.6330 12.0396 -1.9000,
-78.5903 -65.4331 -0.4000,
-78.5903 -65.4331 0.8000,
-78.5903 -46.3830 -0.4000,
-78.5903 -46.3830 0.8000,
-78.5903 -27.3330 -0.4000,
-78.5903 -27.3330 0.8000,
-78.5903 -8.2830 -0.4000,
-78.5903 -8.2830 0.8000,
-78.5903 10.7670 -0.4000,
-78.5903 10.7670 0.8000,
-78.5077 -65.2020 -0.4000,
-78.5077 -65.2020 0.8000,
-78.5077 -46.1520 -0.4000,
-78.5077 -46.1520 0.8000,
-78.5077 -27.1020 -0.4000,
-78.5077 -27.1020 0.8000,
-78.5077 -8.0520 -0.4000,
-78.5077 -8.0520 0.8000,
-78.5077 10.9980 -0.4000,
-78.5077 10.9980 0.8000,
-78.4254 -63.9314 -1.9000,
-78.4254 -44.8814 -1.9000,
-78.4254 -25.8313 -1.9000,
-78.4254 -6.7813 -1.9000,
-78.4254 12.2687 -1.9000,
-78.4184 -63.4532 -1.4000,
-78.4184 -63.4532 -0.4000,
-78.4184 -44.4032 -1.4000,
-78.4184 -44.4032 -0.4000,
-78.4184 -25.3532 -1.4000,
-78.4184 -25.3532 -0.4000,
-78.4184 -6.3032 -1.4000,
-78.4184 -6.3032 -0.4000,
-78.4184 12.7468 -1.4000,
-78.4184 12.7468 -0.4000,
-78.4028 -64.9802 -0.4000,
-78.4028 -64.9802 0.8000,
-78.4028 -45.9303 -0.4000,
-78.4028 -45.9303 0.8000,
-78.4028 -26.8802 -0.4000,
-78.4028 -26.8802 0.8000,
-78.4028 -7.8302 -0.4000,
-78.4028 -7.8302 0.8000,
-78.4028 11.2198 -0.4000,
-78.4028 11.2198 0.8000,
-78.2767 -64.7698 -0.4000,
-78.2767 -64.7698 0.8000,
-78.2767 -45.7198 -0.4000,
-78.2767 -45.7198 0.8000,
-78.2767 -26.6698 -0.4000,
-78.2767 -26.6698 0.8000,
-78.2767 -7.6198 -0.4000,
-78.2767 -7.6198 0.8000,
-78.2767 11.4302 -0.4000,
-78.2767 11.4302 0.8000,
-78.1963 -63.7237 -1.9000,
-78.1963 -44.6738 -1.9000,
-78.1963 -25.6237 -1.9000,
-78.1963 -6.5737 -1.9000,
-78.1963 12.4763 -1.9000,
-78.1562 -44.2088 0.8000,
-78.1562 -44.2088 1.8000,
-78.1562 -25.1587 0.8000,
-78.1562 -25.1587 1.8000,
-78.1562 -6.1087 0.8000,
-78.1562 -6.1087 1.8000,
-78.1562 12.9413 0.8000,
-78.1562 12.9413 1.8000,
-78.1561 -63.2588 0.8000,
-78.1561 -63.2588 1.8000,
-78.1425 -63.2486 -1.4000,
-78.1425 -63.2486 -0.4000,
-78.1425 -63.2486 0.8000,
-78.1425 -63.2486 1.8000,
-78.1425 -44.1986 -1.4000,
-78.1425 -44.1986 -0.4000,
-78.1425 -44.1986 0.8000,
-78.1425 -44.1986 1.8000,
-78.1425 -25.1486 -1.4000,
-78.1425 -25.1486 -0.4000,
-78.1425 -25.1486 0.8000,
-78.1425 -25.1486 1.8000,
-78.1425 -6.0986 -1.4000,
-78.1425 -6.0986 -0.4000,
-78.1425 -6.0986 0.8000,
-78.1425 -6.0986 1.8000,
-78.1425 12.9514 -1.4000,
-78.1425 12.9514 -0.4000,
-78.1425 12.9514 0.8000,
-78.1425 12.9514 1.8000,
-78.1305 -64.5727 -0.4000,
-78.1305 -64.5727 0.8000,
-78.1305 -45.5228 -0.4000,
-78.1305 -45.5228 0.8000,
-78.1305 -26.4728 -0.4000,
-78.1305 -26.4728 0.8000,
-78.1305 -7.4227 -0.4000,
-78.1305 -7.4227 0.8000,
-78.1305 11.6273 -0.4000,
-78.1305 11.6273 0.8000,
-77.9658 -64.3910 -0.4000,
-77.9658 -64.3910 0.8000,
-77.9658 -45.3410 -0.4000,
-77.9658 -45.3410 0.8000,
-77.9658 -26.2910 -0.4000,
-77.9658 -26.2910 0.8000,
-77.9658 -7.2409 -0.4000,
-77.9658 -7.2409 0.8000,
-77.9658 11.8091 -0.4000,
-77.9658 11.8091 0.8000,
-77.9480 -63.5396 -1.9000,
-77.9480 -44.4896 -1.9000,
-77.9480 -25.4396 -1.9000,
-77.9480 -6.3896 -1.9000,
-77.9480 12.6604 -1.9000,
-77.8479 -63.0720 -1.4000,
-77.8479 -63.0720 -0.4000,
-77.8479 -63.0720 0.8000,
-77.8479 -63.0720 1.8000,
-77.8479 -44.0220 -1.4000,
-77.8479 -44.0220 -0.4000,
-77.8479 -44.0220 0.8000,
-77.8479 -44.0220 1.8000,
-77.8479 -24.9720 -1.4000,
-77.8479 -24.9720 -0.4000,
-77.8479 -24.9720 0.8000,
-77.8479 -24.9720 1.8000,
-77.8479 -5.9220 -1.4000,
-77.8479 -5.9220 -0.4000,
-77.8479 -5.9220 0.8000,
-77.8479 -5.9220 1.8000,
-77.8479 13.1280 -1.4000,
-77.8479 13.1280 -0.4000,
-77.8479 13.1280 0.8000,
-77.8479 13.1280 1.8000,
-77.7840 -64.2262 -0.4000,
-77.7840 -64.2262 0.8000,
-77.7840 -45.1762 -0.4000,
-77.7840 -45.1762 0.8000,
-77.7840 -26.1262 -0.4000,
-77.7840 -26.1262 0.8000,
-77.7840 -7.0762 -0.4000,
-77.7840 -7.0762 0.8000,
-77.7840 11.9738 -0.4000,
-77.7840 11.9738 0.8000,
-77.6829 -63.3808 -1.9000,
-77.6829 -44.3307 -1.9000,
-77.6829 -25.2807 -1.9000,
-77.6829 -6.2307 -1.9000,
-77.6829 12.8193 -1.9000,
-77.5869 -64.0800 -0.4000,
-77.5869 -64.0800 0.8000,
-77.5869 -45.0301 -0.4000,
-77.5869 -45.0301 0.8000,
-77.5869 -25.9800 -0.4000,
-77.5869 -25.9800 0.8000,
-77.5869 -6.9300 -0.4000,
-77.5869 -6.9300 0.8000,
-77.5869 12.1200 -0.4000,
-77.5869 12.1200 0.8000,
-77.5374 -62.9252 -1.4000,
-77.5374 -62.9252 -0.4000,
-77.5374 -62.9252 0.8000,
-77.5374 -62.9252 1.8000,
-77.5374 -43.8752 -1.4000,
-77.5374 -43.8752 -0.4000,
-77.5374 -43.8752 0.8000,
-77.5374 -43.8752 1.8000,
-77.5374 -24.8252 -1.4000,
-77.5374 -24.8252 -0.4000,
-77.5374 -24.8252 0.8000,
-77.5374 -24.8252 1.8000,
-77.5374 -5.7751 -1.4000,
-77.5374 -5.7751 -0.4000,
-77.5374 -5.7751 0.8000,
-77.5374 -5.7751 1.8000,
-77.5374 13.2749 -1.4000,
-77.5374 13.2749 -0.4000,
-77.5374 13.2749 0.8000,
-77.5374 13.2749 1.8000,
-77.4034 -63.2485 -1.9000,
-77.4034 -44.1985 -1.9000,
-77.4034 -25.1485 -1.9000,
-77.4034 -6.0985 -1.9000,
-77.4034 12.9515 -1.9000,
-77.3765 -63.9540 -0.4000,
-77.3765 -63.9540 0.8000,
-77.3765 -44.9040 -0.4000,
-77.3765 -44.9040 0.8000,
-77.3765 -25.8539 -0.4000,
-77.3765 -25.8539 0.8000,
-77.3765 -6.8039 -0.4000,
-77.3765 -6.8039 0.8000,
-77.3765 12.2461 -0.4000,
-77.3765 12.2461 0.8000,
-77.2140 -62.8094 -1.4000,
-77.2140 -62.8094 -0.4000,
-77.2140 -62.8094 0.8000,
-77.2140 -62.8094 1.8000,
-77.2140 -43.7595 -1.4000,
-77.2140 -43.7595 -0.4000,
-77.2140 -43.7595 0.8000,
-77.2140 -43.7595 1.8000,
-77.2140 -24.7094 -1.4000,
-77.2140 -24.7094 -0.4000,
-77.2140 -24.7094 0.8000,
-77.2140 -24.7094 1.8000,
-77.2140 -5.6594 -1.4000,
-77.2140 -5.6594 -0.4000,
-77.2140 -5.6594 0.8000,
-77.2140 -5.6594 1.8000,
-77.2140 13.3906 -1.4000,
-77.2140 13.3906 -0.4000,
-77.2140 13.3906 0.8000,
-77.2140 13.3906 1.8000,
-77.1547 -63.8490 -0.4000,
-77.1547 -63.8490 0.8000,
-77.1547 -44.7991 -0.4000,
-77.1547 -44.7991 0.8000,
-77.1547 -25.7491 -0.4000,
-77.1547 -25.7491 0.8000,
-77.1547 -6.6990 -0.4000,
-77.1547 -6.6990 0.8000,
-77.1547 12.3510 -0.4000,
-77.1547 12.3510 0.8000,
-77.1124 -63.1444 -1.9000,
-77.1124 -44.0944 -1.9000,
-77.1124 -25.0444 -1.9000,
-77.1124 -5.9943 -1.9000,
-77.1124 13.0557 -1.9000,
-76.9237 -63.7664 -0.4000,
-76.9237 -63.7664 0.8000,
-76.9237 -44.7164 -0.4000,
-76.9237 -44.7164 0.8000,
-76.9237 -25.6664 -0.4000,
-76.9237 -25.6664 0.8000,
-76.9237 -6.6163 -0.4000,
-76.9237 -6.6163 0.8000,
-76.9237 12.4336 -0.4000,
-76.9237 12.4336 0.8000,
-76.8808 -62.7260 -1.4000,
-76.8808 -62.7260 -0.4000,
-76.8808 -62.7260 0.8000,
-76.8808 -62.7260 1.8000,
-76.8808 -43.6760 -1.4000,
-76.8808 -43.6760 -0.4000,
-76.8808 -43.6760 0.8000,
-76.8808 -43.6760 1.8000,
-76.8808 -24.6260 -1.4000,
-76.8808 -24.6260 -0.4000,
-76.8808 -24.6260 0.8000,
-76.8808 -24.6260 1.8000,
-76.8808 -5.5760 -1.4000,
-76.8808 -5.5760 -0.4000,
-76.8808 -5.5760 0.8000,
-76.8808 -5.5760 1.8000,
-76.8808 13.4740 -1.4000,
-76.8808 13.4740 -0.4000,
-76.8808 13.4740 0.8000,
-76.8808 13.4740 1.8000,
-76.8125 -63.0692 -1.9000,
-76.8125 -44.0193 -1.9000,
-76.8125 -24.9692 -1.9000,
-76.8125 -5.9192 -1.9000,
-76.8125 13.1308 -1.9000,
-76.6857 -63.7067 -0.4000,
-76.6857 -63.7067 0.8000,
-76.6857 -44.6568 -0.4000,
-76.6857 -44.6568 0.8000,
-76.6857 -25.6067 -0.4000,
-76.6857 -25.6067 0.8000,
-76.6857 -6.5567 -0.4000,
-76.6857 -6.5567 0.8000,
-76.6857 12.4933 -0.4000,
-76.6857 12.4933 0.8000,
-76.5410 -62.6756 -1.4000,
-76.5410 -62.6756 -0.4000,
-76.5410 -62.6756 0.8000,
-76.5410 -62.6756 1.8000,
-76.5410 -43.6256 -1.4000,
-76.5410 -43.6256 -0.4000,
-76.5410 -43.6256 0.8000,
-76.5410 -43.6256 1.8000,
-76.5410 -24.5756 -1.4000,
-76.5410 -24.5756 -0.4000,
-76.5410 -24.5756 0.8000,
-76.5410 -24.5756 1.8000,
-76.5410 -5.5256 -1.4000,
-76.5410 -5.5256 -0.4000,
-76.5410 -5.5256 0.8000,
-76.5410 -5.5256 1.8000,
-76.5410 13.5244 -1.4000,
-76.5410 13.5244 -0.4000,
-76.5410 13.5244 0.8000,
-76.5410 13.5244 1.8000,
-76.5067 -63.0239 -1.9000,
-76.5067 -43.9739 -1.9000,
-76.5067 -24.9239 -1.9000,
-76.5067 -5.8739 -1.9000,
-76.5067 13.1761 -1.9000,
-76.4430 -63.6707 -0.4000,
-76.4430 -63.6707 0.8000,
-76.4430 -44.6208 -0.4000,
-76.4430 -44.6208 0.8000,
-76.4430 -25.5707 -0.4000,
-76.4430 -25.5707 0.8000,
-76.4430 -6.5207 -0.4000,
-76.4430 -6.5207 0.8000,
-76.4430 12.5293 -0.4000,
-76.4430 12.5293 0.8000,
-76.1980 -63.6587 -0.4000,
-76.1980 -63.6587 0.8000,
-76.1980 -63.0088 -1.9000,
-76.1980 -62.6587 -1.4000,
-76.1980 -62.6587 -0.4000,
-76.1980 -62.6587 0.8000,
-76.1980 -62.6587 1.8000,
-76.1980 -44.6087 -0.4000,
-76.1980 -44.6087 0.8000,
-76.1980 -43.9588 -1.9000,
-76.1980 -43.6087 -1.4000,
-76.1980 -43.6087 -0.4000,
-76.1980 -43.6087 0.8000,
-76.1980 -43.6087 1.8000,
-76.1980 -25.5587 -0.4000,
-76.1980 -25.5587 0.8000,
-76.1980 -24.9087 -1.9000,
-76.1980 -24.5587 -1.4000,
-76.1980 -24.5587 -0.4000,
-76.1980 -24.5587 0.8000,
-76.1980 -24.5587 1.8000,
-76.1980 -6.5087 -0.4000,
-76.1980 -6.5087 0.8000,
-76.1980 -5.8587 -1.9000,
-76.1980 -5.5087 -1.4000,
-76.1980 -5.5087 -0.4000,
-76.1980 -5.5087 0.8000,
-76.1980 -5.5087 1.8000,
-76.1980 12.5413 -0.4000,
-76.1980 12.5413 0.8000,
-76.1980 13.1913 -1.9000,
-76.1980 13.5413 -1.4000,
-76.1980 13.5413 -0.4000,
-76.1980 13.5413 0.8000,
-76.1980 13.5413 1.8000,
-75.9530 -63.6707 -0.4000,
-75.9530 -63.6707 0.8000,
-75.9530 -44.6208 -0.4000,
-75.9530 -44.6208 0.8000,
-75.9530 -25.5707 -0.4000,
-75.9530 -25.5707 0.8000,
-75.9530 -6.5207 -0.4000,
-75.9530 -6.5207 0.8000,
-75.9530 12.5293 -0.4000,
-75.9530 12.5293 0.8000,
-75.8893 -63.0239 -1.9000,
-75.8893 -43.9739 -1.9000,
-75.8893 -24.9239 -1.9000,
-75.8893 -5.8739 -1.9000,
-75.8893 13.1761 -1.9000,
-75.8550 -62.6756 -1.4000,
-75.8550 -62.6756 -0.4000,
-75.8550 -62.6756 0.8000,
-75.8550 -62.6756 1.8000,
-75.8550 -43.6256 -1.4000,
-75.8550 -43.6256 -0.4000,
-75.8550 -43.6256 0.8000,
-75.8550 -43.6256 1.8000,
-75.8550 -24.5756 -1.4000,
-75.8550 -24.5756 -0.4000,
-75.8550 -24.5756 0.8000,
-75.8550 -24.5756 1.8000,
-75.8550 -5.5256 -1.4000,
-75.8550 -5.5256 -0.4000,
-75.8550 -5.5256 0.8000,
-75.8550 -5.5256 1.8000,
-75.8550 13.5244 -1.4000,
-75.8550 13.5244 -0.4000,
-75.8550 13.5244 0.8000,
-75.8550 13.5244 1.8000,
-75.7103 -63.7067 -0.4000,
-75.7103 -63.7067 0.8000,
-75.7103 -44.6568 -0.4000,
-75.7103 -44.6568 0.8000,
-75.7103 -25.6067 -0.4000,
-75.7103 -25.6067 0.8000,
-75.7103 -6.5567 -0.4000,
-75.7103 -6.5567 0.8000,
-75.7103 12.4933 -0.4000,
-75.7103 12.4933 0.8000,
-75.5835 -63.0692 -1.9000,
-75.5835 -44.0193 -1.9000,
-75.5835 -24.9692 -1.9000,
-75.5835 -5.9192 -1.9000,
-75.5835 13.1308 -1.9000,
-75.5152 -62.7260 -1.4000,
-75.5152 -62.7260 -0.4000,
-75.5152 -62.7260 0.8000,
-75.5152 -62.7260 1.8000,
-75.5152 -43.6760 -1.4000,
-75.5152 -43.6760 -0.4000,
-75.5152 -43.6760 0.8000,
-75.5152 -43.6760 1.8000,
-75.5152 -24.6260 -1.4000,
-75.5152 -24.6260 -0.4000,
-75.5152 -24.6260 0.8000,
-75.5152 -24.6260 1.8000,
-75.5152 -5.5760 -1.4000,
-75.5152 -5.5760 -0.4000,
-75.5152 -5.5760 0.8000,
-75.5152 -5.5760 1.8000,
-75.5152 13.4740 -1.4000,
-75.5152 13.4740 -0.4000,
-75.5152 13.4740 0.8000,
-75.5152 13.4740 1.8000,
-75.4723 -63.7664 -0.4000,
-75.4723 -63.7664 0.8000,
-75.4723 -44.7164 -0.4000,
-75.4723 -44.7164 0.8000,
-75.4723 -25.6664 -0.4000,
-75.4723 -25.6664 0.8000,
-75.4723 -6.6163 -0.4000,
-75.4723 -6.6163 0.8000,
-75.4723 12.4336 -0.4000,
-75.4723 12.4336 0.8000,
-75.2836 -63.1444 -1.9000,
-75.2836 -44.0944 -1.9000,
-75.2836 -25.0444 -1.9000,
-75.2836 -5.9943 -1.9000,
-75.2836 13.0557 -1.9000,
-75.2413 -63.8490 -0.4000,
-75.2413 -63.8490 0.8000,
-75.2413 -44.7991 -0.4000,
-75.2413 -44.7991 0.8000,
-75.2413 -25.7491 -0.4000,
-75.2413 -25.7491 0.8000,
-75.2413 -6.6990 -0.4000,
-75.2413 -6.6990 0.8000,
-75.2413 12.3510 -0.4000,
-75.2413 12.3510 0.8000,
-75.1820 -62.8094 -1.4000,
-75.1820 -62.8094 -0.4000,
-75.1820 -62.8094 0.8000,
-75.1820 -62.8094 1.8000,
-75.1820 -43.7595 -1.4000,
-75.1820 -43.7595 -0.4000,
-75.1820 -43.7595 0.8000,
-75.1820 -43.7595 1.8000,
-75.1820 -24.7094 -1.4000,
-75.1820 -24.7094 -0.4000,
-75.1820 -24.7094 0.8000,
-75.1820 -24.7094 1.8000,
-75.1820 -5.6594 -1.4000,
-75.1820 -5.6594 -0.4000,
-75.1820 -5.6594 0.8000,
-75.1820 -5.6594 1.8000,
-75.1820 13.3906 -1.4000,
-75.1820 13.3906 -0.4000,
-75.1820 13.3906 0.8000,
-75.1820 13.3906 1.8000,
-75.0195 -63.9540 -0.4000,
-75.0195 -63.9540 0.8000,
-75.0195 -44.9040 -0.4000,
-75.0195 -44.9040 0.8000,
-75.0195 -25.8539 -0.4000,
-75.0195 -25.8539 0.8000,
-75.0195 -6.8039 -0.4000,
-75.0195 -6.8039 0.8000,
-75.0195 12.2461 -0.4000,
-75.0195 12.2461 0.8000,
-74.9926 -63.2485 -1.9000,
-74.9926 -44.1985 -1.9000,
-74.9926 -25.1485 -1.9000,
-74.9926 -6.0985 -1.9000,
-74.9926 12.9515 -1.9000,
-74.8586 -62.9252 -1.4000,
-74.8586 -62.9252 -0.4000,
-74.8586 -62.9252 0.8000,
-74.8586 -62.9252 1.8000,
-74.8586 -43.8752 -1.4000,
-74.8586 -43.8752 -0.4000,
-74.8586 -43.8752 0.8000,
-74.8586 -43.8752 1.8000,
-74.8586 -24.8252 -1.4000,
-74.8586 -24.8252 -0.4000,
-74.8586 -24.8252 0.8000,
-74.8586 -24.8252 1.8000,
-74.8586 -5.7751 -1.4000,
-74.8586 -5.7751 -0.4000,
-74.8586 -5.7751 0.8000,
-74.8586 -5.7751 1.8000,
-74.8586 13.2749 -1.4000,
-74.8586 13.2749 -0.4000,
-74.8586 13.2749 0.8000,
-74.8586 13.2749 1.8000,
-74.8091 -64.0800 -0.4000,
-74.8091 -64.0800 0.8000,
-74.8091 -45.0301 -0.4000,
-74.8091 -45.0301 0.8000,
-74.8091 -25.9800 -0.4000,
-74.8091 -25.9800 0.8000,
-74.8091 -6.9300 -0.4000,
-74.8091 -6.9300 0.8000,
-74.8091 12.1200 -0.4000,
-74.8091 12.1200 0.8000,
-74.7131 -63.3808 -1.9000,
-74.7131 -44.3307 -1.9000,
-74.7131 -25.2807 -1.9000,
-74.7131 -6.2307 -1.9000,
-74.7131 12.8193 -1.9000,
-74.6120 -64.2262 -0.4000,
-74.6120 -64.2262 0.8000,
-74.6120 -45.1762 -0.4000,
-74.6120 -45.1762 0.8000,
-74.6120 -26.1262 -0.4000,
-74.6120 -26.1262 0.8000,
-74.6120 -7.0762 -0.4000,
-74.6120 -7.0762 0.8000,
-74.6120 11.9738 -0.4000,
-74.6120 11.9738 0.8000,
-74.5481 -63.0720 -1.4000,
-74.5481 -63.0720 -0.4000,
-74.5481 -63.0720 0.8000,
-74.5481 -63.0720 1.8000,
-74.5481 -44.0220 -1.4000,
-74.5481 -44.0220 -0.4000,
-74.5481 -44.0220 0.8000,
-74.5481 -44.0220 1.8000,
-74.5481 -24.9720 -1.4000,
-74.5481 -24.9720 -0.4000,
-74.5481 -24.9720 0.8000,
-74.5481 -24.9720 1.8000,
-74.5481 -5.9220 -1.4000,
-74.5481 -5.9220 -0.4000,
-74.5481 -5.9220 0.8000,
-74.5481 -5.9220 1.8000,
-74.5481 13.1280 -1.4000,
-74.5481 13.1280 -0.4000,
-74.5481 13.1280 0.8000,
-74.5481 13.1280 1.8000,
-74.4480 -63.5396 -1.9000,
-74.4480 -44.4896 -1.9000,
-74.4480 -25.4396 -1.9000,
-74.4480 -6.3896 -1.9000,
-74.4480 12.6604 -1.9000,
-74.4302 -64.3910 -0.4000,
-74.4302 -64.3910 0.8000,
-74.4302 -45.3410 -0.4000,
-74.4302 -45.3410 0.8000,
-74.4302 -26.2910 -0.4000,
-74.4302 -26.2910 0.8000,
-74.4302 -7.2409 -0.4000,
-74.4302 -7.2409 0.8000,
-74.4302 11.8091 -0.4000,
-74.4302 11.8091 0.8000,
-74.2655 -64.5727 -0.4000,
-74.2655 -64.5727 0.8000,
-74.2655 -45.5228 -0.4000,
-74.2655 -45.5228 0.8000,
-74.2655 -26.4728 -0.4000,
-74.2655 -26.4728 0.8000,
-74.2655 -7.4227 -0.4000,
-74.2655 -7.4227 0.8000,
-74.2655 11.6273 -0.4000,
-74.2655 11.6273 0.8000,
-74.2535 -63.2486 -1.4000,
-74.2535 -63.2486 -0.4000,
-74.2535 -63.2486 0.8000,
-74.2535 -63.2486 1.8000,
-74.2535 -44.1986 -1.4000,
-74.2535 -44.1986 -0.4000,
-74.2535 -44.1986 0.8000,
-74.2535 -44.1986 1.8000,
-74.2535 -25.1486 -1.4000,
-74.2535 -25.1486 -0.4000,
-74.2535 -25.1486 0.8000,
-74.2535 -25.1486 1.8000,
-74.2535 -6.0986 -1.4000,
-74.2535 -6.0986 -0.4000,
-74.2535 -6.0986 0.8000,
-74.2535 -6.0986 1.8000,
-74.2535 12.9514 -1.4000,
-74.2535 12.9514 -0.4000,
-74.2535 12.9514 0.8000,
-74.2535 12.9514 1.8000,
-74.2399 -63.2588 0.8000,
-74.2399 -63.2588 1.8000,
-74.2398 -44.2088 0.8000,
-74.2398 -44.2088 1.8000,
-74.2398 -25.1587 0.8000,
-74.2398 -25.1587 1.8000,
-74.2398 -6.1087 0.8000,
-74.2398 -6.1087 1.8000,
-74.2398 12.9413 0.8000,
-74.2398 12.9413 1.8000,
-74.1997 -63.7237 -1.9000,
-74.1997 -44.6738 -1.9000,
-74.1997 -25.6237 -1.9000,
-74.1997 -6.5737 -1.9000,
-74.1997 12.4763 -1.9000,
-74.1193 -64.7698 -0.4000,
-74.1193 -64.7698 0.8000,
-74.1193 -45.7198 -0.4000,
-74.1193 -45.7198 0.8000,
-74.1193 -26.6698 -0.4000,
-74.1193 -26.6698 0.8000,
-74.1193 -7.6198 -0.4000,
-74.1193 -7.6198 0.8000,
-74.1193 11.4302 -0.4000,
-74.1193 11.4302 0.8000,
-73.9932 -64.9802 -0.4000,
-73.9932 -64.9802 0.8000,
-73.9932 -45.9303 -0.4000,
-73.9932 -45.9303 0.8000,
-73.9932 -26.8802 -0.4000,
-73.9932 -26.8802 0.8000,
-73.9932 -7.8302 -0.4000,
-73.9932 -7.8302 0.8000,
-73.9932 11.2198 -0.4000,
-73.9932 11.2198 0.8000,
-73.9776 -63.4532 -1.4000,
-73.9776 -63.4532 -0.4000,
-73.9776 -44.4032 -1.4000,
-73.9776 -44.4032 -0.4000,
-73.9776 -25.3532 -1.4000,
-73.9776 -25.3532 -0.4000,
-73.9776 -6.3032 -1.4000,
-73.9776 -6.3032 -0.4000,
-73.9776 12.7468 -1.4000,
-73.9776 12.7468 -0.4000,
-73.9706 -63.9314 -1.9000,
-73.9706 -44.8814 -1.9000,
-73.9706 -25.8313 -1.9000,
-73.9706 -6.7813 -1.9000,
-73.9706 12.2687 -1.9000,
-73.8883 -65.2020 -0.4000,
-73.8883 -65.2020 0.8000,
-73.8883 -46.1520 -0.4000,
-73.8883 -46.1520 0.8000,
-73.8883 -27.1020 -0.4000,
-73.8883 -27.1020 0.8000,
-73.8883 -8.0520 -0.4000,
-73.8883 -8.0520 0.8000,
-73.8883 10.9980 -0.4000,
-73.8883 10.9980 0.8000,
-73.8057 -65.4331 -0.4000,
-73.8057 -65.4331 0.8000,
-73.8057 -46.3830 -0.4000,
-73.8057 -46.3830 0.8000,
-73.8057 -27.3330 -0.4000,
-73.8057 -27.3330 0.8000,
-73.8057 -8.2830 -0.4000,
-73.8057 -8.2830 0.8000,
-73.8057 10.7670 -0.4000,
-73.8057 10.7670 0.8000,
-73.7630 -64.1604 -1.9000,
-73.7630 -45.1104 -1.9000,
-73.7630 -26.0604 -1.9000,
-73.7630 -7.0104 -1.9000,
-73.7630 12.0396 -1.9000,
-73.7460 -65.6711 -0.4000,
-73.7460 -65.6711 0.8000,
-73.7460 -46.6210 -0.4000,
-73.7460 -46.6210 0.8000,
-73.7460 -27.5710 -0.4000,
-73.7460 -27.5710 0.8000,
-73.7460 -8.5210 -0.4000,
-73.7460 -8.5210 0.8000,
-73.7460 10.5290 -0.4000,
-73.7460 10.5290 0.8000,
-73.7231 -63.6838 -1.4000,
-73.7231 -63.6838 -0.4000,
-73.7231 -44.6339 -1.4000,
-73.7231 -44.6339 -0.4000,
-73.7231 -25.5838 -1.4000,
-73.7231 -25.5838 -0.4000,
-73.7231 -6.5338 -1.4000,
-73.7231 -6.5338 -0.4000,
-73.7231 12.5162 -1.4000,
-73.7231 12.5162 -0.4000,
-73.7108 -65.9088 -0.4000,
-73.7108 -65.9088 0.8000,
-73.7108 -46.8587 -0.4000,
-73.7108 -46.8587 0.8000,
-73.7108 -27.8087 -0.4000,
-73.7108 -27.8087 0.8000,
-73.7108 -8.7587 -0.4000,
-73.7108 -8.7587 0.8000,
-73.7108 10.2913 -0.4000,
-73.7108 10.2913 0.8000,
-73.7100 -65.9137 -0.4000,
-73.7100 -65.9137 0.8000,
-73.7100 -46.8637 -0.4000,
-73.7100 -46.8637 0.8000,
-73.7100 -27.8137 -0.4000,
-73.7100 -27.8137 0.8000,
-73.7100 -8.7637 -0.4000,
-73.7100 -8.7637 0.8000,
-73.7100 10.2863 -0.4000,
-73.7100 10.2863 0.8000,
-73.6980 -66.8188 -0.4000,
-73.6980 -66.8188 0.8000,
-73.6980 -66.1588 -0.4000,
-73.6980 -66.1588 0.8000,
-73.6980 -47.7687 -0.4000,
-73.6980 -47.7687 0.8000,
-73.6980 -47.1087 -0.4000,
-73.6980 -47.1087 0.8000,
-73.6980 -28.7187 -0.4000,
-73.6980 -28.7187 0.8000,
-73.6980 -28.0587 -0.4000,
-73.6980 -28.0587 0.8000,
-73.6980 -9.6687 -0.4000,
-73.6980 -9.6687 0.8000,
-73.6980 -9.0087 -0.4000,
-73.6980 -9.0087 0.8000,
-73.6980 9.3813 -0.4000,
-73.6980 9.3813 0.8000,
-73.6980 10.0413 -0.4000,
-73.6980 10.0413 0.8000,
-73.5789 -64.4088 -1.9000,
-73.5789 -45.3587 -1.9000,
-73.5789 -26.3087 -1.9000,
-73.5789 -7.2587 -1.9000,
-73.5789 11.7913 -1.9000,
-73.4980 -65.9338 -1.9000,
-73.4980 -46.8838 -1.9000,
-73.4980 -27.8338 -1.9000,
-73.4980 -8.7837 -1.9000,
-73.4980 10.2663 -1.9000,
-73.4925 -63.9383 -1.4000,
-73.4925 -63.9383 -0.4000,
-73.4925 -44.8884 -1.4000,
-73.4925 -44.8884 -0.4000,
-73.4925 -25.8383 -1.4000,
-73.4925 -25.8383 -0.4000,
-73.4925 -6.7883 -1.4000,
-73.4925 -6.7883 -0.4000,
-73.4925 12.2617 -1.4000,
-73.4925 12.2617 -0.4000,
-73.4200 -64.6738 -1.9000,
-73.4200 -45.6238 -1.9000,
-73.4200 -26.5738 -1.9000,
-73.4200 -7.5238 -1.9000,
-73.4200 11.5262 -1.9000,
-73.2879 -64.2142 -1.4000,
-73.2879 -64.2142 -0.4000,
-73.2879 -45.1643 -1.4000,
-73.2879 -45.1643 -0.4000,
-73.2879 -26.1142 -1.4000,
-73.2879 -26.1142 -0.4000,
-73.2879 -7.0642 -1.4000,
-73.2879 -7.0642 -0.4000,
-73.2879 11.9858 -1.4000,
-73.2879 11.9858 -0.4000,
-73.2878 -64.9534 -1.9000,
-73.2878 -45.9033 -1.9000,
-73.2878 -26.8534 -1.9000,
-73.2878 -7.8033 -1.9000,
-73.2878 11.2467 -1.9000,
-73.1980 -65.9088 -1.4000,
-73.1980 -65.9088 -0.4000,
-73.1980 -65.9088 0.8000,
-73.1980 -65.9088 1.8000,
-73.1980 -46.8587 -1.4000,
-73.1980 -46.8587 -0.4000,
-73.1980 -46.8587 0.8000,
-73.1980 -46.8587 1.8000,
-73.1980 -27.8087 -1.4000,
-73.1980 -27.8087 -0.4000,
-73.1980 -27.8087 0.8000,
-73.1980 -27.8087 1.8000,
-73.1980 -8.7587 -1.4000,
-73.1980 -8.7587 -0.4000,
-73.1980 -8.7587 0.8000,
-73.1980 -8.7587 1.8000,
-73.1980 10.2913 -1.4000,
-73.1980 10.2913 -0.4000,
-73.1980 10.2913 0.8000,
-73.1980 10.2913 1.8000,
-73.1836 -65.2444 -1.9000,
-73.1836 -46.1944 -1.9000,
-73.1836 -27.1443 -1.9000,
-73.1836 -8.0943 -1.9000,
-73.1836 10.9557 -1.9000,
-73.1113 -64.5088 -1.4000,
-73.1113 -64.5088 -0.4000,
-73.1113 -45.4589 -1.4000,
-73.1113 -45.4589 -0.4000,
-73.1113 -26.4088 -1.4000,
-73.1113 -26.4088 -0.4000,
-73.1113 -7.3588 -1.4000,
-73.1113 -7.3588 -0.4000,
-73.1113 11.6912 -1.4000,
-73.1113 11.6912 -0.4000,
-73.1085 -65.5442 -1.9000,
-73.1085 -46.4943 -1.9000,
-73.1085 -27.4442 -1.9000,
-73.1085 -8.3942 -1.9000,
-73.1085 10.6558 -1.9000,
-72.9644 -64.8193 -1.4000,
-72.9644 -64.8193 -0.4000,
-72.9644 -45.7694 -1.4000,
-72.9644 -45.7694 -0.4000,
-72.9644 -26.7194 -1.4000,
-72.9644 -26.7194 -0.4000,
-72.9644 -7.6693 -1.4000,
-72.9644 -7.6693 -0.4000,
-72.9644 11.3807 -1.4000,
-72.9644 11.3807 -0.4000,
-72.8487 -65.1428 -1.4000,
-72.8487 -65.1428 -0.4000,
-72.8487 -46.0928 -1.4000,
-72.8487 -46.0928 -0.4000,
-72.8487 -27.0427 -1.4000,
-72.8487 -27.0427 -0.4000,
-72.8487 -7.9927 -1.4000,
-72.8487 -7.9927 -0.4000,
-72.8487 11.0573 -1.4000,
-72.8487 11.0573 -0.4000,
-72.8197 -65.2587 0.8000,
-72.8197 -65.2587 1.8000,
-72.8197 -46.2088 0.8000,
-72.8197 -46.2088 1.8000,
-72.8197 -27.1587 0.8000,
-72.8197 -27.1587 1.8000,
-72.8197 -8.1087 0.8000,
-72.8197 -8.1087 1.8000,
-72.8197 10.9413 0.8000,
-72.8197 10.9413 1.8000,
-72.7652 -65.4759 -1.4000,
-72.7652 -65.4759 -0.4000,
-72.7652 -65.4759 0.8000,
-72.7652 -65.4759 1.8000,
-72.7652 -46.4260 -1.4000,
-72.7652 -46.4260 -0.4000,
-72.7652 -46.4260 0.8000,
-72.7652 -46.4260 1.8000,
-72.7652 -27.3759 -1.4000,
-72.7652 -27.3759 -0.4000,
-72.7652 -27.3759 0.8000,
-72.7652 -27.3759 1.8000,
-72.7652 -8.3259 -1.4000,
-72.7652 -8.3259 -0.4000,
-72.7652 -8.3259 0.8000,
-72.7652 -8.3259 1.8000,
-72.7652 10.7241 -1.4000,
-72.7652 10.7241 -0.4000,
-72.7652 10.7241 0.8000,
-72.7652 10.7241 1.8000,
-67.6730 -63.2588 0.8000,
-67.6730 -63.2588 1.8000,
-67.6730 -61.8778 0.8000,
-67.6730 -61.8778 1.8000,
-67.6730 -44.2088 0.8000,
-67.6730 -44.2088 1.8000,
-67.6730 -42.8278 0.8000,
-67.6730 -42.8278 1.8000,
-67.6730 -25.1587 0.8000,
-67.6730 -25.1587 1.8000,
-67.6730 -8.1087 0.8000,
-67.6730 -8.1087 1.8000,
-67.6730 -6.1087 0.8000,
-67.6730 -6.1087 1.8000,
-67.6730 -4.7277 0.8000,
-67.6730 -4.7277 1.8000,
-67.6730 12.9413 0.8000,
-67.6730 12.9413 1.8000,
-67.6730 14.3223 0.8000,
-67.6730 14.3223 1.8000,
-67.6682 -61.7798 0.8000,
-67.6682 -61.7798 1.8000,
-67.6682 -42.7297 0.8000,
-67.6682 -42.7297 1.8000,
-67.6682 -4.6297 0.8000,
-67.6682 -4.6297 1.8000,
-67.6682 14.4203 0.8000,
-67.6682 14.4203 1.8000,
-67.6538 -61.6826 0.8000,
-67.6538 -61.6826 1.8000,
-67.6538 -42.6327 0.8000,
-67.6538 -42.6327 1.8000,
-67.6538 -4.5326 0.8000,
-67.6538 -4.5326 1.8000,
-67.6538 14.5174 0.8000,
-67.6538 14.5174 1.8000,
-67.6299 -61.5874 0.8000,
-67.6299 -61.5874 1.8000,
-67.6299 -42.5375 0.8000,
-67.6299 -42.5375 1.8000,
-67.6299 -4.4374 0.8000,
-67.6299 -4.4374 1.8000,
-67.6299 14.6126 0.8000,
-67.6299 14.6126 1.8000,
-67.5969 -61.4950 0.8000,
-67.5969 -61.4950 1.8000,
-67.5969 -42.4451 0.8000,
-67.5969 -42.4451 1.8000,
-67.5969 -4.3450 0.8000,
-67.5969 -4.3450 1.8000,
-67.5969 14.7050 0.8000,
-67.5969 14.7050 1.8000,
-67.5549 -61.4064 0.8000,
-67.5549 -61.4064 1.8000,
-67.5549 -42.3564 0.8000,
-67.5549 -42.3564 1.8000,
-67.5549 -4.2563 0.8000,
-67.5549 -4.2563 1.8000,
-67.5549 14.7937 0.8000,
-67.5549 14.7937 1.8000,
-67.5045 -61.3222 0.8000,
-67.5045 -61.3222 1.8000,
-67.5045 -42.2722 0.8000,
-67.5045 -42.2722 1.8000,
-67.5045 -4.1721 0.8000,
-67.5045 -4.1721 1.8000,
-67.5045 14.8779 0.8000,
-67.5045 14.8779 1.8000,
-67.4460 -61.2434 0.8000,
-67.4460 -61.2434 1.8000,
-67.4460 -42.1934 0.8000,
-67.4460 -42.1934 1.8000,
-67.4460 -4.0933 0.8000,
-67.4460 -4.0933 1.8000,
-67.4460 14.9567 0.8000,
-67.4460 14.9567 1.8000,
-67.3801 -61.1706 0.8000,
-67.3801 -61.1706 1.8000,
-67.3801 -42.1206 0.8000,
-67.3801 -42.1206 1.8000,
-67.3801 -4.0206 0.8000,
-67.3801 -4.0206 1.8000,
-67.3801 15.0294 0.8000,
-67.3801 15.0294 1.8000,
-67.3074 -61.1047 0.8000,
-67.3074 -61.1047 1.8000,
-67.3074 -42.0547 0.8000,
-67.3074 -42.0547 1.8000,
-67.3074 -3.9547 0.8000,
-67.3074 -3.9547 1.8000,
-67.3074 15.0953 0.8000,
-67.3074 15.0953 1.8000,
-67.2286 -61.0462 0.8000,
-67.2286 -61.0462 1.8000,
-67.2286 -41.9963 0.8000,
-67.2286 -41.9963 1.8000,
-67.2286 -3.8962 0.8000,
-67.2286 -3.8962 1.8000,
-67.2286 15.1538 0.8000,
-67.2286 15.1538 1.8000,
-67.1444 -60.9958 0.8000,
-67.1444 -60.9958 1.8000,
-67.1444 -41.9458 0.8000,
-67.1444 -41.9458 1.8000,
-67.1444 -3.8458 0.8000,
-67.1444 -3.8458 1.8000,
-67.1444 15.2042 0.8000,
-67.1444 15.2042 1.8000,
-67.0557 -60.9538 0.8000,
-67.0557 -60.9538 1.8000,
-67.0557 -41.9039 0.8000,
-67.0557 -41.9039 1.8000,
-67.0557 -3.8038 0.8000,
-67.0557 -3.8038 1.8000,
-67.0557 15.2462 0.8000,
-67.0557 15.2462 1.8000,
-66.9633 -60.9208 0.8000,
-66.9633 -60.9208 1.8000,
-66.9633 -41.8708 0.8000,
-66.9633 -41.8708 1.8000,
-66.9633 -3.7708 0.8000,
-66.9633 -3.7708 1.8000,
-66.9633 15.2792 0.8000,
-66.9633 15.2792 1.8000,
-66.8681 -60.8970 0.8000,
-66.8681 -60.8970 1.8000,
-66.8681 -41.8470 0.8000,
-66.8681 -41.8470 1.8000,
-66.8681 -3.7469 0.8000,
-66.8681 -3.7469 1.8000,
-66.8681 15.3031 0.8000,
-66.8681 15.3031 1.8000,
-66.7710 -60.8826 0.8000,
-66.7710 -60.8826 1.8000,
-66.7710 -41.8326 0.8000,
-66.7710 -41.8326 1.8000,
-66.7710 -3.7325 0.8000,
-66.7710 -3.7325 1.8000,
-66.7710 15.3174 0.8000,
-66.7710 15.3174 1.8000,
-66.6730 -65.2587 0.8000,
-66.6730 -65.2587 1.8000,
-66.6730 -60.8778 0.8000,
-66.6730 -60.8778 1.8000,
-66.6730 -46.2088 0.8000,
-66.6730 -46.2088 1.8000,
-66.6730 -41.8278 0.8000,
-66.6730 -41.8278 1.8000,
-66.6730 -27.1587 0.8000,
-66.6730 -27.1587 1.8000,
-66.6730 -3.7277 0.8000,
-66.6730 -3.7277 1.8000,
-66.6730 10.9413 0.8000,
-66.6730 10.9413 1.8000,
-66.6730 15.3223 0.8000,
-66.6730 15.3223 1.8000,
-66.5750 -65.2540 0.8000,
-66.5750 -65.2540 1.8000,
-66.5750 -46.2039 0.8000,
-66.5750 -46.2039 1.8000,
-66.5750 -27.1540 0.8000,
-66.5750 -27.1540 1.8000,
-66.5750 10.9461 0.8000,
-66.5750 10.9461 1.8000,
-66.4779 -65.2396 0.8000,
-66.4779 -65.2396 1.8000,
-66.4779 -46.1895 0.8000,
-66.4779 -46.1895 1.8000,
-66.4779 -27.1395 0.8000,
-66.4779 -27.1395 1.8000,
-66.4779 10.9605 0.8000,
-66.4779 10.9605 1.8000,
-66.3827 -65.2157 0.8000,
-66.3827 -65.2157 1.8000,
-66.3827 -46.1657 0.8000,
-66.3827 -46.1657 1.8000,
-66.3827 -27.1158 0.8000,
-66.3827 -27.1158 1.8000,
-66.3827 10.9844 0.8000,
-66.3827 10.9844 1.8000,
-66.2903 -65.1826 0.8000,
-66.2903 -65.1826 1.8000,
-66.2903 -46.1326 0.8000,
-66.2903 -46.1326 1.8000,
-66.2903 -27.0826 0.8000,
-66.2903 -27.0826 1.8000,
-66.2903 11.0174 0.8000,
-66.2903 11.0174 1.8000,
-66.2016 -65.1406 0.8000,
-66.2016 -65.1406 1.8000,
-66.2016 -46.0907 0.8000,
-66.2016 -46.0907 1.8000,
-66.2016 -27.0406 0.8000,
-66.2016 -27.0406 1.8000,
-66.2016 11.0594 0.8000,
-66.2016 11.0594 1.8000,
-66.1174 -65.0902 0.8000,
-66.1174 -65.0902 1.8000,
-66.1174 -46.0402 0.8000,
-66.1174 -46.0402 1.8000,
-66.1174 -26.9902 0.8000,
-66.1174 -26.9902 1.8000,
-66.1174 11.1098 0.8000,
-66.1174 11.1098 1.8000,
-66.0386 -65.0317 0.8000,
-66.0386 -65.0317 1.8000,
-66.0386 -45.9818 0.8000,
-66.0386 -45.9818 1.8000,
-66.0386 -26.9317 0.8000,
-66.0386 -26.9317 1.8000,
-66.0386 11.1683 0.8000,
-66.0386 11.1683 1.8000,
-65.9659 -64.9658 0.8000,
-65.9659 -64.9658 1.8000,
-65.9659 -45.9158 0.8000,
-65.9659 -45.9158 1.8000,
-65.9659 -26.8658 0.8000,
-65.9659 -26.8658 1.8000,
-65.9659 11.2342 0.8000,
-65.9659 11.2342 1.8000,
-65.9000 -64.8931 0.8000,
-65.9000 -64.8931 1.8000,
-65.9000 -45.8431 0.8000,
-65.9000 -45.8431 1.8000,
-65.9000 -26.7931 0.8000,
-65.9000 -26.7931 1.8000,
-65.9000 11.3069 0.8000,
-65.9000 11.3069 1.8000,
-65.8415 -64.8143 0.8000,
-65.8415 -64.8143 1.8000,
-65.8415 -45.7643 0.8000,
-65.8415 -45.7643 1.8000,
-65.8415 -26.7143 0.8000,
-65.8415 -26.7143 1.8000,
-65.8415 11.3857 0.8000,
-65.8415 11.3857 1.8000,
-65.7911 -64.7302 0.8000,
-65.7911 -64.7302 1.8000,
-65.7911 -45.6801 0.8000,
-65.7911 -45.6801 1.8000,
-65.7911 -26.6301 0.8000,
-65.7911 -26.6301 1.8000,
-65.7911 11.4699 0.8000,
-65.7911 11.4699 1.8000,
-65.7491 -64.6414 0.8000,
-65.7491 -64.6414 1.8000,
-65.7491 -45.5914 0.8000,
-65.7491 -45.5914 1.8000,
-65.7491 -26.5414 0.8000,
-65.7491 -26.5414 1.8000,
-65.7491 11.5586 0.8000,
-65.7491 11.5586 1.8000,
-65.7161 -64.5490 0.8000,
-65.7161 -64.5490 1.8000,
-65.7161 -45.4990 0.8000,
-65.7161 -45.4990 1.8000,
-65.7161 -26.4490 0.8000,
-65.7161 -26.4490 1.8000,
-65.7161 11.6510 0.8000,
-65.7161 11.6510 1.8000,
-65.6922 -64.4538 0.8000,
-65.6922 -64.4538 1.8000,
-65.6922 -45.4038 0.8000,
-65.6922 -45.4038 1.8000,
-65.6922 -26.3538 0.8000,
-65.6922 -26.3538 1.8000,
-65.6922 11.7462 0.8000,
-65.6922 11.7462 1.8000,
-65.6778 -64.3568 0.8000,
-65.6778 -64.3568 1.8000,
-65.6778 -45.3068 0.8000,
-65.6778 -45.3068 1.8000,
-65.6778 -26.2568 0.8000,
-65.6778 -26.2568 1.8000,
-65.6778 11.8433 0.8000,
-65.6778 11.8433 1.8000,
-65.6730 -64.2587 0.8000,
-65.6730 -64.2587 1.8000,
-65.6730 -62.8778 0.8000,
-65.6730 -62.8778 1.8000,
-65.6730 -45.2088 0.8000,
-65.6730 -45.2088 1.8000,
-65.6730 -43.8277 0.8000,
-65.6730 -43.8277 1.8000,
-65.6730 -26.1587 0.8000,
-65.6730 -26.1587 1.8000,
-65.6730 -24.7777 0.8000,
-65.6730 -24.7777 1.8000,
-65.6730 -22.7777 0.8000,
-65.6730 -22.7777 1.8000,
-65.6730 -5.7277 0.8000,
-65.6730 -5.7277 1.8000,
-65.6730 11.9413 0.8000,
-65.6730 11.9413 1.8000,
-65.6730 13.3223 0.8000,
-65.6730 13.3223 1.8000,
-60.5808 -63.0950 -1.4000,
-60.5808 -63.0950 -0.4000,
-60.5808 -63.0950 0.8000,
-60.5808 -63.0950 1.8000,
-60.5808 -44.0450 -1.4000,
-60.5808 -44.0450 -0.4000,
-60.5808 -44.0450 0.8000,
-60.5808 -44.0450 1.8000,
-60.5808 -24.9949 -1.4000,
-60.5808 -24.9949 -0.4000,
-60.5808 -24.9949 0.8000,
-60.5808 -24.9949 1.8000,
-60.5808 -5.9449 -1.4000,
-60.5808 -5.9449 -0.4000,
-60.5808 -5.9449 0.8000,
-60.5808 -5.9449 1.8000,
-60.5808 13.1051 -1.4000,
-60.5808 13.1051 -0.4000,
-60.5808 13.1051 0.8000,
-60.5808 13.1051 1.8000,
-60.5263 -62.8778 0.8000,
-60.5263 -62.8778 1.8000,
-60.5263 -43.8277 0.8000,
-60.5263 -43.8277 1.8000,
-60.5263 -24.7777 0.8000,
-60.5263 -24.7777 1.8000,
-60.5263 -5.7277 0.8000,
-60.5263 -5.7277 1.8000,
-60.5263 13.3223 0.8000,
-60.5263 13.3223 1.8000,
-60.4973 -62.7618 -1.4000,
-60.4973 -62.7618 -0.4000,
-60.4973 -43.7118 -1.4000,
-60.4973 -43.7118 -0.4000,
-60.4973 -24.6617 -1.4000,
-60.4973 -24.6617 -0.4000,
-60.4973 -5.6117 -1.4000,
-60.4973 -5.6117 -0.4000,
-60.4973 13.4383 -1.4000,
-60.4973 13.4383 -0.4000,
-60.3816 -62.4383 -1.4000,
-60.3816 -62.4383 -0.4000,
-60.3816 -43.3884 -1.4000,
-60.3816 -43.3884 -0.4000,
-60.3816 -24.3383 -1.4000,
-60.3816 -24.3383 -0.4000,
-60.3816 -5.2883 -1.4000,
-60.3816 -5.2883 -0.4000,
-60.3816 13.7617 -1.4000,
-60.3816 13.7617 -0.4000,
-60.2375 -63.1632 -1.9000,
-60.2375 -44.1133 -1.9000,
-60.2375 -25.0633 -1.9000,
-60.2375 -6.0132 -1.9000,
-60.2375 13.0368 -1.9000,
-60.2347 -62.1278 -1.4000,
-60.2347 -62.1278 -0.4000,
-60.2347 -43.0779 -1.4000,
-60.2347 -43.0779 -0.4000,
-60.2347 -24.0278 -1.4000,
-60.2347 -24.0278 -0.4000,
-60.2347 -4.9778 -1.4000,
-60.2347 -4.9778 -0.4000,
-60.2347 14.0722 -1.4000,
-60.2347 14.0722 -0.4000,
-60.1624 -62.8633 -1.9000,
-60.1624 -43.8134 -1.9000,
-60.1624 -24.7633 -1.9000,
-60.1624 -5.7133 -1.9000,
-60.1624 13.3367 -1.9000,
-60.1480 -63.5277 -1.4000,
-60.1480 -63.5277 -0.4000,
-60.1480 -63.5277 0.8000,
-60.1480 -63.5277 1.8000,
-60.1480 -44.4777 -1.4000,
-60.1480 -44.4777 -0.4000,
-60.1480 -44.4777 0.8000,
-60.1480 -44.4777 1.8000,
-60.1480 -25.4277 -1.4000,
-60.1480 -25.4277 -0.4000,
-60.1480 -25.4277 0.8000,
-60.1480 -25.4277 1.8000,
-60.1480 -6.3777 -1.4000,
-60.1480 -6.3777 -0.4000,
-60.1480 -6.3777 0.8000,
-60.1480 -6.3777 1.8000,
-60.1480 12.6723 -1.4000,
-60.1480 12.6723 -0.4000,
-60.1480 12.6723 0.8000,
-60.1480 12.6723 1.8000,
-60.0582 -62.5723 -1.9000,
-60.0582 -43.5223 -1.9000,
-60.0582 -24.4724 -1.9000,
-60.0582 -5.4223 -1.9000,
-60.0582 13.6277 -1.9000,
-60.0581 -61.8332 -1.4000,
-60.0581 -61.8332 -0.4000,
-60.0581 -42.7833 -1.4000,
-60.0581 -42.7833 -0.4000,
-60.0581 -23.7332 -1.4000,
-60.0581 -23.7332 -0.4000,
-60.0581 -4.6832 -1.4000,
-60.0581 -4.6832 -0.4000,
-60.0581 14.3668 -1.4000,
-60.0581 14.3668 -0.4000,
-59.9260 -62.2928 -1.9000,
-59.9260 -43.2429 -1.9000,
-59.9260 -24.1928 -1.9000,
-59.9260 -5.1428 -1.9000,
-59.9260 13.9072 -1.9000,
-59.8535 -61.5573 -1.4000,
-59.8535 -61.5573 -0.4000,
-59.8535 -42.5074 -1.4000,
-59.8535 -42.5074 -0.4000,
-59.8535 -23.4573 -1.4000,
-59.8535 -23.4573 -0.4000,
-59.8535 -4.4073 -1.4000,
-59.8535 -4.4073 -0.4000,
-59.8535 14.6427 -1.4000,
-59.8535 14.6427 -0.4000,
-59.8480 -63.5528 -1.9000,
-59.8480 -44.5028 -1.9000,
-59.8480 -25.4528 -1.9000,
-59.8480 -6.4027 -1.9000,
-59.8480 12.6473 -1.9000,
-59.7671 -62.0277 -1.9000,
-59.7671 -42.9777 -1.9000,
-59.7671 -23.9277 -1.9000,
-59.7671 -4.8777 -1.9000,
-59.7671 14.1723 -1.9000,
-59.6480 -64.4377 -0.4000,
-59.6480 -64.4377 0.8000,
-59.6480 -63.7777 -0.4000,
-59.6480 -63.7777 0.8000,
-59.6480 -45.3877 -0.4000,
-59.6480 -45.3877 0.8000,
-59.6480 -44.7277 -0.4000,
-59.6480 -44.7277 0.8000,
-59.6480 -26.3377 -0.4000,
-59.6480 -26.3377 0.8000,
-59.6480 -25.6777 -0.4000,
-59.6480 -25.6777 0.8000,
-59.6480 -7.2877 -0.4000,
-59.6480 -7.2877 0.8000,
-59.6480 -6.6277 -0.4000,
-59.6480 -6.6277 0.8000,
-59.6480 11.7623 -0.4000,
-59.6480 11.7623 0.8000,
-59.6480 12.4223 -0.4000,
-59.6480 12.4223 0.8000,
-59.6360 -63.5328 -0.4000,
-59.6360 -63.5328 0.8000,
-59.6360 -44.4827 -0.4000,
-59.6360 -44.4827 0.8000,
-59.6360 -25.4327 -0.4000,
-59.6360 -25.4327 0.8000,
-59.6360 -6.3827 -0.4000,
-59.6360 -6.3827 0.8000,
-59.6360 12.6673 -0.4000,
-59.6360 12.6673 0.8000,
-59.6352 -63.5277 -0.4000,
-59.6352 -63.5277 0.8000,
-59.6352 -44.4777 -0.4000,
-59.6352 -44.4777 0.8000,
-59.6352 -25.4277 -0.4000,
-59.6352 -25.4277 0.8000,
-59.6352 -6.3777 -0.4000,
-59.6352 -6.3777 0.8000,
-59.6352 12.6723 -0.4000,
-59.6352 12.6723 0.8000,
-59.6229 -61.3028 -1.4000,
-59.6229 -61.3028 -0.4000,
-59.6229 -42.2529 -1.4000,
-59.6229 -42.2529 -0.4000,
-59.6229 -23.2028 -1.4000,
-59.6229 -23.2028 -0.4000,
-59.6229 -4.1528 -1.4000,
-59.6229 -4.1528 -0.4000,
-59.6229 14.8972 -1.4000,
-59.6229 14.8972 -0.4000,
-59.5999 -63.2900 -0.4000,
-59.5999 -63.2900 0.8000,
-59.5999 -44.2400 -0.4000,
-59.5999 -44.2400 0.8000,
-59.5999 -25.1900 -0.4000,
-59.5999 -25.1900 0.8000,
-59.5999 -6.1400 -0.4000,
-59.5999 -6.1400 0.8000,
-59.5999 12.9100 -0.4000,
-59.5999 12.9100 0.8000,
-59.5830 -61.7794 -1.9000,
-59.5830 -42.7294 -1.9000,
-59.5830 -23.6794 -1.9000,
-59.5830 -4.6294 -1.9000,
-59.5830 14.4206 -1.9000,
-59.5403 -63.0520 -0.4000,
-59.5403 -63.0520 0.8000,
-59.5403 -44.0020 -0.4000,
-59.5403 -44.0020 0.8000,
-59.5403 -24.9520 -0.4000,
-59.5403 -24.9520 0.8000,
-59.5403 -5.9020 -0.4000,
-59.5403 -5.9020 0.8000,
-59.5403 13.1480 -0.4000,
-59.5403 13.1480 0.8000,
-59.4577 -62.8210 -0.4000,
-59.4577 -62.8210 0.8000,
-59.4577 -43.7711 -0.4000,
-59.4577 -43.7711 0.8000,
-59.4577 -24.7210 -0.4000,
-59.4577 -24.7210 0.8000,
-59.4577 -5.6710 -0.4000,
-59.4577 -5.6710 0.8000,
-59.4577 13.3790 -0.4000,
-59.4577 13.3790 0.8000,
-59.3754 -61.5504 -1.9000,
-59.3754 -42.5004 -1.9000,
-59.3754 -23.4503 -1.9000,
-59.3754 -4.4003 -1.9000,
-59.3754 14.6496 -1.9000,
-59.3684 -61.0722 -1.4000,
-59.3684 -61.0722 -0.4000,
-59.3684 -42.0222 -1.4000,
-59.3684 -42.0222 -0.4000,
-59.3684 -22.9722 -1.4000,
-59.3684 -22.9722 -0.4000,
-59.3684 -3.9222 -1.4000,
-59.3684 -3.9222 -0.4000,
-59.3684 15.1278 -1.4000,
-59.3684 15.1278 -0.4000,
-59.3528 -62.5992 -0.4000,
-59.3528 -62.5992 0.8000,
-59.3528 -43.5493 -0.4000,
-59.3528 -43.5493 0.8000,
-59.3528 -24.4992 -0.4000,
-59.3528 -24.4992 0.8000,
-59.3528 -5.4492 -0.4000,
-59.3528 -5.4492 0.8000,
-59.3528 13.6008 -0.4000,
-59.3528 13.6008 0.8000,
-59.2267 -62.3888 -0.4000,
-59.2267 -62.3888 0.8000,
-59.2267 -43.3388 -0.4000,
-59.2267 -43.3388 0.8000,
-59.2267 -24.2888 -0.4000,
-59.2267 -24.2888 0.8000,
-59.2267 -5.2388 -0.4000,
-59.2267 -5.2388 0.8000,
-59.2267 13.8112 -0.4000,
-59.2267 13.8112 0.8000,
-59.1463 -61.3427 -1.9000,
-59.1463 -42.2928 -1.9000,
-59.1463 -23.2427 -1.9000,
-59.1463 -4.1927 -1.9000,
-59.1463 14.8573 -1.9000,
-59.1062 -41.8278 0.8000,
-59.1062 -41.8278 1.8000,
-59.1062 -22.7777 0.8000,
-59.1062 -22.7777 1.8000,
-59.1062 -3.7277 0.8000,
-59.1062 -3.7277 1.8000,
-59.1062 15.3223 0.8000,
-59.1062 15.3223 1.8000,
-59.1061 -60.8778 0.8000,
-59.1061 -60.8778 1.8000,
-59.0925 -60.8676 -1.4000,
-59.0925 -60.8676 -0.4000,
-59.0925 -60.8676 0.8000,
-59.0925 -60.8676 1.8000,
-59.0925 -41.8176 -1.4000,
-59.0925 -41.8176 -0.4000,
-59.0925 -41.8176 0.8000,
-59.0925 -41.8176 1.8000,
-59.0925 -22.7676 -1.4000,
-59.0925 -22.7676 -0.4000,
-59.0925 -22.7676 0.8000,
-59.0925 -22.7676 1.8000,
-59.0925 -3.7176 -1.4000,
-59.0925 -3.7176 -0.4000,
-59.0925 -3.7176 0.8000,
-59.0925 -3.7176 1.8000,
-59.0925 15.3324 -1.4000,
-59.0925 15.3324 -0.4000,
-59.0925 15.3324 0.8000,
-59.0925 15.3324 1.8000,
-59.0805 -62.1917 -0.4000,
-59.0805 -62.1917 0.8000,
-59.0805 -43.1418 -0.4000,
-59.0805 -43.1418 0.8000,
-59.0805 -24.0917 -0.4000,
-59.0805 -24.0917 0.8000,
-59.0805 -5.0417 -0.4000,
-59.0805 -5.0417 0.8000,
-59.0805 14.0083 -0.4000,
-59.0805 14.0083 0.8000,
-58.9158 -62.0100 -0.4000,
-58.9158 -62.0100 0.8000,
-58.9158 -42.9600 -0.4000,
-58.9158 -42.9600 0.8000,
-58.9158 -23.9100 -0.4000,
-58.9158 -23.9100 0.8000,
-58.9158 -4.8599 -0.4000,
-58.9158 -4.8599 0.8000,
-58.9158 14.1901 -0.4000,
-58.9158 14.1901 0.8000,
-58.8980 -61.1586 -1.9000,
-58.8980 -42.1086 -1.9000,
-58.8980 -23.0586 -1.9000,
-58.8980 -4.0086 -1.9000,
-58.8980 15.0414 -1.9000,
-58.7979 -60.6910 -1.4000,
-58.7979 -60.6910 -0.4000,
-58.7979 -60.6910 0.8000,
-58.7979 -60.6910 1.8000,
-58.7979 -41.6410 -1.4000,
-58.7979 -41.6410 -0.4000,
-58.7979 -41.6410 0.8000,
-58.7979 -41.6410 1.8000,
-58.7979 -22.5910 -1.4000,
-58.7979 -22.5910 -0.4000,
-58.7979 -22.5910 0.8000,
-58.7979 -22.5910 1.8000,
-58.7979 -3.5410 -1.4000,
-58.7979 -3.5410 -0.4000,
-58.7979 -3.5410 0.8000,
-58.7979 -3.5410 1.8000,
-58.7979 15.5090 -1.4000,
-58.7979 15.5090 -0.4000,
-58.7979 15.5090 0.8000,
-58.7979 15.5090 1.8000,
-58.7340 -61.8452 -0.4000,
-58.7340 -61.8452 0.8000,
-58.7340 -42.7952 -0.4000,
-58.7340 -42.7952 0.8000,
-58.7340 -23.7452 -0.4000,
-58.7340 -23.7452 0.8000,
-58.7340 -4.6952 -0.4000,
-58.7340 -4.6952 0.8000,
-58.7340 14.3548 -0.4000,
-58.7340 14.3548 0.8000,
-58.6329 -60.9998 -1.9000,
-58.6329 -41.9497 -1.9000,
-58.6329 -22.8998 -1.9000,
-58.6329 -3.8497 -1.9000,
-58.6329 15.2003 -1.9000,
-58.5369 -61.6990 -0.4000,
-58.5369 -61.6990 0.8000,
-58.5369 -42.6491 -0.4000,
-58.5369 -42.6491 0.8000,
-58.5369 -23.5990 -0.4000,
-58.5369 -23.5990 0.8000,
-58.5369 -4.5490 -0.4000,
-58.5369 -4.5490 0.8000,
-58.5369 14.5010 -0.4000,
-58.5369 14.5010 0.8000,
-58.4874 -60.5442 -1.4000,
-58.4874 -60.5442 -0.4000,
-58.4874 -60.5442 0.8000,
-58.4874 -60.5442 1.8000,
-58.4874 -41.4942 -1.4000,
-58.4874 -41.4942 -0.4000,
-58.4874 -41.4942 0.8000,
-58.4874 -41.4942 1.8000,
-58.4874 -22.4442 -1.4000,
-58.4874 -22.4442 -0.4000,
-58.4874 -22.4442 0.8000,
-58.4874 -22.4442 1.8000,
-58.4874 -3.3941 -1.4000,
-58.4874 -3.3941 -0.4000,
-58.4874 -3.3941 0.8000,
-58.4874 -3.3941 1.8000,
-58.4874 15.6558 -1.4000,
-58.4874 15.6558 -0.4000,
-58.4874 15.6558 0.8000,
-58.4874 15.6558 1.8000,
-58.3534 -60.8675 -1.9000,
-58.3534 -41.8175 -1.9000,
-58.3534 -22.7675 -1.9000,
-58.3534 -3.7175 -1.9000,
-58.3534 15.3325 -1.9000,
-58.3265 -61.5730 -0.4000,
-58.3265 -61.5730 0.8000,
-58.3265 -42.5230 -0.4000,
-58.3265 -42.5230 0.8000,
-58.3265 -23.4729 -0.4000,
-58.3265 -23.4729 0.8000,
-58.3265 -4.4229 -0.4000,
-58.3265 -4.4229 0.8000,
-58.3265 14.6271 -0.4000,
-58.3265 14.6271 0.8000,
-58.1640 -60.4284 -1.4000,
-58.1640 -60.4284 -0.4000,
-58.1640 -60.4284 0.8000,
-58.1640 -60.4284 1.8000,
-58.1640 -41.3785 -1.4000,
-58.1640 -41.3785 -0.4000,
-58.1640 -41.3785 0.8000,
-58.1640 -41.3785 1.8000,
-58.1640 -22.3284 -1.4000,
-58.1640 -22.3284 -0.4000,
-58.1640 -22.3284 0.8000,
-58.1640 -22.3284 1.8000,
-58.1640 -3.2784 -1.4000,
-58.1640 -3.2784 -0.4000,
-58.1640 -3.2784 0.8000,
-58.1640 -3.2784 1.8000,
-58.1640 15.7716 -1.4000,
-58.1640 15.7716 -0.4000,
-58.1640 15.7716 0.8000,
-58.1640 15.7716 1.8000,
-58.1047 -61.4680 -0.4000,
-58.1047 -61.4680 0.8000,
-58.1047 -42.4181 -0.4000,
-58.1047 -42.4181 0.8000,
-58.1047 -23.3681 -0.4000,
-58.1047 -23.3681 0.8000,
-58.1047 -4.3180 -0.4000,
-58.1047 -4.3180 0.8000,
-58.1047 14.7320 -0.4000,
-58.1047 14.7320 0.8000,
-58.0624 -60.7634 -1.9000,
-58.0624 -41.7134 -1.9000,
-58.0624 -22.6634 -1.9000,
-58.0624 -3.6133 -1.9000,
-58.0624 15.4367 -1.9000,
-57.8737 -61.3854 -0.4000,
-57.8737 -61.3854 0.8000,
-57.8737 -42.3354 -0.4000,
-57.8737 -42.3354 0.8000,
-57.8737 -23.2853 -0.4000,
-57.8737 -23.2853 0.8000,
-57.8737 -4.2354 -0.4000,
-57.8737 -4.2354 0.8000,
-57.8737 14.8147 -0.4000,
-57.8737 14.8147 0.8000,
-57.8308 -60.3450 -1.4000,
-57.8308 -60.3450 -0.4000,
-57.8308 -60.3450 0.8000,
-57.8308 -60.3450 1.8000,
-57.8308 -41.2950 -1.4000,
-57.8308 -41.2950 -0.4000,
-57.8308 -41.2950 0.8000,
-57.8308 -41.2950 1.8000,
-57.8308 -22.2450 -1.4000,
-57.8308 -22.2450 -0.4000,
-57.8308 -22.2450 0.8000,
-57.8308 -22.2450 1.8000,
-57.8308 -3.1950 -1.4000,
-57.8308 -3.1950 -0.4000,
-57.8308 -3.1950 0.8000,
-57.8308 -3.1950 1.8000,
-57.8308 15.8550 -1.4000,
-57.8308 15.8550 -0.4000,
-57.8308 15.8550 0.8000,
-57.8308 15.8550 1.8000,
-57.7625 -60.6882 -1.9000,
-57.7625 -41.6383 -1.9000,
-57.7625 -22.5882 -1.9000,
-57.7625 -3.5382 -1.9000,
-57.7625 15.5118 -1.9000,
-57.6357 -61.3257 -0.4000,
-57.6357 -61.3257 0.8000,
-57.6357 -42.2758 -0.4000,
-57.6357 -42.2758 0.8000,
-57.6357 -23.2257 -0.4000,
-57.6357 -23.2257 0.8000,
-57.6357 -4.1758 -0.4000,
-57.6357 -4.1758 0.8000,
-57.6357 14.8743 -0.4000,
-57.6357 14.8743 0.8000,
-57.4910 -60.2946 -1.4000,
-57.4910 -60.2946 -0.4000,
-57.4910 -60.2946 0.8000,
-57.4910 -60.2946 1.8000,
-57.4910 -41.2446 -1.4000,
-57.4910 -41.2446 -0.4000,
-57.4910 -41.2446 0.8000,
-57.4910 -41.2446 1.8000,
-57.4910 -22.1946 -1.4000,
-57.4910 -22.1946 -0.4000,
-57.4910 -22.1946 0.8000,
-57.4910 -22.1946 1.8000,
-57.4910 -3.1446 -1.4000,
-57.4910 -3.1446 -0.4000,
-57.4910 -3.1446 0.8000,
-57.4910 -3.1446 1.8000,
-57.4910 15.9054 -1.4000,
-57.4910 15.9054 -0.4000,
-57.4910 15.9054 0.8000,
-57.4910 15.9054 1.8000,
-57.4567 -60.6429 -1.9000,
-57.4567 -41.5929 -1.9000,
-57.4567 -22.5429 -1.9000,
-57.4567 -3.4929 -1.9000,
-57.4567 15.5571 -1.9000,
-57.3930 -61.2897 -0.4000,
-57.3930 -61.2897 0.8000,
-57.3930 -42.2398 -0.4000,
-57.3930 -42.2398 0.8000,
-57.3930 -23.1897 -0.4000,
-57.3930 -23.1897 0.8000,
-57.3930 -4.1397 -0.4000,
-57.3930 -4.1397 0.8000,
-57.3930 14.9103 -0.4000,
-57.3930 14.9103 0.8000,
-57.1480 -61.2777 -0.4000,
-57.1480 -61.2777 0.8000,
-57.1480 -60.6278 -1.9000,
-57.1480 -60.2777 -1.4000,
-57.1480 -60.2777 -0.4000,
-57.1480 -60.2777 0.8000,
-57.1480 -60.2777 1.8000,
-57.1480 -42.2277 -0.4000,
-57.1480 -42.2277 0.8000,
-57.1480 -41.5778 -1.9000,
-57.1480 -41.2277 -1.4000,
-57.1480 -41.2277 -0.4000,
-57.1480 -41.2277 0.8000,
-57.1480 -41.2277 1.8000,
-57.1480 -23.1777 -0.4000,
-57.1480 -23.1777 0.8000,
-57.1480 -22.5277 -1.9000,
-57.1480 -22.1777 -1.4000,
-57.1480 -22.1777 -0.4000,
-57.1480 -22.1777 0.8000,
-57.1480 -22.1777 1.8000,
-57.1480 -4.1277 -0.4000,
-57.1480 -4.1277 0.8000,
-57.1480 -3.4777 -1.9000,
-57.1480 -3.1277 -1.4000,
-57.1480 -3.1277 -0.4000,
-57.1480 -3.1277 0.8000,
-57.1480 -3.1277 1.8000,
-57.1480 14.9223 -0.4000,
-57.1480 14.9223 0.8000,
-57.1480 15.5723 -1.9000,
-57.1480 15.9223 -1.4000,
-57.1480 15.9223 -0.4000,
-57.1480 15.9223 0.8000,
-57.1480 15.9223 1.8000,
-56.9030 -61.2897 -0.4000,
-56.9030 -61.2897 0.8000,
-56.9030 -42.2398 -0.4000,
-56.9030 -42.2398 0.8000,
-56.9030 -23.1897 -0.4000,
-56.9030 -23.1897 0.8000,
-56.9030 -4.1397 -0.4000,
-56.9030 -4.1397 0.8000,
-56.9030 14.9103 -0.4000,
-56.9030 14.9103 0.8000,
-56.8393 -60.6429 -1.9000,
-56.8393 -41.5929 -1.9000,
-56.8393 -22.5429 -1.9000,
-56.8393 -3.4929 -1.9000,
-56.8393 15.5571 -1.9000,
-56.8050 -60.2946 -1.4000,
-56.8050 -60.2946 -0.4000,
-56.8050 -60.2946 0.8000,
-56.8050 -60.2946 1.8000,
-56.8050 -41.2446 -1.4000,
-56.8050 -41.2446 -0.4000,
-56.8050 -41.2446 0.8000,
-56.8050 -41.2446 1.8000,
-56.8050 -22.1946 -1.4000,
-56.8050 -22.1946 -0.4000,
-56.8050 -22.1946 0.8000,
-56.8050 -22.1946 1.8000,
-56.8050 -3.1446 -1.4000,
-56.8050 -3.1446 -0.4000,
-56.8050 -3.1446 0.8000,
-56.8050 -3.1446 1.8000,
-56.8050 15.9054 -1.4000,
-56.8050 15.9054 -0.4000,
-56.8050 15.9054 0.8000,
-56.8050 15.9054 1.8000,
-56.6603 -61.3257 -0.4000,
-56.6603 -61.3257 0.8000,
-56.6603 -42.2758 -0.4000,
-56.6603 -42.2758 0.8000,
-56.6603 -23.2257 -0.4000,
-56.6603 -23.2257 0.8000,
-56.6603 -4.1758 -0.4000,
-56.6603 -4.1758 0.8000,
-56.6603 14.8743 -0.4000,
-56.6603 14.8743 0.8000,
-56.5335 -60.6882 -1.9000,
-56.5335 -41.6383 -1.9000,
-56.5335 -22.5882 -1.9000,
-56.5335 -3.5382 -1.9000,
-56.5335 15.5118 -1.9000,
-56.4652 -60.3450 -1.4000,
-56.4652 -60.3450 -0.4000,
-56.4652 -60.3450 0.8000,
-56.4652 -60.3450 1.8000,
-56.4652 -41.2950 -1.4000,
-56.4652 -41.2950 -0.4000,
-56.4652 -41.2950 0.8000,
-56.4652 -41.2950 1.8000,
-56.4652 -22.2450 -1.4000,
-56.4652 -22.2450 -0.4000,
-56.4652 -22.2450 0.8000,
-56.4652 -22.2450 1.8000,
-56.4652 -3.1950 -1.4000,
-56.4652 -3.1950 -0.4000,
-56.4652 -3.1950 0.8000,
-56.4652 -3.1950 1.8000,
-56.4652 15.8550 -1.4000,
-56.4652 15.8550 -0.4000,
-56.4652 15.8550 0.8000,
-56.4652 15.8550 1.8000,
-56.4223 -61.3854 -0.4000,
-56.4223 -61.3854 0.8000,
-56.4223 -42.3354 -0.4000,
-56.4223 -42.3354 0.8000,
-56.4223 -23.2853 -0.4000,
-56.4223 -23.2853 0.8000,
-56.4223 -4.2354 -0.4000,
-56.4223 -4.2354 0.8000,
-56.4223 14.8147 -0.4000,
-56.4223 14.8147 0.8000,
-56.2336 -60.7634 -1.9000,
-56.2336 -41.7134 -1.9000,
-56.2336 -22.6634 -1.9000,
-56.2336 -3.6133 -1.9000,
-56.2336 15.4367 -1.9000,
-56.1913 -61.4680 -0.4000,
-56.1913 -61.4680 0.8000,
-56.1913 -42.4181 -0.4000,
-56.1913 -42.4181 0.8000,
-56.1913 -23.3681 -0.4000,
-56.1913 -23.3681 0.8000,
-56.1913 -4.3180 -0.4000,
-56.1913 -4.3180 0.8000,
-56.1913 14.7320 -0.4000,
-56.1913 14.7320 0.8000,
-56.1320 -60.4284 -1.4000,
-56.1320 -60.4284 -0.4000,
-56.1320 -60.4284 0.8000,
-56.1320 -60.4284 1.8000,
-56.1320 -41.3785 -1.4000,
-56.1320 -41.3785 -0.4000,
-56.1320 -41.3785 0.8000,
-56.1320 -41.3785 1.8000,
-56.1320 -22.3284 -1.4000,
-56.1320 -22.3284 -0.4000,
-56.1320 -22.3284 0.8000,
-56.1320 -22.3284 1.8000,
-56.1320 -3.2784 -1.4000,
-56.1320 -3.2784 -0.4000,
-56.1320 -3.2784 0.8000,
-56.1320 -3.2784 1.8000,
-56.1320 15.7716 -1.4000,
-56.1320 15.7716 -0.4000,
-56.1320 15.7716 0.8000,
-56.1320 15.7716 1.8000,
-55.9695 -61.5730 -0.4000,
-55.9695 -61.5730 0.8000,
-55.9695 -42.5230 -0.4000,
-55.9695 -42.5230 0.8000,
-55.9695 -23.4729 -0.4000,
-55.9695 -23.4729 0.8000,
-55.9695 -4.4229 -0.4000,
-55.9695 -4.4229 0.8000,
-55.9695 14.6271 -0.4000,
-55.9695 14.6271 0.8000,
-55.9426 -60.8675 -1.9000,
-55.9426 -41.8175 -1.9000,
-55.9426 -22.7675 -1.9000,
-55.9426 -3.7175 -1.9000,
-55.9426 15.3325 -1.9000,
-55.8086 -60.5442 -1.4000,
-55.8086 -60.5442 -0.4000,
-55.8086 -60.5442 0.8000,
-55.8086 -60.5442 1.8000,
-55.8086 -41.4942 -1.4000,
-55.8086 -41.4942 -0.4000,
-55.8086 -41.4942 0.8000,
-55.8086 -41.4942 1.8000,
-55.8086 -22.4442 -1.4000,
-55.8086 -22.4442 -0.4000,
-55.8086 -22.4442 0.8000,
-55.8086 -22.4442 1.8000,
-55.8086 -3.3941 -1.4000,
-55.8086 -3.3941 -0.4000,
-55.8086 -3.3941 0.8000,
-55.8086 -3.3941 1.8000,
-55.8086 15.6558 -1.4000,
-55.8086 15.6558 -0.4000,
-55.8086 15.6558 0.8000,
-55.8086 15.6558 1.8000,
-55.7591 -61.6990 -0.4000,
-55.7591 -61.6990 0.8000,
-55.7591 -42.6491 -0.4000,
-55.7591 -42.6491 0.8000,
-55.7591 -23.5990 -0.4000,
-55.7591 -23.5990 0.8000,
-55.7591 -4.5490 -0.4000,
-55.7591 -4.5490 0.8000,
-55.7591 14.5010 -0.4000,
-55.7591 14.5010 0.8000,
-55.6631 -60.9998 -1.9000,
-55.6631 -41.9497 -1.9000,
-55.6631 -22.8998 -1.9000,
-55.6631 -3.8497 -1.9000,
-55.6631 15.2003 -1.9000,
-55.5620 -61.8452 -0.4000,
-55.5620 -61.8452 0.8000,
-55.5620 -42.7952 -0.4000,
-55.5620 -42.7952 0.8000,
-55.5620 -23.7452 -0.4000,
-55.5620 -23.7452 0.8000,
-55.5620 -4.6952 -0.4000,
-55.5620 -4.6952 0.8000,
-55.5620 14.3548 -0.4000,
-55.5620 14.3548 0.8000,
-55.4981 -60.6910 -1.4000,
-55.4981 -60.6910 -0.4000,
-55.4981 -60.6910 0.8000,
-55.4981 -60.6910 1.8000,
-55.4981 -41.6410 -1.4000,
-55.4981 -41.6410 -0.4000,
-55.4981 -41.6410 0.8000,
-55.4981 -41.6410 1.8000,
-55.4981 -22.5910 -1.4000,
-55.4981 -22.5910 -0.4000,
-55.4981 -22.5910 0.8000,
-55.4981 -22.5910 1.8000,
-55.4981 -3.5410 -1.4000,
-55.4981 -3.5410 -0.4000,
-55.4981 -3.5410 0.8000,
-55.4981 -3.5410 1.8000,
-55.4981 15.5090 -1.4000,
-55.4981 15.5090 -0.4000,
-55.4981 15.5090 0.8000,
-55.4981 15.5090 1.8000,
-55.3980 -61.1586 -1.9000,
-55.3980 -42.1086 -1.9000,
-55.3980 -23.0586 -1.9000,
-55.3980 -4.0086 -1.9000,
-55.3980 15.0414 -1.9000,
-55.3802 -62.0100 -0.4000,
-55.3802 -62.0100 0.8000,
-55.3802 -42.9600 -0.4000,
-55.3802 -42.9600 0.8000,
-55.3802 -23.9100 -0.4000,
-55.3802 -23.9100 0.8000,
-55.3802 -4.8599 -0.4000,
-55.3802 -4.8599 0.8000,
-55.3802 14.1901 -0.4000,
-55.3802 14.1901 0.8000,
-55.2155 -62.1917 -0.4000,
-55.2155 -62.1917 0.8000,
-55.2155 -43.1418 -0.4000,
-55.2155 -43.1418 0.8000,
-55.2155 -24.0917 -0.4000,
-55.2155 -24.0917 0.8000,
-55.2155 -5.0417 -0.4000,
-55.2155 -5.0417 0.8000,
-55.2155 14.0083 -0.4000,
-55.2155 14.0083 0.8000,
-55.2035 -60.8676 -1.4000,
-55.2035 -60.8676 -0.4000,
-55.2035 -60.8676 0.8000,
-55.2035 -60.8676 1.8000,
-55.2035 -41.8176 -1.4000,
-55.2035 -41.8176 -0.4000,
-55.2035 -41.8176 0.8000,
-55.2035 -41.8176 1.8000,
-55.2035 -22.7676 -1.4000,
-55.2035 -22.7676 -0.4000,
-55.2035 -22.7676 0.8000,
-55.2035 -22.7676 1.8000,
-55.2035 -3.7176 -1.4000,
-55.2035 -3.7176 -0.4000,
-55.2035 -3.7176 0.8000,
-55.2035 -3.7176 1.8000,
-55.2035 15.3324 -1.4000,
-55.2035 15.3324 -0.4000,
-55.2035 15.3324 0.8000,
-55.2035 15.3324 1.8000,
-55.1899 -60.8778 0.8000,
-55.1899 -60.8778 1.8000,
-55.1898 -41.8278 0.8000,
-55.1898 -41.8278 1.8000,
-55.1898 -22.7777 0.8000,
-55.1898 -22.7777 1.8000,
-55.1898 -3.7277 0.8000,
-55.1898 -3.7277 1.8000,
-55.1898 15.3223 0.8000,
-55.1898 15.3223 1.8000,
-55.1497 -61.3427 -1.9000,
-55.1497 -42.2928 -1.9000,
-55.1497 -23.2427 -1.9000,
-55.1497 -4.1927 -1.9000,
-55.1497 14.8573 -1.9000,
-55.0693 -62.3888 -0.4000,
-55.0693 -62.3888 0.8000,
-55.0693 -43.3388 -0.4000,
-55.0693 -43.3388 0.8000,
-55.0693 -24.2888 -0.4000,
-55.0693 -24.2888 0.8000,
-55.0693 -5.2388 -0.4000,
-55.0693 -5.2388 0.8000,
-55.0693 13.8112 -0.4000,
-55.0693 13.8112 0.8000,
-54.9432 -62.5992 -0.4000,
-54.9432 -62.5992 0.8000,
-54.9432 -43.5493 -0.4000,
-54.9432 -43.5493 0.8000,
-54.9432 -24.4992 -0.4000,
-54.9432 -24.4992 0.8000,
-54.9432 -5.4492 -0.4000,
-54.9432 -5.4492 0.8000,
-54.9432 13.6008 -0.4000,
-54.9432 13.6008 0.8000,
-54.9276 -61.0722 -1.4000,
-54.9276 -61.0722 -0.4000,
-54.9276 -42.0222 -1.4000,
-54.9276 -42.0222 -0.4000,
-54.9276 -22.9722 -1.4000,
-54.9276 -22.9722 -0.4000,
-54.9276 -3.9222 -1.4000,
-54.9276 -3.9222 -0.4000,
-54.9276 15.1278 -1.4000,
-54.9276 15.1278 -0.4000,
-54.9206 -61.5504 -1.9000,
-54.9206 -42.5004 -1.9000,
-54.9206 -23.4503 -1.9000,
-54.9206 -4.4003 -1.9000,
-54.9206 14.6496 -1.9000,
-54.8383 -62.8210 -0.4000,
-54.8383 -62.8210 0.8000,
-54.8383 -43.7711 -0.4000,
-54.8383 -43.7711 0.8000,
-54.8383 -24.7210 -0.4000,
-54.8383 -24.7210 0.8000,
-54.8383 -5.6710 -0.4000,
-54.8383 -5.6710 0.8000,
-54.8383 13.3790 -0.4000,
-54.8383 13.3790 0.8000,
-54.7557 -63.0520 -0.4000,
-54.7557 -63.0520 0.8000,
-54.7557 -44.0020 -0.4000,
-54.7557 -44.0020 0.8000,
-54.7557 -24.9520 -0.4000,
-54.7557 -24.9520 0.8000,
-54.7557 -5.9020 -0.4000,
-54.7557 -5.9020 0.8000,
-54.7557 13.1480 -0.4000,
-54.7557 13.1480 0.8000,
-54.7130 -61.7794 -1.9000,
-54.7130 -42.7294 -1.9000,
-54.7130 -23.6794 -1.9000,
-54.7130 -4.6294 -1.9000,
-54.7130 14.4206 -1.9000,
-54.6961 -63.2900 -0.4000,
-54.6961 -63.2900 0.8000,
-54.6961 -44.2400 -0.4000,
-54.6961 -44.2400 0.8000,
-54.6961 -25.1900 -0.4000,
-54.6961 -25.1900 0.8000,
-54.6961 -6.1400 -0.4000,
-54.6961 -6.1400 0.8000,
-54.6961 12.9100 -0.4000,
-54.6961 12.9100 0.8000,
-54.6731 -61.3028 -1.4000,
-54.6731 -61.3028 -0.4000,
-54.6731 -42.2529 -1.4000,
-54.6731 -42.2529 -0.4000,
-54.6731 -23.2028 -1.4000,
-54.6731 -23.2028 -0.4000,
-54.6731 -4.1528 -1.4000,
-54.6731 -4.1528 -0.4000,
-54.6731 14.8972 -1.4000,
-54.6731 14.8972 -0.4000,
-54.6608 -63.5277 -0.4000,
-54.6608 -63.5277 0.8000,
-54.6608 -44.4777 -0.4000,
-54.6608 -44.4777 0.8000,
-54.6608 -25.4277 -0.4000,
-54.6608 -25.4277 0.8000,
-54.6608 -6.3777 -0.4000,
-54.6608 -6.3777 0.8000,
-54.6608 12.6723 -0.4000,
-54.6608 12.6723 0.8000,
-54.6600 -63.5328 -0.4000,
-54.6600 -63.5328 0.8000,
-54.6600 -44.4827 -0.4000,
-54.6600 -44.4827 0.8000,
-54.6600 -25.4327 -0.4000,
-54.6600 -25.4327 0.8000,
-54.6600 -6.3827 -0.4000,
-54.6600 -6.3827 0.8000,
-54.6600 12.6673 -0.4000,
-54.6600 12.6673 0.8000,
-54.6480 -64.4377 -0.4000,
-54.6480 -64.4377 0.8000,
-54.6480 -63.7777 -0.4000,
-54.6480 -63.7777 0.8000,
-54.6480 -45.3877 -0.4000,
-54.6480 -45.3877 0.8000,
-54.6480 -44.7277 -0.4000,
-54.6480 -44.7277 0.8000,
-54.6480 -26.3377 -0.4000,
-54.6480 -26.3377 0.8000,
-54.6480 -25.6777 -0.4000,
-54.6480 -25.6777 0.8000,
-54.6480 -7.2877 -0.4000,
-54.6480 -7.2877 0.8000,
-54.6480 -6.6277 -0.4000,
-54.6480 -6.6277 0.8000,
-54.6480 11.7623 -0.4000,
-54.6480 11.7623 0.8000,
-54.6480 12.4223 -0.4000,
-54.6480 12.4223 0.8000,
-54.5289 -62.0277 -1.9000,
-54.5289 -42.9777 -1.9000,
-54.5289 -23.9277 -1.9000,
-54.5289 -4.8777 -1.9000,
-54.5289 14.1723 -1.9000,
-54.4480 -63.5528 -1.9000,
-54.4480 -44.5028 -1.9000,
-54.4480 -25.4528 -1.9000,
-54.4480 -6.4027 -1.9000,
-54.4480 12.6473 -1.9000,
-54.4425 -61.5573 -1.4000,
-54.4425 -61.5573 -0.4000,
-54.4425 -42.5074 -1.4000,
-54.4425 -42.5074 -0.4000,
-54.4425 -23.4573 -1.4000,
-54.4425 -23.4573 -0.4000,
-54.4425 -4.4073 -1.4000,
-54.4425 -4.4073 -0.4000,
-54.4425 14.6427 -1.4000,
-54.4425 14.6427 -0.4000,
-54.3700 -62.2928 -1.9000,
-54.3700 -43.2429 -1.9000,
-54.3700 -24.1928 -1.9000,
-54.3700 -5.1428 -1.9000,
-54.3700 13.9072 -1.9000,
-54.2379 -61.8332 -1.4000,
-54.2379 -61.8332 -0.4000,
-54.2379 -42.7833 -1.4000,
-54.2379 -42.7833 -0.4000,
-54.2379 -23.7332 -1.4000,
-54.2379 -23.7332 -0.4000,
-54.2379 -4.6832 -1.4000,
-54.2379 -4.6832 -0.4000,
-54.2379 14.3668 -1.4000,
-54.2379 14.3668 -0.4000,
-54.2378 -62.5723 -1.9000,
-54.2378 -43.5223 -1.9000,
-54.2378 -24.4724 -1.9000,
-54.2378 -5.4223 -1.9000,
-54.2378 13.6277 -1.9000,
-54.1480 -63.5277 -1.4000,
-54.1480 -63.5277 -0.4000,
-54.1480 -63.5277 0.8000,
-54.1480 -63.5277 1.8000,
-54.1480 -44.4777 -1.4000,
-54.1480 -44.4777 -0.4000,
-54.1480 -44.4777 0.8000,
-54.1480 -44.4777 1.8000,
-54.1480 -25.4277 -1.4000,
-54.1480 -25.4277 -0.4000,
-54.1480 -25.4277 0.8000,
-54.1480 -25.4277 1.8000,
-54.1480 -6.3777 -1.4000,
-54.1480 -6.3777 -0.4000,
-54.1480 -6.3777 0.8000,
-54.1480 -6.3777 1.8000,
-54.1480 12.6723 -1.4000,
-54.1480 12.6723 -0.4000,
-54.1480 12.6723 0.8000,
-54.1480 12.6723 1.8000,
-54.1336 -62.8633 -1.9000,
-54.1336 -43.8134 -1.9000,
-54.1336 -24.7633 -1.9000,
-54.1336 -5.7133 -1.9000,
-54.1336 13.3367 -1.9000,
-54.0613 -62.1278 -1.4000,
-54.0613 -62.1278 -0.4000,
-54.0613 -43.0779 -1.4000,
-54.0613 -43.0779 -0.4000,
-54.0613 -24.0278 -1.4000,
-54.0613 -24.0278 -0.4000,
-54.0613 -4.9778 -1.4000,
-54.0613 -4.9778 -0.4000,
-54.0613 14.0722 -1.4000,
-54.0613 14.0722 -0.4000,
-54.0585 -63.1632 -1.9000,
-54.0585 -44.1133 -1.9000,
-54.0585 -25.0633 -1.9000,
-54.0585 -6.0132 -1.9000,
-54.0585 13.0368 -1.9000,
-53.9144 -62.4383 -1.4000,
-53.9144 -62.4383 -0.4000,
-53.9144 -43.3884 -1.4000,
-53.9144 -43.3884 -0.4000,
-53.9144 -24.3383 -1.4000,
-53.9144 -24.3383 -0.4000,
-53.9144 -5.2883 -1.4000,
-53.9144 -5.2883 -0.4000,
-53.9144 13.7617 -1.4000,
-53.9144 13.7617 -0.4000,
-53.7987 -62.7618 -1.4000,
-53.7987 -62.7618 -0.4000,
-53.7987 -43.7118 -1.4000,
-53.7987 -43.7118 -0.4000,
-53.7987 -24.6617 -1.4000,
-53.7987 -24.6617 -0.4000,
-53.7987 -5.6117 -1.4000,
-53.7987 -5.6117 -0.4000,
-53.7987 13.4383 -1.4000,
-53.7987 13.4383 -0.4000,
-53.7697 -62.8778 0.8000,
-53.7697 -62.8778 1.8000,
-53.7697 -43.8277 0.8000,
-53.7697 -43.8277 1.8000,
-53.7697 -24.7777 0.8000,
-53.7697 -24.7777 1.8000,
-53.7697 -5.7277 0.8000,
-53.7697 -5.7277 1.8000,
-53.7697 13.3223 0.8000,
-53.7697 13.3223 1.8000,
-53.7153 -63.0950 -1.4000,
-53.7153 -63.0950 -0.4000,
-53.7153 -63.0950 0.8000,
-53.7153 -63.0950 1.8000,
-53.7153 -44.0450 -1.4000,
-53.7153 -44.0450 -0.4000,
-53.7153 -44.0450 0.8000,
-53.7153 -44.0450 1.8000,
-53.7153 -24.9949 -1.4000,
-53.7153 -24.9949 -0.4000,
-53.7153 -24.9949 0.8000,
-53.7153 -24.9949 1.8000,
-53.7153 -5.9449 -1.4000,
-53.7153 -5.9449 -0.4000,
-53.7153 -5.9449 0.8000,
-53.7153 -5.9449 1.8000,
-53.7153 13.1051 -1.4000,
-53.7153 13.1051 -0.4000,
-53.7153 13.1051 0.8000,
-53.7153 13.1051 1.8000,
-48.6230 -60.8778 0.8000,
-48.6230 -60.8778 1.8000,
-48.6230 -43.8277 0.8000,
-48.6230 -43.8277 1.8000,
-48.6230 -26.1587 0.8000,
-48.6230 -26.1587 1.8000,
-48.6230 -24.7777 0.8000,
-48.6230 -24.7777 1.8000,
-48.6230 -7.1087 0.8000,
-48.6230 -7.1087 1.8000,
-48.6230 -5.7277 0.8000,
-48.6230 -5.7277 1.8000,
-48.6230 -3.7277 0.8000,
-48.6230 -3.7277 1.8000,
-48.6230 13.3223 0.8000,
-48.6230 13.3223 1.8000,
-48.6182 -26.2568 0.8000,
-48.6182 -26.2568 1.8000,
-48.6182 -7.2067 0.8000,
-48.6182 -7.2067 1.8000,
-48.6038 -26.3538 0.8000,
-48.6038 -26.3538 1.8000,
-48.6038 -7.3038 0.8000,
-48.6038 -7.3038 1.8000,
-48.5799 -26.4490 0.8000,
-48.5799 -26.4490 1.8000,
-48.5799 -7.3990 0.8000,
-48.5799 -7.3990 1.8000,
-48.5469 -26.5414 0.8000,
-48.5469 -26.5414 1.8000,
-48.5469 -7.4914 0.8000,
-48.5469 -7.4914 1.8000,
-48.5049 -26.6301 0.8000,
-48.5049 -26.6301 1.8000,
-48.5049 -7.5801 0.8000,
-48.5049 -7.5801 1.8000,
-48.4545 -26.7143 0.8000,
-48.4545 -26.7143 1.8000,
-48.4545 -7.6643 0.8000,
-48.4545 -7.6643 1.8000,
-48.3960 -26.7931 0.8000,
-48.3960 -26.7931 1.8000,
-48.3960 -7.7431 0.8000,
-48.3960 -7.7431 1.8000,
-48.3301 -26.8658 0.8000,
-48.3301 -26.8658 1.8000,
-48.3301 -7.8158 0.8000,
-48.3301 -7.8158 1.8000,
-48.2574 -26.9317 0.8000,
-48.2574 -26.9317 1.8000,
-48.2574 -7.8817 0.8000,
-48.2574 -7.8817 1.8000,
-48.1786 -26.9902 0.8000,
-48.1786 -26.9902 1.8000,
-48.1786 -7.9402 0.8000,
-48.1786 -7.9402 1.8000,
-48.0944 -27.0406 0.8000,
-48.0944 -27.0406 1.8000,
-48.0944 -7.9906 0.8000,
-48.0944 -7.9906 1.8000,
-48.0057 -27.0826 0.8000,
-48.0057 -27.0826 1.8000,
-48.0057 -8.0326 0.8000,
-48.0057 -8.0326 1.8000,
-47.9133 -27.1158 0.8000,
-47.9133 -27.1158 1.8000,
-47.9133 -8.0656 0.8000,
-47.9133 -8.0656 1.8000,
-47.8181 -27.1395 0.8000,
-47.8181 -27.1395 1.8000,
-47.8181 -8.0895 0.8000,
-47.8181 -8.0895 1.8000,
-47.7210 -27.1540 0.8000,
-47.7210 -27.1540 1.8000,
-47.7210 -8.1039 0.8000,
-47.7210 -8.1039 1.8000,
-47.6230 -62.8778 0.8000,
-47.6230 -62.8778 1.8000,
-47.6230 -41.8278 0.8000,
-47.6230 -41.8278 1.8000,
-47.6230 -27.1587 0.8000,
-47.6230 -27.1587 1.8000,
-47.6230 -22.7777 0.8000,
-47.6230 -22.7777 1.8000,
-47.6230 -8.1087 0.8000,
-47.6230 -8.1087 1.8000,
-47.6230 15.3223 0.8000,
-47.6230 15.3223 1.8000,
-47.5250 -62.8730 0.8000,
-47.5250 -62.8730 1.8000,
-47.5250 -41.8326 0.8000,
-47.5250 -41.8326 1.8000,
-47.5250 -22.7825 0.8000,
-47.5250 -22.7825 1.8000,
-47.5250 15.3174 0.8000,
-47.5250 15.3174 1.8000,
-47.4279 -62.8586 0.8000,
-47.4279 -62.8586 1.8000,
-47.4279 -41.8470 0.8000,
-47.4279 -41.8470 1.8000,
-47.4279 -22.7970 0.8000,
-47.4279 -22.7970 1.8000,
-47.4279 15.3031 0.8000,
-47.4279 15.3031 1.8000,
-47.3327 -62.8346 0.8000,
-47.3327 -62.8346 1.8000,
-47.3327 -41.8708 0.8000,
-47.3327 -41.8708 1.8000,
-47.3327 -22.8208 0.8000,
-47.3327 -22.8208 1.8000,
-47.3327 15.2792 0.8000,
-47.3327 15.2792 1.8000,
-47.2403 -62.8016 0.8000,
-47.2403 -62.8016 1.8000,
-47.2403 -41.9039 0.8000,
-47.2403 -41.9039 1.8000,
-47.2403 -22.8538 0.8000,
-47.2403 -22.8538 1.8000,
-47.2403 15.2462 0.8000,
-47.2403 15.2462 1.8000,
-47.1516 -62.7596 0.8000,
-47.1516 -62.7596 1.8000,
-47.1516 -41.9458 0.8000,
-47.1516 -41.9458 1.8000,
-47.1516 -22.8958 0.8000,
-47.1516 -22.8958 1.8000,
-47.1516 15.2042 0.8000,
-47.1516 15.2042 1.8000,
-47.0674 -62.7092 0.8000,
-47.0674 -62.7092 1.8000,
-47.0674 -41.9963 0.8000,
-47.0674 -41.9963 1.8000,
-47.0674 -22.9462 0.8000,
-47.0674 -22.9462 1.8000,
-47.0674 15.1538 0.8000,
-47.0674 15.1538 1.8000,
-46.9886 -62.6508 0.8000,
-46.9886 -62.6508 1.8000,
-46.9886 -42.0547 0.8000,
-46.9886 -42.0547 1.8000,
-46.9886 -23.0047 0.8000,
-46.9886 -23.0047 1.8000,
-46.9886 15.0953 0.8000,
-46.9886 15.0953 1.8000,
-46.9159 -62.5848 0.8000,
-46.9159 -62.5848 1.8000,
-46.9159 -42.1206 0.8000,
-46.9159 -42.1206 1.8000,
-46.9159 -23.0706 0.8000,
-46.9159 -23.0706 1.8000,
-46.9159 15.0294 0.8000,
-46.9159 15.0294 1.8000,
-46.8500 -62.5122 0.8000,
-46.8500 -62.5122 1.8000,
-46.8500 -42.1934 0.8000,
-46.8500 -42.1934 1.8000,
-46.8500 -23.1433 0.8000,
-46.8500 -23.1433 1.8000,
-46.8500 14.9567 0.8000,
-46.8500 14.9567 1.8000,
-46.7915 -62.4334 0.8000,
-46.7915 -62.4334 1.8000,
-46.7915 -42.2722 0.8000,
-46.7915 -42.2722 1.8000,
-46.7915 -23.2221 0.8000,
-46.7915 -23.2221 1.8000,
-46.7915 14.8779 0.8000,
-46.7915 14.8779 1.8000,
-46.7411 -62.3492 0.8000,
-46.7411 -62.3492 1.8000,
-46.7411 -42.3564 0.8000,
-46.7411 -42.3564 1.8000,
-46.7411 -23.3064 0.8000,
-46.7411 -23.3064 1.8000,
-46.7411 14.7937 0.8000,
-46.7411 14.7937 1.8000,
-46.6991 -62.2604 0.8000,
-46.6991 -62.2604 1.8000,
-46.6991 -42.4451 0.8000,
-46.6991 -42.4451 1.8000,
-46.6991 -23.3950 0.8000,
-46.6991 -23.3950 1.8000,
-46.6991 14.7050 0.8000,
-46.6991 14.7050 1.8000,
-46.6661 -62.1680 0.8000,
-46.6661 -62.1680 1.8000,
-46.6661 -42.5375 0.8000,
-46.6661 -42.5375 1.8000,
-46.6661 -23.4874 0.8000,
-46.6661 -23.4874 1.8000,
-46.6661 14.6126 0.8000,
-46.6661 14.6126 1.8000,
-46.6422 -62.0728 0.8000,
-46.6422 -62.0728 1.8000,
-46.6422 -42.6327 0.8000,
-46.6422 -42.6327 1.8000,
-46.6422 -23.5826 0.8000,
-46.6422 -23.5826 1.8000,
-46.6422 14.5174 0.8000,
-46.6422 14.5174 1.8000,
-46.6278 -61.9758 0.8000,
-46.6278 -61.9758 1.8000,
-46.6278 -42.7297 0.8000,
-46.6278 -42.7297 1.8000,
-46.6278 -23.6797 0.8000,
-46.6278 -23.6797 1.8000,
-46.6278 14.4203 0.8000,
-46.6278 14.4203 1.8000,
-46.6230 -61.8778 0.8000,
-46.6230 -61.8778 1.8000,
-46.6230 -46.2088 0.8000,
-46.6230 -46.2088 1.8000,
-46.6230 -44.2088 0.8000,
-46.6230 -44.2088 1.8000,
-46.6230 -42.8278 0.8000,
-46.6230 -42.8278 1.8000,
-46.6230 -25.1587 0.8000,
-46.6230 -25.1587 1.8000,
-46.6230 -23.7777 0.8000,
-46.6230 -23.7777 1.8000,
-46.6230 -6.1087 0.8000,
-46.6230 -6.1087 1.8000,
-46.6230 10.9413 0.8000,
-46.6230 10.9413 1.8000,
-46.6230 12.9413 0.8000,
-46.6230 12.9413 1.8000,
-46.6230 14.3223 0.8000,
-46.6230 14.3223 1.8000,
-41.5308 -46.4260 -1.4000,
-41.5308 -46.4260 -0.4000,
-41.5308 -46.4260 0.8000,
-41.5308 -46.4260 1.8000,
-41.5308 -27.3759 -1.4000,
-41.5308 -27.3759 -0.4000,
-41.5308 -27.3759 0.8000,
-41.5308 -27.3759 1.8000,
-41.5308 -8.3259 -1.4000,
-41.5308 -8.3259 -0.4000,
-41.5308 -8.3259 0.8000,
-41.5308 -8.3259 1.8000,
-41.5308 10.7241 -1.4000,
-41.5308 10.7241 -0.4000,
-41.5308 10.7241 0.8000,
-41.5308 10.7241 1.8000,
-41.4763 -46.2088 0.8000,
-41.4763 -46.2088 1.8000,
-41.4763 -27.1587 0.8000,
-41.4763 -27.1587 1.8000,
-41.4763 -8.1087 0.8000,
-41.4763 -8.1087 1.8000,
-41.4763 10.9413 0.8000,
-41.4763 10.9413 1.8000,
-41.4473 -46.0928 -1.4000,
-41.4473 -46.0928 -0.4000,
-41.4473 -27.0427 -1.4000,
-41.4473 -27.0427 -0.4000,
-41.4473 -7.9927 -1.4000,
-41.4473 -7.9927 -0.4000,
-41.4473 11.0573 -1.4000,
-41.4473 11.0573 -0.4000,
-41.3316 -45.7694 -1.4000,
-41.3316 -45.7694 -0.4000,
-41.3316 -26.7194 -1.4000,
-41.3316 -26.7194 -0.4000,
-41.3316 -7.6693 -1.4000,
-41.3316 -7.6693 -0.4000,
-41.3316 11.3807 -1.4000,
-41.3316 11.3807 -0.4000,
-41.1875 -46.4943 -1.9000,
-41.1875 -27.4442 -1.9000,
-41.1875 -8.3942 -1.9000,
-41.1875 10.6558 -1.9000,
-41.1847 -45.4589 -1.4000,
-41.1847 -45.4589 -0.4000,
-41.1847 -26.4088 -1.4000,
-41.1847 -26.4088 -0.4000,
-41.1847 -7.3588 -1.4000,
-41.1847 -7.3588 -0.4000,
-41.1847 11.6912 -1.4000,
-41.1847 11.6912 -0.4000,
-41.1124 -46.1944 -1.9000,
-41.1124 -27.1443 -1.9000,
-41.1124 -8.0943 -1.9000,
-41.1124 10.9557 -1.9000,
-41.0980 -46.8587 -1.4000,
-41.0980 -46.8587 -0.4000,
-41.0980 -46.8587 0.8000,
-41.0980 -46.8587 1.8000,
-41.0980 -27.8087 -1.4000,
-41.0980 -27.8087 -0.4000,
-41.0980 -27.8087 0.8000,
-41.0980 -27.8087 1.8000,
-41.0980 -8.7587 -1.4000,
-41.0980 -8.7587 -0.4000,
-41.0980 -8.7587 0.8000,
-41.0980 -8.7587 1.8000,
-41.0980 10.2913 -1.4000,
-41.0980 10.2913 -0.4000,
-41.0980 10.2913 0.8000,
-41.0980 10.2913 1.8000,
-41.0082 -45.9033 -1.9000,
-41.0082 -26.8534 -1.9000,
-41.0082 -7.8033 -1.9000,
-41.0082 11.2467 -1.9000,
-41.0081 -45.1643 -1.4000,
-41.0081 -45.1643 -0.4000,
-41.0081 -26.1142 -1.4000,
-41.0081 -26.1142 -0.4000,
-41.0081 -7.0642 -1.4000,
-41.0081 -7.0642 -0.4000,
-41.0081 11.9858 -1.4000,
-41.0081 11.9858 -0.4000,
-40.8760 -45.6238 -1.9000,
-40.8760 -26.5738 -1.9000,
-40.8760 -7.5238 -1.9000,
-40.8760 11.5262 -1.9000,
-40.8035 -44.8884 -1.4000,
-40.8035 -44.8884 -0.4000,
-40.8035 -25.8383 -1.4000,
-40.8035 -25.8383 -0.4000,
-40.8035 -6.7883 -1.4000,
-40.8035 -6.7883 -0.4000,
-40.8035 12.2617 -1.4000,
-40.8035 12.2617 -0.4000,
-40.7980 -46.8838 -1.9000,
-40.7980 -27.8338 -1.9000,
-40.7980 -8.7837 -1.9000,
-40.7980 10.2663 -1.9000,
-40.7171 -45.3587 -1.9000,
-40.7171 -26.3087 -1.9000,
-40.7171 -7.2587 -1.9000,
-40.7171 11.7913 -1.9000,
-40.5980 -47.7687 -0.4000,
-40.5980 -47.7687 0.8000,
-40.5980 -47.1087 -0.4000,
-40.5980 -47.1087 0.8000,
-40.5980 -28.7187 -0.4000,
-40.5980 -28.7187 0.8000,
-40.5980 -28.0587 -0.4000,
-40.5980 -28.0587 0.8000,
-40.5980 -9.6687 -0.4000,
-40.5980 -9.6687 0.8000,
-40.5980 -9.0087 -0.4000,
-40.5980 -9.0087 0.8000,
-40.5980 9.3813 -0.4000,
-40.5980 9.3813 0.8000,
-40.5980 10.0413 -0.4000,
-40.5980 10.0413 0.8000,
-40.5860 -46.8637 -0.4000,
-40.5860 -46.8637 0.8000,
-40.5860 -27.8137 -0.4000,
-40.5860 -27.8137 0.8000,
-40.5860 -8.7637 -0.4000,
-40.5860 -8.7637 0.8000,
-40.5860 10.2863 -0.4000,
-40.5860 10.2863 0.8000,
-40.5852 -46.8587 -0.4000,
-40.5852 -46.8587 0.8000,
-40.5852 -27.8087 -0.4000,
-40.5852 -27.8087 0.8000,
-40.5852 -8.7587 -0.4000,
-40.5852 -8.7587 0.8000,
-40.5852 10.2913 -0.4000,
-40.5852 10.2913 0.8000,
-40.5729 -44.6339 -1.4000,
-40.5729 -44.6339 -0.4000,
-40.5729 -25.5838 -1.4000,
-40.5729 -25.5838 -0.4000,
-40.5729 -6.5338 -1.4000,
-40.5729 -6.5338 -0.4000,
-40.5729 12.5162 -1.4000,
-40.5729 12.5162 -0.4000,
-40.5500 -46.6210 -0.4000,
-40.5500 -46.6210 0.8000,
-40.5500 -27.5710 -0.4000,
-40.5500 -27.5710 0.8000,
-40.5500 -8.5210 -0.4000,
-40.5500 -8.5210 0.8000,
-40.5500 10.5290 -0.4000,
-40.5500 10.5290 0.8000,
-40.5330 -45.1104 -1.9000,
-40.5330 -26.0604 -1.9000,
-40.5330 -7.0104 -1.9000,
-40.5330 12.0396 -1.9000,
-40.4904 -46.3830 -0.4000,
-40.4904 -46.3830 0.8000,
-40.4904 -27.3330 -0.4000,
-40.4904 -27.3330 0.8000,
-40.4904 -8.2830 -0.4000,
-40.4904 -8.2830 0.8000,
-40.4904 10.7670 -0.4000,
-40.4904 10.7670 0.8000,
-40.4077 -46.1520 -0.4000,
-40.4077 -46.1520 0.8000,
-40.4077 -27.1020 -0.4000,
-40.4077 -27.1020 0.8000,
-40.4077 -8.0520 -0.4000,
-40.4077 -8.0520 0.8000,
-40.4077 10.9980 -0.4000,
-40.4077 10.9980 0.8000,
-40.3254 -44.8814 -1.9000,
-40.3254 -25.8313 -1.9000,
-40.3254 -6.7813 -1.9000,
-40.3254 12.2687 -1.9000,
-40.3184 -44.4032 -1.4000,
-40.3184 -44.4032 -0.4000,
-40.3184 -25.3532 -1.4000,
-40.3184 -25.3532 -0.4000,
-40.3184 -6.3032 -1.4000,
-40.3184 -6.3032 -0.4000,
-40.3184 12.7468 -1.4000,
-40.3184 12.7468 -0.4000,
-40.3028 -45.9303 -0.4000,
-40.3028 -45.9303 0.8000,
-40.3028 -26.8802 -0.4000,
-40.3028 -26.8802 0.8000,
-40.3028 -7.8302 -0.4000,
-40.3028 -7.8302 0.8000,
-40.3028 11.2198 -0.4000,
-40.3028 11.2198 0.8000,
-40.1767 -45.7198 -0.4000,
-40.1767 -45.7198 0.8000,
-40.1767 -26.6698 -0.4000,
-40.1767 -26.6698 0.8000,
-40.1767 -7.6198 -0.4000,
-40.1767 -7.6198 0.8000,
-40.1767 11.4302 -0.4000,
-40.1767 11.4302 0.8000,
-40.0963 -44.6738 -1.9000,
-40.0963 -25.6237 -1.9000,
-40.0963 -6.5737 -1.9000,
-40.0963 12.4763 -1.9000,
-40.0562 -44.2088 0.8000,
-40.0562 -44.2088 1.8000,
-40.0562 -25.1587 0.8000,
-40.0562 -25.1587 1.8000,
-40.0562 -6.1087 0.8000,
-40.0562 -6.1087 1.8000,
-40.0562 12.9413 0.8000,
-40.0562 12.9413 1.8000,
-40.0425 -44.1986 -1.4000,
-40.0425 -44.1986 -0.4000,
-40.0425 -44.1986 0.8000,
-40.0425 -44.1986 1.8000,
-40.0425 -25.1486 -1.4000,
-40.0425 -25.1486 -0.4000,
-40.0425 -25.1486 0.8000,
-40.0425 -25.1486 1.8000,
-40.0425 -6.0986 -1.4000,
-40.0425 -6.0986 -0.4000,
-40.0425 -6.0986 0.8000,
-40.0425 -6.0986 1.8000,
-40.0425 12.9514 -1.4000,
-40.0425 12.9514 -0.4000,
-40.0425 12.9514 0.8000,
-40.0425 12.9514 1.8000,
-40.0305 -45.5228 -0.4000,
-40.0305 -45.5228 0.8000,
-40.0305 -26.4728 -0.4000,
-40.0305 -26.4728 0.8000,
-40.0305 -7.4227 -0.4000,
-40.0305 -7.4227 0.8000,
-40.0305 11.6273 -0.4000,
-40.0305 11.6273 0.8000,
-39.8658 -45.3410 -0.4000,
-39.8658 -45.3410 0.8000,
-39.8658 -26.2910 -0.4000,
-39.8658 -26.2910 0.8000,
-39.8658 -7.2409 -0.4000,
-39.8658 -7.2409 0.8000,
-39.8658 11.8091 -0.4000,
-39.8658 11.8091 0.8000,
-39.8480 -44.4896 -1.9000,
-39.8480 -25.4396 -1.9000,
-39.8480 -6.3896 -1.9000,
-39.8480 12.6604 -1.9000,
-39.7479 -44.0220 -1.4000,
-39.7479 -44.0220 -0.4000,
-39.7479 -44.0220 0.8000,
-39.7479 -44.0220 1.8000,
-39.7479 -24.9720 -1.4000,
-39.7479 -24.9720 -0.4000,
-39.7479 -24.9720 0.8000,
-39.7479 -24.9720 1.8000,
-39.7479 -5.9220 -1.4000,
-39.7479 -5.9220 -0.4000,
-39.7479 -5.9220 0.8000,
-39.7479 -5.9220 1.8000,
-39.7479 13.1280 -1.4000,
-39.7479 13.1280 -0.4000,
-39.7479 13.1280 0.8000,
-39.7479 13.1280 1.8000,
-39.6840 -45.1762 -0.4000,
-39.6840 -45.1762 0.8000,
-39.6840 -26.1262 -0.4000,
-39.6840 -26.1262 0.8000,
-39.6840 -7.0762 -0.4000,
-39.6840 -7.0762 0.8000,
-39.6840 11.9738 -0.4000,
-39.6840 11.9738 0.8000,
-39.5829 -44.3307 -1.9000,
-39.5829 -25.2807 -1.9000,
-39.5829 -6.2307 -1.9000,
-39.5829 12.8193 -1.9000,
-39.4869 -45.0301 -0.4000,
-39.4869 -45.0301 0.8000,
-39.4869 -25.9800 -0.4000,
-39.4869 -25.9800 0.8000,
-39.4869 -6.9300 -0.4000,
-39.4869 -6.9300 0.8000,
-39.4869 12.1200 -0.4000,
-39.4869 12.1200 0.8000,
-39.4374 -43.8752 -1.4000,
-39.4374 -43.8752 -0.4000,
-39.4374 -43.8752 0.8000,
-39.4374 -43.8752 1.8000,
-39.4374 -24.8252 -1.4000,
-39.4374 -24.8252 -0.4000,
-39.4374 -24.8252 0.8000,
-39.4374 -24.8252 1.8000,
-39.4374 -5.7751 -1.4000,
-39.4374 -5.7751 -0.4000,
-39.4374 -5.7751 0.8000,
-39.4374 -5.7751 1.8000,
-39.4374 13.2749 -1.4000,
-39.4374 13.2749 -0.4000,
-39.4374 13.2749 0.8000,
-39.4374 13.2749 1.8000,
-39.3035 -44.1985 -1.9000,
-39.3035 -25.1485 -1.9000,
-39.3035 -6.0985 -1.9000,
-39.3035 12.9515 -1.9000,
-39.2765 -44.9040 -0.4000,
-39.2765 -44.9040 0.8000,
-39.2765 -25.8539 -0.4000,
-39.2765 -25.8539 0.8000,
-39.2765 -6.8039 -0.4000,
-39.2765 -6.8039 0.8000,
-39.2765 12.2461 -0.4000,
-39.2765 12.2461 0.8000,
-39.1140 -43.7595 -1.4000,
-39.1140 -43.7595 -0.4000,
-39.1140 -43.7595 0.8000,
-39.1140 -43.7595 1.8000,
-39.1140 -24.7094 -1.4000,
-39.1140 -24.7094 -0.4000,
-39.1140 -24.7094 0.8000,
-39.1140 -24.7094 1.8000,
-39.1140 -5.6594 -1.4000,
-39.1140 -5.6594 -0.4000,
-39.1140 -5.6594 0.8000,
-39.1140 -5.6594 1.8000,
-39.1140 13.3906 -1.4000,
-39.1140 13.3906 -0.4000,
-39.1140 13.3906 0.8000,
-39.1140 13.3906 1.8000,
-39.0547 -44.7991 -0.4000,
-39.0547 -44.7991 0.8000,
-39.0547 -25.7491 -0.4000,
-39.0547 -25.7491 0.8000,
-39.0547 -6.6990 -0.4000,
-39.0547 -6.6990 0.8000,
-39.0547 12.3510 -0.4000,
-39.0547 12.3510 0.8000,
-39.0124 -44.0944 -1.9000,
-39.0124 -25.0444 -1.9000,
-39.0124 -5.9943 -1.9000,
-39.0124 13.0557 -1.9000,
-38.8237 -44.7164 -0.4000,
-38.8237 -44.7164 0.8000,
-38.8237 -25.6664 -0.4000,
-38.8237 -25.6664 0.8000,
-38.8237 -6.6163 -0.4000,
-38.8237 -6.6163 0.8000,
-38.8237 12.4336 -0.4000,
-38.8237 12.4336 0.8000,
-38.7808 -43.6760 -1.4000,
-38.7808 -43.6760 -0.4000,
-38.7808 -43.6760 0.8000,
-38.7808 -43.6760 1.8000,
-38.7808 -24.6260 -1.4000,
-38.7808 -24.6260 -0.4000,
-38.7808 -24.6260 0.8000,
-38.7808 -24.6260 1.8000,
-38.7808 -5.5760 -1.4000,
-38.7808 -5.5760 -0.4000,
-38.7808 -5.5760 0.8000,
-38.7808 -5.5760 1.8000,
-38.7808 13.4740 -1.4000,
-38.7808 13.4740 -0.4000,
-38.7808 13.4740 0.8000,
-38.7808 13.4740 1.8000,
-38.7125 -44.0193 -1.9000,
-38.7125 -24.9692 -1.9000,
-38.7125 -5.9192 -1.9000,
-38.7125 13.1308 -1.9000,
-38.5857 -44.6568 -0.4000,
-38.5857 -44.6568 0.8000,
-38.5857 -25.6067 -0.4000,
-38.5857 -25.6067 0.8000,
-38.5857 -6.5567 -0.4000,
-38.5857 -6.5567 0.8000,
-38.5857 12.4933 -0.4000,
-38.5857 12.4933 0.8000,
-38.4411 -43.6256 -1.4000,
-38.4411 -43.6256 -0.4000,
-38.4411 -43.6256 0.8000,
-38.4411 -43.6256 1.8000,
-38.4411 -24.5756 -1.4000,
-38.4411 -24.5756 -0.4000,
-38.4411 -24.5756 0.8000,
-38.4411 -24.5756 1.8000,
-38.4411 -5.5256 -1.4000,
-38.4411 -5.5256 -0.4000,
-38.4411 -5.5256 0.8000,
-38.4411 -5.5256 1.8000,
-38.4411 13.5244 -1.4000,
-38.4411 13.5244 -0.4000,
-38.4411 13.5244 0.8000,
-38.4411 13.5244 1.8000,
-38.4067 -43.9739 -1.9000,
-38.4067 -24.9239 -1.9000,
-38.4067 -5.8739 -1.9000,
-38.4067 13.1761 -1.9000,
-38.3430 -44.6208 -0.4000,
-38.3430 -44.6208 0.8000,
-38.3430 -25.5707 -0.4000,
-38.3430 -25.5707 0.8000,
-38.3430 -6.5207 -0.4000,
-38.3430 -6.5207 0.8000,
-38.3430 12.5293 -0.4000,
-38.3430 12.5293 0.8000,
-38.0980 -44.6087 -0.4000,
-38.0980 -44.6087 0.8000,
-38.0980 -43.9588 -1.9000,
-38.0980 -43.6087 -1.4000,
-38.0980 -43.6087 -0.4000,
-38.0980 -43.6087 0.8000,
-38.0980 -43.6087 1.8000,
-38.0980 -25.5587 -0.4000,
-38.0980 -25.5587 0.8000,
-38.0980 -24.9087 -1.9000,
-38.0980 -24.5587 -1.4000,
-38.0980 -24.5587 -0.4000,
-38.0980 -24.5587 0.8000,
-38.0980 -24.5587 1.8000,
-38.0980 -6.5087 -0.4000,
-38.0980 -6.5087 0.8000,
-38.0980 -5.8587 -1.9000,
-38.0980 -5.5087 -1.4000,
-38.0980 -5.5087 -0.4000,
-38.0980 -5.5087 0.8000,
-38.0980 -5.5087 1.8000,
-38.0980 12.5413 -0.4000,
-38.0980 12.5413 0.8000,
-38.0980 13.1913 -1.9000,
-38.0980 13.5413 -1.4000,
-38.0980 13.5413 -0.4000,
-38.0980 13.5413 0.8000,
-38.0980 13.5413 1.8000,
-37.8530 -44.6208 -0.4000,
-37.8530 -44.6208 0.8000,
-37.8530 -25.5707 -0.4000,
-37.8530 -25.5707 0.8000,
-37.8530 -6.5207 -0.4000,
-37.8530 -6.5207 0.8000,
-37.8530 12.5293 -0.4000,
-37.8530 12.5293 0.8000,
-37.7893 -43.9739 -1.9000,
-37.7893 -24.9239 -1.9000,
-37.7893 -5.8739 -1.9000,
-37.7893 13.1761 -1.9000,
-37.7550 -43.6256 -1.4000,
-37.7550 -43.6256 -0.4000,
-37.7550 -43.6256 0.8000,
-37.7550 -43.6256 1.8000,
-37.7550 -24.5756 -1.4000,
-37.7550 -24.5756 -0.4000,
-37.7550 -24.5756 0.8000,
-37.7550 -24.5756 1.8000,
-37.7550 -5.5256 -1.4000,
-37.7550 -5.5256 -0.4000,
-37.7550 -5.5256 0.8000,
-37.7550 -5.5256 1.8000,
-37.7550 13.5244 -1.4000,
-37.7550 13.5244 -0.4000,
-37.7550 13.5244 0.8000,
-37.7550 13.5244 1.8000,
-37.6103 -44.6568 -0.4000,
-37.6103 -44.6568 0.8000,
-37.6103 -25.6067 -0.4000,
-37.6103 -25.6067 0.8000,
-37.6103 -6.5567 -0.4000,
-37.6103 -6.5567 0.8000,
-37.6103 12.4933 -0.4000,
-37.6103 12.4933 0.8000,
-37.4835 -44.0193 -1.9000,
-37.4835 -24.9692 -1.9000,
-37.4835 -5.9192 -1.9000,
-37.4835 13.1308 -1.9000,
-37.4152 -43.6760 -1.4000,
-37.4152 -43.6760 -0.4000,
-37.4152 -43.6760 0.8000,
-37.4152 -43.6760 1.8000,
-37.4152 -24.6260 -1.4000,
-37.4152 -24.6260 -0.4000,
-37.4152 -24.6260 0.8000,
-37.4152 -24.6260 1.8000,
-37.4152 -5.5760 -1.4000,
-37.4152 -5.5760 -0.4000,
-37.4152 -5.5760 0.8000,
-37.4152 -5.5760 1.8000,
-37.4152 13.4740 -1.4000,
-37.4152 13.4740 -0.4000,
-37.4152 13.4740 0.8000,
-37.4152 13.4740 1.8000,
-37.3723 -44.7164 -0.4000,
-37.3723 -44.7164 0.8000,
-37.3723 -25.6664 -0.4000,
-37.3723 -25.6664 0.8000,
-37.3723 -6.6163 -0.4000,
-37.3723 -6.6163 0.8000,
-37.3723 12.4336 -0.4000,
-37.3723 12.4336 0.8000,
-37.1836 -44.0944 -1.9000,
-37.1836 -25.0444 -1.9000,
-37.1836 -5.9943 -1.9000,
-37.1836 13.0557 -1.9000,
-37.1413 -44.7991 -0.4000,
-37.1413 -44.7991 0.8000,
-37.1413 -25.7491 -0.4000,
-37.1413 -25.7491 0.8000,
-37.1413 -6.6990 -0.4000,
-37.1413 -6.6990 0.8000,
-37.1413 12.3510 -0.4000,
-37.1413 12.3510 0.8000,
-37.0820 -43.7595 -1.4000,
-37.0820 -43.7595 -0.4000,
-37.0820 -43.7595 0.8000,
-37.0820 -43.7595 1.8000,
-37.0820 -24.7094 -1.4000,
-37.0820 -24.7094 -0.4000,
-37.0820 -24.7094 0.8000,
-37.0820 -24.7094 1.8000,
-37.0820 -5.6594 -1.4000,
-37.0820 -5.6594 -0.4000,
-37.0820 -5.6594 0.8000,
-37.0820 -5.6594 1.8000,
-37.0820 13.3906 -1.4000,
-37.0820 13.3906 -0.4000,
-37.0820 13.3906 0.8000,
-37.0820 13.3906 1.8000,
-36.9195 -44.9040 -0.4000,
-36.9195 -44.9040 0.8000,
-36.9195 -25.8539 -0.4000,
-36.9195 -25.8539 0.8000,
-36.9195 -6.8039 -0.4000,
-36.9195 -6.8039 0.8000,
-36.9195 12.2461 -0.4000,
-36.9195 12.2461 0.8000,
-36.8926 -44.1985 -1.9000,
-36.8926 -25.1485 -1.9000,
-36.8926 -6.0985 -1.9000,
-36.8926 12.9515 -1.9000,
-36.7586 -43.8752 -1.4000,
-36.7586 -43.8752 -0.4000,
-36.7586 -43.8752 0.8000,
-36.7586 -43.8752 1.8000,
-36.7586 -24.8252 -1.4000,
-36.7586 -24.8252 -0.4000,
-36.7586 -24.8252 0.8000,
-36.7586 -24.8252 1.8000,
-36.7586 -5.7751 -1.4000,
-36.7586 -5.7751 -0.4000,
-36.7586 -5.7751 0.8000,
-36.7586 -5.7751 1.8000,
-36.7586 13.2749 -1.4000,
-36.7586 13.2749 -0.4000,
-36.7586 13.2749 0.8000,
-36.7586 13.2749 1.8000,
-36.7091 -45.0301 -0.4000,
-36.7091 -45.0301 0.8000,
-36.7091 -25.9800 -0.4000,
-36.7091 -25.9800 0.8000,
-36.7091 -6.9300 -0.4000,
-36.7091 -6.9300 0.8000,
-36.7091 12.1200 -0.4000,
-36.7091 12.1200 0.8000,
-36.6131 -44.3307 -1.9000,
-36.6131 -25.2807 -1.9000,
-36.6131 -6.2307 -1.9000,
-36.6131 12.8193 -1.9000,
-36.5120 -45.1762 -0.4000,
-36.5120 -45.1762 0.8000,
-36.5120 -26.1262 -0.4000,
-36.5120 -26.1262 0.8000,
-36.5120 -7.0762 -0.4000,
-36.5120 -7.0762 0.8000,
-36.5120 11.9738 -0.4000,
-36.5120 11.9738 0.8000,
-36.4481 -44.0220 -1.4000,
-36.4481 -44.0220 -0.4000,
-36.4481 -44.0220 0.8000,
-36.4481 -44.0220 1.8000,
-36.4481 -24.9720 -1.4000,
-36.4481 -24.9720 -0.4000,
-36.4481 -24.9720 0.8000,
-36.4481 -24.9720 1.8000,
-36.4481 -5.9220 -1.4000,
-36.4481 -5.9220 -0.4000,
-36.4481 -5.9220 0.8000,
-36.4481 -5.9220 1.8000,
-36.4481 13.1280 -1.4000,
-36.4481 13.1280 -0.4000,
-36.4481 13.1280 0.8000,
-36.4481 13.1280 1.8000,
-36.3480 -44.4896 -1.9000,
-36.3480 -25.4396 -1.9000,
-36.3480 -6.3896 -1.9000,
-36.3480 12.6604 -1.9000,
-36.3302 -45.3410 -0.4000,
-36.3302 -45.3410 0.8000,
-36.3302 -26.2910 -0.4000,
-36.3302 -26.2910 0.8000,
-36.3302 -7.2409 -0.4000,
-36.3302 -7.2409 0.8000,
-36.3302 11.8091 -0.4000,
-36.3302 11.8091 0.8000,
-36.1655 -45.5228 -0.4000,
-36.1655 -45.5228 0.8000,
-36.1655 -26.4728 -0.4000,
-36.1655 -26.4728 0.8000,
-36.1655 -7.4227 -0.4000,
-36.1655 -7.4227 0.8000,
-36.1655 11.6273 -0.4000,
-36.1655 11.6273 0.8000,
-36.1535 -44.1986 -1.4000,
-36.1535 -44.1986 -0.4000,
-36.1535 -44.1986 0.8000,
-36.1535 -44.1986 1.8000,
-36.1535 -25.1486 -1.4000,
-36.1535 -25.1486 -0.4000,
-36.1535 -25.1486 0.8000,
-36.1535 -25.1486 1.8000,
-36.1535 -6.0986 -1.4000,
-36.1535 -6.0986 -0.4000,
-36.1535 -6.0986 0.8000,
-36.1535 -6.0986 1.8000,
-36.1535 12.9514 -1.4000,
-36.1535 12.9514 -0.4000,
-36.1535 12.9514 0.8000,
-36.1535 12.9514 1.8000,
-36.1398 -44.2088 0.8000,
-36.1398 -44.2088 1.8000,
-36.1398 -25.1587 0.8000,
-36.1398 -25.1587 1.8000,
-36.1398 -6.1087 0.8000,
-36.1398 -6.1087 1.8000,
-36.1398 12.9413 0.8000,
-36.1398 12.9413 1.8000,
-36.0997 -44.6738 -1.9000,
-36.0997 -25.6237 -1.9000,
-36.0997 -6.5737 -1.9000,
-36.0997 12.4763 -1.9000,
-36.0193 -45.7198 -0.4000,
-36.0193 -45.7198 0.8000,
-36.0193 -26.6698 -0.4000,
-36.0193 -26.6698 0.8000,
-36.0193 -7.6198 -0.4000,
-36.0193 -7.6198 0.8000,
-36.0193 11.4302 -0.4000,
-36.0193 11.4302 0.8000,
-35.8932 -45.9303 -0.4000,
-35.8932 -45.9303 0.8000,
-35.8932 -26.8802 -0.4000,
-35.8932 -26.8802 0.8000,
-35.8932 -7.8302 -0.4000,
-35.8932 -7.8302 0.8000,
-35.8932 11.2198 -0.4000,
-35.8932 11.2198 0.8000,
-35.8776 -44.4032 -1.4000,
-35.8776 -44.4032 -0.4000,
-35.8776 -25.3532 -1.4000,
-35.8776 -25.3532 -0.4000,
-35.8776 -6.3032 -1.4000,
-35.8776 -6.3032 -0.4000,
-35.8776 12.7468 -1.4000,
-35.8776 12.7468 -0.4000,
-35.8706 -44.8814 -1.9000,
-35.8706 -25.8313 -1.9000,
-35.8706 -6.7813 -1.9000,
-35.8706 12.2687 -1.9000,
-35.7883 -46.1520 -0.4000,
-35.7883 -46.1520 0.8000,
-35.7883 -27.1020 -0.4000,
-35.7883 -27.1020 0.8000,
-35.7883 -8.0520 -0.4000,
-35.7883 -8.0520 0.8000,
-35.7883 10.9980 -0.4000,
-35.7883 10.9980 0.8000,
-35.7057 -46.3830 -0.4000,
-35.7057 -46.3830 0.8000,
-35.7057 -27.3330 -0.4000,
-35.7057 -27.3330 0.8000,
-35.7057 -8.2830 -0.4000,
-35.7057 -8.2830 0.8000,
-35.7057 10.7670 -0.4000,
-35.7057 10.7670 0.8000,
-35.6630 -45.1104 -1.9000,
-35.6630 -26.0604 -1.9000,
-35.6630 -7.0104 -1.9000,
-35.6630 12.0396 -1.9000,
-35.6460 -46.6210 -0.4000,
-35.6460 -46.6210 0.8000,
-35.6460 -27.5710 -0.4000,
-35.6460 -27.5710 0.8000,
-35.6460 -8.5210 -0.4000,
-35.6460 -8.5210 0.8000,
-35.6460 10.5290 -0.4000,
-35.6460 10.5290 0.8000,
-35.6231 -44.6339 -1.4000,
-35.6231 -44.6339 -0.4000,
-35.6231 -25.5838 -1.4000,
-35.6231 -25.5838 -0.4000,
-35.6231 -6.5338 -1.4000,
-35.6231 -6.5338 -0.4000,
-35.6231 12.5162 -1.4000,
-35.6231 12.5162 -0.4000,
-35.6108 -46.8587 -0.4000,
-35.6108 -46.8587 0.8000,
-35.6108 -27.8087 -0.4000,
-35.6108 -27.8087 0.8000,
-35.6108 -8.7587 -0.4000,
-35.6108 -8.7587 0.8000,
-35.6108 10.2913 -0.4000,
-35.6108 10.2913 0.8000,
-35.6100 -46.8637 -0.4000,
-35.6100 -46.8637 0.8000,
-35.6100 -27.8137 -0.4000,
-35.6100 -27.8137 0.8000,
-35.6100 -8.7637 -0.4000,
-35.6100 -8.7637 0.8000,
-35.6100 10.2863 -0.4000,
-35.6100 10.2863 0.8000,
-35.5980 -47.7687 -0.4000,
-35.5980 -47.7687 0.8000,
-35.5980 -47.1087 -0.4000,
-35.5980 -47.1087 0.8000,
-35.5980 -28.7187 -0.4000,
-35.5980 -28.7187 0.8000,
-35.5980 -28.0587 -0.4000,
-35.5980 -28.0587 0.8000,
-35.5980 -9.6687 -0.4000,
-35.5980 -9.6687 0.8000,
-35.5980 -9.0087 -0.4000,
-35.5980 -9.0087 0.8000,
-35.5980 9.3813 -0.4000,
-35.5980 9.3813 0.8000,
-35.5980 10.0413 -0.4000,
-35.5980 10.0413 0.8000,
-35.4789 -45.3587 -1.9000,
-35.4789 -26.3087 -1.9000,
-35.4789 -7.2587 -1.9000,
-35.4789 11.7913 -1.9000,
-35.3980 -46.8838 -1.9000,
-35.3980 -27.8338 -1.9000,
-35.3980 -8.7837 -1.9000,
-35.3980 10.2663 -1.9000,
-35.3925 -44.8884 -1.4000,
-35.3925 -44.8884 -0.4000,
-35.3925 -25.8383 -1.4000,
-35.3925 -25.8383 -0.4000,
-35.3925 -6.7883 -1.4000,
-35.3925 -6.7883 -0.4000,
-35.3925 12.2617 -1.4000,
-35.3925 12.2617 -0.4000,
-35.3200 -45.6238 -1.9000,
-35.3200 -26.5738 -1.9000,
-35.3200 -7.5238 -1.9000,
-35.3200 11.5262 -1.9000,
-35.1879 -45.1643 -1.4000,
-35.1879 -45.1643 -0.4000,
-35.1879 -26.1142 -1.4000,
-35.1879 -26.1142 -0.4000,
-35.1879 -7.0642 -1.4000,
-35.1879 -7.0642 -0.4000,
-35.1879 11.9858 -1.4000,
-35.1879 11.9858 -0.4000,
-35.1878 -45.9033 -1.9000,
-35.1878 -26.8534 -1.9000,
-35.1878 -7.8033 -1.9000,
-35.1878 11.2467 -1.9000,
-35.0980 -46.8587 -1.4000,
-35.0980 -46.8587 -0.4000,
-35.0980 -46.8587 0.8000,
-35.0980 -46.8587 1.8000,
-35.0980 -27.8087 -1.4000,
-35.0980 -27.8087 -0.4000,
-35.0980 -27.8087 0.8000,
-35.0980 -27.8087 1.8000,
-35.0980 -8.7587 -1.4000,
-35.0980 -8.7587 -0.4000,
-35.0980 -8.7587 0.8000,
-35.0980 -8.7587 1.8000,
-35.0980 10.2913 -1.4000,
-35.0980 10.2913 -0.4000,
-35.0980 10.2913 0.8000,
-35.0980 10.2913 1.8000,
-35.0836 -46.1944 -1.9000,
-35.0836 -27.1443 -1.9000,
-35.0836 -8.0943 -1.9000,
-35.0836 10.9557 -1.9000,
-35.0113 -45.4589 -1.4000,
-35.0113 -45.4589 -0.4000,
-35.0113 -26.4088 -1.4000,
-35.0113 -26.4088 -0.4000,
-35.0113 -7.3588 -1.4000,
-35.0113 -7.3588 -0.4000,
-35.0113 11.6912 -1.4000,
-35.0113 11.6912 -0.4000,
-35.0085 -46.4943 -1.9000,
-35.0085 -27.4442 -1.9000,
-35.0085 -8.3942 -1.9000,
-35.0085 10.6558 -1.9000,
-34.8644 -45.7694 -1.4000,
-34.8644 -45.7694 -0.4000,
-34.8644 -26.7194 -1.4000,
-34.8644 -26.7194 -0.4000,
-34.8644 -7.6693 -1.4000,
-34.8644 -7.6693 -0.4000,
-34.8644 11.3807 -1.4000,
-34.8644 11.3807 -0.4000,
-34.7487 -46.0928 -1.4000,
-34.7487 -46.0928 -0.4000,
-34.7487 -27.0427 -1.4000,
-34.7487 -27.0427 -0.4000,
-34.7487 -7.9927 -1.4000,
-34.7487 -7.9927 -0.4000,
-34.7487 11.0573 -1.4000,
-34.7487 11.0573 -0.4000,
-34.7197 -46.2088 0.8000,
-34.7197 -46.2088 1.8000,
-34.7197 -27.1587 0.8000,
-34.7197 -27.1587 1.8000,
-34.7197 -8.1087 0.8000,
-34.7197 -8.1087 1.8000,
-34.7197 10.9413 0.8000,
-34.7197 10.9413 1.8000,
-34.6652 -46.4260 -1.4000,
-34.6652 -46.4260 -0.4000,
-34.6652 -46.4260 0.8000,
-34.6652 -46.4260 1.8000,
-34.6652 -27.3759 -1.4000,
-34.6652 -27.3759 -0.4000,
-34.6652 -27.3759 0.8000,
-34.6652 -27.3759 1.8000,
-34.6652 -8.3259 -1.4000,
-34.6652 -8.3259 -0.4000,
-34.6652 -8.3259 0.8000,
-34.6652 -8.3259 1.8000,
-34.6652 10.7241 -1.4000,
-34.6652 10.7241 -0.4000,
-34.6652 10.7241 0.8000,
-34.6652 10.7241 1.8000,
-29.6460 -51.5397 0.8000,
-29.6460 -51.5397 1.8000,
-29.6412 -51.4417 0.8000,
-29.6412 -51.4417 1.8000,
-29.6268 -51.3447 0.8000,
-29.6268 -51.3447 1.8000,
-29.6030 -51.2495 0.8000,
-29.6030 -51.2495 1.8000,
-29.5730 -47.5898 0.8000,
-29.5730 -47.5898 1.8000,
-29.5730 -46.2088 0.8000,
-29.5730 -46.2088 1.8000,
-29.5730 -44.2088 0.8000,
-29.5730 -44.2088 1.8000,
-29.5730 -27.1587 0.8000,
-29.5730 -27.1587 1.8000,
-29.5730 -9.4897 0.8000,
-29.5730 -9.4897 1.8000,
-29.5730 -8.1087 0.8000,
-29.5730 -8.1087 1.8000,
-29.5730 9.5603 0.8000,
-29.5730 9.5603 1.8000,
-29.5730 10.9413 0.8000,
-29.5730 10.9413 1.8000,
-29.5699 -51.1570 0.8000,
-29.5699 -51.1570 1.8000,
-29.5682 -47.6878 0.8000,
-29.5682 -47.6878 1.8000,
-29.5682 -9.5877 0.8000,
-29.5682 -9.5877 1.8000,
-29.5682 9.4623 0.8000,
-29.5682 9.4623 1.8000,
-29.5538 -47.7848 0.8000,
-29.5538 -47.7848 1.8000,
-29.5538 -9.6848 0.8000,
-29.5538 -9.6848 1.8000,
-29.5538 9.3652 0.8000,
-29.5538 9.3652 1.8000,
-29.5299 -47.8800 0.8000,
-29.5299 -47.8800 1.8000,
-29.5299 -9.7800 0.8000,
-29.5299 -9.7800 1.8000,
-29.5299 9.2700 0.8000,
-29.5299 9.2700 1.8000,
-29.5279 -51.0684 0.8000,
-29.5279 -51.0684 1.8000,
-29.4969 -47.9724 0.8000,
-29.4969 -47.9724 1.8000,
-29.4969 -9.8724 0.8000,
-29.4969 -9.8724 1.8000,
-29.4969 9.1776 0.8000,
-29.4969 9.1776 1.8000,
-29.4912 -72.4084 -1.4000,
-29.4912 -72.4084 -0.4000,
-29.4912 -72.4084 0.8000,
-29.4912 -72.4084 1.8000,
-29.4549 -48.0611 0.8000,
-29.4549 -48.0611 1.8000,
-29.4549 -9.9611 0.8000,
-29.4549 -9.9611 1.8000,
-29.4549 9.0889 0.8000,
-29.4549 9.0889 1.8000,
-29.4045 -48.1453 0.8000,
-29.4045 -48.1453 1.8000,
-29.4045 -10.0453 0.8000,
-29.4045 -10.0453 1.8000,
-29.4045 9.0047 0.8000,
-29.4045 9.0047 1.8000,
-29.3790 -72.0838 -1.4000,
-29.3790 -72.0838 -0.4000,
-29.3790 -72.0838 0.8000,
-29.3790 -72.0838 1.8000,
-29.3460 -48.2241 0.8000,
-29.3460 -48.2241 1.8000,
-29.3460 -10.1241 0.8000,
-29.3460 -10.1241 1.8000,
-29.3460 8.9259 0.8000,
-29.3460 8.9259 1.8000,
-29.2801 -48.2968 0.8000,
-29.2801 -48.2968 1.8000,
-29.2801 -10.1968 0.8000,
-29.2801 -10.1968 1.8000,
-29.2801 8.8532 0.8000,
-29.2801 8.8532 1.8000,
-29.2355 -71.7716 -1.4000,
-29.2355 -71.7716 -0.4000,
-29.2355 -71.7716 0.8000,
-29.2355 -71.7716 1.8000,
-29.2074 -48.3628 0.8000,
-29.2074 -48.3628 1.8000,
-29.2074 -10.2627 0.8000,
-29.2074 -10.2627 1.8000,
-29.2074 8.7873 0.8000,
-29.2074 8.7873 1.8000,
-29.1552 -72.5064 -1.9000,
-29.1460 -69.0398 0.8000,
-29.1460 -69.0398 1.8000,
-29.1412 -69.1378 0.8000,
-29.1412 -69.1378 1.8000,
-29.1286 -48.4212 0.8000,
-29.1286 -48.4212 1.8000,
-29.1286 -10.3212 0.8000,
-29.1286 -10.3212 1.8000,
-29.1286 8.7288 0.8000,
-29.1286 8.7288 1.8000,
-29.1268 -69.2348 0.8000,
-29.1268 -69.2348 1.8000,
-29.1030 -69.3300 0.8000,
-29.1030 -69.3300 1.8000,
-29.0978 -72.8772 -1.4000,
-29.0978 -72.8772 -0.4000,
-29.0978 -72.8772 0.8000,
-29.0978 -72.8772 1.8000,
-29.0699 -69.4224 0.8000,
-29.0699 -69.4224 1.8000,
-29.0622 -71.4751 -1.4000,
-29.0622 -71.4751 -0.4000,
-29.0622 -71.4751 0.8000,
-29.0622 -71.4751 1.8000,
-29.0542 -72.2141 -1.9000,
-29.0444 -48.4717 0.8000,
-29.0444 -48.4717 1.8000,
-29.0444 -10.3716 0.8000,
-29.0444 -10.3716 1.8000,
-29.0444 8.6784 0.8000,
-29.0444 8.6784 1.8000,
-29.0279 -69.5111 0.8000,
-29.0279 -69.5111 1.8000,
-28.9775 -69.5954 0.8000,
-28.9775 -69.5954 1.8000,
-28.9557 -48.5136 0.8000,
-28.9557 -48.5136 1.8000,
-28.9557 -10.4136 0.8000,
-28.9557 -10.4136 1.8000,
-28.9557 8.6364 0.8000,
-28.9557 8.6364 1.8000,
-28.9251 -71.9332 -1.9000,
-28.9190 -69.6742 0.8000,
-28.9190 -69.6742 1.8000,
-28.8633 -48.5467 0.8000,
-28.8633 -48.5467 1.8000,
-28.8633 -10.4466 0.8000,
-28.8633 -10.4466 1.8000,
-28.8633 8.6034 0.8000,
-28.8633 8.6034 1.8000,
-28.8606 -71.1970 -1.4000,
-28.8606 -71.1970 -0.4000,
-28.8606 -71.1970 0.8000,
-28.8606 -71.1970 1.8000,
-28.8531 -69.7468 0.8000,
-28.8531 -69.7468 1.8000,
-28.8011 -72.9282 -1.9000,
-28.7691 -71.6664 -1.9000,
-28.7681 -48.5705 0.8000,
-28.7681 -48.5705 1.8000,
-28.7681 -10.4705 0.8000,
-28.7681 -10.4705 1.8000,
-28.7681 8.5795 0.8000,
-28.7681 8.5795 1.8000,
-28.6790 -73.8274 -0.4000,
-28.6790 -73.8274 0.8000,
-28.6710 -48.5849 0.8000,
-28.6710 -48.5849 1.8000,
-28.6710 -10.4849 0.8000,
-28.6710 -10.4849 1.8000,
-28.6710 8.5651 0.8000,
-28.6710 8.5651 1.8000,
-28.6327 -70.9400 -1.4000,
-28.6327 -70.9400 -0.4000,
-28.6327 -70.9400 0.8000,
-28.6327 -70.9400 1.8000,
-28.6215 -73.1698 -0.4000,
-28.6215 -73.1698 0.8000,
-28.5881 -72.9268 -0.4000,
-28.5881 -72.9268 0.8000,
-28.5876 -71.4160 -1.9000,
-28.5870 -72.9220 -0.4000,
-28.5870 -72.9220 0.8000,
-28.5730 -48.5898 0.8000,
-28.5730 -48.5898 1.8000,
-28.5730 -25.1587 0.8000,
-28.5730 -25.1587 1.8000,
-28.5730 -10.4897 0.8000,
-28.5730 -10.4897 1.8000,
-28.5730 -6.1087 0.8000,
-28.5730 -6.1087 1.8000,
-28.5730 8.5603 0.8000,
-28.5730 8.5603 1.8000,
-28.5730 12.9413 0.8000,
-28.5730 12.9413 1.8000,
-28.5311 -72.6882 -0.4000,
-28.5311 -72.6882 0.8000,
-28.4750 -25.1635 0.8000,
-28.4750 -25.1635 1.8000,
-28.4750 -6.1135 0.8000,
-28.4750 -6.1135 1.8000,
-28.4750 12.9365 0.8000,
-28.4750 12.9365 1.8000,
-28.4510 -72.4563 -0.4000,
-28.4510 -72.4563 0.8000,
-28.3826 -71.1849 -1.9000,
-28.3808 -70.7065 -1.4000,
-28.3808 -70.7065 -0.4000,
-28.3808 -70.7065 0.8000,
-28.3808 -70.7065 1.8000,
-28.3779 -25.1780 0.8000,
-28.3779 -25.1780 1.8000,
-28.3779 -6.1279 0.8000,
-28.3779 -6.1279 1.8000,
-28.3779 12.9221 0.8000,
-28.3779 12.9221 1.8000,
-28.3485 -72.2334 -0.4000,
-28.3485 -72.2334 0.8000,
-28.2886 -48.5898 0.8000,
-28.2886 -48.5898 1.8000,
-28.2827 -25.2018 0.8000,
-28.2827 -25.2018 1.8000,
-28.2827 -6.1518 0.8000,
-28.2827 -6.1518 1.8000,
-28.2827 12.8982 0.8000,
-28.2827 12.8982 1.8000,
-28.2247 -72.0215 -0.4000,
-28.2247 -72.0215 0.8000,
-28.1903 -25.2348 0.8000,
-28.1903 -25.2348 1.8000,
-28.1903 -6.1848 0.8000,
-28.1903 -6.1848 1.8000,
-28.1903 12.8652 0.8000,
-28.1903 12.8652 1.8000,
-28.1558 -70.9748 -1.9000,
-28.1071 -70.4990 -1.4000,
-28.1071 -70.4990 -0.4000,
-28.1071 -70.4990 0.8000,
-28.1071 -70.4990 1.8000,
-28.1033 -70.4966 0.8000,
-28.1033 -70.4966 1.8000,
-28.1016 -25.2768 0.8000,
-28.1016 -25.2768 1.8000,
-28.1016 -6.2268 0.8000,
-28.1016 -6.2268 1.8000,
-28.1016 12.8232 0.8000,
-28.1016 12.8232 1.8000,
-28.0807 -71.8229 -0.4000,
-28.0807 -71.8229 0.8000,
-28.0174 -25.3272 0.8000,
-28.0174 -25.3272 1.8000,
-28.0174 -6.2772 0.8000,
-28.0174 -6.2772 1.8000,
-28.0174 12.7728 0.8000,
-28.0174 12.7728 1.8000,
-27.9386 -25.3857 0.8000,
-27.9386 -25.3857 1.8000,
-27.9386 -6.3357 0.8000,
-27.9386 -6.3357 1.8000,
-27.9386 12.7143 0.8000,
-27.9386 12.7143 1.8000,
-27.9179 -71.6394 -0.4000,
-27.9179 -71.6394 0.8000,
-27.9095 -70.7878 -1.9000,
-27.8659 -25.4516 0.8000,
-27.8659 -25.4516 1.8000,
-27.8659 -6.4016 0.8000,
-27.8659 -6.4016 1.8000,
-27.8659 12.6484 0.8000,
-27.8659 12.6484 1.8000,
-27.8145 -70.3193 -1.4000,
-27.8145 -70.3193 -0.4000,
-27.8000 -25.5243 0.8000,
-27.8000 -25.5243 1.8000,
-27.8000 -6.4743 0.8000,
-27.8000 -6.4743 1.8000,
-27.8000 12.5757 0.8000,
-27.8000 12.5757 1.8000,
-27.7415 -25.6031 0.8000,
-27.7415 -25.6031 1.8000,
-27.7415 -6.5531 0.8000,
-27.7415 -6.5531 1.8000,
-27.7415 12.4969 0.8000,
-27.7415 12.4969 1.8000,
-27.7380 -71.4726 -0.4000,
-27.7380 -71.4726 0.8000,
-27.6911 -25.6874 0.8000,
-27.6911 -25.6874 1.8000,
-27.6911 -6.6373 0.8000,
-27.6911 -6.6373 1.8000,
-27.6911 12.4127 0.8000,
-27.6911 12.4127 1.8000,
-27.6491 -25.7760 0.8000,
-27.6491 -25.7760 1.8000,
-27.6491 -6.7260 0.8000,
-27.6491 -6.7260 1.8000,
-27.6491 12.3240 0.8000,
-27.6491 12.3240 1.8000,
-27.6461 -70.6260 -1.9000,
-27.6396 -51.7622 0.8000,
-27.6396 -51.7622 1.8000,
-27.6161 -25.8684 0.8000,
-27.6161 -25.8684 1.8000,
-27.6161 -6.8184 0.8000,
-27.6161 -6.8184 1.8000,
-27.6161 12.2316 0.8000,
-27.6161 12.2316 1.8000,
-27.5922 -25.9636 0.8000,
-27.5922 -25.9636 1.8000,
-27.5922 -6.9136 0.8000,
-27.5922 -6.9136 1.8000,
-27.5922 12.1364 0.8000,
-27.5922 12.1364 1.8000,
-27.5778 -26.0607 0.8000,
-27.5778 -26.0607 1.8000,
-27.5778 -7.0107 0.8000,
-27.5778 -7.0107 1.8000,
-27.5778 12.0393 0.8000,
-27.5778 12.0393 1.8000,
-27.5730 -46.5898 0.8000,
-27.5730 -46.5898 1.8000,
-27.5730 -29.5407 0.8000,
-27.5730 -29.5407 1.8000,
-27.5730 -27.5407 0.8000,
-27.5730 -27.5407 1.8000,
-27.5730 -26.1587 0.8000,
-27.5730 -26.1587 1.8000,
-27.5730 -8.4897 0.8000,
-27.5730 -8.4897 1.8000,
-27.5730 -7.1087 0.8000,
-27.5730 -7.1087 1.8000,
-27.5730 10.5603 0.8000,
-27.5730 10.5603 1.8000,
-27.5730 11.9413 0.8000,
-27.5730 11.9413 1.8000,
-27.5425 -71.3244 -0.4000,
-27.5425 -71.3244 0.8000,
-27.5056 -70.1690 -1.4000,
-27.5056 -70.1690 -0.4000,
-27.3681 -70.4908 -1.9000,
-27.3335 -71.1960 -0.4000,
-27.3335 -71.1960 0.8000,
-27.1835 -70.0497 -1.4000,
-27.1835 -70.0497 -0.4000,
-27.1582 -68.6134 0.8000,
-27.1582 -68.6134 1.8000,
-27.1128 -71.0886 -0.4000,
-27.1128 -71.0886 0.8000,
-27.0782 -70.3835 -1.9000,
-26.8828 -71.0034 -0.4000,
-26.8828 -71.0034 0.8000,
-26.8512 -69.9626 -1.4000,
-26.8512 -69.9626 -0.4000,
-26.7792 -70.3052 -1.9000,
-26.6454 -70.9412 -0.4000,
-26.6454 -70.9412 0.8000,
-26.5284 -49.5397 0.8000,
-26.5284 -49.5397 1.8000,
-26.5120 -69.9085 -1.4000,
-26.5120 -69.9085 -0.4000,
-26.4739 -70.2564 -1.9000,
-26.4032 -70.9026 -0.4000,
-26.4032 -70.9026 0.8000,
-26.1692 -69.8879 -1.4000,
-26.1692 -69.8879 -0.4000,
-26.1654 -70.2379 -1.9000,
-26.1583 -70.8879 -0.4000,
-26.1583 -70.8879 0.8000,
-25.9389 -69.8326 0.8000,
-25.9389 -69.8326 1.8000,
-25.9131 -70.8972 -0.4000,
-25.9131 -70.8972 0.8000,
-25.8787 -69.8990 0.8000,
-25.8787 -69.8990 1.8000,
-25.8565 -70.2498 -1.9000,
-25.8260 -69.9010 -1.4000,
-25.8260 -69.9010 -0.4000,
-25.8260 -69.9010 0.8000,
-25.8260 -69.9010 1.8000,
-25.6701 -70.9306 -0.4000,
-25.6701 -70.9306 0.8000,
-25.5502 -70.2918 -1.9000,
-25.4857 -69.9477 -1.4000,
-25.4857 -69.9477 -0.4000,
-25.4857 -69.9477 0.8000,
-25.4857 -69.9477 1.8000,
-25.4314 -70.9876 -0.4000,
-25.4314 -70.9876 0.8000,
-25.2495 -70.3637 -1.9000,
-25.1995 -71.0677 -0.4000,
-25.1995 -71.0677 0.8000,
-25.1516 -70.0275 -1.4000,
-25.1516 -70.0275 -0.4000,
-25.1516 -70.0275 0.8000,
-25.1516 -70.0275 1.8000,
-24.9766 -71.1703 -0.4000,
-24.9766 -71.1703 0.8000,
-24.9574 -70.4646 -1.9000,
-24.8270 -70.1397 -1.4000,
-24.8270 -70.1397 -0.4000,
-24.8270 -70.1397 0.8000,
-24.8270 -70.1397 1.8000,
-24.7648 -71.2940 -0.4000,
-24.7648 -71.2940 0.8000,
-24.6765 -70.5936 -1.9000,
-24.5662 -71.4380 -0.4000,
-24.5662 -71.4380 0.8000,
-24.5149 -70.2833 -1.4000,
-24.5149 -70.2833 -0.4000,
-24.5149 -70.2833 0.8000,
-24.5149 -70.2833 1.8000,
-24.4222 -73.2862 0.8000,
-24.4222 -73.2862 1.8000,
-24.4096 -70.7496 -1.9000,
-24.3826 -71.6009 -0.4000,
-24.3826 -71.6009 0.8000,
-24.2184 -70.4565 -1.4000,
-24.2184 -70.4565 -0.4000,
-24.2184 -70.4565 0.8000,
-24.2184 -70.4565 1.8000,
-24.2159 -71.7807 -0.4000,
-24.2159 -71.7807 0.8000,
-24.1593 -70.9312 -1.9000,
-24.0676 -71.9762 -0.4000,
-24.0676 -71.9762 0.8000,
-24.0287 -73.4636 0.8000,
-24.0287 -73.4636 1.8000,
-23.9403 -70.6582 -1.4000,
-23.9403 -70.6582 -0.4000,
-23.9403 -70.6582 0.8000,
-23.9403 -70.6582 1.8000,
-23.9392 -72.1852 -0.4000,
-23.9392 -72.1852 0.8000,
-23.9363 -73.4966 0.8000,
-23.9363 -73.4966 1.8000,
-23.9281 -71.1361 -1.9000,
-23.8411 -73.5205 0.8000,
-23.8411 -73.5205 1.8000,
-23.8319 -72.4059 -0.4000,
-23.8319 -72.4059 0.8000,
-23.7467 -72.6360 -0.4000,
-23.7467 -72.6360 0.8000,
-23.7440 -73.5350 0.8000,
-23.7440 -73.5350 1.8000,
-23.7180 -71.3629 -1.9000,
-23.6980 -74.2632 -0.4000,
-23.6980 -74.2632 0.8000,
-23.6845 -72.8733 -0.4000,
-23.6845 -72.8733 0.8000,
-23.6833 -70.8861 -1.4000,
-23.6833 -70.8861 -0.4000,
-23.6833 -70.8861 0.8000,
-23.6833 -70.8861 1.8000,
-23.6459 -73.1155 -0.4000,
-23.6459 -73.1155 0.8000,
-23.6405 -73.6056 -0.4000,
-23.6405 -73.6056 0.8000,
-23.6383 -73.5488 0.8000,
-23.6315 -73.3554 -0.4000,
-23.6311 -73.3604 -0.4000,
-23.6311 -73.3604 0.8000,
-23.5311 -71.6092 -1.9000,
-23.4499 -71.1379 -1.4000,
-23.4499 -71.1379 -0.4000,
-23.4499 -71.1379 0.8000,
-23.4499 -71.1379 1.8000,
-23.4217 -73.3989 -1.9000,
-23.3693 -71.8726 -1.9000,
-23.2422 -71.4117 -1.4000,
-23.2422 -71.4117 -0.4000,
-23.2422 -71.4117 0.8000,
-23.2422 -71.4117 1.8000,
-23.2341 -72.1506 -1.9000,
-23.1268 -72.4406 -1.9000,
-23.1265 -71.6001 0.8000,
-23.1265 -71.6001 1.8000,
-23.1206 -73.4002 -1.4000,
-23.1206 -73.4002 -0.4000,
-23.0625 -71.7042 -1.4000,
-23.0625 -71.7042 -0.4000,
-23.0484 -72.7396 -1.9000,
-22.9997 -73.0448 -1.9000,
-22.9122 -72.0132 -1.4000,
-22.9122 -72.0132 -0.4000,
-22.7930 -72.3352 -1.4000,
-22.7930 -72.3352 -0.4000,
-22.7059 -72.6676 -1.4000,
-22.7059 -72.6676 -0.4000,
-22.6518 -73.0068 -1.4000,
-22.6518 -73.0068 -0.4000,
-22.4808 -48.8070 -1.4000,
-22.4808 -48.8070 -0.4000,
-22.4808 -29.7580 -1.4000,
-22.4808 -29.7580 -0.4000,
-22.4808 -29.7580 0.8000,
-22.4808 -29.7580 1.8000,
-22.4808 -10.7069 -1.4000,
-22.4808 -10.7069 -0.4000,
-22.4808 -10.7069 0.8000,
-22.4808 -10.7069 1.8000,
-22.4808 8.3431 -1.4000,
-22.4808 8.3431 -0.4000,
-22.4808 8.3431 0.8000,
-22.4808 8.3431 1.8000,
-22.4263 -29.5407 0.8000,
-22.4263 -29.5407 1.8000,
-22.4263 -10.4897 0.8000,
-22.4263 -10.4897 1.8000,
-22.4263 8.5603 0.8000,
-22.4263 8.5603 1.8000,
-22.3973 -48.4738 -1.4000,
-22.3973 -48.4738 -0.4000,
-22.3973 -29.4247 -1.4000,
-22.3973 -29.4247 -0.4000,
-22.3973 -10.3737 -1.4000,
-22.3973 -10.3737 -0.4000,
-22.3973 8.6763 -1.4000,
-22.3973 8.6763 -0.4000,
-22.2816 -48.1504 -1.4000,
-22.2816 -48.1504 -0.4000,
-22.2816 -29.1013 -1.4000,
-22.2816 -29.1013 -0.4000,
-22.2816 -10.0503 -1.4000,
-22.2816 -10.0503 -0.4000,
-22.2816 8.9997 -1.4000,
-22.2816 8.9997 -0.4000,
-22.1375 -48.8753 -1.9000,
-22.1375 -29.8262 -1.9000,
-22.1375 -10.7752 -1.9000,
-22.1375 8.2748 -1.9000,
-22.1347 -47.8399 -1.4000,
-22.1347 -47.8399 -0.4000,
-22.1347 -28.7908 -1.4000,
-22.1347 -28.7908 -0.4000,
-22.1347 -9.7398 -1.4000,
-22.1347 -9.7398 -0.4000,
-22.1347 9.3102 -1.4000,
-22.1347 9.3102 -0.4000,
-22.0624 -48.5754 -1.9000,
-22.0624 -29.5264 -1.9000,
-22.0624 -10.4753 -1.9000,
-22.0624 8.5747 -1.9000,
-22.0480 -49.2397 -1.4000,
-22.0480 -49.2397 -0.4000,
-22.0480 -30.1908 -1.4000,
-22.0480 -30.1908 -0.4000,
-22.0480 -30.1908 0.8000,
-22.0480 -30.1908 1.8000,
-22.0480 -11.1398 -1.4000,
-22.0480 -11.1398 -0.4000,
-22.0480 -11.1398 0.8000,
-22.0480 -11.1398 1.8000,
-22.0480 7.9103 -1.4000,
-22.0480 7.9103 -0.4000,
-22.0480 7.9103 0.8000,
-22.0480 7.9103 1.8000,
-21.9582 -48.2843 -1.9000,
-21.9582 -29.2353 -1.9000,
-21.9582 -10.1843 -1.9000,
-21.9582 8.8657 -1.9000,
-21.9581 -47.5453 -1.4000,
-21.9581 -47.5453 -0.4000,
-21.9581 -28.4962 -1.4000,
-21.9581 -28.4962 -0.4000,
-21.9581 -9.4452 -1.4000,
-21.9581 -9.4452 -0.4000,
-21.9581 9.6048 -1.4000,
-21.9581 9.6048 -0.4000,
-21.8260 -48.0048 -1.9000,
-21.8260 -28.9558 -1.9000,
-21.8260 -9.9048 -1.9000,
-21.8260 9.1452 -1.9000,
-21.7535 -47.2694 -1.4000,
-21.7535 -47.2694 -0.4000,
-21.7535 -28.2203 -1.4000,
-21.7535 -28.2203 -0.4000,
-21.7535 -9.1693 -1.4000,
-21.7535 -9.1693 -0.4000,
-21.7535 9.8807 -1.4000,
-21.7535 9.8807 -0.4000,
-21.7480 -49.2648 -1.9000,
-21.7480 -30.2157 -1.9000,
-21.7480 -11.1647 -1.9000,
-21.7480 7.8853 -1.9000,
-21.6671 -47.7397 -1.9000,
-21.6671 -28.6908 -1.9000,
-21.6671 -9.6397 -1.9000,
-21.6671 9.4103 -1.9000,
-21.6460 -49.5397 0.8000,
-21.6460 -49.5397 1.8000,
-21.5480 -50.1497 -0.4000,
-21.5480 -50.1497 0.8000,
-21.5480 -49.5349 0.8000,
-21.5480 -49.5349 1.8000,
-21.5480 -49.4897 -0.4000,
-21.5480 -49.4897 0.8000,
-21.5480 -31.1008 -0.4000,
-21.5480 -31.1008 0.8000,
-21.5480 -30.4408 -0.4000,
-21.5480 -30.4408 0.8000,
-21.5480 -12.0497 -0.4000,
-21.5480 -12.0497 0.8000,
-21.5480 -11.3898 -0.4000,
-21.5480 -11.3898 0.8000,
-21.5480 7.0003 -0.4000,
-21.5480 7.0003 0.8000,
-21.5480 7.6603 -0.4000,
-21.5480 7.6603 0.8000,
-21.5360 -49.2447 -0.4000,
-21.5360 -49.2447 0.8000,
-21.5360 -30.1957 -0.4000,
-21.5360 -30.1957 0.8000,
-21.5360 -11.1447 -0.4000,
-21.5360 -11.1447 0.8000,
-21.5360 7.9053 -0.4000,
-21.5360 7.9053 0.8000,
-21.5352 -49.2397 -0.4000,
-21.5352 -30.1908 -0.4000,
-21.5352 -30.1908 0.8000,
-21.5352 -11.1398 -0.4000,
-21.5352 -11.1398 0.8000,
-21.5352 7.9103 -0.4000,
-21.5352 7.9103 0.8000,
-21.5229 -47.0149 -1.4000,
-21.5229 -47.0149 -0.4000,
-21.5229 -27.9658 -1.4000,
-21.5229 -27.9658 -0.4000,
-21.5229 -8.9148 -1.4000,
-21.5229 -8.9148 -0.4000,
-21.5229 10.1352 -1.4000,
-21.5229 10.1352 -0.4000,
-21.5000 -49.0020 -0.4000,
-21.5000 -49.0020 0.8000,
-21.5000 -29.9530 -0.4000,
-21.5000 -29.9530 0.8000,
-21.5000 -10.9020 -0.4000,
-21.5000 -10.9020 0.8000,
-21.5000 8.1480 -0.4000,
-21.5000 8.1480 0.8000,
-21.4830 -47.4914 -1.9000,
-21.4830 -28.4424 -1.9000,
-21.4830 -9.3914 -1.9000,
-21.4830 9.6586 -1.9000,
-21.4509 -49.5205 0.8000,
-21.4509 -49.5205 1.8000,
-21.4403 -48.7640 -0.4000,
-21.4403 -48.7640 0.8000,
-21.4403 -29.7150 -0.4000,
-21.4403 -29.7150 0.8000,
-21.4403 -10.6640 -0.4000,
-21.4403 -10.6640 0.8000,
-21.4403 8.3860 -0.4000,
-21.4403 8.3860 0.8000,
-21.3577 -48.5330 -0.4000,
-21.3577 -48.5330 0.8000,
-21.3577 -29.4840 -0.4000,
-21.3577 -29.4840 0.8000,
-21.3577 -10.4330 -0.4000,
-21.3577 -10.4330 0.8000,
-21.3577 8.6170 -0.4000,
-21.3577 8.6170 0.8000,
-21.3557 -49.4967 0.8000,
-21.3557 -49.4967 1.8000,
-21.2754 -47.2624 -1.9000,
-21.2754 -28.2134 -1.9000,
-21.2754 -9.1623 -1.9000,
-21.2754 9.8877 -1.9000,
-21.2684 -46.7842 -1.4000,
-21.2684 -46.7842 -0.4000,
-21.2684 -27.7352 -1.4000,
-21.2684 -27.7352 -0.4000,
-21.2684 -8.6842 -1.4000,
-21.2684 -8.6842 -0.4000,
-21.2684 10.3658 -1.4000,
-21.2684 10.3658 -0.4000,
-21.2633 -49.4636 0.8000,
-21.2633 -49.4636 1.8000,
-21.2528 -48.3113 -0.4000,
-21.2528 -48.3113 0.8000,
-21.2528 -29.2622 -0.4000,
-21.2528 -29.2622 0.8000,
-21.2528 -10.2112 -0.4000,
-21.2528 -10.2112 0.8000,
-21.2528 8.8388 -0.4000,
-21.2528 8.8388 0.8000,
-21.1267 -48.1008 -0.4000,
-21.1267 -48.1008 0.8000,
-21.1267 -29.0518 -0.4000,
-21.1267 -29.0518 0.8000,
-21.1267 -10.0008 -0.4000,
-21.1267 -10.0008 0.8000,
-21.1267 9.0492 -0.4000,
-21.1267 9.0492 0.8000,
-21.0463 -47.0548 -1.9000,
-21.0463 -28.0058 -1.9000,
-21.0463 -8.9547 -1.9000,
-21.0463 10.0953 -1.9000,
-21.0062 -46.5898 0.8000,
-21.0062 -46.5898 1.8000,
-21.0062 -27.5407 0.8000,
-21.0062 -27.5407 1.8000,
-21.0062 -8.4897 0.8000,
-21.0062 -8.4897 1.8000,
-21.0062 10.5603 0.8000,
-21.0062 10.5603 1.8000,
-20.9925 -46.5796 -1.4000,
-20.9925 -46.5796 -0.4000,
-20.9925 -46.5796 0.8000,
-20.9925 -46.5796 1.8000,
-20.9925 -27.5306 -1.4000,
-20.9925 -27.5306 -0.4000,
-20.9925 -27.5306 0.8000,
-20.9925 -27.5306 1.8000,
-20.9925 -8.4796 -1.4000,
-20.9925 -8.4796 -0.4000,
-20.9925 -8.4796 0.8000,
-20.9925 -8.4796 1.8000,
-20.9925 10.5704 -1.4000,
-20.9925 10.5704 -0.4000,
-20.9925 10.5704 0.8000,
-20.9925 10.5704 1.8000,
-20.9805 -47.9038 -0.4000,
-20.9805 -47.9038 0.8000,
-20.9805 -28.8547 -0.4000,
-20.9805 -28.8547 0.8000,
-20.9805 -9.8037 -0.4000,
-20.9805 -9.8037 0.8000,
-20.9805 9.2463 -0.4000,
-20.9805 9.2463 0.8000,
-20.8158 -47.7220 -0.4000,
-20.8158 -47.7220 0.8000,
-20.8158 -28.6729 -0.4000,
-20.8158 -28.6729 0.8000,
-20.8158 -9.6219 -0.4000,
-20.8158 -9.6219 0.8000,
-20.8158 9.4281 -0.4000,
-20.8158 9.4281 0.8000,
-20.7980 -46.8706 -1.9000,
-20.7980 -27.8216 -1.9000,
-20.7980 -8.7706 -1.9000,
-20.7980 10.2794 -1.9000,
-20.6979 -46.4030 -1.4000,
-20.6979 -46.4030 -0.4000,
-20.6979 -46.4030 0.8000,
-20.6979 -46.4030 1.8000,
-20.6979 -27.3540 -1.4000,
-20.6979 -27.3540 -0.4000,
-20.6979 -27.3540 0.8000,
-20.6979 -27.3540 1.8000,
-20.6979 -8.3030 -1.4000,
-20.6979 -8.3030 -0.4000,
-20.6979 -8.3030 0.8000,
-20.6979 -8.3030 1.8000,
-20.6979 10.7470 -1.4000,
-20.6979 10.7470 -0.4000,
-20.6979 10.7470 0.8000,
-20.6979 10.7470 1.8000,
-20.6511 -49.2397 0.8000,
-20.6511 -49.2397 1.8000,
-20.6340 -47.5572 -0.4000,
-20.6340 -47.5572 0.8000,
-20.6340 -28.5082 -0.4000,
-20.6340 -28.5082 0.8000,
-20.6340 -9.4572 -0.4000,
-20.6340 -9.4572 0.8000,
-20.6340 9.5928 -0.4000,
-20.6340 9.5928 0.8000,
-20.5329 -46.7117 -1.9000,
-20.5329 -27.6627 -1.9000,
-20.5329 -8.6117 -1.9000,
-20.5329 10.4383 -1.9000,
-20.4369 -47.4111 -0.4000,
-20.4369 -47.4111 0.8000,
-20.4369 -28.3621 -0.4000,
-20.4369 -28.3621 0.8000,
-20.4369 -9.3110 -0.4000,
-20.4369 -9.3110 0.8000,
-20.4369 9.7390 -0.4000,
-20.4369 9.7390 0.8000,
-20.3874 -46.2562 -1.4000,
-20.3874 -46.2562 -0.4000,
-20.3874 -46.2562 0.8000,
-20.3874 -46.2562 1.8000,
-20.3874 -27.2071 -1.4000,
-20.3874 -27.2071 -0.4000,
-20.3874 -27.2071 0.8000,
-20.3874 -27.2071 1.8000,
-20.3874 -8.1561 -1.4000,
-20.3874 -8.1561 -0.4000,
-20.3874 -8.1561 0.8000,
-20.3874 -8.1561 1.8000,
-20.3874 10.8939 -1.4000,
-20.3874 10.8939 -0.4000,
-20.3874 10.8939 0.8000,
-20.3874 10.8939 1.8000,
-20.2534 -46.5795 -1.9000,
-20.2534 -27.5306 -1.9000,
-20.2534 -8.4795 -1.9000,
-20.2534 10.5705 -1.9000,
-20.2265 -47.2850 -0.4000,
-20.2265 -47.2850 0.8000,
-20.2265 -28.2359 -0.4000,
-20.2265 -28.2359 0.8000,
-20.2265 -9.1849 -0.4000,
-20.2265 -9.1849 0.8000,
-20.2265 9.8651 -0.4000,
-20.2265 9.8651 0.8000,
-20.0640 -46.1405 -1.4000,
-20.0640 -46.1405 -0.4000,
-20.0640 -46.1405 0.8000,
-20.0640 -46.1405 1.8000,
-20.0640 -27.0914 -1.4000,
-20.0640 -27.0914 -0.4000,
-20.0640 -27.0914 0.8000,
-20.0640 -27.0914 1.8000,
-20.0640 -8.0404 -1.4000,
-20.0640 -8.0404 -0.4000,
-20.0640 -8.0404 0.8000,
-20.0640 -8.0404 1.8000,
-20.0640 11.0096 -1.4000,
-20.0640 11.0096 -0.4000,
-20.0640 11.0096 0.8000,
-20.0640 11.0096 1.8000,
-20.0047 -47.1801 -0.4000,
-20.0047 -47.1801 0.8000,
-20.0047 -28.1310 -0.4000,
-20.0047 -28.1310 0.8000,
-20.0047 -9.0800 -0.4000,
-20.0047 -9.0800 0.8000,
-20.0047 9.9700 -0.4000,
-20.0047 9.9700 0.8000,
-19.9624 -46.4754 -1.9000,
-19.9624 -27.4263 -1.9000,
-19.9624 -8.3753 -1.9000,
-19.9624 10.6747 -1.9000,
-19.7737 -47.0974 -0.4000,
-19.7737 -47.0974 0.8000,
-19.7737 -28.0484 -0.4000,
-19.7737 -28.0484 0.8000,
-19.7737 -8.9973 -0.4000,
-19.7737 -8.9973 0.8000,
-19.7737 10.0526 -0.4000,
-19.7737 10.0526 0.8000,
-19.7308 -46.0570 -1.4000,
-19.7308 -46.0570 -0.4000,
-19.7308 -46.0570 0.8000,
-19.7308 -46.0570 1.8000,
-19.7308 -27.0080 -1.4000,
-19.7308 -27.0080 -0.4000,
-19.7308 -27.0080 0.8000,
-19.7308 -27.0080 1.8000,
-19.7308 -7.9570 -1.4000,
-19.7308 -7.9570 -0.4000,
-19.7308 -7.9570 0.8000,
-19.7308 -7.9570 1.8000,
-19.7308 11.0930 -1.4000,
-19.7308 11.0930 -0.4000,
-19.7308 11.0930 0.8000,
-19.7308 11.0930 1.8000,
-19.6625 -46.4003 -1.9000,
-19.6625 -27.3512 -1.9000,
-19.6625 -8.3002 -1.9000,
-19.6625 10.7498 -1.9000,
-19.5357 -47.0378 -0.4000,
-19.5357 -47.0378 0.8000,
-19.5357 -27.9888 -0.4000,
-19.5357 -27.9888 0.8000,
-19.5357 -8.9377 -0.4000,
-19.5357 -8.9377 0.8000,
-19.5357 10.1123 -0.4000,
-19.5357 10.1123 0.8000,
-19.3910 -46.0066 -1.4000,
-19.3910 -46.0066 -0.4000,
-19.3910 -46.0066 0.8000,
-19.3910 -46.0066 1.8000,
-19.3910 -26.9576 -1.4000,
-19.3910 -26.9576 -0.4000,
-19.3910 -26.9576 0.8000,
-19.3910 -26.9576 1.8000,
-19.3910 -7.9066 -1.4000,
-19.3910 -7.9066 -0.4000,
-19.3910 -7.9066 0.8000,
-19.3910 -7.9066 1.8000,
-19.3910 11.1434 -1.4000,
-19.3910 11.1434 -0.4000,
-19.3910 11.1434 0.8000,
-19.3910 11.1434 1.8000,
-19.3567 -46.3549 -1.9000,
-19.3567 -27.3059 -1.9000,
-19.3567 -8.2549 -1.9000,
-19.3567 10.7951 -1.9000,
-19.2930 -47.0018 -0.4000,
-19.2930 -47.0018 0.8000,
-19.2930 -27.9528 -0.4000,
-19.2930 -27.9528 0.8000,
-19.2930 -8.9017 -0.4000,
-19.2930 -8.9017 0.8000,
-19.2930 10.1483 -0.4000,
-19.2930 10.1483 0.8000,
-19.0480 -46.9897 -0.4000,
-19.0480 -46.9897 0.8000,
-19.0480 -46.3398 -1.9000,
-19.0480 -45.9897 -1.4000,
-19.0480 -45.9897 -0.4000,
-19.0480 -45.9897 0.8000,
-19.0480 -45.9897 1.8000,
-19.0480 -27.9408 -0.4000,
-19.0480 -27.9408 0.8000,
-19.0480 -27.2907 -1.9000,
-19.0480 -26.9408 -1.4000,
-19.0480 -26.9408 -0.4000,
-19.0480 -26.9408 0.8000,
-19.0480 -26.9408 1.8000,
-19.0480 -8.8897 -0.4000,
-19.0480 -8.8897 0.8000,
-19.0480 -8.2397 -1.9000,
-19.0480 -7.8897 -1.4000,
-19.0480 -7.8897 -0.4000,
-19.0480 -7.8897 0.8000,
-19.0480 -7.8897 1.8000,
-19.0480 10.1603 -0.4000,
-19.0480 10.1603 0.8000,
-19.0480 10.8103 -1.9000,
-19.0480 11.1603 -1.4000,
-19.0480 11.1603 -0.4000,
-19.0480 11.1603 0.8000,
-19.0480 11.1603 1.8000,
-18.8030 -47.0018 -0.4000,
-18.8030 -47.0018 0.8000,
-18.8030 -27.9528 -0.4000,
-18.8030 -27.9528 0.8000,
-18.8030 -8.9017 -0.4000,
-18.8030 -8.9017 0.8000,
-18.8030 10.1483 -0.4000,
-18.8030 10.1483 0.8000,
-18.7393 -46.3549 -1.9000,
-18.7393 -27.3059 -1.9000,
-18.7393 -8.2549 -1.9000,
-18.7393 10.7951 -1.9000,
-18.7050 -46.0066 -1.4000,
-18.7050 -46.0066 -0.4000,
-18.7050 -46.0066 0.8000,
-18.7050 -46.0066 1.8000,
-18.7050 -26.9576 -1.4000,
-18.7050 -26.9576 -0.4000,
-18.7050 -26.9576 0.8000,
-18.7050 -26.9576 1.8000,
-18.7050 -7.9066 -1.4000,
-18.7050 -7.9066 -0.4000,
-18.7050 -7.9066 0.8000,
-18.7050 -7.9066 1.8000,
-18.7050 11.1434 -1.4000,
-18.7050 11.1434 -0.4000,
-18.7050 11.1434 0.8000,
-18.7050 11.1434 1.8000,
-18.5603 -47.0378 -0.4000,
-18.5603 -47.0378 0.8000,
-18.5603 -27.9888 -0.4000,
-18.5603 -27.9888 0.8000,
-18.5603 -8.9377 -0.4000,
-18.5603 -8.9377 0.8000,
-18.5603 10.1123 -0.4000,
-18.5603 10.1123 0.8000,
-18.4335 -46.4003 -1.9000,
-18.4335 -27.3512 -1.9000,
-18.4335 -8.3002 -1.9000,
-18.4335 10.7498 -1.9000,
-18.3652 -46.0570 -1.4000,
-18.3652 -46.0570 -0.4000,
-18.3652 -46.0570 0.8000,
-18.3652 -46.0570 1.8000,
-18.3652 -27.0080 -1.4000,
-18.3652 -27.0080 -0.4000,
-18.3652 -27.0080 0.8000,
-18.3652 -27.0080 1.8000,
-18.3652 -7.9570 -1.4000,
-18.3652 -7.9570 -0.4000,
-18.3652 -7.9570 0.8000,
-18.3652 -7.9570 1.8000,
-18.3652 11.0930 -1.4000,
-18.3652 11.0930 -0.4000,
-18.3652 11.0930 0.8000,
-18.3652 11.0930 1.8000,
-18.3223 -47.0974 -0.4000,
-18.3223 -47.0974 0.8000,
-18.3223 -28.0484 -0.4000,
-18.3223 -28.0484 0.8000,
-18.3223 -8.9973 -0.4000,
-18.3223 -8.9973 0.8000,
-18.3223 10.0526 -0.4000,
-18.3223 10.0526 0.8000,
-18.1336 -46.4754 -1.9000,
-18.1336 -27.4263 -1.9000,
-18.1336 -8.3753 -1.9000,
-18.1336 10.6747 -1.9000,
-18.0913 -47.1801 -0.4000,
-18.0913 -47.1801 0.8000,
-18.0913 -28.1310 -0.4000,
-18.0913 -28.1310 0.8000,
-18.0913 -9.0800 -0.4000,
-18.0913 -9.0800 0.8000,
-18.0913 9.9700 -0.4000,
-18.0913 9.9700 0.8000,
-18.0320 -46.1405 -1.4000,
-18.0320 -46.1405 -0.4000,
-18.0320 -46.1405 0.8000,
-18.0320 -46.1405 1.8000,
-18.0320 -27.0914 -1.4000,
-18.0320 -27.0914 -0.4000,
-18.0320 -27.0914 0.8000,
-18.0320 -27.0914 1.8000,
-18.0320 -8.0404 -1.4000,
-18.0320 -8.0404 -0.4000,
-18.0320 -8.0404 0.8000,
-18.0320 -8.0404 1.8000,
-18.0320 11.0096 -1.4000,
-18.0320 11.0096 -0.4000,
-18.0320 11.0096 0.8000,
-18.0320 11.0096 1.8000,
-17.8695 -47.2850 -0.4000,
-17.8695 -47.2850 0.8000,
-17.8695 -28.2359 -0.4000,
-17.8695 -28.2359 0.8000,
-17.8695 -9.1849 -0.4000,
-17.8695 -9.1849 0.8000,
-17.8695 9.8651 -0.4000,
-17.8695 9.8651 0.8000,
-17.8426 -46.5795 -1.9000,
-17.8426 -27.5306 -1.9000,
-17.8426 -8.4795 -1.9000,
-17.8426 10.5705 -1.9000,
-17.7086 -46.2562 -1.4000,
-17.7086 -46.2562 -0.4000,
-17.7086 -46.2562 0.8000,
-17.7086 -46.2562 1.8000,
-17.7086 -27.2071 -1.4000,
-17.7086 -27.2071 -0.4000,
-17.7086 -27.2071 0.8000,
-17.7086 -27.2071 1.8000,
-17.7086 -8.1561 -1.4000,
-17.7086 -8.1561 -0.4000,
-17.7086 -8.1561 0.8000,
-17.7086 -8.1561 1.8000,
-17.7086 10.8939 -1.4000,
-17.7086 10.8939 -0.4000,
-17.7086 10.8939 0.8000,
-17.7086 10.8939 1.8000,
-17.6591 -47.4111 -0.4000,
-17.6591 -47.4111 0.8000,
-17.6591 -28.3621 -0.4000,
-17.6591 -28.3621 0.8000,
-17.6591 -9.3110 -0.4000,
-17.6591 -9.3110 0.8000,
-17.6591 9.7390 -0.4000,
-17.6591 9.7390 0.8000,
-17.5947 -49.2397 0.8000,
-17.5947 -49.2397 1.8000,
-17.5631 -46.7117 -1.9000,
-17.5631 -27.6627 -1.9000,
-17.5631 -8.6117 -1.9000,
-17.5631 10.4383 -1.9000,
-17.4620 -47.5572 -0.4000,
-17.4620 -47.5572 0.8000,
-17.4620 -28.5082 -0.4000,
-17.4620 -28.5082 0.8000,
-17.4620 -9.4572 -0.4000,
-17.4620 -9.4572 0.8000,
-17.4620 9.5928 -0.4000,
-17.4620 9.5928 0.8000,
-17.3981 -46.4030 -1.4000,
-17.3981 -46.4030 -0.4000,
-17.3981 -46.4030 0.8000,
-17.3981 -46.4030 1.8000,
-17.3981 -27.3540 -1.4000,
-17.3981 -27.3540 -0.4000,
-17.3981 -27.3540 0.8000,
-17.3981 -27.3540 1.8000,
-17.3981 -8.3030 -1.4000,
-17.3981 -8.3030 -0.4000,
-17.3981 -8.3030 0.8000,
-17.3981 -8.3030 1.8000,
-17.3981 10.7470 -1.4000,
-17.3981 10.7470 -0.4000,
-17.3981 10.7470 0.8000,
-17.3981 10.7470 1.8000,
-17.2980 -46.8706 -1.9000,
-17.2980 -27.8216 -1.9000,
-17.2980 -8.7706 -1.9000,
-17.2980 10.2794 -1.9000,
-17.2802 -47.7220 -0.4000,
-17.2802 -47.7220 0.8000,
-17.2802 -28.6729 -0.4000,
-17.2802 -28.6729 0.8000,
-17.2802 -9.6219 -0.4000,
-17.2802 -9.6219 0.8000,
-17.2802 9.4281 -0.4000,
-17.2802 9.4281 0.8000,
-17.1155 -47.9038 -0.4000,
-17.1155 -47.9038 0.8000,
-17.1155 -28.8547 -0.4000,
-17.1155 -28.8547 0.8000,
-17.1155 -9.8037 -0.4000,
-17.1155 -9.8037 0.8000,
-17.1155 9.2463 -0.4000,
-17.1155 9.2463 0.8000,
-17.1035 -46.5796 -1.4000,
-17.1035 -46.5796 -0.4000,
-17.1035 -46.5796 0.8000,
-17.1035 -46.5796 1.8000,
-17.1035 -27.5306 -1.4000,
-17.1035 -27.5306 -0.4000,
-17.1035 -27.5306 0.8000,
-17.1035 -27.5306 1.8000,
-17.1035 -8.4796 -1.4000,
-17.1035 -8.4796 -0.4000,
-17.1035 -8.4796 0.8000,
-17.1035 -8.4796 1.8000,
-17.1035 10.5704 -1.4000,
-17.1035 10.5704 -0.4000,
-17.1035 10.5704 0.8000,
-17.1035 10.5704 1.8000,
-17.0898 -46.5898 0.8000,
-17.0898 -46.5898 1.8000,
-17.0898 -27.5407 0.8000,
-17.0898 -27.5407 1.8000,
-17.0898 -8.4897 0.8000,
-17.0898 -8.4897 1.8000,
-17.0898 10.5603 0.8000,
-17.0898 10.5603 1.8000,
-17.0497 -47.0548 -1.9000,
-17.0497 -28.0058 -1.9000,
-17.0497 -8.9547 -1.9000,
-17.0497 10.0953 -1.9000,
-17.0287 -49.4636 0.8000,
-17.0287 -49.4636 1.8000,
-16.9693 -48.1008 -0.4000,
-16.9693 -48.1008 0.8000,
-16.9693 -29.0518 -0.4000,
-16.9693 -29.0518 0.8000,
-16.9693 -10.0008 -0.4000,
-16.9693 -10.0008 0.8000,
-16.9693 9.0492 -0.4000,
-16.9693 9.0492 0.8000,
-16.9363 -49.4967 0.8000,
-16.9363 -49.4967 1.8000,
-16.8432 -48.3113 -0.4000,
-16.8432 -48.3113 0.8000,
-16.8432 -29.2622 -0.4000,
-16.8432 -29.2622 0.8000,
-16.8432 -10.2112 -0.4000,
-16.8432 -10.2112 0.8000,
-16.8432 8.8388 -0.4000,
-16.8432 8.8388 0.8000,
-16.8411 -49.5205 0.8000,
-16.8411 -49.5205 1.8000,
-16.8276 -46.7842 -1.4000,
-16.8276 -46.7842 -0.4000,
-16.8276 -27.7352 -1.4000,
-16.8276 -27.7352 -0.4000,
-16.8276 -8.6842 -1.4000,
-16.8276 -8.6842 -0.4000,
-16.8276 10.3658 -1.4000,
-16.8276 10.3658 -0.4000,
-16.8206 -47.2624 -1.9000,
-16.8206 -28.2134 -1.9000,
-16.8206 -9.1623 -1.9000,
-16.8206 9.8877 -1.9000,
-16.7440 -49.5349 0.8000,
-16.7440 -49.5349 1.8000,
-16.7383 -48.5330 -0.4000,
-16.7383 -48.5330 0.8000,
-16.7383 -29.4840 -0.4000,
-16.7383 -29.4840 0.8000,
-16.7383 -10.4330 -0.4000,
-16.7383 -10.4330 0.8000,
-16.7383 8.6170 -0.4000,
-16.7383 8.6170 0.8000,
-16.6557 -48.7640 -0.4000,
-16.6557 -48.7640 0.8000,
-16.6557 -29.7150 -0.4000,
-16.6557 -29.7150 0.8000,
-16.6557 -10.6640 -0.4000,
-16.6557 -10.6640 0.8000,
-16.6557 8.3860 -0.4000,
-16.6557 8.3860 0.8000,
-16.6460 -49.5397 0.8000,
-16.6460 -49.5397 1.8000,
-16.6130 -47.4914 -1.9000,
-16.6130 -28.4424 -1.9000,
-16.6130 -9.3914 -1.9000,
-16.6130 9.6586 -1.9000,
-16.5961 -49.0020 -0.4000,
-16.5961 -49.0020 0.8000,
-16.5961 -29.9530 -0.4000,
-16.5961 -29.9530 0.8000,
-16.5961 -10.9020 -0.4000,
-16.5961 -10.9020 0.8000,
-16.5961 8.1480 -0.4000,
-16.5961 8.1480 0.8000,
-16.5731 -47.0149 -1.4000,
-16.5731 -47.0149 -0.4000,
-16.5731 -27.9658 -1.4000,
-16.5731 -27.9658 -0.4000,
-16.5731 -8.9148 -1.4000,
-16.5731 -8.9148 -0.4000,
-16.5731 10.1352 -1.4000,
-16.5731 10.1352 -0.4000,
-16.5608 -49.2397 -0.4000,
-16.5608 -30.1908 -0.4000,
-16.5608 -30.1908 0.8000,
-16.5608 -11.1398 -0.4000,
-16.5608 -11.1398 0.8000,
-16.5608 7.9103 -0.4000,
-16.5608 7.9103 0.8000,
-16.5600 -49.2447 -0.4000,
-16.5600 -49.2447 0.8000,
-16.5600 -30.1957 -0.4000,
-16.5600 -30.1957 0.8000,
-16.5600 -11.1447 -0.4000,
-16.5600 -11.1447 0.8000,
-16.5600 7.9053 -0.4000,
-16.5600 7.9053 0.8000,
-16.5480 -50.1497 -0.4000,
-16.5480 -50.1497 0.8000,
-16.5480 -49.5435 0.8000,
-16.5480 -49.4897 -0.4000,
-16.5480 -49.4897 0.8000,
-16.5480 -31.1008 -0.4000,
-16.5480 -31.1008 0.8000,
-16.5480 -30.4408 -0.4000,
-16.5480 -30.4408 0.8000,
-16.5480 -12.0497 -0.4000,
-16.5480 -12.0497 0.8000,
-16.5480 -11.3898 -0.4000,
-16.5480 -11.3898 0.8000,
-16.5480 7.0003 -0.4000,
-16.5480 7.0003 0.8000,
-16.5480 7.6603 -0.4000,
-16.5480 7.6603 0.8000,
-16.4289 -47.7397 -1.9000,
-16.4289 -28.6908 -1.9000,
-16.4289 -9.6397 -1.9000,
-16.4289 9.4103 -1.9000,
-16.3480 -49.2648 -1.9000,
-16.3480 -30.2157 -1.9000,
-16.3480 -11.1647 -1.9000,
-16.3480 7.8853 -1.9000,
-16.3425 -47.2694 -1.4000,
-16.3425 -47.2694 -0.4000,
-16.3425 -28.2203 -1.4000,
-16.3425 -28.2203 -0.4000,
-16.3425 -9.1693 -1.4000,
-16.3425 -9.1693 -0.4000,
-16.3425 9.8807 -1.4000,
-16.3425 9.8807 -0.4000,
-16.2700 -48.0048 -1.9000,
-16.2700 -28.9558 -1.9000,
-16.2700 -9.9048 -1.9000,
-16.2700 9.1452 -1.9000,
-16.1379 -47.5453 -1.4000,
-16.1379 -47.5453 -0.4000,
-16.1379 -28.4962 -1.4000,
-16.1379 -28.4962 -0.4000,
-16.1379 -9.4452 -1.4000,
-16.1379 -9.4452 -0.4000,
-16.1379 9.6048 -1.4000,
-16.1379 9.6048 -0.4000,
-16.1378 -48.2843 -1.9000,
-16.1378 -29.2353 -1.9000,
-16.1378 -10.1843 -1.9000,
-16.1378 8.8657 -1.9000,
-16.0480 -49.2397 -1.4000,
-16.0480 -49.2397 -0.4000,
-16.0480 -30.1908 -1.4000,
-16.0480 -30.1908 -0.4000,
-16.0480 -30.1908 0.8000,
-16.0480 -30.1908 1.8000,
-16.0480 -11.1398 -1.4000,
-16.0480 -11.1398 -0.4000,
-16.0480 -11.1398 0.8000,
-16.0480 -11.1398 1.8000,
-16.0480 7.9103 -1.4000,
-16.0480 7.9103 -0.4000,
-16.0480 7.9103 0.8000,
-16.0480 7.9103 1.8000,
-16.0336 -48.5754 -1.9000,
-16.0336 -29.5264 -1.9000,
-16.0336 -10.4753 -1.9000,
-16.0336 8.5747 -1.9000,
-15.9613 -47.8399 -1.4000,
-15.9613 -47.8399 -0.4000,
-15.9613 -28.7908 -1.4000,
-15.9613 -28.7908 -0.4000,
-15.9613 -9.7398 -1.4000,
-15.9613 -9.7398 -0.4000,
-15.9613 9.3102 -1.4000,
-15.9613 9.3102 -0.4000,
-15.9585 -48.8753 -1.9000,
-15.9585 -29.8262 -1.9000,
-15.9585 -10.7752 -1.9000,
-15.9585 8.2748 -1.9000,
-15.8144 -48.1504 -1.4000,
-15.8144 -48.1504 -0.4000,
-15.8144 -29.1013 -1.4000,
-15.8144 -29.1013 -0.4000,
-15.8144 -10.0503 -1.4000,
-15.8144 -10.0503 -0.4000,
-15.8144 8.9997 -1.4000,
-15.8144 8.9997 -0.4000,
-15.6987 -48.4738 -1.4000,
-15.6987 -48.4738 -0.4000,
-15.6987 -29.4247 -1.4000,
-15.6987 -29.4247 -0.4000,
-15.6987 -10.3737 -1.4000,
-15.6987 -10.3737 -0.4000,
-15.6987 8.6763 -1.4000,
-15.6987 8.6763 -0.4000,
-15.6697 -29.5407 0.8000,
-15.6697 -29.5407 1.8000,
-15.6697 -10.4897 0.8000,
-15.6697 -10.4897 1.8000,
-15.6697 8.5603 0.8000,
-15.6697 8.5603 1.8000,
-15.6152 -48.8070 -1.4000,
-15.6152 -48.8070 -0.4000,
-15.6152 -29.7580 -1.4000,
-15.6152 -29.7580 -0.4000,
-15.6152 -29.7580 0.8000,
-15.6152 -29.7580 1.8000,
-15.6152 -10.7069 -1.4000,
-15.6152 -10.7069 -0.4000,
-15.6152 -10.7069 0.8000,
-15.6152 -10.7069 1.8000,
-15.6152 8.3431 -1.4000,
-15.6152 8.3431 -0.4000,
-15.6152 8.3431 0.8000,
-15.6152 8.3431 1.8000,
-10.8230 -21.7148 0.8000,
-10.8230 -21.7148 1.8000,
-10.8230 -16.3147 0.8000,
-10.8230 -16.3147 1.8000,
-10.5230 -46.5898 0.8000,
-10.5230 -46.5898 1.8000,
-10.5230 -29.5407 0.8000,
-10.5230 -29.5407 1.8000,
-10.5230 -27.5407 0.8000,
-10.5230 -27.5407 1.8000,
-10.5230 -21.7148 0.8000,
-10.5230 -21.7148 1.8000,
-10.5230 -16.3147 0.8000,
-10.5230 -16.3147 1.8000,
-10.5230 -10.4897 0.8000,
-10.5230 -10.4897 1.8000,
-10.5230 -8.4897 0.8000,
-10.5230 -8.4897 1.8000,
-10.5230 8.5603 0.8000,
-10.5230 8.5603 1.8000,
-10.0119 -20.6600 1.6500,
-10.0119 -20.6600 1.8000,
-10.0119 -20.4795 1.6500,
-10.0119 -20.4795 1.8000,
-10.0119 -19.5287 1.6500,
-10.0119 -19.5287 1.8000,
-10.0119 -19.3484 1.6500,
-10.0119 -19.3484 1.8000,
-10.0119 -17.7003 1.6500,
-10.0119 -17.7003 1.8000,
-10.0119 -17.2228 1.6500,
-10.0119 -17.2228 1.8000,
-10.0090 -17.7654 1.6500,
-10.0090 -17.7654 1.8000,
-10.0001 -17.8244 1.6500,
-10.0001 -17.8244 1.8000,
-9.9854 -17.8772 1.6500,
-9.9854 -17.8772 1.8000,
-9.9648 -17.9237 1.6500,
-9.9648 -17.9237 1.8000,
-9.9383 -17.9640 1.6500,
-9.9383 -17.9640 1.8000,
-9.9063 -17.9974 1.6500,
-9.9063 -17.9974 1.8000,
-9.8692 -18.0234 1.6500,
-9.8692 -18.0234 1.8000,
-9.8566 -20.2401 1.6500,
-9.8566 -20.2401 1.8000,
-9.8566 -19.1090 1.6500,
-9.8566 -19.1090 1.8000,
-9.8566 -17.6792 1.6500,
-9.8566 -17.6792 1.8000,
-9.8566 -17.4229 1.6500,
-9.8566 -17.4229 1.8000,
-9.8511 -17.7426 1.6500,
-9.8511 -17.7426 1.8000,
-9.8498 -20.4694 1.6500,
-9.8498 -20.4694 1.8000,
-9.8498 -19.3382 1.6500,
-9.8498 -19.3382 1.8000,
-9.8346 -17.7920 1.6500,
-9.8346 -17.7920 1.8000,
-9.8270 -18.0420 1.6500,
-9.8270 -18.0420 1.8000,
-9.8071 -17.8273 1.6500,
-9.8071 -17.8273 1.8000,
-9.8044 -18.9468 1.6500,
-9.8044 -18.9468 1.8000,
-9.8040 -18.9607 1.6500,
-9.8040 -18.9607 1.8000,
-9.8038 -18.9294 1.6500,
-9.8038 -18.9294 1.8000,
-9.8028 -18.9737 1.6500,
-9.8028 -18.9737 1.8000,
-9.8020 -18.9132 1.6500,
-9.8020 -18.9132 1.8000,
-9.8007 -18.9855 1.6500,
-9.8007 -18.9855 1.8000,
-9.7989 -18.8984 1.6500,
-9.7989 -18.8984 1.8000,
-9.7979 -18.9961 1.6500,
-9.7979 -18.9961 1.8000,
-9.7946 -18.8846 1.6500,
-9.7946 -18.8846 1.8000,
-9.7942 -19.0058 1.6500,
-9.7942 -19.0058 1.8000,
-9.7902 -18.7595 1.6500,
-9.7902 -18.7595 1.8000,
-9.7902 -18.5778 1.6500,
-9.7902 -18.5778 1.8000,
-9.7891 -18.8721 1.6500,
-9.7891 -18.8721 1.8000,
-9.7833 -18.7604 1.6500,
-9.7833 -18.7604 1.8000,
-9.7824 -18.8605 1.6500,
-9.7824 -18.8605 1.8000,
-9.7796 -18.0532 1.6500,
-9.7796 -18.0532 1.8000,
-9.7773 -18.5787 1.6500,
-9.7773 -18.5787 1.8000,
-9.7743 -18.8496 1.6500,
-9.7743 -18.8496 1.8000,
-9.7724 -18.7614 1.6500,
-9.7724 -18.7614 1.8000,
-9.7685 -17.8484 1.6500,
-9.7685 -17.8484 1.8000,
-9.7650 -18.8392 1.6500,
-9.7650 -18.8392 1.8000,
-9.7637 -18.5793 1.6500,
-9.7637 -18.5793 1.8000,
-9.7576 -18.7624 1.6500,
-9.7576 -18.7624 1.8000,
-9.7543 -18.8295 1.6500,
-9.7543 -18.8295 1.8000,
-9.7494 -18.5801 1.6500,
-9.7494 -18.5801 1.8000,
-9.7423 -18.8205 1.6500,
-9.7423 -18.8205 1.8000,
-9.7387 -18.7636 1.6500,
-9.7387 -18.7636 1.8000,
-9.7344 -18.5808 1.6500,
-9.7344 -18.5808 1.8000,
-9.7279 -18.8116 1.6500,
-9.7279 -18.8116 1.8000,
-9.7271 -18.0569 1.6500,
-9.7271 -18.0569 1.8000,
-9.7190 -17.8556 1.6500,
-9.7190 -17.8556 1.8000,
-9.7186 -18.5816 1.6500,
-9.7186 -18.5816 1.8000,
-9.7159 -18.7649 1.6500,
-9.7159 -18.7649 1.8000,
-9.7098 -18.8022 1.6500,
-9.7098 -18.8022 1.8000,
-9.7067 -20.2401 1.6500,
-9.7067 -20.2401 1.8000,
-9.7067 -19.1090 1.6500,
-9.7067 -19.1090 1.8000,
-9.7017 -18.5821 1.6500,
-9.7017 -18.5821 1.8000,
-9.6928 -18.7662 1.6500,
-9.6928 -18.7662 1.8000,
-9.6928 -17.8537 1.6500,
-9.6928 -17.8537 1.8000,
-9.6881 -18.0547 1.6500,
-9.6881 -18.0547 1.8000,
-9.6880 -18.7923 1.6500,
-9.6880 -18.7923 1.8000,
-9.6831 -18.5826 1.6500,
-9.6831 -18.5826 1.8000,
-9.6729 -18.7671 1.6500,
-9.6729 -18.7671 1.8000,
-9.6690 -17.8485 1.6500,
-9.6690 -17.8485 1.8000,
-9.6630 -18.5830 1.6500,
-9.6630 -18.5830 1.8000,
-9.6626 -18.7819 1.6500,
-9.6626 -18.7819 1.8000,
-9.6565 -18.7679 1.6500,
-9.6565 -18.7679 1.8000,
-9.6512 -18.0479 1.6500,
-9.6512 -18.0479 1.8000,
-9.6478 -17.8399 1.6500,
-9.6478 -17.8399 1.8000,
-9.6450 -18.9243 1.6500,
-9.6450 -18.9243 1.8000,
-9.6446 -18.9388 1.6500,
-9.6446 -18.9388 1.8000,
-9.6434 -18.9542 1.6500,
-9.6434 -18.9542 1.8000,
-9.6433 -18.7682 1.6500,
-9.6433 -18.7682 1.8000,
-9.6427 -18.8972 1.6500,
-9.6427 -18.8972 1.8000,
-9.6414 -18.9705 1.6500,
-9.6414 -18.9705 1.8000,
-9.6413 -18.5831 1.6500,
-9.6413 -18.5831 1.8000,
-9.6385 -18.9876 1.6500,
-9.6385 -18.9876 1.8000,
-9.6358 -18.8724 1.6500,
-9.6358 -18.8724 1.8000,
-9.6349 -19.0058 1.6500,
-9.6349 -19.0058 1.8000,
-9.6335 -18.7710 1.6500,
-9.6335 -18.7710 1.8000,
-9.6335 -18.7683 1.6500,
-9.6335 -18.7683 1.8000,
-9.6289 -17.8278 1.6500,
-9.6289 -17.8278 1.8000,
-9.6243 -18.8502 1.6500,
-9.6243 -18.8502 1.8000,
-9.6179 -18.5832 1.6500,
-9.6179 -18.5832 1.8000,
-9.6166 -18.0364 1.6500,
-9.6166 -18.0364 1.8000,
-9.6125 -17.8121 1.6500,
-9.6125 -17.8121 1.8000,
-9.6081 -18.8305 1.6500,
-9.6081 -18.8305 1.8000,
-9.5988 -17.7931 1.6500,
-9.5988 -17.7931 1.8000,
-9.5882 -17.7708 1.6500,
-9.5882 -17.7708 1.8000,
-9.5874 -18.8134 1.6500,
-9.5874 -18.8134 1.8000,
-9.5841 -18.0205 1.6500,
-9.5841 -18.0205 1.8000,
-9.5806 -17.7453 1.6500,
-9.5806 -17.7453 1.8000,
-9.5760 -17.7166 1.6500,
-9.5760 -17.7166 1.8000,
-9.5745 -17.6846 1.6500,
-9.5745 -17.6846 1.8000,
-9.5745 -17.4229 1.6500,
-9.5745 -17.4229 1.8000,
-9.5621 -18.7991 1.6500,
-9.5621 -18.7991 1.8000,
-9.5538 -17.9999 1.6500,
-9.5538 -17.9999 1.8000,
-9.5324 -18.7880 1.6500,
-9.5324 -18.7880 1.8000,
-9.5267 -17.9755 1.6500,
-9.5267 -17.9755 1.8000,
-9.5035 -17.9480 1.6500,
-9.5035 -17.9480 1.8000,
-9.4982 -18.7802 1.6500,
-9.4982 -18.7802 1.8000,
-9.4843 -17.9172 1.6500,
-9.4843 -17.9172 1.8000,
-9.4691 -17.8832 1.6500,
-9.4691 -17.8832 1.8000,
-9.4596 -18.7753 1.6500,
-9.4596 -18.7753 1.8000,
-9.4579 -17.8460 1.6500,
-9.4579 -17.8460 1.8000,
-9.4192 -17.6575 1.6500,
-9.4192 -17.6575 1.8000,
-9.4192 -17.4229 1.6500,
-9.4192 -17.4229 1.8000,
-9.4165 -18.7738 1.6500,
-9.4165 -18.7738 1.8000,
-9.2633 -20.0586 1.6500,
-9.2633 -20.0586 1.8000,
-9.2633 -19.8626 1.6500,
-9.2633 -19.8626 1.8000,
-9.1982 -20.8789 1.6500,
-9.1982 -20.8789 1.8000,
-9.1982 -20.6600 1.6500,
-9.1982 -20.6600 1.8000,
-9.1982 -20.4694 1.6500,
-9.1982 -20.4694 1.8000,
-9.1982 -20.2328 1.6500,
-9.1982 -20.2328 1.8000,
-9.1982 -19.7478 1.6500,
-9.1982 -19.7478 1.8000,
-9.1982 -19.5287 1.6500,
-9.1982 -19.5287 1.8000,
-9.1982 -19.3382 1.6500,
-9.1982 -19.3382 1.8000,
-9.1982 -19.1015 1.6500,
-9.1982 -19.1015 1.8000,
-9.0564 -20.8789 1.6500,
-9.0564 -20.8789 1.8000,
-9.0564 -20.2328 1.6500,
-9.0564 -20.2328 1.8000,
-9.0564 -20.0586 1.6500,
-9.0564 -20.0586 1.8000,
-9.0564 -19.8626 1.6500,
-9.0564 -19.8626 1.8000,
-9.0564 -19.7478 1.6500,
-9.0564 -19.7478 1.8000,
-9.0564 -19.1015 1.6500,
-9.0564 -19.1015 1.8000,
-9.0564 -18.7738 1.6500,
-9.0564 -18.7738 1.8000,
-9.0564 -18.5832 1.6500,
-9.0564 -18.5832 1.8000,
-9.0564 -18.1044 1.6500,
-9.0564 -18.1044 1.8000,
-9.0564 -17.8792 1.6500,
-9.0564 -17.8792 1.8000,
-9.0564 -17.4229 1.6500,
-9.0564 -17.4229 1.8000,
-9.0564 -17.2228 1.6500,
-9.0564 -17.2228 1.8000,
-8.5588 -47.8508 0.8000,
-8.5588 -47.8508 1.8000,
-8.5422 -47.7848 0.8000,
-8.5422 -47.7848 1.8000,
-8.5278 -47.6878 0.8000,
-8.5278 -47.6878 1.8000,
-8.5230 -47.5898 0.8000,
-8.5230 -47.5898 1.8000,
-8.5230 -29.5407 0.8000,
-8.5230 -29.5407 1.8000,
-8.5230 -27.5407 0.8000,
-8.5230 -27.5407 1.8000,
-8.5230 -21.7148 0.8000,
-8.5230 -21.7148 1.8000,
-8.5230 -16.3147 0.8000,
-8.5230 -16.3147 1.8000,
-8.5230 -10.4897 0.8000,
-8.5230 -10.4897 1.8000,
-8.5230 -8.4897 0.8000,
-8.5230 -8.4897 1.8000,
-8.5230 8.5603 0.8000,
-8.5230 8.5603 1.8000,
-8.2230 -21.7148 0.8000,
-8.2230 -21.7148 1.8000,
-8.2230 -16.3147 0.8000,
-8.2230 -16.3147 1.8000,
-5.7435 -75.6284 -1.4000,
-5.7435 -75.6284 -0.4000,
-5.5846 -75.3240 -1.4000,
-5.5846 -75.3240 -0.4000,
-5.5603 -75.9276 0.8000,
-5.5603 -75.9276 1.8000,
-5.4257 -75.7750 -1.9000,
-5.4237 -76.1504 -1.4000,
-5.4237 -76.1504 -0.4000,
-5.4237 -76.1504 0.8000,
-5.4237 -76.1504 1.8000,
-5.3965 -75.0366 -1.4000,
-5.3965 -75.0366 -0.4000,
-5.2826 -75.5009 -1.9000,
-5.1813 -74.7688 -1.4000,
-5.1813 -74.7688 -0.4000,
-5.1500 -77.1518 -0.4000,
-5.1500 -77.1518 0.8000,
-5.1379 -76.2447 -1.9000,
-5.1134 -75.2423 -1.9000,
-4.9959 -76.5102 -0.4000,
-4.9959 -76.5102 0.8000,
-4.9408 -74.5236 -1.4000,
-4.9408 -74.5236 -0.4000,
-4.9270 -76.2747 -0.4000,
-4.9270 -76.2747 0.8000,
-4.9251 -76.2700 -0.4000,
-4.9251 -76.2700 0.8000,
-4.9196 -75.0014 -1.9000,
-4.8353 -76.0471 -0.4000,
-4.8353 -76.0471 0.8000,
-4.7218 -75.8296 -0.4000,
-4.7218 -75.8296 0.8000,
-4.7032 -74.7807 -1.9000,
-4.6774 -74.3031 -1.4000,
-4.6774 -74.3031 -0.4000,
-4.5875 -75.6242 -0.4000,
-4.5875 -75.6242 0.8000,
-4.5480 -74.0445 0.8000,
-4.5480 -74.0445 1.8000,
-4.4662 -74.5821 -1.9000,
-4.4338 -75.4332 -0.4000,
-4.4338 -75.4332 0.8000,
-4.3937 -74.1095 -1.4000,
-4.3937 -74.1095 -0.4000,
-4.3105 -74.0640 0.8000,
-4.3105 -74.0640 1.8000,
-4.2620 -75.2579 -0.4000,
-4.2620 -75.2579 0.8000,
-4.2109 -74.4080 -1.9000,
-4.0924 -73.9446 -1.4000,
-4.0924 -73.9446 -0.4000,
-4.0924 -73.9446 0.8000,
-4.0924 -73.9446 1.8000,
-4.0768 -50.0232 0.8000,
-4.0768 -50.0232 1.8000,
-4.0739 -75.1004 -0.4000,
-4.0739 -75.1004 0.8000,
-3.9397 -74.2595 -1.9000,
-3.8712 -74.9622 -0.4000,
-3.8712 -74.9622 0.8000,
-3.7764 -73.8100 -1.4000,
-3.7764 -73.8100 -0.4000,
-3.7764 -73.8100 0.8000,
-3.7764 -73.8100 1.8000,
-3.6560 -74.8443 -0.4000,
-3.6560 -74.8443 0.8000,
-3.6553 -74.1385 -1.9000,
-3.6460 -48.0397 0.8000,
-3.6460 -48.0397 1.8000,
-3.5480 -48.0446 0.8000,
-3.5480 -48.0446 1.8000,
-3.4509 -48.0590 0.8000,
-3.4509 -48.0590 1.8000,
-3.4487 -73.7071 -1.4000,
-3.4487 -73.7071 -0.4000,
-3.4487 -73.7071 0.8000,
-3.4487 -73.7071 1.8000,
-3.4308 -29.7580 -1.4000,
-3.4308 -29.7580 -0.4000,
-3.4308 -29.7580 0.8000,
-3.4308 -29.7580 1.8000,
-3.4308 -10.7069 -1.4000,
-3.4308 -10.7069 -0.4000,
-3.4308 -10.7069 0.8000,
-3.4308 -10.7069 1.8000,
-3.4308 8.3431 -1.4000,
-3.4308 8.3431 -0.4000,
-3.4308 8.3431 0.8000,
-3.4308 8.3431 1.8000,
-3.4303 -74.7482 -0.4000,
-3.4303 -74.7482 0.8000,
-3.3763 -29.5407 0.8000,
-3.3763 -29.5407 1.8000,
-3.3763 -10.4897 0.8000,
-3.3763 -10.4897 1.8000,
-3.3763 8.5603 0.8000,
-3.3763 8.5603 1.8000,
-3.3603 -74.0458 -1.9000,
-3.3557 -48.0828 0.8000,
-3.3557 -48.0828 1.8000,
-3.3473 -29.4247 -1.4000,
-3.3473 -29.4247 -0.4000,
-3.3473 -10.3737 -1.4000,
-3.3473 -10.3737 -0.4000,
-3.3473 8.6763 -1.4000,
-3.3473 8.6763 -0.4000,
-3.2633 -48.1159 0.8000,
-3.2633 -48.1159 1.8000,
-3.2316 -29.1013 -1.4000,
-3.2316 -29.1013 -0.4000,
-3.2316 -10.0503 -1.4000,
-3.2316 -10.0503 -0.4000,
-3.2316 8.9997 -1.4000,
-3.2316 8.9997 -0.4000,
-3.1962 -74.6747 -0.4000,
-3.1962 -74.6747 0.8000,
-3.1746 -48.1578 0.8000,
-3.1746 -48.1578 1.8000,
-3.1125 -73.6369 -1.4000,
-3.1125 -73.6369 -0.4000,
-3.1125 -73.6369 0.8000,
-3.1125 -73.6369 1.8000,
-3.0904 -48.2083 0.8000,
-3.0904 -48.2083 1.8000,
-3.0875 -29.8262 -1.9000,
-3.0875 -10.7752 -1.9000,
-3.0875 8.2748 -1.9000,
-3.0847 -28.7908 -1.4000,
-3.0847 -28.7908 -0.4000,
-3.0847 -9.7398 -1.4000,
-3.0847 -9.7398 -0.4000,
-3.0847 9.3102 -1.4000,
-3.0847 9.3102 -0.4000,
-3.0578 -73.9826 -1.9000,
-3.0124 -29.5264 -1.9000,
-3.0124 -10.4753 -1.9000,
-3.0124 8.5747 -1.9000,
-3.0116 -48.2667 0.8000,
-3.0116 -48.2667 1.8000,
-2.9980 -30.1908 -1.4000,
-2.9980 -30.1908 -0.4000,
-2.9980 -30.1908 0.8000,
-2.9980 -30.1908 1.8000,
-2.9980 -11.1398 -1.4000,
-2.9980 -11.1398 -0.4000,
-2.9980 -11.1398 0.8000,
-2.9980 -11.1398 1.8000,
-2.9980 7.9103 -1.4000,
-2.9980 7.9103 -0.4000,
-2.9980 7.9103 0.8000,
-2.9980 7.9103 1.8000,
-2.9561 -74.6246 -0.4000,
-2.9561 -74.6246 0.8000,
-2.9389 -48.3326 0.8000,
-2.9389 -48.3326 1.8000,
-2.9082 -29.2353 -1.9000,
-2.9082 -10.1843 -1.9000,
-2.9082 8.8657 -1.9000,
-2.9081 -28.4962 -1.4000,
-2.9081 -28.4962 -0.4000,
-2.9081 -9.4452 -1.4000,
-2.9081 -9.4452 -0.4000,
-2.9081 9.6048 -1.4000,
-2.9081 9.6048 -0.4000,
-2.7760 -28.9558 -1.9000,
-2.7760 -9.9048 -1.9000,
-2.7760 9.1452 -1.9000,
-2.7710 -73.5998 -1.4000,
-2.7710 -73.5998 -0.4000,
-2.7710 -73.5998 0.8000,
-2.7710 -73.5998 1.8000,
-2.7504 -73.9493 -1.9000,
-2.7122 -74.5980 -0.4000,
-2.7122 -74.5980 0.8000,
-2.7035 -28.2203 -1.4000,
-2.7035 -28.2203 -0.4000,
-2.7035 -9.1693 -1.4000,
-2.7035 -9.1693 -0.4000,
-2.7035 9.8807 -1.4000,
-2.7035 9.8807 -0.4000,
-2.6980 -30.2157 -1.9000,
-2.6980 -11.1647 -1.9000,
-2.6980 7.8853 -1.9000,
-2.6171 -28.6908 -1.9000,
-2.6171 -9.6397 -1.9000,
-2.6171 9.4103 -1.9000,
-2.4980 -31.1008 -0.4000,
-2.4980 -31.1008 0.8000,
-2.4980 -30.4408 -0.4000,
-2.4980 -30.4408 0.8000,
-2.4980 -12.0497 -0.4000,
-2.4980 -12.0497 0.8000,
-2.4980 -11.3898 -0.4000,
-2.4980 -11.3898 0.8000,
-2.4980 7.0003 -0.4000,
-2.4980 7.0003 0.8000,
-2.4980 7.6603 -0.4000,
-2.4980 7.6603 0.8000,
-2.4860 -30.1957 -0.4000,
-2.4860 -30.1957 0.8000,
-2.4860 -11.1447 -0.4000,
-2.4860 -11.1447 0.8000,
-2.4860 7.9053 -0.4000,
-2.4860 7.9053 0.8000,
-2.4852 -30.1908 -0.4000,
-2.4852 -30.1908 0.8000,
-2.4852 -11.1398 -0.4000,
-2.4852 -11.1398 0.8000,
-2.4852 7.9103 -0.4000,
-2.4852 7.9103 0.8000,
-2.4729 -27.9658 -1.4000,
-2.4729 -27.9658 -0.4000,
-2.4729 -8.9148 -1.4000,
-2.4729 -8.9148 -0.4000,
-2.4729 10.1352 -1.4000,
-2.4729 10.1352 -0.4000,
-2.4668 -74.5957 -0.4000,
-2.4668 -74.5957 0.8000,
-2.4500 -29.9530 -0.4000,
-2.4500 -29.9530 0.8000,
-2.4500 -10.9020 -0.4000,
-2.4500 -10.9020 0.8000,
-2.4500 8.1480 -0.4000,
-2.4500 8.1480 0.8000,
-2.4413 -73.9461 -1.9000,
-2.4330 -28.4424 -1.9000,
-2.4330 -9.3914 -1.9000,
-2.4330 9.6586 -1.9000,
-2.4276 -73.5964 -1.4000,
-2.4276 -73.5964 -0.4000,
-2.4276 -73.5964 0.8000,
-2.4276 -73.5964 1.8000,
-2.3904 -29.7150 -0.4000,
-2.3904 -29.7150 0.8000,
-2.3904 -10.6640 -0.4000,
-2.3904 -10.6640 0.8000,
-2.3904 8.3860 -0.4000,
-2.3904 8.3860 0.8000,
-2.3077 -29.4840 -0.4000,
-2.3077 -29.4840 0.8000,
-2.3077 -10.4330 -0.4000,
-2.3077 -10.4330 0.8000,
-2.3077 8.6170 -0.4000,
-2.3077 8.6170 0.8000,
-2.2254 -28.2134 -1.9000,
-2.2254 -9.1623 -1.9000,
-2.2254 9.8877 -1.9000,
-2.2225 -74.6173 -0.4000,
-2.2225 -74.6173 0.8000,
-2.2184 -27.7352 -1.4000,
-2.2184 -27.7352 -0.4000,
-2.2184 -8.6842 -1.4000,
-2.2184 -8.6842 -0.4000,
-2.2184 10.3658 -1.4000,
-2.2184 10.3658 -0.4000,
-2.2028 -29.2622 -0.4000,
-2.2028 -29.2622 0.8000,
-2.2028 -10.2112 -0.4000,
-2.2028 -10.2112 0.8000,
-2.2028 8.8388 -0.4000,
-2.2028 8.8388 0.8000,
-2.1334 -73.9734 -1.9000,
-2.0854 -73.6267 -1.4000,
-2.0854 -73.6267 -0.4000,
-2.0854 -73.6267 0.8000,
-2.0854 -73.6267 1.8000,
-2.0767 -29.0518 -0.4000,
-2.0767 -29.0518 0.8000,
-2.0767 -10.0008 -0.4000,
-2.0767 -10.0008 0.8000,
-2.0767 9.0492 -0.4000,
-2.0767 9.0492 0.8000,
-1.9963 -28.0058 -1.9000,
-1.9963 -8.9547 -1.9000,
-1.9963 10.0953 -1.9000,
-1.9814 -74.6628 -0.4000,
-1.9814 -74.6628 0.8000,
-1.9562 -27.5407 0.8000,
-1.9562 -27.5407 1.8000,
-1.9562 -8.4897 0.8000,
-1.9562 -8.4897 1.8000,
-1.9562 10.5603 0.8000,
-1.9562 10.5603 1.8000,
-1.9425 -27.5306 -1.4000,
-1.9425 -27.5306 -0.4000,
-1.9425 -27.5306 0.8000,
-1.9425 -27.5306 1.8000,
-1.9425 -8.4796 -1.4000,
-1.9425 -8.4796 -0.4000,
-1.9425 -8.4796 0.8000,
-1.9425 -8.4796 1.8000,
-1.9425 10.5704 -1.4000,
-1.9425 10.5704 -0.4000,
-1.9425 10.5704 0.8000,
-1.9425 10.5704 1.8000,
-1.9305 -28.8547 -0.4000,
-1.9305 -28.8547 0.8000,
-1.9305 -9.8037 -0.4000,
-1.9305 -9.8037 0.8000,
-1.9305 9.2463 -0.4000,
-1.9305 9.2463 0.8000,
-1.8296 -74.0307 -1.9000,
-1.7658 -28.6729 -0.4000,
-1.7658 -28.6729 0.8000,
-1.7658 -9.6219 -0.4000,
-1.7658 -9.6219 0.8000,
-1.7658 9.4281 -0.4000,
-1.7658 9.4281 0.8000,
-1.7480 -27.8216 -1.9000,
-1.7480 -8.7706 -1.9000,
-1.7480 10.2794 -1.9000,
-1.7479 -73.6904 -1.4000,
-1.7479 -73.6904 -0.4000,
-1.7479 -73.6904 0.8000,
-1.7479 -73.6904 1.8000,
-1.7459 -74.7318 -0.4000,
-1.7459 -74.7318 0.8000,
-1.6479 -27.3540 -1.4000,
-1.6479 -27.3540 -0.4000,
-1.6479 -27.3540 0.8000,
-1.6479 -27.3540 1.8000,
-1.6479 -8.3030 -1.4000,
-1.6479 -8.3030 -0.4000,
-1.6479 -8.3030 0.8000,
-1.6479 -8.3030 1.8000,
-1.6479 10.7470 -1.4000,
-1.6479 10.7470 -0.4000,
-1.6479 10.7470 0.8000,
-1.6479 10.7470 1.8000,
-1.5840 -28.5082 -0.4000,
-1.5840 -28.5082 0.8000,
-1.5840 -9.4572 -0.4000,
-1.5840 -9.4572 0.8000,
-1.5840 9.5928 -0.4000,
-1.5840 9.5928 0.8000,
-1.5330 -74.1176 -1.9000,
-1.5184 -74.8235 -0.4000,
-1.5184 -74.8235 0.8000,
-1.4829 -27.6627 -1.9000,
-1.4829 -8.6117 -1.9000,
-1.4829 10.4383 -1.9000,
-1.4183 -73.7869 -1.4000,
-1.4183 -73.7869 -0.4000,
-1.4183 -73.7869 0.8000,
-1.4183 -73.7869 1.8000,
-1.3869 -28.3621 -0.4000,
-1.3869 -28.3621 0.8000,
-1.3869 -9.3110 -0.4000,
-1.3869 -9.3110 0.8000,
-1.3869 9.7390 -0.4000,
-1.3869 9.7390 0.8000,
-1.3374 -27.2071 -1.4000,
-1.3374 -27.2071 -0.4000,
-1.3374 -27.2071 0.8000,
-1.3374 -27.2071 1.8000,
-1.3374 -8.1561 -1.4000,
-1.3374 -8.1561 -0.4000,
-1.3374 -8.1561 0.8000,
-1.3374 -8.1561 1.8000,
-1.3374 10.8939 -1.4000,
-1.3374 10.8939 -0.4000,
-1.3374 10.8939 0.8000,
-1.3374 10.8939 1.8000,
-1.3009 -74.9370 -0.4000,
-1.3009 -74.9370 0.8000,
-1.2462 -74.2332 -1.9000,
-1.2034 -27.5306 -1.9000,
-1.2034 -8.4795 -1.9000,
-1.2034 10.5705 -1.9000,
-1.1765 -28.2359 -0.4000,
-1.1765 -28.2359 0.8000,
-1.1765 -9.1849 -0.4000,
-1.1765 -9.1849 0.8000,
-1.1765 9.8651 -0.4000,
-1.1765 9.8651 0.8000,
-1.0997 -73.9152 -1.4000,
-1.0997 -73.9152 -0.4000,
-1.0997 -73.9152 0.8000,
-1.0997 -73.9152 1.8000,
-1.0956 -75.0712 -0.4000,
-1.0956 -75.0712 0.8000,
-1.0140 -27.0914 -1.4000,
-1.0140 -27.0914 -0.4000,
-1.0140 -27.0914 0.8000,
-1.0140 -27.0914 1.8000,
-1.0140 -8.0404 -1.4000,
-1.0140 -8.0404 -0.4000,
-1.0140 -8.0404 0.8000,
-1.0140 -8.0404 1.8000,
-1.0140 11.0096 -1.4000,
-1.0140 11.0096 -0.4000,
-1.0140 11.0096 0.8000,
-1.0140 11.0096 1.8000,
-0.9722 -74.3762 -1.9000,
-0.9547 -28.1310 -0.4000,
-0.9547 -28.1310 0.8000,
-0.9547 -9.0800 -0.4000,
-0.9547 -9.0800 0.8000,
-0.9547 9.9700 -0.4000,
-0.9547 9.9700 0.8000,
-0.9124 -27.4263 -1.9000,
-0.9124 -8.3753 -1.9000,
-0.9124 10.6747 -1.9000,
-0.9044 -75.2250 -0.4000,
-0.9044 -75.2250 0.8000,
-0.7952 -74.0742 -1.4000,
-0.7952 -74.0742 -0.4000,
-0.7952 -74.0742 0.8000,
-0.7952 -74.0742 1.8000,
-0.7292 -75.3968 -0.4000,
-0.7292 -75.3968 0.8000,
-0.7237 -28.0484 -0.4000,
-0.7237 -28.0484 0.8000,
-0.7237 -8.9973 -0.4000,
-0.7237 -8.9973 0.8000,
-0.7237 10.0526 -0.4000,
-0.7237 10.0526 0.8000,
-0.7135 -74.5453 -1.9000,
-0.6808 -27.0080 -1.4000,
-0.6808 -27.0080 -0.4000,
-0.6808 -27.0080 0.8000,
-0.6808 -27.0080 1.8000,
-0.6808 -7.9570 -1.4000,
-0.6808 -7.9570 -0.4000,
-0.6808 -7.9570 0.8000,
-0.6808 -7.9570 1.8000,
-0.6808 11.0930 -1.4000,
-0.6808 11.0930 -0.4000,
-0.6808 11.0930 0.8000,
-0.6808 11.0930 1.8000,
-0.6125 -27.3512 -1.9000,
-0.6125 -8.3002 -1.9000,
-0.6125 10.7498 -1.9000,
-0.5717 -75.5848 -0.4000,
-0.5717 -75.5848 0.8000,
-0.5078 -74.2622 -1.4000,
-0.5078 -74.2622 -0.4000,
-0.5078 -74.2622 0.8000,
-0.5078 -74.2622 1.8000,
-0.4857 -27.9888 -0.4000,
-0.4857 -27.9888 0.8000,
-0.4857 -8.9377 -0.4000,
-0.4857 -8.9377 0.8000,
-0.4857 10.1123 -0.4000,
-0.4857 10.1123 0.8000,
-0.4726 -74.7392 -1.9000,
-0.4334 -75.7876 -0.4000,
-0.4334 -75.7876 0.8000,
-0.3410 -26.9576 -1.4000,
-0.3410 -26.9576 -0.4000,
-0.3410 -26.9576 0.8000,
-0.3410 -26.9576 1.8000,
-0.3410 -7.9066 -1.4000,
-0.3410 -7.9066 -0.4000,
-0.3410 -7.9066 0.8000,
-0.3410 -7.9066 1.8000,
-0.3410 11.1434 -1.4000,
-0.3410 11.1434 -0.4000,
-0.3410 11.1434 0.8000,
-0.3410 11.1434 1.8000,
-0.3156 -76.0027 -0.4000,
-0.3156 -76.0027 0.8000,
-0.3067 -27.3059 -1.9000,
-0.3067 -8.2549 -1.9000,
-0.3067 10.7951 -1.9000,
-0.2882 -78.3192 -0.4000,
-0.2882 -78.3192 0.8000,
-0.2519 -74.9555 -1.9000,
-0.2430 -27.9528 -0.4000,
-0.2430 -27.9528 0.8000,
-0.2430 -8.9017 -0.4000,
-0.2430 -8.9017 0.8000,
-0.2430 10.1483 -0.4000,
-0.2430 10.1483 0.8000,
-0.2401 -74.4774 -1.4000,
-0.2401 -74.4774 -0.4000,
-0.2401 -74.4774 0.8000,
-0.2401 -74.4774 1.8000,
-0.2195 -76.2285 -0.4000,
-0.2195 -76.2285 0.8000,
-0.1460 -76.4625 -0.4000,
-0.1460 -76.4625 0.8000,
-0.1341 -77.6774 -0.4000,
-0.1341 -77.6774 0.8000,
-0.1063 -77.4270 0.8000,
-0.1063 -77.4270 1.8000,
-0.0958 -76.7026 -0.4000,
-0.0958 -76.7026 0.8000,
-0.0886 -77.4362 -0.4000,
-0.0886 -77.4362 0.8000,
-0.0885 -77.4354 0.8000,
-0.0881 -77.4312 -0.4000,
-0.0693 -76.9466 -0.4000,
-0.0693 -76.9466 0.8000,
-0.0669 -77.1919 -0.4000,
-0.0669 -77.1919 0.8000,
-0.0534 -75.1926 -1.9000,
-0.0287 -77.4636 0.8000,
-0.0287 -77.4636 1.8000,
-0.0235 -53.9184 -1.4000,
-0.0235 -53.9184 -0.4000,
0.0020 -27.9408 -0.4000,
0.0020 -27.9408 0.8000,
0.0020 -27.2907 -1.9000,
0.0020 -26.9408 -1.4000,
0.0020 -26.9408 -0.4000,
0.0020 -26.9408 0.8000,
0.0020 -26.9408 1.8000,
0.0020 -8.8897 -0.4000,
0.0020 -8.8897 0.8000,
0.0020 -8.2397 -1.9000,
0.0020 -7.8897 -1.4000,
0.0020 -7.8897 -0.4000,
0.0020 -7.8897 0.8000,
0.0020 -7.8897 1.8000,
0.0020 10.1603 -0.4000,
0.0020 10.1603 0.8000,
0.0020 10.8103 -1.9000,
0.0020 11.1603 -1.4000,
0.0020 11.1603 -0.4000,
0.0020 11.1603 0.8000,
0.0020 11.1603 1.8000,
0.0051 -74.7180 -1.4000,
0.0051 -74.7180 -0.4000,
0.0051 -74.7180 0.8000,
0.0051 -74.7180 1.8000,
0.0637 -77.4967 0.8000,
0.0637 -77.4967 1.8000,
0.1129 -77.5053 -1.9000,
0.1208 -75.4478 -1.9000,
0.1354 -53.6140 -1.4000,
0.1354 -53.6140 -0.4000,
0.1469 -54.2468 0.8000,
0.1469 -54.2468 1.8000,
0.2162 -54.3096 0.8000,
0.2162 -54.3096 1.8000,
0.2256 -74.9813 -1.4000,
0.2256 -74.9813 -0.4000,
0.2256 -74.9813 0.8000,
0.2256 -74.9813 1.8000,
0.2470 -27.9528 -0.4000,
0.2470 -27.9528 0.8000,
0.2470 -8.9017 -0.4000,
0.2470 -8.9017 0.8000,
0.2470 10.1483 -0.4000,
0.2470 10.1483 0.8000,
0.2692 -75.7191 -1.9000,
0.2943 -54.0650 -1.9000,
0.2963 -54.4403 -1.4000,
0.2963 -54.4403 -0.4000,
0.2963 -54.4403 0.8000,
0.2963 -54.4403 1.8000,
0.3107 -27.3059 -1.9000,
0.3107 -8.2549 -1.9000,
0.3107 10.7951 -1.9000,
0.3235 -53.3265 -1.4000,
0.3235 -53.3265 -0.4000,
0.3450 -26.9576 -1.4000,
0.3450 -26.9576 -0.4000,
0.3450 -26.9576 0.8000,
0.3450 -26.9576 1.8000,
0.3450 -7.9066 -1.4000,
0.3450 -7.9066 -0.4000,
0.3450 -7.9066 0.8000,
0.3450 -7.9066 1.8000,
0.3450 11.1434 -1.4000,
0.3450 11.1434 -0.4000,
0.3450 11.1434 0.8000,
0.3450 11.1434 1.8000,
0.3903 -76.0034 -1.9000,
0.4105 -77.5510 -1.4000,
0.4105 -77.5510 -0.4000,
0.4192 -75.2650 -1.4000,
0.4192 -75.2650 -0.4000,
0.4192 -75.2650 0.8000,
0.4192 -75.2650 1.8000,
0.4374 -53.7910 -1.9000,
0.4829 -76.2984 -1.9000,
0.4897 -27.9888 -0.4000,
0.4897 -27.9888 0.8000,
0.4897 -8.9377 -0.4000,
0.4897 -8.9377 0.8000,
0.4897 10.1123 -0.4000,
0.4897 10.1123 0.8000,
0.5387 -53.0588 -1.4000,
0.5387 -53.0588 -0.4000,
0.5462 -76.6010 -1.9000,
0.5576 -75.5179 0.8000,
0.5576 -75.5179 1.8000,
0.5700 -55.4420 -0.4000,
0.5700 -55.4420 0.8000,
0.5795 -76.9084 -1.9000,
0.5821 -54.5346 -1.9000,
0.5826 -77.2174 -1.9000,
0.5841 -75.5664 -1.4000,
0.5841 -75.5664 -0.4000,
0.6066 -53.5322 -1.9000,
0.6165 -27.3512 -1.9000,
0.6165 -8.3002 -1.9000,
0.6165 10.7498 -1.9000,
0.6848 -27.0080 -1.4000,
0.6848 -27.0080 -0.4000,
0.6848 -27.0080 0.8000,
0.6848 -27.0080 1.8000,
0.6848 -7.9570 -1.4000,
0.6848 -7.9570 -0.4000,
0.6848 -7.9570 0.8000,
0.6848 -7.9570 1.8000,
0.6848 11.0930 -1.4000,
0.6848 11.0930 -0.4000,
0.6848 11.0930 0.8000,
0.6848 11.0930 1.8000,
0.7187 -75.8824 -1.4000,
0.7187 -75.8824 -0.4000,
0.7204 -75.6029 0.8000,
0.7204 -75.6029 1.8000,
0.7241 -54.8002 -0.4000,
0.7241 -54.8002 0.8000,
0.7277 -28.0484 -0.4000,
0.7277 -28.0484 0.8000,
0.7277 -8.9973 -0.4000,
0.7277 -8.9973 0.8000,
0.7277 10.0526 -0.4000,
0.7277 10.0526 0.8000,
0.7792 -52.8136 -1.4000,
0.7792 -52.8136 -0.4000,
0.7930 -54.5646 -0.4000,
0.7930 -54.5646 0.8000,
0.7949 -54.5600 -0.4000,
0.7949 -54.5600 0.8000,
0.8004 -53.2914 -1.9000,
0.8216 -76.2100 -1.4000,
0.8216 -76.2100 -0.4000,
0.8847 -54.3372 -0.4000,
0.8847 -54.3372 0.8000,
0.8919 -76.5462 -1.4000,
0.8919 -76.5462 -0.4000,
0.9164 -27.4263 -1.9000,
0.9164 -8.3753 -1.9000,
0.9164 10.6747 -1.9000,
0.9289 -76.8878 -1.4000,
0.9289 -76.8878 -0.4000,
0.9323 -77.2312 -1.4000,
0.9323 -77.2312 -0.4000,
0.9587 -28.1310 -0.4000,
0.9587 -28.1310 0.8000,
0.9587 -9.0800 -0.4000,
0.9587 -9.0800 0.8000,
0.9587 9.9700 -0.4000,
0.9587 9.9700 0.8000,
0.9982 -54.1196 -0.4000,
0.9982 -54.1196 0.8000,
1.0168 -53.0706 -1.9000,
1.0180 -27.0914 -1.4000,
1.0180 -27.0914 -0.4000,
1.0180 -27.0914 0.8000,
1.0180 -27.0914 1.8000,
1.0180 -8.0404 -1.4000,
1.0180 -8.0404 -0.4000,
1.0180 -8.0404 0.8000,
1.0180 -8.0404 1.8000,
1.0180 11.0096 -1.4000,
1.0180 11.0096 -0.4000,
1.0180 11.0096 0.8000,
1.0180 11.0096 1.8000,
1.0426 -52.5931 -1.4000,
1.0426 -52.5931 -0.4000,
1.1325 -53.9143 -0.4000,
1.1325 -53.9143 0.8000,
1.1805 -28.2359 -0.4000,
1.1805 -28.2359 0.8000,
1.1805 -9.1849 -0.4000,
1.1805 -9.1849 0.8000,
1.1805 9.8651 -0.4000,
1.1805 9.8651 0.8000,
1.2074 -27.5306 -1.9000,
1.2074 -8.4795 -1.9000,
1.2074 10.5705 -1.9000,
1.2084 -52.4800 0.8000,
1.2084 -52.4800 1.8000,
1.2538 -52.8722 -1.9000,
1.2862 -53.7232 -0.4000,
1.2862 -53.7232 0.8000,
1.3263 -52.3995 -1.4000,
1.3263 -52.3995 -0.4000,
1.3263 -52.3995 0.8000,
1.3263 -52.3995 1.8000,
1.3414 -27.2071 -1.4000,
1.3414 -27.2071 -0.4000,
1.3414 -27.2071 0.8000,
1.3414 -27.2071 1.8000,
1.3414 -8.1561 -1.4000,
1.3414 -8.1561 -0.4000,
1.3414 -8.1561 0.8000,
1.3414 -8.1561 1.8000,
1.3414 10.8939 -1.4000,
1.3414 10.8939 -0.4000,
1.3414 10.8939 0.8000,
1.3414 10.8939 1.8000,
1.3909 -28.3621 -0.4000,
1.3909 -28.3621 0.8000,
1.3909 -9.3110 -0.4000,
1.3909 -9.3110 0.8000,
1.3909 9.7390 -0.4000,
1.3909 9.7390 0.8000,
1.4580 -53.5479 -0.4000,
1.4580 -53.5479 0.8000,
1.4869 -27.6627 -1.9000,
1.4869 -8.6117 -1.9000,
1.4869 10.4383 -1.9000,
1.5091 -52.6979 -1.9000,
1.5880 -28.5082 -0.4000,
1.5880 -28.5082 0.8000,
1.5880 -9.4572 -0.4000,
1.5880 -9.4572 0.8000,
1.5880 9.5928 -0.4000,
1.5880 9.5928 0.8000,
1.6276 -52.2346 -1.4000,
1.6276 -52.2346 -0.4000,
1.6276 -52.2346 0.8000,
1.6276 -52.2346 1.8000,
1.6461 -53.3904 -0.4000,
1.6461 -53.3904 0.8000,
1.6519 -27.3540 -1.4000,
1.6519 -27.3540 -0.4000,
1.6519 -27.3540 0.8000,
1.6519 -27.3540 1.8000,
1.6519 -8.3030 -1.4000,
1.6519 -8.3030 -0.4000,
1.6519 -8.3030 0.8000,
1.6519 -8.3030 1.8000,
1.6519 10.7470 -1.4000,
1.6519 10.7470 -0.4000,
1.6519 10.7470 0.8000,
1.6519 10.7470 1.8000,
1.7520 -27.8216 -1.9000,
1.7520 -8.7706 -1.9000,
1.7520 10.2794 -1.9000,
1.7698 -28.6729 -0.4000,
1.7698 -28.6729 0.8000,
1.7698 -9.6219 -0.4000,
1.7698 -9.6219 0.8000,
1.7698 9.4281 -0.4000,
1.7698 9.4281 0.8000,
1.7803 -52.5496 -1.9000,
1.8488 -53.2521 -0.4000,
1.8488 -53.2521 0.8000,
1.9345 -28.8547 -0.4000,
1.9345 -28.8547 0.8000,
1.9345 -9.8037 -0.4000,
1.9345 -9.8037 0.8000,
1.9345 9.2463 -0.4000,
1.9345 9.2463 0.8000,
1.9436 -52.1001 -1.4000,
1.9436 -52.1001 -0.4000,
1.9436 -52.1001 0.8000,
1.9436 -52.1001 1.8000,
1.9465 -27.5306 -1.4000,
1.9465 -27.5306 -0.4000,
1.9465 -27.5306 0.8000,
1.9465 -27.5306 1.8000,
1.9465 -8.4796 -1.4000,
1.9465 -8.4796 -0.4000,
1.9465 -8.4796 0.8000,
1.9465 -8.4796 1.8000,
1.9465 10.5704 -1.4000,
1.9465 10.5704 -0.4000,
1.9465 10.5704 0.8000,
1.9465 10.5704 1.8000,
2.0003 -28.0058 -1.9000,
2.0003 -8.9547 -1.9000,
2.0003 10.0953 -1.9000,
2.0640 -53.1343 -0.4000,
2.0640 -53.1343 0.8000,
2.0647 -52.4284 -1.9000,
2.0807 -29.0518 -0.4000,
2.0807 -29.0518 0.8000,
2.0807 -10.0008 -0.4000,
2.0807 -10.0008 0.8000,
2.0807 9.0492 -0.4000,
2.0807 9.0492 0.8000,
2.2068 -29.2622 -0.4000,
2.2068 -29.2622 0.8000,
2.2068 -10.2112 -0.4000,
2.2068 -10.2112 0.8000,
2.2068 8.8388 -0.4000,
2.2068 8.8388 0.8000,
2.2224 -27.7352 -1.4000,
2.2224 -27.7352 -0.4000,
2.2224 -27.7352 0.8000,
2.2224 -27.7352 1.8000,
2.2224 -8.6842 -1.4000,
2.2224 -8.6842 -0.4000,
2.2224 -8.6842 0.8000,
2.2224 -8.6842 1.8000,
2.2224 10.3658 -1.4000,
2.2224 10.3658 -0.4000,
2.2224 10.3658 0.8000,
2.2224 10.3658 1.8000,
2.2294 -28.2134 -1.9000,
2.2294 -9.1623 -1.9000,
2.2294 9.8877 -1.9000,
2.2713 -51.9972 -1.4000,
2.2713 -51.9972 -0.4000,
2.2713 -51.9972 0.8000,
2.2713 -51.9972 1.8000,
2.2897 -53.0383 -0.4000,
2.2897 -53.0383 0.8000,
2.3117 -29.4840 -0.4000,
2.3117 -29.4840 0.8000,
2.3117 -10.4330 -0.4000,
2.3117 -10.4330 0.8000,
2.3117 8.6170 -0.4000,
2.3117 8.6170 0.8000,
2.3597 -52.3358 -1.9000,
2.3943 -29.7150 -0.4000,
2.3943 -29.7150 0.8000,
2.3943 -10.6640 -0.4000,
2.3943 -10.6640 0.8000,
2.3943 8.3860 -0.4000,
2.3943 8.3860 0.8000,
2.4370 -28.4424 -1.9000,
2.4370 -9.3914 -1.9000,
2.4370 9.6586 -1.9000,
2.4539 -29.9530 -0.4000,
2.4539 -29.9530 0.8000,
2.4539 -10.9020 -0.4000,
2.4539 -10.9020 0.8000,
2.4539 8.1480 -0.4000,
2.4539 8.1480 0.8000,
2.4769 -27.9658 -1.4000,
2.4769 -27.9658 -0.4000,
2.4769 -27.9658 0.8000,
2.4769 -27.9658 1.8000,
2.4769 -8.9148 -1.4000,
2.4769 -8.9148 -0.4000,
2.4769 -8.9148 0.8000,
2.4769 -8.9148 1.8000,
2.4769 10.1352 -1.4000,
2.4769 10.1352 -0.4000,
2.4769 10.1352 0.8000,
2.4769 10.1352 1.8000,
2.4892 -30.1908 -0.4000,
2.4892 -30.1908 0.8000,
2.4892 -11.1398 -0.4000,
2.4892 -11.1398 0.8000,
2.4892 7.9103 -0.4000,
2.4892 7.9103 0.8000,
2.4900 -30.1957 -0.4000,
2.4900 -30.1957 0.8000,
2.4900 -11.1447 -0.4000,
2.4900 -11.1447 0.8000,
2.4900 7.9053 -0.4000,
2.4900 7.9053 0.8000,
2.5020 -31.1008 -0.4000,
2.5020 -31.1008 0.8000,
2.5020 -30.4408 -0.4000,
2.5020 -30.4408 0.8000,
2.5020 -12.0497 -0.4000,
2.5020 -12.0497 0.8000,
2.5020 -11.3898 -0.4000,
2.5020 -11.3898 0.8000,
2.5020 7.0003 -0.4000,
2.5020 7.0003 0.8000,
2.5020 7.6603 -0.4000,
2.5020 7.6603 0.8000,
2.5238 -52.9648 -0.4000,
2.5238 -52.9648 0.8000,
2.6075 -51.9268 -1.4000,
2.6075 -51.9268 -0.4000,
2.6075 -51.9268 0.8000,
2.6075 -51.9268 1.8000,
2.6211 -28.6908 -1.9000,
2.6211 -9.6397 -1.9000,
2.6211 9.4103 -1.9000,
2.6622 -52.2725 -1.9000,
2.7020 -30.2157 -1.9000,
2.7020 -11.1647 -1.9000,
2.7020 7.8853 -1.9000,
2.7075 -28.2203 -1.4000,
2.7075 -28.2203 -0.4000,
2.7075 -28.2203 0.8000,
2.7075 -28.2203 1.8000,
2.7075 -9.1693 -1.4000,
2.7075 -9.1693 -0.4000,
2.7075 -9.1693 0.8000,
2.7075 -9.1693 1.8000,
2.7075 9.8807 -1.4000,
2.7075 9.8807 -0.4000,
2.7075 9.8807 0.8000,
2.7075 9.8807 1.8000,
2.7639 -52.9145 -0.4000,
2.7639 -52.9145 0.8000,
2.7800 -28.9558 -1.9000,
2.7800 -9.9048 -1.9000,
2.7800 9.1452 -1.9000,
2.9121 -28.4962 -1.4000,
2.9121 -28.4962 -0.4000,
2.9121 -28.4962 0.8000,
2.9121 -28.4962 1.8000,
2.9121 -9.4452 -1.4000,
2.9121 -9.4452 -0.4000,
2.9121 -9.4452 0.8000,
2.9121 -9.4452 1.8000,
2.9121 9.6048 -1.4000,
2.9121 9.6048 -0.4000,
2.9121 9.6048 0.8000,
2.9121 9.6048 1.8000,
2.9122 -29.2353 -1.9000,
2.9122 -10.1843 -1.9000,
2.9122 8.8657 -1.9000,
2.9490 -51.8898 -1.4000,
2.9490 -51.8898 -0.4000,
2.9490 -51.8898 0.8000,
2.9490 -51.8898 1.8000,
2.9696 -52.2392 -1.9000,
3.0020 -30.1908 -1.4000,
3.0020 -30.1908 -0.4000,
3.0020 -30.1908 0.8000,
3.0020 -30.1908 1.8000,
3.0020 -11.1398 -1.4000,
3.0020 -11.1398 -0.4000,
3.0020 -11.1398 0.8000,
3.0020 -11.1398 1.8000,
3.0020 7.9103 -1.4000,
3.0020 7.9103 -0.4000,
3.0020 7.9103 0.8000,
3.0020 7.9103 1.8000,
3.0078 -52.8881 -0.4000,
3.0078 -52.8881 0.8000,
3.0164 -29.5264 -1.9000,
3.0164 -10.4753 -1.9000,
3.0164 8.5747 -1.9000,
3.0887 -28.7908 -1.4000,
3.0887 -28.7908 -0.4000,
3.0887 -28.7908 0.8000,
3.0887 -28.7908 1.8000,
3.0887 -9.7398 -1.4000,
3.0887 -9.7398 -0.4000,
3.0887 -9.7398 0.8000,
3.0887 -9.7398 1.8000,
3.0887 9.3102 -1.4000,
3.0887 9.3102 -0.4000,
3.0887 9.3102 0.8000,
3.0887 9.3102 1.8000,
3.0915 -29.8262 -1.9000,
3.0915 -10.7752 -1.9000,
3.0915 8.2748 -1.9000,
3.2356 -29.1013 -1.4000,
3.2356 -29.1013 -0.4000,
3.2356 -29.1013 0.8000,
3.2356 -29.1013 1.8000,
3.2356 -10.0503 -1.4000,
3.2356 -10.0503 -0.4000,
3.2356 -10.0503 0.8000,
3.2356 -10.0503 1.8000,
3.2356 8.9997 -1.4000,
3.2356 8.9997 -0.4000,
3.2356 8.9997 0.8000,
3.2356 8.9997 1.8000,
3.2532 -52.8857 -0.4000,
3.2532 -52.8857 0.8000,
3.2787 -52.2362 -1.9000,
3.2924 -51.8865 -1.4000,
3.2924 -51.8865 -0.4000,
3.2924 -51.8865 0.8000,
3.2924 -51.8865 1.8000,
3.3513 -29.4247 -1.4000,
3.3513 -29.4247 -0.4000,
3.3513 -29.4247 0.8000,
3.3513 -29.4247 1.8000,
3.3513 -10.3737 -1.4000,
3.3513 -10.3737 -0.4000,
3.3513 -10.3737 0.8000,
3.3513 -10.3737 1.8000,
3.3513 8.6763 -1.4000,
3.3513 8.6763 -0.4000,
3.3513 8.6763 0.8000,
3.3513 8.6763 1.8000,
3.4348 -29.7580 -1.4000,
3.4348 -29.7580 -0.4000,
3.4348 -29.7580 0.8000,
3.4348 -29.7580 1.8000,
3.4348 -10.7069 -1.4000,
3.4348 -10.7069 -0.4000,
3.4348 -10.7069 0.8000,
3.4348 -10.7069 1.8000,
3.4348 8.3431 -1.4000,
3.4348 8.3431 -0.4000,
3.4348 8.3431 0.8000,
3.4348 8.3431 1.8000,
3.4975 -52.9073 -0.4000,
3.4975 -52.9073 0.8000,
3.5866 -52.2635 -1.9000,
3.6346 -51.9168 -1.4000,
3.6346 -51.9168 -0.4000,
3.6346 -51.9168 0.8000,
3.6346 -51.9168 1.8000,
3.7386 -52.9528 -0.4000,
3.7386 -52.9528 0.8000,
3.8904 -52.3208 -1.9000,
3.9721 -51.9804 -1.4000,
3.9721 -51.9804 -0.4000,
3.9721 -51.9804 0.8000,
3.9721 -51.9804 1.8000,
3.9741 -53.0217 -0.4000,
3.9741 -53.0217 0.8000,
4.1870 -52.4076 -1.9000,
4.2016 -53.1134 -0.4000,
4.2016 -53.1134 0.8000,
4.3017 -52.0769 -1.4000,
4.3017 -52.0769 -0.4000,
4.3017 -52.0769 0.8000,
4.3017 -52.0769 1.8000,
4.4191 -53.2270 -0.4000,
4.4191 -53.2270 0.8000,
4.4738 -52.5231 -1.9000,
4.6203 -52.2053 -1.4000,
4.6203 -52.2053 -0.4000,
4.6203 -52.2053 0.8000,
4.6203 -52.2053 1.8000,
4.6245 -53.3612 -0.4000,
4.6245 -53.3612 0.8000,
4.7478 -52.6661 -1.9000,
4.7593 -55.5118 0.8000,
4.7593 -55.5118 1.8000,
4.8156 -53.5149 -0.4000,
4.8156 -53.5149 0.8000,
4.9248 -52.3642 -1.4000,
4.9248 -52.3642 -0.4000,
4.9248 -52.3642 0.8000,
4.9248 -52.3642 1.8000,
4.9908 -53.6868 -0.4000,
4.9908 -53.6868 0.8000,
5.0065 -52.8354 -1.9000,
5.1483 -53.8748 -0.4000,
5.1483 -53.8748 0.8000,
5.2122 -52.5522 -1.4000,
5.2122 -52.5522 -0.4000,
5.2122 -52.5522 0.8000,
5.2122 -52.5522 1.8000,
5.2474 -53.0291 -1.9000,
5.2866 -54.0776 -0.4000,
5.2866 -54.0776 0.8000,
5.2984 -55.8712 0.8000,
5.2984 -55.8712 1.8000,
5.3826 -55.9216 0.8000,
5.3826 -55.9216 1.8000,
5.4044 -54.2927 -0.4000,
5.4044 -54.2927 0.8000,
5.4319 -56.6091 -0.4000,
5.4319 -56.6091 0.8000,
5.4681 -53.2456 -1.9000,
5.4713 -55.9636 0.8000,
5.4713 -55.9636 1.8000,
5.4799 -52.7675 -1.4000,
5.4799 -52.7675 -0.4000,
5.4799 -52.7675 0.8000,
5.4799 -52.7675 1.8000,
5.5005 -54.5184 -0.4000,
5.5005 -54.5184 0.8000,
5.5637 -55.9966 0.8000,
5.5637 -55.9966 1.8000,
5.5740 -54.7525 -0.4000,
5.5740 -54.7525 0.8000,
5.5779 -56.0006 0.8000,
5.5859 -55.9674 -0.4000,
5.5859 -55.9674 0.8000,
5.6242 -54.9926 -0.4000,
5.6242 -54.9926 0.8000,
5.6314 -55.7262 -0.4000,
5.6314 -55.7262 0.8000,
5.6319 -55.7212 -0.4000,
5.6507 -55.2366 -0.4000,
5.6507 -55.2366 0.8000,
5.6531 -55.4819 -0.4000,
5.6531 -55.4819 0.8000,
5.6665 -53.4826 -1.9000,
5.7251 -53.0080 -1.4000,
5.7251 -53.0080 -0.4000,
5.7251 -53.0080 0.8000,
5.7251 -53.0080 1.8000,
5.8329 -55.7952 -1.9000,
5.8408 -53.7378 -1.9000,
5.9456 -53.2713 -1.4000,
5.9456 -53.2713 -0.4000,
5.9456 -53.2713 0.8000,
5.9456 -53.2713 1.8000,
5.9892 -54.0090 -1.9000,
6.1103 -54.2934 -1.9000,
6.1305 -55.8410 -1.4000,
6.1305 -55.8410 -0.4000,
6.1392 -53.5550 -1.4000,
6.1392 -53.5550 -0.4000,
6.1392 -53.5550 0.8000,
6.1392 -53.5550 1.8000,
6.2029 -54.5884 -1.9000,
6.2662 -54.8910 -1.9000,
6.2995 -55.1984 -1.9000,
6.3026 -55.5074 -1.9000,
6.3041 -53.8564 -1.4000,
6.3041 -53.8564 -0.4000,
6.3041 -53.8564 0.8000,
6.3041 -53.8564 1.8000,
6.4355 -54.1650 0.8000,
6.4355 -54.1650 1.8000,
6.4387 -54.1724 -1.4000,
6.4387 -54.1724 -0.4000,
6.5416 -54.5000 -1.4000,
6.5416 -54.5000 -0.4000,
6.6119 -54.8362 -1.4000,
6.6119 -54.8362 -0.4000,
6.6489 -55.1778 -1.4000,
6.6489 -55.1778 -0.4000,
6.6523 -55.5212 -1.4000,
6.6523 -55.5212 -0.4000,
16.2988 -81.4740 -1.4000,
16.2988 -81.4740 -0.4000,
16.4691 -81.8392 0.8000,
16.4691 -81.8392 1.8000,
16.4912 -81.1896 -1.4000,
16.4912 -81.1896 -0.4000,
16.5574 -82.0288 -1.4000,
16.5574 -82.0288 -0.4000,
16.5574 -82.0288 0.8000,
16.5574 -82.0288 1.8000,
16.5980 -81.6557 -1.9000,
16.7105 -80.9252 -1.4000,
16.7105 -80.9252 -0.4000,
16.7160 -83.0549 -0.4000,
16.7160 -83.0549 0.8000,
16.7712 -81.3996 -1.9000,
16.8308 -82.1549 -1.9000,
16.9418 -82.4348 -0.4000,
16.9418 -82.4348 0.8000,
16.9547 -80.6836 -1.4000,
16.9547 -80.6836 -0.4000,
16.9686 -81.1617 -1.9000,
17.0369 -82.2086 -0.4000,
17.0369 -82.2086 0.8000,
17.0393 -82.2042 -0.4000,
17.0393 -82.2042 0.8000,
17.1537 -81.9928 -0.4000,
17.1537 -81.9928 0.8000,
17.1884 -80.9443 -1.9000,
17.2214 -80.4673 -1.4000,
17.2214 -80.4673 -0.4000,
17.2911 -81.7895 -0.4000,
17.2911 -81.7895 0.8000,
17.4284 -80.7494 -1.9000,
17.4478 -81.6008 -0.4000,
17.4478 -81.6008 0.8000,
17.5080 -80.2780 -1.4000,
17.5080 -80.2780 -0.4000,
17.5650 -80.0618 0.8000,
17.5650 -80.0618 1.8000,
17.6222 -81.4283 -0.4000,
17.6222 -81.4283 0.8000,
17.6863 -80.5792 -1.9000,
17.8118 -80.1176 -1.4000,
17.8118 -80.1176 -0.4000,
17.8127 -81.2736 -0.4000,
17.8127 -81.2736 0.8000,
17.8314 -80.1097 0.8000,
17.8314 -80.1097 1.8000,
17.9598 -80.4349 -1.9000,
18.0175 -81.1385 -0.4000,
18.0175 -81.1385 0.8000,
18.1299 -79.9880 -1.4000,
18.1299 -79.9880 -0.4000,
18.1299 -79.9880 0.8000,
18.1299 -79.9880 1.8000,
18.2345 -81.0239 -0.4000,
18.2345 -81.0239 0.8000,
18.2460 -80.3182 -1.9000,
18.4591 -79.8900 -1.4000,
18.4591 -79.8900 -0.4000,
18.4591 -79.8900 0.8000,
18.4591 -79.8900 1.8000,
18.4616 -80.9314 -0.4000,
18.4616 -80.9314 0.8000,
18.5423 -80.2300 -1.9000,
18.6968 -80.8615 -0.4000,
18.6968 -80.8615 0.8000,
18.7963 -79.8248 -1.4000,
18.7963 -79.8248 -0.4000,
18.7963 -79.8248 0.8000,
18.7963 -79.8248 1.8000,
18.8458 -80.1713 -1.9000,
18.9377 -80.8149 -0.4000,
18.9377 -80.8149 0.8000,
19.1383 -79.7930 -1.4000,
19.1383 -79.7930 -0.4000,
19.1383 -79.7930 0.8000,
19.1383 -79.7930 1.8000,
19.1536 -80.1428 -1.9000,
19.1820 -80.7921 -0.4000,
19.1820 -80.7921 0.8000,
19.4273 -80.7935 -0.4000,
19.4273 -80.7935 0.8000,
19.4627 -80.1445 -1.9000,
19.4818 -79.7950 -1.4000,
19.4818 -79.7950 -0.4000,
19.4818 -79.7950 0.8000,
19.4818 -79.7950 1.8000,
19.6713 -80.8188 -0.4000,
19.6713 -80.8188 0.8000,
19.7702 -80.1765 -1.9000,
19.8234 -79.8305 -1.4000,
19.8234 -79.8305 -0.4000,
19.8234 -79.8305 0.8000,
19.8234 -79.8305 1.8000,
19.9117 -80.8681 -0.4000,
19.9117 -80.8681 0.8000,
20.0730 -80.2384 -1.9000,
20.1461 -80.9406 -0.4000,
20.1461 -80.9406 0.8000,
20.1599 -79.8994 -1.4000,
20.1599 -79.8994 -0.4000,
20.1599 -79.8994 0.8000,
20.1599 -79.8994 1.8000,
20.3684 -80.3298 -1.9000,
20.3722 -81.0356 -0.4000,
20.3722 -81.0356 0.8000,
20.4881 -80.0008 -1.4000,
20.4881 -80.0008 -0.4000,
20.4881 -80.0008 0.8000,
20.4881 -80.0008 1.8000,
20.5879 -81.1525 -0.4000,
20.5879 -81.1525 0.8000,
20.6533 -80.4496 -1.9000,
20.7912 -81.2898 -0.4000,
20.7912 -81.2898 0.8000,
20.8047 -80.1340 -1.4000,
20.8047 -80.1340 -0.4000,
20.8047 -80.1340 0.8000,
20.8047 -80.1340 1.8000,
20.9251 -80.5968 -1.9000,
20.9800 -81.4466 -0.4000,
20.9800 -81.4466 0.8000,
21.1067 -80.2976 -1.4000,
21.1067 -80.2976 -0.4000,
21.1067 -80.2976 0.8000,
21.1067 -80.2976 1.8000,
21.1525 -81.6209 -0.4000,
21.1525 -81.6209 0.8000,
21.1812 -80.7700 -1.9000,
21.3071 -81.8115 -0.4000,
21.3071 -81.8115 0.8000,
21.3912 -80.4899 -1.4000,
21.3912 -80.4899 -0.4000,
21.3912 -80.4899 0.8000,
21.3912 -80.4899 1.8000,
21.4145 -84.7650 -0.4000,
21.4145 -84.7650 0.8000,
21.4191 -80.9674 -1.9000,
21.4423 -82.0162 -0.4000,
21.4423 -82.0162 0.8000,
21.5568 -82.2332 -0.4000,
21.5568 -82.2332 0.8000,
21.6365 -81.1872 -1.9000,
21.6402 -84.1448 -0.4000,
21.6402 -84.1448 0.8000,
21.6494 -82.4604 -0.4000,
21.6494 -82.4604 0.8000,
21.6556 -80.7092 -1.4000,
21.6556 -80.7092 -0.4000,
21.6556 -80.7092 0.8000,
21.6556 -80.7092 1.8000,
21.7127 -83.9104 -0.4000,
21.7127 -83.9104 0.8000,
21.7137 -83.9056 -0.4000,
21.7137 -83.9056 0.8000,
21.7193 -82.6956 -0.4000,
21.7193 -82.6956 0.8000,
21.7619 -83.6700 -0.4000,
21.7619 -83.6700 0.8000,
21.7659 -82.9365 -0.4000,
21.7659 -82.9365 0.8000,
21.7873 -83.4260 -0.4000,
21.7873 -83.4260 0.8000,
21.7886 -83.1808 -0.4000,
21.7886 -83.1808 0.8000,
21.8313 -81.4272 -1.9000,
21.8971 -80.9534 -1.4000,
21.8971 -80.9534 -0.4000,
21.8971 -80.9534 0.8000,
21.8971 -80.9534 1.8000,
21.9051 -84.0017 -1.9000,
22.0016 -81.6851 -1.9000,
22.1136 -81.2202 -1.4000,
22.1136 -81.2202 -0.4000,
22.1136 -81.2202 0.8000,
22.1136 -81.2202 1.8000,
22.1459 -81.9586 -1.9000,
22.1956 -84.0808 -1.4000,
22.1956 -84.0808 -0.4000,
22.1956 -84.0808 0.8000,
22.1956 -84.0808 1.8000,
22.2626 -82.2448 -1.9000,
22.3028 -81.5068 -1.4000,
22.3028 -81.5068 -0.4000,
22.3028 -81.5068 0.8000,
22.3028 -81.5068 1.8000,
22.3507 -82.5411 -1.9000,
22.4043 -83.7689 -1.9000,
22.4094 -82.8446 -1.9000,
22.4363 -83.4614 -1.9000,
22.4380 -83.1524 -1.9000,
22.4631 -81.8106 -1.4000,
22.4631 -81.8106 -0.4000,
22.4631 -81.8106 0.8000,
22.4631 -81.8106 1.8000,
22.5928 -82.1286 -1.4000,
22.5928 -82.1286 -0.4000,
22.5928 -82.1286 0.8000,
22.5928 -82.1286 1.8000,
22.6907 -82.4579 -1.4000,
22.6907 -82.4579 -0.4000,
22.6907 -82.4579 0.8000,
22.6907 -82.4579 1.8000,
22.7502 -83.8222 -1.4000,
22.7502 -83.8222 -0.4000,
22.7502 -83.8222 0.8000,
22.7502 -83.8222 1.8000,
22.7559 -82.7950 -1.4000,
22.7559 -82.7950 -0.4000,
22.7559 -82.7950 0.8000,
22.7559 -82.7950 1.8000,
22.7858 -83.4805 -1.4000,
22.7858 -83.4805 -0.4000,
22.7858 -83.4805 0.8000,
22.7858 -83.4805 1.8000,
22.7877 -83.1371 -1.4000,
22.7877 -83.1371 -0.4000,
22.7877 -83.1371 0.8000,
22.7877 -83.1371 1.8000,
24.3798 -60.8210 -1.4000,
24.3798 -60.8210 -0.4000,
24.5722 -60.5366 -1.4000,
24.5722 -60.5366 -0.4000,
24.6384 -61.3758 -1.4000,
24.6384 -61.3758 -0.4000,
24.6502 -61.3800 0.8000,
24.6502 -61.3800 1.8000,
24.6790 -61.0026 -1.9000,
24.7915 -60.2722 -1.4000,
24.7915 -60.2722 -0.4000,
24.7970 -62.4018 -0.4000,
24.7970 -62.4018 0.8000,
24.8522 -60.7465 -1.9000,
24.9118 -61.5018 -1.9000,
25.0228 -61.7816 -0.4000,
25.0228 -61.7816 0.8000,
25.0357 -60.0306 -1.4000,
25.0357 -60.0306 -0.4000,
25.0496 -60.5086 -1.9000,
25.1179 -61.5556 -0.4000,
25.1179 -61.5556 0.8000,
25.1203 -61.5512 -0.4000,
25.1203 -61.5512 0.8000,
25.2347 -61.3398 -0.4000,
25.2347 -61.3398 0.8000,
25.2694 -60.2912 -1.9000,
25.3024 -59.8142 -1.4000,
25.3024 -59.8142 -0.4000,
25.3721 -61.1365 -0.4000,
25.3721 -61.1365 0.8000,
25.5094 -60.0964 -1.9000,
25.5288 -60.9477 -0.4000,
25.5288 -60.9477 0.8000,
25.5487 -59.5558 0.8000,
25.5487 -59.5558 1.8000,
25.5890 -59.6249 -1.4000,
25.5890 -59.6249 -0.4000,
25.6890 -59.5722 0.8000,
25.6890 -59.5722 1.8000,
25.7032 -60.7752 -0.4000,
25.7032 -60.7752 0.8000,
25.7673 -59.9262 -1.9000,
25.8928 -59.4646 -1.4000,
25.8928 -59.4646 -0.4000,
25.8928 -59.4646 0.8000,
25.8928 -59.4646 1.8000,
25.8937 -60.6206 -0.4000,
25.8937 -60.6206 0.8000,
26.0408 -59.7818 -1.9000,
26.0985 -60.4854 -0.4000,
26.0985 -60.4854 0.8000,
26.2109 -59.3350 -1.4000,
26.2109 -59.3350 -0.4000,
26.2109 -59.3350 0.8000,
26.2109 -59.3350 1.8000,
26.3155 -60.3710 -0.4000,
26.3155 -60.3710 0.8000,
26.3270 -59.6652 -1.9000,
26.5401 -59.2370 -1.4000,
26.5401 -59.2370 -0.4000,
26.5401 -59.2370 0.8000,
26.5401 -59.2370 1.8000,
26.5426 -60.2784 -0.4000,
26.5426 -60.2784 0.8000,
26.6233 -59.5770 -1.9000,
26.7778 -60.2084 -0.4000,
26.7778 -60.2084 0.8000,
26.8773 -59.1718 -1.4000,
26.8773 -59.1718 -0.4000,
26.8773 -59.1718 0.8000,
26.8773 -59.1718 1.8000,
26.9268 -59.5183 -1.9000,
27.0187 -60.1618 -0.4000,
27.0187 -60.1618 0.8000,
27.2193 -59.1400 -1.4000,
27.2193 -59.1400 -0.4000,
27.2193 -59.1400 0.8000,
27.2193 -59.1400 1.8000,
27.2346 -59.4897 -1.9000,
27.2630 -60.1391 -0.4000,
27.2630 -60.1391 0.8000,
27.5083 -60.1404 -0.4000,
27.5083 -60.1404 0.8000,
27.5437 -59.4914 -1.9000,
27.5628 -59.1420 -1.4000,
27.5628 -59.1420 -0.4000,
27.5628 -59.1420 0.8000,
27.5628 -59.1420 1.8000,
27.7523 -60.1658 -0.4000,
27.7523 -60.1658 0.8000,
27.8512 -59.5234 -1.9000,
27.9044 -59.1774 -1.4000,
27.9044 -59.1774 -0.4000,
27.9044 -59.1774 0.8000,
27.9044 -59.1774 1.8000,
27.9927 -60.2150 -0.4000,
27.9927 -60.2150 0.8000,
28.1540 -59.5854 -1.9000,
28.2270 -60.2876 -0.4000,
28.2270 -60.2876 0.8000,
28.2409 -59.2464 -1.4000,
28.2409 -59.2464 -0.4000,
28.2409 -59.2464 0.8000,
28.2409 -59.2464 1.8000,
28.4494 -59.6767 -1.9000,
28.4532 -60.3826 -0.4000,
28.4532 -60.3826 0.8000,
28.5691 -59.3478 -1.4000,
28.5691 -59.3478 -0.4000,
28.5691 -59.3478 0.8000,
28.5691 -59.3478 1.8000,
28.6689 -60.4994 -0.4000,
28.6689 -60.4994 0.8000,
28.7343 -59.7965 -1.9000,
28.8722 -60.6368 -0.4000,
28.8722 -60.6368 0.8000,
28.8857 -59.4810 -1.4000,
28.8857 -59.4810 -0.4000,
28.8857 -59.4810 0.8000,
28.8857 -59.4810 1.8000,
29.0061 -59.9437 -1.9000,
29.0610 -60.7936 -0.4000,
29.0610 -60.7936 0.8000,
29.1877 -59.6446 -1.4000,
29.1877 -59.6446 -0.4000,
29.1877 -59.6446 0.8000,
29.1877 -59.6446 1.8000,
29.2335 -60.9680 -0.4000,
29.2335 -60.9680 0.8000,
29.2622 -60.1170 -1.9000,
29.3881 -61.1584 -0.4000,
29.3881 -61.1584 0.8000,
29.4722 -59.8370 -1.4000,
29.4722 -59.8370 -0.4000,
29.4722 -59.8370 0.8000,
29.4722 -59.8370 1.8000,
29.4955 -64.1120 -0.4000,
29.4955 -64.1120 0.8000,
29.5001 -60.3144 -1.9000,
29.5233 -61.3632 -0.4000,
29.5233 -61.3632 0.8000,
29.6378 -61.5802 -0.4000,
29.6378 -61.5802 0.8000,
29.7175 -60.5342 -1.9000,
29.7212 -63.4917 -0.4000,
29.7212 -63.4917 0.8000,
29.7304 -61.8073 -0.4000,
29.7304 -61.8073 0.8000,
29.7366 -60.0562 -1.4000,
29.7366 -60.0562 -0.4000,
29.7366 -60.0562 0.8000,
29.7366 -60.0562 1.8000,
29.7937 -63.2574 -0.4000,
29.7937 -63.2574 0.8000,
29.7947 -63.2525 -0.4000,
29.7947 -63.2525 0.8000,
29.8003 -62.0426 -0.4000,
29.8003 -62.0426 0.8000,
29.8429 -63.0170 -0.4000,
29.8429 -63.0170 0.8000,
29.8469 -62.2834 -0.4000,
29.8469 -62.2834 0.8000,
29.8683 -62.7730 -0.4000,
29.8683 -62.7730 0.8000,
29.8696 -62.5277 -0.4000,
29.8696 -62.5277 0.8000,
29.9123 -60.7742 -1.9000,
29.9781 -60.3004 -1.4000,
29.9781 -60.3004 -0.4000,
29.9781 -60.3004 0.8000,
29.9781 -60.3004 1.8000,
29.9861 -63.3487 -1.9000,
30.0826 -61.0320 -1.9000,
30.1945 -60.5671 -1.4000,
30.1945 -60.5671 -0.4000,
30.1945 -60.5671 0.8000,
30.1945 -60.5671 1.8000,
30.2269 -61.3056 -1.9000,
30.2766 -63.4278 -1.4000,
30.2766 -63.4278 -0.4000,
30.2766 -63.4278 0.8000,
30.2766 -63.4278 1.8000,
30.3436 -61.5918 -1.9000,
30.3838 -60.8538 -1.4000,
30.3838 -60.8538 -0.4000,
30.3838 -60.8538 0.8000,
30.3838 -60.8538 1.8000,
30.4317 -61.8880 -1.9000,
30.4853 -63.1159 -1.9000,
30.4904 -62.1916 -1.9000,
30.5173 -62.8084 -1.9000,
30.5190 -62.4994 -1.9000,
30.5441 -61.1575 -1.4000,
30.5441 -61.1575 -0.4000,
30.5441 -61.1575 0.8000,
30.5441 -61.1575 1.8000,
30.6738 -61.4756 -1.4000,
30.6738 -61.4756 -0.4000,
30.6738 -61.4756 0.8000,
30.6738 -61.4756 1.8000,
30.7717 -61.8048 -1.4000,
30.7717 -61.8048 -0.4000,
30.7717 -61.8048 0.8000,
30.7717 -61.8048 1.8000,
30.8312 -63.1692 -1.4000,
30.8312 -63.1692 -0.4000,
30.8312 -63.1692 0.8000,
30.8312 -63.1692 1.8000,
30.8369 -62.1420 -1.4000,
30.8369 -62.1420 -0.4000,
30.8369 -62.1420 0.8000,
30.8369 -62.1420 1.8000,
30.8668 -62.8276 -1.4000,
30.8668 -62.8276 -0.4000,
30.8668 -62.8276 0.8000,
30.8668 -62.8276 1.8000,
30.8687 -62.4840 -1.4000,
30.8687 -62.4840 -0.4000,
30.8687 -62.4840 0.8000,
30.8687 -62.4840 1.8000
]
}
coordIndex [
6230,6246,6106,-1,
7139,7128,7254,-1,
7128,7105,7254,-1,
7105,7091,7254,-1,
7091,7083,7254,-1,
7083,7059,7254,-1,
7254,7059,7034,-1,
7049,7034,7059,-1,
7020,7034,6961,-1,
7049,7011,7034,-1,
7011,7003,7034,-1,
6984,7020,6961,-1,
7003,6975,7034,-1,
6975,6961,7034,-1,
6946,6984,6933,-1,
6961,6933,6984,-1,
6918,6946,6909,-1,
6933,6909,6946,-1,
6909,6897,6918,-1,
6918,6897,6882,-1,
6897,6869,6882,-1,
6882,6869,6854,-1,
6869,6841,6854,-1,
6854,6841,6817,-1,
6841,6813,6817,-1,
6813,6805,6817,-1,
6817,6805,6786,-1,
6805,6777,6786,-1,
6786,6777,6758,-1,
6777,6749,6758,-1,
6758,6749,6722,-1,
6737,6722,6749,-1,
6722,6737,6694,-1,
6713,6694,6737,-1,
6694,6713,6656,-1,
6685,6656,6713,-1,
6656,6685,6620,-1,
6620,6685,6610,-1,
6673,6610,6685,-1,
6643,6610,6673,-1,
6635,6610,6643,-1,
6635,6599,6610,-1,
6599,6591,6610,-1,
6591,6567,6610,-1,
6610,6567,6232,-1,
6559,6269,6567,-1,
6505,6501,6508,-1,
6508,6501,6522,-1,
6522,6501,6545,-1,
6545,6269,6559,-1,
6501,6269,6545,-1,
6269,6232,6567,-1,
6234,5932,6236,-1,
6214,6220,6098,-1,
6232,6269,6131,-1,
6232,5930,6234,-1,
6205,6214,6098,-1,
7192,7232,7244,-1,
7196,7234,7248,-1,
7188,7230,7240,-1,
6415,6421,6467,-1,
6411,6419,6463,-1,
6407,6417,6459,-1,
6373,6367,6387,-1,
6364,6377,6334,-1,
6367,6361,6383,-1,
6361,6354,6383,-1,
6354,6352,6383,-1,
6352,6345,6383,-1,
6342,6364,6328,-1,
6345,6337,6383,-1,
6337,6334,6377,-1,
6331,6342,6319,-1,
6334,6328,6364,-1,
6322,6331,6316,-1,
6328,6319,6342,-1,
6319,6316,6331,-1,
6313,6322,6309,-1,
6316,6309,6322,-1,
6306,6313,6303,-1,
6309,6303,6313,-1,
6303,6300,6306,-1,
6306,6300,6297,-1,
6300,6293,6297,-1,
6297,6293,6290,-1,
6285,6290,6284,-1,
6293,6284,6290,-1,
6281,6285,6275,-1,
6284,6280,6285,-1,
6280,6275,6285,-1,
6275,6268,6281,-1,
6268,6263,6281,-1,
6281,6263,6152,-1,
6257,6281,6152,-1,
6260,6152,6263,-1,
6254,6152,6260,-1,
6212,6257,5918,-1,
6199,6205,6098,-1,
6249,6152,6254,-1,
6212,6131,6269,-1,
6191,6199,6098,-1,
6185,6191,6098,-1,
6177,6185,6098,-1,
6131,6212,5962,-1,
6168,6177,6098,-1,
6162,6168,6098,-1,
6152,6249,6150,-1,
6154,6162,6098,-1,
6150,6198,6121,-1,
6175,6121,6198,-1,
6121,6175,6087,-1,
6161,6087,6175,-1,
6087,6161,6065,-1,
6140,6065,6161,-1,
6065,6140,6035,-1,
6130,6035,6140,-1,
6035,6130,6004,-1,
6117,6004,6130,-1,
6004,6117,5988,-1,
5988,6117,6029,-1,
6109,6029,6117,-1,
6095,6029,6109,-1,
5972,5988,6029,-1,
8845,8841,8890,-1,
8841,8837,8855,-1,
8830,8849,8808,-1,
8837,8827,8855,-1,
8827,8822,8855,-1,
8822,8820,8855,-1,
8814,8830,8802,-1,
8820,8811,8855,-1,
8811,8808,8849,-1,
8805,8814,8795,-1,
8808,8802,8830,-1,
8798,8805,8792,-1,
8802,8795,8814,-1,
8795,8792,8805,-1,
8789,8798,8786,-1,
8792,8786,8798,-1,
8782,8789,8779,-1,
8786,8779,8789,-1,
8779,8776,8782,-1,
8782,8776,8773,-1,
8776,8769,8773,-1,
8773,8769,8766,-1,
8769,8762,8766,-1,
8762,8760,8766,-1,
8766,8760,8756,-1,
8760,8753,8756,-1,
8756,8753,8749,-1,
8753,8746,8749,-1,
8749,8746,8740,-1,
8743,8740,8746,-1,
8740,8743,8733,-1,
8733,8743,8726,-1,
8736,8726,8743,-1,
8730,8726,8736,-1,
8726,8730,8717,-1,
8725,8717,8730,-1,
8720,8717,8725,-1,
8720,8714,8717,-1,
8717,8714,8681,-1,
8711,8681,8714,-1,
8706,8681,8711,-1,
8681,8706,8687,-1,
8704,8687,8706,-1,
8717,8681,8177,-1,
8101,8137,8010,-1,
8681,8089,8177,-1,
8150,8177,8042,-1,
8150,8010,8137,-1,
8087,8101,7997,-1,
8056,8050,8177,-1,
8056,8089,8058,-1,
8060,8058,8089,-1,
8089,8056,8177,-1,
8050,8044,8177,-1,
8044,8042,8177,-1,
8039,8087,7973,-1,
8042,8024,8150,-1,
8024,8010,8150,-1,
8000,8039,7967,-1,
8010,7997,8101,-1,
7997,7973,8087,-1,
7970,8000,7943,-1,
7973,7967,8039,-1,
7967,7943,8000,-1,
7940,7970,7927,-1,
7943,7927,7970,-1,
7906,7940,7900,-1,
7927,7900,7940,-1,
7900,7879,7906,-1,
7906,7879,7876,-1,
7879,7839,7876,-1,
7876,7839,7827,-1,
7839,7811,7827,-1,
7827,7811,7793,-1,
7811,7780,7793,-1,
7780,7736,7793,-1,
7793,7736,7732,-1,
7736,7715,7732,-1,
7732,7715,7683,-1,
7715,7678,7683,-1,
7683,7678,7638,-1,
7653,7638,7678,-1,
7638,7653,7625,-1,
7628,7625,7653,-1,
7625,7628,7614,-1,
7614,7628,7607,-1,
7622,7607,7628,-1,
7619,7607,7622,-1,
7607,7619,7600,-1,
7610,7600,7619,-1,
7604,7600,7610,-1,
7600,7604,7566,-1,
7599,7566,7604,-1,
7594,7566,7599,-1,
7592,7566,7594,-1,
7566,7592,7571,-1,
7589,7571,7592,-1,
7600,7566,6387,-1,
6377,6383,6337,-1,
6383,6387,6367,-1,
6373,6387,6370,-1,
7566,6370,6387,-1,
8890,8898,8845,-1,
8894,8845,8898,-1,
8882,8890,8841,-1,
8878,8882,8841,-1,
8874,8878,8841,-1,
8865,8874,8841,-1,
8845,8894,8843,-1,
8855,8865,8841,-1,
8849,8855,8811,-1,
8843,8894,8860,-1,
8886,8860,8894,-1,
8843,8860,8839,-1,
8835,8839,8860,-1,
8053,8058,8060,-1,
1097,933,1099,-1,
933,877,764,-1,
794,776,877,-1,
776,764,877,-1,
1099,933,691,-1,
764,751,933,-1,
691,933,710,-1,
751,719,933,-1,
719,710,933,-1,
677,691,597,-1,
710,668,691,-1,
668,655,691,-1,
626,677,597,-1,
655,617,691,-1,
617,597,691,-1,
582,626,565,-1,
597,565,626,-1,
550,582,541,-1,
565,541,582,-1,
541,529,550,-1,
550,529,514,-1,
529,501,514,-1,
514,501,486,-1,
501,473,486,-1,
486,473,449,-1,
473,445,449,-1,
445,437,449,-1,
449,437,418,-1,
437,409,418,-1,
418,409,390,-1,
409,381,390,-1,
390,381,354,-1,
369,354,381,-1,
354,369,326,-1,
345,326,369,-1,
326,345,290,-1,
317,290,345,-1,
290,317,254,-1,
305,254,317,-1,
254,305,218,-1,
277,218,305,-1,
218,277,170,-1,
269,170,277,-1,
170,269,114,-1,
241,114,269,-1,
114,241,94,-1,
233,94,241,-1,
94,233,54,-1,
205,54,233,-1,
54,205,34,-1,
197,34,205,-1,
34,197,18,-1,
18,197,74,-1,
185,74,197,-1,
161,74,185,-1,
2,18,74,-1,
1101,935,1103,-1,
935,881,766,-1,
796,778,881,-1,
778,766,881,-1,
1103,935,693,-1,
766,753,935,-1,
693,935,712,-1,
753,721,935,-1,
721,712,935,-1,
681,693,599,-1,
712,670,693,-1,
670,657,693,-1,
630,681,599,-1,
657,619,693,-1,
619,599,693,-1,
586,630,567,-1,
599,567,630,-1,
554,586,543,-1,
567,543,586,-1,
543,531,554,-1,
554,531,518,-1,
531,503,518,-1,
518,503,490,-1,
503,475,490,-1,
490,475,456,-1,
475,452,456,-1,
452,439,456,-1,
456,439,422,-1,
439,411,422,-1,
422,411,394,-1,
411,383,394,-1,
394,383,358,-1,
371,358,383,-1,
358,371,330,-1,
347,330,371,-1,
330,347,294,-1,
319,294,347,-1,
294,319,258,-1,
307,258,319,-1,
258,307,222,-1,
279,222,307,-1,
222,279,174,-1,
271,174,279,-1,
174,271,118,-1,
243,118,271,-1,
118,243,98,-1,
235,98,243,-1,
98,235,58,-1,
207,58,235,-1,
58,207,38,-1,
199,38,207,-1,
38,199,22,-1,
22,199,78,-1,
187,78,199,-1,
163,78,187,-1,
6,22,78,-1,
1105,937,1107,-1,
937,885,768,-1,
798,780,885,-1,
780,768,885,-1,
1107,937,695,-1,
768,755,937,-1,
695,937,714,-1,
755,723,937,-1,
723,714,937,-1,
685,695,601,-1,
714,672,695,-1,
672,659,695,-1,
634,685,601,-1,
659,621,695,-1,
621,601,695,-1,
590,634,569,-1,
601,569,634,-1,
558,590,545,-1,
569,545,590,-1,
545,533,558,-1,
558,533,522,-1,
533,505,522,-1,
522,505,494,-1,
505,477,494,-1,
494,477,463,-1,
477,459,463,-1,
459,441,463,-1,
463,441,426,-1,
441,413,426,-1,
426,413,398,-1,
413,385,398,-1,
398,385,362,-1,
373,362,385,-1,
362,373,334,-1,
349,334,373,-1,
334,349,298,-1,
321,298,349,-1,
298,321,262,-1,
309,262,321,-1,
262,309,226,-1,
281,226,309,-1,
226,281,178,-1,
273,178,281,-1,
178,273,122,-1,
245,122,273,-1,
122,245,102,-1,
237,102,245,-1,
102,237,62,-1,
209,62,237,-1,
62,209,42,-1,
201,42,209,-1,
42,201,26,-1,
26,201,82,-1,
189,82,201,-1,
165,82,189,-1,
10,26,82,-1,
2178,2146,2180,-1,
2146,2092,1972,-1,
2007,1987,2092,-1,
1987,1972,2092,-1,
2180,2146,1911,-1,
1972,1962,2146,-1,
1962,1937,2146,-1,
1911,2146,1927,-1,
1937,1927,2146,-1,
1897,1911,1822,-1,
1927,1882,1911,-1,
1882,1872,1911,-1,
1852,1897,1822,-1,
1872,1837,1911,-1,
1837,1822,1911,-1,
1807,1852,1787,-1,
1822,1787,1852,-1,
1772,1807,1757,-1,
1787,1757,1807,-1,
1757,1742,1772,-1,
1772,1742,1727,-1,
1742,1707,1727,-1,
1727,1707,1692,-1,
1707,1672,1692,-1,
1692,1672,1651,-1,
1672,1647,1651,-1,
1647,1627,1651,-1,
1651,1627,1607,-1,
1627,1592,1607,-1,
1607,1592,1572,-1,
1592,1557,1572,-1,
1572,1557,1527,-1,
1542,1527,1557,-1,
1527,1542,1492,-1,
1512,1492,1542,-1,
1492,1512,1447,-1,
1477,1447,1512,-1,
1447,1477,1402,-1,
1402,1477,1386,-1,
1462,1386,1477,-1,
1427,1386,1462,-1,
1417,1386,1427,-1,
1417,1372,1386,-1,
1386,1372,1151,-1,
1362,1151,1372,-1,
1337,1151,1362,-1,
1327,1151,1337,-1,
1292,1207,1312,-1,
1151,1327,1207,-1,
1312,1207,1327,-1,
1386,1151,1119,-1,
1117,1119,1151,-1,
3523,3489,3525,-1,
3489,3437,3315,-1,
3350,3330,3437,-1,
3330,3315,3437,-1,
3525,3489,3254,-1,
3315,3305,3489,-1,
3305,3280,3489,-1,
3254,3489,3270,-1,
3280,3270,3489,-1,
3242,3254,3165,-1,
3270,3225,3254,-1,
3225,3215,3254,-1,
3197,3242,3165,-1,
3215,3180,3254,-1,
3180,3165,3254,-1,
3152,3197,3130,-1,
3165,3130,3197,-1,
3117,3152,3100,-1,
3130,3100,3152,-1,
3100,3085,3117,-1,
3117,3085,3072,-1,
3085,3050,3072,-1,
3072,3050,3037,-1,
3050,3015,3037,-1,
3037,3015,2999,-1,
3015,2995,2999,-1,
2995,2970,2999,-1,
2999,2970,2952,-1,
2970,2935,2952,-1,
2952,2935,2917,-1,
2935,2900,2917,-1,
2917,2900,2872,-1,
2885,2872,2900,-1,
2872,2885,2837,-1,
2855,2837,2885,-1,
2837,2855,2792,-1,
2820,2792,2855,-1,
2792,2820,2747,-1,
2747,2820,2727,-1,
2805,2727,2820,-1,
2770,2727,2805,-1,
2760,2727,2770,-1,
2760,2715,2727,-1,
2727,2715,2494,-1,
2705,2494,2715,-1,
2680,2494,2705,-1,
2670,2494,2680,-1,
2635,2552,2655,-1,
2494,2670,2552,-1,
2655,2552,2670,-1,
2727,2494,2322,-1,
2462,2460,2184,-1,
2184,2460,2320,-1,
2444,2320,2460,-1,
2436,2320,2444,-1,
2428,2320,2436,-1,
2420,2320,2428,-1,
2412,2320,2420,-1,
2404,2320,2412,-1,
2396,2320,2404,-1,
2388,2320,2396,-1,
2380,2320,2388,-1,
2372,2320,2380,-1,
2364,2320,2372,-1,
2356,2320,2364,-1,
2348,2320,2356,-1,
2462,2322,2494,-1,
2322,2462,2186,-1,
2340,2320,2348,-1,
2308,2322,2186,-1,
2300,2308,2186,-1,
2292,2300,2186,-1,
2284,2292,2186,-1,
2276,2284,2186,-1,
2268,2276,2186,-1,
2260,2268,2186,-1,
2252,2260,2186,-1,
2244,2252,2186,-1,
2236,2244,2186,-1,
2228,2236,2186,-1,
2220,2228,2186,-1,
2212,2220,2186,-1,
2204,2212,2186,-1,
2196,2204,2186,-1,
2184,2186,2462,-1,
2332,2320,2340,-1,
2320,2148,2184,-1,
2148,2096,1974,-1,
2009,1989,2096,-1,
1989,1974,2096,-1,
2184,2148,1913,-1,
1974,1964,2148,-1,
1964,1939,2148,-1,
1913,2148,1929,-1,
1939,1929,2148,-1,
1901,1913,1824,-1,
1929,1884,1913,-1,
1884,1874,1913,-1,
1856,1901,1824,-1,
1874,1839,1913,-1,
1839,1824,1913,-1,
1811,1856,1789,-1,
1824,1789,1856,-1,
1776,1811,1759,-1,
1789,1759,1811,-1,
1759,1744,1776,-1,
1776,1744,1731,-1,
1744,1709,1731,-1,
1731,1709,1696,-1,
1709,1674,1696,-1,
1696,1674,1658,-1,
1674,1654,1658,-1,
1654,1629,1658,-1,
1658,1629,1611,-1,
1629,1594,1611,-1,
1611,1594,1576,-1,
1594,1559,1576,-1,
1576,1559,1531,-1,
1544,1531,1559,-1,
1531,1544,1496,-1,
1514,1496,1544,-1,
1496,1514,1451,-1,
1479,1451,1514,-1,
1451,1479,1406,-1,
1406,1479,1388,-1,
1464,1388,1479,-1,
1429,1388,1464,-1,
1419,1388,1429,-1,
1419,1374,1388,-1,
1388,1374,1153,-1,
1364,1153,1374,-1,
1339,1153,1364,-1,
1329,1153,1339,-1,
1294,1211,1314,-1,
1153,1329,1211,-1,
1314,1211,1329,-1,
1388,1153,1123,-1,
1121,1123,1153,-1,
4864,4830,4866,-1,
4830,4778,4656,-1,
4691,4671,4778,-1,
4671,4656,4778,-1,
4866,4830,4595,-1,
4656,4646,4830,-1,
4646,4621,4830,-1,
4595,4830,4611,-1,
4621,4611,4830,-1,
4583,4595,4506,-1,
4611,4566,4595,-1,
4566,4556,4595,-1,
4538,4583,4506,-1,
4556,4521,4595,-1,
4521,4506,4595,-1,
4493,4538,4471,-1,
4506,4471,4538,-1,
4458,4493,4441,-1,
4471,4441,4493,-1,
4441,4426,4458,-1,
4458,4426,4413,-1,
4426,4391,4413,-1,
4413,4391,4378,-1,
4391,4356,4378,-1,
4378,4356,4340,-1,
4356,4336,4340,-1,
4336,4311,4340,-1,
4340,4311,4293,-1,
4311,4276,4293,-1,
4293,4276,4258,-1,
4276,4241,4258,-1,
4258,4241,4213,-1,
4226,4213,4241,-1,
4213,4226,4178,-1,
4196,4178,4226,-1,
4178,4196,4133,-1,
4161,4133,4196,-1,
4133,4161,4088,-1,
4088,4161,4068,-1,
4146,4068,4161,-1,
4111,4068,4146,-1,
4101,4068,4111,-1,
4101,4056,4068,-1,
4068,4056,3835,-1,
4046,3835,4056,-1,
4021,3835,4046,-1,
4011,3835,4021,-1,
3976,3893,3996,-1,
3835,4011,3893,-1,
3996,3893,4011,-1,
4068,3835,3663,-1,
3803,3801,3523,-1,
3523,3801,3521,-1,
3799,3521,3801,-1,
3797,3521,3799,-1,
3521,3797,3661,-1,
3785,3661,3797,-1,
3777,3661,3785,-1,
3769,3661,3777,-1,
3761,3661,3769,-1,
3753,3661,3761,-1,
3745,3661,3753,-1,
3737,3661,3745,-1,
3729,3661,3737,-1,
3713,3661,3721,-1,
3705,3661,3713,-1,
3697,3661,3705,-1,
3689,3661,3697,-1,
3803,3663,3835,-1,
3663,3803,3527,-1,
3721,3661,3729,-1,
3649,3663,3527,-1,
3641,3649,3527,-1,
3633,3641,3527,-1,
3625,3633,3527,-1,
3617,3625,3527,-1,
3609,3617,3527,-1,
3601,3609,3527,-1,
3593,3601,3527,-1,
3585,3593,3527,-1,
3577,3585,3527,-1,
3569,3577,3527,-1,
3561,3569,3527,-1,
3553,3561,3527,-1,
3545,3553,3527,-1,
3537,3545,3527,-1,
3525,3527,3803,-1,
3523,3525,3803,-1,
3681,3661,3689,-1,
3673,3661,3681,-1,
3661,3487,3521,-1,
3487,3433,3313,-1,
3348,3328,3433,-1,
3328,3313,3433,-1,
3521,3487,3252,-1,
3313,3303,3487,-1,
3303,3278,3487,-1,
3252,3487,3268,-1,
3278,3268,3487,-1,
3238,3252,3163,-1,
3268,3223,3252,-1,
3223,3213,3252,-1,
3193,3238,3163,-1,
3213,3178,3252,-1,
3178,3163,3252,-1,
3148,3193,3128,-1,
3163,3128,3193,-1,
3113,3148,3098,-1,
3128,3098,3148,-1,
3098,3083,3113,-1,
3113,3083,3068,-1,
3083,3048,3068,-1,
3068,3048,3033,-1,
3048,3013,3033,-1,
3033,3013,2992,-1,
3013,2988,2992,-1,
2988,2968,2992,-1,
2992,2968,2948,-1,
2968,2933,2948,-1,
2948,2933,2913,-1,
2933,2898,2913,-1,
2913,2898,2868,-1,
2883,2868,2898,-1,
2868,2883,2833,-1,
2853,2833,2883,-1,
2833,2853,2788,-1,
2818,2788,2853,-1,
2788,2818,2743,-1,
2743,2818,2725,-1,
2803,2725,2818,-1,
2768,2725,2803,-1,
2758,2725,2768,-1,
2758,2713,2725,-1,
2725,2713,2492,-1,
2703,2492,2713,-1,
2678,2492,2703,-1,
2668,2492,2678,-1,
2633,2548,2653,-1,
2492,2668,2548,-1,
2653,2548,2668,-1,
2725,2492,2318,-1,
2458,2456,2178,-1,
2178,2456,2176,-1,
2454,2176,2456,-1,
2452,2176,2454,-1,
2176,2452,2316,-1,
2442,2316,2452,-1,
2434,2316,2442,-1,
2426,2316,2434,-1,
2418,2316,2426,-1,
2410,2316,2418,-1,
2402,2316,2410,-1,
2394,2316,2402,-1,
2386,2316,2394,-1,
2370,2316,2378,-1,
2362,2316,2370,-1,
2354,2316,2362,-1,
2346,2316,2354,-1,
2458,2318,2492,-1,
2318,2458,2182,-1,
2378,2316,2386,-1,
2306,2318,2182,-1,
2298,2306,2182,-1,
2290,2298,2182,-1,
2282,2290,2182,-1,
2274,2282,2182,-1,
2266,2274,2182,-1,
2258,2266,2182,-1,
2250,2258,2182,-1,
2242,2250,2182,-1,
2234,2242,2182,-1,
2226,2234,2182,-1,
2218,2226,2182,-1,
2210,2218,2182,-1,
2202,2210,2182,-1,
2194,2202,2182,-1,
2180,2182,2458,-1,
2178,2180,2458,-1,
2338,2316,2346,-1,
2330,2316,2338,-1,
2316,2144,2176,-1,
2144,2088,1970,-1,
2005,1985,2088,-1,
1985,1970,2088,-1,
2176,2144,1909,-1,
1970,1960,2144,-1,
1960,1935,2144,-1,
1909,2144,1925,-1,
1935,1925,2144,-1,
1893,1909,1820,-1,
1925,1880,1909,-1,
1880,1870,1909,-1,
1848,1893,1820,-1,
1870,1835,1909,-1,
1835,1820,1909,-1,
1803,1848,1785,-1,
1820,1785,1848,-1,
1768,1803,1755,-1,
1785,1755,1803,-1,
1755,1740,1768,-1,
1768,1740,1723,-1,
1740,1705,1723,-1,
1723,1705,1688,-1,
1705,1670,1688,-1,
1688,1670,1644,-1,
1670,1640,1644,-1,
1640,1625,1644,-1,
1644,1625,1603,-1,
1625,1590,1603,-1,
1603,1590,1568,-1,
1590,1555,1568,-1,
1568,1555,1523,-1,
1540,1523,1555,-1,
1523,1540,1488,-1,
1510,1488,1540,-1,
1488,1510,1443,-1,
1475,1443,1510,-1,
1443,1475,1398,-1,
1398,1475,1384,-1,
1460,1384,1475,-1,
1425,1384,1460,-1,
1415,1384,1425,-1,
1415,1370,1384,-1,
1384,1370,1149,-1,
1360,1149,1370,-1,
1335,1149,1360,-1,
1325,1149,1335,-1,
1290,1203,1310,-1,
1149,1325,1203,-1,
1310,1203,1325,-1,
1384,1149,1115,-1,
1113,1115,1149,-1,
5068,5066,4856,-1,
5064,4856,5066,-1,
5056,5068,4932,-1,
4856,5064,4854,-1,
5048,5056,4932,-1,
5062,4854,5064,-1,
5040,5048,4932,-1,
4854,5062,4930,-1,
5032,5040,4932,-1,
5054,4930,5062,-1,
5024,5032,4932,-1,
5046,4930,5054,-1,
5016,5024,4932,-1,
5038,4930,5046,-1,
5008,5016,4932,-1,
5030,4930,5038,-1,
5000,5008,4932,-1,
5022,4930,5030,-1,
4992,5000,4932,-1,
5014,4930,5022,-1,
4984,4992,4932,-1,
5006,4930,5014,-1,
4976,4984,4932,-1,
4998,4930,5006,-1,
4968,4976,4932,-1,
4990,4930,4998,-1,
4960,4968,4932,-1,
4982,4930,4990,-1,
4952,4960,4932,-1,
4974,4930,4982,-1,
4944,4952,4932,-1,
4966,4930,4974,-1,
4856,4932,5068,-1,
4958,4930,4966,-1,
4950,4930,4958,-1,
4856,4826,4932,-1,
4826,4770,4652,-1,
4687,4667,4770,-1,
4667,4652,4770,-1,
4932,4826,4591,-1,
4652,4642,4826,-1,
4591,4826,4607,-1,
4642,4617,4826,-1,
4617,4607,4826,-1,
4575,4591,4502,-1,
4607,4562,4591,-1,
4562,4552,4591,-1,
4530,4575,4502,-1,
4552,4517,4591,-1,
4517,4502,4591,-1,
4485,4530,4467,-1,
4502,4467,4530,-1,
4450,4485,4437,-1,
4467,4437,4485,-1,
4437,4422,4450,-1,
4450,4422,4405,-1,
4422,4387,4405,-1,
4405,4387,4370,-1,
4387,4352,4370,-1,
4370,4352,4326,-1,
4352,4322,4326,-1,
4322,4307,4326,-1,
4326,4307,4285,-1,
4307,4272,4285,-1,
4285,4272,4250,-1,
4272,4237,4250,-1,
4250,4237,4205,-1,
4222,4205,4237,-1,
4205,4222,4170,-1,
4192,4170,4222,-1,
4170,4192,4125,-1,
4157,4125,4192,-1,
4125,4157,4080,-1,
4080,4157,4064,-1,
4142,4064,4157,-1,
4107,4064,4142,-1,
4097,4064,4107,-1,
4097,4052,4064,-1,
4064,4052,3831,-1,
4042,3831,4052,-1,
4017,3831,4042,-1,
4007,3831,4017,-1,
3972,3885,3992,-1,
3831,4007,3885,-1,
3992,3885,4007,-1,
4064,3831,3659,-1,
3795,3793,3517,-1,
3517,3793,3657,-1,
3783,3657,3793,-1,
3775,3657,3783,-1,
3767,3657,3775,-1,
3759,3657,3767,-1,
3751,3657,3759,-1,
3743,3657,3751,-1,
3735,3657,3743,-1,
3727,3657,3735,-1,
3719,3657,3727,-1,
3711,3657,3719,-1,
3703,3657,3711,-1,
3695,3657,3703,-1,
3687,3657,3695,-1,
3795,3659,3831,-1,
3659,3795,3519,-1,
3679,3657,3687,-1,
3647,3659,3519,-1,
3639,3647,3519,-1,
3631,3639,3519,-1,
3623,3631,3519,-1,
3615,3623,3519,-1,
3607,3615,3519,-1,
3599,3607,3519,-1,
3591,3599,3519,-1,
3583,3591,3519,-1,
3575,3583,3519,-1,
3567,3575,3519,-1,
3559,3567,3519,-1,
3551,3559,3519,-1,
3543,3551,3519,-1,
3535,3543,3519,-1,
3517,3519,3795,-1,
3671,3657,3679,-1,
3657,3485,3517,-1,
3485,3429,3311,-1,
3346,3326,3429,-1,
3326,3311,3429,-1,
3517,3485,3250,-1,
3311,3301,3485,-1,
3301,3276,3485,-1,
3250,3485,3266,-1,
3276,3266,3485,-1,
3234,3250,3161,-1,
3266,3221,3250,-1,
3221,3211,3250,-1,
3189,3234,3161,-1,
3211,3176,3250,-1,
3176,3161,3250,-1,
3144,3189,3126,-1,
3161,3126,3189,-1,
3109,3144,3096,-1,
3126,3096,3144,-1,
3096,3081,3109,-1,
3109,3081,3064,-1,
3081,3046,3064,-1,
3064,3046,3029,-1,
3046,3011,3029,-1,
3029,3011,2985,-1,
3011,2981,2985,-1,
2981,2966,2985,-1,
2985,2966,2944,-1,
2966,2931,2944,-1,
2944,2931,2909,-1,
2931,2896,2909,-1,
2909,2896,2864,-1,
2881,2864,2896,-1,
2864,2881,2829,-1,
2851,2829,2881,-1,
2829,2851,2784,-1,
2816,2784,2851,-1,
2784,2816,2739,-1,
2739,2816,2723,-1,
2801,2723,2816,-1,
2766,2723,2801,-1,
2756,2723,2766,-1,
2756,2711,2723,-1,
2723,2711,2490,-1,
2701,2490,2711,-1,
2676,2490,2701,-1,
2666,2490,2676,-1,
2631,2544,2651,-1,
2490,2666,2544,-1,
2651,2544,2666,-1,
2723,2490,2456,-1,
2454,2456,2490,-1,
4866,5074,4864,-1,
4864,5074,4862,-1,
4872,4862,5074,-1,
4870,4858,4934,-1,
4942,4930,4950,-1,
4930,4824,4854,-1,
4824,4766,4650,-1,
4685,4665,4766,-1,
4665,4650,4766,-1,
4854,4824,4589,-1,
4650,4640,4824,-1,
4640,4615,4824,-1,
4589,4824,4605,-1,
4615,4605,4824,-1,
4571,4589,4500,-1,
4605,4560,4589,-1,
4560,4550,4589,-1,
4526,4571,4500,-1,
4550,4515,4589,-1,
4515,4500,4589,-1,
4481,4526,4465,-1,
4500,4465,4526,-1,
4446,4481,4435,-1,
4465,4435,4481,-1,
4435,4420,4446,-1,
4446,4420,4401,-1,
4420,4385,4401,-1,
4401,4385,4366,-1,
4385,4350,4366,-1,
4366,4350,4319,-1,
4350,4315,4319,-1,
4315,4305,4319,-1,
4319,4305,4281,-1,
4305,4270,4281,-1,
4281,4270,4246,-1,
4270,4235,4246,-1,
4246,4235,4201,-1,
4220,4201,4235,-1,
4201,4220,4166,-1,
4190,4166,4220,-1,
4166,4190,4121,-1,
4155,4121,4190,-1,
4121,4155,4076,-1,
4076,4155,4072,-1,
4140,4072,4155,-1,
4105,4072,4140,-1,
4095,4072,4105,-1,
4095,4050,4072,-1,
4072,4050,3829,-1,
4040,3829,4050,-1,
4015,3829,4040,-1,
4005,3829,4015,-1,
3970,3881,3990,-1,
3829,4005,3881,-1,
3990,3881,4005,-1,
4072,3829,3655,-1,
3791,3789,3513,-1,
3513,3789,3653,-1,
3781,3653,3789,-1,
3773,3653,3781,-1,
3765,3653,3773,-1,
3757,3653,3765,-1,
3749,3653,3757,-1,
3741,3653,3749,-1,
3733,3653,3741,-1,
3725,3653,3733,-1,
3717,3653,3725,-1,
3709,3653,3717,-1,
3701,3653,3709,-1,
3693,3653,3701,-1,
3685,3653,3693,-1,
3791,3655,3829,-1,
3655,3791,3515,-1,
3677,3653,3685,-1,
3645,3655,3515,-1,
3637,3645,3515,-1,
3629,3637,3515,-1,
3621,3629,3515,-1,
3613,3621,3515,-1,
3605,3613,3515,-1,
3597,3605,3515,-1,
3589,3597,3515,-1,
3581,3589,3515,-1,
3573,3581,3515,-1,
3565,3573,3515,-1,
3557,3565,3515,-1,
3549,3557,3515,-1,
3541,3549,3515,-1,
3533,3541,3515,-1,
3513,3515,3791,-1,
3669,3653,3677,-1,
3653,3483,3513,-1,
3483,3425,3309,-1,
3344,3324,3425,-1,
3324,3309,3425,-1,
3513,3483,3248,-1,
3309,3299,3483,-1,
3299,3274,3483,-1,
3248,3483,3264,-1,
3274,3264,3483,-1,
3230,3248,3159,-1,
3264,3219,3248,-1,
3219,3209,3248,-1,
3185,3230,3159,-1,
3209,3174,3248,-1,
3174,3159,3248,-1,
3140,3185,3124,-1,
3159,3124,3185,-1,
3105,3140,3094,-1,
3124,3094,3140,-1,
3094,3079,3105,-1,
3105,3079,3060,-1,
3079,3044,3060,-1,
3060,3044,3025,-1,
3044,3009,3025,-1,
3025,3009,2978,-1,
3009,2974,2978,-1,
2974,2964,2978,-1,
2978,2964,2940,-1,
2964,2929,2940,-1,
2940,2929,2905,-1,
2929,2894,2905,-1,
2905,2894,2860,-1,
2879,2860,2894,-1,
2860,2879,2825,-1,
2849,2825,2879,-1,
2825,2849,2780,-1,
2814,2780,2849,-1,
2780,2814,2735,-1,
2735,2814,2731,-1,
2799,2731,2814,-1,
2764,2731,2799,-1,
2754,2731,2764,-1,
2754,2709,2731,-1,
2731,2709,2488,-1,
2699,2488,2709,-1,
2674,2488,2699,-1,
2664,2488,2674,-1,
2629,2540,2649,-1,
2488,2664,2540,-1,
2649,2540,2664,-1,
2731,2488,2314,-1,
2450,2448,2172,-1,
2172,2448,2312,-1,
2440,2312,2448,-1,
2432,2312,2440,-1,
2424,2312,2432,-1,
2416,2312,2424,-1,
2408,2312,2416,-1,
2400,2312,2408,-1,
2392,2312,2400,-1,
2384,2312,2392,-1,
2376,2312,2384,-1,
2368,2312,2376,-1,
2360,2312,2368,-1,
2352,2312,2360,-1,
2344,2312,2352,-1,
2450,2314,2488,-1,
2314,2450,2174,-1,
2336,2312,2344,-1,
2304,2314,2174,-1,
2296,2304,2174,-1,
2288,2296,2174,-1,
2280,2288,2174,-1,
2272,2280,2174,-1,
2264,2272,2174,-1,
2256,2264,2174,-1,
2248,2256,2174,-1,
2240,2248,2174,-1,
2232,2240,2174,-1,
2224,2232,2174,-1,
2216,2224,2174,-1,
2208,2216,2174,-1,
2200,2208,2174,-1,
2192,2200,2174,-1,
2172,2174,2450,-1,
2328,2312,2336,-1,
2312,2142,2172,-1,
2142,2084,1968,-1,
2003,1983,2084,-1,
1983,1968,2084,-1,
2172,2142,1907,-1,
1968,1958,2142,-1,
1958,1933,2142,-1,
1907,2142,1923,-1,
1933,1923,2142,-1,
1889,1907,1818,-1,
1923,1878,1907,-1,
1878,1868,1907,-1,
1844,1889,1818,-1,
1868,1833,1907,-1,
1833,1818,1907,-1,
1799,1844,1783,-1,
1818,1783,1844,-1,
1764,1799,1753,-1,
1783,1753,1799,-1,
1753,1738,1764,-1,
1764,1738,1719,-1,
1738,1703,1719,-1,
1719,1703,1684,-1,
1703,1668,1684,-1,
1684,1668,1637,-1,
1668,1633,1637,-1,
1633,1623,1637,-1,
1637,1623,1599,-1,
1623,1588,1599,-1,
1599,1588,1564,-1,
1588,1553,1564,-1,
1564,1553,1519,-1,
1538,1519,1553,-1,
1519,1538,1484,-1,
1508,1484,1538,-1,
1484,1508,1439,-1,
1473,1439,1508,-1,
1439,1473,1394,-1,
1394,1473,1382,-1,
1458,1382,1473,-1,
1423,1382,1458,-1,
1413,1382,1423,-1,
1413,1368,1382,-1,
1382,1368,1147,-1,
1358,1147,1368,-1,
1333,1147,1358,-1,
1323,1147,1333,-1,
1288,1199,1308,-1,
1147,1323,1199,-1,
1308,1199,1323,-1,
1382,1147,1111,-1,
1103,1117,1101,-1,
1115,1101,1117,-1,
1101,1115,1099,-1,
1113,1099,1115,-1,
1099,1113,1097,-1,
1111,1097,1113,-1,
1097,1111,1095,-1,
1111,1147,1095,-1,
1147,1089,1095,-1,
1089,1079,1055,-1,
1062,1058,1079,-1,
1058,1055,1079,-1,
1095,1089,1042,-1,
1055,1053,1089,-1,
1053,1048,1089,-1,
1042,1089,1046,-1,
1048,1046,1089,-1,
1040,1042,1025,-1,
1046,1037,1042,-1,
1037,1035,1042,-1,
1031,1040,1025,-1,
1035,1028,1042,-1,
1028,1025,1042,-1,
1022,1031,1018,-1,
1025,1018,1031,-1,
1015,1022,1012,-1,
1018,1012,1022,-1,
1012,1009,1015,-1,
1015,1009,1006,-1,
1009,1002,1006,-1,
1006,1002,999,-1,
1002,995,999,-1,
999,995,992,-1,
995,988,992,-1,
988,986,992,-1,
992,986,982,-1,
986,979,982,-1,
982,979,975,-1,
979,972,975,-1,
975,972,966,-1,
969,966,972,-1,
966,969,943,-1,
963,943,969,-1,
943,963,910,-1,
932,910,963,-1,
910,932,857,-1,
913,857,932,-1,
857,913,828,-1,
874,828,913,-1,
828,874,748,-1,
860,748,874,-1,
748,860,706,-1,
837,706,860,-1,
706,837,665,-1,
831,665,837,-1,
665,831,643,-1,
784,643,831,-1,
643,784,614,-1,
762,614,784,-1,
614,762,606,-1,
606,762,652,-1,
759,652,762,-1,
745,652,759,-1,
578,606,652,-1,
4774,4828,4844,-1,
4778,4830,4848,-1,
4782,4832,4852,-1,
4766,4824,4836,-1,
4770,4826,4840,-1,
3815,3831,3885,-1,
3811,3829,3881,-1,
3827,3837,3897,-1,
3823,3835,3893,-1,
3819,3833,3889,-1,
5058,5072,4936,-1,
7256,7230,7258,-1,
7230,7188,7093,-1,
7122,7107,7188,-1,
7107,7093,7188,-1,
7258,7230,7036,-1,
7093,7085,7230,-1,
7085,7061,7230,-1,
7036,7230,7051,-1,
7061,7051,7230,-1,
7024,7036,6963,-1,
7051,7013,7036,-1,
7013,7005,7036,-1,
6988,7024,6963,-1,
7005,6977,7036,-1,
6977,6963,7036,-1,
6950,6988,6935,-1,
6963,6935,6988,-1,
6922,6950,6911,-1,
6935,6911,6950,-1,
6911,6899,6922,-1,
6922,6899,6886,-1,
6899,6871,6886,-1,
6886,6871,6858,-1,
6871,6843,6858,-1,
6858,6843,6824,-1,
6843,6820,6824,-1,
6820,6807,6824,-1,
6824,6807,6790,-1,
6807,6779,6790,-1,
6790,6779,6762,-1,
6779,6751,6762,-1,
6762,6751,6726,-1,
6739,6726,6751,-1,
6726,6739,6698,-1,
6715,6698,6739,-1,
6698,6715,6660,-1,
6687,6660,6715,-1,
6660,6687,6624,-1,
6624,6687,6612,-1,
6675,6612,6687,-1,
6645,6612,6675,-1,
6637,6612,6645,-1,
6637,6601,6612,-1,
6612,6601,6417,-1,
6593,6417,6601,-1,
6569,6417,6593,-1,
6561,6417,6569,-1,
6531,6459,6547,-1,
6417,6561,6459,-1,
6547,6459,6561,-1,
6612,6417,6236,-1,
6234,6236,6417,-1,
7262,7260,7252,-1,
7250,7252,7260,-1,
7264,7232,7266,-1,
7232,7192,7095,-1,
7124,7109,7192,-1,
7109,7095,7192,-1,
7266,7232,7038,-1,
7095,7087,7232,-1,
7087,7063,7232,-1,
7038,7232,7053,-1,
7063,7053,7232,-1,
7028,7038,6965,-1,
7053,7015,7038,-1,
7015,7007,7038,-1,
6992,7028,6965,-1,
7007,6979,7038,-1,
6979,6965,7038,-1,
6954,6992,6937,-1,
6965,6937,6992,-1,
6926,6954,6913,-1,
6937,6913,6954,-1,
6913,6901,6926,-1,
6926,6901,6890,-1,
6901,6873,6890,-1,
6890,6873,6862,-1,
6873,6845,6862,-1,
6862,6845,6831,-1,
6845,6827,6831,-1,
6827,6809,6831,-1,
6831,6809,6794,-1,
6809,6781,6794,-1,
6794,6781,6766,-1,
6781,6753,6766,-1,
6766,6753,6730,-1,
6741,6730,6753,-1,
6730,6741,6702,-1,
6717,6702,6741,-1,
6702,6717,6664,-1,
6689,6664,6717,-1,
6664,6689,6628,-1,
6628,6689,6614,-1,
6677,6614,6689,-1,
6647,6614,6677,-1,
6639,6614,6647,-1,
6639,6603,6614,-1,
6614,6603,6419,-1,
6595,6419,6603,-1,
6571,6419,6595,-1,
6563,6419,6571,-1,
6533,6463,6549,-1,
6419,6563,6463,-1,
6549,6463,6563,-1,
6614,6419,6240,-1,
6222,6242,6102,-1,
6216,6222,6102,-1,
6207,6216,6102,-1,
6201,6207,6102,-1,
6193,6201,6102,-1,
6187,6193,6102,-1,
6179,6187,6102,-1,
6170,6179,6102,-1,
6164,6170,6102,-1,
6156,6164,6102,-1,
6143,6156,6102,-1,
6135,6143,6102,-1,
6125,6135,6102,-1,
6112,6125,6102,-1,
5936,6102,6242,-1,
6419,6100,6240,-1,
6240,5936,6242,-1,
5936,6240,5934,-1,
6100,5934,6240,-1,
6081,5934,6100,-1,
6073,5934,6081,-1,
6059,5934,6073,-1,
6050,5934,6059,-1,
6040,5934,6050,-1,
6019,5934,6040,-1,
6008,5934,6019,-1,
5998,5934,6008,-1,
5992,5934,5998,-1,
5976,5934,5982,-1,
5966,5934,5976,-1,
5958,5934,5966,-1,
5952,5934,5958,-1,
5982,5934,5992,-1,
5936,5898,6102,-1,
5898,5856,5759,-1,
5787,5771,5856,-1,
5771,5759,5856,-1,
6102,5898,5710,-1,
5759,5751,5898,-1,
5710,5898,5723,-1,
5751,5731,5898,-1,
5731,5723,5898,-1,
5700,5710,5639,-1,
5723,5687,5710,-1,
5687,5679,5710,-1,
5664,5700,5639,-1,
5679,5651,5710,-1,
5651,5639,5710,-1,
5628,5664,5611,-1,
5639,5611,5664,-1,
5600,5628,5587,-1,
5611,5587,5628,-1,
5587,5575,5600,-1,
5600,5575,5564,-1,
5575,5547,5564,-1,
5564,5547,5536,-1,
5547,5519,5536,-1,
5536,5519,5505,-1,
5519,5501,5505,-1,
5501,5483,5505,-1,
5505,5483,5468,-1,
5483,5455,5468,-1,
5468,5455,5440,-1,
5455,5427,5440,-1,
5440,5427,5404,-1,
5415,5404,5427,-1,
5404,5415,5376,-1,
5391,5376,5415,-1,
5376,5391,5340,-1,
5363,5340,5391,-1,
5340,5363,5304,-1,
5304,5363,5290,-1,
5351,5290,5363,-1,
5323,5290,5351,-1,
5315,5290,5323,-1,
5315,5279,5290,-1,
5290,5279,5102,-1,
5271,5102,5279,-1,
5251,5102,5271,-1,
5243,5102,5251,-1,
5215,5148,5231,-1,
5102,5243,5148,-1,
5231,5148,5243,-1,
5290,5102,5074,-1,
5076,4868,5078,-1,
5044,5052,4940,-1,
5036,5044,4940,-1,
5028,5036,4940,-1,
5020,5028,4940,-1,
5012,5020,4940,-1,
5004,5012,4940,-1,
4996,5004,4940,-1,
4988,4996,4940,-1,
4980,4988,4940,-1,
4972,4980,4940,-1,
4964,4972,4940,-1,
4956,4964,4940,-1,
4948,4956,4940,-1,
4868,4940,5052,-1,
5102,4938,5074,-1,
4868,5076,4866,-1,
5076,5074,4866,-1,
4938,4872,5074,-1,
4928,4872,4938,-1,
4924,4872,4928,-1,
4920,4872,4924,-1,
4916,4872,4920,-1,
4912,4872,4916,-1,
4908,4872,4912,-1,
4900,4872,4904,-1,
4896,4872,4900,-1,
4892,4872,4896,-1,
4888,4872,4892,-1,
4884,4872,4888,-1,
4880,4872,4884,-1,
4876,4872,4880,-1,
4904,4872,4908,-1,
4868,4832,4940,-1,
4832,4782,4658,-1,
4693,4673,4782,-1,
4673,4658,4782,-1,
4940,4832,4597,-1,
4658,4648,4832,-1,
4597,4832,4613,-1,
4648,4623,4832,-1,
4623,4613,4832,-1,
4587,4597,4508,-1,
4613,4568,4597,-1,
4568,4558,4597,-1,
4542,4587,4508,-1,
4558,4523,4597,-1,
4523,4508,4597,-1,
4497,4542,4473,-1,
4508,4473,4542,-1,
4462,4497,4443,-1,
4473,4443,4497,-1,
4443,4428,4462,-1,
4462,4428,4417,-1,
4428,4393,4417,-1,
4417,4393,4382,-1,
4393,4358,4382,-1,
4382,4358,4347,-1,
4358,4343,4347,-1,
4343,4313,4347,-1,
4347,4313,4297,-1,
4313,4278,4297,-1,
4297,4278,4262,-1,
4278,4243,4262,-1,
4262,4243,4217,-1,
4228,4217,4243,-1,
4217,4228,4182,-1,
4198,4182,4228,-1,
4182,4198,4137,-1,
4163,4137,4198,-1,
4137,4163,4092,-1,
4092,4163,4070,-1,
4148,4070,4163,-1,
4113,4070,4148,-1,
4103,4070,4113,-1,
4103,4058,4070,-1,
4070,4058,3837,-1,
4048,3837,4058,-1,
4023,3837,4048,-1,
4013,3837,4023,-1,
3978,3897,3998,-1,
3837,4013,3897,-1,
3998,3897,4013,-1,
4070,3837,3667,-1,
3807,3805,3529,-1,
3529,3805,3665,-1,
3787,3665,3805,-1,
3779,3665,3787,-1,
3771,3665,3779,-1,
3763,3665,3771,-1,
3755,3665,3763,-1,
3747,3665,3755,-1,
3739,3665,3747,-1,
3731,3665,3739,-1,
3723,3665,3731,-1,
3715,3665,3723,-1,
3707,3665,3715,-1,
3699,3665,3707,-1,
3691,3665,3699,-1,
3807,3667,3837,-1,
3667,3807,3531,-1,
3683,3665,3691,-1,
3651,3667,3531,-1,
3643,3651,3531,-1,
3635,3643,3531,-1,
3627,3635,3531,-1,
3619,3627,3531,-1,
3611,3619,3531,-1,
3603,3611,3531,-1,
3595,3603,3531,-1,
3587,3595,3531,-1,
3579,3587,3531,-1,
3571,3579,3531,-1,
3563,3571,3531,-1,
3555,3563,3531,-1,
3547,3555,3531,-1,
3539,3547,3531,-1,
3529,3531,3807,-1,
3675,3665,3683,-1,
3665,3491,3529,-1,
3491,3441,3317,-1,
3352,3332,3441,-1,
3332,3317,3441,-1,
3529,3491,3256,-1,
3317,3307,3491,-1,
3307,3282,3491,-1,
3256,3491,3272,-1,
3282,3272,3491,-1,
3246,3256,3167,-1,
3272,3227,3256,-1,
3227,3217,3256,-1,
3201,3246,3167,-1,
3217,3182,3256,-1,
3182,3167,3256,-1,
3156,3201,3132,-1,
3167,3132,3201,-1,
3121,3156,3102,-1,
3132,3102,3156,-1,
3102,3087,3121,-1,
3121,3087,3076,-1,
3087,3052,3076,-1,
3076,3052,3041,-1,
3052,3017,3041,-1,
3041,3017,3006,-1,
3017,3002,3006,-1,
3002,2972,3006,-1,
3006,2972,2956,-1,
2972,2937,2956,-1,
2956,2937,2921,-1,
2937,2902,2921,-1,
2921,2902,2876,-1,
2887,2876,2902,-1,
2876,2887,2841,-1,
2857,2841,2887,-1,
2841,2857,2796,-1,
2822,2796,2857,-1,
2796,2822,2751,-1,
2751,2822,2729,-1,
2807,2729,2822,-1,
2772,2729,2807,-1,
2762,2729,2772,-1,
2762,2717,2729,-1,
2729,2717,2496,-1,
2707,2496,2717,-1,
2682,2496,2707,-1,
2672,2496,2682,-1,
2637,2556,2657,-1,
2496,2672,2556,-1,
2657,2556,2672,-1,
2729,2496,2326,-1,
2466,2464,2188,-1,
2188,2464,2324,-1,
2446,2324,2464,-1,
2438,2324,2446,-1,
2430,2324,2438,-1,
2422,2324,2430,-1,
2414,2324,2422,-1,
2406,2324,2414,-1,
2398,2324,2406,-1,
2390,2324,2398,-1,
2382,2324,2390,-1,
2374,2324,2382,-1,
2366,2324,2374,-1,
2358,2324,2366,-1,
2350,2324,2358,-1,
2466,2326,2496,-1,
2326,2466,2190,-1,
2342,2324,2350,-1,
2310,2326,2190,-1,
2302,2310,2190,-1,
2294,2302,2190,-1,
2286,2294,2190,-1,
2278,2286,2190,-1,
2270,2278,2190,-1,
2262,2270,2190,-1,
2254,2262,2190,-1,
2246,2254,2190,-1,
2238,2246,2190,-1,
2230,2238,2190,-1,
2222,2230,2190,-1,
2214,2222,2190,-1,
2206,2214,2190,-1,
2198,2206,2190,-1,
2188,2190,2466,-1,
2334,2324,2342,-1,
2324,2150,2188,-1,
2150,2100,1976,-1,
2011,1991,2100,-1,
1991,1976,2100,-1,
2188,2150,1915,-1,
1976,1966,2150,-1,
1966,1941,2150,-1,
1915,2150,1931,-1,
1941,1931,2150,-1,
1905,1915,1826,-1,
1931,1886,1915,-1,
1886,1876,1915,-1,
1860,1905,1826,-1,
1876,1841,1915,-1,
1841,1826,1915,-1,
1815,1860,1791,-1,
1826,1791,1860,-1,
1780,1815,1761,-1,
1791,1761,1815,-1,
1761,1746,1780,-1,
1780,1746,1735,-1,
1746,1711,1735,-1,
1735,1711,1700,-1,
1711,1676,1700,-1,
1700,1676,1665,-1,
1676,1661,1665,-1,
1661,1631,1665,-1,
1665,1631,1615,-1,
1631,1596,1615,-1,
1615,1596,1580,-1,
1596,1561,1580,-1,
1580,1561,1535,-1,
1546,1535,1561,-1,
1535,1546,1500,-1,
1516,1500,1546,-1,
1500,1516,1455,-1,
1481,1455,1516,-1,
1455,1481,1410,-1,
1410,1481,1390,-1,
1466,1390,1481,-1,
1431,1390,1466,-1,
1421,1390,1431,-1,
1421,1376,1390,-1,
1390,1376,1155,-1,
1366,1155,1376,-1,
1341,1155,1366,-1,
1331,1155,1341,-1,
1296,1215,1316,-1,
1155,1331,1215,-1,
1316,1215,1331,-1,
1155,1125,1390,-1,
1125,1123,1109,-1,
1109,1123,1107,-1,
1121,1107,1123,-1,
1107,1121,1105,-1,
1119,1105,1121,-1,
1105,1119,1103,-1,
1117,1103,1119,-1,
1125,1109,1390,-1,
1390,1109,697,-1,
939,889,770,-1,
800,782,889,-1,
782,770,889,-1,
770,757,939,-1,
939,697,1109,-1,
697,939,716,-1,
757,725,939,-1,
725,716,939,-1,
689,697,603,-1,
716,674,697,-1,
674,661,697,-1,
638,689,603,-1,
661,623,697,-1,
623,603,697,-1,
594,638,571,-1,
603,571,638,-1,
562,594,547,-1,
571,547,594,-1,
547,535,562,-1,
562,535,526,-1,
535,507,526,-1,
526,507,498,-1,
507,479,498,-1,
498,479,470,-1,
479,466,470,-1,
466,443,470,-1,
470,443,430,-1,
443,415,430,-1,
430,415,402,-1,
415,387,402,-1,
402,387,366,-1,
375,366,387,-1,
366,375,338,-1,
351,338,375,-1,
338,351,302,-1,
323,302,351,-1,
302,323,266,-1,
311,266,323,-1,
266,311,230,-1,
283,230,311,-1,
230,283,182,-1,
275,182,283,-1,
182,275,126,-1,
247,126,275,-1,
126,247,106,-1,
239,106,247,-1,
106,239,66,-1,
211,66,239,-1,
66,211,46,-1,
203,46,211,-1,
46,203,30,-1,
30,203,86,-1,
191,86,203,-1,
167,86,191,-1,
14,30,86,-1,
8521,8540,8383,-1,
8506,8521,8376,-1,
8383,8540,8489,-1,
8469,8506,8349,-1,
8452,8469,8343,-1,
8383,8376,8521,-1,
8403,8452,8315,-1,
8410,8392,8489,-1,
8392,8383,8489,-1,
8552,8489,8540,-1,
8360,8403,8306,-1,
8376,8349,8506,-1,
8349,8343,8469,-1,
8330,8360,8279,-1,
8343,8315,8452,-1,
8315,8306,8403,-1,
8296,8330,8267,-1,
8306,8279,8360,-1,
8279,8267,8330,-1,
8260,8296,8237,-1,
8267,8237,8296,-1,
8226,8260,8212,-1,
8237,8212,8260,-1,
8212,8186,8226,-1,
8226,8186,8173,-1,
8186,8146,8173,-1,
8173,8146,8130,-1,
8146,8108,8130,-1,
8130,8108,8083,-1,
8108,8079,8083,-1,
8079,8036,8083,-1,
8083,8036,8021,-1,
8036,8007,8021,-1,
8021,8007,7991,-1,
8007,7979,7991,-1,
7991,7979,7954,-1,
7962,7954,7979,-1,
7954,7962,7924,-1,
7937,7924,7962,-1,
7924,7937,7890,-1,
7913,7890,7937,-1,
7890,7913,7856,-1,
7856,7913,7844,-1,
7897,7844,7913,-1,
7870,7844,7897,-1,
7863,7844,7870,-1,
7863,7834,7844,-1,
7844,7834,7658,-1,
7823,7658,7834,-1,
7806,7658,7823,-1,
7800,7658,7806,-1,
7772,7712,7786,-1,
7658,7800,7712,-1,
7786,7712,7800,-1,
7658,7556,7844,-1,
7556,7554,7266,-1,
7552,7266,7554,-1,
7266,7552,7264,-1,
7550,7264,7552,-1,
7548,7262,7550,-1,
7262,7548,7260,-1,
7260,7546,7258,-1,
7544,7258,7546,-1,
7258,7544,7256,-1,
7268,7556,7266,-1,
7556,7268,7844,-1,
7844,7268,7040,-1,
7234,7196,7097,-1,
7126,7111,7196,-1,
7111,7097,7196,-1,
7097,7089,7234,-1,
7234,7040,7268,-1,
7040,7234,7055,-1,
7089,7065,7234,-1,
7065,7055,7234,-1,
7032,7040,6967,-1,
7055,7017,7040,-1,
7017,7009,7040,-1,
6996,7032,6967,-1,
7009,6981,7040,-1,
6981,6967,7040,-1,
6958,6996,6939,-1,
6967,6939,6996,-1,
6930,6958,6915,-1,
6939,6915,6958,-1,
6915,6903,6930,-1,
6930,6903,6894,-1,
6903,6875,6894,-1,
6894,6875,6866,-1,
6875,6847,6866,-1,
6866,6847,6838,-1,
6847,6834,6838,-1,
6834,6811,6838,-1,
6838,6811,6798,-1,
6811,6783,6798,-1,
6798,6783,6770,-1,
6783,6755,6770,-1,
6770,6755,6734,-1,
6743,6734,6755,-1,
6734,6743,6706,-1,
6719,6706,6743,-1,
6706,6719,6668,-1,
6691,6668,6719,-1,
6668,6691,6632,-1,
6632,6691,6616,-1,
6679,6616,6691,-1,
6649,6616,6679,-1,
6641,6616,6649,-1,
6641,6605,6616,-1,
6616,6605,6421,-1,
6597,6421,6605,-1,
6573,6421,6597,-1,
6565,6421,6573,-1,
6535,6467,6551,-1,
6421,6565,6467,-1,
6551,6467,6565,-1,
6616,6421,6244,-1,
6224,6230,6106,-1,
6218,6224,6106,-1,
6209,6218,6106,-1,
6203,6209,6106,-1,
6195,6203,6106,-1,
6189,6195,6106,-1,
6181,6189,6106,-1,
6172,6181,6106,-1,
6166,6172,6106,-1,
6158,6166,6106,-1,
6145,6158,6106,-1,
6137,6145,6106,-1,
6127,6137,6106,-1,
6114,6127,6106,-1,
5940,6106,6246,-1,
6421,6104,6244,-1,
6244,5940,6246,-1,
5940,6244,5938,-1,
6104,5938,6244,-1,
6083,5938,6104,-1,
6075,5938,6083,-1,
6061,5938,6075,-1,
6052,5938,6061,-1,
6042,5938,6052,-1,
6021,5938,6042,-1,
6010,5938,6021,-1,
6000,5938,6010,-1,
5994,5938,6000,-1,
5978,5938,5984,-1,
5968,5938,5978,-1,
5960,5938,5968,-1,
5954,5938,5960,-1,
5984,5938,5994,-1,
5940,5900,6106,-1,
5900,5860,5761,-1,
5789,5773,5860,-1,
5773,5761,5860,-1,
6106,5900,5712,-1,
5761,5753,5900,-1,
5712,5900,5725,-1,
5753,5733,5900,-1,
5733,5725,5900,-1,
5704,5712,5641,-1,
5725,5689,5712,-1,
5689,5681,5712,-1,
5668,5704,5641,-1,
5681,5653,5712,-1,
5653,5641,5712,-1,
5632,5668,5613,-1,
5641,5613,5668,-1,
5604,5632,5589,-1,
5613,5589,5632,-1,
5589,5577,5604,-1,
5604,5577,5568,-1,
5577,5549,5568,-1,
5568,5549,5540,-1,
5549,5521,5540,-1,
5540,5521,5512,-1,
5521,5508,5512,-1,
5508,5485,5512,-1,
5512,5485,5472,-1,
5485,5457,5472,-1,
5472,5457,5444,-1,
5457,5429,5444,-1,
5444,5429,5408,-1,
5417,5408,5429,-1,
5408,5417,5380,-1,
5393,5380,5417,-1,
5380,5393,5344,-1,
5365,5344,5393,-1,
5344,5365,5308,-1,
5308,5365,5292,-1,
5353,5292,5365,-1,
5325,5292,5353,-1,
5317,5292,5325,-1,
5317,5281,5292,-1,
5292,5281,5104,-1,
5273,5104,5281,-1,
5253,5104,5273,-1,
5245,5104,5253,-1,
5217,5152,5233,-1,
5104,5245,5152,-1,
5233,5152,5245,-1,
5292,5104,5078,-1,
5076,5078,5104,-1,
7650,7658,7712,-1,
8517,8536,8381,-1,
8502,8517,8374,-1,
8381,8536,8485,-1,
8465,8502,8347,-1,
8448,8465,8341,-1,
8381,8374,8517,-1,
8399,8448,8313,-1,
8408,8390,8485,-1,
8390,8381,8485,-1,
8548,8485,8536,-1,
8356,8399,8304,-1,
8374,8347,8502,-1,
8347,8341,8465,-1,
8326,8356,8277,-1,
8341,8313,8448,-1,
8313,8304,8399,-1,
8292,8326,8265,-1,
8304,8277,8356,-1,
8277,8265,8326,-1,
8256,8292,8235,-1,
8265,8235,8292,-1,
8222,8256,8210,-1,
8235,8210,8256,-1,
8210,8184,8222,-1,
8222,8184,8169,-1,
8184,8144,8169,-1,
8169,8144,8126,-1,
8144,8106,8126,-1,
8126,8106,8076,-1,
8106,8072,8076,-1,
8072,8034,8076,-1,
8076,8034,8017,-1,
8034,8005,8017,-1,
8017,8005,7987,-1,
8005,7977,7987,-1,
7987,7977,7950,-1,
7960,7950,7977,-1,
7950,7960,7920,-1,
7935,7920,7960,-1,
7920,7935,7886,-1,
7911,7886,7935,-1,
7886,7911,7852,-1,
7852,7911,7842,-1,
7895,7842,7911,-1,
7868,7842,7895,-1,
7861,7842,7868,-1,
7861,7832,7842,-1,
7842,7832,7656,-1,
7821,7656,7832,-1,
7804,7656,7821,-1,
7798,7656,7804,-1,
7770,7708,7784,-1,
7656,7798,7708,-1,
7784,7708,7798,-1,
7842,7656,7554,-1,
7552,7554,7656,-1,
7646,7656,7708,-1,
7560,7558,7550,-1,
7548,7550,7558,-1,
8513,8532,8379,-1,
8498,8513,8372,-1,
8379,8532,8481,-1,
8461,8498,8345,-1,
8444,8461,8339,-1,
8379,8372,8513,-1,
8395,8444,8311,-1,
8406,8388,8481,-1,
8388,8379,8481,-1,
8544,8481,8532,-1,
8352,8395,8302,-1,
8372,8345,8498,-1,
8345,8339,8461,-1,
8322,8352,8275,-1,
8339,8311,8444,-1,
8311,8302,8395,-1,
8288,8322,8263,-1,
8302,8275,8352,-1,
8275,8263,8322,-1,
8252,8288,8233,-1,
8263,8233,8288,-1,
8218,8252,8208,-1,
8233,8208,8252,-1,
8208,8182,8218,-1,
8218,8182,8165,-1,
8182,8142,8165,-1,
8165,8142,8122,-1,
8142,8104,8122,-1,
8122,8104,8069,-1,
8104,8065,8069,-1,
8065,8032,8069,-1,
8069,8032,8013,-1,
8032,8003,8013,-1,
8013,8003,7983,-1,
8003,7975,7983,-1,
7983,7975,7946,-1,
7958,7946,7975,-1,
7946,7958,7916,-1,
7933,7916,7958,-1,
7916,7933,7882,-1,
7909,7882,7933,-1,
7882,7909,7848,-1,
7848,7909,7840,-1,
7893,7840,7909,-1,
7866,7840,7893,-1,
7859,7840,7866,-1,
7859,7830,7840,-1,
7840,7830,7654,-1,
7819,7654,7830,-1,
7802,7654,7819,-1,
7796,7654,7802,-1,
7768,7704,7782,-1,
7654,7796,7704,-1,
7782,7704,7796,-1,
7840,7654,7546,-1,
7544,7546,7654,-1,
7642,7654,7704,-1,
8639,8637,8667,-1,
8637,8632,8649,-1,
8632,8627,8649,-1,
8627,8623,8649,-1,
8620,8643,8596,-1,
8623,8612,8649,-1,
8612,8606,8649,-1,
8602,8620,8590,-1,
8606,8599,8649,-1,
8599,8596,8643,-1,
8593,8602,8585,-1,
8596,8590,8620,-1,
8590,8585,8602,-1,
8582,8593,8578,-1,
8585,8578,8593,-1,
8575,8582,8572,-1,
8578,8572,8582,-1,
8572,8569,8575,-1,
8575,8569,8566,-1,
8569,8562,8566,-1,
8566,8562,8559,-1,
8562,8555,8559,-1,
8559,8555,8528,-1,
8555,8524,8528,-1,
8524,8492,8528,-1,
8528,8492,8476,-1,
8492,8455,8476,-1,
8476,8455,8433,-1,
8455,8430,8433,-1,
8433,8430,8367,-1,
8370,8367,8430,-1,
8367,8370,8318,-1,
8336,8318,8370,-1,
8318,8336,8282,-1,
8309,8282,8336,-1,
8282,8309,8248,-1,
8248,8309,8241,-1,
8285,8241,8309,-1,
8269,8241,8285,-1,
8245,8241,8269,-1,
8245,8231,8241,-1,
8241,8231,8095,-1,
8214,8095,8231,-1,
8095,8214,8097,-1,
8097,8197,8113,-1,
8192,8113,8197,-1,
8197,8097,8214,-1,
7716,8241,7616,-1,
7700,7716,7616,-1,
7685,7700,7616,-1,
7679,7685,7616,-1,
7669,7679,7616,-1,
7661,7669,7616,-1,
7634,7661,7616,-1,
7632,7634,7616,-1,
7630,7632,7616,-1,
8095,7616,8241,-1,
7630,7616,7536,-1,
7264,7550,7262,-1,
7546,7260,7548,-1,
7256,7544,7254,-1,
7542,7254,7544,-1,
7254,7542,7536,-1,
7540,7536,7542,-1,
7538,7536,7540,-1,
7139,7254,7137,-1,
7536,7137,7254,-1,
7616,7137,7536,-1,
9066,9062,9111,-1,
9062,9058,9076,-1,
9051,9070,9029,-1,
9058,9048,9076,-1,
9048,9043,9076,-1,
9043,9041,9076,-1,
9035,9051,9023,-1,
9041,9032,9076,-1,
9032,9029,9070,-1,
9026,9035,9016,-1,
9029,9023,9051,-1,
9019,9026,9013,-1,
9023,9016,9035,-1,
9016,9013,9026,-1,
9010,9019,9007,-1,
9013,9007,9019,-1,
9003,9010,9000,-1,
9007,9000,9010,-1,
9000,8997,9003,-1,
9003,8997,8994,-1,
8997,8990,8994,-1,
8994,8990,8987,-1,
8990,8983,8987,-1,
8983,8981,8987,-1,
8987,8981,8977,-1,
8981,8974,8977,-1,
8977,8974,8970,-1,
8974,8967,8970,-1,
8970,8967,8961,-1,
8964,8961,8967,-1,
8961,8964,8954,-1,
8957,8954,8964,-1,
8954,8957,8945,-1,
8945,8957,8938,-1,
8951,8938,8957,-1,
8948,8938,8951,-1,
8938,8948,8934,-1,
8941,8934,8948,-1,
8941,8933,8934,-1,
8934,8933,8906,-1,
8930,8906,8933,-1,
8925,8906,8930,-1,
8923,8906,8925,-1,
8934,8906,8667,-1,
8657,8665,8637,-1,
8649,8657,8637,-1,
8643,8649,8599,-1,
8665,8667,8637,-1,
8639,8667,8634,-1,
8634,8667,8630,-1,
8630,8667,8628,-1,
8906,8628,8667,-1,
9111,9119,9066,-1,
9115,9066,9119,-1,
9103,9111,9062,-1,
9099,9103,9062,-1,
9095,9099,9062,-1,
9086,9095,9062,-1,
9066,9115,9064,-1,
9076,9086,9062,-1,
9070,9076,9032,-1,
9064,9115,9081,-1,
9107,9081,9115,-1,
9064,9081,9060,-1,
9056,9060,9081,-1,
3437,3489,3507,-1,
3433,3487,3503,-1,
3441,3491,3511,-1,
3429,3485,3499,-1,
3425,3483,3495,-1,
2474,2490,2544,-1,
2470,2488,2540,-1,
2486,2496,2556,-1,
2482,2494,2552,-1,
2478,2492,2548,-1,
2096,2148,2166,-1,
2100,2150,2170,-1,
2092,2146,2162,-1,
2088,2144,2158,-1,
2084,2142,2154,-1,
1133,1149,1203,-1,
1129,1147,1199,-1,
1145,1155,1215,-1,
1141,1153,1211,-1,
1137,1151,1207,-1,
1079,1089,1093,-1,
889,939,959,-1,
885,937,955,-1,
881,935,951,-1,
877,933,947,-1,
6228,6242,6222,-1,
5060,5080,5052,-1,
5052,5080,4868,-1,
5078,4868,5080,-1,
5928,5894,5930,-1,
5894,5848,5755,-1,
5783,5767,5848,-1,
5767,5755,5848,-1,
5930,5894,5706,-1,
5755,5747,5894,-1,
5747,5727,5894,-1,
5706,5894,5719,-1,
5727,5719,5894,-1,
5692,5706,5635,-1,
5719,5683,5706,-1,
5683,5675,5706,-1,
5656,5692,5635,-1,
5675,5647,5706,-1,
5647,5635,5706,-1,
5620,5656,5607,-1,
5635,5607,5656,-1,
5592,5620,5583,-1,
5607,5583,5620,-1,
5583,5571,5592,-1,
5592,5571,5556,-1,
5571,5543,5556,-1,
5556,5543,5528,-1,
5543,5515,5528,-1,
5528,5515,5491,-1,
5515,5487,5491,-1,
5487,5479,5491,-1,
5491,5479,5460,-1,
5479,5451,5460,-1,
5460,5451,5432,-1,
5451,5423,5432,-1,
5432,5423,5396,-1,
5411,5396,5423,-1,
5396,5411,5368,-1,
5387,5368,5411,-1,
5368,5387,5332,-1,
5359,5332,5387,-1,
5332,5359,5296,-1,
5296,5359,5286,-1,
5347,5286,5359,-1,
5319,5286,5347,-1,
5311,5286,5319,-1,
5311,5275,5286,-1,
5286,5275,5098,-1,
5267,5098,5275,-1,
5247,5098,5267,-1,
5239,5098,5247,-1,
5211,5140,5227,-1,
5098,5239,5140,-1,
5227,5140,5239,-1,
5286,5098,5066,-1,
5064,5066,5098,-1,
6123,6154,6098,-1,
6110,6123,6098,-1,
5932,6098,6220,-1,
5930,6232,5928,-1,
5928,6232,5926,-1,
6131,5926,6232,-1,
6096,5926,6131,-1,
6079,5926,6096,-1,
6071,5926,6079,-1,
6057,5926,6071,-1,
6048,5926,6057,-1,
6038,5926,6048,-1,
6017,5926,6038,-1,
6006,5926,6017,-1,
5996,5926,6006,-1,
5990,5926,5996,-1,
5980,5926,5990,-1,
5974,5926,5980,-1,
5964,5926,5974,-1,
5930,5932,6234,-1,
5932,5896,6098,-1,
5896,5852,5757,-1,
5785,5769,5852,-1,
5769,5757,5852,-1,
6098,5896,5708,-1,
5757,5749,5896,-1,
5708,5896,5721,-1,
5749,5729,5896,-1,
5729,5721,5896,-1,
5696,5708,5637,-1,
5721,5685,5708,-1,
5685,5677,5708,-1,
5660,5696,5637,-1,
5677,5649,5708,-1,
5649,5637,5708,-1,
5624,5660,5609,-1,
5637,5609,5660,-1,
5596,5624,5585,-1,
5609,5585,5624,-1,
5585,5573,5596,-1,
5596,5573,5560,-1,
5573,5545,5560,-1,
5560,5545,5532,-1,
5545,5517,5532,-1,
5532,5517,5498,-1,
5517,5494,5498,-1,
5494,5481,5498,-1,
5498,5481,5464,-1,
5481,5453,5464,-1,
5464,5453,5436,-1,
5453,5425,5436,-1,
5436,5425,5400,-1,
5413,5400,5425,-1,
5400,5413,5372,-1,
5389,5372,5413,-1,
5372,5389,5336,-1,
5361,5336,5389,-1,
5336,5361,5300,-1,
5300,5361,5288,-1,
5349,5288,5361,-1,
5321,5288,5349,-1,
5313,5288,5321,-1,
5313,5277,5288,-1,
5288,5277,5100,-1,
5269,5100,5277,-1,
5249,5100,5269,-1,
5241,5100,5249,-1,
5213,5144,5229,-1,
5100,5241,5144,-1,
5229,5144,5241,-1,
5288,5100,5070,-1,
5050,5058,4936,-1,
5042,5050,4936,-1,
5034,5042,4936,-1,
5026,5034,4936,-1,
5018,5026,4936,-1,
5010,5018,4936,-1,
5002,5010,4936,-1,
4994,5002,4936,-1,
4986,4994,4936,-1,
4978,4986,4936,-1,
4970,4978,4936,-1,
4962,4970,4936,-1,
4954,4962,4936,-1,
4946,4954,4936,-1,
4860,4936,5072,-1,
5100,4934,5070,-1,
5070,4860,5072,-1,
4860,5070,4858,-1,
5070,4934,4858,-1,
4926,4870,4934,-1,
4922,4870,4926,-1,
4918,4870,4922,-1,
4914,4870,4918,-1,
4910,4870,4914,-1,
4906,4870,4910,-1,
4902,4870,4906,-1,
4898,4870,4902,-1,
4894,4870,4898,-1,
4890,4870,4894,-1,
4886,4870,4890,-1,
4878,4870,4882,-1,
4874,4870,4878,-1,
4882,4870,4886,-1,
4860,4828,4936,-1,
4828,4774,4654,-1,
4689,4669,4774,-1,
4669,4654,4774,-1,
4936,4828,4593,-1,
4654,4644,4828,-1,
4593,4828,4609,-1,
4644,4619,4828,-1,
4619,4609,4828,-1,
4579,4593,4504,-1,
4609,4564,4593,-1,
4564,4554,4593,-1,
4534,4579,4504,-1,
4554,4519,4593,-1,
4519,4504,4593,-1,
4489,4534,4469,-1,
4504,4469,4534,-1,
4454,4489,4439,-1,
4469,4439,4489,-1,
4439,4424,4454,-1,
4454,4424,4409,-1,
4424,4389,4409,-1,
4409,4389,4374,-1,
4389,4354,4374,-1,
4374,4354,4333,-1,
4354,4329,4333,-1,
4329,4309,4333,-1,
4333,4309,4289,-1,
4309,4274,4289,-1,
4289,4274,4254,-1,
4274,4239,4254,-1,
4254,4239,4209,-1,
4224,4209,4239,-1,
4209,4224,4174,-1,
4194,4174,4224,-1,
4174,4194,4129,-1,
4159,4129,4194,-1,
4129,4159,4084,-1,
4084,4159,4066,-1,
4144,4066,4159,-1,
4109,4066,4144,-1,
4099,4066,4109,-1,
4099,4054,4066,-1,
4066,4054,3833,-1,
4044,3833,4054,-1,
4019,3833,4044,-1,
4009,3833,4019,-1,
3974,3889,3994,-1,
3833,4009,3889,-1,
3994,3889,4009,-1,
4066,3833,3801,-1,
3799,3801,3833,-1,
6141,6154,6133,-1,
6133,6154,6123,-1,
6198,6150,6249,-1,
6013,5918,6257,-1,
6152,6067,6257,-1,
6055,6013,6067,-1,
6046,6013,6055,-1,
6044,6013,6046,-1,
6031,6013,6044,-1,
6025,6013,6031,-1,
6023,6013,6025,-1,
6015,6013,6023,-1,
5918,5962,6212,-1,
5942,5962,5918,-1,
5924,5942,5918,-1,
5922,5924,5918,-1,
5920,5922,5918,-1,
6013,6257,6067,-1,
5948,5938,5954,-1,
5946,5934,5952,-1,
5956,5926,5964,-1,
5950,5926,5956,-1,
5944,5926,5950,-1,
5852,5896,5908,-1,
5860,5900,5916,-1,
5856,5898,5912,-1,
5848,5894,5904,-1,
5084,5098,5140,-1,
5096,5104,5152,-1,
5092,5102,5148,-1,
5088,5100,5144,-1,
6226,6238,6220,-1,
6220,6238,5932,-1,
6236,5932,6238,-1,
7137,7098,7136,-1,
7098,7080,7136,-1,
7080,7066,7136,-1,
7066,7056,7136,-1,
7056,7046,7136,-1,
7046,6968,7136,-1,
7136,6968,6504,-1,
6670,6504,6968,-1,
6588,6504,6670,-1,
6574,6504,6588,-1,
6556,6504,6574,-1,
6505,6504,6556,-1,
8628,8624,8614,-1,
8624,8616,8614,-1,
8616,8609,8614,-1,
8609,8607,8614,-1,
8607,8587,8614,-1,
8614,8587,8153,-1,
8192,8180,8587,-1,
8190,8180,8192,-1,
8180,8153,8587,-1,
6359,6369,6349,-1,
6370,6355,6369,-1,
6355,6349,6369,-1,
6349,6346,6359,-1,
6346,6338,6359,-1,
6338,6324,6359,-1,
6359,6324,6078,-1,
6095,6090,6324,-1,
6092,6090,6095,-1,
6090,6078,6324,-1,
8053,8047,8052,-1,
8052,8047,8046,-1,
8029,8046,7583,-1,
8047,7583,8046,-1,
7589,7583,8047,-1,
7587,7583,7589,-1,
7579,8029,7583,-1,
7145,7147,6516,-1,
6516,7147,7124,-1,
7132,7124,7147,-1,
6533,6516,7124,-1,
6514,7145,6516,-1,
6526,6516,6533,-1,
7243,7227,7191,-1,
7219,7094,7227,-1,
7094,7191,7227,-1,
7094,7219,7086,-1,
7207,7086,7219,-1,
7123,7191,7108,-1,
7108,7191,7094,-1,
7086,7207,7062,-1,
7177,7062,7207,-1,
7062,7177,7052,-1,
7165,7052,7177,-1,
7052,7165,7014,-1,
7117,7014,7165,-1,
7014,7117,7006,-1,
7073,7006,7117,-1,
7006,7073,6978,-1,
7027,6978,7073,-1,
6978,7027,6964,-1,
6991,6964,7027,-1,
6964,6991,6936,-1,
6953,6936,6991,-1,
6936,6953,6912,-1,
6925,6912,6953,-1,
6912,6925,6900,-1,
6925,6889,6900,-1,
6900,6889,6872,-1,
6889,6861,6872,-1,
6872,6861,6844,-1,
6844,6861,6826,-1,
6861,6830,6826,-1,
6826,6830,6808,-1,
6830,6793,6808,-1,
6808,6793,6780,-1,
6793,6765,6780,-1,
6780,6765,6752,-1,
6740,6752,6729,-1,
6765,6729,6752,-1,
6716,6740,6701,-1,
6729,6701,6740,-1,
6688,6716,6663,-1,
6676,6688,6627,-1,
6701,6663,6716,-1,
6646,6676,6585,-1,
6638,6646,6541,-1,
6663,6627,6688,-1,
6602,6638,6490,-1,
6594,6602,6478,-1,
6627,6585,6676,-1,
6570,6594,6448,-1,
6562,6570,6436,-1,
6548,6562,6462,-1,
6585,6541,6646,-1,
6532,6548,6462,-1,
6541,6490,6638,-1,
6490,6478,6602,-1,
6428,6462,6562,-1,
6478,6448,6594,-1,
6448,6436,6570,-1,
6436,6428,6562,-1,
6410,6462,6428,-1,
7131,7146,7123,-1,
6515,7123,7146,-1,
6532,7123,6515,-1,
6525,6532,6515,-1,
7144,6515,7146,-1,
6513,6515,7144,-1,
7146,7147,7144,-1,
7145,7144,7147,-1,
7131,7132,7146,-1,
7147,7146,7132,-1,
7108,7109,7123,-1,
7109,7124,7123,-1,
7123,7124,7131,-1,
7132,7131,7124,-1,
7094,7095,7108,-1,
7109,7108,7095,-1,
7086,7087,7094,-1,
7095,7094,7087,-1,
7062,7063,7086,-1,
7087,7086,7063,-1,
7052,7053,7062,-1,
7063,7062,7053,-1,
7014,7015,7052,-1,
7053,7052,7015,-1,
7006,7007,7014,-1,
7015,7014,7007,-1,
7006,6978,7007,-1,
6979,7007,6978,-1,
6978,6964,6979,-1,
6965,6979,6964,-1,
6964,6936,6965,-1,
6937,6965,6936,-1,
6936,6912,6937,-1,
6913,6937,6912,-1,
6912,6900,6913,-1,
6901,6913,6900,-1,
6900,6872,6901,-1,
6873,6901,6872,-1,
6872,6844,6873,-1,
6845,6873,6844,-1,
6844,6826,6845,-1,
6827,6845,6826,-1,
6826,6808,6827,-1,
6809,6827,6808,-1,
6808,6780,6809,-1,
6781,6809,6780,-1,
6780,6752,6781,-1,
6753,6781,6752,-1,
6752,6740,6753,-1,
6741,6753,6740,-1,
6740,6716,6741,-1,
6717,6741,6716,-1,
6716,6688,6717,-1,
6689,6717,6688,-1,
6688,6676,6689,-1,
6677,6689,6676,-1,
6676,6646,6677,-1,
6647,6677,6646,-1,
6647,6646,6639,-1,
6638,6639,6646,-1,
6639,6638,6603,-1,
6602,6603,6638,-1,
6603,6602,6595,-1,
6594,6595,6602,-1,
6595,6594,6571,-1,
6570,6571,6594,-1,
6571,6570,6563,-1,
6562,6563,6570,-1,
6563,6562,6549,-1,
6548,6549,6562,-1,
6549,6548,6533,-1,
6548,6532,6533,-1,
6533,6532,6526,-1,
6525,6526,6532,-1,
6526,6525,6516,-1,
6515,6516,6525,-1,
6516,6515,6514,-1,
6513,6514,6515,-1,
6513,7144,6514,-1,
7145,6514,7144,-1,
7038,7028,7039,-1,
7029,7039,7028,-1,
7244,7245,7192,-1,
7193,7192,7245,-1,
6412,6411,6464,-1,
6463,6464,6411,-1,
6702,6664,6703,-1,
6665,6703,6664,-1,
6890,6862,6891,-1,
6863,6891,6862,-1,
6463,6533,6464,-1,
7124,6464,6533,-1,
6464,7124,7193,-1,
7192,7193,7124,-1,
6628,6614,6629,-1,
6615,6629,6614,-1,
6420,6419,6412,-1,
6411,6412,6419,-1,
7232,7233,7244,-1,
7245,7244,7233,-1,
6664,6628,6665,-1,
6629,6665,6628,-1,
6992,6954,6993,-1,
6955,6993,6954,-1,
6766,6730,6767,-1,
6731,6767,6730,-1,
6730,6702,6731,-1,
6703,6731,6702,-1,
6794,6766,6795,-1,
6767,6795,6766,-1,
6862,6831,6863,-1,
6832,6863,6831,-1,
6831,6794,6832,-1,
6795,6832,6794,-1,
7028,6992,7029,-1,
6993,7029,6992,-1,
6926,6890,6927,-1,
6891,6927,6890,-1,
6954,6926,6955,-1,
6927,6955,6926,-1,
940,890,960,-1,
938,886,956,-1,
936,882,952,-1,
934,878,948,-1,
1090,1080,1094,-1,
2143,2085,2155,-1,
2441,2449,2313,-1,
3484,3426,3496,-1,
3782,3790,3654,-1,
4825,4767,4837,-1,
5895,5849,5905,-1,
7543,7545,7255,-1,
7547,7257,7545,-1,
7257,7547,7259,-1,
7513,7549,7515,-1,
7515,7549,7517,-1,
7517,7549,7519,-1,
7541,7543,7537,-1,
7655,7643,7705,-1,
8545,8533,8482,-1,
8514,8482,8533,-1,
8499,8482,8514,-1,
8499,8462,8482,-1,
8462,8445,8482,-1,
8445,8396,8482,-1,
8396,8353,8482,-1,
8353,8323,8482,-1,
8323,8289,8482,-1,
8289,8253,8482,-1,
8253,8219,8482,-1,
8219,8166,8482,-1,
8166,8123,8482,-1,
8123,8070,8482,-1,
8070,8014,8482,-1,
8482,8014,7705,-1,
7984,7705,8014,-1,
7947,7705,7984,-1,
7917,7705,7947,-1,
7883,7705,7917,-1,
7705,7883,7841,-1,
7849,7841,7883,-1,
7705,7841,7655,-1,
7545,7655,7547,-1,
7841,7547,7655,-1,
7559,7561,7549,-1,
7551,7549,7561,-1,
7657,7647,7709,-1,
8549,8537,8486,-1,
8518,8486,8537,-1,
8503,8486,8518,-1,
8503,8466,8486,-1,
8466,8449,8486,-1,
8449,8400,8486,-1,
8400,8357,8486,-1,
8357,8327,8486,-1,
8327,8293,8486,-1,
8293,8257,8486,-1,
8257,8223,8486,-1,
8223,8170,8486,-1,
8170,8127,8486,-1,
8127,8077,8486,-1,
8077,8018,8486,-1,
8486,8018,7709,-1,
7988,7709,8018,-1,
7951,7709,7988,-1,
7921,7709,7951,-1,
7887,7709,7921,-1,
7709,7887,7843,-1,
7853,7843,7887,-1,
7709,7843,7657,-1,
7553,7657,7555,-1,
7843,7555,7657,-1,
7659,7651,7713,-1,
8553,8541,8490,-1,
8522,8490,8541,-1,
8507,8490,8522,-1,
8507,8470,8490,-1,
8470,8453,8490,-1,
8453,8404,8490,-1,
8404,8361,8490,-1,
8361,8331,8490,-1,
8331,8297,8490,-1,
8297,8261,8490,-1,
8261,8227,8490,-1,
8227,8174,8490,-1,
8174,8131,8490,-1,
8131,8084,8490,-1,
8084,8022,8490,-1,
8490,8022,7713,-1,
7992,7713,8022,-1,
7955,7713,7992,-1,
7925,7713,7955,-1,
7891,7713,7925,-1,
7713,7891,7845,-1,
7857,7845,7891,-1,
7713,7845,7659,-1,
7659,7845,7557,-1,
7539,7541,7537,-1,
7255,7537,7543,-1,
7519,7549,7521,-1,
7521,7549,7523,-1,
7551,7523,7549,-1,
7523,7551,7525,-1,
7525,7551,7527,-1,
7527,7551,7529,-1,
7529,7551,7531,-1,
7531,7551,7533,-1,
7533,7551,7535,-1,
7535,7551,7263,-1,
7553,7263,7551,-1,
7555,7265,7553,-1,
7281,7535,7263,-1,
7275,7251,7273,-1,
7277,7251,7275,-1,
7251,7277,7253,-1,
7279,7253,7277,-1,
7265,7263,7553,-1,
7267,7265,7555,-1,
7557,7267,7555,-1,
7267,7557,7269,-1,
7557,7845,7269,-1,
7235,7269,7041,-1,
7845,7041,7269,-1,
7235,7041,7197,-1,
7197,7041,6997,-1,
7033,6997,7041,-1,
6997,6959,7197,-1,
6959,6931,7197,-1,
6931,6895,7197,-1,
6895,6867,7197,-1,
6867,6839,7197,-1,
6839,6799,7197,-1,
7197,6799,6468,-1,
6771,6468,6799,-1,
6735,6468,6771,-1,
6707,6468,6735,-1,
6669,6468,6707,-1,
6468,6669,6617,-1,
6633,6617,6669,-1,
6468,6617,6422,-1,
6617,6245,6422,-1,
6245,6247,5941,-1,
5941,6247,6107,-1,
6231,6107,6247,-1,
6225,6107,6231,-1,
6219,6107,6225,-1,
6210,6107,6219,-1,
6204,6107,6210,-1,
6196,6107,6204,-1,
6190,6107,6196,-1,
6182,6107,6190,-1,
6173,6107,6182,-1,
6167,6107,6173,-1,
6159,6107,6167,-1,
6146,6107,6159,-1,
6138,6107,6146,-1,
6422,6245,6105,-1,
6105,6245,5939,-1,
6128,6107,6138,-1,
6084,6105,5939,-1,
6076,6084,5939,-1,
6062,6076,5939,-1,
6053,6062,5939,-1,
6043,6053,5939,-1,
6022,6043,5939,-1,
6011,6022,5939,-1,
6001,6011,5939,-1,
5995,6001,5939,-1,
5985,5995,5939,-1,
5979,5985,5939,-1,
5969,5979,5939,-1,
5961,5969,5939,-1,
5955,5961,5939,-1,
5949,5955,5939,-1,
5941,5939,6245,-1,
6115,6107,6128,-1,
5941,6107,5901,-1,
6107,5713,5901,-1,
5901,5713,5861,-1,
5861,5713,5669,-1,
5705,5669,5713,-1,
5669,5633,5861,-1,
5633,5605,5861,-1,
5605,5569,5861,-1,
5569,5541,5861,-1,
5541,5513,5861,-1,
5513,5473,5861,-1,
5861,5473,5153,-1,
5445,5153,5473,-1,
5409,5153,5445,-1,
5381,5153,5409,-1,
5345,5153,5381,-1,
5153,5345,5293,-1,
5309,5293,5345,-1,
5153,5293,5105,-1,
5077,5105,5079,-1,
5293,5079,5105,-1,
5929,5931,5895,-1,
5931,5707,5895,-1,
5895,5707,5849,-1,
5849,5707,5657,-1,
5693,5657,5707,-1,
5657,5621,5849,-1,
5621,5593,5849,-1,
5593,5557,5849,-1,
5557,5529,5849,-1,
5529,5492,5849,-1,
5492,5461,5849,-1,
5849,5461,5141,-1,
5433,5141,5461,-1,
5397,5141,5433,-1,
5369,5141,5397,-1,
5333,5141,5369,-1,
5141,5333,5287,-1,
5297,5287,5333,-1,
5141,5287,5099,-1,
5065,5099,5067,-1,
5287,5067,5099,-1,
8895,8899,8861,-1,
8887,8895,8861,-1,
8891,8861,8899,-1,
8883,8861,8891,-1,
8879,8861,8883,-1,
8875,8861,8879,-1,
8866,8861,8875,-1,
8866,8856,8861,-1,
8856,8850,8861,-1,
8850,8831,8861,-1,
8831,8815,8861,-1,
8815,8806,8861,-1,
8806,8799,8861,-1,
8799,8790,8861,-1,
8790,8783,8861,-1,
8861,8783,8688,-1,
8774,8688,8783,-1,
8767,8688,8774,-1,
8757,8688,8767,-1,
8750,8688,8757,-1,
8741,8688,8750,-1,
8734,8688,8741,-1,
8727,8688,8734,-1,
8688,8727,8682,-1,
8718,8682,8727,-1,
8718,8178,8682,-1,
8151,8138,8048,-1,
8682,8178,8090,-1,
8090,8178,8048,-1,
8151,8048,8178,-1,
8102,8048,8138,-1,
8061,8090,8048,-1,
8088,8048,8102,-1,
8088,8040,8048,-1,
8040,8001,8048,-1,
8001,7971,8048,-1,
7971,7941,8048,-1,
7941,7907,8048,-1,
7907,7877,8048,-1,
7877,7828,8048,-1,
7828,7794,8048,-1,
7794,7733,8048,-1,
7733,7684,8048,-1,
8048,7684,7572,-1,
7639,7572,7684,-1,
7626,7572,7639,-1,
7615,7572,7626,-1,
7608,7572,7615,-1,
7572,7608,7567,-1,
7601,7567,7608,-1,
7601,6388,7567,-1,
6388,6384,6325,-1,
6378,6325,6384,-1,
7567,6388,6356,-1,
6356,6388,6339,-1,
6350,6356,6339,-1,
6347,6350,6339,-1,
6339,6388,6325,-1,
6365,6325,6378,-1,
6343,6325,6365,-1,
6332,6325,6343,-1,
6332,6323,6325,-1,
6323,6314,6325,-1,
6314,6307,6325,-1,
6307,6298,6325,-1,
6298,6291,6325,-1,
6291,6286,6325,-1,
6325,6286,6153,-1,
6282,6153,6286,-1,
6206,6200,6239,-1,
6132,6233,5927,-1,
6200,5931,6233,-1,
5931,6200,5933,-1,
5933,6200,6099,-1,
6192,6099,6200,-1,
6186,6099,6192,-1,
6014,6258,5919,-1,
6153,6258,6014,-1,
6258,6153,6282,-1,
6325,6153,6030,-1,
6030,6153,6122,-1,
6151,6122,6153,-1,
6088,6030,6122,-1,
6066,6030,6088,-1,
6036,6030,6066,-1,
6036,6005,6030,-1,
6005,5989,6030,-1,
5973,6030,5989,-1,
6422,6416,6468,-1,
6420,6412,6464,-1,
6418,6408,6460,-1,
7231,7189,7241,-1,
6178,6099,6186,-1,
6169,6099,6178,-1,
6163,6099,6169,-1,
6068,6153,6014,-1,
6056,6068,6014,-1,
6047,6056,6014,-1,
6045,6047,6014,-1,
6032,6045,6014,-1,
6026,6032,6014,-1,
6024,6026,6014,-1,
6016,6024,6014,-1,
6213,5919,6258,-1,
5919,6213,5963,-1,
6132,5963,6213,-1,
5943,5919,5963,-1,
5925,5919,5943,-1,
5923,5919,5925,-1,
5921,5919,5923,-1,
6155,6099,6163,-1,
6142,6099,6155,-1,
6097,6132,5927,-1,
6134,6099,6142,-1,
6080,6097,5927,-1,
6072,6080,5927,-1,
6058,6072,5927,-1,
6049,6058,5927,-1,
6039,6049,5927,-1,
6018,6039,5927,-1,
6007,6018,5927,-1,
5997,6007,5927,-1,
5991,5997,5927,-1,
5981,5991,5927,-1,
5975,5981,5927,-1,
5965,5975,5927,-1,
5957,5965,5927,-1,
5951,5957,5927,-1,
5945,5951,5927,-1,
5929,5927,6233,-1,
5931,5929,6233,-1,
6124,6099,6134,-1,
6111,6099,6124,-1,
5933,6099,5897,-1,
6099,5709,5897,-1,
5897,5709,5853,-1,
5853,5709,5661,-1,
5697,5661,5709,-1,
5661,5625,5853,-1,
5625,5597,5853,-1,
5597,5561,5853,-1,
5561,5533,5853,-1,
5533,5499,5853,-1,
5499,5465,5853,-1,
5853,5465,5145,-1,
5437,5145,5465,-1,
5401,5145,5437,-1,
5373,5145,5401,-1,
5337,5145,5373,-1,
5145,5337,5289,-1,
5301,5289,5337,-1,
5145,5289,5101,-1,
5289,5071,5101,-1,
5071,5073,4861,-1,
4861,5073,4937,-1,
5059,4937,5073,-1,
5051,4937,5059,-1,
5043,4937,5051,-1,
5035,4937,5043,-1,
5027,4937,5035,-1,
5019,4937,5027,-1,
5011,4937,5019,-1,
5003,4937,5011,-1,
4995,4937,5003,-1,
4987,4937,4995,-1,
4979,4937,4987,-1,
4971,4937,4979,-1,
4963,4937,4971,-1,
5101,5071,4935,-1,
4935,5071,4859,-1,
4955,4937,4963,-1,
4927,4935,4859,-1,
4923,4927,4859,-1,
4919,4923,4859,-1,
4915,4919,4859,-1,
4911,4915,4859,-1,
4907,4911,4859,-1,
4903,4907,4859,-1,
4899,4903,4859,-1,
4895,4899,4859,-1,
4891,4895,4859,-1,
4887,4891,4859,-1,
4883,4887,4859,-1,
4879,4883,4859,-1,
4875,4879,4859,-1,
4871,4875,4859,-1,
4861,4859,5071,-1,
4947,4937,4955,-1,
4861,4937,4829,-1,
4937,4594,4829,-1,
4829,4594,4775,-1,
4775,4594,4535,-1,
4580,4535,4594,-1,
4535,4490,4775,-1,
4490,4455,4775,-1,
4455,4410,4775,-1,
4410,4375,4775,-1,
4375,4334,4775,-1,
4334,4290,4775,-1,
4775,4290,3890,-1,
4255,3890,4290,-1,
4210,3890,4255,-1,
4175,3890,4210,-1,
4130,3890,4175,-1,
3890,4130,4067,-1,
4085,4067,4130,-1,
3890,4067,3834,-1,
3800,3834,3802,-1,
4067,3802,3834,-1,
5101,5089,5145,-1,
5103,5093,5149,-1,
5105,5097,5153,-1,
5099,5085,5141,-1,
3834,3820,3890,-1,
3836,3824,3894,-1,
3838,3828,3898,-1,
3830,3812,3882,-1,
3832,3816,3886,-1,
2497,2487,2557,-1,
2495,2483,2553,-1,
2493,2479,2549,-1,
2491,2475,2545,-1,
2489,2471,2541,-1,
1156,1146,1216,-1,
1154,1142,1212,-1,
1152,1138,1208,-1,
1150,1134,1204,-1,
1148,1130,1200,-1,
1106,1108,938,-1,
1108,696,938,-1,
938,696,886,-1,
886,696,635,-1,
686,635,696,-1,
635,591,886,-1,
591,559,886,-1,
559,523,886,-1,
523,495,886,-1,
495,464,886,-1,
464,427,886,-1,
886,427,83,-1,
399,83,427,-1,
363,83,399,-1,
335,83,363,-1,
299,83,335,-1,
263,83,299,-1,
227,83,263,-1,
179,83,227,-1,
123,83,179,-1,
103,83,123,-1,
103,63,83,-1,
63,43,83,-1,
43,27,83,-1,
11,83,27,-1,
1102,1104,936,-1,
1104,694,936,-1,
936,694,882,-1,
882,694,631,-1,
682,631,694,-1,
631,587,882,-1,
587,555,882,-1,
555,519,882,-1,
519,491,882,-1,
491,457,882,-1,
457,423,882,-1,
882,423,79,-1,
395,79,423,-1,
359,79,395,-1,
331,79,359,-1,
295,79,331,-1,
259,79,295,-1,
223,79,259,-1,
175,79,223,-1,
119,79,175,-1,
99,79,119,-1,
99,59,79,-1,
59,39,79,-1,
39,23,79,-1,
7,79,23,-1,
1098,1100,934,-1,
1100,692,934,-1,
934,692,878,-1,
878,692,627,-1,
678,627,692,-1,
627,583,878,-1,
583,551,878,-1,
551,515,878,-1,
515,487,878,-1,
487,450,878,-1,
450,419,878,-1,
878,419,75,-1,
391,75,419,-1,
355,75,391,-1,
327,75,355,-1,
291,75,327,-1,
255,75,291,-1,
219,75,255,-1,
171,75,219,-1,
115,75,171,-1,
95,75,115,-1,
95,55,75,-1,
55,35,75,-1,
35,19,75,-1,
3,75,19,-1,
2145,2089,2159,-1,
3486,3430,3500,-1,
3784,3794,3658,-1,
4827,4771,4841,-1,
2147,2093,2163,-1,
2149,2097,2167,-1,
2445,2461,2321,-1,
3490,3438,3508,-1,
2179,2181,2147,-1,
2181,1912,2147,-1,
2147,1912,2093,-1,
2093,1912,1853,-1,
1898,1853,1912,-1,
1853,1808,2093,-1,
1808,1773,2093,-1,
1773,1728,2093,-1,
1728,1693,2093,-1,
1693,1652,2093,-1,
1652,1608,2093,-1,
2093,1608,1208,-1,
1573,1208,1608,-1,
1528,1208,1573,-1,
1493,1208,1528,-1,
1448,1208,1493,-1,
1208,1448,1387,-1,
1403,1387,1448,-1,
1208,1387,1152,-1,
1118,1152,1120,-1,
1387,1120,1152,-1,
2193,2175,2315,-1,
2179,2459,2181,-1,
2181,2459,2183,-1,
2195,2183,2459,-1,
2197,2187,2323,-1,
2199,2191,2327,-1,
2151,2101,2171,-1,
2447,2465,2325,-1,
3492,3442,3512,-1,
3788,3806,3666,-1,
4833,4783,4853,-1,
3488,3434,3504,-1,
4829,4775,4845,-1,
5897,5853,5909,-1,
4865,4867,4831,-1,
4867,4596,4831,-1,
4831,4596,4779,-1,
4779,4596,4539,-1,
4584,4539,4596,-1,
4539,4494,4779,-1,
4494,4459,4779,-1,
4459,4414,4779,-1,
4414,4379,4779,-1,
4379,4341,4779,-1,
4341,4294,4779,-1,
4779,4294,3894,-1,
4259,3894,4294,-1,
4214,3894,4259,-1,
4179,3894,4214,-1,
4134,3894,4179,-1,
3894,4134,4069,-1,
4089,4069,4134,-1,
3894,4069,3836,-1,
3804,3836,3664,-1,
3802,3522,3800,-1,
3770,3778,3662,-1,
3762,3770,3662,-1,
3754,3762,3662,-1,
3746,3754,3662,-1,
3738,3746,3662,-1,
3730,3738,3662,-1,
3722,3730,3662,-1,
3714,3722,3662,-1,
3706,3714,3662,-1,
3698,3706,3662,-1,
3690,3698,3662,-1,
3682,3690,3662,-1,
3674,3682,3662,-1,
3522,3662,3778,-1,
4069,3664,3836,-1,
3524,3522,3802,-1,
3524,3804,3526,-1,
3526,3804,3528,-1,
3664,3528,3804,-1,
3650,3528,3664,-1,
3642,3528,3650,-1,
3634,3528,3642,-1,
3626,3528,3634,-1,
3618,3528,3626,-1,
3610,3528,3618,-1,
3602,3528,3610,-1,
3594,3528,3602,-1,
3586,3528,3594,-1,
3578,3528,3586,-1,
3570,3528,3578,-1,
3562,3528,3570,-1,
3804,3524,3802,-1,
3662,3522,3488,-1,
3522,3253,3488,-1,
3488,3253,3434,-1,
3434,3253,3194,-1,
3239,3194,3253,-1,
3194,3149,3434,-1,
3149,3114,3434,-1,
3114,3069,3434,-1,
3069,3034,3434,-1,
3034,2993,3434,-1,
2993,2949,3434,-1,
3434,2949,2549,-1,
2914,2549,2949,-1,
2869,2549,2914,-1,
2834,2549,2869,-1,
2789,2549,2834,-1,
2549,2789,2726,-1,
2744,2726,2789,-1,
2549,2726,2493,-1,
2459,2493,2319,-1,
2457,2177,2455,-1,
2427,2435,2317,-1,
2419,2427,2317,-1,
2411,2419,2317,-1,
2403,2411,2317,-1,
2395,2403,2317,-1,
2387,2395,2317,-1,
2379,2387,2317,-1,
2371,2379,2317,-1,
2363,2371,2317,-1,
2355,2363,2317,-1,
2347,2355,2317,-1,
2339,2347,2317,-1,
2331,2339,2317,-1,
2177,2317,2435,-1,
2726,2319,2493,-1,
2177,2457,2179,-1,
2457,2459,2179,-1,
2319,2195,2459,-1,
2307,2195,2319,-1,
2299,2195,2307,-1,
2291,2195,2299,-1,
2283,2195,2291,-1,
2275,2195,2283,-1,
2267,2195,2275,-1,
2251,2195,2259,-1,
2243,2195,2251,-1,
2235,2195,2243,-1,
2227,2195,2235,-1,
2219,2195,2227,-1,
2211,2195,2219,-1,
2203,2195,2211,-1,
2259,2195,2267,-1,
2317,2177,2145,-1,
2177,1910,2145,-1,
2145,1910,2089,-1,
2089,1910,1849,-1,
1894,1849,1910,-1,
1849,1804,2089,-1,
1804,1769,2089,-1,
1769,1724,2089,-1,
1724,1689,2089,-1,
1689,1645,2089,-1,
1645,1604,2089,-1,
2089,1604,1204,-1,
1569,1204,1604,-1,
1524,1204,1569,-1,
1489,1204,1524,-1,
1444,1204,1489,-1,
1204,1444,1385,-1,
1399,1385,1444,-1,
1204,1385,1150,-1,
1114,1150,1116,-1,
1385,1116,1150,-1,
5063,5065,4855,-1,
4855,5065,4857,-1,
5055,5063,4931,-1,
5067,4857,5065,-1,
5047,5055,4931,-1,
5069,4857,5067,-1,
5039,5047,4931,-1,
4857,5069,4933,-1,
5031,5039,4931,-1,
5057,4933,5069,-1,
5023,5031,4931,-1,
5049,4933,5057,-1,
5015,5023,4931,-1,
5041,4933,5049,-1,
5007,5015,4931,-1,
5033,4933,5041,-1,
4999,5007,4931,-1,
5025,4933,5033,-1,
4991,4999,4931,-1,
5017,4933,5025,-1,
4983,4991,4931,-1,
5009,4933,5017,-1,
4975,4983,4931,-1,
5001,4933,5009,-1,
4967,4975,4931,-1,
4993,4933,5001,-1,
4959,4967,4931,-1,
4985,4933,4993,-1,
4951,4959,4931,-1,
4977,4933,4985,-1,
4943,4951,4931,-1,
4969,4933,4977,-1,
4855,4931,5063,-1,
4961,4933,4969,-1,
4953,4933,4961,-1,
4931,4855,4825,-1,
4855,4590,4825,-1,
4825,4590,4767,-1,
4767,4590,4527,-1,
4572,4527,4590,-1,
4527,4482,4767,-1,
4482,4447,4767,-1,
4447,4402,4767,-1,
4402,4367,4767,-1,
4367,4320,4767,-1,
4320,4282,4767,-1,
4767,4282,3882,-1,
4247,3882,4282,-1,
4202,3882,4247,-1,
4167,3882,4202,-1,
4122,3882,4167,-1,
3882,4122,4073,-1,
4077,4073,4122,-1,
3882,4073,3830,-1,
3792,3830,3656,-1,
3774,3782,3654,-1,
3766,3774,3654,-1,
3758,3766,3654,-1,
3750,3758,3654,-1,
3742,3750,3654,-1,
3734,3742,3654,-1,
3726,3734,3654,-1,
3718,3726,3654,-1,
3710,3718,3654,-1,
3702,3710,3654,-1,
3694,3702,3654,-1,
3686,3694,3654,-1,
3678,3686,3654,-1,
3670,3678,3654,-1,
3514,3654,3790,-1,
4073,3656,3830,-1,
3792,3514,3790,-1,
3514,3792,3516,-1,
3656,3516,3792,-1,
3646,3516,3656,-1,
3638,3516,3646,-1,
3630,3516,3638,-1,
3622,3516,3630,-1,
3614,3516,3622,-1,
3606,3516,3614,-1,
3598,3516,3606,-1,
3590,3516,3598,-1,
3582,3516,3590,-1,
3566,3516,3574,-1,
3558,3516,3566,-1,
3550,3516,3558,-1,
3542,3516,3550,-1,
3574,3516,3582,-1,
3654,3514,3484,-1,
3514,3249,3484,-1,
3484,3249,3426,-1,
3426,3249,3186,-1,
3231,3186,3249,-1,
3186,3141,3426,-1,
3141,3106,3426,-1,
3106,3061,3426,-1,
3061,3026,3426,-1,
3026,2979,3426,-1,
2979,2941,3426,-1,
3426,2941,2541,-1,
2906,2541,2941,-1,
2861,2541,2906,-1,
2826,2541,2861,-1,
2781,2541,2826,-1,
2541,2781,2732,-1,
2736,2732,2781,-1,
2541,2732,2489,-1,
2451,2489,2315,-1,
2433,2441,2313,-1,
2425,2433,2313,-1,
2417,2425,2313,-1,
2409,2417,2313,-1,
2401,2409,2313,-1,
2393,2401,2313,-1,
2385,2393,2313,-1,
2377,2385,2313,-1,
2369,2377,2313,-1,
2361,2369,2313,-1,
2353,2361,2313,-1,
2345,2353,2313,-1,
2337,2345,2313,-1,
2329,2337,2313,-1,
2173,2313,2449,-1,
2732,2315,2489,-1,
2451,2173,2449,-1,
2173,2451,2175,-1,
2451,2315,2175,-1,
2305,2193,2315,-1,
2297,2193,2305,-1,
2289,2193,2297,-1,
2281,2193,2289,-1,
2273,2193,2281,-1,
2265,2193,2273,-1,
2257,2193,2265,-1,
2249,2193,2257,-1,
2241,2193,2249,-1,
2233,2193,2241,-1,
2225,2193,2233,-1,
2209,2193,2217,-1,
2201,2193,2209,-1,
2217,2193,2225,-1,
2313,2173,2143,-1,
2173,1908,2143,-1,
2143,1908,2085,-1,
2085,1908,1845,-1,
1890,1845,1908,-1,
1845,1800,2085,-1,
1800,1765,2085,-1,
1765,1720,2085,-1,
1720,1685,2085,-1,
1685,1638,2085,-1,
1638,1600,2085,-1,
2085,1600,1200,-1,
1565,1200,1600,-1,
1520,1200,1565,-1,
1485,1200,1520,-1,
1440,1200,1485,-1,
1200,1440,1383,-1,
1395,1383,1440,-1,
1200,1383,1148,-1,
1383,1112,1148,-1,
1112,1114,1098,-1,
1116,1098,1114,-1,
1118,1100,1116,-1,
1100,1118,1102,-1,
1102,1120,1104,-1,
1122,1104,1120,-1,
1096,1112,1098,-1,
1112,1096,1148,-1,
1148,1096,1090,-1,
1096,1043,1090,-1,
1090,1043,1080,-1,
1080,1043,1032,-1,
1041,1032,1043,-1,
1032,1023,1080,-1,
1023,1016,1080,-1,
1016,1007,1080,-1,
1007,1000,1080,-1,
1000,993,1080,-1,
993,983,1080,-1,
1080,983,653,-1,
976,653,983,-1,
967,653,976,-1,
944,653,967,-1,
911,653,944,-1,
858,653,911,-1,
829,653,858,-1,
749,653,829,-1,
707,653,749,-1,
666,653,707,-1,
666,644,653,-1,
644,615,653,-1,
615,607,653,-1,
579,653,607,-1,
5901,5861,5917,-1,
7235,7197,7249,-1,
4945,4933,4953,-1,
4857,4933,4827,-1,
4933,4592,4827,-1,
4827,4592,4771,-1,
4771,4592,4531,-1,
4576,4531,4592,-1,
4531,4486,4771,-1,
4486,4451,4771,-1,
4451,4406,4771,-1,
4406,4371,4771,-1,
4371,4327,4771,-1,
4327,4286,4771,-1,
4771,4286,3886,-1,
4251,3886,4286,-1,
4206,3886,4251,-1,
4171,3886,4206,-1,
4126,3886,4171,-1,
3886,4126,4065,-1,
4081,4065,4126,-1,
3886,4065,3832,-1,
3796,3832,3660,-1,
3776,3784,3658,-1,
3768,3776,3658,-1,
3760,3768,3658,-1,
3752,3760,3658,-1,
3744,3752,3658,-1,
3736,3744,3658,-1,
3728,3736,3658,-1,
3720,3728,3658,-1,
3712,3720,3658,-1,
3704,3712,3658,-1,
3696,3704,3658,-1,
3688,3696,3658,-1,
3680,3688,3658,-1,
3672,3680,3658,-1,
3518,3658,3794,-1,
4065,3660,3832,-1,
3796,3518,3794,-1,
3518,3796,3520,-1,
3660,3520,3796,-1,
3648,3520,3660,-1,
3640,3520,3648,-1,
3632,3520,3640,-1,
3624,3520,3632,-1,
3616,3520,3624,-1,
3608,3520,3616,-1,
3600,3520,3608,-1,
3592,3520,3600,-1,
3584,3520,3592,-1,
3568,3520,3576,-1,
3560,3520,3568,-1,
3552,3520,3560,-1,
3544,3520,3552,-1,
3576,3520,3584,-1,
3658,3518,3486,-1,
3518,3251,3486,-1,
3486,3251,3430,-1,
3430,3251,3190,-1,
3235,3190,3251,-1,
3190,3145,3430,-1,
3145,3110,3430,-1,
3110,3065,3430,-1,
3065,3030,3430,-1,
3030,2986,3430,-1,
2986,2945,3430,-1,
3430,2945,2545,-1,
2910,2545,2945,-1,
2865,2545,2910,-1,
2830,2545,2865,-1,
2785,2545,2830,-1,
2545,2785,2724,-1,
2740,2724,2785,-1,
2545,2724,2491,-1,
2455,2491,2457,-1,
2724,2457,2491,-1,
3524,3526,3490,-1,
3526,3255,3490,-1,
3490,3255,3438,-1,
3438,3255,3198,-1,
3243,3198,3255,-1,
3198,3153,3438,-1,
3153,3118,3438,-1,
3118,3073,3438,-1,
3073,3038,3438,-1,
3038,3000,3438,-1,
3000,2953,3438,-1,
3438,2953,2553,-1,
2918,2553,2953,-1,
2873,2553,2918,-1,
2838,2553,2873,-1,
2793,2553,2838,-1,
2553,2793,2728,-1,
2748,2728,2793,-1,
2553,2728,2495,-1,
2463,2495,2323,-1,
2437,2445,2321,-1,
2429,2437,2321,-1,
2421,2429,2321,-1,
2413,2421,2321,-1,
2405,2413,2321,-1,
2397,2405,2321,-1,
2389,2397,2321,-1,
2381,2389,2321,-1,
2373,2381,2321,-1,
2365,2373,2321,-1,
2357,2365,2321,-1,
2349,2357,2321,-1,
2341,2349,2321,-1,
2333,2341,2321,-1,
2185,2321,2461,-1,
2728,2323,2495,-1,
2463,2185,2461,-1,
2185,2463,2187,-1,
2463,2323,2187,-1,
2309,2197,2323,-1,
2301,2197,2309,-1,
2293,2197,2301,-1,
2285,2197,2293,-1,
2277,2197,2285,-1,
2269,2197,2277,-1,
2261,2197,2269,-1,
2253,2197,2261,-1,
2245,2197,2253,-1,
2237,2197,2245,-1,
2229,2197,2237,-1,
2213,2197,2221,-1,
2205,2197,2213,-1,
2221,2197,2229,-1,
2321,2185,2149,-1,
2185,1914,2149,-1,
2149,1914,2097,-1,
2097,1914,1857,-1,
1902,1857,1914,-1,
1857,1812,2097,-1,
1812,1777,2097,-1,
1777,1732,2097,-1,
1732,1697,2097,-1,
1697,1659,2097,-1,
1659,1612,2097,-1,
2097,1612,1212,-1,
1577,1212,1612,-1,
1532,1212,1577,-1,
1497,1212,1532,-1,
1452,1212,1497,-1,
1212,1452,1389,-1,
1407,1389,1452,-1,
1212,1389,1154,-1,
1122,1154,1124,-1,
1389,1124,1154,-1,
3534,3516,3542,-1,
3536,3520,3544,-1,
3554,3528,3562,-1,
3546,3528,3554,-1,
3538,3528,3546,-1,
3540,3532,3668,-1,
2443,2453,2435,-1,
2435,2453,2177,-1,
2455,2177,2453,-1,
4831,4779,4849,-1,
5899,5857,5913,-1,
7233,7193,7245,-1,
7265,7267,7233,-1,
7267,7039,7233,-1,
7233,7039,7193,-1,
7193,7039,6993,-1,
7029,6993,7039,-1,
6993,6955,7193,-1,
6955,6927,7193,-1,
6927,6891,7193,-1,
6891,6863,7193,-1,
6863,6832,7193,-1,
6832,6795,7193,-1,
7193,6795,6464,-1,
6767,6464,6795,-1,
6731,6464,6767,-1,
6703,6464,6731,-1,
6665,6464,6703,-1,
6464,6665,6615,-1,
6629,6615,6665,-1,
6464,6615,6420,-1,
6615,6241,6420,-1,
6241,6243,5937,-1,
5937,6243,6103,-1,
6229,6103,6243,-1,
6223,6103,6229,-1,
6217,6103,6223,-1,
6208,6103,6217,-1,
6202,6103,6208,-1,
6194,6103,6202,-1,
6188,6103,6194,-1,
6180,6103,6188,-1,
6171,6103,6180,-1,
6165,6103,6171,-1,
6157,6103,6165,-1,
6144,6103,6157,-1,
6136,6103,6144,-1,
6420,6241,6101,-1,
6101,6241,5935,-1,
6126,6103,6136,-1,
6082,6101,5935,-1,
6074,6082,5935,-1,
6060,6074,5935,-1,
6051,6060,5935,-1,
6041,6051,5935,-1,
6020,6041,5935,-1,
6009,6020,5935,-1,
5999,6009,5935,-1,
5993,5999,5935,-1,
5983,5993,5935,-1,
5977,5983,5935,-1,
5967,5977,5935,-1,
5959,5967,5935,-1,
5953,5959,5935,-1,
5947,5953,5935,-1,
5937,5935,6241,-1,
6113,6103,6126,-1,
5937,6103,5899,-1,
6103,5711,5899,-1,
5899,5711,5857,-1,
5857,5711,5665,-1,
5701,5665,5711,-1,
5665,5629,5857,-1,
5629,5601,5857,-1,
5601,5565,5857,-1,
5565,5537,5857,-1,
5537,5506,5857,-1,
5506,5469,5857,-1,
5857,5469,5149,-1,
5441,5149,5469,-1,
5405,5149,5441,-1,
5377,5149,5405,-1,
5341,5149,5377,-1,
5149,5341,5291,-1,
5305,5291,5341,-1,
5149,5291,5103,-1,
5291,5075,5103,-1,
5075,5077,4867,-1,
4867,5077,4869,-1,
5079,4869,5077,-1,
5081,4869,5079,-1,
4869,5081,4941,-1,
5061,4941,5081,-1,
5053,4941,5061,-1,
5045,4941,5053,-1,
5037,4941,5045,-1,
5029,4941,5037,-1,
5021,4941,5029,-1,
5013,4941,5021,-1,
5005,4941,5013,-1,
4989,4941,4997,-1,
4981,4941,4989,-1,
4973,4941,4981,-1,
4965,4941,4973,-1,
5103,5075,4939,-1,
4939,5075,4863,-1,
4997,4941,5005,-1,
4929,4939,4863,-1,
4925,4929,4863,-1,
4921,4925,4863,-1,
4917,4921,4863,-1,
4913,4917,4863,-1,
4909,4913,4863,-1,
4905,4909,4863,-1,
4901,4905,4863,-1,
4897,4901,4863,-1,
4893,4897,4863,-1,
4889,4893,4863,-1,
4885,4889,4863,-1,
4881,4885,4863,-1,
4877,4881,4863,-1,
4873,4877,4863,-1,
4865,4863,5075,-1,
4867,4865,5075,-1,
4957,4941,4965,-1,
4949,4941,4957,-1,
4869,4941,4833,-1,
4941,4598,4833,-1,
4833,4598,4783,-1,
4783,4598,4543,-1,
4588,4543,4598,-1,
4543,4498,4783,-1,
4498,4463,4783,-1,
4463,4418,4783,-1,
4418,4383,4783,-1,
4383,4348,4783,-1,
4348,4298,4783,-1,
4783,4298,3898,-1,
4263,3898,4298,-1,
4218,3898,4263,-1,
4183,3898,4218,-1,
4138,3898,4183,-1,
3898,4138,4071,-1,
4093,4071,4138,-1,
3898,4071,3838,-1,
3808,3838,3668,-1,
3780,3788,3666,-1,
3772,3780,3666,-1,
3764,3772,3666,-1,
3756,3764,3666,-1,
3748,3756,3666,-1,
3740,3748,3666,-1,
3732,3740,3666,-1,
3724,3732,3666,-1,
3716,3724,3666,-1,
3708,3716,3666,-1,
3700,3708,3666,-1,
3692,3700,3666,-1,
3684,3692,3666,-1,
3676,3684,3666,-1,
3530,3666,3806,-1,
4071,3668,3838,-1,
3808,3530,3806,-1,
3530,3808,3532,-1,
3808,3668,3532,-1,
3652,3540,3668,-1,
3644,3540,3652,-1,
3636,3540,3644,-1,
3628,3540,3636,-1,
3620,3540,3628,-1,
3612,3540,3620,-1,
3604,3540,3612,-1,
3596,3540,3604,-1,
3588,3540,3596,-1,
3580,3540,3588,-1,
3572,3540,3580,-1,
3556,3540,3564,-1,
3548,3540,3556,-1,
3564,3540,3572,-1,
3666,3530,3492,-1,
3530,3257,3492,-1,
3492,3257,3442,-1,
3442,3257,3202,-1,
3247,3202,3257,-1,
3202,3157,3442,-1,
3157,3122,3442,-1,
3122,3077,3442,-1,
3077,3042,3442,-1,
3042,3007,3442,-1,
3007,2957,3442,-1,
3442,2957,2557,-1,
2922,2557,2957,-1,
2877,2557,2922,-1,
2842,2557,2877,-1,
2797,2557,2842,-1,
2557,2797,2730,-1,
2752,2730,2797,-1,
2557,2730,2497,-1,
2467,2497,2327,-1,
2439,2447,2325,-1,
2431,2439,2325,-1,
2423,2431,2325,-1,
2415,2423,2325,-1,
2407,2415,2325,-1,
2399,2407,2325,-1,
2391,2399,2325,-1,
2383,2391,2325,-1,
2375,2383,2325,-1,
2367,2375,2325,-1,
2359,2367,2325,-1,
2351,2359,2325,-1,
2343,2351,2325,-1,
2335,2343,2325,-1,
2189,2325,2465,-1,
2730,2327,2497,-1,
2467,2189,2465,-1,
2189,2467,2191,-1,
2467,2327,2191,-1,
2311,2199,2327,-1,
2303,2199,2311,-1,
2295,2199,2303,-1,
2287,2199,2295,-1,
2279,2199,2287,-1,
2271,2199,2279,-1,
2263,2199,2271,-1,
2255,2199,2263,-1,
2247,2199,2255,-1,
2239,2199,2247,-1,
2231,2199,2239,-1,
2215,2199,2223,-1,
2207,2199,2215,-1,
2223,2199,2231,-1,
2325,2189,2151,-1,
2189,1916,2151,-1,
2151,1916,2101,-1,
2101,1916,1861,-1,
1906,1861,1916,-1,
1861,1816,2101,-1,
1816,1781,2101,-1,
1781,1736,2101,-1,
1736,1701,2101,-1,
1701,1666,2101,-1,
1666,1616,2101,-1,
2101,1616,1216,-1,
1581,1216,1616,-1,
1536,1216,1581,-1,
1501,1216,1536,-1,
1456,1216,1501,-1,
1216,1456,1391,-1,
1411,1391,1456,-1,
1216,1391,1156,-1,
1156,1391,1126,-1,
1100,1098,1116,-1,
1120,1102,1118,-1,
1104,1122,1106,-1,
1124,1106,1122,-1,
1106,1124,1108,-1,
1126,1108,1124,-1,
1108,1126,1110,-1,
1126,1391,1110,-1,
940,1110,698,-1,
1391,698,1110,-1,
940,698,890,-1,
890,698,639,-1,
690,639,698,-1,
639,595,890,-1,
595,563,890,-1,
563,527,890,-1,
527,499,890,-1,
499,471,890,-1,
471,431,890,-1,
890,431,87,-1,
403,87,431,-1,
367,87,403,-1,
339,87,367,-1,
303,87,339,-1,
267,87,303,-1,
231,87,267,-1,
183,87,231,-1,
127,87,183,-1,
107,87,127,-1,
107,67,87,-1,
67,47,87,-1,
47,31,87,-1,
15,87,31,-1,
7281,7253,7279,-1,
7263,7253,7281,-1,
7257,7259,7231,-1,
7259,7037,7231,-1,
7231,7037,7189,-1,
7189,7037,6989,-1,
7025,6989,7037,-1,
6989,6951,7189,-1,
6951,6923,7189,-1,
6923,6887,7189,-1,
6887,6859,7189,-1,
6859,6825,7189,-1,
6825,6791,7189,-1,
7189,6791,6460,-1,
6763,6460,6791,-1,
6727,6460,6763,-1,
6699,6460,6727,-1,
6661,6460,6699,-1,
6460,6661,6613,-1,
6625,6613,6661,-1,
6460,6613,6418,-1,
6235,6418,6237,-1,
6613,6237,6418,-1,
7437,7421,7435,-1,
7435,7421,7407,-1,
7409,7407,7421,-1,
7409,7401,7407,-1,
7407,7401,7397,-1,
7401,7391,7397,-1,
7383,7397,7381,-1,
7391,7381,7397,-1,
7373,7383,7369,-1,
7381,7369,7383,-1,
7367,7373,7361,-1,
7363,7367,7353,-1,
7369,7361,7373,-1,
7357,7363,7343,-1,
7361,7353,7367,-1,
7351,7357,7337,-1,
7345,7351,7337,-1,
7353,7343,7363,-1,
7341,7345,7337,-1,
7343,7337,7357,-1,
7333,7337,7329,-1,
7341,7337,7333,-1,
7509,7511,7387,-1,
7491,7433,7511,-1,
7483,7433,7491,-1,
7477,7433,7483,-1,
7433,7477,7429,-1,
7429,7477,7425,-1,
7471,7425,7477,-1,
7425,7471,7419,-1,
7419,7471,7417,-1,
7433,7387,7511,-1,
7309,7509,7387,-1,
7501,7503,7385,-1,
7495,7385,7493,-1,
7493,7385,7503,-1,
7307,7501,7385,-1,
7531,7533,7487,-1,
7489,7487,7533,-1,
7527,7529,7443,-1,
7485,7481,7529,-1,
7481,7479,7529,-1,
7479,7475,7529,-1,
7475,7473,7529,-1,
7473,7469,7529,-1,
7469,7443,7529,-1,
7457,7443,7469,-1,
7445,7443,7457,-1,
7427,7443,7395,-1,
7445,7411,7443,-1,
7405,7427,7395,-1,
7399,7405,7395,-1,
7411,7395,7443,-1,
7399,7395,7389,-1,
7379,7389,7375,-1,
7395,7375,7389,-1,
7379,7375,7371,-1,
7371,7375,7365,-1,
7365,7375,7359,-1,
7359,7375,7349,-1,
7349,7375,7339,-1,
7347,7339,7375,-1,
7329,7337,7325,-1,
7339,7277,7337,-1,
7277,7325,7337,-1,
7321,7325,7299,-1,
7317,7321,7299,-1,
7347,7313,7339,-1,
7523,7525,7511,-1,
7491,7511,7525,-1,
7521,7505,7519,-1,
7519,7505,7495,-1,
7505,7507,7495,-1,
7385,7495,7275,-1,
7297,7385,7275,-1,
7507,7275,7495,-1,
7273,7297,7275,-1,
7515,7517,7503,-1,
7493,7503,7517,-1,
9116,9120,9082,-1,
9108,9116,9082,-1,
9112,9082,9120,-1,
9104,9082,9112,-1,
9100,9082,9104,-1,
9096,9082,9100,-1,
9087,9082,9096,-1,
9087,9077,9082,-1,
9077,9071,9082,-1,
9071,9052,9082,-1,
9052,9036,9082,-1,
9036,9027,9082,-1,
9027,9020,9082,-1,
9020,9011,9082,-1,
9082,9011,8907,-1,
9004,8907,9011,-1,
8995,8907,9004,-1,
8988,8907,8995,-1,
8978,8907,8988,-1,
8971,8907,8978,-1,
8962,8907,8971,-1,
8955,8907,8962,-1,
8946,8907,8955,-1,
8939,8907,8946,-1,
8935,8907,8939,-1,
8935,8668,8907,-1,
8668,8666,8588,-1,
8658,8588,8666,-1,
8650,8588,8658,-1,
8907,8668,8625,-1,
8625,8668,8608,-1,
8608,8668,8588,-1,
8617,8625,8608,-1,
8610,8617,8608,-1,
8644,8588,8650,-1,
8621,8588,8644,-1,
8603,8588,8621,-1,
8594,8588,8603,-1,
8594,8583,8588,-1,
8583,8576,8588,-1,
8576,8567,8588,-1,
8567,8560,8588,-1,
8560,8529,8588,-1,
8529,8477,8588,-1,
8477,8434,8588,-1,
8434,8368,8588,-1,
8368,8319,8588,-1,
8319,8283,8588,-1,
8588,8283,8114,-1,
8249,8114,8283,-1,
8242,8114,8249,-1,
8114,8242,8098,-1,
8098,8242,8096,-1,
8096,8242,7617,-1,
7717,7617,8242,-1,
7701,7617,7717,-1,
7686,7617,7701,-1,
7680,7617,7686,-1,
7670,7617,7680,-1,
7662,7617,7670,-1,
7635,7617,7662,-1,
7633,7617,7635,-1,
7631,7617,7633,-1,
7631,7537,7617,-1,
7257,7255,7545,-1,
7499,7271,7497,-1,
7549,7259,7547,-1,
7271,7261,7497,-1,
7261,7271,7251,-1,
7513,7497,7549,-1,
7273,7251,7271,-1,
7261,7549,7497,-1,
7259,7549,7261,-1,
7617,7537,7099,-1,
7537,7255,7099,-1,
7081,7099,7047,-1,
7067,7081,7047,-1,
7057,7067,7047,-1,
7035,7047,7099,-1,
7255,7035,7099,-1,
7047,7035,6969,-1,
7021,6969,7035,-1,
6985,6969,7021,-1,
6985,6947,6969,-1,
6947,6919,6969,-1,
6919,6883,6969,-1,
6883,6855,6969,-1,
6855,6818,6969,-1,
6818,6787,6969,-1,
6969,6787,6671,-1,
6759,6671,6787,-1,
6723,6671,6759,-1,
6695,6671,6723,-1,
6695,6657,6671,-1,
6657,6621,6671,-1,
6621,6611,6671,-1,
6671,6611,6589,-1,
6575,6589,6502,-1,
6557,6575,6502,-1,
6506,6557,6502,-1,
6611,6502,6589,-1,
6502,6611,6270,-1,
6611,6233,6270,-1,
6233,6235,6200,-1,
6235,6237,6200,-1,
6237,6239,6200,-1,
6227,6206,6239,-1,
6221,6206,6227,-1,
6213,6270,6132,-1,
6233,6132,6270,-1,
6215,6206,6221,-1,
7467,7417,7471,-1,
7417,7467,7415,-1,
7455,7415,7467,-1,
7449,7415,7455,-1,
7415,7449,7423,-1,
7441,7423,7449,-1,
7431,7423,7441,-1,
7433,7335,7387,-1,
7387,7335,7299,-1,
7335,7331,7299,-1,
7331,7327,7299,-1,
7327,7323,7299,-1,
7323,7319,7299,-1,
7319,7317,7299,-1,
7277,7299,7325,-1,
7313,7295,7339,-1,
7295,7293,7339,-1,
7293,7291,7339,-1,
7289,7277,7339,-1,
7291,7289,7339,-1,
7287,7277,7289,-1,
7285,7277,7287,-1,
7283,7277,7285,-1,
7279,7277,7283,-1,
3786,3798,3778,-1,
3778,3798,3522,-1,
3800,3522,3798,-1,
7461,7463,7301,-1,
7459,7461,7305,-1,
7453,7459,7305,-1,
7451,7453,7393,-1,
7447,7451,7403,-1,
7439,7447,7403,-1,
7413,7439,7403,-1,
7393,7403,7451,-1,
7305,7393,7453,-1,
7377,7393,7305,-1,
7355,7377,7311,-1,
7315,7355,7311,-1,
7305,7311,7377,-1,
7301,7305,7461,-1,
7465,7301,7463,-1,
7303,7301,7465,-1,
6554,6489,6578,-1,
7190,7158,7242,-1,
6682,6662,6710,-1,
7242,7158,7212,-1,
7242,7212,7226,-1,
7206,7170,7176,-1,
6495,6409,6441,-1,
6578,6489,6540,-1,
6972,6942,6990,-1,
6499,6477,6554,-1,
6483,6447,6477,-1,
6682,6626,6662,-1,
7078,7044,7072,-1,
6471,6427,6435,-1,
6441,6427,6453,-1,
6461,6409,6495,-1,
6495,7158,6461,-1,
7190,6461,7158,-1,
6471,6447,6483,-1,
6774,6764,6792,-1,
6578,6540,6584,-1,
6652,6608,6626,-1,
6942,6906,6924,-1,
7078,7072,7116,-1,
7154,7102,7176,-1,
6608,6578,6584,-1,
7212,7200,7226,-1,
6453,6427,6471,-1,
6441,6409,6427,-1,
6471,6435,6447,-1,
6802,6774,6792,-1,
6802,6792,6828,-1,
6860,6828,6829,-1,
6608,6584,6626,-1,
6924,6878,6888,-1,
6483,6477,6499,-1,
6774,6728,6764,-1,
6554,6477,6489,-1,
6828,6792,6829,-1,
7044,7000,7026,-1,
6990,6942,6952,-1,
6878,6850,6860,-1,
7200,7182,7226,-1,
7226,7182,7218,-1,
6710,6662,6700,-1,
6652,6626,6682,-1,
6746,6728,6774,-1,
7176,7102,7164,-1,
7044,7026,7072,-1,
6942,6924,6952,-1,
7218,7182,7206,-1,
6878,6860,6888,-1,
7170,7154,7176,-1,
6850,6828,6860,-1,
7000,6972,7026,-1,
7026,6972,6990,-1,
6906,6878,6924,-1,
7182,7170,7206,-1,
6746,6710,6728,-1,
6710,6700,6728,-1,
7164,7078,7116,-1,
7102,7078,7164,-1,
7182,7200,7158,-1,
7170,7182,7158,-1,
7212,7158,7200,-1,
7170,7158,7154,-1,
7154,7158,7102,-1,
7102,7158,7078,-1,
7078,7158,7044,-1,
7044,7158,7000,-1,
7000,7158,6972,-1,
6972,7158,6942,-1,
6942,7158,6906,-1,
6906,7158,6878,-1,
6878,7158,6850,-1,
6850,7158,6828,-1,
6828,7158,6802,-1,
6774,6802,6495,-1,
6746,6774,6495,-1,
6710,6746,6495,-1,
6682,6710,6495,-1,
6652,6682,6495,-1,
6608,6652,6495,-1,
6578,6608,6495,-1,
6554,6578,6495,-1,
6499,6554,6495,-1,
7158,6495,6802,-1,
6499,6495,6483,-1,
6483,6495,6471,-1,
6471,6495,6453,-1,
6441,6453,6495,-1,
6541,6540,6490,-1,
6489,6490,6540,-1,
7242,7243,7190,-1,
7191,7190,7243,-1,
6410,6409,6462,-1,
6461,6462,6409,-1,
6764,6728,6765,-1,
6729,6765,6728,-1,
6584,6540,6585,-1,
6541,6585,6540,-1,
6428,6427,6410,-1,
6409,6410,6427,-1,
6478,6477,6448,-1,
6447,6448,6477,-1,
6462,6461,6532,-1,
7190,6532,6461,-1,
6532,7190,7123,-1,
7191,7123,7190,-1,
6662,6626,6663,-1,
6627,6663,6626,-1,
7164,7165,7176,-1,
7177,7176,7165,-1,
6829,6792,6830,-1,
6793,6830,6792,-1,
6436,6435,6428,-1,
6427,6428,6435,-1,
6448,6447,6436,-1,
6435,6436,6447,-1,
6700,6662,6701,-1,
6663,6701,6662,-1,
6860,6829,6861,-1,
6830,6861,6829,-1,
6888,6860,6889,-1,
6861,6889,6860,-1,
7116,7117,7164,-1,
7165,7164,7117,-1,
6490,6489,6478,-1,
6477,6478,6489,-1,
7026,6990,7027,-1,
6991,7027,6990,-1,
6792,6764,6793,-1,
6765,6793,6764,-1,
6626,6584,6627,-1,
6585,6627,6584,-1,
6952,6924,6953,-1,
6925,6953,6924,-1,
6924,6888,6925,-1,
6889,6925,6888,-1,
6990,6952,6991,-1,
6953,6991,6952,-1,
6728,6700,6729,-1,
6701,6729,6700,-1,
7072,7026,7073,-1,
7027,7073,7026,-1,
7176,7177,7206,-1,
7207,7206,7177,-1,
7116,7072,7117,-1,
7073,7117,7072,-1,
7206,7207,7218,-1,
7219,7218,7207,-1,
7226,7227,7242,-1,
7243,7242,7227,-1,
7218,7219,7226,-1,
7227,7226,7219,-1,
3364,3366,2601,-1,
2601,3366,3344,-1,
3354,3344,3366,-1,
2629,2601,3344,-1,
2599,3364,2601,-1,
2619,2601,2629,-1,
3494,3474,3424,-1,
3464,3308,3474,-1,
3308,3424,3474,-1,
3308,3464,3298,-1,
3449,3298,3464,-1,
3343,3424,3323,-1,
3323,3424,3308,-1,
3298,3449,3273,-1,
3409,3273,3449,-1,
3273,3409,3263,-1,
3394,3263,3409,-1,
3263,3394,3218,-1,
3334,3218,3394,-1,
3218,3334,3208,-1,
3284,3208,3334,-1,
3208,3284,3173,-1,
3229,3173,3284,-1,
3173,3229,3158,-1,
3184,3158,3229,-1,
3158,3184,3123,-1,
3139,3123,3184,-1,
3123,3139,3093,-1,
3104,3093,3139,-1,
3093,3104,3078,-1,
3104,3059,3078,-1,
3078,3059,3043,-1,
3059,3024,3043,-1,
3043,3024,3008,-1,
3008,3024,2973,-1,
3024,2977,2973,-1,
2973,2977,2963,-1,
2977,2939,2963,-1,
2963,2939,2928,-1,
2939,2904,2928,-1,
2928,2904,2893,-1,
2878,2893,2859,-1,
2904,2859,2893,-1,
2848,2878,2824,-1,
2859,2824,2878,-1,
2813,2848,2779,-1,
2798,2813,2734,-1,
2824,2779,2848,-1,
2763,2798,2689,-1,
2753,2763,2639,-1,
2779,2734,2813,-1,
2708,2753,2579,-1,
2698,2708,2564,-1,
2734,2689,2798,-1,
2673,2698,2524,-1,
2663,2673,2509,-1,
2648,2663,2539,-1,
2689,2639,2763,-1,
2628,2648,2539,-1,
2639,2579,2753,-1,
2579,2564,2708,-1,
2499,2539,2663,-1,
2564,2524,2698,-1,
2524,2509,2673,-1,
2509,2499,2663,-1,
2469,2539,2499,-1,
3353,3365,3343,-1,
2600,3343,3365,-1,
2628,3343,2600,-1,
2618,2628,2600,-1,
3363,2600,3365,-1,
2598,2600,3363,-1,
3365,3366,3363,-1,
3364,3363,3366,-1,
3353,3354,3365,-1,
3366,3365,3354,-1,
3323,3324,3343,-1,
3324,3344,3343,-1,
3343,3344,3353,-1,
3354,3353,3344,-1,
3308,3309,3323,-1,
3324,3323,3309,-1,
3298,3299,3308,-1,
3309,3308,3299,-1,
3273,3274,3298,-1,
3299,3298,3274,-1,
3263,3264,3273,-1,
3274,3273,3264,-1,
3218,3219,3263,-1,
3264,3263,3219,-1,
3208,3209,3218,-1,
3219,3218,3209,-1,
3208,3173,3209,-1,
3174,3209,3173,-1,
3173,3158,3174,-1,
3159,3174,3158,-1,
3158,3123,3159,-1,
3124,3159,3123,-1,
3123,3093,3124,-1,
3094,3124,3093,-1,
3093,3078,3094,-1,
3079,3094,3078,-1,
3078,3043,3079,-1,
3044,3079,3043,-1,
3043,3008,3044,-1,
3009,3044,3008,-1,
3008,2973,3009,-1,
2974,3009,2973,-1,
2973,2963,2974,-1,
2964,2974,2963,-1,
2963,2928,2964,-1,
2929,2964,2928,-1,
2928,2893,2929,-1,
2894,2929,2893,-1,
2893,2878,2894,-1,
2879,2894,2878,-1,
2878,2848,2879,-1,
2849,2879,2848,-1,
2848,2813,2849,-1,
2814,2849,2813,-1,
2813,2798,2814,-1,
2799,2814,2798,-1,
2798,2763,2799,-1,
2764,2799,2763,-1,
2764,2763,2754,-1,
2753,2754,2763,-1,
2754,2753,2709,-1,
2708,2709,2753,-1,
2709,2708,2699,-1,
2698,2699,2708,-1,
2699,2698,2674,-1,
2673,2674,2698,-1,
2674,2673,2664,-1,
2663,2664,2673,-1,
2664,2663,2649,-1,
2648,2649,2663,-1,
2649,2648,2629,-1,
2648,2628,2629,-1,
2629,2628,2619,-1,
2618,2619,2628,-1,
2619,2618,2601,-1,
2600,2601,2618,-1,
2601,2600,2599,-1,
2598,2599,2600,-1,
2598,3363,2599,-1,
3364,2599,3363,-1,
3248,3230,3249,-1,
3231,3249,3230,-1,
3495,3496,3425,-1,
3426,3425,3496,-1,
2471,2470,2541,-1,
2540,2541,2470,-1,
2825,2780,2826,-1,
2781,2826,2780,-1,
3060,3025,3061,-1,
3026,3061,3025,-1,
2540,2629,2541,-1,
3344,2541,2629,-1,
2541,3344,3426,-1,
3425,3426,3344,-1,
2735,2731,2736,-1,
2732,2736,2731,-1,
2489,2488,2471,-1,
2470,2471,2488,-1,
3483,3484,3495,-1,
3496,3495,3484,-1,
2780,2735,2781,-1,
2736,2781,2735,-1,
3185,3140,3186,-1,
3141,3186,3140,-1,
2905,2860,2906,-1,
2861,2906,2860,-1,
2860,2825,2861,-1,
2826,2861,2825,-1,
2940,2905,2941,-1,
2906,2941,2905,-1,
3025,2978,3026,-1,
2979,3026,2978,-1,
2978,2940,2979,-1,
2941,2979,2940,-1,
3230,3185,3231,-1,
3186,3231,3185,-1,
3105,3060,3106,-1,
3061,3106,3060,-1,
3140,3105,3141,-1,
3106,3141,3105,-1,
2658,2578,2683,-1,
3423,3388,3493,-1,
2808,2778,2843,-1,
3493,3388,3458,-1,
3493,3458,3473,-1,
3448,3403,3408,-1,
2588,2468,2518,-1,
2683,2578,2638,-1,
3168,3133,3183,-1,
2593,2563,2658,-1,
2573,2523,2563,-1,
2808,2733,2778,-1,
3293,3258,3283,-1,
2558,2498,2508,-1,
2518,2498,2533,-1,
2538,2468,2588,-1,
2588,3388,2538,-1,
3423,2538,3388,-1,
2558,2523,2573,-1,
2923,2903,2938,-1,
2683,2638,2688,-1,
2773,2718,2733,-1,
3133,3088,3103,-1,
3293,3283,3333,-1,
3383,3318,3408,-1,
2718,2683,2688,-1,
3458,3443,3473,-1,
2533,2498,2558,-1,
2518,2468,2498,-1,
2558,2508,2523,-1,
2958,2923,2938,-1,
2958,2938,2975,-1,
3023,2975,2976,-1,
2718,2688,2733,-1,
3103,3053,3058,-1,
2573,2563,2593,-1,
2923,2858,2903,-1,
2658,2563,2578,-1,
2975,2938,2976,-1,
3258,3203,3228,-1,
3183,3133,3138,-1,
3053,3018,3023,-1,
3443,3418,3473,-1,
3473,3418,3463,-1,
2843,2778,2823,-1,
2773,2733,2808,-1,
2888,2858,2923,-1,
3408,3318,3393,-1,
3258,3228,3283,-1,
3133,3103,3138,-1,
3463,3418,3448,-1,
3053,3023,3058,-1,
3403,3383,3408,-1,
3018,2975,3023,-1,
3203,3168,3228,-1,
3228,3168,3183,-1,
3088,3053,3103,-1,
3418,3403,3448,-1,
2888,2843,2858,-1,
2843,2823,2858,-1,
3393,3293,3333,-1,
3318,3293,3393,-1,
3418,3443,3388,-1,
3403,3418,3388,-1,
3458,3388,3443,-1,
3403,3388,3383,-1,
3383,3388,3318,-1,
3318,3388,3293,-1,
3293,3388,3258,-1,
3258,3388,3203,-1,
3203,3388,3168,-1,
3168,3388,3133,-1,
3133,3388,3088,-1,
3088,3388,3053,-1,
3053,3388,3018,-1,
3018,3388,2975,-1,
2975,3388,2958,-1,
2923,2958,2588,-1,
2888,2923,2588,-1,
2843,2888,2588,-1,
2808,2843,2588,-1,
2773,2808,2588,-1,
2718,2773,2588,-1,
2683,2718,2588,-1,
2658,2683,2588,-1,
2593,2658,2588,-1,
3388,2588,2958,-1,
2593,2588,2573,-1,
2573,2588,2558,-1,
2558,2588,2533,-1,
2518,2533,2588,-1,
2639,2638,2579,-1,
2578,2579,2638,-1,
3493,3494,3423,-1,
3424,3423,3494,-1,
2469,2468,2539,-1,
2538,2539,2468,-1,
2903,2858,2904,-1,
2859,2904,2858,-1,
2688,2638,2689,-1,
2639,2689,2638,-1,
2499,2498,2469,-1,
2468,2469,2498,-1,
2564,2563,2524,-1,
2523,2524,2563,-1,
2539,2538,2628,-1,
3423,2628,2538,-1,
2628,3423,3343,-1,
3424,3343,3423,-1,
2778,2733,2779,-1,
2734,2779,2733,-1,
3393,3394,3408,-1,
3409,3408,3394,-1,
2976,2938,2977,-1,
2939,2977,2938,-1,
2509,2508,2499,-1,
2498,2499,2508,-1,
2524,2523,2509,-1,
2508,2509,2523,-1,
2823,2778,2824,-1,
2779,2824,2778,-1,
3023,2976,3024,-1,
2977,3024,2976,-1,
3058,3023,3059,-1,
3024,3059,3023,-1,
3333,3334,3393,-1,
3394,3393,3334,-1,
2579,2578,2564,-1,
2563,2564,2578,-1,
3228,3183,3229,-1,
3184,3229,3183,-1,
2938,2903,2939,-1,
2904,2939,2903,-1,
2733,2688,2734,-1,
2689,2734,2688,-1,
3138,3103,3139,-1,
3104,3139,3103,-1,
3103,3058,3104,-1,
3059,3104,3058,-1,
3183,3138,3184,-1,
3139,3184,3138,-1,
2858,2823,2859,-1,
2824,2859,2823,-1,
3283,3228,3284,-1,
3229,3284,3228,-1,
3408,3409,3448,-1,
3449,3448,3409,-1,
3333,3283,3334,-1,
3284,3334,3283,-1,
3448,3449,3463,-1,
3464,3463,3449,-1,
3473,3474,3493,-1,
3494,3493,3474,-1,
3463,3464,3473,-1,
3474,3473,3464,-1,
3376,3378,2613,-1,
2613,3378,3350,-1,
3360,3350,3378,-1,
2635,2613,3350,-1,
2611,3376,2613,-1,
2625,2613,2635,-1,
3506,3480,3436,-1,
3470,3314,3480,-1,
3314,3436,3480,-1,
3314,3470,3304,-1,
3455,3304,3470,-1,
3349,3436,3329,-1,
3329,3436,3314,-1,
3304,3455,3279,-1,
3415,3279,3455,-1,
3279,3415,3269,-1,
3400,3269,3415,-1,
3269,3400,3224,-1,
3340,3224,3400,-1,
3224,3340,3214,-1,
3290,3214,3340,-1,
3214,3290,3179,-1,
3241,3179,3290,-1,
3179,3241,3164,-1,
3196,3164,3241,-1,
3164,3196,3129,-1,
3151,3129,3196,-1,
3129,3151,3099,-1,
3116,3099,3151,-1,
3099,3116,3084,-1,
3116,3071,3084,-1,
3084,3071,3049,-1,
3071,3036,3049,-1,
3049,3036,3014,-1,
3014,3036,2994,-1,
3036,2998,2994,-1,
2994,2998,2969,-1,
2998,2951,2969,-1,
2969,2951,2934,-1,
2951,2916,2934,-1,
2934,2916,2899,-1,
2884,2899,2871,-1,
2916,2871,2899,-1,
2854,2884,2836,-1,
2871,2836,2884,-1,
2819,2854,2791,-1,
2804,2819,2746,-1,
2836,2791,2854,-1,
2769,2804,2695,-1,
2759,2769,2645,-1,
2791,2746,2819,-1,
2714,2759,2585,-1,
2704,2714,2570,-1,
2746,2695,2804,-1,
2679,2704,2530,-1,
2669,2679,2515,-1,
2654,2669,2551,-1,
2695,2645,2769,-1,
2634,2654,2551,-1,
2645,2585,2759,-1,
2585,2570,2714,-1,
2505,2551,2669,-1,
2570,2530,2704,-1,
2530,2515,2679,-1,
2515,2505,2669,-1,
2481,2551,2505,-1,
3359,3377,3349,-1,
2612,3349,3377,-1,
2634,3349,2612,-1,
2624,2634,2612,-1,
3375,2612,3377,-1,
2610,2612,3375,-1,
3377,3378,3375,-1,
3376,3375,3378,-1,
3359,3360,3377,-1,
3378,3377,3360,-1,
3329,3330,3349,-1,
3330,3350,3349,-1,
3349,3350,3359,-1,
3360,3359,3350,-1,
3314,3315,3329,-1,
3330,3329,3315,-1,
3304,3305,3314,-1,
3315,3314,3305,-1,
3279,3280,3304,-1,
3305,3304,3280,-1,
3269,3270,3279,-1,
3280,3279,3270,-1,
3224,3225,3269,-1,
3270,3269,3225,-1,
3214,3215,3224,-1,
3225,3224,3215,-1,
3214,3179,3215,-1,
3180,3215,3179,-1,
3179,3164,3180,-1,
3165,3180,3164,-1,
3164,3129,3165,-1,
3130,3165,3129,-1,
3129,3099,3130,-1,
3100,3130,3099,-1,
3099,3084,3100,-1,
3085,3100,3084,-1,
3084,3049,3085,-1,
3050,3085,3049,-1,
3049,3014,3050,-1,
3015,3050,3014,-1,
3014,2994,3015,-1,
2995,3015,2994,-1,
2994,2969,2995,-1,
2970,2995,2969,-1,
2969,2934,2970,-1,
2935,2970,2934,-1,
2934,2899,2935,-1,
2900,2935,2899,-1,
2899,2884,2900,-1,
2885,2900,2884,-1,
2884,2854,2885,-1,
2855,2885,2854,-1,
2854,2819,2855,-1,
2820,2855,2819,-1,
2819,2804,2820,-1,
2805,2820,2804,-1,
2804,2769,2805,-1,
2770,2805,2769,-1,
2770,2769,2760,-1,
2759,2760,2769,-1,
2760,2759,2715,-1,
2714,2715,2759,-1,
2715,2714,2705,-1,
2704,2705,2714,-1,
2705,2704,2680,-1,
2679,2680,2704,-1,
2680,2679,2670,-1,
2669,2670,2679,-1,
2670,2669,2655,-1,
2654,2655,2669,-1,
2655,2654,2635,-1,
2654,2634,2635,-1,
2635,2634,2625,-1,
2624,2625,2634,-1,
2625,2624,2613,-1,
2612,2613,2624,-1,
2613,2612,2611,-1,
2610,2611,2612,-1,
2610,3375,2611,-1,
3376,2611,3375,-1,
3254,3242,3255,-1,
3243,3255,3242,-1,
3507,3508,3437,-1,
3438,3437,3508,-1,
2483,2482,2553,-1,
2552,2553,2482,-1,
2837,2792,2838,-1,
2793,2838,2792,-1,
3072,3037,3073,-1,
3038,3073,3037,-1,
2552,2635,2553,-1,
3350,2553,2635,-1,
2553,3350,3438,-1,
3437,3438,3350,-1,
2747,2727,2748,-1,
2728,2748,2727,-1,
2495,2494,2483,-1,
2482,2483,2494,-1,
3489,3490,3507,-1,
3508,3507,3490,-1,
2792,2747,2793,-1,
2748,2793,2747,-1,
3197,3152,3198,-1,
3153,3198,3152,-1,
2917,2872,2918,-1,
2873,2918,2872,-1,
2872,2837,2873,-1,
2838,2873,2837,-1,
2952,2917,2953,-1,
2918,2953,2917,-1,
3037,2999,3038,-1,
3000,3038,2999,-1,
2999,2952,3000,-1,
2953,3000,2952,-1,
3242,3197,3243,-1,
3198,3243,3197,-1,
3117,3072,3118,-1,
3073,3118,3072,-1,
3152,3117,3153,-1,
3118,3153,3117,-1,
2661,2584,2686,-1,
3435,3391,3505,-1,
2811,2790,2846,-1,
3505,3391,3461,-1,
3505,3461,3479,-1,
3454,3406,3414,-1,
2591,2480,2521,-1,
2686,2584,2644,-1,
3171,3136,3195,-1,
2596,2569,2661,-1,
2576,2529,2569,-1,
2811,2745,2790,-1,
3296,3261,3289,-1,
2561,2504,2514,-1,
2521,2504,2536,-1,
2550,2480,2591,-1,
2591,3391,2550,-1,
3435,2550,3391,-1,
2561,2529,2576,-1,
2926,2915,2950,-1,
2686,2644,2694,-1,
2776,2721,2745,-1,
3136,3091,3115,-1,
3296,3289,3339,-1,
3386,3321,3414,-1,
2721,2686,2694,-1,
3461,3446,3479,-1,
2536,2504,2561,-1,
2521,2480,2504,-1,
2561,2514,2529,-1,
2961,2926,2950,-1,
2961,2950,2996,-1,
3035,2996,2997,-1,
2721,2694,2745,-1,
3115,3056,3070,-1,
2576,2569,2596,-1,
2926,2870,2915,-1,
2661,2569,2584,-1,
2996,2950,2997,-1,
3261,3206,3240,-1,
3195,3136,3150,-1,
3056,3021,3035,-1,
3446,3421,3479,-1,
3479,3421,3469,-1,
2846,2790,2835,-1,
2776,2745,2811,-1,
2891,2870,2926,-1,
3414,3321,3399,-1,
3261,3240,3289,-1,
3136,3115,3150,-1,
3469,3421,3454,-1,
3056,3035,3070,-1,
3406,3386,3414,-1,
3021,2996,3035,-1,
3206,3171,3240,-1,
3240,3171,3195,-1,
3091,3056,3115,-1,
3421,3406,3454,-1,
2891,2846,2870,-1,
2846,2835,2870,-1,
3399,3296,3339,-1,
3321,3296,3399,-1,
3421,3446,3391,-1,
3406,3421,3391,-1,
3461,3391,3446,-1,
3406,3391,3386,-1,
3386,3391,3321,-1,
3321,3391,3296,-1,
3296,3391,3261,-1,
3261,3391,3206,-1,
3206,3391,3171,-1,
3171,3391,3136,-1,
3136,3391,3091,-1,
3091,3391,3056,-1,
3056,3391,3021,-1,
3021,3391,2996,-1,
2996,3391,2961,-1,
2926,2961,2591,-1,
2891,2926,2591,-1,
2846,2891,2591,-1,
2811,2846,2591,-1,
2776,2811,2591,-1,
2721,2776,2591,-1,
2686,2721,2591,-1,
2661,2686,2591,-1,
2596,2661,2591,-1,
3391,2591,2961,-1,
2596,2591,2576,-1,
2576,2591,2561,-1,
2561,2591,2536,-1,
2521,2536,2591,-1,
2645,2644,2585,-1,
2584,2585,2644,-1,
3505,3506,3435,-1,
3436,3435,3506,-1,
2481,2480,2551,-1,
2550,2551,2480,-1,
2915,2870,2916,-1,
2871,2916,2870,-1,
2694,2644,2695,-1,
2645,2695,2644,-1,
2505,2504,2481,-1,
2480,2481,2504,-1,
2570,2569,2530,-1,
2529,2530,2569,-1,
2551,2550,2634,-1,
3435,2634,2550,-1,
2634,3435,3349,-1,
3436,3349,3435,-1,
2790,2745,2791,-1,
2746,2791,2745,-1,
3399,3400,3414,-1,
3415,3414,3400,-1,
2997,2950,2998,-1,
2951,2998,2950,-1,
2515,2514,2505,-1,
2504,2505,2514,-1,
2530,2529,2515,-1,
2514,2515,2529,-1,
2835,2790,2836,-1,
2791,2836,2790,-1,
3035,2997,3036,-1,
2998,3036,2997,-1,
3070,3035,3071,-1,
3036,3071,3035,-1,
3339,3340,3399,-1,
3400,3399,3340,-1,
2585,2584,2570,-1,
2569,2570,2584,-1,
3240,3195,3241,-1,
3196,3241,3195,-1,
2950,2915,2951,-1,
2916,2951,2915,-1,
2745,2694,2746,-1,
2695,2746,2694,-1,
3150,3115,3151,-1,
3116,3151,3115,-1,
3115,3070,3116,-1,
3071,3116,3070,-1,
3195,3150,3196,-1,
3151,3196,3150,-1,
2870,2835,2871,-1,
2836,2871,2835,-1,
3289,3240,3290,-1,
3241,3290,3240,-1,
3414,3415,3454,-1,
3455,3454,3415,-1,
3339,3289,3340,-1,
3290,3340,3289,-1,
3454,3455,3469,-1,
3470,3469,3455,-1,
3479,3480,3505,-1,
3506,3505,3480,-1,
3469,3470,3479,-1,
3480,3479,3470,-1,
8426,8428,7760,-1,
7760,8428,8410,-1,
8416,8410,8428,-1,
7772,7760,8410,-1,
7758,8426,7760,-1,
7766,7760,7772,-1,
8551,8539,8488,-1,
8520,8382,8539,-1,
8382,8488,8539,-1,
8382,8520,8375,-1,
8505,8375,8520,-1,
8409,8488,8391,-1,
8391,8488,8382,-1,
8375,8505,8348,-1,
8468,8348,8505,-1,
8348,8468,8342,-1,
8451,8342,8468,-1,
8342,8451,8314,-1,
8402,8314,8451,-1,
8314,8402,8305,-1,
8359,8305,8402,-1,
8305,8359,8278,-1,
8329,8278,8359,-1,
8278,8329,8266,-1,
8295,8266,8329,-1,
8266,8295,8236,-1,
8259,8236,8295,-1,
8236,8259,8211,-1,
8225,8211,8259,-1,
8211,8225,8185,-1,
8225,8172,8185,-1,
8185,8172,8145,-1,
8172,8129,8145,-1,
8145,8129,8107,-1,
8107,8129,8078,-1,
8129,8082,8078,-1,
8078,8082,8035,-1,
8082,8020,8035,-1,
8035,8020,8006,-1,
8020,7990,8006,-1,
8006,7990,7978,-1,
7961,7978,7953,-1,
7990,7953,7978,-1,
7936,7961,7923,-1,
7953,7923,7961,-1,
7912,7936,7889,-1,
7896,7912,7855,-1,
7923,7889,7936,-1,
7869,7896,7817,-1,
7862,7869,7778,-1,
7889,7855,7912,-1,
7833,7862,7742,-1,
7822,7833,7726,-1,
7855,7817,7896,-1,
7805,7822,7695,-1,
7799,7805,7676,-1,
7785,7799,7711,-1,
7817,7778,7869,-1,
7771,7785,7711,-1,
7778,7742,7862,-1,
7742,7726,7833,-1,
7668,7711,7799,-1,
7726,7695,7822,-1,
7695,7676,7805,-1,
7676,7668,7799,-1,
7649,7711,7668,-1,
8415,8427,8409,-1,
7759,8409,8427,-1,
7771,8409,7759,-1,
7765,7771,7759,-1,
8425,7759,8427,-1,
7757,7759,8425,-1,
8427,8428,8425,-1,
8426,8425,8428,-1,
8415,8416,8427,-1,
8428,8427,8416,-1,
8391,8392,8409,-1,
8392,8410,8409,-1,
8409,8410,8415,-1,
8416,8415,8410,-1,
8382,8383,8391,-1,
8392,8391,8383,-1,
8375,8376,8382,-1,
8383,8382,8376,-1,
8348,8349,8375,-1,
8376,8375,8349,-1,
8342,8343,8348,-1,
8349,8348,8343,-1,
8314,8315,8342,-1,
8343,8342,8315,-1,
8305,8306,8314,-1,
8315,8314,8306,-1,
8305,8278,8306,-1,
8279,8306,8278,-1,
8278,8266,8279,-1,
8267,8279,8266,-1,
8266,8236,8267,-1,
8237,8267,8236,-1,
8236,8211,8237,-1,
8212,8237,8211,-1,
8211,8185,8212,-1,
8186,8212,8185,-1,
8185,8145,8186,-1,
8146,8186,8145,-1,
8145,8107,8146,-1,
8108,8146,8107,-1,
8107,8078,8108,-1,
8079,8108,8078,-1,
8078,8035,8079,-1,
8036,8079,8035,-1,
8035,8006,8036,-1,
8007,8036,8006,-1,
8006,7978,8007,-1,
7979,8007,7978,-1,
7978,7961,7979,-1,
7962,7979,7961,-1,
7961,7936,7962,-1,
7937,7962,7936,-1,
7936,7912,7937,-1,
7913,7937,7912,-1,
7912,7896,7913,-1,
7897,7913,7896,-1,
7896,7869,7897,-1,
7870,7897,7869,-1,
7870,7869,7863,-1,
7862,7863,7869,-1,
7863,7862,7834,-1,
7833,7834,7862,-1,
7834,7833,7823,-1,
7822,7823,7833,-1,
7823,7822,7806,-1,
7805,7806,7822,-1,
7806,7805,7800,-1,
7799,7800,7805,-1,
7800,7799,7786,-1,
7785,7786,7799,-1,
7786,7785,7772,-1,
7785,7771,7772,-1,
7772,7771,7766,-1,
7765,7766,7771,-1,
7766,7765,7760,-1,
7759,7760,7765,-1,
7760,7759,7758,-1,
7757,7758,7759,-1,
7757,8425,7758,-1,
8426,7758,8425,-1,
8360,8330,8361,-1,
8331,8361,8330,-1,
8552,8553,8489,-1,
8490,8489,8553,-1,
7651,7650,7713,-1,
7712,7713,7650,-1,
7924,7890,7925,-1,
7891,7925,7890,-1,
8173,8130,8174,-1,
8131,8174,8130,-1,
7712,7772,7713,-1,
8410,7713,7772,-1,
7713,8410,8490,-1,
8489,8490,8410,-1,
7856,7844,7857,-1,
7845,7857,7844,-1,
8403,8360,8404,-1,
8361,8404,8360,-1,
7659,7658,7651,-1,
7650,7651,7658,-1,
8469,8470,8506,-1,
8507,8506,8470,-1,
8540,8541,8552,-1,
8553,8552,8541,-1,
7890,7856,7891,-1,
7857,7891,7856,-1,
8296,8260,8297,-1,
8261,8297,8260,-1,
7991,7954,7992,-1,
7955,7992,7954,-1,
7954,7924,7955,-1,
7925,7955,7924,-1,
8021,7991,8022,-1,
7992,8022,7991,-1,
8130,8083,8131,-1,
8084,8131,8083,-1,
8083,8021,8084,-1,
8022,8084,8021,-1,
8521,8522,8540,-1,
8541,8540,8522,-1,
8403,8404,8452,-1,
8453,8452,8404,-1,
8330,8296,8331,-1,
8297,8331,8296,-1,
8452,8453,8469,-1,
8470,8469,8453,-1,
8506,8507,8521,-1,
8522,8521,8507,-1,
8226,8173,8227,-1,
8174,8227,8173,-1,
8260,8226,8261,-1,
8227,8261,8226,-1,
7790,7741,7809,-1,
8487,8441,8550,-1,
7903,7888,7931,-1,
8550,8441,8510,-1,
8550,8510,8538,-1,
8504,8458,8467,-1,
7745,7648,7689,-1,
7809,7741,7777,-1,
8272,8240,8294,-1,
7748,7725,7790,-1,
7729,7694,7725,-1,
7903,7854,7888,-1,
8364,8334,8358,-1,
7720,7667,7675,-1,
7689,7667,7699,-1,
7710,7648,7745,-1,
7745,8441,7710,-1,
8487,7710,8441,-1,
7720,7694,7729,-1,
7995,7989,8019,-1,
7809,7777,7816,-1,
7873,7837,7854,-1,
8240,8202,8224,-1,
8364,8358,8401,-1,
8437,8386,8467,-1,
7837,7809,7816,-1,
8510,8495,8538,-1,
7699,7667,7720,-1,
7689,7648,7667,-1,
7720,7675,7694,-1,
8027,7995,8019,-1,
8027,8019,8080,-1,
8128,8080,8081,-1,
7837,7816,7854,-1,
8224,8162,8171,-1,
7729,7725,7748,-1,
7995,7952,7989,-1,
7790,7725,7741,-1,
8080,8019,8081,-1,
8334,8300,8328,-1,
8294,8240,8258,-1,
8162,8117,8128,-1,
8495,8473,8538,-1,
8538,8473,8519,-1,
7931,7888,7922,-1,
7873,7854,7903,-1,
7965,7952,7995,-1,
8467,8386,8450,-1,
8334,8328,8358,-1,
8240,8224,8258,-1,
8519,8473,8504,-1,
8162,8128,8171,-1,
8458,8437,8467,-1,
8117,8080,8128,-1,
8300,8272,8328,-1,
8328,8272,8294,-1,
8202,8162,8224,-1,
8473,8458,8504,-1,
7965,7931,7952,-1,
7931,7922,7952,-1,
8450,8364,8401,-1,
8386,8364,8450,-1,
8473,8495,8441,-1,
8458,8473,8441,-1,
8510,8441,8495,-1,
8458,8441,8437,-1,
8437,8441,8386,-1,
8386,8441,8364,-1,
8364,8441,8334,-1,
8334,8441,8300,-1,
8300,8441,8272,-1,
8272,8441,8240,-1,
8240,8441,8202,-1,
8202,8441,8162,-1,
8162,8441,8117,-1,
8117,8441,8080,-1,
8080,8441,8027,-1,
7995,8027,7745,-1,
7965,7995,7745,-1,
7931,7965,7745,-1,
7903,7931,7745,-1,
7873,7903,7745,-1,
7837,7873,7745,-1,
7809,7837,7745,-1,
7790,7809,7745,-1,
7748,7790,7745,-1,
8441,7745,8027,-1,
7748,7745,7729,-1,
7729,7745,7720,-1,
7720,7745,7699,-1,
7689,7699,7745,-1,
7778,7777,7742,-1,
7741,7742,7777,-1,
8550,8551,8487,-1,
8488,8487,8551,-1,
7649,7648,7711,-1,
7710,7711,7648,-1,
7989,7952,7990,-1,
7953,7990,7952,-1,
7816,7777,7817,-1,
7778,7817,7777,-1,
7668,7667,7649,-1,
7648,7649,7667,-1,
7726,7725,7695,-1,
7694,7695,7725,-1,
7711,7710,7771,-1,
8487,7771,7710,-1,
7771,8487,8409,-1,
8488,8409,8487,-1,
7888,7854,7889,-1,
7855,7889,7854,-1,
8450,8451,8467,-1,
8468,8467,8451,-1,
8081,8019,8082,-1,
8020,8082,8019,-1,
7676,7675,7668,-1,
7667,7668,7675,-1,
7695,7694,7676,-1,
7675,7676,7694,-1,
7922,7888,7923,-1,
7889,7923,7888,-1,
8128,8081,8129,-1,
8082,8129,8081,-1,
8171,8128,8172,-1,
8129,8172,8128,-1,
8401,8402,8450,-1,
8451,8450,8402,-1,
7742,7741,7726,-1,
7725,7726,7741,-1,
8328,8294,8329,-1,
8295,8329,8294,-1,
8019,7989,8020,-1,
7990,8020,7989,-1,
7854,7816,7855,-1,
7817,7855,7816,-1,
8258,8224,8259,-1,
8225,8259,8224,-1,
8224,8171,8225,-1,
8172,8225,8171,-1,
8294,8258,8295,-1,
8259,8295,8258,-1,
7952,7922,7953,-1,
7923,7953,7922,-1,
8358,8328,8359,-1,
8329,8359,8328,-1,
8467,8468,8504,-1,
8505,8504,8468,-1,
8401,8358,8402,-1,
8359,8402,8358,-1,
8504,8505,8519,-1,
8520,8519,8505,-1,
8538,8539,8550,-1,
8551,8550,8539,-1,
8519,8520,8538,-1,
8539,8538,8520,-1,
3368,3370,2605,-1,
2605,3370,3346,-1,
3356,3346,3370,-1,
2631,2605,3346,-1,
2603,3368,2605,-1,
2621,2605,2631,-1,
3498,3476,3428,-1,
3466,3310,3476,-1,
3310,3428,3476,-1,
3310,3466,3300,-1,
3451,3300,3466,-1,
3345,3428,3325,-1,
3325,3428,3310,-1,
3300,3451,3275,-1,
3411,3275,3451,-1,
3275,3411,3265,-1,
3396,3265,3411,-1,
3265,3396,3220,-1,
3336,3220,3396,-1,
3220,3336,3210,-1,
3286,3210,3336,-1,
3210,3286,3175,-1,
3233,3175,3286,-1,
3175,3233,3160,-1,
3188,3160,3233,-1,
3160,3188,3125,-1,
3143,3125,3188,-1,
3125,3143,3095,-1,
3108,3095,3143,-1,
3095,3108,3080,-1,
3108,3063,3080,-1,
3080,3063,3045,-1,
3063,3028,3045,-1,
3045,3028,3010,-1,
3010,3028,2980,-1,
3028,2984,2980,-1,
2980,2984,2965,-1,
2984,2943,2965,-1,
2965,2943,2930,-1,
2943,2908,2930,-1,
2930,2908,2895,-1,
2880,2895,2863,-1,
2908,2863,2895,-1,
2850,2880,2828,-1,
2863,2828,2880,-1,
2815,2850,2783,-1,
2800,2815,2738,-1,
2828,2783,2850,-1,
2765,2800,2691,-1,
2755,2765,2641,-1,
2783,2738,2815,-1,
2710,2755,2581,-1,
2700,2710,2566,-1,
2738,2691,2800,-1,
2675,2700,2526,-1,
2665,2675,2511,-1,
2650,2665,2543,-1,
2691,2641,2765,-1,
2630,2650,2543,-1,
2641,2581,2755,-1,
2581,2566,2710,-1,
2501,2543,2665,-1,
2566,2526,2700,-1,
2526,2511,2675,-1,
2511,2501,2665,-1,
2473,2543,2501,-1,
3355,3369,3345,-1,
2604,3345,3369,-1,
2630,3345,2604,-1,
2620,2630,2604,-1,
3367,2604,3369,-1,
2602,2604,3367,-1,
3369,3370,3367,-1,
3368,3367,3370,-1,
3355,3356,3369,-1,
3370,3369,3356,-1,
3325,3326,3345,-1,
3326,3346,3345,-1,
3345,3346,3355,-1,
3356,3355,3346,-1,
3310,3311,3325,-1,
3326,3325,3311,-1,
3300,3301,3310,-1,
3311,3310,3301,-1,
3275,3276,3300,-1,
3301,3300,3276,-1,
3265,3266,3275,-1,
3276,3275,3266,-1,
3220,3221,3265,-1,
3266,3265,3221,-1,
3210,3211,3220,-1,
3221,3220,3211,-1,
3210,3175,3211,-1,
3176,3211,3175,-1,
3175,3160,3176,-1,
3161,3176,3160,-1,
3160,3125,3161,-1,
3126,3161,3125,-1,
3125,3095,3126,-1,
3096,3126,3095,-1,
3095,3080,3096,-1,
3081,3096,3080,-1,
3080,3045,3081,-1,
3046,3081,3045,-1,
3045,3010,3046,-1,
3011,3046,3010,-1,
3010,2980,3011,-1,
2981,3011,2980,-1,
2980,2965,2981,-1,
2966,2981,2965,-1,
2965,2930,2966,-1,
2931,2966,2930,-1,
2930,2895,2931,-1,
2896,2931,2895,-1,
2895,2880,2896,-1,
2881,2896,2880,-1,
2880,2850,2881,-1,
2851,2881,2850,-1,
2850,2815,2851,-1,
2816,2851,2815,-1,
2815,2800,2816,-1,
2801,2816,2800,-1,
2800,2765,2801,-1,
2766,2801,2765,-1,
2766,2765,2756,-1,
2755,2756,2765,-1,
2756,2755,2711,-1,
2710,2711,2755,-1,
2711,2710,2701,-1,
2700,2701,2710,-1,
2701,2700,2676,-1,
2675,2676,2700,-1,
2676,2675,2666,-1,
2665,2666,2675,-1,
2666,2665,2651,-1,
2650,2651,2665,-1,
2651,2650,2631,-1,
2650,2630,2631,-1,
2631,2630,2621,-1,
2620,2621,2630,-1,
2621,2620,2605,-1,
2604,2605,2620,-1,
2605,2604,2603,-1,
2602,2603,2604,-1,
2602,3367,2603,-1,
3368,2603,3367,-1,
3250,3234,3251,-1,
3235,3251,3234,-1,
3499,3500,3429,-1,
3430,3429,3500,-1,
2475,2474,2545,-1,
2544,2545,2474,-1,
2829,2784,2830,-1,
2785,2830,2784,-1,
3064,3029,3065,-1,
3030,3065,3029,-1,
2544,2631,2545,-1,
3346,2545,2631,-1,
2545,3346,3430,-1,
3429,3430,3346,-1,
2739,2723,2740,-1,
2724,2740,2723,-1,
2491,2490,2475,-1,
2474,2475,2490,-1,
3485,3486,3499,-1,
3500,3499,3486,-1,
2784,2739,2785,-1,
2740,2785,2739,-1,
3189,3144,3190,-1,
3145,3190,3144,-1,
2909,2864,2910,-1,
2865,2910,2864,-1,
2864,2829,2865,-1,
2830,2865,2829,-1,
2944,2909,2945,-1,
2910,2945,2909,-1,
3029,2985,3030,-1,
2986,3030,2985,-1,
2985,2944,2986,-1,
2945,2986,2944,-1,
3234,3189,3235,-1,
3190,3235,3189,-1,
3109,3064,3110,-1,
3065,3110,3064,-1,
3144,3109,3145,-1,
3110,3145,3109,-1,
2659,2580,2684,-1,
3427,3389,3497,-1,
2809,2782,2844,-1,
3497,3389,3459,-1,
3497,3459,3475,-1,
3450,3404,3410,-1,
2589,2472,2519,-1,
2684,2580,2640,-1,
3169,3134,3187,-1,
2594,2565,2659,-1,
2574,2525,2565,-1,
2809,2737,2782,-1,
3294,3259,3285,-1,
2559,2500,2510,-1,
2519,2500,2534,-1,
2542,2472,2589,-1,
2589,3389,2542,-1,
3427,2542,3389,-1,
2559,2525,2574,-1,
2924,2907,2942,-1,
2684,2640,2690,-1,
2774,2719,2737,-1,
3134,3089,3107,-1,
3294,3285,3335,-1,
3384,3319,3410,-1,
2719,2684,2690,-1,
3459,3444,3475,-1,
2534,2500,2559,-1,
2519,2472,2500,-1,
2559,2510,2525,-1,
2959,2924,2942,-1,
2959,2942,2982,-1,
3027,2982,2983,-1,
2719,2690,2737,-1,
3107,3054,3062,-1,
2574,2565,2594,-1,
2924,2862,2907,-1,
2659,2565,2580,-1,
2982,2942,2983,-1,
3259,3204,3232,-1,
3187,3134,3142,-1,
3054,3019,3027,-1,
3444,3419,3475,-1,
3475,3419,3465,-1,
2844,2782,2827,-1,
2774,2737,2809,-1,
2889,2862,2924,-1,
3410,3319,3395,-1,
3259,3232,3285,-1,
3134,3107,3142,-1,
3465,3419,3450,-1,
3054,3027,3062,-1,
3404,3384,3410,-1,
3019,2982,3027,-1,
3204,3169,3232,-1,
3232,3169,3187,-1,
3089,3054,3107,-1,
3419,3404,3450,-1,
2889,2844,2862,-1,
2844,2827,2862,-1,
3395,3294,3335,-1,
3319,3294,3395,-1,
3419,3444,3389,-1,
3404,3419,3389,-1,
3459,3389,3444,-1,
3404,3389,3384,-1,
3384,3389,3319,-1,
3319,3389,3294,-1,
3294,3389,3259,-1,
3259,3389,3204,-1,
3204,3389,3169,-1,
3169,3389,3134,-1,
3134,3389,3089,-1,
3089,3389,3054,-1,
3054,3389,3019,-1,
3019,3389,2982,-1,
2982,3389,2959,-1,
2924,2959,2589,-1,
2889,2924,2589,-1,
2844,2889,2589,-1,
2809,2844,2589,-1,
2774,2809,2589,-1,
2719,2774,2589,-1,
2684,2719,2589,-1,
2659,2684,2589,-1,
2594,2659,2589,-1,
3389,2589,2959,-1,
2594,2589,2574,-1,
2574,2589,2559,-1,
2559,2589,2534,-1,
2519,2534,2589,-1,
2641,2640,2581,-1,
2580,2581,2640,-1,
3497,3498,3427,-1,
3428,3427,3498,-1,
2473,2472,2543,-1,
2542,2543,2472,-1,
2907,2862,2908,-1,
2863,2908,2862,-1,
2690,2640,2691,-1,
2641,2691,2640,-1,
2501,2500,2473,-1,
2472,2473,2500,-1,
2566,2565,2526,-1,
2525,2526,2565,-1,
2543,2542,2630,-1,
3427,2630,2542,-1,
2630,3427,3345,-1,
3428,3345,3427,-1,
2782,2737,2783,-1,
2738,2783,2737,-1,
3395,3396,3410,-1,
3411,3410,3396,-1,
2983,2942,2984,-1,
2943,2984,2942,-1,
2511,2510,2501,-1,
2500,2501,2510,-1,
2526,2525,2511,-1,
2510,2511,2525,-1,
2827,2782,2828,-1,
2783,2828,2782,-1,
3027,2983,3028,-1,
2984,3028,2983,-1,
3062,3027,3063,-1,
3028,3063,3027,-1,
3335,3336,3395,-1,
3396,3395,3336,-1,
2581,2580,2566,-1,
2565,2566,2580,-1,
3232,3187,3233,-1,
3188,3233,3187,-1,
2942,2907,2943,-1,
2908,2943,2907,-1,
2737,2690,2738,-1,
2691,2738,2690,-1,
3142,3107,3143,-1,
3108,3143,3107,-1,
3107,3062,3108,-1,
3063,3108,3062,-1,
3187,3142,3188,-1,
3143,3188,3142,-1,
2862,2827,2863,-1,
2828,2863,2827,-1,
3285,3232,3286,-1,
3233,3286,3232,-1,
3410,3411,3450,-1,
3451,3450,3411,-1,
3335,3285,3336,-1,
3286,3336,3285,-1,
3450,3451,3465,-1,
3466,3465,3451,-1,
3475,3476,3497,-1,
3498,3497,3476,-1,
3465,3466,3475,-1,
3476,3475,3466,-1,
4705,4707,3942,-1,
3942,4707,4685,-1,
4695,4685,4707,-1,
3970,3942,4685,-1,
3940,4705,3942,-1,
3960,3942,3970,-1,
4835,4815,4765,-1,
4805,4649,4815,-1,
4649,4765,4815,-1,
4649,4805,4639,-1,
4790,4639,4805,-1,
4684,4765,4664,-1,
4664,4765,4649,-1,
4639,4790,4614,-1,
4750,4614,4790,-1,
4614,4750,4604,-1,
4735,4604,4750,-1,
4604,4735,4559,-1,
4675,4559,4735,-1,
4559,4675,4549,-1,
4625,4549,4675,-1,
4549,4625,4514,-1,
4570,4514,4625,-1,
4514,4570,4499,-1,
4525,4499,4570,-1,
4499,4525,4464,-1,
4480,4464,4525,-1,
4464,4480,4434,-1,
4445,4434,4480,-1,
4434,4445,4419,-1,
4445,4400,4419,-1,
4419,4400,4384,-1,
4400,4365,4384,-1,
4384,4365,4349,-1,
4349,4365,4314,-1,
4365,4318,4314,-1,
4314,4318,4304,-1,
4318,4280,4304,-1,
4304,4280,4269,-1,
4280,4245,4269,-1,
4269,4245,4234,-1,
4219,4234,4200,-1,
4245,4200,4234,-1,
4189,4219,4165,-1,
4200,4165,4219,-1,
4154,4189,4120,-1,
4139,4154,4075,-1,
4165,4120,4189,-1,
4104,4139,4030,-1,
4094,4104,3980,-1,
4120,4075,4154,-1,
4049,4094,3920,-1,
4039,4049,3905,-1,
4075,4030,4139,-1,
4014,4039,3865,-1,
4004,4014,3850,-1,
3989,4004,3880,-1,
4030,3980,4104,-1,
3969,3989,3880,-1,
3980,3920,4094,-1,
3920,3905,4049,-1,
3840,3880,4004,-1,
3905,3865,4039,-1,
3865,3850,4014,-1,
3850,3840,4004,-1,
3810,3880,3840,-1,
4694,4706,4684,-1,
3941,4684,4706,-1,
3969,4684,3941,-1,
3959,3969,3941,-1,
4704,3941,4706,-1,
3939,3941,4704,-1,
4706,4707,4704,-1,
4705,4704,4707,-1,
4694,4695,4706,-1,
4707,4706,4695,-1,
4664,4665,4684,-1,
4665,4685,4684,-1,
4684,4685,4694,-1,
4695,4694,4685,-1,
4649,4650,4664,-1,
4665,4664,4650,-1,
4639,4640,4649,-1,
4650,4649,4640,-1,
4614,4615,4639,-1,
4640,4639,4615,-1,
4604,4605,4614,-1,
4615,4614,4605,-1,
4559,4560,4604,-1,
4605,4604,4560,-1,
4549,4550,4559,-1,
4560,4559,4550,-1,
4549,4514,4550,-1,
4515,4550,4514,-1,
4514,4499,4515,-1,
4500,4515,4499,-1,
4499,4464,4500,-1,
4465,4500,4464,-1,
4464,4434,4465,-1,
4435,4465,4434,-1,
4434,4419,4435,-1,
4420,4435,4419,-1,
4419,4384,4420,-1,
4385,4420,4384,-1,
4384,4349,4385,-1,
4350,4385,4349,-1,
4349,4314,4350,-1,
4315,4350,4314,-1,
4314,4304,4315,-1,
4305,4315,4304,-1,
4304,4269,4305,-1,
4270,4305,4269,-1,
4269,4234,4270,-1,
4235,4270,4234,-1,
4234,4219,4235,-1,
4220,4235,4219,-1,
4219,4189,4220,-1,
4190,4220,4189,-1,
4189,4154,4190,-1,
4155,4190,4154,-1,
4154,4139,4155,-1,
4140,4155,4139,-1,
4139,4104,4140,-1,
4105,4140,4104,-1,
4105,4104,4095,-1,
4094,4095,4104,-1,
4095,4094,4050,-1,
4049,4050,4094,-1,
4050,4049,4040,-1,
4039,4040,4049,-1,
4040,4039,4015,-1,
4014,4015,4039,-1,
4015,4014,4005,-1,
4004,4005,4014,-1,
4005,4004,3990,-1,
3989,3990,4004,-1,
3990,3989,3970,-1,
3989,3969,3970,-1,
3970,3969,3960,-1,
3959,3960,3969,-1,
3960,3959,3942,-1,
3941,3942,3959,-1,
3942,3941,3940,-1,
3939,3940,3941,-1,
3939,4704,3940,-1,
4705,3940,4704,-1,
4589,4571,4590,-1,
4572,4590,4571,-1,
4836,4837,4766,-1,
4767,4766,4837,-1,
3812,3811,3882,-1,
3881,3882,3811,-1,
4166,4121,4167,-1,
4122,4167,4121,-1,
4401,4366,4402,-1,
4367,4402,4366,-1,
3881,3970,3882,-1,
4685,3882,3970,-1,
3882,4685,4767,-1,
4766,4767,4685,-1,
4076,4072,4077,-1,
4073,4077,4072,-1,
3830,3829,3812,-1,
3811,3812,3829,-1,
4824,4825,4836,-1,
4837,4836,4825,-1,
4121,4076,4122,-1,
4077,4122,4076,-1,
4526,4481,4527,-1,
4482,4527,4481,-1,
4246,4201,4247,-1,
4202,4247,4201,-1,
4201,4166,4202,-1,
4167,4202,4166,-1,
4281,4246,4282,-1,
4247,4282,4246,-1,
4366,4319,4367,-1,
4320,4367,4319,-1,
4319,4281,4320,-1,
4282,4320,4281,-1,
4571,4526,4572,-1,
4527,4572,4526,-1,
4446,4401,4447,-1,
4402,4447,4401,-1,
4481,4446,4482,-1,
4447,4482,4446,-1,
3999,3919,4024,-1,
4764,4729,4834,-1,
4149,4119,4184,-1,
4834,4729,4799,-1,
4834,4799,4814,-1,
4789,4744,4749,-1,
3929,3809,3859,-1,
4024,3919,3979,-1,
4509,4474,4524,-1,
3934,3904,3999,-1,
3914,3864,3904,-1,
4149,4074,4119,-1,
4634,4599,4624,-1,
3899,3839,3849,-1,
3859,3839,3874,-1,
3879,3809,3929,-1,
3929,4729,3879,-1,
4764,3879,4729,-1,
3899,3864,3914,-1,
4264,4244,4279,-1,
4024,3979,4029,-1,
4114,4059,4074,-1,
4474,4429,4444,-1,
4634,4624,4674,-1,
4724,4659,4749,-1,
4059,4024,4029,-1,
4799,4784,4814,-1,
3874,3839,3899,-1,
3859,3809,3839,-1,
3899,3849,3864,-1,
4299,4264,4279,-1,
4299,4279,4316,-1,
4364,4316,4317,-1,
4059,4029,4074,-1,
4444,4394,4399,-1,
3914,3904,3934,-1,
4264,4199,4244,-1,
3999,3904,3919,-1,
4316,4279,4317,-1,
4599,4544,4569,-1,
4524,4474,4479,-1,
4394,4359,4364,-1,
4784,4759,4814,-1,
4814,4759,4804,-1,
4184,4119,4164,-1,
4114,4074,4149,-1,
4229,4199,4264,-1,
4749,4659,4734,-1,
4599,4569,4624,-1,
4474,4444,4479,-1,
4804,4759,4789,-1,
4394,4364,4399,-1,
4744,4724,4749,-1,
4359,4316,4364,-1,
4544,4509,4569,-1,
4569,4509,4524,-1,
4429,4394,4444,-1,
4759,4744,4789,-1,
4229,4184,4199,-1,
4184,4164,4199,-1,
4734,4634,4674,-1,
4659,4634,4734,-1,
4759,4784,4729,-1,
4744,4759,4729,-1,
4799,4729,4784,-1,
4744,4729,4724,-1,
4724,4729,4659,-1,
4659,4729,4634,-1,
4634,4729,4599,-1,
4599,4729,4544,-1,
4544,4729,4509,-1,
4509,4729,4474,-1,
4474,4729,4429,-1,
4429,4729,4394,-1,
4394,4729,4359,-1,
4359,4729,4316,-1,
4316,4729,4299,-1,
4264,4299,3929,-1,
4229,4264,3929,-1,
4184,4229,3929,-1,
4149,4184,3929,-1,
4114,4149,3929,-1,
4059,4114,3929,-1,
4024,4059,3929,-1,
3999,4024,3929,-1,
3934,3999,3929,-1,
4729,3929,4299,-1,
3934,3929,3914,-1,
3914,3929,3899,-1,
3899,3929,3874,-1,
3859,3874,3929,-1,
3980,3979,3920,-1,
3919,3920,3979,-1,
4834,4835,4764,-1,
4765,4764,4835,-1,
3810,3809,3880,-1,
3879,3880,3809,-1,
4244,4199,4245,-1,
4200,4245,4199,-1,
4029,3979,4030,-1,
3980,4030,3979,-1,
3840,3839,3810,-1,
3809,3810,3839,-1,
3905,3904,3865,-1,
3864,3865,3904,-1,
3880,3879,3969,-1,
4764,3969,3879,-1,
3969,4764,4684,-1,
4765,4684,4764,-1,
4119,4074,4120,-1,
4075,4120,4074,-1,
4734,4735,4749,-1,
4750,4749,4735,-1,
4317,4279,4318,-1,
4280,4318,4279,-1,
3850,3849,3840,-1,
3839,3840,3849,-1,
3865,3864,3850,-1,
3849,3850,3864,-1,
4164,4119,4165,-1,
4120,4165,4119,-1,
4364,4317,4365,-1,
4318,4365,4317,-1,
4399,4364,4400,-1,
4365,4400,4364,-1,
4674,4675,4734,-1,
4735,4734,4675,-1,
3920,3919,3905,-1,
3904,3905,3919,-1,
4569,4524,4570,-1,
4525,4570,4524,-1,
4279,4244,4280,-1,
4245,4280,4244,-1,
4074,4029,4075,-1,
4030,4075,4029,-1,
4479,4444,4480,-1,
4445,4480,4444,-1,
4444,4399,4445,-1,
4400,4445,4399,-1,
4524,4479,4525,-1,
4480,4525,4479,-1,
4199,4164,4200,-1,
4165,4200,4164,-1,
4624,4569,4625,-1,
4570,4625,4569,-1,
4749,4750,4789,-1,
4790,4789,4750,-1,
4674,4624,4675,-1,
4625,4675,4624,-1,
4789,4790,4804,-1,
4805,4804,4790,-1,
4814,4815,4834,-1,
4835,4834,4815,-1,
4804,4805,4814,-1,
4815,4814,4805,-1,
8833,8835,8825,-1,
8817,8825,8697,-1,
8835,8697,8825,-1,
8704,8697,8835,-1,
8702,8697,8704,-1,
8693,8817,8697,-1,
8893,8897,8844,-1,
8885,8893,8859,-1,
8889,8844,8897,-1,
8844,8889,8840,-1,
8840,8881,8836,-1,
8877,8836,8881,-1,
8842,8859,8893,-1,
8836,8877,8826,-1,
8873,8826,8877,-1,
8881,8840,8889,-1,
8844,8842,8893,-1,
8842,8838,8859,-1,
8834,8859,8838,-1,
8826,8873,8821,-1,
8864,8821,8873,-1,
8821,8864,8819,-1,
8854,8819,8864,-1,
8819,8854,8810,-1,
8848,8810,8854,-1,
8810,8848,8807,-1,
8829,8807,8848,-1,
8807,8829,8801,-1,
8813,8801,8829,-1,
8801,8813,8794,-1,
8804,8794,8813,-1,
8794,8804,8791,-1,
8797,8791,8804,-1,
8791,8797,8785,-1,
8788,8785,8797,-1,
8785,8788,8778,-1,
8781,8778,8788,-1,
8778,8781,8775,-1,
8781,8772,8775,-1,
8775,8772,8768,-1,
8772,8765,8768,-1,
8768,8765,8761,-1,
8761,8765,8759,-1,
8765,8755,8759,-1,
8759,8755,8752,-1,
8755,8748,8752,-1,
8752,8748,8745,-1,
8742,8745,8739,-1,
8748,8739,8745,-1,
8735,8742,8732,-1,
8739,8732,8742,-1,
8729,8735,8723,-1,
8724,8729,8716,-1,
8732,8723,8735,-1,
8719,8724,8709,-1,
8723,8716,8729,-1,
8713,8719,8699,-1,
8710,8713,8691,-1,
8716,8709,8724,-1,
8705,8710,8686,-1,
8703,8705,8686,-1,
8709,8699,8719,-1,
8699,8691,8713,-1,
8684,8686,8710,-1,
8691,8684,8710,-1,
8680,8686,8684,-1,
8832,8824,8834,-1,
8834,8824,8696,-1,
8703,8834,8696,-1,
8701,8703,8696,-1,
8816,8696,8824,-1,
8692,8696,8816,-1,
8824,8825,8816,-1,
8817,8816,8825,-1,
8832,8833,8824,-1,
8825,8824,8833,-1,
8838,8839,8834,-1,
8839,8835,8834,-1,
8834,8835,8832,-1,
8833,8832,8835,-1,
8842,8843,8838,-1,
8839,8838,8843,-1,
8844,8845,8842,-1,
8843,8842,8845,-1,
8840,8841,8844,-1,
8845,8844,8841,-1,
8836,8837,8840,-1,
8841,8840,8837,-1,
8826,8827,8836,-1,
8837,8836,8827,-1,
8821,8822,8826,-1,
8827,8826,8822,-1,
8819,8820,8821,-1,
8822,8821,8820,-1,
8810,8811,8819,-1,
8820,8819,8811,-1,
8807,8808,8810,-1,
8811,8810,8808,-1,
8801,8802,8807,-1,
8808,8807,8802,-1,
8801,8794,8802,-1,
8795,8802,8794,-1,
8794,8791,8795,-1,
8792,8795,8791,-1,
8791,8785,8792,-1,
8786,8792,8785,-1,
8785,8778,8786,-1,
8779,8786,8778,-1,
8778,8775,8779,-1,
8776,8779,8775,-1,
8775,8768,8776,-1,
8769,8776,8768,-1,
8768,8761,8769,-1,
8762,8769,8761,-1,
8761,8759,8762,-1,
8760,8762,8759,-1,
8759,8752,8760,-1,
8753,8760,8752,-1,
8752,8745,8753,-1,
8746,8753,8745,-1,
8745,8742,8746,-1,
8743,8746,8742,-1,
8742,8735,8743,-1,
8736,8743,8735,-1,
8735,8729,8736,-1,
8730,8736,8729,-1,
8729,8724,8730,-1,
8725,8730,8724,-1,
8724,8719,8725,-1,
8720,8725,8719,-1,
8719,8713,8720,-1,
8714,8720,8713,-1,
8714,8713,8711,-1,
8710,8711,8713,-1,
8711,8710,8706,-1,
8705,8706,8710,-1,
8706,8705,8704,-1,
8705,8703,8704,-1,
8704,8703,8702,-1,
8701,8702,8703,-1,
8702,8701,8697,-1,
8696,8697,8701,-1,
8697,8696,8693,-1,
8692,8693,8696,-1,
8692,8816,8693,-1,
8817,8693,8816,-1,
8855,8856,8865,-1,
8866,8865,8856,-1,
8860,8886,8861,-1,
8887,8861,8886,-1,
8682,8681,8688,-1,
8687,8688,8681,-1,
8756,8749,8757,-1,
8750,8757,8749,-1,
8805,8798,8806,-1,
8799,8806,8798,-1,
8687,8704,8688,-1,
8835,8688,8704,-1,
8688,8835,8861,-1,
8860,8861,8835,-1,
8740,8733,8741,-1,
8734,8741,8733,-1,
8865,8866,8874,-1,
8875,8874,8866,-1,
8733,8726,8734,-1,
8727,8734,8726,-1,
8882,8883,8890,-1,
8891,8890,8883,-1,
8894,8895,8886,-1,
8887,8886,8895,-1,
8749,8740,8750,-1,
8741,8750,8740,-1,
8830,8831,8849,-1,
8850,8849,8831,-1,
8773,8766,8774,-1,
8767,8774,8766,-1,
8766,8756,8767,-1,
8757,8767,8756,-1,
8782,8773,8783,-1,
8774,8783,8773,-1,
8798,8789,8799,-1,
8790,8799,8789,-1,
8789,8782,8790,-1,
8783,8790,8782,-1,
8898,8899,8894,-1,
8895,8894,8899,-1,
8874,8875,8878,-1,
8879,8878,8875,-1,
8849,8850,8855,-1,
8856,8855,8850,-1,
8878,8879,8882,-1,
8883,8882,8879,-1,
8890,8891,8898,-1,
8899,8898,8891,-1,
8814,8805,8815,-1,
8806,8815,8805,-1,
8830,8814,8831,-1,
8815,8831,8814,-1,
8721,8715,8728,-1,
8858,8851,8884,-1,
8751,8747,8758,-1,
8884,8851,8868,-1,
8884,8868,8892,-1,
8888,8869,8880,-1,
8695,8679,8689,-1,
8728,8715,8722,-1,
8823,8818,8847,-1,
8712,8708,8721,-1,
8707,8698,8708,-1,
8751,8738,8747,-1,
8857,8852,8863,-1,
8700,8683,8690,-1,
8689,8683,8694,-1,
8685,8679,8695,-1,
8695,8851,8685,-1,
8858,8685,8851,-1,
8700,8698,8707,-1,
8780,8770,8771,-1,
8728,8722,8731,-1,
8744,8737,8738,-1,
8818,8809,8812,-1,
8872,8857,8863,-1,
8867,8862,8880,-1,
8737,8728,8731,-1,
8892,8868,8870,-1,
8694,8683,8700,-1,
8689,8679,8683,-1,
8700,8690,8698,-1,
8777,8770,8780,-1,
8784,8777,8780,-1,
8796,8784,8787,-1,
8737,8731,8738,-1,
8812,8800,8803,-1,
8712,8707,8708,-1,
8770,8764,8771,-1,
8721,8708,8715,-1,
8784,8780,8787,-1,
8852,8846,8853,-1,
8847,8818,8828,-1,
8800,8793,8796,-1,
8892,8870,8871,-1,
8892,8871,8896,-1,
8758,8747,8754,-1,
8744,8738,8751,-1,
8770,8763,8764,-1,
8880,8862,8876,-1,
8863,8852,8853,-1,
8818,8812,8828,-1,
8896,8871,8888,-1,
8800,8796,8803,-1,
8869,8867,8880,-1,
8793,8784,8796,-1,
8846,8823,8853,-1,
8853,8823,8847,-1,
8809,8800,8812,-1,
8871,8869,8888,-1,
8763,8758,8764,-1,
8758,8754,8764,-1,
8876,8857,8872,-1,
8862,8857,8876,-1,
8869,8871,8851,-1,
8870,8851,8871,-1,
8867,8869,8851,-1,
8862,8867,8851,-1,
8857,8862,8851,-1,
8852,8857,8851,-1,
8868,8851,8870,-1,
8852,8851,8846,-1,
8846,8851,8823,-1,
8823,8851,8818,-1,
8818,8851,8809,-1,
8809,8851,8800,-1,
8800,8851,8793,-1,
8793,8851,8784,-1,
8784,8851,8777,-1,
8770,8777,8695,-1,
8763,8770,8695,-1,
8758,8763,8695,-1,
8751,8758,8695,-1,
8744,8751,8695,-1,
8737,8744,8695,-1,
8728,8737,8695,-1,
8721,8728,8695,-1,
8712,8721,8695,-1,
8707,8712,8695,-1,
8700,8707,8695,-1,
8851,8695,8777,-1,
8700,8695,8694,-1,
8689,8694,8695,-1,
8722,8715,8723,-1,
8716,8723,8715,-1,
8858,8884,8859,-1,
8885,8859,8884,-1,
8680,8679,8686,-1,
8685,8686,8679,-1,
8771,8764,8772,-1,
8765,8772,8764,-1,
8731,8722,8732,-1,
8723,8732,8722,-1,
8684,8683,8680,-1,
8679,8680,8683,-1,
8708,8698,8709,-1,
8699,8709,8698,-1,
8686,8685,8703,-1,
8858,8703,8685,-1,
8703,8858,8834,-1,
8859,8834,8858,-1,
8747,8738,8748,-1,
8739,8748,8738,-1,
8876,8877,8880,-1,
8881,8880,8877,-1,
8787,8780,8788,-1,
8781,8788,8780,-1,
8691,8690,8684,-1,
8683,8684,8690,-1,
8698,8690,8699,-1,
8691,8699,8690,-1,
8754,8747,8755,-1,
8748,8755,8747,-1,
8796,8787,8797,-1,
8788,8797,8787,-1,
8803,8796,8804,-1,
8797,8804,8796,-1,
8872,8873,8876,-1,
8877,8876,8873,-1,
8715,8708,8716,-1,
8709,8716,8708,-1,
8847,8848,8853,-1,
8854,8853,8848,-1,
8780,8771,8781,-1,
8772,8781,8771,-1,
8738,8731,8739,-1,
8732,8739,8731,-1,
8828,8812,8829,-1,
8813,8829,8812,-1,
8812,8803,8813,-1,
8804,8813,8803,-1,
8828,8829,8847,-1,
8848,8847,8829,-1,
8764,8754,8765,-1,
8755,8765,8754,-1,
8853,8854,8863,-1,
8864,8863,8854,-1,
8880,8881,8888,-1,
8889,8888,8881,-1,
8863,8864,8872,-1,
8873,8872,8864,-1,
8888,8889,8896,-1,
8897,8896,8889,-1,
8892,8893,8884,-1,
8885,8884,8893,-1,
8896,8897,8892,-1,
8893,8892,8897,-1,
810,812,139,-1,
139,812,794,-1,
802,794,812,-1,
161,139,794,-1,
137,810,139,-1,
153,139,161,-1,
946,924,876,-1,
915,763,924,-1,
763,876,924,-1,
763,915,750,-1,
897,750,915,-1,
793,876,775,-1,
775,876,763,-1,
750,897,718,-1,
862,718,897,-1,
718,862,709,-1,
843,709,862,-1,
709,843,667,-1,
786,667,843,-1,
667,786,654,-1,
727,654,786,-1,
654,727,616,-1,
676,616,727,-1,
616,676,596,-1,
625,596,676,-1,
596,625,564,-1,
581,564,625,-1,
564,581,540,-1,
549,540,581,-1,
540,549,528,-1,
549,513,528,-1,
528,513,500,-1,
513,485,500,-1,
500,485,472,-1,
472,485,444,-1,
485,448,444,-1,
444,448,436,-1,
448,417,436,-1,
436,417,408,-1,
417,389,408,-1,
408,389,380,-1,
368,380,353,-1,
389,353,380,-1,
344,368,325,-1,
353,325,368,-1,
316,344,289,-1,
304,316,253,-1,
325,289,344,-1,
276,304,217,-1,
268,276,169,-1,
289,253,316,-1,
240,268,113,-1,
232,240,93,-1,
253,217,304,-1,
204,232,53,-1,
196,204,33,-1,
184,196,73,-1,
217,169,276,-1,
160,184,73,-1,
169,113,268,-1,
113,93,240,-1,
17,73,196,-1,
93,53,232,-1,
53,33,204,-1,
33,17,196,-1,
1,73,17,-1,
801,811,793,-1,
138,793,811,-1,
160,793,138,-1,
152,160,138,-1,
809,138,811,-1,
136,138,809,-1,
811,812,809,-1,
810,809,812,-1,
801,802,811,-1,
812,811,802,-1,
775,776,793,-1,
776,794,793,-1,
793,794,801,-1,
802,801,794,-1,
763,764,775,-1,
776,775,764,-1,
750,751,763,-1,
764,763,751,-1,
718,719,750,-1,
751,750,719,-1,
709,710,718,-1,
719,718,710,-1,
667,668,709,-1,
710,709,668,-1,
654,655,667,-1,
668,667,655,-1,
654,616,655,-1,
617,655,616,-1,
616,596,617,-1,
597,617,596,-1,
596,564,597,-1,
565,597,564,-1,
564,540,565,-1,
541,565,540,-1,
540,528,541,-1,
529,541,528,-1,
528,500,529,-1,
501,529,500,-1,
500,472,501,-1,
473,501,472,-1,
472,444,473,-1,
445,473,444,-1,
444,436,445,-1,
437,445,436,-1,
436,408,437,-1,
409,437,408,-1,
408,380,409,-1,
381,409,380,-1,
380,368,381,-1,
369,381,368,-1,
368,344,369,-1,
345,369,344,-1,
344,316,345,-1,
317,345,316,-1,
316,304,317,-1,
305,317,304,-1,
304,276,305,-1,
277,305,276,-1,
277,276,269,-1,
268,269,276,-1,
269,268,241,-1,
240,241,268,-1,
241,240,233,-1,
232,233,240,-1,
233,232,205,-1,
204,205,232,-1,
205,204,197,-1,
196,197,204,-1,
197,196,185,-1,
184,185,196,-1,
185,184,161,-1,
184,160,161,-1,
161,160,153,-1,
152,153,160,-1,
153,152,139,-1,
138,139,152,-1,
139,138,137,-1,
136,137,138,-1,
136,809,137,-1,
810,137,809,-1,
691,677,692,-1,
678,692,677,-1,
95,94,55,-1,
54,55,94,-1,
947,948,877,-1,
878,877,948,-1,
3,2,75,-1,
74,75,2,-1,
171,170,115,-1,
114,115,170,-1,
326,290,327,-1,
291,327,290,-1,
514,486,515,-1,
487,515,486,-1,
35,34,19,-1,
18,19,34,-1,
74,161,75,-1,
794,75,161,-1,
75,794,878,-1,
877,878,794,-1,
254,218,255,-1,
219,255,218,-1,
218,170,219,-1,
171,219,170,-1,
19,18,3,-1,
2,3,18,-1,
55,54,35,-1,
34,35,54,-1,
933,934,947,-1,
948,947,934,-1,
290,254,291,-1,
255,291,254,-1,
626,582,627,-1,
583,627,582,-1,
390,354,391,-1,
355,391,354,-1,
354,326,355,-1,
327,355,326,-1,
418,390,419,-1,
391,419,390,-1,
486,449,487,-1,
450,487,449,-1,
449,418,450,-1,
419,450,418,-1,
115,114,95,-1,
94,95,114,-1,
677,626,678,-1,
627,678,626,-1,
550,514,551,-1,
515,551,514,-1,
582,550,583,-1,
551,583,550,-1,
192,112,212,-1,
875,838,945,-1,
312,288,340,-1,
945,838,904,-1,
945,904,923,-1,
896,851,861,-1,
128,0,48,-1,
212,112,168,-1,
608,572,624,-1,
132,92,192,-1,
108,52,92,-1,
312,252,288,-1,
734,700,726,-1,
88,16,32,-1,
48,16,68,-1,
72,0,128,-1,
128,838,72,-1,
875,72,838,-1,
88,52,108,-1,
404,388,416,-1,
212,168,216,-1,
284,248,252,-1,
572,536,548,-1,
734,726,785,-1,
832,771,861,-1,
248,212,216,-1,
904,892,923,-1,
68,16,88,-1,
48,0,16,-1,
88,32,52,-1,
432,404,416,-1,
432,416,446,-1,
484,446,447,-1,
248,216,252,-1,
548,508,512,-1,
108,92,132,-1,
404,352,388,-1,
192,92,112,-1,
446,416,447,-1,
700,646,675,-1,
624,572,580,-1,
508,480,484,-1,
892,869,923,-1,
923,869,914,-1,
340,288,324,-1,
284,252,312,-1,
376,352,404,-1,
861,771,842,-1,
700,675,726,-1,
572,548,580,-1,
914,869,896,-1,
508,484,512,-1,
851,832,861,-1,
480,446,484,-1,
646,608,675,-1,
675,608,624,-1,
536,508,548,-1,
869,851,896,-1,
376,340,352,-1,
340,324,352,-1,
842,734,785,-1,
771,734,842,-1,
869,892,838,-1,
851,869,838,-1,
904,838,892,-1,
851,838,832,-1,
832,838,771,-1,
771,838,734,-1,
734,838,700,-1,
700,838,646,-1,
646,838,608,-1,
608,838,572,-1,
572,838,536,-1,
536,838,508,-1,
508,838,480,-1,
480,838,446,-1,
446,838,432,-1,
404,432,128,-1,
376,404,128,-1,
340,376,128,-1,
312,340,128,-1,
284,312,128,-1,
248,284,128,-1,
212,248,128,-1,
192,212,128,-1,
132,192,128,-1,
838,128,432,-1,
132,128,108,-1,
108,128,88,-1,
88,128,68,-1,
48,68,128,-1,
169,168,113,-1,
112,113,168,-1,
945,946,875,-1,
876,875,946,-1,
1,0,73,-1,
72,73,0,-1,
388,352,389,-1,
353,389,352,-1,
216,168,217,-1,
169,217,168,-1,
17,16,1,-1,
0,1,16,-1,
93,92,53,-1,
52,53,92,-1,
73,72,160,-1,
875,160,72,-1,
160,875,793,-1,
876,793,875,-1,
288,252,289,-1,
253,289,252,-1,
842,843,861,-1,
862,861,843,-1,
447,416,448,-1,
417,448,416,-1,
33,32,17,-1,
16,17,32,-1,
53,52,33,-1,
32,33,52,-1,
324,288,325,-1,
289,325,288,-1,
484,447,485,-1,
448,485,447,-1,
512,484,513,-1,
485,513,484,-1,
785,786,842,-1,
843,842,786,-1,
113,112,93,-1,
92,93,112,-1,
675,624,676,-1,
625,676,624,-1,
416,388,417,-1,
389,417,388,-1,
252,216,253,-1,
217,253,216,-1,
580,548,581,-1,
549,581,548,-1,
548,512,549,-1,
513,549,512,-1,
624,580,625,-1,
581,625,580,-1,
352,324,353,-1,
325,353,324,-1,
726,675,727,-1,
676,727,675,-1,
861,862,896,-1,
897,896,862,-1,
785,726,786,-1,
727,786,726,-1,
896,897,914,-1,
915,914,897,-1,
923,924,945,-1,
946,945,924,-1,
914,915,923,-1,
924,923,915,-1,
9054,9056,9046,-1,
9038,9046,8916,-1,
9056,8916,9046,-1,
8923,8916,9056,-1,
8921,8916,8923,-1,
8912,9038,8916,-1,
9114,9118,9065,-1,
9106,9114,9080,-1,
9110,9065,9118,-1,
9065,9110,9061,-1,
9061,9102,9057,-1,
9098,9057,9102,-1,
9063,9080,9114,-1,
9057,9098,9047,-1,
9094,9047,9098,-1,
9102,9061,9110,-1,
9065,9063,9114,-1,
9063,9059,9080,-1,
9055,9080,9059,-1,
9047,9094,9042,-1,
9085,9042,9094,-1,
9042,9085,9040,-1,
9075,9040,9085,-1,
9040,9075,9031,-1,
9069,9031,9075,-1,
9031,9069,9028,-1,
9050,9028,9069,-1,
9028,9050,9022,-1,
9034,9022,9050,-1,
9022,9034,9015,-1,
9025,9015,9034,-1,
9015,9025,9012,-1,
9018,9012,9025,-1,
9012,9018,9006,-1,
9009,9006,9018,-1,
9006,9009,8999,-1,
9002,8999,9009,-1,
8999,9002,8996,-1,
9002,8993,8996,-1,
8996,8993,8989,-1,
8993,8986,8989,-1,
8989,8986,8982,-1,
8982,8986,8980,-1,
8986,8976,8980,-1,
8980,8976,8973,-1,
8976,8969,8973,-1,
8973,8969,8966,-1,
8963,8966,8960,-1,
8969,8960,8966,-1,
8956,8963,8953,-1,
8960,8953,8963,-1,
8950,8956,8944,-1,
8947,8950,8937,-1,
8953,8944,8956,-1,
8940,8947,8928,-1,
8944,8937,8950,-1,
8932,8940,8918,-1,
8929,8932,8910,-1,
8937,8928,8947,-1,
8924,8929,8905,-1,
8922,8924,8905,-1,
8928,8918,8940,-1,
8918,8910,8932,-1,
8903,8905,8929,-1,
8910,8903,8929,-1,
8901,8905,8903,-1,
9053,9045,9055,-1,
9055,9045,8915,-1,
8922,9055,8915,-1,
8920,8922,8915,-1,
9037,8915,9045,-1,
8911,8915,9037,-1,
9045,9046,9037,-1,
9038,9037,9046,-1,
9053,9054,9045,-1,
9046,9045,9054,-1,
9059,9060,9055,-1,
9060,9056,9055,-1,
9055,9056,9053,-1,
9054,9053,9056,-1,
9063,9064,9059,-1,
9060,9059,9064,-1,
9065,9066,9063,-1,
9064,9063,9066,-1,
9061,9062,9065,-1,
9066,9065,9062,-1,
9057,9058,9061,-1,
9062,9061,9058,-1,
9047,9048,9057,-1,
9058,9057,9048,-1,
9042,9043,9047,-1,
9048,9047,9043,-1,
9040,9041,9042,-1,
9043,9042,9041,-1,
9031,9032,9040,-1,
9041,9040,9032,-1,
9028,9029,9031,-1,
9032,9031,9029,-1,
9022,9023,9028,-1,
9029,9028,9023,-1,
9022,9015,9023,-1,
9016,9023,9015,-1,
9015,9012,9016,-1,
9013,9016,9012,-1,
9012,9006,9013,-1,
9007,9013,9006,-1,
9006,8999,9007,-1,
9000,9007,8999,-1,
8999,8996,9000,-1,
8997,9000,8996,-1,
8996,8989,8997,-1,
8990,8997,8989,-1,
8989,8982,8990,-1,
8983,8990,8982,-1,
8982,8980,8983,-1,
8981,8983,8980,-1,
8980,8973,8981,-1,
8974,8981,8973,-1,
8973,8966,8974,-1,
8967,8974,8966,-1,
8966,8963,8967,-1,
8964,8967,8963,-1,
8963,8956,8964,-1,
8957,8964,8956,-1,
8956,8950,8957,-1,
8951,8957,8950,-1,
8950,8947,8951,-1,
8948,8951,8947,-1,
8947,8940,8948,-1,
8941,8948,8940,-1,
8940,8932,8941,-1,
8933,8941,8932,-1,
8933,8932,8930,-1,
8929,8930,8932,-1,
8930,8929,8925,-1,
8924,8925,8929,-1,
8925,8924,8923,-1,
8924,8922,8923,-1,
8923,8922,8921,-1,
8920,8921,8922,-1,
8921,8920,8916,-1,
8915,8916,8920,-1,
8916,8915,8912,-1,
8911,8912,8915,-1,
8911,9037,8912,-1,
9038,8912,9037,-1,
9076,9077,9086,-1,
9087,9086,9077,-1,
9081,9107,9082,-1,
9108,9082,9107,-1,
8945,8938,8946,-1,
8939,8946,8938,-1,
8977,8970,8978,-1,
8971,8978,8970,-1,
9026,9019,9027,-1,
9020,9027,9019,-1,
8906,8923,8907,-1,
9056,8907,8923,-1,
8907,9056,9082,-1,
9081,9082,9056,-1,
8961,8954,8962,-1,
8955,8962,8954,-1,
9086,9087,9095,-1,
9096,9095,9087,-1,
8954,8945,8955,-1,
8946,8955,8945,-1,
9103,9104,9111,-1,
9112,9111,9104,-1,
9115,9116,9107,-1,
9108,9107,9116,-1,
8970,8961,8971,-1,
8962,8971,8961,-1,
9051,9052,9070,-1,
9071,9070,9052,-1,
8994,8987,8995,-1,
8988,8995,8987,-1,
8987,8977,8988,-1,
8978,8988,8977,-1,
9003,8994,9004,-1,
8995,9004,8994,-1,
9019,9010,9020,-1,
9011,9020,9010,-1,
9010,9003,9011,-1,
9004,9011,9003,-1,
9119,9120,9115,-1,
9116,9115,9120,-1,
9095,9096,9099,-1,
9100,9099,9096,-1,
9070,9071,9076,-1,
9077,9076,9071,-1,
9099,9100,9103,-1,
9104,9103,9100,-1,
9111,9112,9119,-1,
9120,9119,9112,-1,
9035,9026,9036,-1,
9027,9036,9026,-1,
9051,9035,9052,-1,
9036,9052,9035,-1,
8942,8936,8949,-1,
9079,9072,9105,-1,
8972,8968,8979,-1,
9105,9072,9089,-1,
9105,9089,9113,-1,
9109,9090,9101,-1,
8914,8900,8908,-1,
8949,8936,8943,-1,
9044,9039,9068,-1,
8931,8927,8942,-1,
8926,8917,8927,-1,
8972,8959,8968,-1,
9078,9073,9084,-1,
8919,8902,8909,-1,
8908,8902,8913,-1,
8904,8900,8914,-1,
8914,9072,8904,-1,
9079,8904,9072,-1,
8919,8917,8926,-1,
9001,8991,8992,-1,
8949,8943,8952,-1,
8965,8958,8959,-1,
9039,9030,9033,-1,
9093,9078,9084,-1,
9088,9083,9101,-1,
8958,8949,8952,-1,
9113,9089,9091,-1,
8913,8902,8919,-1,
8908,8900,8902,-1,
8919,8909,8917,-1,
8998,8991,9001,-1,
9005,8998,9001,-1,
9017,9005,9008,-1,
8958,8952,8959,-1,
9033,9021,9024,-1,
8931,8926,8927,-1,
8991,8985,8992,-1,
8942,8927,8936,-1,
9005,9001,9008,-1,
9073,9067,9074,-1,
9068,9039,9049,-1,
9021,9014,9017,-1,
9113,9091,9092,-1,
9113,9092,9117,-1,
8979,8968,8975,-1,
8965,8959,8972,-1,
8991,8984,8985,-1,
9101,9083,9097,-1,
9084,9073,9074,-1,
9039,9033,9049,-1,
9117,9092,9109,-1,
9021,9017,9024,-1,
9090,9088,9101,-1,
9014,9005,9017,-1,
9067,9044,9074,-1,
9074,9044,9068,-1,
9030,9021,9033,-1,
9092,9090,9109,-1,
8984,8979,8985,-1,
8979,8975,8985,-1,
9097,9078,9093,-1,
9083,9078,9097,-1,
9090,9092,9072,-1,
9091,9072,9092,-1,
9088,9090,9072,-1,
9083,9088,9072,-1,
9078,9083,9072,-1,
9073,9078,9072,-1,
9089,9072,9091,-1,
9073,9072,9067,-1,
9067,9072,9044,-1,
9044,9072,9039,-1,
9039,9072,9030,-1,
9030,9072,9021,-1,
9021,9072,9014,-1,
9014,9072,9005,-1,
9005,9072,8998,-1,
8991,8998,8914,-1,
8984,8991,8914,-1,
8979,8984,8914,-1,
8972,8979,8914,-1,
8965,8972,8914,-1,
8958,8965,8914,-1,
8949,8958,8914,-1,
8942,8949,8914,-1,
8931,8942,8914,-1,
8926,8931,8914,-1,
8919,8926,8914,-1,
9072,8914,8998,-1,
8919,8914,8913,-1,
8908,8913,8914,-1,
8943,8936,8944,-1,
8937,8944,8936,-1,
9079,9105,9080,-1,
9106,9080,9105,-1,
8901,8900,8905,-1,
8904,8905,8900,-1,
8992,8985,8993,-1,
8986,8993,8985,-1,
8952,8943,8953,-1,
8944,8953,8943,-1,
8903,8902,8901,-1,
8900,8901,8902,-1,
8927,8917,8928,-1,
8918,8928,8917,-1,
8905,8904,8922,-1,
9079,8922,8904,-1,
8922,9079,9055,-1,
9080,9055,9079,-1,
8968,8959,8969,-1,
8960,8969,8959,-1,
9097,9098,9101,-1,
9102,9101,9098,-1,
9008,9001,9009,-1,
9002,9009,9001,-1,
8910,8909,8903,-1,
8902,8903,8909,-1,
8917,8909,8918,-1,
8910,8918,8909,-1,
8975,8968,8976,-1,
8969,8976,8968,-1,
9017,9008,9018,-1,
9009,9018,9008,-1,
9024,9017,9025,-1,
9018,9025,9017,-1,
9093,9094,9097,-1,
9098,9097,9094,-1,
8936,8927,8937,-1,
8928,8937,8927,-1,
9068,9069,9074,-1,
9075,9074,9069,-1,
9001,8992,9002,-1,
8993,9002,8992,-1,
8959,8952,8960,-1,
8953,8960,8952,-1,
9049,9033,9050,-1,
9034,9050,9033,-1,
9033,9024,9034,-1,
9025,9034,9024,-1,
9049,9050,9068,-1,
9069,9068,9050,-1,
8985,8975,8986,-1,
8976,8986,8975,-1,
9074,9075,9084,-1,
9085,9084,9075,-1,
9101,9102,9109,-1,
9110,9109,9102,-1,
9084,9085,9093,-1,
9094,9093,9085,-1,
9109,9110,9117,-1,
9118,9117,9110,-1,
9113,9114,9105,-1,
9106,9105,9114,-1,
9117,9118,9113,-1,
9114,9113,9118,-1,
2023,2025,1260,-1,
1260,2025,2003,-1,
2013,2003,2025,-1,
1288,1260,2003,-1,
1258,2023,1260,-1,
1278,1260,1288,-1,
2153,2133,2083,-1,
2123,1967,2133,-1,
1967,2083,2133,-1,
1967,2123,1957,-1,
2108,1957,2123,-1,
2002,2083,1982,-1,
1982,2083,1967,-1,
1957,2108,1932,-1,
2068,1932,2108,-1,
1932,2068,1922,-1,
2053,1922,2068,-1,
1922,2053,1877,-1,
1993,1877,2053,-1,
1877,1993,1867,-1,
1943,1867,1993,-1,
1867,1943,1832,-1,
1888,1832,1943,-1,
1832,1888,1817,-1,
1843,1817,1888,-1,
1817,1843,1782,-1,
1798,1782,1843,-1,
1782,1798,1752,-1,
1763,1752,1798,-1,
1752,1763,1737,-1,
1763,1718,1737,-1,
1737,1718,1702,-1,
1718,1683,1702,-1,
1702,1683,1667,-1,
1667,1683,1632,-1,
1683,1636,1632,-1,
1632,1636,1622,-1,
1636,1598,1622,-1,
1622,1598,1587,-1,
1598,1563,1587,-1,
1587,1563,1552,-1,
1537,1552,1518,-1,
1563,1518,1552,-1,
1507,1537,1483,-1,
1518,1483,1537,-1,
1472,1507,1438,-1,
1457,1472,1393,-1,
1483,1438,1507,-1,
1422,1457,1348,-1,
1412,1422,1298,-1,
1438,1393,1472,-1,
1367,1412,1238,-1,
1357,1367,1223,-1,
1393,1348,1457,-1,
1332,1357,1183,-1,
1322,1332,1168,-1,
1307,1322,1198,-1,
1348,1298,1422,-1,
1287,1307,1198,-1,
1298,1238,1412,-1,
1238,1223,1367,-1,
1158,1198,1322,-1,
1223,1183,1357,-1,
1183,1168,1332,-1,
1168,1158,1322,-1,
1128,1198,1158,-1,
2012,2024,2002,-1,
1259,2002,2024,-1,
1287,2002,1259,-1,
1277,1287,1259,-1,
2022,1259,2024,-1,
1257,1259,2022,-1,
2024,2025,2022,-1,
2023,2022,2025,-1,
2012,2013,2024,-1,
2025,2024,2013,-1,
1982,1983,2002,-1,
1983,2003,2002,-1,
2002,2003,2012,-1,
2013,2012,2003,-1,
1967,1968,1982,-1,
1983,1982,1968,-1,
1957,1958,1967,-1,
1968,1967,1958,-1,
1932,1933,1957,-1,
1958,1957,1933,-1,
1922,1923,1932,-1,
1933,1932,1923,-1,
1877,1878,1922,-1,
1923,1922,1878,-1,
1867,1868,1877,-1,
1878,1877,1868,-1,
1867,1832,1868,-1,
1833,1868,1832,-1,
1832,1817,1833,-1,
1818,1833,1817,-1,
1817,1782,1818,-1,
1783,1818,1782,-1,
1782,1752,1783,-1,
1753,1783,1752,-1,
1752,1737,1753,-1,
1738,1753,1737,-1,
1737,1702,1738,-1,
1703,1738,1702,-1,
1702,1667,1703,-1,
1668,1703,1667,-1,
1667,1632,1668,-1,
1633,1668,1632,-1,
1632,1622,1633,-1,
1623,1633,1622,-1,
1622,1587,1623,-1,
1588,1623,1587,-1,
1587,1552,1588,-1,
1553,1588,1552,-1,
1552,1537,1553,-1,
1538,1553,1537,-1,
1537,1507,1538,-1,
1508,1538,1507,-1,
1507,1472,1508,-1,
1473,1508,1472,-1,
1472,1457,1473,-1,
1458,1473,1457,-1,
1457,1422,1458,-1,
1423,1458,1422,-1,
1423,1422,1413,-1,
1412,1413,1422,-1,
1413,1412,1368,-1,
1367,1368,1412,-1,
1368,1367,1358,-1,
1357,1358,1367,-1,
1358,1357,1333,-1,
1332,1333,1357,-1,
1333,1332,1323,-1,
1322,1323,1332,-1,
1323,1322,1308,-1,
1307,1308,1322,-1,
1308,1307,1288,-1,
1307,1287,1288,-1,
1288,1287,1278,-1,
1277,1278,1287,-1,
1278,1277,1260,-1,
1259,1260,1277,-1,
1260,1259,1258,-1,
1257,1258,1259,-1,
1257,2022,1258,-1,
2023,1258,2022,-1,
1907,1889,1908,-1,
1890,1908,1889,-1,
2154,2155,2084,-1,
2085,2084,2155,-1,
1130,1129,1200,-1,
1199,1200,1129,-1,
1484,1439,1485,-1,
1440,1485,1439,-1,
1719,1684,1720,-1,
1685,1720,1684,-1,
1199,1288,1200,-1,
2003,1200,1288,-1,
1200,2003,2085,-1,
2084,2085,2003,-1,
1394,1382,1395,-1,
1383,1395,1382,-1,
1148,1147,1130,-1,
1129,1130,1147,-1,
2142,2143,2154,-1,
2155,2154,2143,-1,
1439,1394,1440,-1,
1395,1440,1394,-1,
1844,1799,1845,-1,
1800,1845,1799,-1,
1564,1519,1565,-1,
1520,1565,1519,-1,
1519,1484,1520,-1,
1485,1520,1484,-1,
1599,1564,1600,-1,
1565,1600,1564,-1,
1684,1637,1685,-1,
1638,1685,1637,-1,
1637,1599,1638,-1,
1600,1638,1599,-1,
1889,1844,1890,-1,
1845,1890,1844,-1,
1764,1719,1765,-1,
1720,1765,1719,-1,
1799,1764,1800,-1,
1765,1800,1764,-1,
1317,1237,1342,-1,
2082,2047,2152,-1,
1467,1437,1502,-1,
2152,2047,2117,-1,
2152,2117,2132,-1,
2107,2062,2067,-1,
1247,1127,1177,-1,
1342,1237,1297,-1,
1827,1792,1842,-1,
1252,1222,1317,-1,
1232,1182,1222,-1,
1467,1392,1437,-1,
1952,1917,1942,-1,
1217,1157,1167,-1,
1177,1157,1192,-1,
1197,1127,1247,-1,
1247,2047,1197,-1,
2082,1197,2047,-1,
1217,1182,1232,-1,
1582,1562,1597,-1,
1342,1297,1347,-1,
1432,1377,1392,-1,
1792,1747,1762,-1,
1952,1942,1992,-1,
2042,1977,2067,-1,
1377,1342,1347,-1,
2117,2102,2132,-1,
1192,1157,1217,-1,
1177,1127,1157,-1,
1217,1167,1182,-1,
1617,1582,1597,-1,
1617,1597,1634,-1,
1682,1634,1635,-1,
1377,1347,1392,-1,
1762,1712,1717,-1,
1232,1222,1252,-1,
1582,1517,1562,-1,
1317,1222,1237,-1,
1634,1597,1635,-1,
1917,1862,1887,-1,
1842,1792,1797,-1,
1712,1677,1682,-1,
2102,2077,2132,-1,
2132,2077,2122,-1,
1502,1437,1482,-1,
1432,1392,1467,-1,
1547,1517,1582,-1,
2067,1977,2052,-1,
1917,1887,1942,-1,
1792,1762,1797,-1,
2122,2077,2107,-1,
1712,1682,1717,-1,
2062,2042,2067,-1,
1677,1634,1682,-1,
1862,1827,1887,-1,
1887,1827,1842,-1,
1747,1712,1762,-1,
2077,2062,2107,-1,
1547,1502,1517,-1,
1502,1482,1517,-1,
2052,1952,1992,-1,
1977,1952,2052,-1,
2077,2102,2047,-1,
2062,2077,2047,-1,
2117,2047,2102,-1,
2062,2047,2042,-1,
2042,2047,1977,-1,
1977,2047,1952,-1,
1952,2047,1917,-1,
1917,2047,1862,-1,
1862,2047,1827,-1,
1827,2047,1792,-1,
1792,2047,1747,-1,
1747,2047,1712,-1,
1712,2047,1677,-1,
1677,2047,1634,-1,
1634,2047,1617,-1,
1582,1617,1247,-1,
1547,1582,1247,-1,
1502,1547,1247,-1,
1467,1502,1247,-1,
1432,1467,1247,-1,
1377,1432,1247,-1,
1342,1377,1247,-1,
1317,1342,1247,-1,
1252,1317,1247,-1,
2047,1247,1617,-1,
1252,1247,1232,-1,
1232,1247,1217,-1,
1217,1247,1192,-1,
1177,1192,1247,-1,
1298,1297,1238,-1,
1237,1238,1297,-1,
2152,2153,2082,-1,
2083,2082,2153,-1,
1128,1127,1198,-1,
1197,1198,1127,-1,
1562,1517,1563,-1,
1518,1563,1517,-1,
1347,1297,1348,-1,
1298,1348,1297,-1,
1158,1157,1128,-1,
1127,1128,1157,-1,
1223,1222,1183,-1,
1182,1183,1222,-1,
1198,1197,1287,-1,
2082,1287,1197,-1,
1287,2082,2002,-1,
2083,2002,2082,-1,
1437,1392,1438,-1,
1393,1438,1392,-1,
2052,2053,2067,-1,
2068,2067,2053,-1,
1635,1597,1636,-1,
1598,1636,1597,-1,
1168,1167,1158,-1,
1157,1158,1167,-1,
1183,1182,1168,-1,
1167,1168,1182,-1,
1482,1437,1483,-1,
1438,1483,1437,-1,
1682,1635,1683,-1,
1636,1683,1635,-1,
1717,1682,1718,-1,
1683,1718,1682,-1,
1992,1993,2052,-1,
2053,2052,1993,-1,
1238,1237,1223,-1,
1222,1223,1237,-1,
1887,1842,1888,-1,
1843,1888,1842,-1,
1597,1562,1598,-1,
1563,1598,1562,-1,
1392,1347,1393,-1,
1348,1393,1347,-1,
1797,1762,1798,-1,
1763,1798,1762,-1,
1762,1717,1763,-1,
1718,1763,1717,-1,
1842,1797,1843,-1,
1798,1843,1797,-1,
1517,1482,1518,-1,
1483,1518,1482,-1,
1942,1887,1943,-1,
1888,1943,1887,-1,
2067,2068,2107,-1,
2108,2107,2068,-1,
1992,1942,1993,-1,
1943,1993,1942,-1,
2107,2108,2122,-1,
2123,2122,2108,-1,
2132,2133,2152,-1,
2153,2152,2133,-1,
2122,2123,2132,-1,
2133,2132,2123,-1,
818,820,147,-1,
147,820,798,-1,
806,798,820,-1,
165,147,798,-1,
145,818,147,-1,
157,147,165,-1,
954,928,884,-1,
919,767,928,-1,
767,884,928,-1,
767,919,754,-1,
901,754,919,-1,
797,884,779,-1,
779,884,767,-1,
754,901,722,-1,
866,722,901,-1,
722,866,713,-1,
847,713,866,-1,
713,847,671,-1,
790,671,847,-1,
671,790,658,-1,
731,658,790,-1,
658,731,620,-1,
684,620,731,-1,
620,684,600,-1,
633,600,684,-1,
600,633,568,-1,
589,568,633,-1,
568,589,544,-1,
557,544,589,-1,
544,557,532,-1,
557,521,532,-1,
532,521,504,-1,
521,493,504,-1,
504,493,476,-1,
476,493,458,-1,
493,462,458,-1,
458,462,440,-1,
462,425,440,-1,
440,425,412,-1,
425,397,412,-1,
412,397,384,-1,
372,384,361,-1,
397,361,384,-1,
348,372,333,-1,
361,333,372,-1,
320,348,297,-1,
308,320,261,-1,
333,297,348,-1,
280,308,225,-1,
272,280,177,-1,
297,261,320,-1,
244,272,121,-1,
236,244,101,-1,
261,225,308,-1,
208,236,61,-1,
200,208,41,-1,
188,200,81,-1,
225,177,280,-1,
164,188,81,-1,
177,121,272,-1,
121,101,244,-1,
25,81,200,-1,
101,61,236,-1,
61,41,208,-1,
41,25,200,-1,
9,81,25,-1,
805,819,797,-1,
146,797,819,-1,
164,797,146,-1,
156,164,146,-1,
817,146,819,-1,
144,146,817,-1,
819,820,817,-1,
818,817,820,-1,
805,806,819,-1,
820,819,806,-1,
779,780,797,-1,
780,798,797,-1,
797,798,805,-1,
806,805,798,-1,
767,768,779,-1,
780,779,768,-1,
754,755,767,-1,
768,767,755,-1,
722,723,754,-1,
755,754,723,-1,
713,714,722,-1,
723,722,714,-1,
671,672,713,-1,
714,713,672,-1,
658,659,671,-1,
672,671,659,-1,
658,620,659,-1,
621,659,620,-1,
620,600,621,-1,
601,621,600,-1,
600,568,601,-1,
569,601,568,-1,
568,544,569,-1,
545,569,544,-1,
544,532,545,-1,
533,545,532,-1,
532,504,533,-1,
505,533,504,-1,
504,476,505,-1,
477,505,476,-1,
476,458,477,-1,
459,477,458,-1,
458,440,459,-1,
441,459,440,-1,
440,412,441,-1,
413,441,412,-1,
412,384,413,-1,
385,413,384,-1,
384,372,385,-1,
373,385,372,-1,
372,348,373,-1,
349,373,348,-1,
348,320,349,-1,
321,349,320,-1,
320,308,321,-1,
309,321,308,-1,
308,280,309,-1,
281,309,280,-1,
281,280,273,-1,
272,273,280,-1,
273,272,245,-1,
244,245,272,-1,
245,244,237,-1,
236,237,244,-1,
237,236,209,-1,
208,209,236,-1,
209,208,201,-1,
200,201,208,-1,
201,200,189,-1,
188,189,200,-1,
189,188,165,-1,
188,164,165,-1,
165,164,157,-1,
156,157,164,-1,
157,156,147,-1,
146,147,156,-1,
147,146,145,-1,
144,145,146,-1,
144,817,145,-1,
818,145,817,-1,
695,685,696,-1,
686,696,685,-1,
103,102,63,-1,
62,63,102,-1,
955,956,885,-1,
886,885,956,-1,
11,10,83,-1,
82,83,10,-1,
179,178,123,-1,
122,123,178,-1,
334,298,335,-1,
299,335,298,-1,
522,494,523,-1,
495,523,494,-1,
43,42,27,-1,
26,27,42,-1,
82,165,83,-1,
798,83,165,-1,
83,798,886,-1,
885,886,798,-1,
262,226,263,-1,
227,263,226,-1,
226,178,227,-1,
179,227,178,-1,
27,26,11,-1,
10,11,26,-1,
63,62,43,-1,
42,43,62,-1,
937,938,955,-1,
956,955,938,-1,
298,262,299,-1,
263,299,262,-1,
634,590,635,-1,
591,635,590,-1,
398,362,399,-1,
363,399,362,-1,
362,334,363,-1,
335,363,334,-1,
426,398,427,-1,
399,427,398,-1,
494,463,495,-1,
464,495,463,-1,
463,426,464,-1,
427,464,426,-1,
123,122,103,-1,
102,103,122,-1,
685,634,686,-1,
635,686,634,-1,
558,522,559,-1,
523,559,522,-1,
590,558,591,-1,
559,591,558,-1,
194,120,214,-1,
883,840,953,-1,
314,296,342,-1,
953,840,906,-1,
953,906,927,-1,
900,853,865,-1,
130,8,50,-1,
214,120,176,-1,
610,574,632,-1,
134,100,194,-1,
110,60,100,-1,
314,260,296,-1,
736,702,730,-1,
90,24,40,-1,
50,24,70,-1,
80,8,130,-1,
130,840,80,-1,
883,80,840,-1,
90,60,110,-1,
406,396,424,-1,
214,176,224,-1,
286,250,260,-1,
574,538,556,-1,
736,730,789,-1,
834,773,865,-1,
250,214,224,-1,
906,894,927,-1,
70,24,90,-1,
50,8,24,-1,
90,40,60,-1,
434,406,424,-1,
434,424,460,-1,
492,460,461,-1,
250,224,260,-1,
556,510,520,-1,
110,100,134,-1,
406,360,396,-1,
194,100,120,-1,
460,424,461,-1,
702,648,683,-1,
632,574,588,-1,
510,482,492,-1,
894,871,927,-1,
927,871,918,-1,
342,296,332,-1,
286,260,314,-1,
378,360,406,-1,
865,773,846,-1,
702,683,730,-1,
574,556,588,-1,
918,871,900,-1,
510,492,520,-1,
853,834,865,-1,
482,460,492,-1,
648,610,683,-1,
683,610,632,-1,
538,510,556,-1,
871,853,900,-1,
378,342,360,-1,
342,332,360,-1,
846,736,789,-1,
773,736,846,-1,
871,894,840,-1,
853,871,840,-1,
906,840,894,-1,
853,840,834,-1,
834,840,773,-1,
773,840,736,-1,
736,840,702,-1,
702,840,648,-1,
648,840,610,-1,
610,840,574,-1,
574,840,538,-1,
538,840,510,-1,
510,840,482,-1,
482,840,460,-1,
460,840,434,-1,
406,434,130,-1,
378,406,130,-1,
342,378,130,-1,
314,342,130,-1,
286,314,130,-1,
250,286,130,-1,
214,250,130,-1,
194,214,130,-1,
134,194,130,-1,
840,130,434,-1,
134,130,110,-1,
110,130,90,-1,
90,130,70,-1,
50,70,130,-1,
177,176,121,-1,
120,121,176,-1,
953,954,883,-1,
884,883,954,-1,
9,8,81,-1,
80,81,8,-1,
396,360,397,-1,
361,397,360,-1,
224,176,225,-1,
177,225,176,-1,
25,24,9,-1,
8,9,24,-1,
101,100,61,-1,
60,61,100,-1,
81,80,164,-1,
883,164,80,-1,
164,883,797,-1,
884,797,883,-1,
296,260,297,-1,
261,297,260,-1,
846,847,865,-1,
866,865,847,-1,
461,424,462,-1,
425,462,424,-1,
41,40,25,-1,
24,25,40,-1,
61,60,41,-1,
40,41,60,-1,
332,296,333,-1,
297,333,296,-1,
492,461,493,-1,
462,493,461,-1,
520,492,521,-1,
493,521,492,-1,
789,790,846,-1,
847,846,790,-1,
121,120,101,-1,
100,101,120,-1,
683,632,684,-1,
633,684,632,-1,
424,396,425,-1,
397,425,396,-1,
260,224,261,-1,
225,261,224,-1,
588,556,589,-1,
557,589,556,-1,
556,520,557,-1,
521,557,520,-1,
632,588,633,-1,
589,633,588,-1,
360,332,361,-1,
333,361,332,-1,
730,683,731,-1,
684,731,683,-1,
865,866,900,-1,
901,900,866,-1,
789,730,790,-1,
731,790,730,-1,
900,901,918,-1,
919,918,901,-1,
927,928,953,-1,
954,953,928,-1,
918,919,927,-1,
928,927,919,-1,
2039,2041,1276,-1,
1276,2041,2011,-1,
2021,2011,2041,-1,
1296,1276,2011,-1,
1274,2039,1276,-1,
1286,1276,1296,-1,
2169,2141,2099,-1,
2131,1975,2141,-1,
1975,2099,2141,-1,
1975,2131,1965,-1,
2116,1965,2131,-1,
2010,2099,1990,-1,
1990,2099,1975,-1,
1965,2116,1940,-1,
2076,1940,2116,-1,
1940,2076,1930,-1,
2061,1930,2076,-1,
1930,2061,1885,-1,
2001,1885,2061,-1,
1885,2001,1875,-1,
1951,1875,2001,-1,
1875,1951,1840,-1,
1904,1840,1951,-1,
1840,1904,1825,-1,
1859,1825,1904,-1,
1825,1859,1790,-1,
1814,1790,1859,-1,
1790,1814,1760,-1,
1779,1760,1814,-1,
1760,1779,1745,-1,
1779,1734,1745,-1,
1745,1734,1710,-1,
1734,1699,1710,-1,
1710,1699,1675,-1,
1675,1699,1660,-1,
1699,1664,1660,-1,
1660,1664,1630,-1,
1664,1614,1630,-1,
1630,1614,1595,-1,
1614,1579,1595,-1,
1595,1579,1560,-1,
1545,1560,1534,-1,
1579,1534,1560,-1,
1515,1545,1499,-1,
1534,1499,1545,-1,
1480,1515,1454,-1,
1465,1480,1409,-1,
1499,1454,1515,-1,
1430,1465,1356,-1,
1420,1430,1306,-1,
1454,1409,1480,-1,
1375,1420,1246,-1,
1365,1375,1231,-1,
1409,1356,1465,-1,
1340,1365,1191,-1,
1330,1340,1176,-1,
1315,1330,1214,-1,
1356,1306,1430,-1,
1295,1315,1214,-1,
1306,1246,1420,-1,
1246,1231,1375,-1,
1166,1214,1330,-1,
1231,1191,1365,-1,
1191,1176,1340,-1,
1176,1166,1330,-1,
1144,1214,1166,-1,
2020,2040,2010,-1,
1275,2010,2040,-1,
1295,2010,1275,-1,
1285,1295,1275,-1,
2038,1275,2040,-1,
1273,1275,2038,-1,
2040,2041,2038,-1,
2039,2038,2041,-1,
2020,2021,2040,-1,
2041,2040,2021,-1,
1990,1991,2010,-1,
1991,2011,2010,-1,
2010,2011,2020,-1,
2021,2020,2011,-1,
1975,1976,1990,-1,
1991,1990,1976,-1,
1965,1966,1975,-1,
1976,1975,1966,-1,
1940,1941,1965,-1,
1966,1965,1941,-1,
1930,1931,1940,-1,
1941,1940,1931,-1,
1885,1886,1930,-1,
1931,1930,1886,-1,
1875,1876,1885,-1,
1886,1885,1876,-1,
1875,1840,1876,-1,
1841,1876,1840,-1,
1840,1825,1841,-1,
1826,1841,1825,-1,
1825,1790,1826,-1,
1791,1826,1790,-1,
1790,1760,1791,-1,
1761,1791,1760,-1,
1760,1745,1761,-1,
1746,1761,1745,-1,
1745,1710,1746,-1,
1711,1746,1710,-1,
1710,1675,1711,-1,
1676,1711,1675,-1,
1675,1660,1676,-1,
1661,1676,1660,-1,
1660,1630,1661,-1,
1631,1661,1630,-1,
1630,1595,1631,-1,
1596,1631,1595,-1,
1595,1560,1596,-1,
1561,1596,1560,-1,
1560,1545,1561,-1,
1546,1561,1545,-1,
1545,1515,1546,-1,
1516,1546,1515,-1,
1515,1480,1516,-1,
1481,1516,1480,-1,
1480,1465,1481,-1,
1466,1481,1465,-1,
1465,1430,1466,-1,
1431,1466,1430,-1,
1431,1430,1421,-1,
1420,1421,1430,-1,
1421,1420,1376,-1,
1375,1376,1420,-1,
1376,1375,1366,-1,
1365,1366,1375,-1,
1366,1365,1341,-1,
1340,1341,1365,-1,
1341,1340,1331,-1,
1330,1331,1340,-1,
1331,1330,1316,-1,
1315,1316,1330,-1,
1316,1315,1296,-1,
1315,1295,1296,-1,
1296,1295,1286,-1,
1285,1286,1295,-1,
1286,1285,1276,-1,
1275,1276,1285,-1,
1276,1275,1274,-1,
1273,1274,1275,-1,
1273,2038,1274,-1,
2039,1274,2038,-1,
1915,1905,1916,-1,
1906,1916,1905,-1,
2170,2171,2100,-1,
2101,2100,2171,-1,
1146,1145,1216,-1,
1215,1216,1145,-1,
1500,1455,1501,-1,
1456,1501,1455,-1,
1735,1700,1736,-1,
1701,1736,1700,-1,
1215,1296,1216,-1,
2011,1216,1296,-1,
1216,2011,2101,-1,
2100,2101,2011,-1,
1410,1390,1411,-1,
1391,1411,1390,-1,
1156,1155,1146,-1,
1145,1146,1155,-1,
2150,2151,2170,-1,
2171,2170,2151,-1,
1455,1410,1456,-1,
1411,1456,1410,-1,
1860,1815,1861,-1,
1816,1861,1815,-1,
1580,1535,1581,-1,
1536,1581,1535,-1,
1535,1500,1536,-1,
1501,1536,1500,-1,
1615,1580,1616,-1,
1581,1616,1580,-1,
1700,1665,1701,-1,
1666,1701,1665,-1,
1665,1615,1666,-1,
1616,1666,1615,-1,
1905,1860,1906,-1,
1861,1906,1860,-1,
1780,1735,1781,-1,
1736,1781,1735,-1,
1815,1780,1816,-1,
1781,1816,1780,-1,
1321,1245,1346,-1,
2098,2051,2168,-1,
1471,1453,1506,-1,
2168,2051,2121,-1,
2168,2121,2140,-1,
2115,2066,2075,-1,
1251,1143,1181,-1,
1346,1245,1305,-1,
1831,1796,1858,-1,
1256,1230,1321,-1,
1236,1190,1230,-1,
1471,1408,1453,-1,
1956,1921,1950,-1,
1221,1165,1175,-1,
1181,1165,1196,-1,
1213,1143,1251,-1,
1251,2051,1213,-1,
2098,1213,2051,-1,
1221,1190,1236,-1,
1586,1578,1613,-1,
1346,1305,1355,-1,
1436,1381,1408,-1,
1796,1751,1778,-1,
1956,1950,2000,-1,
2046,1981,2075,-1,
1381,1346,1355,-1,
2121,2106,2140,-1,
1196,1165,1221,-1,
1181,1143,1165,-1,
1221,1175,1190,-1,
1621,1586,1613,-1,
1621,1613,1662,-1,
1698,1662,1663,-1,
1381,1355,1408,-1,
1778,1716,1733,-1,
1236,1230,1256,-1,
1586,1533,1578,-1,
1321,1230,1245,-1,
1662,1613,1663,-1,
1921,1866,1903,-1,
1858,1796,1813,-1,
1716,1681,1698,-1,
2106,2081,2140,-1,
2140,2081,2130,-1,
1506,1453,1498,-1,
1436,1408,1471,-1,
1551,1533,1586,-1,
2075,1981,2060,-1,
1921,1903,1950,-1,
1796,1778,1813,-1,
2130,2081,2115,-1,
1716,1698,1733,-1,
2066,2046,2075,-1,
1681,1662,1698,-1,
1866,1831,1903,-1,
1903,1831,1858,-1,
1751,1716,1778,-1,
2081,2066,2115,-1,
1551,1506,1533,-1,
1506,1498,1533,-1,
2060,1956,2000,-1,
1981,1956,2060,-1,
2081,2106,2051,-1,
2066,2081,2051,-1,
2121,2051,2106,-1,
2066,2051,2046,-1,
2046,2051,1981,-1,
1981,2051,1956,-1,
1956,2051,1921,-1,
1921,2051,1866,-1,
1866,2051,1831,-1,
1831,2051,1796,-1,
1796,2051,1751,-1,
1751,2051,1716,-1,
1716,2051,1681,-1,
1681,2051,1662,-1,
1662,2051,1621,-1,
1586,1621,1251,-1,
1551,1586,1251,-1,
1506,1551,1251,-1,
1471,1506,1251,-1,
1436,1471,1251,-1,
1381,1436,1251,-1,
1346,1381,1251,-1,
1321,1346,1251,-1,
1256,1321,1251,-1,
2051,1251,1621,-1,
1256,1251,1236,-1,
1236,1251,1221,-1,
1221,1251,1196,-1,
1181,1196,1251,-1,
1306,1305,1246,-1,
1245,1246,1305,-1,
2168,2169,2098,-1,
2099,2098,2169,-1,
1144,1143,1214,-1,
1213,1214,1143,-1,
1578,1533,1579,-1,
1534,1579,1533,-1,
1355,1305,1356,-1,
1306,1356,1305,-1,
1166,1165,1144,-1,
1143,1144,1165,-1,
1231,1230,1191,-1,
1190,1191,1230,-1,
1214,1213,1295,-1,
2098,1295,1213,-1,
1295,2098,2010,-1,
2099,2010,2098,-1,
1453,1408,1454,-1,
1409,1454,1408,-1,
2060,2061,2075,-1,
2076,2075,2061,-1,
1663,1613,1664,-1,
1614,1664,1613,-1,
1176,1175,1166,-1,
1165,1166,1175,-1,
1191,1190,1176,-1,
1175,1176,1190,-1,
1498,1453,1499,-1,
1454,1499,1453,-1,
1698,1663,1699,-1,
1664,1699,1663,-1,
1733,1698,1734,-1,
1699,1734,1698,-1,
2000,2001,2060,-1,
2061,2060,2001,-1,
1246,1245,1231,-1,
1230,1231,1245,-1,
1903,1858,1904,-1,
1859,1904,1858,-1,
1613,1578,1614,-1,
1579,1614,1578,-1,
1408,1355,1409,-1,
1356,1409,1355,-1,
1813,1778,1814,-1,
1779,1814,1778,-1,
1778,1733,1779,-1,
1734,1779,1733,-1,
1858,1813,1859,-1,
1814,1859,1813,-1,
1533,1498,1534,-1,
1499,1534,1498,-1,
1950,1903,1951,-1,
1904,1951,1903,-1,
2075,2076,2115,-1,
2116,2115,2076,-1,
2000,1950,2001,-1,
1951,2001,1950,-1,
2115,2116,2130,-1,
2131,2130,2116,-1,
2140,2141,2168,-1,
2169,2168,2141,-1,
2130,2131,2140,-1,
2141,2140,2131,-1,
8422,8424,7756,-1,
7756,8424,8408,-1,
8414,8408,8424,-1,
7770,7756,8408,-1,
7754,8422,7756,-1,
7764,7756,7770,-1,
8547,8535,8484,-1,
8516,8380,8535,-1,
8380,8484,8535,-1,
8380,8516,8373,-1,
8501,8373,8516,-1,
8407,8484,8389,-1,
8389,8484,8380,-1,
8373,8501,8346,-1,
8464,8346,8501,-1,
8346,8464,8340,-1,
8447,8340,8464,-1,
8340,8447,8312,-1,
8398,8312,8447,-1,
8312,8398,8303,-1,
8355,8303,8398,-1,
8303,8355,8276,-1,
8325,8276,8355,-1,
8276,8325,8264,-1,
8291,8264,8325,-1,
8264,8291,8234,-1,
8255,8234,8291,-1,
8234,8255,8209,-1,
8221,8209,8255,-1,
8209,8221,8183,-1,
8221,8168,8183,-1,
8183,8168,8143,-1,
8168,8125,8143,-1,
8143,8125,8105,-1,
8105,8125,8071,-1,
8125,8075,8071,-1,
8071,8075,8033,-1,
8075,8016,8033,-1,
8033,8016,8004,-1,
8016,7986,8004,-1,
8004,7986,7976,-1,
7959,7976,7949,-1,
7986,7949,7976,-1,
7934,7959,7919,-1,
7949,7919,7959,-1,
7910,7934,7885,-1,
7894,7910,7851,-1,
7919,7885,7934,-1,
7867,7894,7815,-1,
7860,7867,7776,-1,
7885,7851,7910,-1,
7831,7860,7740,-1,
7820,7831,7724,-1,
7851,7815,7894,-1,
7803,7820,7693,-1,
7797,7803,7674,-1,
7783,7797,7707,-1,
7815,7776,7867,-1,
7769,7783,7707,-1,
7776,7740,7860,-1,
7740,7724,7831,-1,
7666,7707,7797,-1,
7724,7693,7820,-1,
7693,7674,7803,-1,
7674,7666,7797,-1,
7645,7707,7666,-1,
8413,8423,8407,-1,
7755,8407,8423,-1,
7769,8407,7755,-1,
7763,7769,7755,-1,
8421,7755,8423,-1,
7753,7755,8421,-1,
8423,8424,8421,-1,
8422,8421,8424,-1,
8413,8414,8423,-1,
8424,8423,8414,-1,
8389,8390,8407,-1,
8390,8408,8407,-1,
8407,8408,8413,-1,
8414,8413,8408,-1,
8380,8381,8389,-1,
8390,8389,8381,-1,
8373,8374,8380,-1,
8381,8380,8374,-1,
8346,8347,8373,-1,
8374,8373,8347,-1,
8340,8341,8346,-1,
8347,8346,8341,-1,
8312,8313,8340,-1,
8341,8340,8313,-1,
8303,8304,8312,-1,
8313,8312,8304,-1,
8303,8276,8304,-1,
8277,8304,8276,-1,
8276,8264,8277,-1,
8265,8277,8264,-1,
8264,8234,8265,-1,
8235,8265,8234,-1,
8234,8209,8235,-1,
8210,8235,8209,-1,
8209,8183,8210,-1,
8184,8210,8183,-1,
8183,8143,8184,-1,
8144,8184,8143,-1,
8143,8105,8144,-1,
8106,8144,8105,-1,
8105,8071,8106,-1,
8072,8106,8071,-1,
8071,8033,8072,-1,
8034,8072,8033,-1,
8033,8004,8034,-1,
8005,8034,8004,-1,
8004,7976,8005,-1,
7977,8005,7976,-1,
7976,7959,7977,-1,
7960,7977,7959,-1,
7959,7934,7960,-1,
7935,7960,7934,-1,
7934,7910,7935,-1,
7911,7935,7910,-1,
7910,7894,7911,-1,
7895,7911,7894,-1,
7894,7867,7895,-1,
7868,7895,7867,-1,
7868,7867,7861,-1,
7860,7861,7867,-1,
7861,7860,7832,-1,
7831,7832,7860,-1,
7832,7831,7821,-1,
7820,7821,7831,-1,
7821,7820,7804,-1,
7803,7804,7820,-1,
7804,7803,7798,-1,
7797,7798,7803,-1,
7798,7797,7784,-1,
7783,7784,7797,-1,
7784,7783,7770,-1,
7783,7769,7770,-1,
7770,7769,7764,-1,
7763,7764,7769,-1,
7764,7763,7756,-1,
7755,7756,7763,-1,
7756,7755,7754,-1,
7753,7754,7755,-1,
7753,8421,7754,-1,
8422,7754,8421,-1,
8356,8326,8357,-1,
8327,8357,8326,-1,
8548,8549,8485,-1,
8486,8485,8549,-1,
7647,7646,7709,-1,
7708,7709,7646,-1,
7920,7886,7921,-1,
7887,7921,7886,-1,
8169,8126,8170,-1,
8127,8170,8126,-1,
7708,7770,7709,-1,
8408,7709,7770,-1,
7709,8408,8486,-1,
8485,8486,8408,-1,
7852,7842,7853,-1,
7843,7853,7842,-1,
8399,8356,8400,-1,
8357,8400,8356,-1,
7657,7656,7647,-1,
7646,7647,7656,-1,
8465,8466,8502,-1,
8503,8502,8466,-1,
8536,8537,8548,-1,
8549,8548,8537,-1,
7886,7852,7887,-1,
7853,7887,7852,-1,
8292,8256,8293,-1,
8257,8293,8256,-1,
7987,7950,7988,-1,
7951,7988,7950,-1,
7950,7920,7951,-1,
7921,7951,7920,-1,
8017,7987,8018,-1,
7988,8018,7987,-1,
8126,8076,8127,-1,
8077,8127,8076,-1,
8076,8017,8077,-1,
8018,8077,8017,-1,
8517,8518,8536,-1,
8537,8536,8518,-1,
8399,8400,8448,-1,
8449,8448,8400,-1,
8326,8292,8327,-1,
8293,8327,8292,-1,
8448,8449,8465,-1,
8466,8465,8449,-1,
8502,8503,8517,-1,
8518,8517,8503,-1,
8222,8169,8223,-1,
8170,8223,8169,-1,
8256,8222,8257,-1,
8223,8257,8222,-1,
7789,7739,7808,-1,
8483,8440,8546,-1,
7902,7884,7930,-1,
8546,8440,8509,-1,
8546,8509,8534,-1,
8500,8457,8463,-1,
7744,7644,7688,-1,
7808,7739,7775,-1,
8271,8239,8290,-1,
7747,7723,7789,-1,
7728,7692,7723,-1,
7902,7850,7884,-1,
8363,8333,8354,-1,
7719,7665,7673,-1,
7688,7665,7698,-1,
7706,7644,7744,-1,
7744,8440,7706,-1,
8483,7706,8440,-1,
7719,7692,7728,-1,
7994,7985,8015,-1,
7808,7775,7814,-1,
7872,7836,7850,-1,
8239,8201,8220,-1,
8363,8354,8397,-1,
8436,8385,8463,-1,
7836,7808,7814,-1,
8509,8494,8534,-1,
7698,7665,7719,-1,
7688,7644,7665,-1,
7719,7673,7692,-1,
8026,7994,8015,-1,
8026,8015,8073,-1,
8124,8073,8074,-1,
7836,7814,7850,-1,
8220,8161,8167,-1,
7728,7723,7747,-1,
7994,7948,7985,-1,
7789,7723,7739,-1,
8073,8015,8074,-1,
8333,8299,8324,-1,
8290,8239,8254,-1,
8161,8116,8124,-1,
8494,8472,8534,-1,
8534,8472,8515,-1,
7930,7884,7918,-1,
7872,7850,7902,-1,
7964,7948,7994,-1,
8463,8385,8446,-1,
8333,8324,8354,-1,
8239,8220,8254,-1,
8515,8472,8500,-1,
8161,8124,8167,-1,
8457,8436,8463,-1,
8116,8073,8124,-1,
8299,8271,8324,-1,
8324,8271,8290,-1,
8201,8161,8220,-1,
8472,8457,8500,-1,
7964,7930,7948,-1,
7930,7918,7948,-1,
8446,8363,8397,-1,
8385,8363,8446,-1,
8472,8494,8440,-1,
8457,8472,8440,-1,
8509,8440,8494,-1,
8457,8440,8436,-1,
8436,8440,8385,-1,
8385,8440,8363,-1,
8363,8440,8333,-1,
8333,8440,8299,-1,
8299,8440,8271,-1,
8271,8440,8239,-1,
8239,8440,8201,-1,
8201,8440,8161,-1,
8161,8440,8116,-1,
8116,8440,8073,-1,
8073,8440,8026,-1,
7994,8026,7744,-1,
7964,7994,7744,-1,
7930,7964,7744,-1,
7902,7930,7744,-1,
7872,7902,7744,-1,
7836,7872,7744,-1,
7808,7836,7744,-1,
7789,7808,7744,-1,
7747,7789,7744,-1,
8440,7744,8026,-1,
7747,7744,7728,-1,
7728,7744,7719,-1,
7719,7744,7698,-1,
7688,7698,7744,-1,
7776,7775,7740,-1,
7739,7740,7775,-1,
8546,8547,8483,-1,
8484,8483,8547,-1,
7645,7644,7707,-1,
7706,7707,7644,-1,
7985,7948,7986,-1,
7949,7986,7948,-1,
7814,7775,7815,-1,
7776,7815,7775,-1,
7666,7665,7645,-1,
7644,7645,7665,-1,
7724,7723,7693,-1,
7692,7693,7723,-1,
7707,7706,7769,-1,
8483,7769,7706,-1,
7769,8483,8407,-1,
8484,8407,8483,-1,
7884,7850,7885,-1,
7851,7885,7850,-1,
8446,8447,8463,-1,
8464,8463,8447,-1,
8074,8015,8075,-1,
8016,8075,8015,-1,
7674,7673,7666,-1,
7665,7666,7673,-1,
7693,7692,7674,-1,
7673,7674,7692,-1,
7918,7884,7919,-1,
7885,7919,7884,-1,
8124,8074,8125,-1,
8075,8125,8074,-1,
8167,8124,8168,-1,
8125,8168,8124,-1,
8397,8398,8446,-1,
8447,8446,8398,-1,
7740,7739,7724,-1,
7723,7724,7739,-1,
8324,8290,8325,-1,
8291,8325,8290,-1,
8015,7985,8016,-1,
7986,8016,7985,-1,
7850,7814,7851,-1,
7815,7851,7814,-1,
8254,8220,8255,-1,
8221,8255,8220,-1,
8220,8167,8221,-1,
8168,8221,8167,-1,
8290,8254,8291,-1,
8255,8291,8254,-1,
7948,7918,7949,-1,
7919,7949,7918,-1,
8354,8324,8355,-1,
8325,8355,8324,-1,
8463,8464,8500,-1,
8501,8500,8464,-1,
8397,8354,8398,-1,
8355,8398,8354,-1,
8500,8501,8515,-1,
8516,8515,8501,-1,
8534,8535,8546,-1,
8547,8546,8535,-1,
8515,8516,8534,-1,
8535,8534,8516,-1,
7237,7223,7185,-1,
7215,7090,7223,-1,
7090,7185,7223,-1,
7090,7215,7082,-1,
7203,7082,7215,-1,
7120,7185,7104,-1,
7104,7185,7090,-1,
7082,7203,7058,-1,
7173,7058,7203,-1,
7058,7173,7048,-1,
7161,7048,7173,-1,
7048,7161,7010,-1,
7113,7010,7161,-1,
7010,7113,7002,-1,
7069,7002,7113,-1,
7002,7069,6974,-1,
7019,6974,7069,-1,
6974,7019,6960,-1,
6983,6960,7019,-1,
6960,6983,6932,-1,
6945,6932,6983,-1,
6932,6945,6908,-1,
6917,6908,6945,-1,
6908,6917,6896,-1,
6917,6881,6896,-1,
6896,6881,6868,-1,
6881,6853,6868,-1,
6868,6853,6840,-1,
6840,6853,6812,-1,
6853,6816,6812,-1,
6812,6816,6804,-1,
6816,6785,6804,-1,
6804,6785,6776,-1,
6785,6757,6776,-1,
6776,6757,6748,-1,
6736,6748,6721,-1,
6757,6721,6748,-1,
6712,6736,6693,-1,
6721,6693,6736,-1,
6684,6712,6655,-1,
6672,6684,6619,-1,
6693,6655,6712,-1,
6642,6672,6581,-1,
6634,6642,6537,-1,
6655,6619,6684,-1,
6598,6634,6486,-1,
6590,6598,6474,-1,
6619,6581,6672,-1,
6566,6590,6444,-1,
6558,6566,6432,-1,
6544,6558,6456,-1,
6581,6537,6642,-1,
6529,6544,6456,-1,
6537,6486,6634,-1,
6486,6474,6598,-1,
6424,6456,6558,-1,
6474,6444,6590,-1,
6444,6432,6566,-1,
6432,6424,6558,-1,
6404,6456,6424,-1,
7127,7138,7120,-1,
6507,7120,7138,-1,
6529,7120,6507,-1,
6521,6529,6507,-1,
7135,6507,7138,-1,
6503,6507,7135,-1,
7139,7137,7138,-1,
7138,7137,7135,-1,
7136,7135,7137,-1,
7127,7128,7138,-1,
7139,7138,7128,-1,
7104,7105,7120,-1,
7127,7120,7128,-1,
7105,7128,7120,-1,
7090,7091,7104,-1,
7105,7104,7091,-1,
7082,7083,7090,-1,
7091,7090,7083,-1,
7058,7059,7082,-1,
7083,7082,7059,-1,
7048,7049,7058,-1,
7059,7058,7049,-1,
7010,7011,7048,-1,
7049,7048,7011,-1,
7002,7003,7010,-1,
7011,7010,7003,-1,
7002,6974,7003,-1,
6975,7003,6974,-1,
6974,6960,6975,-1,
6961,6975,6960,-1,
6960,6932,6961,-1,
6933,6961,6932,-1,
6932,6908,6933,-1,
6909,6933,6908,-1,
6908,6896,6909,-1,
6897,6909,6896,-1,
6896,6868,6897,-1,
6869,6897,6868,-1,
6868,6840,6869,-1,
6841,6869,6840,-1,
6840,6812,6841,-1,
6813,6841,6812,-1,
6812,6804,6813,-1,
6805,6813,6804,-1,
6804,6776,6805,-1,
6777,6805,6776,-1,
6776,6748,6777,-1,
6749,6777,6748,-1,
6748,6736,6749,-1,
6737,6749,6736,-1,
6736,6712,6737,-1,
6713,6737,6712,-1,
6712,6684,6713,-1,
6685,6713,6684,-1,
6684,6672,6685,-1,
6673,6685,6672,-1,
6672,6642,6673,-1,
6643,6673,6642,-1,
6643,6642,6635,-1,
6634,6635,6642,-1,
6635,6634,6599,-1,
6598,6599,6634,-1,
6599,6598,6591,-1,
6590,6591,6598,-1,
6591,6590,6567,-1,
6566,6567,6590,-1,
6567,6566,6559,-1,
6558,6559,6566,-1,
6559,6558,6545,-1,
6544,6545,6558,-1,
6544,6529,6545,-1,
6545,6529,6522,-1,
6521,6522,6529,-1,
6522,6521,6508,-1,
6507,6508,6521,-1,
6508,6507,6505,-1,
6504,6505,6503,-1,
6507,6503,6505,-1,
6503,7135,6504,-1,
7136,6504,7135,-1,
7034,7020,7035,-1,
7021,7035,7020,-1,
6694,6656,6695,-1,
6657,6695,6656,-1,
6882,6854,6883,-1,
6855,6883,6854,-1,
6670,6968,6671,-1,
6969,6671,6968,-1,
6620,6610,6621,-1,
6611,6621,6610,-1,
6656,6620,6657,-1,
6621,6657,6620,-1,
6984,6946,6985,-1,
6947,6985,6946,-1,
6758,6722,6759,-1,
6723,6759,6722,-1,
6722,6694,6723,-1,
6695,6723,6694,-1,
6786,6758,6787,-1,
6759,6787,6758,-1,
6854,6817,6855,-1,
6818,6855,6817,-1,
6817,6786,6818,-1,
6787,6818,6786,-1,
7020,6984,7021,-1,
6985,7021,6984,-1,
6918,6882,6919,-1,
6883,6919,6882,-1,
6946,6918,6947,-1,
6919,6947,6918,-1,
6552,6485,6576,-1,
7184,7156,7236,-1,
6680,6654,6708,-1,
7236,7156,7210,-1,
7236,7210,7222,-1,
7202,7168,7172,-1,
6493,6403,6439,-1,
6576,6485,6536,-1,
6970,6940,6982,-1,
6497,6473,6552,-1,
6481,6443,6473,-1,
6680,6618,6654,-1,
7076,7042,7068,-1,
6469,6423,6431,-1,
6439,6423,6451,-1,
6455,6403,6493,-1,
6493,7156,6455,-1,
7184,6455,7156,-1,
6469,6443,6481,-1,
6772,6756,6784,-1,
6576,6536,6580,-1,
6650,6606,6618,-1,
6940,6904,6916,-1,
7076,7068,7112,-1,
7152,7100,7172,-1,
6606,6576,6580,-1,
7210,7198,7222,-1,
6451,6423,6469,-1,
6439,6403,6423,-1,
6469,6431,6443,-1,
6800,6772,6784,-1,
6800,6784,6814,-1,
6852,6814,6815,-1,
6606,6580,6618,-1,
6916,6876,6880,-1,
6481,6473,6497,-1,
6772,6720,6756,-1,
6552,6473,6485,-1,
6814,6784,6815,-1,
7042,6998,7018,-1,
6982,6940,6944,-1,
6876,6848,6852,-1,
7198,7180,7222,-1,
7222,7180,7214,-1,
6708,6654,6692,-1,
6650,6618,6680,-1,
6744,6720,6772,-1,
7172,7100,7160,-1,
7042,7018,7068,-1,
6940,6916,6944,-1,
7214,7180,7202,-1,
6876,6852,6880,-1,
7168,7152,7172,-1,
6848,6814,6852,-1,
6998,6970,7018,-1,
7018,6970,6982,-1,
6904,6876,6916,-1,
7180,7168,7202,-1,
6744,6708,6720,-1,
6708,6692,6720,-1,
7160,7076,7112,-1,
7100,7076,7160,-1,
7180,7198,7156,-1,
7168,7180,7156,-1,
7210,7156,7198,-1,
7168,7156,7152,-1,
7152,7156,7100,-1,
7100,7156,7076,-1,
7076,7156,7042,-1,
7042,7156,6998,-1,
6998,7156,6970,-1,
6970,7156,6940,-1,
6940,7156,6904,-1,
6904,7156,6876,-1,
6876,7156,6848,-1,
6848,7156,6814,-1,
6814,7156,6800,-1,
6772,6800,6493,-1,
6744,6772,6493,-1,
6708,6744,6493,-1,
6680,6708,6493,-1,
6650,6680,6493,-1,
6606,6650,6493,-1,
6576,6606,6493,-1,
6552,6576,6493,-1,
6497,6552,6493,-1,
7156,6493,6800,-1,
6497,6493,6481,-1,
6481,6493,6469,-1,
6469,6493,6451,-1,
6439,6451,6493,-1,
6537,6536,6486,-1,
6485,6486,6536,-1,
7236,7237,7184,-1,
7185,7184,7237,-1,
6404,6403,6456,-1,
6455,6456,6403,-1,
6756,6720,6757,-1,
6721,6757,6720,-1,
6580,6536,6581,-1,
6537,6581,6536,-1,
6424,6423,6404,-1,
6403,6404,6423,-1,
6474,6473,6444,-1,
6443,6444,6473,-1,
6456,6455,6529,-1,
7184,6529,6455,-1,
6529,7184,7120,-1,
7185,7120,7184,-1,
6654,6618,6655,-1,
6619,6655,6618,-1,
7160,7161,7172,-1,
7173,7172,7161,-1,
6815,6784,6816,-1,
6785,6816,6784,-1,
6432,6431,6424,-1,
6423,6424,6431,-1,
6444,6443,6432,-1,
6431,6432,6443,-1,
6692,6654,6693,-1,
6655,6693,6654,-1,
6852,6815,6853,-1,
6816,6853,6815,-1,
6880,6852,6881,-1,
6853,6881,6852,-1,
7112,7113,7160,-1,
7161,7160,7113,-1,
6486,6485,6474,-1,
6473,6474,6485,-1,
7018,6982,7019,-1,
6983,7019,6982,-1,
6784,6756,6785,-1,
6757,6785,6756,-1,
6618,6580,6619,-1,
6581,6619,6580,-1,
6944,6916,6945,-1,
6917,6945,6916,-1,
6916,6880,6917,-1,
6881,6917,6880,-1,
6982,6944,6983,-1,
6945,6983,6944,-1,
6720,6692,6721,-1,
6693,6721,6692,-1,
7068,7018,7069,-1,
7019,7069,7018,-1,
7172,7173,7202,-1,
7203,7202,7173,-1,
7112,7068,7113,-1,
7069,7113,7068,-1,
7202,7203,7214,-1,
7215,7214,7203,-1,
7222,7223,7236,-1,
7237,7236,7223,-1,
7214,7215,7222,-1,
7223,7222,7215,-1,
8678,8676,8654,-1,
8674,8636,8676,-1,
8672,8631,8674,-1,
8631,8672,8626,-1,
8626,8670,8622,-1,
8636,8654,8676,-1,
8670,8626,8672,-1,
8622,8664,8611,-1,
8638,8654,8636,-1,
8635,8654,8638,-1,
8631,8636,8674,-1,
8664,8622,8670,-1,
8656,8611,8664,-1,
8611,8656,8605,-1,
8648,8605,8656,-1,
8605,8648,8598,-1,
8642,8598,8648,-1,
8598,8642,8595,-1,
8619,8595,8642,-1,
8595,8619,8589,-1,
8601,8589,8619,-1,
8589,8601,8584,-1,
8592,8584,8601,-1,
8584,8592,8577,-1,
8581,8577,8592,-1,
8577,8581,8571,-1,
8574,8571,8581,-1,
8571,8574,8568,-1,
8574,8565,8568,-1,
8568,8565,8561,-1,
8565,8558,8561,-1,
8561,8558,8554,-1,
8558,8527,8554,-1,
8554,8527,8523,-1,
8523,8527,8491,-1,
8527,8475,8491,-1,
8491,8475,8454,-1,
8475,8432,8454,-1,
8454,8432,8429,-1,
8369,8429,8366,-1,
8432,8366,8429,-1,
8335,8369,8317,-1,
8366,8317,8369,-1,
8308,8335,8281,-1,
8284,8308,8247,-1,
8317,8281,8335,-1,
8268,8284,8229,-1,
8281,8247,8308,-1,
8244,8268,8188,-1,
8230,8244,8148,-1,
8247,8229,8284,-1,
8213,8230,8119,-1,
8196,8213,8112,-1,
8191,8196,8112,-1,
8229,8188,8268,-1,
8188,8148,8244,-1,
8148,8119,8230,-1,
8094,8112,8213,-1,
8119,8094,8213,-1,
8063,8112,8094,-1,
8633,8629,8635,-1,
8635,8629,8179,-1,
8191,8635,8179,-1,
8189,8191,8179,-1,
8613,8179,8629,-1,
8152,8179,8613,-1,
8630,8628,8629,-1,
8629,8628,8613,-1,
8614,8613,8628,-1,
8633,8634,8629,-1,
8630,8629,8634,-1,
8638,8639,8635,-1,
8633,8635,8634,-1,
8639,8634,8635,-1,
8636,8637,8638,-1,
8639,8638,8637,-1,
8631,8632,8636,-1,
8637,8636,8632,-1,
8626,8627,8631,-1,
8632,8631,8627,-1,
8622,8623,8626,-1,
8627,8626,8623,-1,
8611,8612,8622,-1,
8623,8622,8612,-1,
8605,8606,8611,-1,
8612,8611,8606,-1,
8598,8599,8605,-1,
8606,8605,8599,-1,
8595,8596,8598,-1,
8599,8598,8596,-1,
8595,8589,8596,-1,
8590,8596,8589,-1,
8589,8584,8590,-1,
8585,8590,8584,-1,
8584,8577,8585,-1,
8578,8585,8577,-1,
8577,8571,8578,-1,
8572,8578,8571,-1,
8571,8568,8572,-1,
8569,8572,8568,-1,
8568,8561,8569,-1,
8562,8569,8561,-1,
8561,8554,8562,-1,
8555,8562,8554,-1,
8554,8523,8555,-1,
8524,8555,8523,-1,
8523,8491,8524,-1,
8492,8524,8491,-1,
8491,8454,8492,-1,
8455,8492,8454,-1,
8454,8429,8455,-1,
8430,8455,8429,-1,
8429,8369,8430,-1,
8370,8430,8369,-1,
8369,8335,8370,-1,
8336,8370,8335,-1,
8335,8308,8336,-1,
8309,8336,8308,-1,
8308,8284,8309,-1,
8285,8309,8284,-1,
8284,8268,8285,-1,
8269,8285,8268,-1,
8269,8268,8245,-1,
8244,8245,8268,-1,
8245,8244,8231,-1,
8230,8231,8244,-1,
8231,8230,8214,-1,
8213,8214,8230,-1,
8214,8213,8197,-1,
8196,8197,8213,-1,
8197,8196,8192,-1,
8196,8191,8192,-1,
8192,8191,8190,-1,
8189,8190,8191,-1,
8190,8189,8180,-1,
8179,8180,8189,-1,
8180,8179,8153,-1,
8152,8153,8179,-1,
8152,8613,8153,-1,
8614,8153,8613,-1,
8643,8644,8649,-1,
8650,8649,8644,-1,
8098,8097,8114,-1,
8113,8114,8097,-1,
8248,8241,8249,-1,
8242,8249,8241,-1,
8433,8367,8434,-1,
8368,8434,8367,-1,
8582,8575,8583,-1,
8576,8583,8575,-1,
8113,8192,8114,-1,
8114,8192,8588,-1,
8587,8588,8192,-1,
8318,8282,8319,-1,
8283,8319,8282,-1,
8649,8650,8657,-1,
8658,8657,8650,-1,
8282,8248,8283,-1,
8249,8283,8248,-1,
8367,8318,8368,-1,
8319,8368,8318,-1,
8620,8602,8621,-1,
8603,8621,8602,-1,
8528,8476,8529,-1,
8477,8529,8476,-1,
8476,8433,8477,-1,
8434,8477,8433,-1,
8559,8528,8560,-1,
8529,8560,8528,-1,
8575,8566,8576,-1,
8567,8576,8566,-1,
8566,8559,8567,-1,
8560,8567,8559,-1,
8657,8658,8665,-1,
8666,8665,8658,-1,
8643,8620,8644,-1,
8621,8644,8620,-1,
8665,8666,8667,-1,
8668,8667,8666,-1,
8593,8582,8594,-1,
8583,8594,8582,-1,
8602,8593,8603,-1,
8594,8603,8593,-1,
8243,8228,8273,-1,
8653,8645,8677,-1,
8377,8365,8438,-1,
8677,8645,8662,-1,
8677,8662,8675,-1,
8671,8659,8669,-1,
8155,8062,8110,-1,
8273,8228,8246,-1,
8604,8597,8618,-1,
8215,8187,8243,-1,
8193,8147,8187,-1,
8377,8316,8365,-1,
8646,8640,8647,-1,
8159,8093,8118,-1,
8110,8093,8139,-1,
8111,8062,8155,-1,
8155,8645,8111,-1,
8653,8111,8645,-1,
8159,8147,8193,-1,
8557,8525,8526,-1,
8273,8246,8280,-1,
8337,8307,8316,-1,
8597,8586,8591,-1,
8655,8646,8647,-1,
8652,8651,8669,-1,
8307,8273,8280,-1,
8662,8661,8675,-1,
8139,8093,8159,-1,
8110,8062,8093,-1,
8159,8118,8147,-1,
8556,8525,8557,-1,
8563,8556,8557,-1,
8573,8563,8564,-1,
8307,8280,8316,-1,
8591,8579,8580,-1,
8193,8187,8215,-1,
8525,8474,8526,-1,
8243,8187,8228,-1,
8563,8557,8564,-1,
8640,8615,8641,-1,
8618,8597,8600,-1,
8579,8570,8573,-1,
8661,8660,8675,-1,
8675,8660,8673,-1,
8438,8365,8431,-1,
8337,8316,8377,-1,
8478,8474,8525,-1,
8669,8651,8663,-1,
8647,8640,8641,-1,
8597,8591,8600,-1,
8673,8660,8671,-1,
8579,8573,8580,-1,
8659,8652,8669,-1,
8570,8563,8573,-1,
8615,8604,8641,-1,
8641,8604,8618,-1,
8586,8579,8591,-1,
8660,8659,8671,-1,
8478,8438,8474,-1,
8438,8431,8474,-1,
8663,8646,8655,-1,
8651,8646,8663,-1,
8660,8661,8645,-1,
8659,8660,8645,-1,
8652,8659,8645,-1,
8651,8652,8645,-1,
8646,8651,8645,-1,
8662,8645,8661,-1,
8646,8645,8640,-1,
8640,8645,8615,-1,
8615,8645,8604,-1,
8604,8645,8597,-1,
8597,8645,8586,-1,
8586,8645,8579,-1,
8579,8645,8570,-1,
8570,8645,8563,-1,
8563,8645,8556,-1,
8525,8556,8155,-1,
8478,8525,8155,-1,
8438,8478,8155,-1,
8377,8438,8155,-1,
8337,8377,8155,-1,
8307,8337,8155,-1,
8273,8307,8155,-1,
8243,8273,8155,-1,
8215,8243,8155,-1,
8193,8215,8155,-1,
8159,8193,8155,-1,
8645,8155,8556,-1,
8159,8155,8139,-1,
8110,8139,8155,-1,
8246,8228,8247,-1,
8229,8247,8228,-1,
8653,8677,8654,-1,
8678,8654,8677,-1,
8063,8062,8112,-1,
8111,8112,8062,-1,
8526,8474,8527,-1,
8475,8527,8474,-1,
8280,8246,8281,-1,
8247,8281,8246,-1,
8094,8093,8063,-1,
8062,8063,8093,-1,
8188,8187,8148,-1,
8147,8148,8187,-1,
8112,8111,8191,-1,
8653,8191,8111,-1,
8191,8653,8635,-1,
8654,8635,8653,-1,
8365,8316,8366,-1,
8317,8366,8316,-1,
8663,8664,8669,-1,
8670,8669,8664,-1,
8564,8557,8565,-1,
8558,8565,8557,-1,
8119,8118,8094,-1,
8093,8094,8118,-1,
8148,8147,8119,-1,
8118,8119,8147,-1,
8431,8365,8432,-1,
8366,8432,8365,-1,
8573,8564,8574,-1,
8565,8574,8564,-1,
8580,8573,8581,-1,
8574,8581,8573,-1,
8655,8656,8663,-1,
8664,8663,8656,-1,
8228,8187,8229,-1,
8188,8229,8187,-1,
8641,8618,8642,-1,
8619,8642,8618,-1,
8557,8526,8558,-1,
8527,8558,8526,-1,
8316,8280,8317,-1,
8281,8317,8280,-1,
8600,8591,8601,-1,
8592,8601,8591,-1,
8591,8580,8592,-1,
8581,8592,8580,-1,
8618,8600,8619,-1,
8601,8619,8600,-1,
8474,8431,8475,-1,
8432,8475,8431,-1,
8641,8642,8647,-1,
8648,8647,8642,-1,
8669,8670,8671,-1,
8672,8671,8670,-1,
8647,8648,8655,-1,
8656,8655,8648,-1,
8671,8672,8673,-1,
8674,8673,8672,-1,
8675,8676,8677,-1,
8678,8677,8676,-1,
8673,8674,8675,-1,
8676,8675,8674,-1,
3380,3382,2617,-1,
2617,3382,3352,-1,
3362,3352,3382,-1,
2637,2617,3352,-1,
2615,3380,2617,-1,
2627,2617,2637,-1,
3510,3482,3440,-1,
3472,3316,3482,-1,
3316,3440,3482,-1,
3316,3472,3306,-1,
3457,3306,3472,-1,
3351,3440,3331,-1,
3331,3440,3316,-1,
3306,3457,3281,-1,
3417,3281,3457,-1,
3281,3417,3271,-1,
3402,3271,3417,-1,
3271,3402,3226,-1,
3342,3226,3402,-1,
3226,3342,3216,-1,
3292,3216,3342,-1,
3216,3292,3181,-1,
3245,3181,3292,-1,
3181,3245,3166,-1,
3200,3166,3245,-1,
3166,3200,3131,-1,
3155,3131,3200,-1,
3131,3155,3101,-1,
3120,3101,3155,-1,
3101,3120,3086,-1,
3120,3075,3086,-1,
3086,3075,3051,-1,
3075,3040,3051,-1,
3051,3040,3016,-1,
3016,3040,3001,-1,
3040,3005,3001,-1,
3001,3005,2971,-1,
3005,2955,2971,-1,
2971,2955,2936,-1,
2955,2920,2936,-1,
2936,2920,2901,-1,
2886,2901,2875,-1,
2920,2875,2901,-1,
2856,2886,2840,-1,
2875,2840,2886,-1,
2821,2856,2795,-1,
2806,2821,2750,-1,
2840,2795,2856,-1,
2771,2806,2697,-1,
2761,2771,2647,-1,
2795,2750,2821,-1,
2716,2761,2587,-1,
2706,2716,2572,-1,
2750,2697,2806,-1,
2681,2706,2532,-1,
2671,2681,2517,-1,
2656,2671,2555,-1,
2697,2647,2771,-1,
2636,2656,2555,-1,
2647,2587,2761,-1,
2587,2572,2716,-1,
2507,2555,2671,-1,
2572,2532,2706,-1,
2532,2517,2681,-1,
2517,2507,2671,-1,
2485,2555,2507,-1,
3361,3381,3351,-1,
2616,3351,3381,-1,
2636,3351,2616,-1,
2626,2636,2616,-1,
3379,2616,3381,-1,
2614,2616,3379,-1,
3381,3382,3379,-1,
3380,3379,3382,-1,
3361,3362,3381,-1,
3382,3381,3362,-1,
3331,3332,3351,-1,
3332,3352,3351,-1,
3351,3352,3361,-1,
3362,3361,3352,-1,
3316,3317,3331,-1,
3332,3331,3317,-1,
3306,3307,3316,-1,
3317,3316,3307,-1,
3281,3282,3306,-1,
3307,3306,3282,-1,
3271,3272,3281,-1,
3282,3281,3272,-1,
3226,3227,3271,-1,
3272,3271,3227,-1,
3216,3217,3226,-1,
3227,3226,3217,-1,
3216,3181,3217,-1,
3182,3217,3181,-1,
3181,3166,3182,-1,
3167,3182,3166,-1,
3166,3131,3167,-1,
3132,3167,3131,-1,
3131,3101,3132,-1,
3102,3132,3101,-1,
3101,3086,3102,-1,
3087,3102,3086,-1,
3086,3051,3087,-1,
3052,3087,3051,-1,
3051,3016,3052,-1,
3017,3052,3016,-1,
3016,3001,3017,-1,
3002,3017,3001,-1,
3001,2971,3002,-1,
2972,3002,2971,-1,
2971,2936,2972,-1,
2937,2972,2936,-1,
2936,2901,2937,-1,
2902,2937,2901,-1,
2901,2886,2902,-1,
2887,2902,2886,-1,
2886,2856,2887,-1,
2857,2887,2856,-1,
2856,2821,2857,-1,
2822,2857,2821,-1,
2821,2806,2822,-1,
2807,2822,2806,-1,
2806,2771,2807,-1,
2772,2807,2771,-1,
2772,2771,2762,-1,
2761,2762,2771,-1,
2762,2761,2717,-1,
2716,2717,2761,-1,
2717,2716,2707,-1,
2706,2707,2716,-1,
2707,2706,2682,-1,
2681,2682,2706,-1,
2682,2681,2672,-1,
2671,2672,2681,-1,
2672,2671,2657,-1,
2656,2657,2671,-1,
2657,2656,2637,-1,
2656,2636,2637,-1,
2637,2636,2627,-1,
2626,2627,2636,-1,
2627,2626,2617,-1,
2616,2617,2626,-1,
2617,2616,2615,-1,
2614,2615,2616,-1,
2614,3379,2615,-1,
3380,2615,3379,-1,
3256,3246,3257,-1,
3247,3257,3246,-1,
3511,3512,3441,-1,
3442,3441,3512,-1,
2487,2486,2557,-1,
2556,2557,2486,-1,
2841,2796,2842,-1,
2797,2842,2796,-1,
3076,3041,3077,-1,
3042,3077,3041,-1,
2556,2637,2557,-1,
3352,2557,2637,-1,
2557,3352,3442,-1,
3441,3442,3352,-1,
2751,2729,2752,-1,
2730,2752,2729,-1,
2497,2496,2487,-1,
2486,2487,2496,-1,
3491,3492,3511,-1,
3512,3511,3492,-1,
2796,2751,2797,-1,
2752,2797,2751,-1,
3201,3156,3202,-1,
3157,3202,3156,-1,
2921,2876,2922,-1,
2877,2922,2876,-1,
2876,2841,2877,-1,
2842,2877,2841,-1,
2956,2921,2957,-1,
2922,2957,2921,-1,
3041,3006,3042,-1,
3007,3042,3006,-1,
3006,2956,3007,-1,
2957,3007,2956,-1,
3246,3201,3247,-1,
3202,3247,3201,-1,
3121,3076,3122,-1,
3077,3122,3076,-1,
3156,3121,3157,-1,
3122,3157,3121,-1,
2662,2586,2687,-1,
3439,3392,3509,-1,
2812,2794,2847,-1,
3509,3392,3462,-1,
3509,3462,3481,-1,
3456,3407,3416,-1,
2592,2484,2522,-1,
2687,2586,2646,-1,
3172,3137,3199,-1,
2597,2571,2662,-1,
2577,2531,2571,-1,
2812,2749,2794,-1,
3297,3262,3291,-1,
2562,2506,2516,-1,
2522,2506,2537,-1,
2554,2484,2592,-1,
2592,3392,2554,-1,
3439,2554,3392,-1,
2562,2531,2577,-1,
2927,2919,2954,-1,
2687,2646,2696,-1,
2777,2722,2749,-1,
3137,3092,3119,-1,
3297,3291,3341,-1,
3387,3322,3416,-1,
2722,2687,2696,-1,
3462,3447,3481,-1,
2537,2506,2562,-1,
2522,2484,2506,-1,
2562,2516,2531,-1,
2962,2927,2954,-1,
2962,2954,3003,-1,
3039,3003,3004,-1,
2722,2696,2749,-1,
3119,3057,3074,-1,
2577,2571,2597,-1,
2927,2874,2919,-1,
2662,2571,2586,-1,
3003,2954,3004,-1,
3262,3207,3244,-1,
3199,3137,3154,-1,
3057,3022,3039,-1,
3447,3422,3481,-1,
3481,3422,3471,-1,
2847,2794,2839,-1,
2777,2749,2812,-1,
2892,2874,2927,-1,
3416,3322,3401,-1,
3262,3244,3291,-1,
3137,3119,3154,-1,
3471,3422,3456,-1,
3057,3039,3074,-1,
3407,3387,3416,-1,
3022,3003,3039,-1,
3207,3172,3244,-1,
3244,3172,3199,-1,
3092,3057,3119,-1,
3422,3407,3456,-1,
2892,2847,2874,-1,
2847,2839,2874,-1,
3401,3297,3341,-1,
3322,3297,3401,-1,
3422,3447,3392,-1,
3407,3422,3392,-1,
3462,3392,3447,-1,
3407,3392,3387,-1,
3387,3392,3322,-1,
3322,3392,3297,-1,
3297,3392,3262,-1,
3262,3392,3207,-1,
3207,3392,3172,-1,
3172,3392,3137,-1,
3137,3392,3092,-1,
3092,3392,3057,-1,
3057,3392,3022,-1,
3022,3392,3003,-1,
3003,3392,2962,-1,
2927,2962,2592,-1,
2892,2927,2592,-1,
2847,2892,2592,-1,
2812,2847,2592,-1,
2777,2812,2592,-1,
2722,2777,2592,-1,
2687,2722,2592,-1,
2662,2687,2592,-1,
2597,2662,2592,-1,
3392,2592,2962,-1,
2597,2592,2577,-1,
2577,2592,2562,-1,
2562,2592,2537,-1,
2522,2537,2592,-1,
2647,2646,2587,-1,
2586,2587,2646,-1,
3509,3510,3439,-1,
3440,3439,3510,-1,
2485,2484,2555,-1,
2554,2555,2484,-1,
2919,2874,2920,-1,
2875,2920,2874,-1,
2696,2646,2697,-1,
2647,2697,2646,-1,
2507,2506,2485,-1,
2484,2485,2506,-1,
2572,2571,2532,-1,
2531,2532,2571,-1,
2555,2554,2636,-1,
3439,2636,2554,-1,
2636,3439,3351,-1,
3440,3351,3439,-1,
2794,2749,2795,-1,
2750,2795,2749,-1,
3401,3402,3416,-1,
3417,3416,3402,-1,
3004,2954,3005,-1,
2955,3005,2954,-1,
2517,2516,2507,-1,
2506,2507,2516,-1,
2532,2531,2517,-1,
2516,2517,2531,-1,
2839,2794,2840,-1,
2795,2840,2794,-1,
3039,3004,3040,-1,
3005,3040,3004,-1,
3074,3039,3075,-1,
3040,3075,3039,-1,
3341,3342,3401,-1,
3402,3401,3342,-1,
2587,2586,2572,-1,
2571,2572,2586,-1,
3244,3199,3245,-1,
3200,3245,3199,-1,
2954,2919,2955,-1,
2920,2955,2919,-1,
2749,2696,2750,-1,
2697,2750,2696,-1,
3154,3119,3155,-1,
3120,3155,3119,-1,
3119,3074,3120,-1,
3075,3120,3074,-1,
3199,3154,3200,-1,
3155,3200,3154,-1,
2874,2839,2875,-1,
2840,2875,2839,-1,
3291,3244,3292,-1,
3245,3292,3244,-1,
3416,3417,3456,-1,
3457,3456,3417,-1,
3341,3291,3342,-1,
3292,3342,3291,-1,
3456,3457,3471,-1,
3472,3471,3457,-1,
3481,3482,3509,-1,
3510,3509,3482,-1,
3471,3472,3481,-1,
3482,3481,3472,-1,
6402,6400,6390,-1,
6398,6360,6400,-1,
6396,6353,6398,-1,
6360,6390,6400,-1,
6353,6360,6398,-1,
6392,6351,6396,-1,
6371,6390,6366,-1,
6366,6390,6360,-1,
6353,6396,6351,-1,
6351,6392,6344,-1,
6382,6344,6392,-1,
6344,6382,6336,-1,
6376,6336,6382,-1,
6336,6376,6333,-1,
6363,6333,6376,-1,
6333,6363,6327,-1,
6341,6327,6363,-1,
6327,6341,6318,-1,
6330,6318,6341,-1,
6318,6330,6315,-1,
6321,6315,6330,-1,
6315,6321,6308,-1,
6312,6308,6321,-1,
6308,6312,6302,-1,
6305,6302,6312,-1,
6302,6305,6299,-1,
6305,6296,6299,-1,
6299,6296,6292,-1,
6296,6289,6292,-1,
6292,6289,6283,-1,
6283,6289,6279,-1,
6289,6277,6279,-1,
6279,6277,6274,-1,
6277,6272,6274,-1,
6274,6272,6267,-1,
6272,6265,6267,-1,
6267,6265,6262,-1,
6259,6262,6256,-1,
6265,6256,6262,-1,
6253,6259,6251,-1,
6256,6251,6259,-1,
6248,6253,6184,-1,
6197,6248,6149,-1,
6251,6184,6253,-1,
6174,6197,6120,-1,
6160,6174,6086,-1,
6184,6149,6248,-1,
6139,6160,6064,-1,
6129,6139,6034,-1,
6149,6120,6197,-1,
6116,6129,6003,-1,
6108,6116,6028,-1,
6094,6108,6028,-1,
6120,6086,6174,-1,
6086,6064,6160,-1,
6064,6034,6139,-1,
5987,6028,6116,-1,
6034,6003,6129,-1,
6003,5987,6116,-1,
5971,6028,5987,-1,
6372,6368,6371,-1,
6371,6368,6089,-1,
6094,6371,6089,-1,
6091,6094,6089,-1,
6358,6089,6368,-1,
6077,6089,6358,-1,
6368,6369,6358,-1,
6359,6358,6369,-1,
6373,6370,6372,-1,
6372,6370,6368,-1,
6369,6368,6370,-1,
6366,6367,6371,-1,
6372,6371,6373,-1,
6367,6373,6371,-1,
6360,6361,6366,-1,
6367,6366,6361,-1,
6353,6354,6360,-1,
6361,6360,6354,-1,
6351,6352,6353,-1,
6354,6353,6352,-1,
6344,6345,6351,-1,
6352,6351,6345,-1,
6336,6337,6344,-1,
6345,6344,6337,-1,
6333,6334,6336,-1,
6337,6336,6334,-1,
6327,6328,6333,-1,
6334,6333,6328,-1,
6327,6318,6328,-1,
6319,6328,6318,-1,
6318,6315,6319,-1,
6316,6319,6315,-1,
6315,6308,6316,-1,
6309,6316,6308,-1,
6308,6302,6309,-1,
6303,6309,6302,-1,
6302,6299,6303,-1,
6300,6303,6299,-1,
6299,6292,6300,-1,
6293,6300,6292,-1,
6292,6283,6293,-1,
6284,6293,6283,-1,
6283,6279,6284,-1,
6280,6284,6279,-1,
6279,6274,6280,-1,
6275,6280,6274,-1,
6274,6267,6275,-1,
6268,6275,6267,-1,
6267,6262,6268,-1,
6263,6268,6262,-1,
6262,6259,6263,-1,
6260,6263,6259,-1,
6259,6253,6260,-1,
6254,6260,6253,-1,
6253,6248,6254,-1,
6249,6254,6248,-1,
6248,6197,6249,-1,
6198,6249,6197,-1,
6197,6174,6198,-1,
6175,6198,6174,-1,
6175,6174,6161,-1,
6160,6161,6174,-1,
6161,6160,6140,-1,
6139,6140,6160,-1,
6140,6139,6130,-1,
6129,6130,6139,-1,
6130,6129,6117,-1,
6116,6117,6129,-1,
6117,6116,6109,-1,
6108,6109,6116,-1,
6109,6108,6095,-1,
6108,6094,6095,-1,
6095,6094,6092,-1,
6091,6092,6094,-1,
6092,6091,6090,-1,
6089,6090,6091,-1,
6090,6089,6078,-1,
6077,6078,6089,-1,
6077,6358,6078,-1,
6359,6078,6358,-1,
6364,6342,6365,-1,
6343,6365,6342,-1,
6066,6065,6036,-1,
6035,6036,6065,-1,
5973,5972,6030,-1,
6029,6030,5972,-1,
6121,6087,6122,-1,
6088,6122,6087,-1,
6306,6297,6307,-1,
6298,6307,6297,-1,
6005,6004,5989,-1,
5988,5989,6004,-1,
6029,6095,6030,-1,
6030,6095,6325,-1,
6324,6325,6095,-1,
6152,6150,6153,-1,
6151,6153,6150,-1,
6364,6365,6377,-1,
6378,6377,6365,-1,
6150,6121,6151,-1,
6122,6151,6121,-1,
5989,5988,5973,-1,
5972,5973,5988,-1,
6036,6035,6005,-1,
6004,6005,6035,-1,
6331,6322,6332,-1,
6323,6332,6322,-1,
6297,6290,6298,-1,
6291,6298,6290,-1,
6290,6285,6291,-1,
6286,6291,6285,-1,
6088,6087,6066,-1,
6065,6066,6087,-1,
6377,6378,6383,-1,
6384,6383,6378,-1,
6342,6331,6343,-1,
6332,6343,6331,-1,
6383,6384,6387,-1,
6388,6387,6384,-1,
6313,6306,6314,-1,
6307,6314,6306,-1,
6322,6313,6323,-1,
6314,6323,6313,-1,
6118,6085,6147,-1,
6389,6379,6401,-1,
6252,6250,6261,-1,
6401,6379,6394,-1,
6401,6394,6399,-1,
6395,6385,6391,-1,
6069,5970,6012,-1,
6147,6085,6119,-1,
6326,6317,6329,-1,
6093,6063,6118,-1,
6070,6033,6063,-1,
6252,6183,6250,-1,
6357,6348,6362,-1,
6054,5986,6002,-1,
6012,5986,6037,-1,
6027,5970,6069,-1,
6069,6379,6027,-1,
6389,6027,6379,-1,
6054,6033,6070,-1,
6273,6271,6276,-1,
6147,6119,6148,-1,
6211,6176,6183,-1,
6317,6310,6311,-1,
6375,6357,6362,-1,
6380,6374,6391,-1,
6176,6147,6148,-1,
6394,6393,6399,-1,
6037,5986,6054,-1,
6012,5970,5986,-1,
6054,6002,6033,-1,
6278,6273,6276,-1,
6278,6276,6287,-1,
6295,6287,6288,-1,
6176,6148,6183,-1,
6311,6301,6304,-1,
6070,6063,6093,-1,
6273,6264,6271,-1,
6118,6063,6085,-1,
6287,6276,6288,-1,
6348,6335,6340,-1,
6329,6317,6320,-1,
6301,6294,6295,-1,
6393,6386,6399,-1,
6399,6386,6397,-1,
6261,6250,6255,-1,
6211,6183,6252,-1,
6266,6264,6273,-1,
6391,6374,6381,-1,
6348,6340,6362,-1,
6317,6311,6320,-1,
6397,6386,6395,-1,
6301,6295,6304,-1,
6385,6380,6391,-1,
6294,6287,6295,-1,
6335,6326,6340,-1,
6340,6326,6329,-1,
6310,6301,6311,-1,
6386,6385,6395,-1,
6266,6261,6264,-1,
6261,6255,6264,-1,
6381,6357,6375,-1,
6374,6357,6381,-1,
6386,6393,6379,-1,
6385,6386,6379,-1,
6380,6385,6379,-1,
6394,6379,6393,-1,
6380,6379,6374,-1,
6374,6379,6357,-1,
6357,6379,6348,-1,
6348,6379,6335,-1,
6335,6379,6326,-1,
6326,6379,6317,-1,
6317,6379,6310,-1,
6310,6379,6301,-1,
6301,6379,6294,-1,
6294,6379,6287,-1,
6287,6379,6278,-1,
6273,6278,6069,-1,
6266,6273,6069,-1,
6261,6266,6069,-1,
6252,6261,6069,-1,
6211,6252,6069,-1,
6176,6211,6069,-1,
6147,6176,6069,-1,
6118,6147,6069,-1,
6093,6118,6069,-1,
6070,6093,6069,-1,
6379,6069,6278,-1,
6070,6069,6054,-1,
6054,6069,6037,-1,
6012,6037,6069,-1,
6119,6085,6120,-1,
6086,6120,6085,-1,
6389,6401,6390,-1,
6402,6390,6401,-1,
5971,5970,6028,-1,
6027,6028,5970,-1,
6271,6264,6272,-1,
6265,6272,6264,-1,
6148,6119,6149,-1,
6120,6149,6119,-1,
5987,5986,5971,-1,
5970,5971,5986,-1,
6064,6063,6034,-1,
6033,6034,6063,-1,
6028,6027,6094,-1,
6389,6094,6027,-1,
6094,6389,6371,-1,
6390,6371,6389,-1,
6250,6183,6251,-1,
6184,6251,6183,-1,
6381,6382,6391,-1,
6392,6391,6382,-1,
6288,6276,6289,-1,
6277,6289,6276,-1,
6003,6002,5987,-1,
5986,5987,6002,-1,
6034,6033,6003,-1,
6002,6003,6033,-1,
6255,6250,6256,-1,
6251,6256,6250,-1,
6295,6288,6296,-1,
6289,6296,6288,-1,
6304,6295,6305,-1,
6296,6305,6295,-1,
6375,6376,6381,-1,
6382,6381,6376,-1,
6086,6085,6064,-1,
6063,6064,6085,-1,
6340,6329,6341,-1,
6330,6341,6329,-1,
6276,6271,6277,-1,
6272,6277,6271,-1,
6183,6148,6184,-1,
6149,6184,6148,-1,
6320,6311,6321,-1,
6312,6321,6311,-1,
6311,6304,6312,-1,
6305,6312,6304,-1,
6329,6320,6330,-1,
6321,6330,6320,-1,
6264,6255,6265,-1,
6256,6265,6255,-1,
6362,6340,6363,-1,
6341,6363,6340,-1,
6391,6392,6395,-1,
6396,6395,6392,-1,
6362,6363,6375,-1,
6376,6375,6363,-1,
6395,6396,6397,-1,
6398,6397,6396,-1,
6399,6400,6401,-1,
6402,6401,6400,-1,
6397,6398,6399,-1,
6400,6399,6398,-1,
2035,2037,1272,-1,
1272,2037,2009,-1,
2019,2009,2037,-1,
1294,1272,2009,-1,
1270,2035,1272,-1,
1284,1272,1294,-1,
2165,2139,2095,-1,
2129,1973,2139,-1,
1973,2095,2139,-1,
1973,2129,1963,-1,
2114,1963,2129,-1,
2008,2095,1988,-1,
1988,2095,1973,-1,
1963,2114,1938,-1,
2074,1938,2114,-1,
1938,2074,1928,-1,
2059,1928,2074,-1,
1928,2059,1883,-1,
1999,1883,2059,-1,
1883,1999,1873,-1,
1949,1873,1999,-1,
1873,1949,1838,-1,
1900,1838,1949,-1,
1838,1900,1823,-1,
1855,1823,1900,-1,
1823,1855,1788,-1,
1810,1788,1855,-1,
1788,1810,1758,-1,
1775,1758,1810,-1,
1758,1775,1743,-1,
1775,1730,1743,-1,
1743,1730,1708,-1,
1730,1695,1708,-1,
1708,1695,1673,-1,
1673,1695,1653,-1,
1695,1657,1653,-1,
1653,1657,1628,-1,
1657,1610,1628,-1,
1628,1610,1593,-1,
1610,1575,1593,-1,
1593,1575,1558,-1,
1543,1558,1530,-1,
1575,1530,1558,-1,
1513,1543,1495,-1,
1530,1495,1543,-1,
1478,1513,1450,-1,
1463,1478,1405,-1,
1495,1450,1513,-1,
1428,1463,1354,-1,
1418,1428,1304,-1,
1450,1405,1478,-1,
1373,1418,1244,-1,
1363,1373,1229,-1,
1405,1354,1463,-1,
1338,1363,1189,-1,
1328,1338,1174,-1,
1313,1328,1210,-1,
1354,1304,1428,-1,
1293,1313,1210,-1,
1304,1244,1418,-1,
1244,1229,1373,-1,
1164,1210,1328,-1,
1229,1189,1363,-1,
1189,1174,1338,-1,
1174,1164,1328,-1,
1140,1210,1164,-1,
2018,2036,2008,-1,
1271,2008,2036,-1,
1293,2008,1271,-1,
1283,1293,1271,-1,
2034,1271,2036,-1,
1269,1271,2034,-1,
2036,2037,2034,-1,
2035,2034,2037,-1,
2018,2019,2036,-1,
2037,2036,2019,-1,
1988,1989,2008,-1,
1989,2009,2008,-1,
2008,2009,2018,-1,
2019,2018,2009,-1,
1973,1974,1988,-1,
1989,1988,1974,-1,
1963,1964,1973,-1,
1974,1973,1964,-1,
1938,1939,1963,-1,
1964,1963,1939,-1,
1928,1929,1938,-1,
1939,1938,1929,-1,
1883,1884,1928,-1,
1929,1928,1884,-1,
1873,1874,1883,-1,
1884,1883,1874,-1,
1873,1838,1874,-1,
1839,1874,1838,-1,
1838,1823,1839,-1,
1824,1839,1823,-1,
1823,1788,1824,-1,
1789,1824,1788,-1,
1788,1758,1789,-1,
1759,1789,1758,-1,
1758,1743,1759,-1,
1744,1759,1743,-1,
1743,1708,1744,-1,
1709,1744,1708,-1,
1708,1673,1709,-1,
1674,1709,1673,-1,
1673,1653,1674,-1,
1654,1674,1653,-1,
1653,1628,1654,-1,
1629,1654,1628,-1,
1628,1593,1629,-1,
1594,1629,1593,-1,
1593,1558,1594,-1,
1559,1594,1558,-1,
1558,1543,1559,-1,
1544,1559,1543,-1,
1543,1513,1544,-1,
1514,1544,1513,-1,
1513,1478,1514,-1,
1479,1514,1478,-1,
1478,1463,1479,-1,
1464,1479,1463,-1,
1463,1428,1464,-1,
1429,1464,1428,-1,
1429,1428,1419,-1,
1418,1419,1428,-1,
1419,1418,1374,-1,
1373,1374,1418,-1,
1374,1373,1364,-1,
1363,1364,1373,-1,
1364,1363,1339,-1,
1338,1339,1363,-1,
1339,1338,1329,-1,
1328,1329,1338,-1,
1329,1328,1314,-1,
1313,1314,1328,-1,
1314,1313,1294,-1,
1313,1293,1294,-1,
1294,1293,1284,-1,
1283,1284,1293,-1,
1284,1283,1272,-1,
1271,1272,1283,-1,
1272,1271,1270,-1,
1269,1270,1271,-1,
1269,2034,1270,-1,
2035,1270,2034,-1,
1913,1901,1914,-1,
1902,1914,1901,-1,
2166,2167,2096,-1,
2097,2096,2167,-1,
1142,1141,1212,-1,
1211,1212,1141,-1,
1496,1451,1497,-1,
1452,1497,1451,-1,
1731,1696,1732,-1,
1697,1732,1696,-1,
1211,1294,1212,-1,
2009,1212,1294,-1,
1212,2009,2097,-1,
2096,2097,2009,-1,
1406,1388,1407,-1,
1389,1407,1388,-1,
1154,1153,1142,-1,
1141,1142,1153,-1,
2148,2149,2166,-1,
2167,2166,2149,-1,
1451,1406,1452,-1,
1407,1452,1406,-1,
1856,1811,1857,-1,
1812,1857,1811,-1,
1576,1531,1577,-1,
1532,1577,1531,-1,
1531,1496,1532,-1,
1497,1532,1496,-1,
1611,1576,1612,-1,
1577,1612,1576,-1,
1696,1658,1697,-1,
1659,1697,1658,-1,
1658,1611,1659,-1,
1612,1659,1611,-1,
1901,1856,1902,-1,
1857,1902,1856,-1,
1776,1731,1777,-1,
1732,1777,1731,-1,
1811,1776,1812,-1,
1777,1812,1776,-1,
1320,1243,1345,-1,
2094,2050,2164,-1,
1470,1449,1505,-1,
2164,2050,2120,-1,
2164,2120,2138,-1,
2113,2065,2073,-1,
1250,1139,1180,-1,
1345,1243,1303,-1,
1830,1795,1854,-1,
1255,1228,1320,-1,
1235,1188,1228,-1,
1470,1404,1449,-1,
1955,1920,1948,-1,
1220,1163,1173,-1,
1180,1163,1195,-1,
1209,1139,1250,-1,
1250,2050,1209,-1,
2094,1209,2050,-1,
1220,1188,1235,-1,
1585,1574,1609,-1,
1345,1303,1353,-1,
1435,1380,1404,-1,
1795,1750,1774,-1,
1955,1948,1998,-1,
2045,1980,2073,-1,
1380,1345,1353,-1,
2120,2105,2138,-1,
1195,1163,1220,-1,
1180,1139,1163,-1,
1220,1173,1188,-1,
1620,1585,1609,-1,
1620,1609,1655,-1,
1694,1655,1656,-1,
1380,1353,1404,-1,
1774,1715,1729,-1,
1235,1228,1255,-1,
1585,1529,1574,-1,
1320,1228,1243,-1,
1655,1609,1656,-1,
1920,1865,1899,-1,
1854,1795,1809,-1,
1715,1680,1694,-1,
2105,2080,2138,-1,
2138,2080,2128,-1,
1505,1449,1494,-1,
1435,1404,1470,-1,
1550,1529,1585,-1,
2073,1980,2058,-1,
1920,1899,1948,-1,
1795,1774,1809,-1,
2128,2080,2113,-1,
1715,1694,1729,-1,
2065,2045,2073,-1,
1680,1655,1694,-1,
1865,1830,1899,-1,
1899,1830,1854,-1,
1750,1715,1774,-1,
2080,2065,2113,-1,
1550,1505,1529,-1,
1505,1494,1529,-1,
2058,1955,1998,-1,
1980,1955,2058,-1,
2080,2105,2050,-1,
2065,2080,2050,-1,
2120,2050,2105,-1,
2065,2050,2045,-1,
2045,2050,1980,-1,
1980,2050,1955,-1,
1955,2050,1920,-1,
1920,2050,1865,-1,
1865,2050,1830,-1,
1830,2050,1795,-1,
1795,2050,1750,-1,
1750,2050,1715,-1,
1715,2050,1680,-1,
1680,2050,1655,-1,
1655,2050,1620,-1,
1585,1620,1250,-1,
1550,1585,1250,-1,
1505,1550,1250,-1,
1470,1505,1250,-1,
1435,1470,1250,-1,
1380,1435,1250,-1,
1345,1380,1250,-1,
1320,1345,1250,-1,
1255,1320,1250,-1,
2050,1250,1620,-1,
1255,1250,1235,-1,
1235,1250,1220,-1,
1220,1250,1195,-1,
1180,1195,1250,-1,
1304,1303,1244,-1,
1243,1244,1303,-1,
2164,2165,2094,-1,
2095,2094,2165,-1,
1140,1139,1210,-1,
1209,1210,1139,-1,
1574,1529,1575,-1,
1530,1575,1529,-1,
1353,1303,1354,-1,
1304,1354,1303,-1,
1164,1163,1140,-1,
1139,1140,1163,-1,
1229,1228,1189,-1,
1188,1189,1228,-1,
1210,1209,1293,-1,
2094,1293,1209,-1,
1293,2094,2008,-1,
2095,2008,2094,-1,
1449,1404,1450,-1,
1405,1450,1404,-1,
2058,2059,2073,-1,
2074,2073,2059,-1,
1656,1609,1657,-1,
1610,1657,1609,-1,
1174,1173,1164,-1,
1163,1164,1173,-1,
1189,1188,1174,-1,
1173,1174,1188,-1,
1494,1449,1495,-1,
1450,1495,1449,-1,
1694,1656,1695,-1,
1657,1695,1656,-1,
1729,1694,1730,-1,
1695,1730,1694,-1,
1998,1999,2058,-1,
2059,2058,1999,-1,
1244,1243,1229,-1,
1228,1229,1243,-1,
1899,1854,1900,-1,
1855,1900,1854,-1,
1609,1574,1610,-1,
1575,1610,1574,-1,
1404,1353,1405,-1,
1354,1405,1353,-1,
1809,1774,1810,-1,
1775,1810,1774,-1,
1774,1729,1775,-1,
1730,1775,1729,-1,
1854,1809,1855,-1,
1810,1855,1809,-1,
1529,1494,1530,-1,
1495,1530,1494,-1,
1948,1899,1949,-1,
1900,1949,1899,-1,
2073,2074,2113,-1,
2114,2113,2074,-1,
1998,1948,1999,-1,
1949,1999,1948,-1,
2113,2114,2128,-1,
2129,2128,2114,-1,
2138,2139,2164,-1,
2165,2164,2139,-1,
2128,2129,2138,-1,
2139,2138,2129,-1,
5799,5801,5189,-1,
5189,5801,5783,-1,
5791,5783,5801,-1,
5211,5189,5783,-1,
5187,5799,5189,-1,
5203,5189,5211,-1,
5903,5887,5847,-1,
5879,5754,5887,-1,
5754,5847,5887,-1,
5754,5879,5746,-1,
5867,5746,5879,-1,
5782,5847,5766,-1,
5766,5847,5754,-1,
5746,5867,5726,-1,
5835,5726,5867,-1,
5726,5835,5718,-1,
5823,5718,5835,-1,
5718,5823,5682,-1,
5775,5682,5823,-1,
5682,5775,5674,-1,
5735,5674,5775,-1,
5674,5735,5646,-1,
5691,5646,5735,-1,
5646,5691,5634,-1,
5655,5634,5691,-1,
5634,5655,5606,-1,
5619,5606,5655,-1,
5606,5619,5582,-1,
5591,5582,5619,-1,
5582,5591,5570,-1,
5591,5555,5570,-1,
5570,5555,5542,-1,
5555,5527,5542,-1,
5542,5527,5514,-1,
5514,5527,5486,-1,
5527,5490,5486,-1,
5486,5490,5478,-1,
5490,5459,5478,-1,
5478,5459,5450,-1,
5459,5431,5450,-1,
5450,5431,5422,-1,
5410,5422,5395,-1,
5431,5395,5422,-1,
5386,5410,5367,-1,
5395,5367,5410,-1,
5358,5386,5331,-1,
5346,5358,5295,-1,
5367,5331,5386,-1,
5318,5346,5259,-1,
5310,5318,5219,-1,
5331,5295,5358,-1,
5274,5310,5171,-1,
5266,5274,5159,-1,
5295,5259,5346,-1,
5246,5266,5127,-1,
5238,5246,5115,-1,
5226,5238,5139,-1,
5259,5219,5318,-1,
5210,5226,5139,-1,
5219,5171,5310,-1,
5171,5159,5274,-1,
5107,5139,5238,-1,
5159,5127,5266,-1,
5127,5115,5246,-1,
5115,5107,5238,-1,
5083,5139,5107,-1,
5790,5800,5782,-1,
5188,5782,5800,-1,
5210,5782,5188,-1,
5202,5210,5188,-1,
5798,5188,5800,-1,
5186,5188,5798,-1,
5800,5801,5798,-1,
5799,5798,5801,-1,
5790,5791,5800,-1,
5801,5800,5791,-1,
5766,5767,5782,-1,
5767,5783,5782,-1,
5782,5783,5790,-1,
5791,5790,5783,-1,
5754,5755,5766,-1,
5767,5766,5755,-1,
5746,5747,5754,-1,
5755,5754,5747,-1,
5726,5727,5746,-1,
5747,5746,5727,-1,
5718,5719,5726,-1,
5727,5726,5719,-1,
5682,5683,5718,-1,
5719,5718,5683,-1,
5674,5675,5682,-1,
5683,5682,5675,-1,
5674,5646,5675,-1,
5647,5675,5646,-1,
5646,5634,5647,-1,
5635,5647,5634,-1,
5634,5606,5635,-1,
5607,5635,5606,-1,
5606,5582,5607,-1,
5583,5607,5582,-1,
5582,5570,5583,-1,
5571,5583,5570,-1,
5570,5542,5571,-1,
5543,5571,5542,-1,
5542,5514,5543,-1,
5515,5543,5514,-1,
5514,5486,5515,-1,
5487,5515,5486,-1,
5486,5478,5487,-1,
5479,5487,5478,-1,
5478,5450,5479,-1,
5451,5479,5450,-1,
5450,5422,5451,-1,
5423,5451,5422,-1,
5422,5410,5423,-1,
5411,5423,5410,-1,
5410,5386,5411,-1,
5387,5411,5386,-1,
5386,5358,5387,-1,
5359,5387,5358,-1,
5358,5346,5359,-1,
5347,5359,5346,-1,
5346,5318,5347,-1,
5319,5347,5318,-1,
5319,5318,5311,-1,
5310,5311,5318,-1,
5311,5310,5275,-1,
5274,5275,5310,-1,
5275,5274,5267,-1,
5266,5267,5274,-1,
5267,5266,5247,-1,
5246,5247,5266,-1,
5247,5246,5239,-1,
5238,5239,5246,-1,
5239,5238,5227,-1,
5226,5227,5238,-1,
5227,5226,5211,-1,
5226,5210,5211,-1,
5211,5210,5203,-1,
5202,5203,5210,-1,
5203,5202,5189,-1,
5188,5189,5202,-1,
5189,5188,5187,-1,
5186,5187,5188,-1,
5186,5798,5187,-1,
5799,5187,5798,-1,
5706,5692,5707,-1,
5693,5707,5692,-1,
5904,5905,5848,-1,
5849,5848,5905,-1,
5085,5084,5141,-1,
5140,5141,5084,-1,
5368,5332,5369,-1,
5333,5369,5332,-1,
5556,5528,5557,-1,
5529,5557,5528,-1,
5140,5211,5141,-1,
5783,5141,5211,-1,
5141,5783,5849,-1,
5848,5849,5783,-1,
5296,5286,5297,-1,
5287,5297,5286,-1,
5099,5098,5085,-1,
5084,5085,5098,-1,
5894,5895,5904,-1,
5905,5904,5895,-1,
5332,5296,5333,-1,
5297,5333,5296,-1,
5656,5620,5657,-1,
5621,5657,5620,-1,
5432,5396,5433,-1,
5397,5433,5396,-1,
5396,5368,5397,-1,
5369,5397,5368,-1,
5460,5432,5461,-1,
5433,5461,5432,-1,
5528,5491,5529,-1,
5492,5529,5491,-1,
5491,5460,5492,-1,
5461,5492,5460,-1,
5692,5656,5693,-1,
5657,5693,5656,-1,
5592,5556,5593,-1,
5557,5593,5556,-1,
5620,5592,5621,-1,
5593,5621,5592,-1,
5234,5170,5254,-1,
5846,5818,5902,-1,
5354,5330,5382,-1,
5902,5818,5874,-1,
5902,5874,5886,-1,
5866,5830,5834,-1,
5178,5082,5122,-1,
5254,5170,5218,-1,
5642,5614,5654,-1,
5182,5158,5234,-1,
5166,5126,5158,-1,
5354,5294,5330,-1,
5742,5714,5734,-1,
5154,5106,5114,-1,
5122,5106,5134,-1,
5138,5082,5178,-1,
5178,5818,5138,-1,
5846,5138,5818,-1,
5154,5126,5166,-1,
5446,5430,5458,-1,
5254,5218,5258,-1,
5326,5282,5294,-1,
5614,5578,5590,-1,
5742,5734,5774,-1,
5814,5762,5834,-1,
5282,5254,5258,-1,
5874,5862,5886,-1,
5134,5106,5154,-1,
5122,5082,5106,-1,
5154,5114,5126,-1,
5474,5446,5458,-1,
5474,5458,5488,-1,
5526,5488,5489,-1,
5282,5258,5294,-1,
5590,5550,5554,-1,
5166,5158,5182,-1,
5446,5394,5430,-1,
5234,5158,5170,-1,
5488,5458,5489,-1,
5714,5670,5690,-1,
5654,5614,5618,-1,
5550,5522,5526,-1,
5862,5842,5886,-1,
5886,5842,5878,-1,
5382,5330,5366,-1,
5326,5294,5354,-1,
5418,5394,5446,-1,
5834,5762,5822,-1,
5714,5690,5734,-1,
5614,5590,5618,-1,
5878,5842,5866,-1,
5550,5526,5554,-1,
5830,5814,5834,-1,
5522,5488,5526,-1,
5670,5642,5690,-1,
5690,5642,5654,-1,
5578,5550,5590,-1,
5842,5830,5866,-1,
5418,5382,5394,-1,
5382,5366,5394,-1,
5822,5742,5774,-1,
5762,5742,5822,-1,
5842,5862,5818,-1,
5830,5842,5818,-1,
5874,5818,5862,-1,
5830,5818,5814,-1,
5814,5818,5762,-1,
5762,5818,5742,-1,
5742,5818,5714,-1,
5714,5818,5670,-1,
5670,5818,5642,-1,
5642,5818,5614,-1,
5614,5818,5578,-1,
5578,5818,5550,-1,
5550,5818,5522,-1,
5522,5818,5488,-1,
5488,5818,5474,-1,
5446,5474,5178,-1,
5418,5446,5178,-1,
5382,5418,5178,-1,
5354,5382,5178,-1,
5326,5354,5178,-1,
5282,5326,5178,-1,
5254,5282,5178,-1,
5234,5254,5178,-1,
5182,5234,5178,-1,
5818,5178,5474,-1,
5182,5178,5166,-1,
5166,5178,5154,-1,
5154,5178,5134,-1,
5122,5134,5178,-1,
5219,5218,5171,-1,
5170,5171,5218,-1,
5902,5903,5846,-1,
5847,5846,5903,-1,
5083,5082,5139,-1,
5138,5139,5082,-1,
5430,5394,5431,-1,
5395,5431,5394,-1,
5258,5218,5259,-1,
5219,5259,5218,-1,
5107,5106,5083,-1,
5082,5083,5106,-1,
5159,5158,5127,-1,
5126,5127,5158,-1,
5139,5138,5210,-1,
5846,5210,5138,-1,
5210,5846,5782,-1,
5847,5782,5846,-1,
5330,5294,5331,-1,
5295,5331,5294,-1,
5822,5823,5834,-1,
5835,5834,5823,-1,
5489,5458,5490,-1,
5459,5490,5458,-1,
5115,5114,5107,-1,
5106,5107,5114,-1,
5127,5126,5115,-1,
5114,5115,5126,-1,
5366,5330,5367,-1,
5331,5367,5330,-1,
5526,5489,5527,-1,
5490,5527,5489,-1,
5554,5526,5555,-1,
5527,5555,5526,-1,
5774,5775,5822,-1,
5823,5822,5775,-1,
5171,5170,5159,-1,
5158,5159,5170,-1,
5690,5654,5691,-1,
5655,5691,5654,-1,
5458,5430,5459,-1,
5431,5459,5430,-1,
5294,5258,5295,-1,
5259,5295,5258,-1,
5618,5590,5619,-1,
5591,5619,5590,-1,
5590,5554,5591,-1,
5555,5591,5554,-1,
5654,5618,5655,-1,
5619,5655,5618,-1,
5394,5366,5395,-1,
5367,5395,5366,-1,
5734,5690,5735,-1,
5691,5735,5690,-1,
5834,5835,5866,-1,
5867,5866,5835,-1,
5774,5734,5775,-1,
5735,5775,5734,-1,
5866,5867,5878,-1,
5879,5878,5867,-1,
5886,5887,5902,-1,
5903,5902,5887,-1,
5878,5879,5886,-1,
5887,5886,5879,-1,
7141,7143,6512,-1,
6512,7143,7122,-1,
7130,7122,7143,-1,
6531,6512,7122,-1,
6510,7141,6512,-1,
6524,6512,6531,-1,
7239,7225,7187,-1,
7217,7092,7225,-1,
7092,7187,7225,-1,
7092,7217,7084,-1,
7205,7084,7217,-1,
7121,7187,7106,-1,
7106,7187,7092,-1,
7084,7205,7060,-1,
7175,7060,7205,-1,
7060,7175,7050,-1,
7163,7050,7175,-1,
7050,7163,7012,-1,
7115,7012,7163,-1,
7012,7115,7004,-1,
7071,7004,7115,-1,
7004,7071,6976,-1,
7023,6976,7071,-1,
6976,7023,6962,-1,
6987,6962,7023,-1,
6962,6987,6934,-1,
6949,6934,6987,-1,
6934,6949,6910,-1,
6921,6910,6949,-1,
6910,6921,6898,-1,
6921,6885,6898,-1,
6898,6885,6870,-1,
6885,6857,6870,-1,
6870,6857,6842,-1,
6842,6857,6819,-1,
6857,6823,6819,-1,
6819,6823,6806,-1,
6823,6789,6806,-1,
6806,6789,6778,-1,
6789,6761,6778,-1,
6778,6761,6750,-1,
6738,6750,6725,-1,
6761,6725,6750,-1,
6714,6738,6697,-1,
6725,6697,6738,-1,
6686,6714,6659,-1,
6674,6686,6623,-1,
6697,6659,6714,-1,
6644,6674,6583,-1,
6636,6644,6539,-1,
6659,6623,6686,-1,
6600,6636,6488,-1,
6592,6600,6476,-1,
6623,6583,6674,-1,
6568,6592,6446,-1,
6560,6568,6434,-1,
6546,6560,6458,-1,
6583,6539,6644,-1,
6530,6546,6458,-1,
6539,6488,6636,-1,
6488,6476,6600,-1,
6426,6458,6560,-1,
6476,6446,6592,-1,
6446,6434,6568,-1,
6434,6426,6560,-1,
6406,6458,6426,-1,
7129,7142,7121,-1,
6511,7121,7142,-1,
6530,7121,6511,-1,
6523,6530,6511,-1,
7140,6511,7142,-1,
6509,6511,7140,-1,
7142,7143,7140,-1,
7141,7140,7143,-1,
7129,7130,7142,-1,
7143,7142,7130,-1,
7106,7107,7121,-1,
7107,7122,7121,-1,
7121,7122,7129,-1,
7130,7129,7122,-1,
7092,7093,7106,-1,
7107,7106,7093,-1,
7084,7085,7092,-1,
7093,7092,7085,-1,
7060,7061,7084,-1,
7085,7084,7061,-1,
7050,7051,7060,-1,
7061,7060,7051,-1,
7012,7013,7050,-1,
7051,7050,7013,-1,
7004,7005,7012,-1,
7013,7012,7005,-1,
7004,6976,7005,-1,
6977,7005,6976,-1,
6976,6962,6977,-1,
6963,6977,6962,-1,
6962,6934,6963,-1,
6935,6963,6934,-1,
6934,6910,6935,-1,
6911,6935,6910,-1,
6910,6898,6911,-1,
6899,6911,6898,-1,
6898,6870,6899,-1,
6871,6899,6870,-1,
6870,6842,6871,-1,
6843,6871,6842,-1,
6842,6819,6843,-1,
6820,6843,6819,-1,
6819,6806,6820,-1,
6807,6820,6806,-1,
6806,6778,6807,-1,
6779,6807,6778,-1,
6778,6750,6779,-1,
6751,6779,6750,-1,
6750,6738,6751,-1,
6739,6751,6738,-1,
6738,6714,6739,-1,
6715,6739,6714,-1,
6714,6686,6715,-1,
6687,6715,6686,-1,
6686,6674,6687,-1,
6675,6687,6674,-1,
6674,6644,6675,-1,
6645,6675,6644,-1,
6645,6644,6637,-1,
6636,6637,6644,-1,
6637,6636,6601,-1,
6600,6601,6636,-1,
6601,6600,6593,-1,
6592,6593,6600,-1,
6593,6592,6569,-1,
6568,6569,6592,-1,
6569,6568,6561,-1,
6560,6561,6568,-1,
6561,6560,6547,-1,
6546,6547,6560,-1,
6547,6546,6531,-1,
6546,6530,6531,-1,
6531,6530,6524,-1,
6523,6524,6530,-1,
6524,6523,6512,-1,
6511,6512,6523,-1,
6512,6511,6510,-1,
6509,6510,6511,-1,
6509,7140,6510,-1,
7141,6510,7140,-1,
7036,7024,7037,-1,
7025,7037,7024,-1,
7240,7241,7188,-1,
7189,7188,7241,-1,
6408,6407,6460,-1,
6459,6460,6407,-1,
6698,6660,6699,-1,
6661,6699,6660,-1,
6886,6858,6887,-1,
6859,6887,6858,-1,
6459,6531,6460,-1,
7122,6460,6531,-1,
6460,7122,7189,-1,
7188,7189,7122,-1,
6624,6612,6625,-1,
6613,6625,6612,-1,
6418,6417,6408,-1,
6407,6408,6417,-1,
7230,7231,7240,-1,
7241,7240,7231,-1,
6660,6624,6661,-1,
6625,6661,6624,-1,
6988,6950,6989,-1,
6951,6989,6950,-1,
6762,6726,6763,-1,
6727,6763,6726,-1,
6726,6698,6727,-1,
6699,6727,6698,-1,
6790,6762,6791,-1,
6763,6791,6762,-1,
6858,6824,6859,-1,
6825,6859,6824,-1,
6824,6790,6825,-1,
6791,6825,6790,-1,
7024,6988,7025,-1,
6989,7025,6988,-1,
6922,6886,6923,-1,
6887,6923,6886,-1,
6950,6922,6951,-1,
6923,6951,6922,-1,
6553,6487,6577,-1,
7186,7157,7238,-1,
6681,6658,6709,-1,
7238,7157,7211,-1,
7238,7211,7224,-1,
7204,7169,7174,-1,
6494,6405,6440,-1,
6577,6487,6538,-1,
6971,6941,6986,-1,
6498,6475,6553,-1,
6482,6445,6475,-1,
6681,6622,6658,-1,
7077,7043,7070,-1,
6470,6425,6433,-1,
6440,6425,6452,-1,
6457,6405,6494,-1,
6494,7157,6457,-1,
7186,6457,7157,-1,
6470,6445,6482,-1,
6773,6760,6788,-1,
6577,6538,6582,-1,
6651,6607,6622,-1,
6941,6905,6920,-1,
7077,7070,7114,-1,
7153,7101,7174,-1,
6607,6577,6582,-1,
7211,7199,7224,-1,
6452,6425,6470,-1,
6440,6405,6425,-1,
6470,6433,6445,-1,
6801,6773,6788,-1,
6801,6788,6821,-1,
6856,6821,6822,-1,
6607,6582,6622,-1,
6920,6877,6884,-1,
6482,6475,6498,-1,
6773,6724,6760,-1,
6553,6475,6487,-1,
6821,6788,6822,-1,
7043,6999,7022,-1,
6986,6941,6948,-1,
6877,6849,6856,-1,
7199,7181,7224,-1,
7224,7181,7216,-1,
6709,6658,6696,-1,
6651,6622,6681,-1,
6745,6724,6773,-1,
7174,7101,7162,-1,
7043,7022,7070,-1,
6941,6920,6948,-1,
7216,7181,7204,-1,
6877,6856,6884,-1,
7169,7153,7174,-1,
6849,6821,6856,-1,
6999,6971,7022,-1,
7022,6971,6986,-1,
6905,6877,6920,-1,
7181,7169,7204,-1,
6745,6709,6724,-1,
6709,6696,6724,-1,
7162,7077,7114,-1,
7101,7077,7162,-1,
7181,7199,7157,-1,
7169,7181,7157,-1,
7211,7157,7199,-1,
7169,7157,7153,-1,
7153,7157,7101,-1,
7101,7157,7077,-1,
7077,7157,7043,-1,
7043,7157,6999,-1,
6999,7157,6971,-1,
6971,7157,6941,-1,
6941,7157,6905,-1,
6905,7157,6877,-1,
6877,7157,6849,-1,
6849,7157,6821,-1,
6821,7157,6801,-1,
6773,6801,6494,-1,
6745,6773,6494,-1,
6709,6745,6494,-1,
6681,6709,6494,-1,
6651,6681,6494,-1,
6607,6651,6494,-1,
6577,6607,6494,-1,
6553,6577,6494,-1,
6498,6553,6494,-1,
7157,6494,6801,-1,
6498,6494,6482,-1,
6482,6494,6470,-1,
6470,6494,6452,-1,
6440,6452,6494,-1,
6539,6538,6488,-1,
6487,6488,6538,-1,
7238,7239,7186,-1,
7187,7186,7239,-1,
6406,6405,6458,-1,
6457,6458,6405,-1,
6760,6724,6761,-1,
6725,6761,6724,-1,
6582,6538,6583,-1,
6539,6583,6538,-1,
6426,6425,6406,-1,
6405,6406,6425,-1,
6476,6475,6446,-1,
6445,6446,6475,-1,
6458,6457,6530,-1,
7186,6530,6457,-1,
6530,7186,7121,-1,
7187,7121,7186,-1,
6658,6622,6659,-1,
6623,6659,6622,-1,
7162,7163,7174,-1,
7175,7174,7163,-1,
6822,6788,6823,-1,
6789,6823,6788,-1,
6434,6433,6426,-1,
6425,6426,6433,-1,
6446,6445,6434,-1,
6433,6434,6445,-1,
6696,6658,6697,-1,
6659,6697,6658,-1,
6856,6822,6857,-1,
6823,6857,6822,-1,
6884,6856,6885,-1,
6857,6885,6856,-1,
7114,7115,7162,-1,
7163,7162,7115,-1,
6488,6487,6476,-1,
6475,6476,6487,-1,
7022,6986,7023,-1,
6987,7023,6986,-1,
6788,6760,6789,-1,
6761,6789,6760,-1,
6622,6582,6623,-1,
6583,6623,6582,-1,
6948,6920,6949,-1,
6921,6949,6920,-1,
6920,6884,6921,-1,
6885,6921,6884,-1,
6986,6948,6987,-1,
6949,6987,6948,-1,
6724,6696,6725,-1,
6697,6725,6696,-1,
7070,7022,7071,-1,
7023,7071,7022,-1,
7174,7175,7204,-1,
7205,7204,7175,-1,
7114,7070,7115,-1,
7071,7115,7070,-1,
7204,7205,7216,-1,
7217,7216,7205,-1,
7224,7225,7238,-1,
7239,7238,7225,-1,
7216,7217,7224,-1,
7225,7224,7217,-1,
5807,5809,5197,-1,
5197,5809,5787,-1,
5795,5787,5809,-1,
5215,5197,5787,-1,
5195,5807,5197,-1,
5207,5197,5215,-1,
5911,5891,5855,-1,
5883,5758,5891,-1,
5758,5855,5891,-1,
5758,5883,5750,-1,
5871,5750,5883,-1,
5786,5855,5770,-1,
5770,5855,5758,-1,
5750,5871,5730,-1,
5839,5730,5871,-1,
5730,5839,5722,-1,
5827,5722,5839,-1,
5722,5827,5686,-1,
5779,5686,5827,-1,
5686,5779,5678,-1,
5739,5678,5779,-1,
5678,5739,5650,-1,
5699,5650,5739,-1,
5650,5699,5638,-1,
5663,5638,5699,-1,
5638,5663,5610,-1,
5627,5610,5663,-1,
5610,5627,5586,-1,
5599,5586,5627,-1,
5586,5599,5574,-1,
5599,5563,5574,-1,
5574,5563,5546,-1,
5563,5535,5546,-1,
5546,5535,5518,-1,
5518,5535,5500,-1,
5535,5504,5500,-1,
5500,5504,5482,-1,
5504,5467,5482,-1,
5482,5467,5454,-1,
5467,5439,5454,-1,
5454,5439,5426,-1,
5414,5426,5403,-1,
5439,5403,5426,-1,
5390,5414,5375,-1,
5403,5375,5414,-1,
5362,5390,5339,-1,
5350,5362,5303,-1,
5375,5339,5390,-1,
5322,5350,5263,-1,
5314,5322,5223,-1,
5339,5303,5362,-1,
5278,5314,5175,-1,
5270,5278,5163,-1,
5303,5263,5350,-1,
5250,5270,5131,-1,
5242,5250,5119,-1,
5230,5242,5147,-1,
5263,5223,5322,-1,
5214,5230,5147,-1,
5223,5175,5314,-1,
5175,5163,5278,-1,
5111,5147,5242,-1,
5163,5131,5270,-1,
5131,5119,5250,-1,
5119,5111,5242,-1,
5091,5147,5111,-1,
5794,5808,5786,-1,
5196,5786,5808,-1,
5214,5786,5196,-1,
5206,5214,5196,-1,
5806,5196,5808,-1,
5194,5196,5806,-1,
5808,5809,5806,-1,
5807,5806,5809,-1,
5794,5795,5808,-1,
5809,5808,5795,-1,
5770,5771,5786,-1,
5771,5787,5786,-1,
5786,5787,5794,-1,
5795,5794,5787,-1,
5758,5759,5770,-1,
5771,5770,5759,-1,
5750,5751,5758,-1,
5759,5758,5751,-1,
5730,5731,5750,-1,
5751,5750,5731,-1,
5722,5723,5730,-1,
5731,5730,5723,-1,
5686,5687,5722,-1,
5723,5722,5687,-1,
5678,5679,5686,-1,
5687,5686,5679,-1,
5678,5650,5679,-1,
5651,5679,5650,-1,
5650,5638,5651,-1,
5639,5651,5638,-1,
5638,5610,5639,-1,
5611,5639,5610,-1,
5610,5586,5611,-1,
5587,5611,5586,-1,
5586,5574,5587,-1,
5575,5587,5574,-1,
5574,5546,5575,-1,
5547,5575,5546,-1,
5546,5518,5547,-1,
5519,5547,5518,-1,
5518,5500,5519,-1,
5501,5519,5500,-1,
5500,5482,5501,-1,
5483,5501,5482,-1,
5482,5454,5483,-1,
5455,5483,5454,-1,
5454,5426,5455,-1,
5427,5455,5426,-1,
5426,5414,5427,-1,
5415,5427,5414,-1,
5414,5390,5415,-1,
5391,5415,5390,-1,
5390,5362,5391,-1,
5363,5391,5362,-1,
5362,5350,5363,-1,
5351,5363,5350,-1,
5350,5322,5351,-1,
5323,5351,5322,-1,
5323,5322,5315,-1,
5314,5315,5322,-1,
5315,5314,5279,-1,
5278,5279,5314,-1,
5279,5278,5271,-1,
5270,5271,5278,-1,
5271,5270,5251,-1,
5250,5251,5270,-1,
5251,5250,5243,-1,
5242,5243,5250,-1,
5243,5242,5231,-1,
5230,5231,5242,-1,
5231,5230,5215,-1,
5230,5214,5215,-1,
5215,5214,5207,-1,
5206,5207,5214,-1,
5207,5206,5197,-1,
5196,5197,5206,-1,
5197,5196,5195,-1,
5194,5195,5196,-1,
5194,5806,5195,-1,
5807,5195,5806,-1,
5710,5700,5711,-1,
5701,5711,5700,-1,
5912,5913,5856,-1,
5857,5856,5913,-1,
5093,5092,5149,-1,
5148,5149,5092,-1,
5376,5340,5377,-1,
5341,5377,5340,-1,
5564,5536,5565,-1,
5537,5565,5536,-1,
5148,5215,5149,-1,
5787,5149,5215,-1,
5149,5787,5857,-1,
5856,5857,5787,-1,
5304,5290,5305,-1,
5291,5305,5290,-1,
5103,5102,5093,-1,
5092,5093,5102,-1,
5898,5899,5912,-1,
5913,5912,5899,-1,
5340,5304,5341,-1,
5305,5341,5304,-1,
5664,5628,5665,-1,
5629,5665,5628,-1,
5440,5404,5441,-1,
5405,5441,5404,-1,
5404,5376,5405,-1,
5377,5405,5376,-1,
5468,5440,5469,-1,
5441,5469,5440,-1,
5536,5505,5537,-1,
5506,5537,5505,-1,
5505,5468,5506,-1,
5469,5506,5468,-1,
5700,5664,5701,-1,
5665,5701,5664,-1,
5600,5564,5601,-1,
5565,5601,5564,-1,
5628,5600,5629,-1,
5601,5629,5600,-1,
5236,5174,5256,-1,
5854,5820,5910,-1,
5356,5338,5384,-1,
5910,5820,5876,-1,
5910,5876,5890,-1,
5870,5832,5838,-1,
5180,5090,5124,-1,
5256,5174,5222,-1,
5644,5616,5662,-1,
5184,5162,5236,-1,
5168,5130,5162,-1,
5356,5302,5338,-1,
5744,5716,5738,-1,
5156,5110,5118,-1,
5124,5110,5136,-1,
5146,5090,5180,-1,
5180,5820,5146,-1,
5854,5146,5820,-1,
5156,5130,5168,-1,
5448,5438,5466,-1,
5256,5222,5262,-1,
5328,5284,5302,-1,
5616,5580,5598,-1,
5744,5738,5778,-1,
5816,5764,5838,-1,
5284,5256,5262,-1,
5876,5864,5890,-1,
5136,5110,5156,-1,
5124,5090,5110,-1,
5156,5118,5130,-1,
5476,5448,5466,-1,
5476,5466,5502,-1,
5534,5502,5503,-1,
5284,5262,5302,-1,
5598,5552,5562,-1,
5168,5162,5184,-1,
5448,5402,5438,-1,
5236,5162,5174,-1,
5502,5466,5503,-1,
5716,5672,5698,-1,
5662,5616,5626,-1,
5552,5524,5534,-1,
5864,5844,5890,-1,
5890,5844,5882,-1,
5384,5338,5374,-1,
5328,5302,5356,-1,
5420,5402,5448,-1,
5838,5764,5826,-1,
5716,5698,5738,-1,
5616,5598,5626,-1,
5882,5844,5870,-1,
5552,5534,5562,-1,
5832,5816,5838,-1,
5524,5502,5534,-1,
5672,5644,5698,-1,
5698,5644,5662,-1,
5580,5552,5598,-1,
5844,5832,5870,-1,
5420,5384,5402,-1,
5384,5374,5402,-1,
5826,5744,5778,-1,
5764,5744,5826,-1,
5844,5864,5820,-1,
5832,5844,5820,-1,
5876,5820,5864,-1,
5832,5820,5816,-1,
5816,5820,5764,-1,
5764,5820,5744,-1,
5744,5820,5716,-1,
5716,5820,5672,-1,
5672,5820,5644,-1,
5644,5820,5616,-1,
5616,5820,5580,-1,
5580,5820,5552,-1,
5552,5820,5524,-1,
5524,5820,5502,-1,
5502,5820,5476,-1,
5448,5476,5180,-1,
5420,5448,5180,-1,
5384,5420,5180,-1,
5356,5384,5180,-1,
5328,5356,5180,-1,
5284,5328,5180,-1,
5256,5284,5180,-1,
5236,5256,5180,-1,
5184,5236,5180,-1,
5820,5180,5476,-1,
5184,5180,5168,-1,
5168,5180,5156,-1,
5156,5180,5136,-1,
5124,5136,5180,-1,
5223,5222,5175,-1,
5174,5175,5222,-1,
5910,5911,5854,-1,
5855,5854,5911,-1,
5091,5090,5147,-1,
5146,5147,5090,-1,
5438,5402,5439,-1,
5403,5439,5402,-1,
5262,5222,5263,-1,
5223,5263,5222,-1,
5111,5110,5091,-1,
5090,5091,5110,-1,
5163,5162,5131,-1,
5130,5131,5162,-1,
5147,5146,5214,-1,
5854,5214,5146,-1,
5214,5854,5786,-1,
5855,5786,5854,-1,
5338,5302,5339,-1,
5303,5339,5302,-1,
5826,5827,5838,-1,
5839,5838,5827,-1,
5503,5466,5504,-1,
5467,5504,5466,-1,
5119,5118,5111,-1,
5110,5111,5118,-1,
5131,5130,5119,-1,
5118,5119,5130,-1,
5374,5338,5375,-1,
5339,5375,5338,-1,
5534,5503,5535,-1,
5504,5535,5503,-1,
5562,5534,5563,-1,
5535,5563,5534,-1,
5778,5779,5826,-1,
5827,5826,5779,-1,
5175,5174,5163,-1,
5162,5163,5174,-1,
5698,5662,5699,-1,
5663,5699,5662,-1,
5466,5438,5467,-1,
5439,5467,5438,-1,
5302,5262,5303,-1,
5263,5303,5262,-1,
5626,5598,5627,-1,
5599,5627,5598,-1,
5598,5562,5599,-1,
5563,5599,5562,-1,
5662,5626,5663,-1,
5627,5663,5626,-1,
5402,5374,5403,-1,
5375,5403,5374,-1,
5738,5698,5739,-1,
5699,5739,5698,-1,
5838,5839,5870,-1,
5871,5870,5839,-1,
5778,5738,5779,-1,
5739,5779,5738,-1,
5870,5871,5882,-1,
5883,5882,5871,-1,
5890,5891,5910,-1,
5911,5910,5891,-1,
5882,5883,5890,-1,
5891,5890,5883,-1,
4713,4715,3950,-1,
3950,4715,4689,-1,
4699,4689,4715,-1,
3974,3950,4689,-1,
3948,4713,3950,-1,
3964,3950,3974,-1,
4843,4819,4773,-1,
4809,4653,4819,-1,
4653,4773,4819,-1,
4653,4809,4643,-1,
4794,4643,4809,-1,
4688,4773,4668,-1,
4668,4773,4653,-1,
4643,4794,4618,-1,
4754,4618,4794,-1,
4618,4754,4608,-1,
4739,4608,4754,-1,
4608,4739,4563,-1,
4679,4563,4739,-1,
4563,4679,4553,-1,
4629,4553,4679,-1,
4553,4629,4518,-1,
4578,4518,4629,-1,
4518,4578,4503,-1,
4533,4503,4578,-1,
4503,4533,4468,-1,
4488,4468,4533,-1,
4468,4488,4438,-1,
4453,4438,4488,-1,
4438,4453,4423,-1,
4453,4408,4423,-1,
4423,4408,4388,-1,
4408,4373,4388,-1,
4388,4373,4353,-1,
4353,4373,4328,-1,
4373,4332,4328,-1,
4328,4332,4308,-1,
4332,4288,4308,-1,
4308,4288,4273,-1,
4288,4253,4273,-1,
4273,4253,4238,-1,
4223,4238,4208,-1,
4253,4208,4238,-1,
4193,4223,4173,-1,
4208,4173,4223,-1,
4158,4193,4128,-1,
4143,4158,4083,-1,
4173,4128,4193,-1,
4108,4143,4034,-1,
4098,4108,3984,-1,
4128,4083,4158,-1,
4053,4098,3924,-1,
4043,4053,3909,-1,
4083,4034,4143,-1,
4018,4043,3869,-1,
4008,4018,3854,-1,
3993,4008,3888,-1,
4034,3984,4108,-1,
3973,3993,3888,-1,
3984,3924,4098,-1,
3924,3909,4053,-1,
3844,3888,4008,-1,
3909,3869,4043,-1,
3869,3854,4018,-1,
3854,3844,4008,-1,
3818,3888,3844,-1,
4698,4714,4688,-1,
3949,4688,4714,-1,
3973,4688,3949,-1,
3963,3973,3949,-1,
4712,3949,4714,-1,
3947,3949,4712,-1,
4714,4715,4712,-1,
4713,4712,4715,-1,
4698,4699,4714,-1,
4715,4714,4699,-1,
4668,4669,4688,-1,
4669,4689,4688,-1,
4688,4689,4698,-1,
4699,4698,4689,-1,
4653,4654,4668,-1,
4669,4668,4654,-1,
4643,4644,4653,-1,
4654,4653,4644,-1,
4618,4619,4643,-1,
4644,4643,4619,-1,
4608,4609,4618,-1,
4619,4618,4609,-1,
4563,4564,4608,-1,
4609,4608,4564,-1,
4553,4554,4563,-1,
4564,4563,4554,-1,
4553,4518,4554,-1,
4519,4554,4518,-1,
4518,4503,4519,-1,
4504,4519,4503,-1,
4503,4468,4504,-1,
4469,4504,4468,-1,
4468,4438,4469,-1,
4439,4469,4438,-1,
4438,4423,4439,-1,
4424,4439,4423,-1,
4423,4388,4424,-1,
4389,4424,4388,-1,
4388,4353,4389,-1,
4354,4389,4353,-1,
4353,4328,4354,-1,
4329,4354,4328,-1,
4328,4308,4329,-1,
4309,4329,4308,-1,
4308,4273,4309,-1,
4274,4309,4273,-1,
4273,4238,4274,-1,
4239,4274,4238,-1,
4238,4223,4239,-1,
4224,4239,4223,-1,
4223,4193,4224,-1,
4194,4224,4193,-1,
4193,4158,4194,-1,
4159,4194,4158,-1,
4158,4143,4159,-1,
4144,4159,4143,-1,
4143,4108,4144,-1,
4109,4144,4108,-1,
4109,4108,4099,-1,
4098,4099,4108,-1,
4099,4098,4054,-1,
4053,4054,4098,-1,
4054,4053,4044,-1,
4043,4044,4053,-1,
4044,4043,4019,-1,
4018,4019,4043,-1,
4019,4018,4009,-1,
4008,4009,4018,-1,
4009,4008,3994,-1,
3993,3994,4008,-1,
3994,3993,3974,-1,
3993,3973,3974,-1,
3974,3973,3964,-1,
3963,3964,3973,-1,
3964,3963,3950,-1,
3949,3950,3963,-1,
3950,3949,3948,-1,
3947,3948,3949,-1,
3947,4712,3948,-1,
4713,3948,4712,-1,
4593,4579,4594,-1,
4580,4594,4579,-1,
4844,4845,4774,-1,
4775,4774,4845,-1,
3820,3819,3890,-1,
3889,3890,3819,-1,
4174,4129,4175,-1,
4130,4175,4129,-1,
4409,4374,4410,-1,
4375,4410,4374,-1,
3889,3974,3890,-1,
4689,3890,3974,-1,
3890,4689,4775,-1,
4774,4775,4689,-1,
4084,4066,4085,-1,
4067,4085,4066,-1,
3834,3833,3820,-1,
3819,3820,3833,-1,
4828,4829,4844,-1,
4845,4844,4829,-1,
4129,4084,4130,-1,
4085,4130,4084,-1,
4534,4489,4535,-1,
4490,4535,4489,-1,
4254,4209,4255,-1,
4210,4255,4209,-1,
4209,4174,4210,-1,
4175,4210,4174,-1,
4289,4254,4290,-1,
4255,4290,4254,-1,
4374,4333,4375,-1,
4334,4375,4333,-1,
4333,4289,4334,-1,
4290,4334,4289,-1,
4579,4534,4580,-1,
4535,4580,4534,-1,
4454,4409,4455,-1,
4410,4455,4409,-1,
4489,4454,4490,-1,
4455,4490,4454,-1,
4001,3923,4026,-1,
4772,4731,4842,-1,
4151,4127,4186,-1,
4842,4731,4801,-1,
4842,4801,4818,-1,
4793,4746,4753,-1,
3931,3817,3861,-1,
4026,3923,3983,-1,
4511,4476,4532,-1,
3936,3908,4001,-1,
3916,3868,3908,-1,
4151,4082,4127,-1,
4636,4601,4628,-1,
3901,3843,3853,-1,
3861,3843,3876,-1,
3887,3817,3931,-1,
3931,4731,3887,-1,
4772,3887,4731,-1,
3901,3868,3916,-1,
4266,4252,4287,-1,
4026,3983,4033,-1,
4116,4061,4082,-1,
4476,4431,4452,-1,
4636,4628,4678,-1,
4726,4661,4753,-1,
4061,4026,4033,-1,
4801,4786,4818,-1,
3876,3843,3901,-1,
3861,3817,3843,-1,
3901,3853,3868,-1,
4301,4266,4287,-1,
4301,4287,4330,-1,
4372,4330,4331,-1,
4061,4033,4082,-1,
4452,4396,4407,-1,
3916,3908,3936,-1,
4266,4207,4252,-1,
4001,3908,3923,-1,
4330,4287,4331,-1,
4601,4546,4577,-1,
4532,4476,4487,-1,
4396,4361,4372,-1,
4786,4761,4818,-1,
4818,4761,4808,-1,
4186,4127,4172,-1,
4116,4082,4151,-1,
4231,4207,4266,-1,
4753,4661,4738,-1,
4601,4577,4628,-1,
4476,4452,4487,-1,
4808,4761,4793,-1,
4396,4372,4407,-1,
4746,4726,4753,-1,
4361,4330,4372,-1,
4546,4511,4577,-1,
4577,4511,4532,-1,
4431,4396,4452,-1,
4761,4746,4793,-1,
4231,4186,4207,-1,
4186,4172,4207,-1,
4738,4636,4678,-1,
4661,4636,4738,-1,
4761,4786,4731,-1,
4746,4761,4731,-1,
4801,4731,4786,-1,
4746,4731,4726,-1,
4726,4731,4661,-1,
4661,4731,4636,-1,
4636,4731,4601,-1,
4601,4731,4546,-1,
4546,4731,4511,-1,
4511,4731,4476,-1,
4476,4731,4431,-1,
4431,4731,4396,-1,
4396,4731,4361,-1,
4361,4731,4330,-1,
4330,4731,4301,-1,
4266,4301,3931,-1,
4231,4266,3931,-1,
4186,4231,3931,-1,
4151,4186,3931,-1,
4116,4151,3931,-1,
4061,4116,3931,-1,
4026,4061,3931,-1,
4001,4026,3931,-1,
3936,4001,3931,-1,
4731,3931,4301,-1,
3936,3931,3916,-1,
3916,3931,3901,-1,
3901,3931,3876,-1,
3861,3876,3931,-1,
3984,3983,3924,-1,
3923,3924,3983,-1,
4842,4843,4772,-1,
4773,4772,4843,-1,
3818,3817,3888,-1,
3887,3888,3817,-1,
4252,4207,4253,-1,
4208,4253,4207,-1,
4033,3983,4034,-1,
3984,4034,3983,-1,
3844,3843,3818,-1,
3817,3818,3843,-1,
3909,3908,3869,-1,
3868,3869,3908,-1,
3888,3887,3973,-1,
4772,3973,3887,-1,
3973,4772,4688,-1,
4773,4688,4772,-1,
4127,4082,4128,-1,
4083,4128,4082,-1,
4738,4739,4753,-1,
4754,4753,4739,-1,
4331,4287,4332,-1,
4288,4332,4287,-1,
3854,3853,3844,-1,
3843,3844,3853,-1,
3869,3868,3854,-1,
3853,3854,3868,-1,
4172,4127,4173,-1,
4128,4173,4127,-1,
4372,4331,4373,-1,
4332,4373,4331,-1,
4407,4372,4408,-1,
4373,4408,4372,-1,
4678,4679,4738,-1,
4739,4738,4679,-1,
3924,3923,3909,-1,
3908,3909,3923,-1,
4577,4532,4578,-1,
4533,4578,4532,-1,
4287,4252,4288,-1,
4253,4288,4252,-1,
4082,4033,4083,-1,
4034,4083,4033,-1,
4487,4452,4488,-1,
4453,4488,4452,-1,
4452,4407,4453,-1,
4408,4453,4407,-1,
4532,4487,4533,-1,
4488,4533,4487,-1,
4207,4172,4208,-1,
4173,4208,4172,-1,
4628,4577,4629,-1,
4578,4629,4577,-1,
4753,4754,4793,-1,
4794,4793,4754,-1,
4678,4628,4679,-1,
4629,4679,4628,-1,
4793,4794,4808,-1,
4809,4808,4794,-1,
4818,4819,4842,-1,
4843,4842,4819,-1,
4808,4809,4818,-1,
4819,4818,4809,-1,
4709,4711,3946,-1,
3946,4711,4687,-1,
4697,4687,4711,-1,
3972,3946,4687,-1,
3944,4709,3946,-1,
3962,3946,3972,-1,
4839,4817,4769,-1,
4807,4651,4817,-1,
4651,4769,4817,-1,
4651,4807,4641,-1,
4792,4641,4807,-1,
4686,4769,4666,-1,
4666,4769,4651,-1,
4641,4792,4616,-1,
4752,4616,4792,-1,
4616,4752,4606,-1,
4737,4606,4752,-1,
4606,4737,4561,-1,
4677,4561,4737,-1,
4561,4677,4551,-1,
4627,4551,4677,-1,
4551,4627,4516,-1,
4574,4516,4627,-1,
4516,4574,4501,-1,
4529,4501,4574,-1,
4501,4529,4466,-1,
4484,4466,4529,-1,
4466,4484,4436,-1,
4449,4436,4484,-1,
4436,4449,4421,-1,
4449,4404,4421,-1,
4421,4404,4386,-1,
4404,4369,4386,-1,
4386,4369,4351,-1,
4351,4369,4321,-1,
4369,4325,4321,-1,
4321,4325,4306,-1,
4325,4284,4306,-1,
4306,4284,4271,-1,
4284,4249,4271,-1,
4271,4249,4236,-1,
4221,4236,4204,-1,
4249,4204,4236,-1,
4191,4221,4169,-1,
4204,4169,4221,-1,
4156,4191,4124,-1,
4141,4156,4079,-1,
4169,4124,4191,-1,
4106,4141,4032,-1,
4096,4106,3982,-1,
4124,4079,4156,-1,
4051,4096,3922,-1,
4041,4051,3907,-1,
4079,4032,4141,-1,
4016,4041,3867,-1,
4006,4016,3852,-1,
3991,4006,3884,-1,
4032,3982,4106,-1,
3971,3991,3884,-1,
3982,3922,4096,-1,
3922,3907,4051,-1,
3842,3884,4006,-1,
3907,3867,4041,-1,
3867,3852,4016,-1,
3852,3842,4006,-1,
3814,3884,3842,-1,
4696,4710,4686,-1,
3945,4686,4710,-1,
3971,4686,3945,-1,
3961,3971,3945,-1,
4708,3945,4710,-1,
3943,3945,4708,-1,
4710,4711,4708,-1,
4709,4708,4711,-1,
4696,4697,4710,-1,
4711,4710,4697,-1,
4666,4667,4686,-1,
4667,4687,4686,-1,
4686,4687,4696,-1,
4697,4696,4687,-1,
4651,4652,4666,-1,
4667,4666,4652,-1,
4641,4642,4651,-1,
4652,4651,4642,-1,
4616,4617,4641,-1,
4642,4641,4617,-1,
4606,4607,4616,-1,
4617,4616,4607,-1,
4561,4562,4606,-1,
4607,4606,4562,-1,
4551,4552,4561,-1,
4562,4561,4552,-1,
4551,4516,4552,-1,
4517,4552,4516,-1,
4516,4501,4517,-1,
4502,4517,4501,-1,
4501,4466,4502,-1,
4467,4502,4466,-1,
4466,4436,4467,-1,
4437,4467,4436,-1,
4436,4421,4437,-1,
4422,4437,4421,-1,
4421,4386,4422,-1,
4387,4422,4386,-1,
4386,4351,4387,-1,
4352,4387,4351,-1,
4351,4321,4352,-1,
4322,4352,4321,-1,
4321,4306,4322,-1,
4307,4322,4306,-1,
4306,4271,4307,-1,
4272,4307,4271,-1,
4271,4236,4272,-1,
4237,4272,4236,-1,
4236,4221,4237,-1,
4222,4237,4221,-1,
4221,4191,4222,-1,
4192,4222,4191,-1,
4191,4156,4192,-1,
4157,4192,4156,-1,
4156,4141,4157,-1,
4142,4157,4141,-1,
4141,4106,4142,-1,
4107,4142,4106,-1,
4107,4106,4097,-1,
4096,4097,4106,-1,
4097,4096,4052,-1,
4051,4052,4096,-1,
4052,4051,4042,-1,
4041,4042,4051,-1,
4042,4041,4017,-1,
4016,4017,4041,-1,
4017,4016,4007,-1,
4006,4007,4016,-1,
4007,4006,3992,-1,
3991,3992,4006,-1,
3992,3991,3972,-1,
3991,3971,3972,-1,
3972,3971,3962,-1,
3961,3962,3971,-1,
3962,3961,3946,-1,
3945,3946,3961,-1,
3946,3945,3944,-1,
3943,3944,3945,-1,
3943,4708,3944,-1,
4709,3944,4708,-1,
4591,4575,4592,-1,
4576,4592,4575,-1,
4840,4841,4770,-1,
4771,4770,4841,-1,
3816,3815,3886,-1,
3885,3886,3815,-1,
4170,4125,4171,-1,
4126,4171,4125,-1,
4405,4370,4406,-1,
4371,4406,4370,-1,
3885,3972,3886,-1,
4687,3886,3972,-1,
3886,4687,4771,-1,
4770,4771,4687,-1,
4080,4064,4081,-1,
4065,4081,4064,-1,
3832,3831,3816,-1,
3815,3816,3831,-1,
4826,4827,4840,-1,
4841,4840,4827,-1,
4125,4080,4126,-1,
4081,4126,4080,-1,
4530,4485,4531,-1,
4486,4531,4485,-1,
4250,4205,4251,-1,
4206,4251,4205,-1,
4205,4170,4206,-1,
4171,4206,4170,-1,
4285,4250,4286,-1,
4251,4286,4250,-1,
4370,4326,4371,-1,
4327,4371,4326,-1,
4326,4285,4327,-1,
4286,4327,4285,-1,
4575,4530,4576,-1,
4531,4576,4530,-1,
4450,4405,4451,-1,
4406,4451,4405,-1,
4485,4450,4486,-1,
4451,4486,4450,-1,
4000,3921,4025,-1,
4768,4730,4838,-1,
4150,4123,4185,-1,
4838,4730,4800,-1,
4838,4800,4816,-1,
4791,4745,4751,-1,
3930,3813,3860,-1,
4025,3921,3981,-1,
4510,4475,4528,-1,
3935,3906,4000,-1,
3915,3866,3906,-1,
4150,4078,4123,-1,
4635,4600,4626,-1,
3900,3841,3851,-1,
3860,3841,3875,-1,
3883,3813,3930,-1,
3930,4730,3883,-1,
4768,3883,4730,-1,
3900,3866,3915,-1,
4265,4248,4283,-1,
4025,3981,4031,-1,
4115,4060,4078,-1,
4475,4430,4448,-1,
4635,4626,4676,-1,
4725,4660,4751,-1,
4060,4025,4031,-1,
4800,4785,4816,-1,
3875,3841,3900,-1,
3860,3813,3841,-1,
3900,3851,3866,-1,
4300,4265,4283,-1,
4300,4283,4323,-1,
4368,4323,4324,-1,
4060,4031,4078,-1,
4448,4395,4403,-1,
3915,3906,3935,-1,
4265,4203,4248,-1,
4000,3906,3921,-1,
4323,4283,4324,-1,
4600,4545,4573,-1,
4528,4475,4483,-1,
4395,4360,4368,-1,
4785,4760,4816,-1,
4816,4760,4806,-1,
4185,4123,4168,-1,
4115,4078,4150,-1,
4230,4203,4265,-1,
4751,4660,4736,-1,
4600,4573,4626,-1,
4475,4448,4483,-1,
4806,4760,4791,-1,
4395,4368,4403,-1,
4745,4725,4751,-1,
4360,4323,4368,-1,
4545,4510,4573,-1,
4573,4510,4528,-1,
4430,4395,4448,-1,
4760,4745,4791,-1,
4230,4185,4203,-1,
4185,4168,4203,-1,
4736,4635,4676,-1,
4660,4635,4736,-1,
4760,4785,4730,-1,
4745,4760,4730,-1,
4800,4730,4785,-1,
4745,4730,4725,-1,
4725,4730,4660,-1,
4660,4730,4635,-1,
4635,4730,4600,-1,
4600,4730,4545,-1,
4545,4730,4510,-1,
4510,4730,4475,-1,
4475,4730,4430,-1,
4430,4730,4395,-1,
4395,4730,4360,-1,
4360,4730,4323,-1,
4323,4730,4300,-1,
4265,4300,3930,-1,
4230,4265,3930,-1,
4185,4230,3930,-1,
4150,4185,3930,-1,
4115,4150,3930,-1,
4060,4115,3930,-1,
4025,4060,3930,-1,
4000,4025,3930,-1,
3935,4000,3930,-1,
4730,3930,4300,-1,
3935,3930,3915,-1,
3915,3930,3900,-1,
3900,3930,3875,-1,
3860,3875,3930,-1,
3982,3981,3922,-1,
3921,3922,3981,-1,
4838,4839,4768,-1,
4769,4768,4839,-1,
3814,3813,3884,-1,
3883,3884,3813,-1,
4248,4203,4249,-1,
4204,4249,4203,-1,
4031,3981,4032,-1,
3982,4032,3981,-1,
3842,3841,3814,-1,
3813,3814,3841,-1,
3907,3906,3867,-1,
3866,3867,3906,-1,
3884,3883,3971,-1,
4768,3971,3883,-1,
3971,4768,4686,-1,
4769,4686,4768,-1,
4123,4078,4124,-1,
4079,4124,4078,-1,
4736,4737,4751,-1,
4752,4751,4737,-1,
4324,4283,4325,-1,
4284,4325,4283,-1,
3852,3851,3842,-1,
3841,3842,3851,-1,
3867,3866,3852,-1,
3851,3852,3866,-1,
4168,4123,4169,-1,
4124,4169,4123,-1,
4368,4324,4369,-1,
4325,4369,4324,-1,
4403,4368,4404,-1,
4369,4404,4368,-1,
4676,4677,4736,-1,
4737,4736,4677,-1,
3922,3921,3907,-1,
3906,3907,3921,-1,
4573,4528,4574,-1,
4529,4574,4528,-1,
4283,4248,4284,-1,
4249,4284,4248,-1,
4078,4031,4079,-1,
4032,4079,4031,-1,
4483,4448,4484,-1,
4449,4484,4448,-1,
4448,4403,4449,-1,
4404,4449,4403,-1,
4528,4483,4529,-1,
4484,4529,4483,-1,
4203,4168,4204,-1,
4169,4204,4168,-1,
4626,4573,4627,-1,
4574,4627,4573,-1,
4751,4752,4791,-1,
4792,4791,4752,-1,
4676,4626,4677,-1,
4627,4677,4626,-1,
4791,4792,4806,-1,
4807,4806,4792,-1,
4816,4817,4838,-1,
4839,4838,4817,-1,
4806,4807,4816,-1,
4817,4816,4807,-1,
5803,5805,5193,-1,
5193,5805,5785,-1,
5793,5785,5805,-1,
5213,5193,5785,-1,
5191,5803,5193,-1,
5205,5193,5213,-1,
5907,5889,5851,-1,
5881,5756,5889,-1,
5756,5851,5889,-1,
5756,5881,5748,-1,
5869,5748,5881,-1,
5784,5851,5768,-1,
5768,5851,5756,-1,
5748,5869,5728,-1,
5837,5728,5869,-1,
5728,5837,5720,-1,
5825,5720,5837,-1,
5720,5825,5684,-1,
5777,5684,5825,-1,
5684,5777,5676,-1,
5737,5676,5777,-1,
5676,5737,5648,-1,
5695,5648,5737,-1,
5648,5695,5636,-1,
5659,5636,5695,-1,
5636,5659,5608,-1,
5623,5608,5659,-1,
5608,5623,5584,-1,
5595,5584,5623,-1,
5584,5595,5572,-1,
5595,5559,5572,-1,
5572,5559,5544,-1,
5559,5531,5544,-1,
5544,5531,5516,-1,
5516,5531,5493,-1,
5531,5497,5493,-1,
5493,5497,5480,-1,
5497,5463,5480,-1,
5480,5463,5452,-1,
5463,5435,5452,-1,
5452,5435,5424,-1,
5412,5424,5399,-1,
5435,5399,5424,-1,
5388,5412,5371,-1,
5399,5371,5412,-1,
5360,5388,5335,-1,
5348,5360,5299,-1,
5371,5335,5388,-1,
5320,5348,5261,-1,
5312,5320,5221,-1,
5335,5299,5360,-1,
5276,5312,5173,-1,
5268,5276,5161,-1,
5299,5261,5348,-1,
5248,5268,5129,-1,
5240,5248,5117,-1,
5228,5240,5143,-1,
5261,5221,5320,-1,
5212,5228,5143,-1,
5221,5173,5312,-1,
5173,5161,5276,-1,
5109,5143,5240,-1,
5161,5129,5268,-1,
5129,5117,5248,-1,
5117,5109,5240,-1,
5087,5143,5109,-1,
5792,5804,5784,-1,
5192,5784,5804,-1,
5212,5784,5192,-1,
5204,5212,5192,-1,
5802,5192,5804,-1,
5190,5192,5802,-1,
5804,5805,5802,-1,
5803,5802,5805,-1,
5792,5793,5804,-1,
5805,5804,5793,-1,
5768,5769,5784,-1,
5769,5785,5784,-1,
5784,5785,5792,-1,
5793,5792,5785,-1,
5756,5757,5768,-1,
5769,5768,5757,-1,
5748,5749,5756,-1,
5757,5756,5749,-1,
5728,5729,5748,-1,
5749,5748,5729,-1,
5720,5721,5728,-1,
5729,5728,5721,-1,
5684,5685,5720,-1,
5721,5720,5685,-1,
5676,5677,5684,-1,
5685,5684,5677,-1,
5676,5648,5677,-1,
5649,5677,5648,-1,
5648,5636,5649,-1,
5637,5649,5636,-1,
5636,5608,5637,-1,
5609,5637,5608,-1,
5608,5584,5609,-1,
5585,5609,5584,-1,
5584,5572,5585,-1,
5573,5585,5572,-1,
5572,5544,5573,-1,
5545,5573,5544,-1,
5544,5516,5545,-1,
5517,5545,5516,-1,
5516,5493,5517,-1,
5494,5517,5493,-1,
5493,5480,5494,-1,
5481,5494,5480,-1,
5480,5452,5481,-1,
5453,5481,5452,-1,
5452,5424,5453,-1,
5425,5453,5424,-1,
5424,5412,5425,-1,
5413,5425,5412,-1,
5412,5388,5413,-1,
5389,5413,5388,-1,
5388,5360,5389,-1,
5361,5389,5360,-1,
5360,5348,5361,-1,
5349,5361,5348,-1,
5348,5320,5349,-1,
5321,5349,5320,-1,
5321,5320,5313,-1,
5312,5313,5320,-1,
5313,5312,5277,-1,
5276,5277,5312,-1,
5277,5276,5269,-1,
5268,5269,5276,-1,
5269,5268,5249,-1,
5248,5249,5268,-1,
5249,5248,5241,-1,
5240,5241,5248,-1,
5241,5240,5229,-1,
5228,5229,5240,-1,
5229,5228,5213,-1,
5228,5212,5213,-1,
5213,5212,5205,-1,
5204,5205,5212,-1,
5205,5204,5193,-1,
5192,5193,5204,-1,
5193,5192,5191,-1,
5190,5191,5192,-1,
5190,5802,5191,-1,
5803,5191,5802,-1,
5708,5696,5709,-1,
5697,5709,5696,-1,
5908,5909,5852,-1,
5853,5852,5909,-1,
5089,5088,5145,-1,
5144,5145,5088,-1,
5372,5336,5373,-1,
5337,5373,5336,-1,
5560,5532,5561,-1,
5533,5561,5532,-1,
5144,5213,5145,-1,
5785,5145,5213,-1,
5145,5785,5853,-1,
5852,5853,5785,-1,
5300,5288,5301,-1,
5289,5301,5288,-1,
5101,5100,5089,-1,
5088,5089,5100,-1,
5896,5897,5908,-1,
5909,5908,5897,-1,
5336,5300,5337,-1,
5301,5337,5300,-1,
5660,5624,5661,-1,
5625,5661,5624,-1,
5436,5400,5437,-1,
5401,5437,5400,-1,
5400,5372,5401,-1,
5373,5401,5372,-1,
5464,5436,5465,-1,
5437,5465,5436,-1,
5532,5498,5533,-1,
5499,5533,5498,-1,
5498,5464,5499,-1,
5465,5499,5464,-1,
5696,5660,5697,-1,
5661,5697,5660,-1,
5596,5560,5597,-1,
5561,5597,5560,-1,
5624,5596,5625,-1,
5597,5625,5596,-1,
5235,5172,5255,-1,
5850,5819,5906,-1,
5355,5334,5383,-1,
5906,5819,5875,-1,
5906,5875,5888,-1,
5868,5831,5836,-1,
5179,5086,5123,-1,
5255,5172,5220,-1,
5643,5615,5658,-1,
5183,5160,5235,-1,
5167,5128,5160,-1,
5355,5298,5334,-1,
5743,5715,5736,-1,
5155,5108,5116,-1,
5123,5108,5135,-1,
5142,5086,5179,-1,
5179,5819,5142,-1,
5850,5142,5819,-1,
5155,5128,5167,-1,
5447,5434,5462,-1,
5255,5220,5260,-1,
5327,5283,5298,-1,
5615,5579,5594,-1,
5743,5736,5776,-1,
5815,5763,5836,-1,
5283,5255,5260,-1,
5875,5863,5888,-1,
5135,5108,5155,-1,
5123,5086,5108,-1,
5155,5116,5128,-1,
5475,5447,5462,-1,
5475,5462,5495,-1,
5530,5495,5496,-1,
5283,5260,5298,-1,
5594,5551,5558,-1,
5167,5160,5183,-1,
5447,5398,5434,-1,
5235,5160,5172,-1,
5495,5462,5496,-1,
5715,5671,5694,-1,
5658,5615,5622,-1,
5551,5523,5530,-1,
5863,5843,5888,-1,
5888,5843,5880,-1,
5383,5334,5370,-1,
5327,5298,5355,-1,
5419,5398,5447,-1,
5836,5763,5824,-1,
5715,5694,5736,-1,
5615,5594,5622,-1,
5880,5843,5868,-1,
5551,5530,5558,-1,
5831,5815,5836,-1,
5523,5495,5530,-1,
5671,5643,5694,-1,
5694,5643,5658,-1,
5579,5551,5594,-1,
5843,5831,5868,-1,
5419,5383,5398,-1,
5383,5370,5398,-1,
5824,5743,5776,-1,
5763,5743,5824,-1,
5843,5863,5819,-1,
5831,5843,5819,-1,
5875,5819,5863,-1,
5831,5819,5815,-1,
5815,5819,5763,-1,
5763,5819,5743,-1,
5743,5819,5715,-1,
5715,5819,5671,-1,
5671,5819,5643,-1,
5643,5819,5615,-1,
5615,5819,5579,-1,
5579,5819,5551,-1,
5551,5819,5523,-1,
5523,5819,5495,-1,
5495,5819,5475,-1,
5447,5475,5179,-1,
5419,5447,5179,-1,
5383,5419,5179,-1,
5355,5383,5179,-1,
5327,5355,5179,-1,
5283,5327,5179,-1,
5255,5283,5179,-1,
5235,5255,5179,-1,
5183,5235,5179,-1,
5819,5179,5475,-1,
5183,5179,5167,-1,
5167,5179,5155,-1,
5155,5179,5135,-1,
5123,5135,5179,-1,
5221,5220,5173,-1,
5172,5173,5220,-1,
5906,5907,5850,-1,
5851,5850,5907,-1,
5087,5086,5143,-1,
5142,5143,5086,-1,
5434,5398,5435,-1,
5399,5435,5398,-1,
5260,5220,5261,-1,
5221,5261,5220,-1,
5109,5108,5087,-1,
5086,5087,5108,-1,
5161,5160,5129,-1,
5128,5129,5160,-1,
5143,5142,5212,-1,
5850,5212,5142,-1,
5212,5850,5784,-1,
5851,5784,5850,-1,
5334,5298,5335,-1,
5299,5335,5298,-1,
5824,5825,5836,-1,
5837,5836,5825,-1,
5496,5462,5497,-1,
5463,5497,5462,-1,
5117,5116,5109,-1,
5108,5109,5116,-1,
5129,5128,5117,-1,
5116,5117,5128,-1,
5370,5334,5371,-1,
5335,5371,5334,-1,
5530,5496,5531,-1,
5497,5531,5496,-1,
5558,5530,5559,-1,
5531,5559,5530,-1,
5776,5777,5824,-1,
5825,5824,5777,-1,
5173,5172,5161,-1,
5160,5161,5172,-1,
5694,5658,5695,-1,
5659,5695,5658,-1,
5462,5434,5463,-1,
5435,5463,5434,-1,
5298,5260,5299,-1,
5261,5299,5260,-1,
5622,5594,5623,-1,
5595,5623,5594,-1,
5594,5558,5595,-1,
5559,5595,5558,-1,
5658,5622,5659,-1,
5623,5659,5622,-1,
5398,5370,5399,-1,
5371,5399,5370,-1,
5736,5694,5737,-1,
5695,5737,5694,-1,
5836,5837,5868,-1,
5869,5868,5837,-1,
5776,5736,5777,-1,
5737,5777,5736,-1,
5868,5869,5880,-1,
5881,5880,5869,-1,
5888,5889,5906,-1,
5907,5906,5889,-1,
5880,5881,5888,-1,
5889,5888,5881,-1,
1066,1068,741,-1,
741,1068,1062,-1,
1064,1062,1068,-1,
745,741,1062,-1,
739,1066,741,-1,
743,741,745,-1,
1092,1088,1078,-1,
1086,1054,1088,-1,
1054,1078,1088,-1,
1054,1086,1052,-1,
1083,1052,1086,-1,
1061,1078,1057,-1,
1057,1078,1054,-1,
1052,1083,1047,-1,
1075,1047,1083,-1,
1047,1075,1045,-1,
1072,1045,1075,-1,
1045,1072,1036,-1,
1060,1036,1072,-1,
1036,1060,1034,-1,
1050,1034,1060,-1,
1034,1050,1027,-1,
1039,1027,1050,-1,
1027,1039,1024,-1,
1030,1024,1039,-1,
1024,1030,1017,-1,
1021,1017,1030,-1,
1017,1021,1011,-1,
1014,1011,1021,-1,
1011,1014,1008,-1,
1014,1005,1008,-1,
1008,1005,1001,-1,
1005,998,1001,-1,
1001,998,994,-1,
994,998,987,-1,
998,991,987,-1,
987,991,985,-1,
991,981,985,-1,
985,981,978,-1,
981,974,978,-1,
978,974,971,-1,
968,971,965,-1,
974,965,971,-1,
962,968,942,-1,
965,942,968,-1,
931,962,909,-1,
912,931,856,-1,
942,909,962,-1,
873,912,827,-1,
859,873,747,-1,
909,856,931,-1,
836,859,705,-1,
830,836,664,-1,
856,827,912,-1,
783,830,642,-1,
761,783,613,-1,
758,761,651,-1,
827,747,873,-1,
744,758,651,-1,
747,705,859,-1,
705,664,836,-1,
605,651,761,-1,
664,642,830,-1,
642,613,783,-1,
613,605,761,-1,
577,651,605,-1,
1063,1067,1061,-1,
740,1061,1067,-1,
744,1061,740,-1,
742,744,740,-1,
1065,740,1067,-1,
738,740,1065,-1,
1067,1068,1065,-1,
1066,1065,1068,-1,
1063,1064,1067,-1,
1068,1067,1064,-1,
1057,1058,1061,-1,
1058,1062,1061,-1,
1061,1062,1063,-1,
1064,1063,1062,-1,
1054,1055,1057,-1,
1058,1057,1055,-1,
1052,1053,1054,-1,
1055,1054,1053,-1,
1047,1048,1052,-1,
1053,1052,1048,-1,
1045,1046,1047,-1,
1048,1047,1046,-1,
1036,1037,1045,-1,
1046,1045,1037,-1,
1034,1035,1036,-1,
1037,1036,1035,-1,
1034,1027,1035,-1,
1028,1035,1027,-1,
1027,1024,1028,-1,
1025,1028,1024,-1,
1024,1017,1025,-1,
1018,1025,1017,-1,
1017,1011,1018,-1,
1012,1018,1011,-1,
1011,1008,1012,-1,
1009,1012,1008,-1,
1008,1001,1009,-1,
1002,1009,1001,-1,
1001,994,1002,-1,
995,1002,994,-1,
994,987,995,-1,
988,995,987,-1,
987,985,988,-1,
986,988,985,-1,
985,978,986,-1,
979,986,978,-1,
978,971,979,-1,
972,979,971,-1,
971,968,972,-1,
969,972,968,-1,
968,962,969,-1,
963,969,962,-1,
962,931,963,-1,
932,963,931,-1,
931,912,932,-1,
913,932,912,-1,
912,873,913,-1,
874,913,873,-1,
874,873,860,-1,
859,860,873,-1,
860,859,837,-1,
836,837,859,-1,
837,836,831,-1,
830,831,836,-1,
831,830,784,-1,
783,784,830,-1,
784,783,762,-1,
761,762,783,-1,
762,761,759,-1,
758,759,761,-1,
759,758,745,-1,
758,744,745,-1,
745,744,743,-1,
742,743,744,-1,
743,742,741,-1,
740,741,742,-1,
741,740,739,-1,
738,739,740,-1,
738,1065,739,-1,
1066,739,1065,-1,
1042,1040,1043,-1,
1041,1043,1040,-1,
666,665,644,-1,
643,644,665,-1,
1093,1094,1079,-1,
1080,1079,1094,-1,
579,578,653,-1,
652,653,578,-1,
749,748,707,-1,
706,707,748,-1,
943,910,944,-1,
911,944,910,-1,
1006,999,1007,-1,
1000,1007,999,-1,
615,614,607,-1,
606,607,614,-1,
652,745,653,-1,
1062,653,745,-1,
653,1062,1080,-1,
1079,1080,1062,-1,
857,828,858,-1,
829,858,828,-1,
828,748,829,-1,
749,829,748,-1,
607,606,579,-1,
578,579,606,-1,
644,643,615,-1,
614,615,643,-1,
1089,1090,1093,-1,
1094,1093,1090,-1,
910,857,911,-1,
858,911,857,-1,
1031,1022,1032,-1,
1023,1032,1022,-1,
975,966,976,-1,
967,976,966,-1,
966,943,967,-1,
944,967,943,-1,
982,975,983,-1,
976,983,975,-1,
999,992,1000,-1,
993,1000,992,-1,
992,982,993,-1,
983,993,982,-1,
707,706,666,-1,
665,666,706,-1,
1040,1031,1041,-1,
1032,1041,1031,-1,
1015,1006,1016,-1,
1007,1016,1006,-1,
1022,1015,1023,-1,
1016,1023,1015,-1,
760,704,825,-1,
1077,1070,1091,-1,
922,908,961,-1,
1091,1070,1084,-1,
1091,1084,1087,-1,
1082,1073,1074,-1,
708,576,640,-1,
825,704,746,-1,
1026,1019,1029,-1,
717,663,760,-1,
699,641,663,-1,
922,855,908,-1,
1051,1044,1049,-1,
662,604,612,-1,
640,604,645,-1,
650,576,708,-1,
708,1070,650,-1,
1077,650,1070,-1,
662,641,699,-1,
977,973,980,-1,
825,746,826,-1,
891,850,855,-1,
1019,1010,1013,-1,
1051,1049,1059,-1,
1069,1056,1074,-1,
850,825,826,-1,
1084,1081,1087,-1,
645,604,662,-1,
640,576,604,-1,
662,612,641,-1,
984,977,980,-1,
984,980,989,-1,
997,989,990,-1,
850,826,855,-1,
1013,1003,1004,-1,
699,663,717,-1,
977,964,973,-1,
760,663,704,-1,
989,980,990,-1,
1044,1033,1038,-1,
1029,1019,1020,-1,
1003,996,997,-1,
1081,1076,1087,-1,
1087,1076,1085,-1,
961,908,941,-1,
891,855,922,-1,
970,964,977,-1,
1074,1056,1071,-1,
1044,1038,1049,-1,
1019,1013,1020,-1,
1085,1076,1082,-1,
1003,997,1004,-1,
1073,1069,1074,-1,
996,989,997,-1,
1033,1026,1038,-1,
1038,1026,1029,-1,
1010,1003,1013,-1,
1076,1073,1082,-1,
970,961,964,-1,
961,941,964,-1,
1071,1051,1059,-1,
1056,1051,1071,-1,
1076,1081,1070,-1,
1073,1076,1070,-1,
1084,1070,1081,-1,
1073,1070,1069,-1,
1069,1070,1056,-1,
1056,1070,1051,-1,
1051,1070,1044,-1,
1044,1070,1033,-1,
1033,1070,1026,-1,
1026,1070,1019,-1,
1019,1070,1010,-1,
1010,1070,1003,-1,
1003,1070,996,-1,
996,1070,989,-1,
989,1070,984,-1,
977,984,708,-1,
970,977,708,-1,
961,970,708,-1,
922,961,708,-1,
891,922,708,-1,
850,891,708,-1,
825,850,708,-1,
760,825,708,-1,
717,760,708,-1,
1070,708,984,-1,
717,708,699,-1,
699,708,662,-1,
662,708,645,-1,
640,645,708,-1,
747,746,705,-1,
704,705,746,-1,
1091,1092,1077,-1,
1078,1077,1092,-1,
577,576,651,-1,
650,651,576,-1,
973,964,974,-1,
965,974,964,-1,
826,746,827,-1,
747,827,746,-1,
605,604,577,-1,
576,577,604,-1,
664,663,642,-1,
641,642,663,-1,
651,650,744,-1,
1077,744,650,-1,
744,1077,1061,-1,
1078,1061,1077,-1,
908,855,909,-1,
856,909,855,-1,
1071,1072,1074,-1,
1075,1074,1072,-1,
990,980,991,-1,
981,991,980,-1,
613,612,605,-1,
604,605,612,-1,
642,641,613,-1,
612,613,641,-1,
941,908,942,-1,
909,942,908,-1,
997,990,998,-1,
991,998,990,-1,
1004,997,1005,-1,
998,1005,997,-1,
1059,1060,1071,-1,
1072,1071,1060,-1,
705,704,664,-1,
663,664,704,-1,
1038,1029,1039,-1,
1030,1039,1029,-1,
980,973,981,-1,
974,981,973,-1,
855,826,856,-1,
827,856,826,-1,
1020,1013,1021,-1,
1014,1021,1013,-1,
1013,1004,1014,-1,
1005,1014,1004,-1,
1029,1020,1030,-1,
1021,1030,1020,-1,
964,941,965,-1,
942,965,941,-1,
1049,1038,1050,-1,
1039,1050,1038,-1,
1074,1075,1082,-1,
1083,1082,1075,-1,
1059,1049,1060,-1,
1050,1060,1049,-1,
1082,1083,1085,-1,
1086,1085,1083,-1,
1087,1088,1091,-1,
1092,1091,1088,-1,
1085,1086,1087,-1,
1088,1087,1086,-1,
8418,8420,7752,-1,
7752,8420,8406,-1,
8412,8406,8420,-1,
7768,7752,8406,-1,
7750,8418,7752,-1,
7762,7752,7768,-1,
8543,8531,8480,-1,
8512,8378,8531,-1,
8378,8480,8531,-1,
8378,8512,8371,-1,
8497,8371,8512,-1,
8405,8480,8387,-1,
8387,8480,8378,-1,
8371,8497,8344,-1,
8460,8344,8497,-1,
8344,8460,8338,-1,
8443,8338,8460,-1,
8338,8443,8310,-1,
8394,8310,8443,-1,
8310,8394,8301,-1,
8351,8301,8394,-1,
8301,8351,8274,-1,
8321,8274,8351,-1,
8274,8321,8262,-1,
8287,8262,8321,-1,
8262,8287,8232,-1,
8251,8232,8287,-1,
8232,8251,8207,-1,
8217,8207,8251,-1,
8207,8217,8181,-1,
8217,8164,8181,-1,
8181,8164,8141,-1,
8164,8121,8141,-1,
8141,8121,8103,-1,
8103,8121,8064,-1,
8121,8068,8064,-1,
8064,8068,8031,-1,
8068,8012,8031,-1,
8031,8012,8002,-1,
8012,7982,8002,-1,
8002,7982,7974,-1,
7957,7974,7945,-1,
7982,7945,7974,-1,
7932,7957,7915,-1,
7945,7915,7957,-1,
7908,7932,7881,-1,
7892,7908,7847,-1,
7915,7881,7932,-1,
7865,7892,7813,-1,
7858,7865,7774,-1,
7881,7847,7908,-1,
7829,7858,7738,-1,
7818,7829,7722,-1,
7847,7813,7892,-1,
7801,7818,7691,-1,
7795,7801,7672,-1,
7781,7795,7703,-1,
7813,7774,7865,-1,
7767,7781,7703,-1,
7774,7738,7858,-1,
7738,7722,7829,-1,
7664,7703,7795,-1,
7722,7691,7818,-1,
7691,7672,7801,-1,
7672,7664,7795,-1,
7641,7703,7664,-1,
8411,8419,8405,-1,
7751,8405,8419,-1,
7767,8405,7751,-1,
7761,7767,7751,-1,
8417,7751,8419,-1,
7749,7751,8417,-1,
8419,8420,8417,-1,
8418,8417,8420,-1,
8411,8412,8419,-1,
8420,8419,8412,-1,
8387,8388,8405,-1,
8388,8406,8405,-1,
8405,8406,8411,-1,
8412,8411,8406,-1,
8378,8379,8387,-1,
8388,8387,8379,-1,
8371,8372,8378,-1,
8379,8378,8372,-1,
8344,8345,8371,-1,
8372,8371,8345,-1,
8338,8339,8344,-1,
8345,8344,8339,-1,
8310,8311,8338,-1,
8339,8338,8311,-1,
8301,8302,8310,-1,
8311,8310,8302,-1,
8301,8274,8302,-1,
8275,8302,8274,-1,
8274,8262,8275,-1,
8263,8275,8262,-1,
8262,8232,8263,-1,
8233,8263,8232,-1,
8232,8207,8233,-1,
8208,8233,8207,-1,
8207,8181,8208,-1,
8182,8208,8181,-1,
8181,8141,8182,-1,
8142,8182,8141,-1,
8141,8103,8142,-1,
8104,8142,8103,-1,
8103,8064,8104,-1,
8065,8104,8064,-1,
8064,8031,8065,-1,
8032,8065,8031,-1,
8031,8002,8032,-1,
8003,8032,8002,-1,
8002,7974,8003,-1,
7975,8003,7974,-1,
7974,7957,7975,-1,
7958,7975,7957,-1,
7957,7932,7958,-1,
7933,7958,7932,-1,
7932,7908,7933,-1,
7909,7933,7908,-1,
7908,7892,7909,-1,
7893,7909,7892,-1,
7892,7865,7893,-1,
7866,7893,7865,-1,
7866,7865,7859,-1,
7858,7859,7865,-1,
7859,7858,7830,-1,
7829,7830,7858,-1,
7830,7829,7819,-1,
7818,7819,7829,-1,
7819,7818,7802,-1,
7801,7802,7818,-1,
7802,7801,7796,-1,
7795,7796,7801,-1,
7796,7795,7782,-1,
7781,7782,7795,-1,
7782,7781,7768,-1,
7781,7767,7768,-1,
7768,7767,7762,-1,
7761,7762,7767,-1,
7762,7761,7752,-1,
7751,7752,7761,-1,
7752,7751,7750,-1,
7749,7750,7751,-1,
7749,8417,7750,-1,
8418,7750,8417,-1,
8352,8322,8353,-1,
8323,8353,8322,-1,
8544,8545,8481,-1,
8482,8481,8545,-1,
7643,7642,7705,-1,
7704,7705,7642,-1,
7916,7882,7917,-1,
7883,7917,7882,-1,
8165,8122,8166,-1,
8123,8166,8122,-1,
7704,7768,7705,-1,
8406,7705,7768,-1,
7705,8406,8482,-1,
8481,8482,8406,-1,
7848,7840,7849,-1,
7841,7849,7840,-1,
8395,8352,8396,-1,
8353,8396,8352,-1,
7655,7654,7643,-1,
7642,7643,7654,-1,
8461,8462,8498,-1,
8499,8498,8462,-1,
8532,8533,8544,-1,
8545,8544,8533,-1,
7882,7848,7883,-1,
7849,7883,7848,-1,
8288,8252,8289,-1,
8253,8289,8252,-1,
7983,7946,7984,-1,
7947,7984,7946,-1,
7946,7916,7947,-1,
7917,7947,7916,-1,
8013,7983,8014,-1,
7984,8014,7983,-1,
8122,8069,8123,-1,
8070,8123,8069,-1,
8069,8013,8070,-1,
8014,8070,8013,-1,
8513,8514,8532,-1,
8533,8532,8514,-1,
8395,8396,8444,-1,
8445,8444,8396,-1,
8322,8288,8323,-1,
8289,8323,8288,-1,
8444,8445,8461,-1,
8462,8461,8445,-1,
8498,8499,8513,-1,
8514,8513,8499,-1,
8218,8165,8219,-1,
8166,8219,8165,-1,
8252,8218,8253,-1,
8219,8253,8218,-1,
7788,7737,7807,-1,
8479,8439,8542,-1,
7901,7880,7929,-1,
8542,8439,8508,-1,
8542,8508,8530,-1,
8496,8456,8459,-1,
7743,7640,7687,-1,
7807,7737,7773,-1,
8270,8238,8286,-1,
7746,7721,7788,-1,
7727,7690,7721,-1,
7901,7846,7880,-1,
8362,8332,8350,-1,
7718,7663,7671,-1,
7687,7663,7697,-1,
7702,7640,7743,-1,
7743,8439,7702,-1,
8479,7702,8439,-1,
7718,7690,7727,-1,
7993,7981,8011,-1,
7807,7773,7812,-1,
7871,7835,7846,-1,
8238,8200,8216,-1,
8362,8350,8393,-1,
8435,8384,8459,-1,
7835,7807,7812,-1,
8508,8493,8530,-1,
7697,7663,7718,-1,
7687,7640,7663,-1,
7718,7671,7690,-1,
8025,7993,8011,-1,
8025,8011,8066,-1,
8120,8066,8067,-1,
7835,7812,7846,-1,
8216,8160,8163,-1,
7727,7721,7746,-1,
7993,7944,7981,-1,
7788,7721,7737,-1,
8066,8011,8067,-1,
8332,8298,8320,-1,
8286,8238,8250,-1,
8160,8115,8120,-1,
8493,8471,8530,-1,
8530,8471,8511,-1,
7929,7880,7914,-1,
7871,7846,7901,-1,
7963,7944,7993,-1,
8459,8384,8442,-1,
8332,8320,8350,-1,
8238,8216,8250,-1,
8511,8471,8496,-1,
8160,8120,8163,-1,
8456,8435,8459,-1,
8115,8066,8120,-1,
8298,8270,8320,-1,
8320,8270,8286,-1,
8200,8160,8216,-1,
8471,8456,8496,-1,
7963,7929,7944,-1,
7929,7914,7944,-1,
8442,8362,8393,-1,
8384,8362,8442,-1,
8471,8493,8439,-1,
8456,8471,8439,-1,
8508,8439,8493,-1,
8456,8439,8435,-1,
8435,8439,8384,-1,
8384,8439,8362,-1,
8362,8439,8332,-1,
8332,8439,8298,-1,
8298,8439,8270,-1,
8270,8439,8238,-1,
8238,8439,8200,-1,
8200,8439,8160,-1,
8160,8439,8115,-1,
8115,8439,8066,-1,
8066,8439,8025,-1,
7993,8025,7743,-1,
7963,7993,7743,-1,
7929,7963,7743,-1,
7901,7929,7743,-1,
7871,7901,7743,-1,
7835,7871,7743,-1,
7807,7835,7743,-1,
7788,7807,7743,-1,
7746,7788,7743,-1,
8439,7743,8025,-1,
7746,7743,7727,-1,
7727,7743,7718,-1,
7718,7743,7697,-1,
7687,7697,7743,-1,
7774,7773,7738,-1,
7737,7738,7773,-1,
8542,8543,8479,-1,
8480,8479,8543,-1,
7641,7640,7703,-1,
7702,7703,7640,-1,
7981,7944,7982,-1,
7945,7982,7944,-1,
7812,7773,7813,-1,
7774,7813,7773,-1,
7664,7663,7641,-1,
7640,7641,7663,-1,
7722,7721,7691,-1,
7690,7691,7721,-1,
7703,7702,7767,-1,
8479,7767,7702,-1,
7767,8479,8405,-1,
8480,8405,8479,-1,
7880,7846,7881,-1,
7847,7881,7846,-1,
8442,8443,8459,-1,
8460,8459,8443,-1,
8067,8011,8068,-1,
8012,8068,8011,-1,
7672,7671,7664,-1,
7663,7664,7671,-1,
7691,7690,7672,-1,
7671,7672,7690,-1,
7914,7880,7915,-1,
7881,7915,7880,-1,
8120,8067,8121,-1,
8068,8121,8067,-1,
8163,8120,8164,-1,
8121,8164,8120,-1,
8393,8394,8442,-1,
8443,8442,8394,-1,
7738,7737,7722,-1,
7721,7722,7737,-1,
8320,8286,8321,-1,
8287,8321,8286,-1,
8011,7981,8012,-1,
7982,8012,7981,-1,
7846,7812,7847,-1,
7813,7847,7812,-1,
8250,8216,8251,-1,
8217,8251,8216,-1,
8216,8163,8217,-1,
8164,8217,8163,-1,
8286,8250,8287,-1,
8251,8287,8250,-1,
7944,7914,7945,-1,
7915,7945,7914,-1,
8350,8320,8351,-1,
8321,8351,8320,-1,
8459,8460,8496,-1,
8497,8496,8460,-1,
8393,8350,8394,-1,
8351,8394,8350,-1,
8496,8497,8511,-1,
8512,8511,8497,-1,
8530,8531,8542,-1,
8543,8542,8531,-1,
8511,8512,8530,-1,
8531,8530,8512,-1,
8206,8204,8134,-1,
8199,8055,8204,-1,
8195,8049,8199,-1,
8049,8195,8043,-1,
8043,8176,8041,-1,
8055,8134,8204,-1,
8176,8043,8195,-1,
8041,8158,8023,-1,
8057,8134,8055,-1,
8054,8134,8057,-1,
8049,8055,8199,-1,
8158,8041,8176,-1,
8136,8023,8158,-1,
8023,8136,8009,-1,
8100,8009,8136,-1,
8009,8100,7996,-1,
8086,7996,8100,-1,
7996,8086,7972,-1,
8038,7972,8086,-1,
7972,8038,7966,-1,
7999,7966,8038,-1,
7966,7999,7942,-1,
7969,7942,7999,-1,
7942,7969,7926,-1,
7939,7926,7969,-1,
7926,7939,7899,-1,
7905,7899,7939,-1,
7899,7905,7878,-1,
7905,7875,7878,-1,
7878,7875,7838,-1,
7875,7826,7838,-1,
7838,7826,7810,-1,
7826,7792,7810,-1,
7810,7792,7779,-1,
7779,7792,7735,-1,
7792,7731,7735,-1,
7735,7731,7714,-1,
7731,7682,7714,-1,
7714,7682,7677,-1,
7652,7677,7637,-1,
7682,7637,7677,-1,
7627,7652,7624,-1,
7637,7624,7652,-1,
7621,7627,7613,-1,
7618,7621,7606,-1,
7624,7613,7627,-1,
7609,7618,7597,-1,
7613,7606,7621,-1,
7603,7609,7585,-1,
7598,7603,7577,-1,
7606,7597,7618,-1,
7593,7598,7574,-1,
7591,7593,7570,-1,
7588,7591,7570,-1,
7597,7585,7609,-1,
7585,7577,7603,-1,
7577,7574,7598,-1,
7565,7570,7593,-1,
7574,7565,7593,-1,
7563,7570,7565,-1,
8051,8045,8054,-1,
8054,8045,7582,-1,
7588,8054,7582,-1,
7586,7588,7582,-1,
8028,7582,8045,-1,
7578,7582,8028,-1,
8045,8046,8028,-1,
8029,8028,8046,-1,
8051,8052,8045,-1,
8046,8045,8052,-1,
8057,8058,8054,-1,
8058,8053,8054,-1,
8054,8053,8051,-1,
8052,8051,8053,-1,
8055,8056,8057,-1,
8058,8057,8056,-1,
8049,8050,8055,-1,
8056,8055,8050,-1,
8043,8044,8049,-1,
8050,8049,8044,-1,
8041,8042,8043,-1,
8044,8043,8042,-1,
8023,8024,8041,-1,
8042,8041,8024,-1,
8009,8010,8023,-1,
8024,8023,8010,-1,
7996,7997,8009,-1,
8010,8009,7997,-1,
7972,7973,7996,-1,
7997,7996,7973,-1,
7972,7966,7973,-1,
7967,7973,7966,-1,
7966,7942,7967,-1,
7943,7967,7942,-1,
7942,7926,7943,-1,
7927,7943,7926,-1,
7926,7899,7927,-1,
7900,7927,7899,-1,
7899,7878,7900,-1,
7879,7900,7878,-1,
7878,7838,7879,-1,
7839,7879,7838,-1,
7838,7810,7839,-1,
7811,7839,7810,-1,
7810,7779,7811,-1,
7780,7811,7779,-1,
7779,7735,7780,-1,
7736,7780,7735,-1,
7735,7714,7736,-1,
7715,7736,7714,-1,
7714,7677,7715,-1,
7678,7715,7677,-1,
7677,7652,7678,-1,
7653,7678,7652,-1,
7652,7627,7653,-1,
7628,7653,7627,-1,
7627,7621,7628,-1,
7622,7628,7621,-1,
7621,7618,7622,-1,
7619,7622,7618,-1,
7618,7609,7619,-1,
7610,7619,7609,-1,
7610,7609,7604,-1,
7603,7604,7609,-1,
7604,7603,7599,-1,
7598,7599,7603,-1,
7599,7598,7594,-1,
7593,7594,7598,-1,
7594,7593,7592,-1,
7591,7592,7593,-1,
7592,7591,7589,-1,
7591,7588,7589,-1,
7589,7588,7587,-1,
7586,7587,7588,-1,
7587,7586,7583,-1,
7582,7583,7586,-1,
7583,7582,7579,-1,
7578,7579,7582,-1,
7578,8028,7579,-1,
8029,7579,8028,-1,
8087,8088,8101,-1,
8102,8101,8088,-1,
7567,7566,7572,-1,
7571,7572,7566,-1,
7683,7638,7684,-1,
7639,7684,7638,-1,
7940,7906,7941,-1,
7907,7941,7906,-1,
7571,7589,7572,-1,
7572,7589,8048,-1,
8047,8048,7589,-1,
7625,7614,7626,-1,
7615,7626,7614,-1,
8101,8102,8137,-1,
8138,8137,8102,-1,
7614,7607,7615,-1,
7608,7615,7607,-1,
7638,7625,7639,-1,
7626,7639,7625,-1,
8039,8000,8040,-1,
8001,8040,8000,-1,
7793,7732,7794,-1,
7733,7794,7732,-1,
7732,7683,7733,-1,
7684,7733,7683,-1,
7827,7793,7828,-1,
7794,7828,7793,-1,
7906,7876,7907,-1,
7877,7907,7876,-1,
7876,7827,7877,-1,
7828,7877,7827,-1,
8137,8138,8150,-1,
8151,8150,8138,-1,
8087,8039,8088,-1,
8040,8088,8039,-1,
7970,7940,7971,-1,
7941,7971,7940,-1,
8000,7970,8001,-1,
7971,8001,7970,-1,
7602,7596,7611,-1,
8133,8091,8205,-1,
7660,7636,7696,-1,
8205,8091,8156,-1,
8205,8156,8203,-1,
8194,8140,8175,-1,
7580,7562,7568,-1,
7611,7596,7605,-1,
8008,7980,8037,-1,
7595,7584,7602,-1,
7590,7576,7584,-1,
7660,7623,7636,-1,
8092,8059,8099,-1,
7581,7564,7573,-1,
7568,7564,7575,-1,
7569,7562,7580,-1,
7580,8091,7569,-1,
8133,7569,8091,-1,
7581,7576,7590,-1,
7825,7787,7791,-1,
7611,7605,7612,-1,
7629,7620,7623,-1,
7980,7956,7968,-1,
8135,8092,8099,-1,
8132,8109,8175,-1,
7620,7611,7612,-1,
8156,8154,8203,-1,
7575,7564,7581,-1,
7568,7562,7564,-1,
7581,7573,7576,-1,
7824,7787,7825,-1,
7864,7824,7825,-1,
7904,7864,7874,-1,
7620,7612,7623,-1,
7968,7928,7938,-1,
7590,7584,7595,-1,
7787,7730,7791,-1,
7602,7584,7596,-1,
7864,7825,7874,-1,
8059,8030,8085,-1,
8037,7980,7998,-1,
7928,7898,7904,-1,
8154,8149,8203,-1,
8203,8149,8198,-1,
7696,7636,7681,-1,
7629,7623,7660,-1,
7734,7730,7787,-1,
8175,8109,8157,-1,
8099,8059,8085,-1,
7980,7968,7998,-1,
8198,8149,8194,-1,
7928,7904,7938,-1,
8140,8132,8175,-1,
7898,7864,7904,-1,
8030,8008,8085,-1,
8085,8008,8037,-1,
7956,7928,7968,-1,
8149,8140,8194,-1,
7734,7696,7730,-1,
7696,7681,7730,-1,
8157,8092,8135,-1,
8109,8092,8157,-1,
8149,8154,8091,-1,
8140,8149,8091,-1,
8132,8140,8091,-1,
8109,8132,8091,-1,
8092,8109,8091,-1,
8156,8091,8154,-1,
8092,8091,8059,-1,
8059,8091,8030,-1,
8030,8091,8008,-1,
8008,8091,7980,-1,
7980,8091,7956,-1,
7956,8091,7928,-1,
7928,8091,7898,-1,
7898,8091,7864,-1,
7864,8091,7824,-1,
7787,7824,7580,-1,
7734,7787,7580,-1,
7696,7734,7580,-1,
7660,7696,7580,-1,
7629,7660,7580,-1,
7620,7629,7580,-1,
7611,7620,7580,-1,
7602,7611,7580,-1,
7595,7602,7580,-1,
7590,7595,7580,-1,
7581,7590,7580,-1,
8091,7580,7824,-1,
7581,7580,7575,-1,
7568,7575,7580,-1,
7605,7596,7606,-1,
7597,7606,7596,-1,
8133,8205,8134,-1,
8206,8134,8205,-1,
7563,7562,7570,-1,
7569,7570,7562,-1,
7791,7730,7792,-1,
7731,7792,7730,-1,
7612,7605,7613,-1,
7606,7613,7605,-1,
7565,7564,7563,-1,
7562,7563,7564,-1,
7585,7584,7577,-1,
7576,7577,7584,-1,
7570,7569,7588,-1,
8133,7588,7569,-1,
7588,8133,8054,-1,
8134,8054,8133,-1,
7636,7623,7637,-1,
7624,7637,7623,-1,
8157,8158,8175,-1,
8176,8175,8158,-1,
7874,7825,7875,-1,
7826,7875,7825,-1,
7574,7573,7565,-1,
7564,7565,7573,-1,
7577,7576,7574,-1,
7573,7574,7576,-1,
7681,7636,7682,-1,
7637,7682,7636,-1,
7904,7874,7905,-1,
7875,7905,7874,-1,
7938,7904,7939,-1,
7905,7939,7904,-1,
8135,8136,8157,-1,
8158,8157,8136,-1,
7596,7584,7597,-1,
7585,7597,7584,-1,
8085,8037,8086,-1,
8038,8086,8037,-1,
7825,7791,7826,-1,
7792,7826,7791,-1,
7623,7612,7624,-1,
7613,7624,7612,-1,
7998,7968,7999,-1,
7969,7999,7968,-1,
7968,7938,7969,-1,
7939,7969,7938,-1,
8037,7998,8038,-1,
7999,8038,7998,-1,
7730,7681,7731,-1,
7682,7731,7681,-1,
8085,8086,8099,-1,
8100,8099,8086,-1,
8175,8176,8194,-1,
8195,8194,8176,-1,
8099,8100,8135,-1,
8136,8135,8100,-1,
8194,8195,8198,-1,
8199,8198,8195,-1,
8203,8204,8205,-1,
8206,8205,8204,-1,
8198,8199,8203,-1,
8204,8203,8199,-1,
822,824,151,-1,
151,824,800,-1,
808,800,824,-1,
167,151,800,-1,
149,822,151,-1,
159,151,167,-1,
958,930,888,-1,
921,769,930,-1,
769,888,930,-1,
769,921,756,-1,
903,756,921,-1,
799,888,781,-1,
781,888,769,-1,
756,903,724,-1,
868,724,903,-1,
724,868,715,-1,
849,715,868,-1,
715,849,673,-1,
792,673,849,-1,
673,792,660,-1,
733,660,792,-1,
660,733,622,-1,
688,622,733,-1,
622,688,602,-1,
637,602,688,-1,
602,637,570,-1,
593,570,637,-1,
570,593,546,-1,
561,546,593,-1,
546,561,534,-1,
561,525,534,-1,
534,525,506,-1,
525,497,506,-1,
506,497,478,-1,
478,497,465,-1,
497,469,465,-1,
465,469,442,-1,
469,429,442,-1,
442,429,414,-1,
429,401,414,-1,
414,401,386,-1,
374,386,365,-1,
401,365,386,-1,
350,374,337,-1,
365,337,374,-1,
322,350,301,-1,
310,322,265,-1,
337,301,350,-1,
282,310,229,-1,
274,282,181,-1,
301,265,322,-1,
246,274,125,-1,
238,246,105,-1,
265,229,310,-1,
210,238,65,-1,
202,210,45,-1,
190,202,85,-1,
229,181,282,-1,
166,190,85,-1,
181,125,274,-1,
125,105,246,-1,
29,85,202,-1,
105,65,238,-1,
65,45,210,-1,
45,29,202,-1,
13,85,29,-1,
807,823,799,-1,
150,799,823,-1,
166,799,150,-1,
158,166,150,-1,
821,150,823,-1,
148,150,821,-1,
823,824,821,-1,
822,821,824,-1,
807,808,823,-1,
824,823,808,-1,
781,782,799,-1,
782,800,799,-1,
799,800,807,-1,
808,807,800,-1,
769,770,781,-1,
782,781,770,-1,
756,757,769,-1,
770,769,757,-1,
724,725,756,-1,
757,756,725,-1,
715,716,724,-1,
725,724,716,-1,
673,674,715,-1,
716,715,674,-1,
660,661,673,-1,
674,673,661,-1,
660,622,661,-1,
623,661,622,-1,
622,602,623,-1,
603,623,602,-1,
602,570,603,-1,
571,603,570,-1,
570,546,571,-1,
547,571,546,-1,
546,534,547,-1,
535,547,534,-1,
534,506,535,-1,
507,535,506,-1,
506,478,507,-1,
479,507,478,-1,
478,465,479,-1,
466,479,465,-1,
465,442,466,-1,
443,466,442,-1,
442,414,443,-1,
415,443,414,-1,
414,386,415,-1,
387,415,386,-1,
386,374,387,-1,
375,387,374,-1,
374,350,375,-1,
351,375,350,-1,
350,322,351,-1,
323,351,322,-1,
322,310,323,-1,
311,323,310,-1,
310,282,311,-1,
283,311,282,-1,
283,282,275,-1,
274,275,282,-1,
275,274,247,-1,
246,247,274,-1,
247,246,239,-1,
238,239,246,-1,
239,238,211,-1,
210,211,238,-1,
211,210,203,-1,
202,203,210,-1,
203,202,191,-1,
190,191,202,-1,
191,190,167,-1,
190,166,167,-1,
167,166,159,-1,
158,159,166,-1,
159,158,151,-1,
150,151,158,-1,
151,150,149,-1,
148,149,150,-1,
148,821,149,-1,
822,149,821,-1,
697,689,698,-1,
690,698,689,-1,
107,106,67,-1,
66,67,106,-1,
959,960,889,-1,
890,889,960,-1,
15,14,87,-1,
86,87,14,-1,
183,182,127,-1,
126,127,182,-1,
338,302,339,-1,
303,339,302,-1,
526,498,527,-1,
499,527,498,-1,
47,46,31,-1,
30,31,46,-1,
86,167,87,-1,
800,87,167,-1,
87,800,890,-1,
889,890,800,-1,
266,230,267,-1,
231,267,230,-1,
230,182,231,-1,
183,231,182,-1,
31,30,15,-1,
14,15,30,-1,
67,66,47,-1,
46,47,66,-1,
939,940,959,-1,
960,959,940,-1,
302,266,303,-1,
267,303,266,-1,
638,594,639,-1,
595,639,594,-1,
402,366,403,-1,
367,403,366,-1,
366,338,367,-1,
339,367,338,-1,
430,402,431,-1,
403,431,402,-1,
498,470,499,-1,
471,499,470,-1,
470,430,471,-1,
431,471,430,-1,
127,126,107,-1,
106,107,126,-1,
689,638,690,-1,
639,690,638,-1,
562,526,563,-1,
527,563,526,-1,
594,562,595,-1,
563,595,562,-1,
195,124,215,-1,
887,841,957,-1,
315,300,343,-1,
957,841,907,-1,
957,907,929,-1,
902,854,867,-1,
131,12,51,-1,
215,124,180,-1,
611,575,636,-1,
135,104,195,-1,
111,64,104,-1,
315,264,300,-1,
737,703,732,-1,
91,28,44,-1,
51,28,71,-1,
84,12,131,-1,
131,841,84,-1,
887,84,841,-1,
91,64,111,-1,
407,400,428,-1,
215,180,228,-1,
287,251,264,-1,
575,539,560,-1,
737,732,791,-1,
835,774,867,-1,
251,215,228,-1,
907,895,929,-1,
71,28,91,-1,
51,12,28,-1,
91,44,64,-1,
435,407,428,-1,
435,428,467,-1,
496,467,468,-1,
251,228,264,-1,
560,511,524,-1,
111,104,135,-1,
407,364,400,-1,
195,104,124,-1,
467,428,468,-1,
703,649,687,-1,
636,575,592,-1,
511,483,496,-1,
895,872,929,-1,
929,872,920,-1,
343,300,336,-1,
287,264,315,-1,
379,364,407,-1,
867,774,848,-1,
703,687,732,-1,
575,560,592,-1,
920,872,902,-1,
511,496,524,-1,
854,835,867,-1,
483,467,496,-1,
649,611,687,-1,
687,611,636,-1,
539,511,560,-1,
872,854,902,-1,
379,343,364,-1,
343,336,364,-1,
848,737,791,-1,
774,737,848,-1,
872,895,841,-1,
854,872,841,-1,
907,841,895,-1,
854,841,835,-1,
835,841,774,-1,
774,841,737,-1,
737,841,703,-1,
703,841,649,-1,
649,841,611,-1,
611,841,575,-1,
575,841,539,-1,
539,841,511,-1,
511,841,483,-1,
483,841,467,-1,
467,841,435,-1,
407,435,131,-1,
379,407,131,-1,
343,379,131,-1,
315,343,131,-1,
287,315,131,-1,
251,287,131,-1,
215,251,131,-1,
195,215,131,-1,
135,195,131,-1,
841,131,435,-1,
135,131,111,-1,
111,131,91,-1,
91,131,71,-1,
51,71,131,-1,
181,180,125,-1,
124,125,180,-1,
957,958,887,-1,
888,887,958,-1,
13,12,85,-1,
84,85,12,-1,
400,364,401,-1,
365,401,364,-1,
228,180,229,-1,
181,229,180,-1,
29,28,13,-1,
12,13,28,-1,
105,104,65,-1,
64,65,104,-1,
85,84,166,-1,
887,166,84,-1,
166,887,799,-1,
888,799,887,-1,
300,264,301,-1,
265,301,264,-1,
848,849,867,-1,
868,867,849,-1,
468,428,469,-1,
429,469,428,-1,
45,44,29,-1,
28,29,44,-1,
65,64,45,-1,
44,45,64,-1,
336,300,337,-1,
301,337,300,-1,
496,468,497,-1,
469,497,468,-1,
524,496,525,-1,
497,525,496,-1,
791,792,848,-1,
849,848,792,-1,
125,124,105,-1,
104,105,124,-1,
687,636,688,-1,
637,688,636,-1,
428,400,429,-1,
401,429,400,-1,
264,228,265,-1,
229,265,228,-1,
592,560,593,-1,
561,593,560,-1,
560,524,561,-1,
525,561,524,-1,
636,592,637,-1,
593,637,592,-1,
364,336,365,-1,
337,365,336,-1,
732,687,733,-1,
688,733,687,-1,
867,868,902,-1,
903,902,868,-1,
791,732,792,-1,
733,792,732,-1,
902,903,920,-1,
921,920,903,-1,
929,930,957,-1,
958,957,930,-1,
920,921,929,-1,
930,929,921,-1,
5811,5813,5201,-1,
5201,5813,5789,-1,
5797,5789,5813,-1,
5217,5201,5789,-1,
5199,5811,5201,-1,
5209,5201,5217,-1,
5915,5893,5859,-1,
5885,5760,5893,-1,
5760,5859,5893,-1,
5760,5885,5752,-1,
5873,5752,5885,-1,
5788,5859,5772,-1,
5772,5859,5760,-1,
5752,5873,5732,-1,
5841,5732,5873,-1,
5732,5841,5724,-1,
5829,5724,5841,-1,
5724,5829,5688,-1,
5781,5688,5829,-1,
5688,5781,5680,-1,
5741,5680,5781,-1,
5680,5741,5652,-1,
5703,5652,5741,-1,
5652,5703,5640,-1,
5667,5640,5703,-1,
5640,5667,5612,-1,
5631,5612,5667,-1,
5612,5631,5588,-1,
5603,5588,5631,-1,
5588,5603,5576,-1,
5603,5567,5576,-1,
5576,5567,5548,-1,
5567,5539,5548,-1,
5548,5539,5520,-1,
5520,5539,5507,-1,
5539,5511,5507,-1,
5507,5511,5484,-1,
5511,5471,5484,-1,
5484,5471,5456,-1,
5471,5443,5456,-1,
5456,5443,5428,-1,
5416,5428,5407,-1,
5443,5407,5428,-1,
5392,5416,5379,-1,
5407,5379,5416,-1,
5364,5392,5343,-1,
5352,5364,5307,-1,
5379,5343,5392,-1,
5324,5352,5265,-1,
5316,5324,5225,-1,
5343,5307,5364,-1,
5280,5316,5177,-1,
5272,5280,5165,-1,
5307,5265,5352,-1,
5252,5272,5133,-1,
5244,5252,5121,-1,
5232,5244,5151,-1,
5265,5225,5324,-1,
5216,5232,5151,-1,
5225,5177,5316,-1,
5177,5165,5280,-1,
5113,5151,5244,-1,
5165,5133,5272,-1,
5133,5121,5252,-1,
5121,5113,5244,-1,
5095,5151,5113,-1,
5796,5812,5788,-1,
5200,5788,5812,-1,
5216,5788,5200,-1,
5208,5216,5200,-1,
5810,5200,5812,-1,
5198,5200,5810,-1,
5812,5813,5810,-1,
5811,5810,5813,-1,
5796,5797,5812,-1,
5813,5812,5797,-1,
5772,5773,5788,-1,
5773,5789,5788,-1,
5788,5789,5796,-1,
5797,5796,5789,-1,
5760,5761,5772,-1,
5773,5772,5761,-1,
5752,5753,5760,-1,
5761,5760,5753,-1,
5732,5733,5752,-1,
5753,5752,5733,-1,
5724,5725,5732,-1,
5733,5732,5725,-1,
5688,5689,5724,-1,
5725,5724,5689,-1,
5680,5681,5688,-1,
5689,5688,5681,-1,
5680,5652,5681,-1,
5653,5681,5652,-1,
5652,5640,5653,-1,
5641,5653,5640,-1,
5640,5612,5641,-1,
5613,5641,5612,-1,
5612,5588,5613,-1,
5589,5613,5588,-1,
5588,5576,5589,-1,
5577,5589,5576,-1,
5576,5548,5577,-1,
5549,5577,5548,-1,
5548,5520,5549,-1,
5521,5549,5520,-1,
5520,5507,5521,-1,
5508,5521,5507,-1,
5507,5484,5508,-1,
5485,5508,5484,-1,
5484,5456,5485,-1,
5457,5485,5456,-1,
5456,5428,5457,-1,
5429,5457,5428,-1,
5428,5416,5429,-1,
5417,5429,5416,-1,
5416,5392,5417,-1,
5393,5417,5392,-1,
5392,5364,5393,-1,
5365,5393,5364,-1,
5364,5352,5365,-1,
5353,5365,5352,-1,
5352,5324,5353,-1,
5325,5353,5324,-1,
5325,5324,5317,-1,
5316,5317,5324,-1,
5317,5316,5281,-1,
5280,5281,5316,-1,
5281,5280,5273,-1,
5272,5273,5280,-1,
5273,5272,5253,-1,
5252,5253,5272,-1,
5253,5252,5245,-1,
5244,5245,5252,-1,
5245,5244,5233,-1,
5232,5233,5244,-1,
5233,5232,5217,-1,
5232,5216,5217,-1,
5217,5216,5209,-1,
5208,5209,5216,-1,
5209,5208,5201,-1,
5200,5201,5208,-1,
5201,5200,5199,-1,
5198,5199,5200,-1,
5198,5810,5199,-1,
5811,5199,5810,-1,
5712,5704,5713,-1,
5705,5713,5704,-1,
5916,5917,5860,-1,
5861,5860,5917,-1,
5097,5096,5153,-1,
5152,5153,5096,-1,
5380,5344,5381,-1,
5345,5381,5344,-1,
5568,5540,5569,-1,
5541,5569,5540,-1,
5152,5217,5153,-1,
5789,5153,5217,-1,
5153,5789,5861,-1,
5860,5861,5789,-1,
5308,5292,5309,-1,
5293,5309,5292,-1,
5105,5104,5097,-1,
5096,5097,5104,-1,
5900,5901,5916,-1,
5917,5916,5901,-1,
5344,5308,5345,-1,
5309,5345,5308,-1,
5668,5632,5669,-1,
5633,5669,5632,-1,
5444,5408,5445,-1,
5409,5445,5408,-1,
5408,5380,5409,-1,
5381,5409,5380,-1,
5472,5444,5473,-1,
5445,5473,5444,-1,
5540,5512,5541,-1,
5513,5541,5512,-1,
5512,5472,5513,-1,
5473,5513,5472,-1,
5704,5668,5705,-1,
5669,5705,5668,-1,
5604,5568,5605,-1,
5569,5605,5568,-1,
5632,5604,5633,-1,
5605,5633,5604,-1,
5237,5176,5257,-1,
5858,5821,5914,-1,
5357,5342,5385,-1,
5914,5821,5877,-1,
5914,5877,5892,-1,
5872,5833,5840,-1,
5181,5094,5125,-1,
5257,5176,5224,-1,
5645,5617,5666,-1,
5185,5164,5237,-1,
5169,5132,5164,-1,
5357,5306,5342,-1,
5745,5717,5740,-1,
5157,5112,5120,-1,
5125,5112,5137,-1,
5150,5094,5181,-1,
5181,5821,5150,-1,
5858,5150,5821,-1,
5157,5132,5169,-1,
5449,5442,5470,-1,
5257,5224,5264,-1,
5329,5285,5306,-1,
5617,5581,5602,-1,
5745,5740,5780,-1,
5817,5765,5840,-1,
5285,5257,5264,-1,
5877,5865,5892,-1,
5137,5112,5157,-1,
5125,5094,5112,-1,
5157,5120,5132,-1,
5477,5449,5470,-1,
5477,5470,5509,-1,
5538,5509,5510,-1,
5285,5264,5306,-1,
5602,5553,5566,-1,
5169,5164,5185,-1,
5449,5406,5442,-1,
5237,5164,5176,-1,
5509,5470,5510,-1,
5717,5673,5702,-1,
5666,5617,5630,-1,
5553,5525,5538,-1,
5865,5845,5892,-1,
5892,5845,5884,-1,
5385,5342,5378,-1,
5329,5306,5357,-1,
5421,5406,5449,-1,
5840,5765,5828,-1,
5717,5702,5740,-1,
5617,5602,5630,-1,
5884,5845,5872,-1,
5553,5538,5566,-1,
5833,5817,5840,-1,
5525,5509,5538,-1,
5673,5645,5702,-1,
5702,5645,5666,-1,
5581,5553,5602,-1,
5845,5833,5872,-1,
5421,5385,5406,-1,
5385,5378,5406,-1,
5828,5745,5780,-1,
5765,5745,5828,-1,
5845,5865,5821,-1,
5833,5845,5821,-1,
5877,5821,5865,-1,
5833,5821,5817,-1,
5817,5821,5765,-1,
5765,5821,5745,-1,
5745,5821,5717,-1,
5717,5821,5673,-1,
5673,5821,5645,-1,
5645,5821,5617,-1,
5617,5821,5581,-1,
5581,5821,5553,-1,
5553,5821,5525,-1,
5525,5821,5509,-1,
5509,5821,5477,-1,
5449,5477,5181,-1,
5421,5449,5181,-1,
5385,5421,5181,-1,
5357,5385,5181,-1,
5329,5357,5181,-1,
5285,5329,5181,-1,
5257,5285,5181,-1,
5237,5257,5181,-1,
5185,5237,5181,-1,
5821,5181,5477,-1,
5185,5181,5169,-1,
5169,5181,5157,-1,
5157,5181,5137,-1,
5125,5137,5181,-1,
5225,5224,5177,-1,
5176,5177,5224,-1,
5914,5915,5858,-1,
5859,5858,5915,-1,
5095,5094,5151,-1,
5150,5151,5094,-1,
5442,5406,5443,-1,
5407,5443,5406,-1,
5264,5224,5265,-1,
5225,5265,5224,-1,
5113,5112,5095,-1,
5094,5095,5112,-1,
5165,5164,5133,-1,
5132,5133,5164,-1,
5151,5150,5216,-1,
5858,5216,5150,-1,
5216,5858,5788,-1,
5859,5788,5858,-1,
5342,5306,5343,-1,
5307,5343,5306,-1,
5828,5829,5840,-1,
5841,5840,5829,-1,
5510,5470,5511,-1,
5471,5511,5470,-1,
5121,5120,5113,-1,
5112,5113,5120,-1,
5133,5132,5121,-1,
5120,5121,5132,-1,
5378,5342,5379,-1,
5343,5379,5342,-1,
5538,5510,5539,-1,
5511,5539,5510,-1,
5566,5538,5567,-1,
5539,5567,5538,-1,
5780,5781,5828,-1,
5829,5828,5781,-1,
5177,5176,5165,-1,
5164,5165,5176,-1,
5702,5666,5703,-1,
5667,5703,5666,-1,
5470,5442,5471,-1,
5443,5471,5442,-1,
5306,5264,5307,-1,
5265,5307,5264,-1,
5630,5602,5631,-1,
5603,5631,5602,-1,
5602,5566,5603,-1,
5567,5603,5566,-1,
5666,5630,5667,-1,
5631,5667,5630,-1,
5406,5378,5407,-1,
5379,5407,5378,-1,
5740,5702,5741,-1,
5703,5741,5702,-1,
5840,5841,5872,-1,
5873,5872,5841,-1,
5780,5740,5781,-1,
5741,5781,5740,-1,
5872,5873,5884,-1,
5885,5884,5873,-1,
5892,5893,5914,-1,
5915,5914,5893,-1,
5884,5885,5892,-1,
5893,5892,5885,-1,
3372,3374,2609,-1,
2609,3374,3348,-1,
3358,3348,3374,-1,
2633,2609,3348,-1,
2607,3372,2609,-1,
2623,2609,2633,-1,
3502,3478,3432,-1,
3468,3312,3478,-1,
3312,3432,3478,-1,
3312,3468,3302,-1,
3453,3302,3468,-1,
3347,3432,3327,-1,
3327,3432,3312,-1,
3302,3453,3277,-1,
3413,3277,3453,-1,
3277,3413,3267,-1,
3398,3267,3413,-1,
3267,3398,3222,-1,
3338,3222,3398,-1,
3222,3338,3212,-1,
3288,3212,3338,-1,
3212,3288,3177,-1,
3237,3177,3288,-1,
3177,3237,3162,-1,
3192,3162,3237,-1,
3162,3192,3127,-1,
3147,3127,3192,-1,
3127,3147,3097,-1,
3112,3097,3147,-1,
3097,3112,3082,-1,
3112,3067,3082,-1,
3082,3067,3047,-1,
3067,3032,3047,-1,
3047,3032,3012,-1,
3012,3032,2987,-1,
3032,2991,2987,-1,
2987,2991,2967,-1,
2991,2947,2967,-1,
2967,2947,2932,-1,
2947,2912,2932,-1,
2932,2912,2897,-1,
2882,2897,2867,-1,
2912,2867,2897,-1,
2852,2882,2832,-1,
2867,2832,2882,-1,
2817,2852,2787,-1,
2802,2817,2742,-1,
2832,2787,2852,-1,
2767,2802,2693,-1,
2757,2767,2643,-1,
2787,2742,2817,-1,
2712,2757,2583,-1,
2702,2712,2568,-1,
2742,2693,2802,-1,
2677,2702,2528,-1,
2667,2677,2513,-1,
2652,2667,2547,-1,
2693,2643,2767,-1,
2632,2652,2547,-1,
2643,2583,2757,-1,
2583,2568,2712,-1,
2503,2547,2667,-1,
2568,2528,2702,-1,
2528,2513,2677,-1,
2513,2503,2667,-1,
2477,2547,2503,-1,
3357,3373,3347,-1,
2608,3347,3373,-1,
2632,3347,2608,-1,
2622,2632,2608,-1,
3371,2608,3373,-1,
2606,2608,3371,-1,
3373,3374,3371,-1,
3372,3371,3374,-1,
3357,3358,3373,-1,
3374,3373,3358,-1,
3327,3328,3347,-1,
3328,3348,3347,-1,
3347,3348,3357,-1,
3358,3357,3348,-1,
3312,3313,3327,-1,
3328,3327,3313,-1,
3302,3303,3312,-1,
3313,3312,3303,-1,
3277,3278,3302,-1,
3303,3302,3278,-1,
3267,3268,3277,-1,
3278,3277,3268,-1,
3222,3223,3267,-1,
3268,3267,3223,-1,
3212,3213,3222,-1,
3223,3222,3213,-1,
3212,3177,3213,-1,
3178,3213,3177,-1,
3177,3162,3178,-1,
3163,3178,3162,-1,
3162,3127,3163,-1,
3128,3163,3127,-1,
3127,3097,3128,-1,
3098,3128,3097,-1,
3097,3082,3098,-1,
3083,3098,3082,-1,
3082,3047,3083,-1,
3048,3083,3047,-1,
3047,3012,3048,-1,
3013,3048,3012,-1,
3012,2987,3013,-1,
2988,3013,2987,-1,
2987,2967,2988,-1,
2968,2988,2967,-1,
2967,2932,2968,-1,
2933,2968,2932,-1,
2932,2897,2933,-1,
2898,2933,2897,-1,
2897,2882,2898,-1,
2883,2898,2882,-1,
2882,2852,2883,-1,
2853,2883,2852,-1,
2852,2817,2853,-1,
2818,2853,2817,-1,
2817,2802,2818,-1,
2803,2818,2802,-1,
2802,2767,2803,-1,
2768,2803,2767,-1,
2768,2767,2758,-1,
2757,2758,2767,-1,
2758,2757,2713,-1,
2712,2713,2757,-1,
2713,2712,2703,-1,
2702,2703,2712,-1,
2703,2702,2678,-1,
2677,2678,2702,-1,
2678,2677,2668,-1,
2667,2668,2677,-1,
2668,2667,2653,-1,
2652,2653,2667,-1,
2653,2652,2633,-1,
2652,2632,2633,-1,
2633,2632,2623,-1,
2622,2623,2632,-1,
2623,2622,2609,-1,
2608,2609,2622,-1,
2609,2608,2607,-1,
2606,2607,2608,-1,
2606,3371,2607,-1,
3372,2607,3371,-1,
3252,3238,3253,-1,
3239,3253,3238,-1,
3503,3504,3433,-1,
3434,3433,3504,-1,
2479,2478,2549,-1,
2548,2549,2478,-1,
2833,2788,2834,-1,
2789,2834,2788,-1,
3068,3033,3069,-1,
3034,3069,3033,-1,
2548,2633,2549,-1,
3348,2549,2633,-1,
2549,3348,3434,-1,
3433,3434,3348,-1,
2743,2725,2744,-1,
2726,2744,2725,-1,
2493,2492,2479,-1,
2478,2479,2492,-1,
3487,3488,3503,-1,
3504,3503,3488,-1,
2788,2743,2789,-1,
2744,2789,2743,-1,
3193,3148,3194,-1,
3149,3194,3148,-1,
2913,2868,2914,-1,
2869,2914,2868,-1,
2868,2833,2869,-1,
2834,2869,2833,-1,
2948,2913,2949,-1,
2914,2949,2913,-1,
3033,2992,3034,-1,
2993,3034,2992,-1,
2992,2948,2993,-1,
2949,2993,2948,-1,
3238,3193,3239,-1,
3194,3239,3193,-1,
3113,3068,3114,-1,
3069,3114,3068,-1,
3148,3113,3149,-1,
3114,3149,3113,-1,
2660,2582,2685,-1,
3431,3390,3501,-1,
2810,2786,2845,-1,
3501,3390,3460,-1,
3501,3460,3477,-1,
3452,3405,3412,-1,
2590,2476,2520,-1,
2685,2582,2642,-1,
3170,3135,3191,-1,
2595,2567,2660,-1,
2575,2527,2567,-1,
2810,2741,2786,-1,
3295,3260,3287,-1,
2560,2502,2512,-1,
2520,2502,2535,-1,
2546,2476,2590,-1,
2590,3390,2546,-1,
3431,2546,3390,-1,
2560,2527,2575,-1,
2925,2911,2946,-1,
2685,2642,2692,-1,
2775,2720,2741,-1,
3135,3090,3111,-1,
3295,3287,3337,-1,
3385,3320,3412,-1,
2720,2685,2692,-1,
3460,3445,3477,-1,
2535,2502,2560,-1,
2520,2476,2502,-1,
2560,2512,2527,-1,
2960,2925,2946,-1,
2960,2946,2989,-1,
3031,2989,2990,-1,
2720,2692,2741,-1,
3111,3055,3066,-1,
2575,2567,2595,-1,
2925,2866,2911,-1,
2660,2567,2582,-1,
2989,2946,2990,-1,
3260,3205,3236,-1,
3191,3135,3146,-1,
3055,3020,3031,-1,
3445,3420,3477,-1,
3477,3420,3467,-1,
2845,2786,2831,-1,
2775,2741,2810,-1,
2890,2866,2925,-1,
3412,3320,3397,-1,
3260,3236,3287,-1,
3135,3111,3146,-1,
3467,3420,3452,-1,
3055,3031,3066,-1,
3405,3385,3412,-1,
3020,2989,3031,-1,
3205,3170,3236,-1,
3236,3170,3191,-1,
3090,3055,3111,-1,
3420,3405,3452,-1,
2890,2845,2866,-1,
2845,2831,2866,-1,
3397,3295,3337,-1,
3320,3295,3397,-1,
3420,3445,3390,-1,
3405,3420,3390,-1,
3460,3390,3445,-1,
3405,3390,3385,-1,
3385,3390,3320,-1,
3320,3390,3295,-1,
3295,3390,3260,-1,
3260,3390,3205,-1,
3205,3390,3170,-1,
3170,3390,3135,-1,
3135,3390,3090,-1,
3090,3390,3055,-1,
3055,3390,3020,-1,
3020,3390,2989,-1,
2989,3390,2960,-1,
2925,2960,2590,-1,
2890,2925,2590,-1,
2845,2890,2590,-1,
2810,2845,2590,-1,
2775,2810,2590,-1,
2720,2775,2590,-1,
2685,2720,2590,-1,
2660,2685,2590,-1,
2595,2660,2590,-1,
3390,2590,2960,-1,
2595,2590,2575,-1,
2575,2590,2560,-1,
2560,2590,2535,-1,
2520,2535,2590,-1,
2643,2642,2583,-1,
2582,2583,2642,-1,
3501,3502,3431,-1,
3432,3431,3502,-1,
2477,2476,2547,-1,
2546,2547,2476,-1,
2911,2866,2912,-1,
2867,2912,2866,-1,
2692,2642,2693,-1,
2643,2693,2642,-1,
2503,2502,2477,-1,
2476,2477,2502,-1,
2568,2567,2528,-1,
2527,2528,2567,-1,
2547,2546,2632,-1,
3431,2632,2546,-1,
2632,3431,3347,-1,
3432,3347,3431,-1,
2786,2741,2787,-1,
2742,2787,2741,-1,
3397,3398,3412,-1,
3413,3412,3398,-1,
2990,2946,2991,-1,
2947,2991,2946,-1,
2513,2512,2503,-1,
2502,2503,2512,-1,
2528,2527,2513,-1,
2512,2513,2527,-1,
2831,2786,2832,-1,
2787,2832,2786,-1,
3031,2990,3032,-1,
2991,3032,2990,-1,
3066,3031,3067,-1,
3032,3067,3031,-1,
3337,3338,3397,-1,
3398,3397,3338,-1,
2583,2582,2568,-1,
2567,2568,2582,-1,
3236,3191,3237,-1,
3192,3237,3191,-1,
2946,2911,2947,-1,
2912,2947,2911,-1,
2741,2692,2742,-1,
2693,2742,2692,-1,
3146,3111,3147,-1,
3112,3147,3111,-1,
3111,3066,3112,-1,
3067,3112,3066,-1,
3191,3146,3192,-1,
3147,3192,3146,-1,
2866,2831,2867,-1,
2832,2867,2831,-1,
3287,3236,3288,-1,
3237,3288,3236,-1,
3412,3413,3452,-1,
3453,3452,3413,-1,
3337,3287,3338,-1,
3288,3338,3287,-1,
3452,3453,3467,-1,
3468,3467,3453,-1,
3477,3478,3501,-1,
3502,3501,3478,-1,
3467,3468,3477,-1,
3478,3477,3468,-1,
2027,2029,1264,-1,
1264,2029,2005,-1,
2015,2005,2029,-1,
1290,1264,2005,-1,
1262,2027,1264,-1,
1280,1264,1290,-1,
2157,2135,2087,-1,
2125,1969,2135,-1,
1969,2087,2135,-1,
1969,2125,1959,-1,
2110,1959,2125,-1,
2004,2087,1984,-1,
1984,2087,1969,-1,
1959,2110,1934,-1,
2070,1934,2110,-1,
1934,2070,1924,-1,
2055,1924,2070,-1,
1924,2055,1879,-1,
1995,1879,2055,-1,
1879,1995,1869,-1,
1945,1869,1995,-1,
1869,1945,1834,-1,
1892,1834,1945,-1,
1834,1892,1819,-1,
1847,1819,1892,-1,
1819,1847,1784,-1,
1802,1784,1847,-1,
1784,1802,1754,-1,
1767,1754,1802,-1,
1754,1767,1739,-1,
1767,1722,1739,-1,
1739,1722,1704,-1,
1722,1687,1704,-1,
1704,1687,1669,-1,
1669,1687,1639,-1,
1687,1643,1639,-1,
1639,1643,1624,-1,
1643,1602,1624,-1,
1624,1602,1589,-1,
1602,1567,1589,-1,
1589,1567,1554,-1,
1539,1554,1522,-1,
1567,1522,1554,-1,
1509,1539,1487,-1,
1522,1487,1539,-1,
1474,1509,1442,-1,
1459,1474,1397,-1,
1487,1442,1509,-1,
1424,1459,1350,-1,
1414,1424,1300,-1,
1442,1397,1474,-1,
1369,1414,1240,-1,
1359,1369,1225,-1,
1397,1350,1459,-1,
1334,1359,1185,-1,
1324,1334,1170,-1,
1309,1324,1202,-1,
1350,1300,1424,-1,
1289,1309,1202,-1,
1300,1240,1414,-1,
1240,1225,1369,-1,
1160,1202,1324,-1,
1225,1185,1359,-1,
1185,1170,1334,-1,
1170,1160,1324,-1,
1132,1202,1160,-1,
2014,2028,2004,-1,
1263,2004,2028,-1,
1289,2004,1263,-1,
1279,1289,1263,-1,
2026,1263,2028,-1,
1261,1263,2026,-1,
2028,2029,2026,-1,
2027,2026,2029,-1,
2014,2015,2028,-1,
2029,2028,2015,-1,
1984,1985,2004,-1,
1985,2005,2004,-1,
2004,2005,2014,-1,
2015,2014,2005,-1,
1969,1970,1984,-1,
1985,1984,1970,-1,
1959,1960,1969,-1,
1970,1969,1960,-1,
1934,1935,1959,-1,
1960,1959,1935,-1,
1924,1925,1934,-1,
1935,1934,1925,-1,
1879,1880,1924,-1,
1925,1924,1880,-1,
1869,1870,1879,-1,
1880,1879,1870,-1,
1869,1834,1870,-1,
1835,1870,1834,-1,
1834,1819,1835,-1,
1820,1835,1819,-1,
1819,1784,1820,-1,
1785,1820,1784,-1,
1784,1754,1785,-1,
1755,1785,1754,-1,
1754,1739,1755,-1,
1740,1755,1739,-1,
1739,1704,1740,-1,
1705,1740,1704,-1,
1704,1669,1705,-1,
1670,1705,1669,-1,
1669,1639,1670,-1,
1640,1670,1639,-1,
1639,1624,1640,-1,
1625,1640,1624,-1,
1624,1589,1625,-1,
1590,1625,1589,-1,
1589,1554,1590,-1,
1555,1590,1554,-1,
1554,1539,1555,-1,
1540,1555,1539,-1,
1539,1509,1540,-1,
1510,1540,1509,-1,
1509,1474,1510,-1,
1475,1510,1474,-1,
1474,1459,1475,-1,
1460,1475,1459,-1,
1459,1424,1460,-1,
1425,1460,1424,-1,
1425,1424,1415,-1,
1414,1415,1424,-1,
1415,1414,1370,-1,
1369,1370,1414,-1,
1370,1369,1360,-1,
1359,1360,1369,-1,
1360,1359,1335,-1,
1334,1335,1359,-1,
1335,1334,1325,-1,
1324,1325,1334,-1,
1325,1324,1310,-1,
1309,1310,1324,-1,
1310,1309,1290,-1,
1309,1289,1290,-1,
1290,1289,1280,-1,
1279,1280,1289,-1,
1280,1279,1264,-1,
1263,1264,1279,-1,
1264,1263,1262,-1,
1261,1262,1263,-1,
1261,2026,1262,-1,
2027,1262,2026,-1,
1909,1893,1910,-1,
1894,1910,1893,-1,
2158,2159,2088,-1,
2089,2088,2159,-1,
1134,1133,1204,-1,
1203,1204,1133,-1,
1488,1443,1489,-1,
1444,1489,1443,-1,
1723,1688,1724,-1,
1689,1724,1688,-1,
1203,1290,1204,-1,
2005,1204,1290,-1,
1204,2005,2089,-1,
2088,2089,2005,-1,
1398,1384,1399,-1,
1385,1399,1384,-1,
1150,1149,1134,-1,
1133,1134,1149,-1,
2144,2145,2158,-1,
2159,2158,2145,-1,
1443,1398,1444,-1,
1399,1444,1398,-1,
1848,1803,1849,-1,
1804,1849,1803,-1,
1568,1523,1569,-1,
1524,1569,1523,-1,
1523,1488,1524,-1,
1489,1524,1488,-1,
1603,1568,1604,-1,
1569,1604,1568,-1,
1688,1644,1689,-1,
1645,1689,1644,-1,
1644,1603,1645,-1,
1604,1645,1603,-1,
1893,1848,1894,-1,
1849,1894,1848,-1,
1768,1723,1769,-1,
1724,1769,1723,-1,
1803,1768,1804,-1,
1769,1804,1768,-1,
1318,1239,1343,-1,
2086,2048,2156,-1,
1468,1441,1503,-1,
2156,2048,2118,-1,
2156,2118,2134,-1,
2109,2063,2069,-1,
1248,1131,1178,-1,
1343,1239,1299,-1,
1828,1793,1846,-1,
1253,1224,1318,-1,
1233,1184,1224,-1,
1468,1396,1441,-1,
1953,1918,1944,-1,
1218,1159,1169,-1,
1178,1159,1193,-1,
1201,1131,1248,-1,
1248,2048,1201,-1,
2086,1201,2048,-1,
1218,1184,1233,-1,
1583,1566,1601,-1,
1343,1299,1349,-1,
1433,1378,1396,-1,
1793,1748,1766,-1,
1953,1944,1994,-1,
2043,1978,2069,-1,
1378,1343,1349,-1,
2118,2103,2134,-1,
1193,1159,1218,-1,
1178,1131,1159,-1,
1218,1169,1184,-1,
1618,1583,1601,-1,
1618,1601,1641,-1,
1686,1641,1642,-1,
1378,1349,1396,-1,
1766,1713,1721,-1,
1233,1224,1253,-1,
1583,1521,1566,-1,
1318,1224,1239,-1,
1641,1601,1642,-1,
1918,1863,1891,-1,
1846,1793,1801,-1,
1713,1678,1686,-1,
2103,2078,2134,-1,
2134,2078,2124,-1,
1503,1441,1486,-1,
1433,1396,1468,-1,
1548,1521,1583,-1,
2069,1978,2054,-1,
1918,1891,1944,-1,
1793,1766,1801,-1,
2124,2078,2109,-1,
1713,1686,1721,-1,
2063,2043,2069,-1,
1678,1641,1686,-1,
1863,1828,1891,-1,
1891,1828,1846,-1,
1748,1713,1766,-1,
2078,2063,2109,-1,
1548,1503,1521,-1,
1503,1486,1521,-1,
2054,1953,1994,-1,
1978,1953,2054,-1,
2078,2103,2048,-1,
2063,2078,2048,-1,
2118,2048,2103,-1,
2063,2048,2043,-1,
2043,2048,1978,-1,
1978,2048,1953,-1,
1953,2048,1918,-1,
1918,2048,1863,-1,
1863,2048,1828,-1,
1828,2048,1793,-1,
1793,2048,1748,-1,
1748,2048,1713,-1,
1713,2048,1678,-1,
1678,2048,1641,-1,
1641,2048,1618,-1,
1583,1618,1248,-1,
1548,1583,1248,-1,
1503,1548,1248,-1,
1468,1503,1248,-1,
1433,1468,1248,-1,
1378,1433,1248,-1,
1343,1378,1248,-1,
1318,1343,1248,-1,
1253,1318,1248,-1,
2048,1248,1618,-1,
1253,1248,1233,-1,
1233,1248,1218,-1,
1218,1248,1193,-1,
1178,1193,1248,-1,
1300,1299,1240,-1,
1239,1240,1299,-1,
2156,2157,2086,-1,
2087,2086,2157,-1,
1132,1131,1202,-1,
1201,1202,1131,-1,
1566,1521,1567,-1,
1522,1567,1521,-1,
1349,1299,1350,-1,
1300,1350,1299,-1,
1160,1159,1132,-1,
1131,1132,1159,-1,
1225,1224,1185,-1,
1184,1185,1224,-1,
1202,1201,1289,-1,
2086,1289,1201,-1,
1289,2086,2004,-1,
2087,2004,2086,-1,
1441,1396,1442,-1,
1397,1442,1396,-1,
2054,2055,2069,-1,
2070,2069,2055,-1,
1642,1601,1643,-1,
1602,1643,1601,-1,
1170,1169,1160,-1,
1159,1160,1169,-1,
1185,1184,1170,-1,
1169,1170,1184,-1,
1486,1441,1487,-1,
1442,1487,1441,-1,
1686,1642,1687,-1,
1643,1687,1642,-1,
1721,1686,1722,-1,
1687,1722,1686,-1,
1994,1995,2054,-1,
2055,2054,1995,-1,
1240,1239,1225,-1,
1224,1225,1239,-1,
1891,1846,1892,-1,
1847,1892,1846,-1,
1601,1566,1602,-1,
1567,1602,1566,-1,
1396,1349,1397,-1,
1350,1397,1349,-1,
1801,1766,1802,-1,
1767,1802,1766,-1,
1766,1721,1767,-1,
1722,1767,1721,-1,
1846,1801,1847,-1,
1802,1847,1801,-1,
1521,1486,1522,-1,
1487,1522,1486,-1,
1944,1891,1945,-1,
1892,1945,1891,-1,
2069,2070,2109,-1,
2110,2109,2070,-1,
1994,1944,1995,-1,
1945,1995,1944,-1,
2109,2110,2124,-1,
2125,2124,2110,-1,
2134,2135,2156,-1,
2157,2156,2135,-1,
2124,2125,2134,-1,
2135,2134,2125,-1,
814,816,143,-1,
143,816,796,-1,
804,796,816,-1,
163,143,796,-1,
141,814,143,-1,
155,143,163,-1,
950,926,880,-1,
917,765,926,-1,
765,880,926,-1,
765,917,752,-1,
899,752,917,-1,
795,880,777,-1,
777,880,765,-1,
752,899,720,-1,
864,720,899,-1,
720,864,711,-1,
845,711,864,-1,
711,845,669,-1,
788,669,845,-1,
669,788,656,-1,
729,656,788,-1,
656,729,618,-1,
680,618,729,-1,
618,680,598,-1,
629,598,680,-1,
598,629,566,-1,
585,566,629,-1,
566,585,542,-1,
553,542,585,-1,
542,553,530,-1,
553,517,530,-1,
530,517,502,-1,
517,489,502,-1,
502,489,474,-1,
474,489,451,-1,
489,455,451,-1,
451,455,438,-1,
455,421,438,-1,
438,421,410,-1,
421,393,410,-1,
410,393,382,-1,
370,382,357,-1,
393,357,382,-1,
346,370,329,-1,
357,329,370,-1,
318,346,293,-1,
306,318,257,-1,
329,293,346,-1,
278,306,221,-1,
270,278,173,-1,
293,257,318,-1,
242,270,117,-1,
234,242,97,-1,
257,221,306,-1,
206,234,57,-1,
198,206,37,-1,
186,198,77,-1,
221,173,278,-1,
162,186,77,-1,
173,117,270,-1,
117,97,242,-1,
21,77,198,-1,
97,57,234,-1,
57,37,206,-1,
37,21,198,-1,
5,77,21,-1,
803,815,795,-1,
142,795,815,-1,
162,795,142,-1,
154,162,142,-1,
813,142,815,-1,
140,142,813,-1,
815,816,813,-1,
814,813,816,-1,
803,804,815,-1,
816,815,804,-1,
777,778,795,-1,
778,796,795,-1,
795,796,803,-1,
804,803,796,-1,
765,766,777,-1,
778,777,766,-1,
752,753,765,-1,
766,765,753,-1,
720,721,752,-1,
753,752,721,-1,
711,712,720,-1,
721,720,712,-1,
669,670,711,-1,
712,711,670,-1,
656,657,669,-1,
670,669,657,-1,
656,618,657,-1,
619,657,618,-1,
618,598,619,-1,
599,619,598,-1,
598,566,599,-1,
567,599,566,-1,
566,542,567,-1,
543,567,542,-1,
542,530,543,-1,
531,543,530,-1,
530,502,531,-1,
503,531,502,-1,
502,474,503,-1,
475,503,474,-1,
474,451,475,-1,
452,475,451,-1,
451,438,452,-1,
439,452,438,-1,
438,410,439,-1,
411,439,410,-1,
410,382,411,-1,
383,411,382,-1,
382,370,383,-1,
371,383,370,-1,
370,346,371,-1,
347,371,346,-1,
346,318,347,-1,
319,347,318,-1,
318,306,319,-1,
307,319,306,-1,
306,278,307,-1,
279,307,278,-1,
279,278,271,-1,
270,271,278,-1,
271,270,243,-1,
242,243,270,-1,
243,242,235,-1,
234,235,242,-1,
235,234,207,-1,
206,207,234,-1,
207,206,199,-1,
198,199,206,-1,
199,198,187,-1,
186,187,198,-1,
187,186,163,-1,
186,162,163,-1,
163,162,155,-1,
154,155,162,-1,
155,154,143,-1,
142,143,154,-1,
143,142,141,-1,
140,141,142,-1,
140,813,141,-1,
814,141,813,-1,
693,681,694,-1,
682,694,681,-1,
99,98,59,-1,
58,59,98,-1,
951,952,881,-1,
882,881,952,-1,
7,6,79,-1,
78,79,6,-1,
175,174,119,-1,
118,119,174,-1,
330,294,331,-1,
295,331,294,-1,
518,490,519,-1,
491,519,490,-1,
39,38,23,-1,
22,23,38,-1,
78,163,79,-1,
796,79,163,-1,
79,796,882,-1,
881,882,796,-1,
258,222,259,-1,
223,259,222,-1,
222,174,223,-1,
175,223,174,-1,
23,22,7,-1,
6,7,22,-1,
59,58,39,-1,
38,39,58,-1,
935,936,951,-1,
952,951,936,-1,
294,258,295,-1,
259,295,258,-1,
630,586,631,-1,
587,631,586,-1,
394,358,395,-1,
359,395,358,-1,
358,330,359,-1,
331,359,330,-1,
422,394,423,-1,
395,423,394,-1,
490,456,491,-1,
457,491,456,-1,
456,422,457,-1,
423,457,422,-1,
119,118,99,-1,
98,99,118,-1,
681,630,682,-1,
631,682,630,-1,
554,518,555,-1,
519,555,518,-1,
586,554,587,-1,
555,587,554,-1,
193,116,213,-1,
879,839,949,-1,
313,292,341,-1,
949,839,905,-1,
949,905,925,-1,
898,852,863,-1,
129,4,49,-1,
213,116,172,-1,
609,573,628,-1,
133,96,193,-1,
109,56,96,-1,
313,256,292,-1,
735,701,728,-1,
89,20,36,-1,
49,20,69,-1,
76,4,129,-1,
129,839,76,-1,
879,76,839,-1,
89,56,109,-1,
405,392,420,-1,
213,172,220,-1,
285,249,256,-1,
573,537,552,-1,
735,728,787,-1,
833,772,863,-1,
249,213,220,-1,
905,893,925,-1,
69,20,89,-1,
49,4,20,-1,
89,36,56,-1,
433,405,420,-1,
433,420,453,-1,
488,453,454,-1,
249,220,256,-1,
552,509,516,-1,
109,96,133,-1,
405,356,392,-1,
193,96,116,-1,
453,420,454,-1,
701,647,679,-1,
628,573,584,-1,
509,481,488,-1,
893,870,925,-1,
925,870,916,-1,
341,292,328,-1,
285,256,313,-1,
377,356,405,-1,
863,772,844,-1,
701,679,728,-1,
573,552,584,-1,
916,870,898,-1,
509,488,516,-1,
852,833,863,-1,
481,453,488,-1,
647,609,679,-1,
679,609,628,-1,
537,509,552,-1,
870,852,898,-1,
377,341,356,-1,
341,328,356,-1,
844,735,787,-1,
772,735,844,-1,
870,893,839,-1,
852,870,839,-1,
905,839,893,-1,
852,839,833,-1,
833,839,772,-1,
772,839,735,-1,
735,839,701,-1,
701,839,647,-1,
647,839,609,-1,
609,839,573,-1,
573,839,537,-1,
537,839,509,-1,
509,839,481,-1,
481,839,453,-1,
453,839,433,-1,
405,433,129,-1,
377,405,129,-1,
341,377,129,-1,
313,341,129,-1,
285,313,129,-1,
249,285,129,-1,
213,249,129,-1,
193,213,129,-1,
133,193,129,-1,
839,129,433,-1,
133,129,109,-1,
109,129,89,-1,
89,129,69,-1,
49,69,129,-1,
173,172,117,-1,
116,117,172,-1,
949,950,879,-1,
880,879,950,-1,
5,4,77,-1,
76,77,4,-1,
392,356,393,-1,
357,393,356,-1,
220,172,221,-1,
173,221,172,-1,
21,20,5,-1,
4,5,20,-1,
97,96,57,-1,
56,57,96,-1,
77,76,162,-1,
879,162,76,-1,
162,879,795,-1,
880,795,879,-1,
292,256,293,-1,
257,293,256,-1,
844,845,863,-1,
864,863,845,-1,
454,420,455,-1,
421,455,420,-1,
37,36,21,-1,
20,21,36,-1,
57,56,37,-1,
36,37,56,-1,
328,292,329,-1,
293,329,292,-1,
488,454,489,-1,
455,489,454,-1,
516,488,517,-1,
489,517,488,-1,
787,788,844,-1,
845,844,788,-1,
117,116,97,-1,
96,97,116,-1,
679,628,680,-1,
629,680,628,-1,
420,392,421,-1,
393,421,392,-1,
256,220,257,-1,
221,257,220,-1,
584,552,585,-1,
553,585,552,-1,
552,516,553,-1,
517,553,516,-1,
628,584,629,-1,
585,629,584,-1,
356,328,357,-1,
329,357,328,-1,
728,679,729,-1,
680,729,679,-1,
863,864,898,-1,
899,898,864,-1,
787,728,788,-1,
729,788,728,-1,
898,899,916,-1,
917,916,899,-1,
925,926,949,-1,
950,949,926,-1,
916,917,925,-1,
926,925,917,-1,
4721,4723,3958,-1,
3958,4723,4693,-1,
4703,4693,4723,-1,
3978,3958,4693,-1,
3956,4721,3958,-1,
3968,3958,3978,-1,
4851,4823,4781,-1,
4813,4657,4823,-1,
4657,4781,4823,-1,
4657,4813,4647,-1,
4798,4647,4813,-1,
4692,4781,4672,-1,
4672,4781,4657,-1,
4647,4798,4622,-1,
4758,4622,4798,-1,
4622,4758,4612,-1,
4743,4612,4758,-1,
4612,4743,4567,-1,
4683,4567,4743,-1,
4567,4683,4557,-1,
4633,4557,4683,-1,
4557,4633,4522,-1,
4586,4522,4633,-1,
4522,4586,4507,-1,
4541,4507,4586,-1,
4507,4541,4472,-1,
4496,4472,4541,-1,
4472,4496,4442,-1,
4461,4442,4496,-1,
4442,4461,4427,-1,
4461,4416,4427,-1,
4427,4416,4392,-1,
4416,4381,4392,-1,
4392,4381,4357,-1,
4357,4381,4342,-1,
4381,4346,4342,-1,
4342,4346,4312,-1,
4346,4296,4312,-1,
4312,4296,4277,-1,
4296,4261,4277,-1,
4277,4261,4242,-1,
4227,4242,4216,-1,
4261,4216,4242,-1,
4197,4227,4181,-1,
4216,4181,4227,-1,
4162,4197,4136,-1,
4147,4162,4091,-1,
4181,4136,4197,-1,
4112,4147,4038,-1,
4102,4112,3988,-1,
4136,4091,4162,-1,
4057,4102,3928,-1,
4047,4057,3913,-1,
4091,4038,4147,-1,
4022,4047,3873,-1,
4012,4022,3858,-1,
3997,4012,3896,-1,
4038,3988,4112,-1,
3977,3997,3896,-1,
3988,3928,4102,-1,
3928,3913,4057,-1,
3848,3896,4012,-1,
3913,3873,4047,-1,
3873,3858,4022,-1,
3858,3848,4012,-1,
3826,3896,3848,-1,
4702,4722,4692,-1,
3957,4692,4722,-1,
3977,4692,3957,-1,
3967,3977,3957,-1,
4720,3957,4722,-1,
3955,3957,4720,-1,
4722,4723,4720,-1,
4721,4720,4723,-1,
4702,4703,4722,-1,
4723,4722,4703,-1,
4672,4673,4692,-1,
4673,4693,4692,-1,
4692,4693,4702,-1,
4703,4702,4693,-1,
4657,4658,4672,-1,
4673,4672,4658,-1,
4647,4648,4657,-1,
4658,4657,4648,-1,
4622,4623,4647,-1,
4648,4647,4623,-1,
4612,4613,4622,-1,
4623,4622,4613,-1,
4567,4568,4612,-1,
4613,4612,4568,-1,
4557,4558,4567,-1,
4568,4567,4558,-1,
4557,4522,4558,-1,
4523,4558,4522,-1,
4522,4507,4523,-1,
4508,4523,4507,-1,
4507,4472,4508,-1,
4473,4508,4472,-1,
4472,4442,4473,-1,
4443,4473,4442,-1,
4442,4427,4443,-1,
4428,4443,4427,-1,
4427,4392,4428,-1,
4393,4428,4392,-1,
4392,4357,4393,-1,
4358,4393,4357,-1,
4357,4342,4358,-1,
4343,4358,4342,-1,
4342,4312,4343,-1,
4313,4343,4312,-1,
4312,4277,4313,-1,
4278,4313,4277,-1,
4277,4242,4278,-1,
4243,4278,4242,-1,
4242,4227,4243,-1,
4228,4243,4227,-1,
4227,4197,4228,-1,
4198,4228,4197,-1,
4197,4162,4198,-1,
4163,4198,4162,-1,
4162,4147,4163,-1,
4148,4163,4147,-1,
4147,4112,4148,-1,
4113,4148,4112,-1,
4113,4112,4103,-1,
4102,4103,4112,-1,
4103,4102,4058,-1,
4057,4058,4102,-1,
4058,4057,4048,-1,
4047,4048,4057,-1,
4048,4047,4023,-1,
4022,4023,4047,-1,
4023,4022,4013,-1,
4012,4013,4022,-1,
4013,4012,3998,-1,
3997,3998,4012,-1,
3998,3997,3978,-1,
3997,3977,3978,-1,
3978,3977,3968,-1,
3967,3968,3977,-1,
3968,3967,3958,-1,
3957,3958,3967,-1,
3958,3957,3956,-1,
3955,3956,3957,-1,
3955,4720,3956,-1,
4721,3956,4720,-1,
4597,4587,4598,-1,
4588,4598,4587,-1,
4852,4853,4782,-1,
4783,4782,4853,-1,
3828,3827,3898,-1,
3897,3898,3827,-1,
4182,4137,4183,-1,
4138,4183,4137,-1,
4417,4382,4418,-1,
4383,4418,4382,-1,
3897,3978,3898,-1,
4693,3898,3978,-1,
3898,4693,4783,-1,
4782,4783,4693,-1,
4092,4070,4093,-1,
4071,4093,4070,-1,
3838,3837,3828,-1,
3827,3828,3837,-1,
4832,4833,4852,-1,
4853,4852,4833,-1,
4137,4092,4138,-1,
4093,4138,4092,-1,
4542,4497,4543,-1,
4498,4543,4497,-1,
4262,4217,4263,-1,
4218,4263,4217,-1,
4217,4182,4218,-1,
4183,4218,4182,-1,
4297,4262,4298,-1,
4263,4298,4262,-1,
4382,4347,4383,-1,
4348,4383,4347,-1,
4347,4297,4348,-1,
4298,4348,4297,-1,
4587,4542,4588,-1,
4543,4588,4542,-1,
4462,4417,4463,-1,
4418,4463,4417,-1,
4497,4462,4498,-1,
4463,4498,4462,-1,
4003,3927,4028,-1,
4780,4733,4850,-1,
4153,4135,4188,-1,
4850,4733,4803,-1,
4850,4803,4822,-1,
4797,4748,4757,-1,
3933,3825,3863,-1,
4028,3927,3987,-1,
4513,4478,4540,-1,
3938,3912,4003,-1,
3918,3872,3912,-1,
4153,4090,4135,-1,
4638,4603,4632,-1,
3903,3847,3857,-1,
3863,3847,3878,-1,
3895,3825,3933,-1,
3933,4733,3895,-1,
4780,3895,4733,-1,
3903,3872,3918,-1,
4268,4260,4295,-1,
4028,3987,4037,-1,
4118,4063,4090,-1,
4478,4433,4460,-1,
4638,4632,4682,-1,
4728,4663,4757,-1,
4063,4028,4037,-1,
4803,4788,4822,-1,
3878,3847,3903,-1,
3863,3825,3847,-1,
3903,3857,3872,-1,
4303,4268,4295,-1,
4303,4295,4344,-1,
4380,4344,4345,-1,
4063,4037,4090,-1,
4460,4398,4415,-1,
3918,3912,3938,-1,
4268,4215,4260,-1,
4003,3912,3927,-1,
4344,4295,4345,-1,
4603,4548,4585,-1,
4540,4478,4495,-1,
4398,4363,4380,-1,
4788,4763,4822,-1,
4822,4763,4812,-1,
4188,4135,4180,-1,
4118,4090,4153,-1,
4233,4215,4268,-1,
4757,4663,4742,-1,
4603,4585,4632,-1,
4478,4460,4495,-1,
4812,4763,4797,-1,
4398,4380,4415,-1,
4748,4728,4757,-1,
4363,4344,4380,-1,
4548,4513,4585,-1,
4585,4513,4540,-1,
4433,4398,4460,-1,
4763,4748,4797,-1,
4233,4188,4215,-1,
4188,4180,4215,-1,
4742,4638,4682,-1,
4663,4638,4742,-1,
4763,4788,4733,-1,
4748,4763,4733,-1,
4803,4733,4788,-1,
4748,4733,4728,-1,
4728,4733,4663,-1,
4663,4733,4638,-1,
4638,4733,4603,-1,
4603,4733,4548,-1,
4548,4733,4513,-1,
4513,4733,4478,-1,
4478,4733,4433,-1,
4433,4733,4398,-1,
4398,4733,4363,-1,
4363,4733,4344,-1,
4344,4733,4303,-1,
4268,4303,3933,-1,
4233,4268,3933,-1,
4188,4233,3933,-1,
4153,4188,3933,-1,
4118,4153,3933,-1,
4063,4118,3933,-1,
4028,4063,3933,-1,
4003,4028,3933,-1,
3938,4003,3933,-1,
4733,3933,4303,-1,
3938,3933,3918,-1,
3918,3933,3903,-1,
3903,3933,3878,-1,
3863,3878,3933,-1,
3988,3987,3928,-1,
3927,3928,3987,-1,
4850,4851,4780,-1,
4781,4780,4851,-1,
3826,3825,3896,-1,
3895,3896,3825,-1,
4260,4215,4261,-1,
4216,4261,4215,-1,
4037,3987,4038,-1,
3988,4038,3987,-1,
3848,3847,3826,-1,
3825,3826,3847,-1,
3913,3912,3873,-1,
3872,3873,3912,-1,
3896,3895,3977,-1,
4780,3977,3895,-1,
3977,4780,4692,-1,
4781,4692,4780,-1,
4135,4090,4136,-1,
4091,4136,4090,-1,
4742,4743,4757,-1,
4758,4757,4743,-1,
4345,4295,4346,-1,
4296,4346,4295,-1,
3858,3857,3848,-1,
3847,3848,3857,-1,
3873,3872,3858,-1,
3857,3858,3872,-1,
4180,4135,4181,-1,
4136,4181,4135,-1,
4380,4345,4381,-1,
4346,4381,4345,-1,
4415,4380,4416,-1,
4381,4416,4380,-1,
4682,4683,4742,-1,
4743,4742,4683,-1,
3928,3927,3913,-1,
3912,3913,3927,-1,
4585,4540,4586,-1,
4541,4586,4540,-1,
4295,4260,4296,-1,
4261,4296,4260,-1,
4090,4037,4091,-1,
4038,4091,4037,-1,
4495,4460,4496,-1,
4461,4496,4460,-1,
4460,4415,4461,-1,
4416,4461,4415,-1,
4540,4495,4541,-1,
4496,4541,4495,-1,
4215,4180,4216,-1,
4181,4216,4180,-1,
4632,4585,4633,-1,
4586,4633,4585,-1,
4757,4758,4797,-1,
4798,4797,4758,-1,
4682,4632,4683,-1,
4633,4683,4632,-1,
4797,4798,4812,-1,
4813,4812,4798,-1,
4822,4823,4850,-1,
4851,4850,4823,-1,
4812,4813,4822,-1,
4823,4822,4813,-1,
2031,2033,1268,-1,
1268,2033,2007,-1,
2017,2007,2033,-1,
1292,1268,2007,-1,
1266,2031,1268,-1,
1282,1268,1292,-1,
2161,2137,2091,-1,
2127,1971,2137,-1,
1971,2091,2137,-1,
1971,2127,1961,-1,
2112,1961,2127,-1,
2006,2091,1986,-1,
1986,2091,1971,-1,
1961,2112,1936,-1,
2072,1936,2112,-1,
1936,2072,1926,-1,
2057,1926,2072,-1,
1926,2057,1881,-1,
1997,1881,2057,-1,
1881,1997,1871,-1,
1947,1871,1997,-1,
1871,1947,1836,-1,
1896,1836,1947,-1,
1836,1896,1821,-1,
1851,1821,1896,-1,
1821,1851,1786,-1,
1806,1786,1851,-1,
1786,1806,1756,-1,
1771,1756,1806,-1,
1756,1771,1741,-1,
1771,1726,1741,-1,
1741,1726,1706,-1,
1726,1691,1706,-1,
1706,1691,1671,-1,
1671,1691,1646,-1,
1691,1650,1646,-1,
1646,1650,1626,-1,
1650,1606,1626,-1,
1626,1606,1591,-1,
1606,1571,1591,-1,
1591,1571,1556,-1,
1541,1556,1526,-1,
1571,1526,1556,-1,
1511,1541,1491,-1,
1526,1491,1541,-1,
1476,1511,1446,-1,
1461,1476,1401,-1,
1491,1446,1511,-1,
1426,1461,1352,-1,
1416,1426,1302,-1,
1446,1401,1476,-1,
1371,1416,1242,-1,
1361,1371,1227,-1,
1401,1352,1461,-1,
1336,1361,1187,-1,
1326,1336,1172,-1,
1311,1326,1206,-1,
1352,1302,1426,-1,
1291,1311,1206,-1,
1302,1242,1416,-1,
1242,1227,1371,-1,
1162,1206,1326,-1,
1227,1187,1361,-1,
1187,1172,1336,-1,
1172,1162,1326,-1,
1136,1206,1162,-1,
2016,2032,2006,-1,
1267,2006,2032,-1,
1291,2006,1267,-1,
1281,1291,1267,-1,
2030,1267,2032,-1,
1265,1267,2030,-1,
2032,2033,2030,-1,
2031,2030,2033,-1,
2016,2017,2032,-1,
2033,2032,2017,-1,
1986,1987,2006,-1,
1987,2007,2006,-1,
2006,2007,2016,-1,
2017,2016,2007,-1,
1971,1972,1986,-1,
1987,1986,1972,-1,
1961,1962,1971,-1,
1972,1971,1962,-1,
1936,1937,1961,-1,
1962,1961,1937,-1,
1926,1927,1936,-1,
1937,1936,1927,-1,
1881,1882,1926,-1,
1927,1926,1882,-1,
1871,1872,1881,-1,
1882,1881,1872,-1,
1871,1836,1872,-1,
1837,1872,1836,-1,
1836,1821,1837,-1,
1822,1837,1821,-1,
1821,1786,1822,-1,
1787,1822,1786,-1,
1786,1756,1787,-1,
1757,1787,1756,-1,
1756,1741,1757,-1,
1742,1757,1741,-1,
1741,1706,1742,-1,
1707,1742,1706,-1,
1706,1671,1707,-1,
1672,1707,1671,-1,
1671,1646,1672,-1,
1647,1672,1646,-1,
1646,1626,1647,-1,
1627,1647,1626,-1,
1626,1591,1627,-1,
1592,1627,1591,-1,
1591,1556,1592,-1,
1557,1592,1556,-1,
1556,1541,1557,-1,
1542,1557,1541,-1,
1541,1511,1542,-1,
1512,1542,1511,-1,
1511,1476,1512,-1,
1477,1512,1476,-1,
1476,1461,1477,-1,
1462,1477,1461,-1,
1461,1426,1462,-1,
1427,1462,1426,-1,
1427,1426,1417,-1,
1416,1417,1426,-1,
1417,1416,1372,-1,
1371,1372,1416,-1,
1372,1371,1362,-1,
1361,1362,1371,-1,
1362,1361,1337,-1,
1336,1337,1361,-1,
1337,1336,1327,-1,
1326,1327,1336,-1,
1327,1326,1312,-1,
1311,1312,1326,-1,
1312,1311,1292,-1,
1311,1291,1292,-1,
1292,1291,1282,-1,
1281,1282,1291,-1,
1282,1281,1268,-1,
1267,1268,1281,-1,
1268,1267,1266,-1,
1265,1266,1267,-1,
1265,2030,1266,-1,
2031,1266,2030,-1,
1911,1897,1912,-1,
1898,1912,1897,-1,
2162,2163,2092,-1,
2093,2092,2163,-1,
1138,1137,1208,-1,
1207,1208,1137,-1,
1492,1447,1493,-1,
1448,1493,1447,-1,
1727,1692,1728,-1,
1693,1728,1692,-1,
1207,1292,1208,-1,
2007,1208,1292,-1,
1208,2007,2093,-1,
2092,2093,2007,-1,
1402,1386,1403,-1,
1387,1403,1386,-1,
1152,1151,1138,-1,
1137,1138,1151,-1,
2146,2147,2162,-1,
2163,2162,2147,-1,
1447,1402,1448,-1,
1403,1448,1402,-1,
1852,1807,1853,-1,
1808,1853,1807,-1,
1572,1527,1573,-1,
1528,1573,1527,-1,
1527,1492,1528,-1,
1493,1528,1492,-1,
1607,1572,1608,-1,
1573,1608,1572,-1,
1692,1651,1693,-1,
1652,1693,1651,-1,
1651,1607,1652,-1,
1608,1652,1607,-1,
1897,1852,1898,-1,
1853,1898,1852,-1,
1772,1727,1773,-1,
1728,1773,1727,-1,
1807,1772,1808,-1,
1773,1808,1772,-1,
1319,1241,1344,-1,
2090,2049,2160,-1,
1469,1445,1504,-1,
2160,2049,2119,-1,
2160,2119,2136,-1,
2111,2064,2071,-1,
1249,1135,1179,-1,
1344,1241,1301,-1,
1829,1794,1850,-1,
1254,1226,1319,-1,
1234,1186,1226,-1,
1469,1400,1445,-1,
1954,1919,1946,-1,
1219,1161,1171,-1,
1179,1161,1194,-1,
1205,1135,1249,-1,
1249,2049,1205,-1,
2090,1205,2049,-1,
1219,1186,1234,-1,
1584,1570,1605,-1,
1344,1301,1351,-1,
1434,1379,1400,-1,
1794,1749,1770,-1,
1954,1946,1996,-1,
2044,1979,2071,-1,
1379,1344,1351,-1,
2119,2104,2136,-1,
1194,1161,1219,-1,
1179,1135,1161,-1,
1219,1171,1186,-1,
1619,1584,1605,-1,
1619,1605,1648,-1,
1690,1648,1649,-1,
1379,1351,1400,-1,
1770,1714,1725,-1,
1234,1226,1254,-1,
1584,1525,1570,-1,
1319,1226,1241,-1,
1648,1605,1649,-1,
1919,1864,1895,-1,
1850,1794,1805,-1,
1714,1679,1690,-1,
2104,2079,2136,-1,
2136,2079,2126,-1,
1504,1445,1490,-1,
1434,1400,1469,-1,
1549,1525,1584,-1,
2071,1979,2056,-1,
1919,1895,1946,-1,
1794,1770,1805,-1,
2126,2079,2111,-1,
1714,1690,1725,-1,
2064,2044,2071,-1,
1679,1648,1690,-1,
1864,1829,1895,-1,
1895,1829,1850,-1,
1749,1714,1770,-1,
2079,2064,2111,-1,
1549,1504,1525,-1,
1504,1490,1525,-1,
2056,1954,1996,-1,
1979,1954,2056,-1,
2079,2104,2049,-1,
2064,2079,2049,-1,
2119,2049,2104,-1,
2064,2049,2044,-1,
2044,2049,1979,-1,
1979,2049,1954,-1,
1954,2049,1919,-1,
1919,2049,1864,-1,
1864,2049,1829,-1,
1829,2049,1794,-1,
1794,2049,1749,-1,
1749,2049,1714,-1,
1714,2049,1679,-1,
1679,2049,1648,-1,
1648,2049,1619,-1,
1584,1619,1249,-1,
1549,1584,1249,-1,
1504,1549,1249,-1,
1469,1504,1249,-1,
1434,1469,1249,-1,
1379,1434,1249,-1,
1344,1379,1249,-1,
1319,1344,1249,-1,
1254,1319,1249,-1,
2049,1249,1619,-1,
1254,1249,1234,-1,
1234,1249,1219,-1,
1219,1249,1194,-1,
1179,1194,1249,-1,
1302,1301,1242,-1,
1241,1242,1301,-1,
2160,2161,2090,-1,
2091,2090,2161,-1,
1136,1135,1206,-1,
1205,1206,1135,-1,
1570,1525,1571,-1,
1526,1571,1525,-1,
1351,1301,1352,-1,
1302,1352,1301,-1,
1162,1161,1136,-1,
1135,1136,1161,-1,
1227,1226,1187,-1,
1186,1187,1226,-1,
1206,1205,1291,-1,
2090,1291,1205,-1,
1291,2090,2006,-1,
2091,2006,2090,-1,
1445,1400,1446,-1,
1401,1446,1400,-1,
2056,2057,2071,-1,
2072,2071,2057,-1,
1649,1605,1650,-1,
1606,1650,1605,-1,
1172,1171,1162,-1,
1161,1162,1171,-1,
1187,1186,1172,-1,
1171,1172,1186,-1,
1490,1445,1491,-1,
1446,1491,1445,-1,
1690,1649,1691,-1,
1650,1691,1649,-1,
1725,1690,1726,-1,
1691,1726,1690,-1,
1996,1997,2056,-1,
2057,2056,1997,-1,
1242,1241,1227,-1,
1226,1227,1241,-1,
1895,1850,1896,-1,
1851,1896,1850,-1,
1605,1570,1606,-1,
1571,1606,1570,-1,
1400,1351,1401,-1,
1352,1401,1351,-1,
1805,1770,1806,-1,
1771,1806,1770,-1,
1770,1725,1771,-1,
1726,1771,1725,-1,
1850,1805,1851,-1,
1806,1851,1805,-1,
1525,1490,1526,-1,
1491,1526,1490,-1,
1946,1895,1947,-1,
1896,1947,1895,-1,
2071,2072,2111,-1,
2112,2111,2072,-1,
1996,1946,1997,-1,
1947,1997,1946,-1,
2111,2112,2126,-1,
2127,2126,2112,-1,
2136,2137,2160,-1,
2161,2160,2137,-1,
2126,2127,2136,-1,
2137,2136,2127,-1,
7149,7151,6520,-1,
6520,7151,7126,-1,
7134,7126,7151,-1,
6535,6520,7126,-1,
6518,7149,6520,-1,
6528,6520,6535,-1,
7247,7229,7195,-1,
7221,7096,7229,-1,
7096,7195,7229,-1,
7096,7221,7088,-1,
7209,7088,7221,-1,
7125,7195,7110,-1,
7110,7195,7096,-1,
7088,7209,7064,-1,
7179,7064,7209,-1,
7064,7179,7054,-1,
7167,7054,7179,-1,
7054,7167,7016,-1,
7119,7016,7167,-1,
7016,7119,7008,-1,
7075,7008,7119,-1,
7008,7075,6980,-1,
7031,6980,7075,-1,
6980,7031,6966,-1,
6995,6966,7031,-1,
6966,6995,6938,-1,
6957,6938,6995,-1,
6938,6957,6914,-1,
6929,6914,6957,-1,
6914,6929,6902,-1,
6929,6893,6902,-1,
6902,6893,6874,-1,
6893,6865,6874,-1,
6874,6865,6846,-1,
6846,6865,6833,-1,
6865,6837,6833,-1,
6833,6837,6810,-1,
6837,6797,6810,-1,
6810,6797,6782,-1,
6797,6769,6782,-1,
6782,6769,6754,-1,
6742,6754,6733,-1,
6769,6733,6754,-1,
6718,6742,6705,-1,
6733,6705,6742,-1,
6690,6718,6667,-1,
6678,6690,6631,-1,
6705,6667,6718,-1,
6648,6678,6587,-1,
6640,6648,6543,-1,
6667,6631,6690,-1,
6604,6640,6492,-1,
6596,6604,6480,-1,
6631,6587,6678,-1,
6572,6596,6450,-1,
6564,6572,6438,-1,
6550,6564,6466,-1,
6587,6543,6648,-1,
6534,6550,6466,-1,
6543,6492,6640,-1,
6492,6480,6604,-1,
6430,6466,6564,-1,
6480,6450,6596,-1,
6450,6438,6572,-1,
6438,6430,6564,-1,
6414,6466,6430,-1,
7133,7150,7125,-1,
6519,7125,7150,-1,
6534,7125,6519,-1,
6527,6534,6519,-1,
7148,6519,7150,-1,
6517,6519,7148,-1,
7150,7151,7148,-1,
7149,7148,7151,-1,
7133,7134,7150,-1,
7151,7150,7134,-1,
7110,7111,7125,-1,
7111,7126,7125,-1,
7125,7126,7133,-1,
7134,7133,7126,-1,
7096,7097,7110,-1,
7111,7110,7097,-1,
7088,7089,7096,-1,
7097,7096,7089,-1,
7064,7065,7088,-1,
7089,7088,7065,-1,
7054,7055,7064,-1,
7065,7064,7055,-1,
7016,7017,7054,-1,
7055,7054,7017,-1,
7008,7009,7016,-1,
7017,7016,7009,-1,
7008,6980,7009,-1,
6981,7009,6980,-1,
6980,6966,6981,-1,
6967,6981,6966,-1,
6966,6938,6967,-1,
6939,6967,6938,-1,
6938,6914,6939,-1,
6915,6939,6914,-1,
6914,6902,6915,-1,
6903,6915,6902,-1,
6902,6874,6903,-1,
6875,6903,6874,-1,
6874,6846,6875,-1,
6847,6875,6846,-1,
6846,6833,6847,-1,
6834,6847,6833,-1,
6833,6810,6834,-1,
6811,6834,6810,-1,
6810,6782,6811,-1,
6783,6811,6782,-1,
6782,6754,6783,-1,
6755,6783,6754,-1,
6754,6742,6755,-1,
6743,6755,6742,-1,
6742,6718,6743,-1,
6719,6743,6718,-1,
6718,6690,6719,-1,
6691,6719,6690,-1,
6690,6678,6691,-1,
6679,6691,6678,-1,
6678,6648,6679,-1,
6649,6679,6648,-1,
6649,6648,6641,-1,
6640,6641,6648,-1,
6641,6640,6605,-1,
6604,6605,6640,-1,
6605,6604,6597,-1,
6596,6597,6604,-1,
6597,6596,6573,-1,
6572,6573,6596,-1,
6573,6572,6565,-1,
6564,6565,6572,-1,
6565,6564,6551,-1,
6550,6551,6564,-1,
6551,6550,6535,-1,
6550,6534,6535,-1,
6535,6534,6528,-1,
6527,6528,6534,-1,
6528,6527,6520,-1,
6519,6520,6527,-1,
6520,6519,6518,-1,
6517,6518,6519,-1,
6517,7148,6518,-1,
7149,6518,7148,-1,
7040,7032,7041,-1,
7033,7041,7032,-1,
7248,7249,7196,-1,
7197,7196,7249,-1,
6416,6415,6468,-1,
6467,6468,6415,-1,
6706,6668,6707,-1,
6669,6707,6668,-1,
6894,6866,6895,-1,
6867,6895,6866,-1,
6467,6535,6468,-1,
7126,6468,6535,-1,
6468,7126,7197,-1,
7196,7197,7126,-1,
6632,6616,6633,-1,
6617,6633,6616,-1,
6422,6421,6416,-1,
6415,6416,6421,-1,
7234,7235,7248,-1,
7249,7248,7235,-1,
6668,6632,6669,-1,
6633,6669,6632,-1,
6996,6958,6997,-1,
6959,6997,6958,-1,
6770,6734,6771,-1,
6735,6771,6734,-1,
6734,6706,6735,-1,
6707,6735,6706,-1,
6798,6770,6799,-1,
6771,6799,6770,-1,
6866,6838,6867,-1,
6839,6867,6838,-1,
6838,6798,6839,-1,
6799,6839,6798,-1,
7032,6996,7033,-1,
6997,7033,6996,-1,
6930,6894,6931,-1,
6895,6931,6894,-1,
6958,6930,6959,-1,
6931,6959,6930,-1,
6555,6491,6579,-1,
7194,7159,7246,-1,
6683,6666,6711,-1,
7246,7159,7213,-1,
7246,7213,7228,-1,
7208,7171,7178,-1,
6496,6413,6442,-1,
6579,6491,6542,-1,
6973,6943,6994,-1,
6500,6479,6555,-1,
6484,6449,6479,-1,
6683,6630,6666,-1,
7079,7045,7074,-1,
6472,6429,6437,-1,
6442,6429,6454,-1,
6465,6413,6496,-1,
6496,7159,6465,-1,
7194,6465,7159,-1,
6472,6449,6484,-1,
6775,6768,6796,-1,
6579,6542,6586,-1,
6653,6609,6630,-1,
6943,6907,6928,-1,
7079,7074,7118,-1,
7155,7103,7178,-1,
6609,6579,6586,-1,
7213,7201,7228,-1,
6454,6429,6472,-1,
6442,6413,6429,-1,
6472,6437,6449,-1,
6803,6775,6796,-1,
6803,6796,6835,-1,
6864,6835,6836,-1,
6609,6586,6630,-1,
6928,6879,6892,-1,
6484,6479,6500,-1,
6775,6732,6768,-1,
6555,6479,6491,-1,
6835,6796,6836,-1,
7045,7001,7030,-1,
6994,6943,6956,-1,
6879,6851,6864,-1,
7201,7183,7228,-1,
7228,7183,7220,-1,
6711,6666,6704,-1,
6653,6630,6683,-1,
6747,6732,6775,-1,
7178,7103,7166,-1,
7045,7030,7074,-1,
6943,6928,6956,-1,
7220,7183,7208,-1,
6879,6864,6892,-1,
7171,7155,7178,-1,
6851,6835,6864,-1,
7001,6973,7030,-1,
7030,6973,6994,-1,
6907,6879,6928,-1,
7183,7171,7208,-1,
6747,6711,6732,-1,
6711,6704,6732,-1,
7166,7079,7118,-1,
7103,7079,7166,-1,
7183,7201,7159,-1,
7171,7183,7159,-1,
7213,7159,7201,-1,
7171,7159,7155,-1,
7155,7159,7103,-1,
7103,7159,7079,-1,
7079,7159,7045,-1,
7045,7159,7001,-1,
7001,7159,6973,-1,
6973,7159,6943,-1,
6943,7159,6907,-1,
6907,7159,6879,-1,
6879,7159,6851,-1,
6851,7159,6835,-1,
6835,7159,6803,-1,
6775,6803,6496,-1,
6747,6775,6496,-1,
6711,6747,6496,-1,
6683,6711,6496,-1,
6653,6683,6496,-1,
6609,6653,6496,-1,
6579,6609,6496,-1,
6555,6579,6496,-1,
6500,6555,6496,-1,
7159,6496,6803,-1,
6500,6496,6484,-1,
6484,6496,6472,-1,
6472,6496,6454,-1,
6442,6454,6496,-1,
6543,6542,6492,-1,
6491,6492,6542,-1,
7246,7247,7194,-1,
7195,7194,7247,-1,
6414,6413,6466,-1,
6465,6466,6413,-1,
6768,6732,6769,-1,
6733,6769,6732,-1,
6586,6542,6587,-1,
6543,6587,6542,-1,
6430,6429,6414,-1,
6413,6414,6429,-1,
6480,6479,6450,-1,
6449,6450,6479,-1,
6466,6465,6534,-1,
7194,6534,6465,-1,
6534,7194,7125,-1,
7195,7125,7194,-1,
6666,6630,6667,-1,
6631,6667,6630,-1,
7166,7167,7178,-1,
7179,7178,7167,-1,
6836,6796,6837,-1,
6797,6837,6796,-1,
6438,6437,6430,-1,
6429,6430,6437,-1,
6450,6449,6438,-1,
6437,6438,6449,-1,
6704,6666,6705,-1,
6667,6705,6666,-1,
6864,6836,6865,-1,
6837,6865,6836,-1,
6892,6864,6893,-1,
6865,6893,6864,-1,
7118,7119,7166,-1,
7167,7166,7119,-1,
6492,6491,6480,-1,
6479,6480,6491,-1,
7030,6994,7031,-1,
6995,7031,6994,-1,
6796,6768,6797,-1,
6769,6797,6768,-1,
6630,6586,6631,-1,
6587,6631,6586,-1,
6956,6928,6957,-1,
6929,6957,6928,-1,
6928,6892,6929,-1,
6893,6929,6892,-1,
6994,6956,6995,-1,
6957,6995,6956,-1,
6732,6704,6733,-1,
6705,6733,6704,-1,
7074,7030,7075,-1,
7031,7075,7030,-1,
7178,7179,7208,-1,
7209,7208,7179,-1,
7118,7074,7119,-1,
7075,7119,7074,-1,
7208,7209,7220,-1,
7221,7220,7209,-1,
7228,7229,7246,-1,
7247,7246,7229,-1,
7220,7221,7228,-1,
7229,7228,7221,-1,
4717,4719,3954,-1,
3954,4719,4691,-1,
4701,4691,4719,-1,
3976,3954,4691,-1,
3952,4717,3954,-1,
3966,3954,3976,-1,
4847,4821,4777,-1,
4811,4655,4821,-1,
4655,4777,4821,-1,
4655,4811,4645,-1,
4796,4645,4811,-1,
4690,4777,4670,-1,
4670,4777,4655,-1,
4645,4796,4620,-1,
4756,4620,4796,-1,
4620,4756,4610,-1,
4741,4610,4756,-1,
4610,4741,4565,-1,
4681,4565,4741,-1,
4565,4681,4555,-1,
4631,4555,4681,-1,
4555,4631,4520,-1,
4582,4520,4631,-1,
4520,4582,4505,-1,
4537,4505,4582,-1,
4505,4537,4470,-1,
4492,4470,4537,-1,
4470,4492,4440,-1,
4457,4440,4492,-1,
4440,4457,4425,-1,
4457,4412,4425,-1,
4425,4412,4390,-1,
4412,4377,4390,-1,
4390,4377,4355,-1,
4355,4377,4335,-1,
4377,4339,4335,-1,
4335,4339,4310,-1,
4339,4292,4310,-1,
4310,4292,4275,-1,
4292,4257,4275,-1,
4275,4257,4240,-1,
4225,4240,4212,-1,
4257,4212,4240,-1,
4195,4225,4177,-1,
4212,4177,4225,-1,
4160,4195,4132,-1,
4145,4160,4087,-1,
4177,4132,4195,-1,
4110,4145,4036,-1,
4100,4110,3986,-1,
4132,4087,4160,-1,
4055,4100,3926,-1,
4045,4055,3911,-1,
4087,4036,4145,-1,
4020,4045,3871,-1,
4010,4020,3856,-1,
3995,4010,3892,-1,
4036,3986,4110,-1,
3975,3995,3892,-1,
3986,3926,4100,-1,
3926,3911,4055,-1,
3846,3892,4010,-1,
3911,3871,4045,-1,
3871,3856,4020,-1,
3856,3846,4010,-1,
3822,3892,3846,-1,
4700,4718,4690,-1,
3953,4690,4718,-1,
3975,4690,3953,-1,
3965,3975,3953,-1,
4716,3953,4718,-1,
3951,3953,4716,-1,
4718,4719,4716,-1,
4717,4716,4719,-1,
4700,4701,4718,-1,
4719,4718,4701,-1,
4670,4671,4690,-1,
4671,4691,4690,-1,
4690,4691,4700,-1,
4701,4700,4691,-1,
4655,4656,4670,-1,
4671,4670,4656,-1,
4645,4646,4655,-1,
4656,4655,4646,-1,
4620,4621,4645,-1,
4646,4645,4621,-1,
4610,4611,4620,-1,
4621,4620,4611,-1,
4565,4566,4610,-1,
4611,4610,4566,-1,
4555,4556,4565,-1,
4566,4565,4556,-1,
4555,4520,4556,-1,
4521,4556,4520,-1,
4520,4505,4521,-1,
4506,4521,4505,-1,
4505,4470,4506,-1,
4471,4506,4470,-1,
4470,4440,4471,-1,
4441,4471,4440,-1,
4440,4425,4441,-1,
4426,4441,4425,-1,
4425,4390,4426,-1,
4391,4426,4390,-1,
4390,4355,4391,-1,
4356,4391,4355,-1,
4355,4335,4356,-1,
4336,4356,4335,-1,
4335,4310,4336,-1,
4311,4336,4310,-1,
4310,4275,4311,-1,
4276,4311,4275,-1,
4275,4240,4276,-1,
4241,4276,4240,-1,
4240,4225,4241,-1,
4226,4241,4225,-1,
4225,4195,4226,-1,
4196,4226,4195,-1,
4195,4160,4196,-1,
4161,4196,4160,-1,
4160,4145,4161,-1,
4146,4161,4145,-1,
4145,4110,4146,-1,
4111,4146,4110,-1,
4111,4110,4101,-1,
4100,4101,4110,-1,
4101,4100,4056,-1,
4055,4056,4100,-1,
4056,4055,4046,-1,
4045,4046,4055,-1,
4046,4045,4021,-1,
4020,4021,4045,-1,
4021,4020,4011,-1,
4010,4011,4020,-1,
4011,4010,3996,-1,
3995,3996,4010,-1,
3996,3995,3976,-1,
3995,3975,3976,-1,
3976,3975,3966,-1,
3965,3966,3975,-1,
3966,3965,3954,-1,
3953,3954,3965,-1,
3954,3953,3952,-1,
3951,3952,3953,-1,
3951,4716,3952,-1,
4717,3952,4716,-1,
4595,4583,4596,-1,
4584,4596,4583,-1,
4848,4849,4778,-1,
4779,4778,4849,-1,
3824,3823,3894,-1,
3893,3894,3823,-1,
4178,4133,4179,-1,
4134,4179,4133,-1,
4413,4378,4414,-1,
4379,4414,4378,-1,
3893,3976,3894,-1,
4691,3894,3976,-1,
3894,4691,4779,-1,
4778,4779,4691,-1,
4088,4068,4089,-1,
4069,4089,4068,-1,
3836,3835,3824,-1,
3823,3824,3835,-1,
4830,4831,4848,-1,
4849,4848,4831,-1,
4133,4088,4134,-1,
4089,4134,4088,-1,
4538,4493,4539,-1,
4494,4539,4493,-1,
4258,4213,4259,-1,
4214,4259,4213,-1,
4213,4178,4214,-1,
4179,4214,4178,-1,
4293,4258,4294,-1,
4259,4294,4258,-1,
4378,4340,4379,-1,
4341,4379,4340,-1,
4340,4293,4341,-1,
4294,4341,4293,-1,
4583,4538,4584,-1,
4539,4584,4538,-1,
4458,4413,4459,-1,
4414,4459,4413,-1,
4493,4458,4494,-1,
4459,4494,4458,-1,
4002,3925,4027,-1,
4776,4732,4846,-1,
4152,4131,4187,-1,
4846,4732,4802,-1,
4846,4802,4820,-1,
4795,4747,4755,-1,
3932,3821,3862,-1,
4027,3925,3985,-1,
4512,4477,4536,-1,
3937,3910,4002,-1,
3917,3870,3910,-1,
4152,4086,4131,-1,
4637,4602,4630,-1,
3902,3845,3855,-1,
3862,3845,3877,-1,
3891,3821,3932,-1,
3932,4732,3891,-1,
4776,3891,4732,-1,
3902,3870,3917,-1,
4267,4256,4291,-1,
4027,3985,4035,-1,
4117,4062,4086,-1,
4477,4432,4456,-1,
4637,4630,4680,-1,
4727,4662,4755,-1,
4062,4027,4035,-1,
4802,4787,4820,-1,
3877,3845,3902,-1,
3862,3821,3845,-1,
3902,3855,3870,-1,
4302,4267,4291,-1,
4302,4291,4337,-1,
4376,4337,4338,-1,
4062,4035,4086,-1,
4456,4397,4411,-1,
3917,3910,3937,-1,
4267,4211,4256,-1,
4002,3910,3925,-1,
4337,4291,4338,-1,
4602,4547,4581,-1,
4536,4477,4491,-1,
4397,4362,4376,-1,
4787,4762,4820,-1,
4820,4762,4810,-1,
4187,4131,4176,-1,
4117,4086,4152,-1,
4232,4211,4267,-1,
4755,4662,4740,-1,
4602,4581,4630,-1,
4477,4456,4491,-1,
4810,4762,4795,-1,
4397,4376,4411,-1,
4747,4727,4755,-1,
4362,4337,4376,-1,
4547,4512,4581,-1,
4581,4512,4536,-1,
4432,4397,4456,-1,
4762,4747,4795,-1,
4232,4187,4211,-1,
4187,4176,4211,-1,
4740,4637,4680,-1,
4662,4637,4740,-1,
4762,4787,4732,-1,
4747,4762,4732,-1,
4802,4732,4787,-1,
4747,4732,4727,-1,
4727,4732,4662,-1,
4662,4732,4637,-1,
4637,4732,4602,-1,
4602,4732,4547,-1,
4547,4732,4512,-1,
4512,4732,4477,-1,
4477,4732,4432,-1,
4432,4732,4397,-1,
4397,4732,4362,-1,
4362,4732,4337,-1,
4337,4732,4302,-1,
4267,4302,3932,-1,
4232,4267,3932,-1,
4187,4232,3932,-1,
4152,4187,3932,-1,
4117,4152,3932,-1,
4062,4117,3932,-1,
4027,4062,3932,-1,
4002,4027,3932,-1,
3937,4002,3932,-1,
4732,3932,4302,-1,
3937,3932,3917,-1,
3917,3932,3902,-1,
3902,3932,3877,-1,
3862,3877,3932,-1,
3986,3985,3926,-1,
3925,3926,3985,-1,
4846,4847,4776,-1,
4777,4776,4847,-1,
3822,3821,3892,-1,
3891,3892,3821,-1,
4256,4211,4257,-1,
4212,4257,4211,-1,
4035,3985,4036,-1,
3986,4036,3985,-1,
3846,3845,3822,-1,
3821,3822,3845,-1,
3911,3910,3871,-1,
3870,3871,3910,-1,
3892,3891,3975,-1,
4776,3975,3891,-1,
3975,4776,4690,-1,
4777,4690,4776,-1,
4131,4086,4132,-1,
4087,4132,4086,-1,
4740,4741,4755,-1,
4756,4755,4741,-1,
4338,4291,4339,-1,
4292,4339,4291,-1,
3856,3855,3846,-1,
3845,3846,3855,-1,
3871,3870,3856,-1,
3855,3856,3870,-1,
4176,4131,4177,-1,
4132,4177,4131,-1,
4376,4338,4377,-1,
4339,4377,4338,-1,
4411,4376,4412,-1,
4377,4412,4376,-1,
4680,4681,4740,-1,
4741,4740,4681,-1,
3926,3925,3911,-1,
3910,3911,3925,-1,
4581,4536,4582,-1,
4537,4582,4536,-1,
4291,4256,4292,-1,
4257,4292,4256,-1,
4086,4035,4087,-1,
4036,4087,4035,-1,
4491,4456,4492,-1,
4457,4492,4456,-1,
4456,4411,4457,-1,
4412,4457,4411,-1,
4536,4491,4537,-1,
4492,4537,4491,-1,
4211,4176,4212,-1,
4177,4212,4176,-1,
4630,4581,4631,-1,
4582,4631,4581,-1,
4755,4756,4795,-1,
4796,4795,4756,-1,
4680,4630,4681,-1,
4631,4681,4630,-1,
4795,4796,4810,-1,
4811,4810,4796,-1,
4820,4821,4846,-1,
4847,4846,4821,-1,
4810,4811,4820,-1,
4821,4820,4811,-1,
6556,6574,6557,-1,
6575,6557,6574,-1,
6574,6588,6575,-1,
6589,6575,6588,-1,
6588,6670,6589,-1,
6671,6589,6670,-1,
6968,7046,6969,-1,
7047,6969,7046,-1,
7046,7056,7047,-1,
7057,7047,7056,-1,
7056,7066,7057,-1,
7067,7057,7066,-1,
7066,7080,7067,-1,
7081,7067,7080,-1,
7080,7098,7081,-1,
7099,7081,7098,-1,
7098,7137,7099,-1,
7099,7137,7617,-1,
7616,7617,7137,-1,
7617,7616,8096,-1,
8095,8096,7616,-1,
8095,8097,8096,-1,
8098,8096,8097,-1,
8587,8607,8588,-1,
8608,8588,8607,-1,
8607,8609,8608,-1,
8610,8608,8609,-1,
8609,8616,8610,-1,
8617,8610,8616,-1,
8616,8624,8617,-1,
8625,8617,8624,-1,
8624,8628,8625,-1,
8625,8628,8907,-1,
8906,8907,8628,-1,
8938,8934,8939,-1,
8935,8939,8934,-1,
8934,8667,8935,-1,
8668,8935,8667,-1,
7716,7717,8241,-1,
8242,8241,7717,-1,
7716,7700,7717,-1,
7701,7717,7700,-1,
7700,7685,7701,-1,
7686,7701,7685,-1,
7685,7679,7686,-1,
7680,7686,7679,-1,
7679,7669,7680,-1,
7670,7680,7669,-1,
7669,7661,7670,-1,
7662,7670,7661,-1,
7661,7634,7662,-1,
7635,7662,7634,-1,
7634,7632,7635,-1,
7633,7635,7632,-1,
7632,7630,7633,-1,
7631,7633,7630,-1,
7630,7536,7631,-1,
7537,7631,7536,-1,
7538,7539,7536,-1,
7537,7536,7539,-1,
7540,7541,7538,-1,
7539,7538,7541,-1,
7542,7543,7540,-1,
7541,7540,7543,-1,
7544,7545,7542,-1,
7543,7542,7545,-1,
7544,7654,7545,-1,
7655,7545,7654,-1,
7840,7546,7841,-1,
7547,7841,7546,-1,
7548,7549,7546,-1,
7547,7546,7549,-1,
7548,7558,7549,-1,
7559,7549,7558,-1,
7560,7561,7558,-1,
7559,7558,7561,-1,
7560,7550,7561,-1,
7551,7561,7550,-1,
7552,7553,7550,-1,
7551,7550,7553,-1,
7552,7656,7553,-1,
7657,7553,7656,-1,
7842,7554,7843,-1,
7555,7843,7554,-1,
7556,7557,7554,-1,
7555,7554,7557,-1,
7556,7658,7557,-1,
7659,7557,7658,-1,
6616,6244,6617,-1,
6245,6617,6244,-1,
7844,7040,7845,-1,
7041,7845,7040,-1,
6246,6247,6244,-1,
6245,6244,6247,-1,
6230,6231,6246,-1,
6247,6246,6231,-1,
6224,6225,6230,-1,
6231,6230,6225,-1,
6218,6219,6224,-1,
6225,6224,6219,-1,
6209,6210,6218,-1,
6219,6218,6210,-1,
6203,6204,6209,-1,
6210,6209,6204,-1,
6195,6196,6203,-1,
6204,6203,6196,-1,
6189,6190,6195,-1,
6196,6195,6190,-1,
6181,6182,6189,-1,
6190,6189,6182,-1,
6181,6172,6182,-1,
6173,6182,6172,-1,
6172,6166,6173,-1,
6167,6173,6166,-1,
6166,6158,6167,-1,
6159,6167,6158,-1,
6158,6145,6159,-1,
6146,6159,6145,-1,
6145,6137,6146,-1,
6138,6146,6137,-1,
6137,6127,6138,-1,
6128,6138,6127,-1,
6127,6114,6128,-1,
6115,6128,6114,-1,
6114,6106,6115,-1,
6107,6115,6106,-1,
6106,5712,6107,-1,
5713,6107,5712,-1,
5292,5078,5293,-1,
5079,5293,5078,-1,
5080,5081,5078,-1,
5079,5078,5081,-1,
5060,5061,5080,-1,
5081,5080,5061,-1,
5052,5053,5060,-1,
5061,5060,5053,-1,
5044,5045,5052,-1,
5053,5052,5045,-1,
5036,5037,5044,-1,
5045,5044,5037,-1,
5028,5029,5036,-1,
5037,5036,5029,-1,
5020,5021,5028,-1,
5029,5028,5021,-1,
5012,5013,5020,-1,
5021,5020,5013,-1,
5004,5005,5012,-1,
5013,5012,5005,-1,
5004,4996,5005,-1,
4997,5005,4996,-1,
4996,4988,4997,-1,
4989,4997,4988,-1,
4988,4980,4989,-1,
4981,4989,4980,-1,
4980,4972,4981,-1,
4973,4981,4972,-1,
4972,4964,4973,-1,
4965,4973,4964,-1,
4964,4956,4965,-1,
4957,4965,4956,-1,
4956,4948,4957,-1,
4949,4957,4948,-1,
4948,4940,4949,-1,
4941,4949,4940,-1,
4940,4597,4941,-1,
4598,4941,4597,-1,
4070,3667,4071,-1,
3668,4071,3667,-1,
3667,3651,3668,-1,
3652,3668,3651,-1,
3651,3643,3652,-1,
3644,3652,3643,-1,
3643,3635,3644,-1,
3636,3644,3635,-1,
3635,3627,3636,-1,
3628,3636,3627,-1,
3627,3619,3628,-1,
3620,3628,3619,-1,
3619,3611,3620,-1,
3612,3620,3611,-1,
3611,3603,3612,-1,
3604,3612,3603,-1,
3603,3595,3604,-1,
3596,3604,3595,-1,
3596,3595,3588,-1,
3587,3588,3595,-1,
3588,3587,3580,-1,
3579,3580,3587,-1,
3580,3579,3572,-1,
3571,3572,3579,-1,
3572,3571,3564,-1,
3563,3564,3571,-1,
3564,3563,3556,-1,
3555,3556,3563,-1,
3556,3555,3548,-1,
3547,3548,3555,-1,
3548,3547,3540,-1,
3539,3540,3547,-1,
3540,3539,3532,-1,
3531,3532,3539,-1,
3532,3531,3530,-1,
3529,3530,3531,-1,
3529,3256,3530,-1,
3257,3530,3256,-1,
2729,2326,2730,-1,
2327,2730,2326,-1,
2326,2310,2327,-1,
2311,2327,2310,-1,
2310,2302,2311,-1,
2303,2311,2302,-1,
2302,2294,2303,-1,
2295,2303,2294,-1,
2294,2286,2295,-1,
2287,2295,2286,-1,
2286,2278,2287,-1,
2279,2287,2278,-1,
2278,2270,2279,-1,
2271,2279,2270,-1,
2270,2262,2271,-1,
2263,2271,2262,-1,
2262,2254,2263,-1,
2255,2263,2254,-1,
2255,2254,2247,-1,
2246,2247,2254,-1,
2247,2246,2239,-1,
2238,2239,2246,-1,
2239,2238,2231,-1,
2230,2231,2238,-1,
2231,2230,2223,-1,
2222,2223,2230,-1,
2223,2222,2215,-1,
2214,2215,2222,-1,
2215,2214,2207,-1,
2206,2207,2214,-1,
2207,2206,2199,-1,
2198,2199,2206,-1,
2199,2198,2191,-1,
2190,2191,2198,-1,
2191,2190,2189,-1,
2188,2189,2190,-1,
2188,1915,2189,-1,
1916,2189,1915,-1,
1390,697,1391,-1,
698,1391,697,-1,
939,1109,940,-1,
1110,940,1109,-1,
1110,1109,1108,-1,
1107,1108,1109,-1,
1107,695,1108,-1,
696,1108,695,-1,
937,1105,938,-1,
1106,938,1105,-1,
1106,1105,1104,-1,
1103,1104,1105,-1,
1103,693,1104,-1,
694,1104,693,-1,
935,1101,936,-1,
1102,936,1101,-1,
1102,1101,1100,-1,
1099,1100,1101,-1,
1099,691,1100,-1,
692,1100,691,-1,
933,1097,934,-1,
1098,934,1097,-1,
1098,1097,1096,-1,
1095,1096,1097,-1,
1095,1042,1096,-1,
1043,1096,1042,-1,
2142,2312,2143,-1,
2313,2143,2312,-1,
1089,1147,1090,-1,
1148,1090,1147,-1,
2312,2328,2313,-1,
2329,2313,2328,-1,
2328,2336,2329,-1,
2337,2329,2336,-1,
2336,2344,2337,-1,
2345,2337,2344,-1,
2344,2352,2345,-1,
2353,2345,2352,-1,
2352,2360,2353,-1,
2361,2353,2360,-1,
2360,2368,2361,-1,
2369,2361,2368,-1,
2368,2376,2369,-1,
2377,2369,2376,-1,
2376,2384,2377,-1,
2385,2377,2384,-1,
2392,2393,2384,-1,
2385,2384,2393,-1,
2400,2401,2392,-1,
2393,2392,2401,-1,
2408,2409,2400,-1,
2401,2400,2409,-1,
2416,2417,2408,-1,
2409,2408,2417,-1,
2424,2425,2416,-1,
2417,2416,2425,-1,
2432,2433,2424,-1,
2425,2424,2433,-1,
2440,2441,2432,-1,
2433,2432,2441,-1,
2448,2449,2440,-1,
2441,2440,2449,-1,
2450,2451,2448,-1,
2449,2448,2451,-1,
3483,3653,3484,-1,
3654,3484,3653,-1,
2450,2488,2451,-1,
2489,2451,2488,-1,
3653,3669,3654,-1,
3670,3654,3669,-1,
3669,3677,3670,-1,
3678,3670,3677,-1,
3677,3685,3678,-1,
3686,3678,3685,-1,
3685,3693,3686,-1,
3694,3686,3693,-1,
3693,3701,3694,-1,
3702,3694,3701,-1,
3701,3709,3702,-1,
3710,3702,3709,-1,
3709,3717,3710,-1,
3718,3710,3717,-1,
3717,3725,3718,-1,
3726,3718,3725,-1,
3733,3734,3725,-1,
3726,3725,3734,-1,
3741,3742,3733,-1,
3734,3733,3742,-1,
3749,3750,3741,-1,
3742,3741,3750,-1,
3757,3758,3749,-1,
3750,3749,3758,-1,
3765,3766,3757,-1,
3758,3757,3766,-1,
3773,3774,3765,-1,
3766,3765,3774,-1,
3781,3782,3773,-1,
3774,3773,3782,-1,
3789,3790,3781,-1,
3782,3781,3790,-1,
3791,3792,3789,-1,
3790,3789,3792,-1,
3791,3829,3792,-1,
3830,3792,3829,-1,
4824,4930,4825,-1,
4931,4825,4930,-1,
4930,4942,4931,-1,
4943,4931,4942,-1,
4942,4950,4943,-1,
4951,4943,4950,-1,
4950,4958,4951,-1,
4959,4951,4958,-1,
4958,4966,4959,-1,
4967,4959,4966,-1,
4966,4974,4967,-1,
4975,4967,4974,-1,
4974,4982,4975,-1,
4983,4975,4982,-1,
4982,4990,4983,-1,
4991,4983,4990,-1,
4990,4998,4991,-1,
4999,4991,4998,-1,
5006,5007,4998,-1,
4999,4998,5007,-1,
5014,5015,5006,-1,
5007,5006,5015,-1,
5022,5023,5014,-1,
5015,5014,5023,-1,
5030,5031,5022,-1,
5023,5022,5031,-1,
5038,5039,5030,-1,
5031,5030,5039,-1,
5046,5047,5038,-1,
5039,5038,5047,-1,
5054,5055,5046,-1,
5047,5046,5055,-1,
5062,5063,5054,-1,
5055,5054,5063,-1,
5064,5065,5062,-1,
5063,5062,5065,-1,
5064,5098,5065,-1,
5099,5065,5098,-1,
5894,5928,5895,-1,
5929,5895,5928,-1,
5929,5928,5927,-1,
5926,5927,5928,-1,
5927,5926,5945,-1,
5944,5945,5926,-1,
5945,5944,5951,-1,
5950,5951,5944,-1,
5951,5950,5957,-1,
5956,5957,5950,-1,
5957,5956,5965,-1,
5964,5965,5956,-1,
5965,5964,5975,-1,
5974,5975,5964,-1,
5975,5974,5981,-1,
5980,5981,5974,-1,
5981,5980,5991,-1,
5990,5991,5980,-1,
5991,5990,5997,-1,
5996,5997,5990,-1,
5996,6006,5997,-1,
6007,5997,6006,-1,
6006,6017,6007,-1,
6018,6007,6017,-1,
6017,6038,6018,-1,
6039,6018,6038,-1,
6038,6048,6039,-1,
6049,6039,6048,-1,
6048,6057,6049,-1,
6058,6049,6057,-1,
6057,6071,6058,-1,
6072,6058,6071,-1,
6071,6079,6072,-1,
6080,6072,6079,-1,
6079,6096,6080,-1,
6097,6080,6096,-1,
6096,6131,6097,-1,
6132,6097,6131,-1,
6132,6131,5963,-1,
5962,5963,6131,-1,
5963,5962,5943,-1,
5942,5943,5962,-1,
5943,5942,5925,-1,
5924,5925,5942,-1,
5925,5924,5923,-1,
5922,5923,5924,-1,
5923,5922,5921,-1,
5920,5921,5922,-1,
5921,5920,5919,-1,
5918,5919,5920,-1,
5919,5918,6014,-1,
6013,6014,5918,-1,
6014,6013,6016,-1,
6015,6016,6013,-1,
6016,6015,6024,-1,
6023,6024,6015,-1,
6024,6023,6026,-1,
6025,6026,6023,-1,
6026,6025,6032,-1,
6031,6032,6025,-1,
6032,6031,6045,-1,
6044,6045,6031,-1,
6045,6044,6047,-1,
6046,6047,6044,-1,
6047,6046,6056,-1,
6055,6056,6046,-1,
6056,6055,6068,-1,
6067,6068,6055,-1,
6068,6067,6153,-1,
6152,6153,6067,-1,
6324,6338,6325,-1,
6339,6325,6338,-1,
6338,6346,6339,-1,
6347,6339,6346,-1,
6346,6349,6347,-1,
6350,6347,6349,-1,
6349,6355,6350,-1,
6356,6350,6355,-1,
6355,6370,6356,-1,
6356,6370,7567,-1,
7566,7567,6370,-1,
8047,8053,8048,-1,
8048,8053,8061,-1,
8060,8061,8053,-1,
8060,8089,8061,-1,
8090,8061,8089,-1,
8089,8681,8090,-1,
8682,8090,8681,-1,
8726,8717,8727,-1,
8718,8727,8717,-1,
8717,8177,8718,-1,
8178,8718,8177,-1,
8177,8150,8178,-1,
8151,8178,8150,-1,
7607,7600,7608,-1,
7601,7608,7600,-1,
7600,6387,7601,-1,
6388,7601,6387,-1,
6281,6282,6285,-1,
6286,6285,6282,-1,
6257,6258,6281,-1,
6282,6281,6258,-1,
6212,6213,6257,-1,
6258,6257,6213,-1,
6269,6270,6212,-1,
6213,6212,6270,-1,
6269,6501,6270,-1,
6502,6270,6501,-1,
6501,6505,6502,-1,
6502,6505,6506,-1,
6505,6556,6506,-1,
6557,6506,6556,-1,
2150,2324,2151,-1,
2325,2151,2324,-1,
1125,1155,1126,-1,
1156,1126,1155,-1,
2324,2334,2325,-1,
2335,2325,2334,-1,
2334,2342,2335,-1,
2343,2335,2342,-1,
2342,2350,2343,-1,
2351,2343,2350,-1,
2350,2358,2351,-1,
2359,2351,2358,-1,
2358,2366,2359,-1,
2367,2359,2366,-1,
2366,2374,2367,-1,
2375,2367,2374,-1,
2374,2382,2375,-1,
2383,2375,2382,-1,
2382,2390,2383,-1,
2391,2383,2390,-1,
2398,2399,2390,-1,
2391,2390,2399,-1,
2406,2407,2398,-1,
2399,2398,2407,-1,
2414,2415,2406,-1,
2407,2406,2415,-1,
2422,2423,2414,-1,
2415,2414,2423,-1,
2430,2431,2422,-1,
2423,2422,2431,-1,
2438,2439,2430,-1,
2431,2430,2439,-1,
2446,2447,2438,-1,
2439,2438,2447,-1,
2464,2465,2446,-1,
2447,2446,2465,-1,
2466,2467,2464,-1,
2465,2464,2467,-1,
3491,3665,3492,-1,
3666,3492,3665,-1,
2466,2496,2467,-1,
2497,2467,2496,-1,
3665,3675,3666,-1,
3676,3666,3675,-1,
3675,3683,3676,-1,
3684,3676,3683,-1,
3683,3691,3684,-1,
3692,3684,3691,-1,
3691,3699,3692,-1,
3700,3692,3699,-1,
3699,3707,3700,-1,
3708,3700,3707,-1,
3707,3715,3708,-1,
3716,3708,3715,-1,
3715,3723,3716,-1,
3724,3716,3723,-1,
3723,3731,3724,-1,
3732,3724,3731,-1,
3739,3740,3731,-1,
3732,3731,3740,-1,
3747,3748,3739,-1,
3740,3739,3748,-1,
3755,3756,3747,-1,
3748,3747,3756,-1,
3763,3764,3755,-1,
3756,3755,3764,-1,
3771,3772,3763,-1,
3764,3763,3772,-1,
3779,3780,3771,-1,
3772,3771,3780,-1,
3787,3788,3779,-1,
3780,3779,3788,-1,
3805,3806,3787,-1,
3788,3787,3806,-1,
3807,3808,3805,-1,
3806,3805,3808,-1,
4832,4868,4833,-1,
4869,4833,4868,-1,
3807,3837,3808,-1,
3838,3808,3837,-1,
4869,4868,4867,-1,
4866,4867,4868,-1,
4866,4595,4867,-1,
4596,4867,4595,-1,
4068,3663,4069,-1,
3664,4069,3663,-1,
3663,3649,3664,-1,
3650,3664,3649,-1,
3649,3641,3650,-1,
3642,3650,3641,-1,
3641,3633,3642,-1,
3634,3642,3633,-1,
3633,3625,3634,-1,
3626,3634,3625,-1,
3625,3617,3626,-1,
3618,3626,3617,-1,
3617,3609,3618,-1,
3610,3618,3609,-1,
3609,3601,3610,-1,
3602,3610,3601,-1,
3601,3593,3602,-1,
3594,3602,3593,-1,
3594,3593,3586,-1,
3585,3586,3593,-1,
3586,3585,3578,-1,
3577,3578,3585,-1,
3578,3577,3570,-1,
3569,3570,3577,-1,
3570,3569,3562,-1,
3561,3562,3569,-1,
3562,3561,3554,-1,
3553,3554,3561,-1,
3554,3553,3546,-1,
3545,3546,3553,-1,
3546,3545,3538,-1,
3537,3538,3545,-1,
3538,3537,3528,-1,
3527,3528,3537,-1,
3528,3527,3526,-1,
3525,3526,3527,-1,
3525,3254,3526,-1,
3255,3526,3254,-1,
2727,2322,2728,-1,
2323,2728,2322,-1,
2322,2308,2323,-1,
2309,2323,2308,-1,
2308,2300,2309,-1,
2301,2309,2300,-1,
2300,2292,2301,-1,
2293,2301,2292,-1,
2292,2284,2293,-1,
2285,2293,2284,-1,
2284,2276,2285,-1,
2277,2285,2276,-1,
2276,2268,2277,-1,
2269,2277,2268,-1,
2268,2260,2269,-1,
2261,2269,2260,-1,
2260,2252,2261,-1,
2253,2261,2252,-1,
2253,2252,2245,-1,
2244,2245,2252,-1,
2245,2244,2237,-1,
2236,2237,2244,-1,
2237,2236,2229,-1,
2228,2229,2236,-1,
2229,2228,2221,-1,
2220,2221,2228,-1,
2221,2220,2213,-1,
2212,2213,2220,-1,
2213,2212,2205,-1,
2204,2205,2212,-1,
2205,2204,2197,-1,
2196,2197,2204,-1,
2197,2196,2187,-1,
2186,2187,2196,-1,
2187,2186,2185,-1,
2184,2185,2186,-1,
1388,1123,1389,-1,
1124,1389,1123,-1,
2184,1913,2185,-1,
1914,2185,1913,-1,
1125,1126,1123,-1,
1124,1123,1126,-1,
6228,6229,6242,-1,
6243,6242,6229,-1,
6222,6223,6228,-1,
6229,6228,6223,-1,
6216,6217,6222,-1,
6223,6222,6217,-1,
6207,6208,6216,-1,
6217,6216,6208,-1,
6201,6202,6207,-1,
6208,6207,6202,-1,
6193,6194,6201,-1,
6202,6201,6194,-1,
6187,6188,6193,-1,
6194,6193,6188,-1,
6179,6180,6187,-1,
6188,6187,6180,-1,
6179,6170,6180,-1,
6171,6180,6170,-1,
6170,6164,6171,-1,
6165,6171,6164,-1,
6164,6156,6165,-1,
6157,6165,6156,-1,
6156,6143,6157,-1,
6144,6157,6143,-1,
6143,6135,6144,-1,
6136,6144,6135,-1,
6135,6125,6136,-1,
6126,6136,6125,-1,
6125,6112,6126,-1,
6113,6126,6112,-1,
6112,6102,6113,-1,
6103,6113,6102,-1,
5290,5074,5291,-1,
5075,5291,5074,-1,
6102,5710,6103,-1,
5711,6103,5710,-1,
5076,5077,5074,-1,
5075,5074,5077,-1,
5076,5104,5077,-1,
5105,5077,5104,-1,
5900,5940,5901,-1,
5941,5901,5940,-1,
5941,5940,5939,-1,
5938,5939,5940,-1,
5939,5938,5949,-1,
5948,5949,5938,-1,
5949,5948,5955,-1,
5954,5955,5948,-1,
5955,5954,5961,-1,
5960,5961,5954,-1,
5961,5960,5969,-1,
5968,5969,5960,-1,
5969,5968,5979,-1,
5978,5979,5968,-1,
5979,5978,5985,-1,
5984,5985,5978,-1,
5985,5984,5995,-1,
5994,5995,5984,-1,
5995,5994,6001,-1,
6000,6001,5994,-1,
6000,6010,6001,-1,
6011,6001,6010,-1,
6010,6021,6011,-1,
6022,6011,6021,-1,
6021,6042,6022,-1,
6043,6022,6042,-1,
6042,6052,6043,-1,
6053,6043,6052,-1,
6052,6061,6053,-1,
6062,6053,6061,-1,
6061,6075,6062,-1,
6076,6062,6075,-1,
6075,6083,6076,-1,
6084,6076,6083,-1,
6083,6104,6084,-1,
6105,6084,6104,-1,
7234,7268,7235,-1,
7269,7235,7268,-1,
6104,6421,6105,-1,
6422,6105,6421,-1,
7269,7268,7267,-1,
7266,7267,7268,-1,
7266,7038,7267,-1,
7039,7267,7038,-1,
6614,6240,6615,-1,
6241,6615,6240,-1,
6242,6243,6240,-1,
6241,6240,6243,-1,
5058,5059,5072,-1,
5073,5072,5059,-1,
5050,5051,5058,-1,
5059,5058,5051,-1,
5042,5043,5050,-1,
5051,5050,5043,-1,
5034,5035,5042,-1,
5043,5042,5035,-1,
5026,5027,5034,-1,
5035,5034,5027,-1,
5018,5019,5026,-1,
5027,5026,5019,-1,
5010,5011,5018,-1,
5019,5018,5011,-1,
5002,5003,5010,-1,
5011,5010,5003,-1,
5002,4994,5003,-1,
4995,5003,4994,-1,
4994,4986,4995,-1,
4987,4995,4986,-1,
4986,4978,4987,-1,
4979,4987,4978,-1,
4978,4970,4979,-1,
4971,4979,4970,-1,
4970,4962,4971,-1,
4963,4971,4962,-1,
4962,4954,4963,-1,
4955,4963,4954,-1,
4954,4946,4955,-1,
4947,4955,4946,-1,
4946,4936,4947,-1,
4937,4947,4936,-1,
4936,4593,4937,-1,
4594,4937,4593,-1,
4066,3801,4067,-1,
3802,4067,3801,-1,
3803,3804,3801,-1,
3802,3801,3804,-1,
4830,4864,4831,-1,
4865,4831,4864,-1,
3803,3835,3804,-1,
3836,3804,3835,-1,
4865,4864,4863,-1,
4862,4863,4864,-1,
4863,4862,4873,-1,
4872,4873,4862,-1,
4873,4872,4877,-1,
4876,4877,4872,-1,
4877,4876,4881,-1,
4880,4881,4876,-1,
4881,4880,4885,-1,
4884,4885,4880,-1,
4885,4884,4889,-1,
4888,4889,4884,-1,
4889,4888,4893,-1,
4892,4893,4888,-1,
4893,4892,4897,-1,
4896,4897,4892,-1,
4897,4896,4901,-1,
4900,4901,4896,-1,
4900,4904,4901,-1,
4905,4901,4904,-1,
4904,4908,4905,-1,
4909,4905,4908,-1,
4908,4912,4909,-1,
4913,4909,4912,-1,
4912,4916,4913,-1,
4917,4913,4916,-1,
4916,4920,4917,-1,
4921,4917,4920,-1,
4920,4924,4921,-1,
4925,4921,4924,-1,
4924,4928,4925,-1,
4929,4925,4928,-1,
4928,4938,4929,-1,
4939,4929,4938,-1,
5898,5936,5899,-1,
5937,5899,5936,-1,
4938,5102,4939,-1,
5103,4939,5102,-1,
5937,5936,5935,-1,
5934,5935,5936,-1,
5935,5934,5947,-1,
5946,5947,5934,-1,
5947,5946,5953,-1,
5952,5953,5946,-1,
5953,5952,5959,-1,
5958,5959,5952,-1,
5959,5958,5967,-1,
5966,5967,5958,-1,
5967,5966,5977,-1,
5976,5977,5966,-1,
5977,5976,5983,-1,
5982,5983,5976,-1,
5983,5982,5993,-1,
5992,5993,5982,-1,
5993,5992,5999,-1,
5998,5999,5992,-1,
5998,6008,5999,-1,
6009,5999,6008,-1,
6008,6019,6009,-1,
6020,6009,6019,-1,
6019,6040,6020,-1,
6041,6020,6040,-1,
6040,6050,6041,-1,
6051,6041,6050,-1,
6050,6059,6051,-1,
6060,6051,6059,-1,
6059,6073,6060,-1,
6074,6060,6073,-1,
6073,6081,6074,-1,
6082,6074,6081,-1,
6081,6100,6082,-1,
6101,6082,6100,-1,
7232,7264,7233,-1,
7265,7233,7264,-1,
6100,6419,6101,-1,
6420,6101,6419,-1,
7265,7264,7263,-1,
7262,7263,7264,-1,
7262,7252,7263,-1,
7253,7263,7252,-1,
7253,7252,7251,-1,
7250,7251,7252,-1,
7250,7260,7251,-1,
7261,7251,7260,-1,
7261,7260,7259,-1,
7258,7259,7260,-1,
7258,7036,7259,-1,
7037,7259,7036,-1,
6612,6236,6613,-1,
6237,6613,6236,-1,
6238,6239,6236,-1,
6237,6236,6239,-1,
6226,6227,6238,-1,
6239,6238,6227,-1,
6220,6221,6226,-1,
6227,6226,6221,-1,
6214,6215,6220,-1,
6221,6220,6215,-1,
6205,6206,6214,-1,
6215,6214,6206,-1,
6199,6200,6205,-1,
6206,6205,6200,-1,
6191,6192,6199,-1,
6200,6199,6192,-1,
6185,6186,6191,-1,
6192,6191,6186,-1,
6177,6178,6185,-1,
6186,6185,6178,-1,
6177,6168,6178,-1,
6169,6178,6168,-1,
6168,6162,6169,-1,
6163,6169,6162,-1,
6162,6154,6163,-1,
6155,6163,6154,-1,
6154,6141,6155,-1,
6142,6155,6141,-1,
6141,6133,6142,-1,
6134,6142,6133,-1,
6133,6123,6134,-1,
6124,6134,6123,-1,
6123,6110,6124,-1,
6111,6124,6110,-1,
6110,6098,6111,-1,
6099,6111,6098,-1,
6098,5708,6099,-1,
5709,6099,5708,-1,
5288,5070,5289,-1,
5071,5289,5070,-1,
5072,5073,5070,-1,
5071,5070,5073,-1,
1121,1153,1122,-1,
1154,1122,1153,-1,
2148,2320,2149,-1,
2321,2149,2320,-1,
2320,2332,2321,-1,
2333,2321,2332,-1,
2332,2340,2333,-1,
2341,2333,2340,-1,
2340,2348,2341,-1,
2349,2341,2348,-1,
2348,2356,2349,-1,
2357,2349,2356,-1,
2356,2364,2357,-1,
2365,2357,2364,-1,
2364,2372,2365,-1,
2373,2365,2372,-1,
2372,2380,2373,-1,
2381,2373,2380,-1,
2380,2388,2381,-1,
2389,2381,2388,-1,
2396,2397,2388,-1,
2389,2388,2397,-1,
2404,2405,2396,-1,
2397,2396,2405,-1,
2412,2413,2404,-1,
2405,2404,2413,-1,
2420,2421,2412,-1,
2413,2412,2421,-1,
2428,2429,2420,-1,
2421,2420,2429,-1,
2436,2437,2428,-1,
2429,2428,2437,-1,
2444,2445,2436,-1,
2437,2436,2445,-1,
2460,2461,2444,-1,
2445,2444,2461,-1,
2462,2463,2460,-1,
2461,2460,2463,-1,
3489,3523,3490,-1,
3524,3490,3523,-1,
2462,2494,2463,-1,
2495,2463,2494,-1,
3524,3523,3522,-1,
3521,3522,3523,-1,
3521,3252,3522,-1,
3253,3522,3252,-1,
2725,2318,2726,-1,
2319,2726,2318,-1,
2318,2306,2319,-1,
2307,2319,2306,-1,
2306,2298,2307,-1,
2299,2307,2298,-1,
2298,2290,2299,-1,
2291,2299,2290,-1,
2290,2282,2291,-1,
2283,2291,2282,-1,
2282,2274,2283,-1,
2275,2283,2274,-1,
2274,2266,2275,-1,
2267,2275,2266,-1,
2266,2258,2267,-1,
2259,2267,2258,-1,
2258,2250,2259,-1,
2251,2259,2250,-1,
2251,2250,2243,-1,
2242,2243,2250,-1,
2243,2242,2235,-1,
2234,2235,2242,-1,
2235,2234,2227,-1,
2226,2227,2234,-1,
2227,2226,2219,-1,
2218,2219,2226,-1,
2219,2218,2211,-1,
2210,2211,2218,-1,
2211,2210,2203,-1,
2202,2203,2210,-1,
2203,2202,2195,-1,
2194,2195,2202,-1,
2195,2194,2183,-1,
2182,2183,2194,-1,
2183,2182,2181,-1,
2180,2181,2182,-1,
1386,1119,1387,-1,
1120,1387,1119,-1,
2180,1911,2181,-1,
1912,2181,1911,-1,
1121,1122,1119,-1,
1120,1119,1122,-1,
3487,3661,3488,-1,
3662,3488,3661,-1,
2458,2492,2459,-1,
2493,2459,2492,-1,
3661,3673,3662,-1,
3674,3662,3673,-1,
3673,3681,3674,-1,
3682,3674,3681,-1,
3681,3689,3682,-1,
3690,3682,3689,-1,
3689,3697,3690,-1,
3698,3690,3697,-1,
3697,3705,3698,-1,
3706,3698,3705,-1,
3705,3713,3706,-1,
3714,3706,3713,-1,
3713,3721,3714,-1,
3722,3714,3721,-1,
3721,3729,3722,-1,
3730,3722,3729,-1,
3737,3738,3729,-1,
3730,3729,3738,-1,
3745,3746,3737,-1,
3738,3737,3746,-1,
3753,3754,3745,-1,
3746,3745,3754,-1,
3761,3762,3753,-1,
3754,3753,3762,-1,
3769,3770,3761,-1,
3762,3761,3770,-1,
3777,3778,3769,-1,
3770,3769,3778,-1,
3785,3786,3777,-1,
3778,3777,3786,-1,
3797,3798,3785,-1,
3786,3785,3798,-1,
3799,3800,3797,-1,
3798,3797,3800,-1,
4828,4860,4829,-1,
4861,4829,4860,-1,
3799,3833,3800,-1,
3834,3800,3833,-1,
4861,4860,4859,-1,
4858,4859,4860,-1,
4859,4858,4871,-1,
4870,4871,4858,-1,
4871,4870,4875,-1,
4874,4875,4870,-1,
4875,4874,4879,-1,
4878,4879,4874,-1,
4879,4878,4883,-1,
4882,4883,4878,-1,
4883,4882,4887,-1,
4886,4887,4882,-1,
4887,4886,4891,-1,
4890,4891,4886,-1,
4891,4890,4895,-1,
4894,4895,4890,-1,
4895,4894,4899,-1,
4898,4899,4894,-1,
4898,4902,4899,-1,
4903,4899,4902,-1,
4902,4906,4903,-1,
4907,4903,4906,-1,
4906,4910,4907,-1,
4911,4907,4910,-1,
4910,4914,4911,-1,
4915,4911,4914,-1,
4914,4918,4915,-1,
4919,4915,4918,-1,
4918,4922,4919,-1,
4923,4919,4922,-1,
4922,4926,4923,-1,
4927,4923,4926,-1,
4926,4934,4927,-1,
4935,4927,4934,-1,
5896,5932,5897,-1,
5933,5897,5932,-1,
4934,5100,4935,-1,
5101,4935,5100,-1,
5933,5932,5931,-1,
5930,5931,5932,-1,
5930,5706,5931,-1,
5707,5931,5706,-1,
5286,5066,5287,-1,
5067,5287,5066,-1,
5068,5069,5066,-1,
5067,5066,5069,-1,
5056,5057,5068,-1,
5069,5068,5057,-1,
5048,5049,5056,-1,
5057,5056,5049,-1,
5040,5041,5048,-1,
5049,5048,5041,-1,
5032,5033,5040,-1,
5041,5040,5033,-1,
5024,5025,5032,-1,
5033,5032,5025,-1,
5016,5017,5024,-1,
5025,5024,5017,-1,
5008,5009,5016,-1,
5017,5016,5009,-1,
5000,5001,5008,-1,
5009,5008,5001,-1,
5000,4992,5001,-1,
4993,5001,4992,-1,
4992,4984,4993,-1,
4985,4993,4984,-1,
4984,4976,4985,-1,
4977,4985,4976,-1,
4976,4968,4977,-1,
4969,4977,4968,-1,
4968,4960,4969,-1,
4961,4969,4960,-1,
4960,4952,4961,-1,
4953,4961,4952,-1,
4952,4944,4953,-1,
4945,4953,4944,-1,
4944,4932,4945,-1,
4933,4945,4932,-1,
4932,4591,4933,-1,
4592,4933,4591,-1,
4064,3659,4065,-1,
3660,4065,3659,-1,
3659,3647,3660,-1,
3648,3660,3647,-1,
3647,3639,3648,-1,
3640,3648,3639,-1,
3639,3631,3640,-1,
3632,3640,3631,-1,
3631,3623,3632,-1,
3624,3632,3623,-1,
3623,3615,3624,-1,
3616,3624,3615,-1,
3615,3607,3616,-1,
3608,3616,3607,-1,
3607,3599,3608,-1,
3600,3608,3599,-1,
3599,3591,3600,-1,
3592,3600,3591,-1,
3592,3591,3584,-1,
3583,3584,3591,-1,
3584,3583,3576,-1,
3575,3576,3583,-1,
3576,3575,3568,-1,
3567,3568,3575,-1,
3568,3567,3560,-1,
3559,3560,3567,-1,
3560,3559,3552,-1,
3551,3552,3559,-1,
3552,3551,3544,-1,
3543,3544,3551,-1,
3544,3543,3536,-1,
3535,3536,3543,-1,
3536,3535,3520,-1,
3519,3520,3535,-1,
3520,3519,3518,-1,
3517,3518,3519,-1,
2723,2456,2724,-1,
2457,2724,2456,-1,
3517,3250,3518,-1,
3251,3518,3250,-1,
2458,2459,2456,-1,
2457,2456,2459,-1,
7257,7256,7255,-1,
7254,7255,7256,-1,
6610,6232,6611,-1,
6233,6611,6232,-1,
7254,7034,7255,-1,
7035,7255,7034,-1,
6234,6235,6232,-1,
6233,6232,6235,-1,
7230,7256,7231,-1,
7257,7231,7256,-1,
6234,6417,6235,-1,
6418,6235,6417,-1,
2176,1909,2177,-1,
1910,2177,1909,-1,
1384,1115,1385,-1,
1116,1385,1115,-1,
1117,1118,1115,-1,
1116,1115,1118,-1,
2146,2178,2147,-1,
2179,2147,2178,-1,
1117,1151,1118,-1,
1152,1118,1151,-1,
2179,2178,2177,-1,
2176,2177,2178,-1,
1113,1149,1114,-1,
1150,1114,1149,-1,
2144,2316,2145,-1,
2317,2145,2316,-1,
2316,2330,2317,-1,
2331,2317,2330,-1,
2330,2338,2331,-1,
2339,2331,2338,-1,
2338,2346,2339,-1,
2347,2339,2346,-1,
2346,2354,2347,-1,
2355,2347,2354,-1,
2354,2362,2355,-1,
2363,2355,2362,-1,
2362,2370,2363,-1,
2371,2363,2370,-1,
2370,2378,2371,-1,
2379,2371,2378,-1,
2378,2386,2379,-1,
2387,2379,2386,-1,
2394,2395,2386,-1,
2387,2386,2395,-1,
2402,2403,2394,-1,
2395,2394,2403,-1,
2410,2411,2402,-1,
2403,2402,2411,-1,
2418,2419,2410,-1,
2411,2410,2419,-1,
2426,2427,2418,-1,
2419,2418,2427,-1,
2434,2435,2426,-1,
2427,2426,2435,-1,
2442,2443,2434,-1,
2435,2434,2443,-1,
2452,2453,2442,-1,
2443,2442,2453,-1,
2454,2455,2452,-1,
2453,2452,2455,-1,
3485,3657,3486,-1,
3658,3486,3657,-1,
2454,2490,2455,-1,
2491,2455,2490,-1,
3657,3671,3658,-1,
3672,3658,3671,-1,
3671,3679,3672,-1,
3680,3672,3679,-1,
3679,3687,3680,-1,
3688,3680,3687,-1,
3687,3695,3688,-1,
3696,3688,3695,-1,
3695,3703,3696,-1,
3704,3696,3703,-1,
3703,3711,3704,-1,
3712,3704,3711,-1,
3711,3719,3712,-1,
3720,3712,3719,-1,
3719,3727,3720,-1,
3728,3720,3727,-1,
3735,3736,3727,-1,
3728,3727,3736,-1,
3743,3744,3735,-1,
3736,3735,3744,-1,
3751,3752,3743,-1,
3744,3743,3752,-1,
3759,3760,3751,-1,
3752,3751,3760,-1,
3767,3768,3759,-1,
3760,3759,3768,-1,
3775,3776,3767,-1,
3768,3767,3776,-1,
3783,3784,3775,-1,
3776,3775,3784,-1,
3793,3794,3783,-1,
3784,3783,3794,-1,
3795,3796,3793,-1,
3794,3793,3796,-1,
4826,4856,4827,-1,
4857,4827,4856,-1,
3795,3831,3796,-1,
3832,3796,3831,-1,
4857,4856,4855,-1,
4854,4855,4856,-1,
4072,3655,4073,-1,
3656,4073,3655,-1,
4854,4589,4855,-1,
4590,4855,4589,-1,
3655,3645,3656,-1,
3646,3656,3645,-1,
3645,3637,3646,-1,
3638,3646,3637,-1,
3637,3629,3638,-1,
3630,3638,3629,-1,
3629,3621,3630,-1,
3622,3630,3621,-1,
3621,3613,3622,-1,
3614,3622,3613,-1,
3613,3605,3614,-1,
3606,3614,3605,-1,
3605,3597,3606,-1,
3598,3606,3597,-1,
3597,3589,3598,-1,
3590,3598,3589,-1,
3590,3589,3582,-1,
3581,3582,3589,-1,
3582,3581,3574,-1,
3573,3574,3581,-1,
3574,3573,3566,-1,
3565,3566,3573,-1,
3566,3565,3558,-1,
3557,3558,3565,-1,
3558,3557,3550,-1,
3549,3550,3557,-1,
3550,3549,3542,-1,
3541,3542,3549,-1,
3542,3541,3534,-1,
3533,3534,3541,-1,
3534,3533,3516,-1,
3515,3516,3533,-1,
3516,3515,3514,-1,
3513,3514,3515,-1,
2731,2314,2732,-1,
2315,2732,2314,-1,
3513,3248,3514,-1,
3249,3514,3248,-1,
2314,2304,2315,-1,
2305,2315,2304,-1,
2304,2296,2305,-1,
2297,2305,2296,-1,
2296,2288,2297,-1,
2289,2297,2288,-1,
2288,2280,2289,-1,
2281,2289,2280,-1,
2280,2272,2281,-1,
2273,2281,2272,-1,
2272,2264,2273,-1,
2265,2273,2264,-1,
2264,2256,2265,-1,
2257,2265,2256,-1,
2256,2248,2257,-1,
2249,2257,2248,-1,
2249,2248,2241,-1,
2240,2241,2248,-1,
2241,2240,2233,-1,
2232,2233,2240,-1,
2233,2232,2225,-1,
2224,2225,2232,-1,
2225,2224,2217,-1,
2216,2217,2224,-1,
2217,2216,2209,-1,
2208,2209,2216,-1,
2209,2208,2201,-1,
2200,2201,2208,-1,
2201,2200,2193,-1,
2192,2193,2200,-1,
2193,2192,2175,-1,
2174,2175,2192,-1,
2175,2174,2173,-1,
2172,2173,2174,-1,
1382,1111,1383,-1,
1112,1383,1111,-1,
2172,1907,2173,-1,
1908,2173,1907,-1,
1113,1114,1111,-1,
1112,1111,1114,-1,
7528,7530,7484,-1,
7484,7486,7460,-1,
7486,7484,7530,-1,
7532,7534,7488,-1,
7480,7484,7450,-1,
7478,7480,7446,-1,
7474,7478,7438,-1,
7472,7474,7438,-1,
7468,7472,7412,-1,
7462,7460,7486,-1,
7488,7464,7486,-1,
7488,7534,7464,-1,
7302,7464,7280,-1,
7288,7310,7286,-1,
7286,7310,7284,-1,
7304,7284,7310,-1,
7284,7304,7282,-1,
7282,7304,7278,-1,
7300,7278,7304,-1,
7302,7278,7300,-1,
7534,7280,7464,-1,
7278,7302,7280,-1,
7462,7486,7464,-1,
7460,7458,7484,-1,
7456,7468,7412,-1,
7458,7452,7484,-1,
7452,7450,7484,-1,
7450,7446,7480,-1,
7444,7456,7402,-1,
7446,7438,7478,-1,
7438,7412,7472,-1,
7410,7444,7392,-1,
7412,7402,7456,-1,
7394,7410,7392,-1,
7402,7392,7444,-1,
7392,7376,7394,-1,
7394,7376,7374,-1,
7374,7376,7346,-1,
7354,7346,7376,-1,
7346,7354,7312,-1,
7312,7354,7294,-1,
7294,7354,7292,-1,
7314,7292,7354,-1,
7292,7314,7290,-1,
7310,7288,7314,-1,
7290,7314,7288,-1,
7508,7308,7506,-1,
7506,7308,7274,-1,
7274,7308,7276,-1,
7298,7276,7308,-1,
7504,7520,7506,-1,
7506,7520,7508,-1,
7522,7508,7520,-1,
7510,7508,7522,-1,
7298,7308,7386,-1,
7500,7306,7498,-1,
7498,7306,7270,-1,
7270,7306,7272,-1,
7296,7272,7306,-1,
7496,7512,7498,-1,
7498,7512,7500,-1,
7514,7500,7512,-1,
7502,7500,7514,-1,
7296,7306,7384,-1,
7416,7414,7320,-1,
7418,7416,7318,-1,
7406,7396,7414,-1,
7424,7418,7330,-1,
7428,7424,7334,-1,
7432,7428,7334,-1,
7396,7382,7414,-1,
7382,7372,7414,-1,
7372,7366,7414,-1,
7366,7362,7414,-1,
7362,7356,7414,-1,
7356,7350,7414,-1,
7350,7344,7414,-1,
7344,7340,7414,-1,
7330,7334,7424,-1,
7324,7320,7414,-1,
7326,7330,7418,-1,
7328,7324,7414,-1,
7322,7326,7418,-1,
7332,7328,7414,-1,
7318,7322,7418,-1,
7340,7332,7414,-1,
7316,7318,7416,-1,
7320,7316,7416,-1,
7430,7440,7406,-1,
7422,7430,7406,-1,
7414,7422,7406,-1,
7434,7406,7440,-1,
7524,7526,7490,-1,
7482,7490,7442,-1,
7476,7482,7442,-1,
7470,7476,7442,-1,
7466,7470,7436,-1,
7526,7442,7490,-1,
7454,7466,7434,-1,
7448,7454,7434,-1,
7440,7448,7434,-1,
7436,7434,7466,-1,
7442,7436,7470,-1,
7442,7426,7436,-1,
7436,7426,7420,-1,
7420,7426,7408,-1,
7426,7404,7408,-1,
7408,7404,7400,-1,
7404,7398,7400,-1,
7400,7398,7390,-1,
7398,7388,7390,-1,
7390,7388,7380,-1,
7388,7378,7380,-1,
7380,7378,7368,-1,
7370,7368,7378,-1,
7368,7370,7360,-1,
7364,7360,7370,-1,
7360,7364,7352,-1,
7358,7352,7364,-1,
7352,7358,7342,-1,
7348,7342,7358,-1,
7342,7348,7336,-1,
7338,7336,7348,-1,
7516,7518,7492,-1,
7494,7492,7518,-1,
7489,7488,7487,-1,
7486,7487,7488,-1,
7532,7488,7533,-1,
7489,7533,7488,-1,
7535,7534,7533,-1,
7532,7533,7534,-1,
7280,7534,7281,-1,
7535,7281,7534,-1,
7280,7281,7278,-1,
7279,7278,7281,-1,
7278,7279,7282,-1,
7283,7282,7279,-1,
7282,7283,7284,-1,
7285,7284,7283,-1,
7284,7285,7286,-1,
7287,7286,7285,-1,
7286,7287,7288,-1,
7289,7288,7287,-1,
7288,7289,7290,-1,
7291,7290,7289,-1,
7290,7291,7292,-1,
7293,7292,7291,-1,
7294,7292,7295,-1,
7293,7295,7292,-1,
7312,7294,7313,-1,
7295,7313,7294,-1,
7346,7312,7347,-1,
7313,7347,7312,-1,
7374,7346,7375,-1,
7347,7375,7346,-1,
7394,7374,7395,-1,
7375,7395,7374,-1,
7410,7394,7411,-1,
7395,7411,7394,-1,
7444,7410,7445,-1,
7411,7445,7410,-1,
7456,7444,7457,-1,
7445,7457,7444,-1,
7468,7456,7469,-1,
7457,7469,7456,-1,
7472,7468,7473,-1,
7469,7473,7468,-1,
7475,7474,7473,-1,
7472,7473,7474,-1,
7479,7478,7475,-1,
7474,7475,7478,-1,
7481,7480,7479,-1,
7478,7479,7480,-1,
7485,7484,7481,-1,
7480,7481,7484,-1,
7528,7484,7529,-1,
7485,7529,7484,-1,
7531,7530,7529,-1,
7528,7529,7530,-1,
7486,7530,7487,-1,
7531,7487,7530,-1,
7462,7463,7460,-1,
7461,7460,7463,-1,
7460,7461,7458,-1,
7459,7458,7461,-1,
7458,7459,7452,-1,
7453,7452,7459,-1,
7452,7453,7450,-1,
7451,7450,7453,-1,
7450,7451,7446,-1,
7447,7446,7451,-1,
7438,7446,7439,-1,
7447,7439,7446,-1,
7412,7438,7413,-1,
7439,7413,7438,-1,
7402,7412,7403,-1,
7413,7403,7412,-1,
7392,7402,7393,-1,
7403,7393,7402,-1,
7376,7392,7377,-1,
7393,7377,7392,-1,
7354,7376,7355,-1,
7377,7355,7376,-1,
7314,7354,7315,-1,
7355,7315,7354,-1,
7311,7310,7315,-1,
7314,7315,7310,-1,
7305,7304,7311,-1,
7310,7311,7304,-1,
7301,7300,7305,-1,
7304,7305,7300,-1,
7303,7302,7301,-1,
7300,7301,7302,-1,
7464,7302,7465,-1,
7303,7465,7302,-1,
7464,7465,7462,-1,
7463,7462,7465,-1,
7510,7511,7508,-1,
7509,7508,7511,-1,
7308,7508,7309,-1,
7509,7309,7508,-1,
7387,7386,7309,-1,
7308,7309,7386,-1,
7298,7386,7299,-1,
7387,7299,7386,-1,
7298,7299,7276,-1,
7277,7276,7299,-1,
7276,7277,7274,-1,
7275,7274,7277,-1,
7506,7274,7507,-1,
7275,7507,7274,-1,
7506,7507,7504,-1,
7505,7504,7507,-1,
7520,7504,7521,-1,
7505,7521,7504,-1,
7523,7522,7521,-1,
7520,7521,7522,-1,
7510,7522,7511,-1,
7523,7511,7522,-1,
7502,7503,7500,-1,
7501,7500,7503,-1,
7306,7500,7307,-1,
7501,7307,7500,-1,
7385,7384,7307,-1,
7306,7307,7384,-1,
7296,7384,7297,-1,
7385,7297,7384,-1,
7296,7297,7272,-1,
7273,7272,7297,-1,
7272,7273,7270,-1,
7271,7270,7273,-1,
7498,7270,7499,-1,
7271,7499,7270,-1,
7498,7499,7496,-1,
7497,7496,7499,-1,
7512,7496,7513,-1,
7497,7513,7496,-1,
7515,7514,7513,-1,
7512,7513,7514,-1,
7502,7514,7503,-1,
7515,7503,7514,-1,
7426,7442,7427,-1,
7443,7427,7442,-1,
7404,7426,7405,-1,
7427,7405,7426,-1,
7398,7404,7399,-1,
7405,7399,7404,-1,
7388,7398,7389,-1,
7399,7389,7398,-1,
7378,7388,7379,-1,
7389,7379,7388,-1,
7370,7378,7371,-1,
7379,7371,7378,-1,
7364,7370,7365,-1,
7371,7365,7370,-1,
7358,7364,7359,-1,
7365,7359,7364,-1,
7348,7358,7349,-1,
7359,7349,7358,-1,
7338,7348,7339,-1,
7349,7339,7348,-1,
7338,7339,7336,-1,
7337,7336,7339,-1,
7342,7336,7343,-1,
7337,7343,7336,-1,
7352,7342,7353,-1,
7343,7353,7342,-1,
7360,7352,7361,-1,
7353,7361,7352,-1,
7368,7360,7369,-1,
7361,7369,7360,-1,
7380,7368,7381,-1,
7369,7381,7368,-1,
7390,7380,7391,-1,
7381,7391,7380,-1,
7400,7390,7401,-1,
7391,7401,7390,-1,
7408,7400,7409,-1,
7401,7409,7400,-1,
7420,7408,7421,-1,
7409,7421,7408,-1,
7436,7420,7437,-1,
7421,7437,7420,-1,
7436,7437,7434,-1,
7435,7434,7437,-1,
7406,7434,7407,-1,
7435,7407,7434,-1,
7396,7406,7397,-1,
7407,7397,7406,-1,
7382,7396,7383,-1,
7397,7383,7396,-1,
7372,7382,7373,-1,
7383,7373,7382,-1,
7366,7372,7367,-1,
7373,7367,7372,-1,
7362,7366,7363,-1,
7367,7363,7366,-1,
7356,7362,7357,-1,
7363,7357,7362,-1,
7356,7357,7350,-1,
7351,7350,7357,-1,
7350,7351,7344,-1,
7345,7344,7351,-1,
7344,7345,7340,-1,
7341,7340,7345,-1,
7340,7341,7332,-1,
7333,7332,7341,-1,
7332,7333,7328,-1,
7329,7328,7333,-1,
7328,7329,7324,-1,
7325,7324,7329,-1,
7324,7325,7320,-1,
7321,7320,7325,-1,
7320,7321,7316,-1,
7317,7316,7321,-1,
7316,7317,7318,-1,
7319,7318,7317,-1,
7318,7319,7322,-1,
7323,7322,7319,-1,
7322,7323,7326,-1,
7327,7326,7323,-1,
7326,7327,7330,-1,
7331,7330,7327,-1,
7330,7331,7334,-1,
7335,7334,7331,-1,
7432,7334,7433,-1,
7335,7433,7334,-1,
7429,7428,7433,-1,
7432,7433,7428,-1,
7425,7424,7429,-1,
7428,7429,7424,-1,
7419,7418,7425,-1,
7424,7425,7418,-1,
7417,7416,7419,-1,
7418,7419,7416,-1,
7415,7414,7417,-1,
7416,7417,7414,-1,
7423,7422,7415,-1,
7414,7415,7422,-1,
7431,7430,7423,-1,
7422,7423,7430,-1,
7441,7440,7431,-1,
7430,7431,7440,-1,
7449,7448,7441,-1,
7440,7441,7448,-1,
7454,7448,7455,-1,
7449,7455,7448,-1,
7466,7454,7467,-1,
7455,7467,7454,-1,
7470,7466,7471,-1,
7467,7471,7466,-1,
7476,7470,7477,-1,
7471,7477,7470,-1,
7482,7476,7483,-1,
7477,7483,7476,-1,
7490,7482,7491,-1,
7483,7491,7482,-1,
7524,7490,7525,-1,
7491,7525,7490,-1,
7527,7526,7525,-1,
7524,7525,7526,-1,
7442,7526,7443,-1,
7527,7443,7526,-1,
7494,7495,7492,-1,
7493,7492,7495,-1,
7516,7492,7517,-1,
7493,7517,7492,-1,
7519,7518,7517,-1,
7516,7517,7518,-1,
7494,7518,7495,-1,
7519,7495,7518,-1
]
}
}
