solid OpenSCAD_Model
  facet normal 0 0 -1
    outer loop
      vertex 53 55.545 20
      vertex 52.9977 55.5578 20
      vertex 53 55.5582 20
    endloop
  endfacet
  facet normal 0 0 -1
    outer loop
      vertex 55.4139 41.8548 20
      vertex 54.8 55.7024 20
      vertex 57.2003 42.0899 20
    endloop
  endfacet
  facet normal 0 0 -1
    outer loop
      vertex 53.0079 55.5 20
      vertex 54.8 55.7024 20
      vertex 55.4139 41.8548 20
    endloop
  endfacet
  facet normal 0 0 -1
    outer loop
      vertex 53 55.5582 20
      vertex 54.8 55.7024 20
      vertex 53.0079 55.5 20
    endloop
  endfacet
  facet normal 0 0 -1
    outer loop
      vertex 53 55.545 20
      vertex 53.0079 55.5 20
      vertex 53 55.5 20
    endloop
  endfacet
  facet normal 0 0 -1
    outer loop
      vertex 53 55.5582 20
      vertex 53.0079 55.5 20
      vertex 53 55.545 20
    endloop
  endfacet
  facet normal 0 0 -1
    outer loop
      vertex 53 64.6566 20
      vertex 54.8 55.7024 20
      vertex 53 55.5582 20
    endloop
  endfacet
  facet normal 0 0 -1
    outer loop
      vertex 54.8 55.7024 20
      vertex 53 64.6566 20
      vertex 54.8 64.7258 20
    endloop
  endfacet
  facet normal 0 0 -1
    outer loop
      vertex 53 133.192 20
      vertex 54.8 125.691 20
      vertex 53 125.691 20
    endloop
  endfacet
  facet normal -0 0 -1
    outer loop
      vertex 91.5139 52.3533 20
      vertex 91.5 23.8911 20
      vertex 91.5 52.3827 20
    endloop
  endfacet
  facet normal 0 0 -1
    outer loop
      vertex 55.8657 39.2929 20
      vertex 60.912 21.0397 20
      vertex 59.176 20.5189 20
    endloop
  endfacet
  facet normal 0 0 -1
    outer loop
      vertex 60.912 21.0397 20
      vertex 55.8657 39.2929 20
      vertex 57.652 39.528 20
    endloop
  endfacet
  facet normal 0 0 -1
    outer loop
      vertex 93.3 130.453 20
      vertex 92.667 130.453 20
      vertex 93.3 134.235 20
    endloop
  endfacet
  facet normal 0 0 -1
    outer loop
      vertex 131.4 127.907 20
      vertex 131.393 127.911 20
      vertex 131.4 132.57 20
    endloop
  endfacet
  facet normal 0 0 -1
    outer loop
      vertex 181.148 128.318 20
      vertex 182.948 129.182 20
      vertex 182.948 47.3239 20
    endloop
  endfacet
  facet normal 0 0 -1
    outer loop
      vertex 181.148 128.318 20
      vertex 182.948 47.3239 20
      vertex 181.148 47.6014 20
    endloop
  endfacet
  facet normal 0 0 -1
    outer loop
      vertex 175.395 29.3806 20
      vertex 182.948 47.3239 20
      vertex 176.979 28.4189 20
    endloop
  endfacet
  facet normal -0 0 -1
    outer loop
      vertex 182.948 47.3239 20
      vertex 175.395 29.3806 20
      vertex 181.148 47.6014 20
    endloop
  endfacet
  facet normal 0 0 -1
    outer loop
      vertex 173.349 27.3354 20
      vertex 176.979 28.4189 20
      vertex 174.095 25.5354 20
    endloop
  endfacet
  facet normal -0 0 -1
    outer loop
      vertex 176.979 28.4189 20
      vertex 173.349 27.3354 20
      vertex 175.395 29.3806 20
    endloop
  endfacet
  facet normal 0 0 -1
    outer loop
      vertex 131.198 25.5354 20
      vertex 173.349 27.3354 20
      vertex 174.095 25.5354 20
    endloop
  endfacet
  facet normal -0 0 -1
    outer loop
      vertex 173.349 27.3354 20
      vertex 131.198 25.5354 20
      vertex 131.4 27.3354 20
    endloop
  endfacet
  facet normal 0 0 -1
    outer loop
      vertex 131.177 25.5344 20
      vertex 131.4 27.3354 20
      vertex 131.198 25.5354 20
    endloop
  endfacet
  facet normal 0 0 -1
    outer loop
      vertex 131.4 27.3354 20
      vertex 131.177 25.5344 20
      vertex 129.6 27.2041 20
    endloop
  endfacet
  facet normal 0 -0 -1
    outer loop
      vertex 130.654 46.8952 20
      vertex 131.4 27.3354 20
      vertex 129.6 27.2041 20
    endloop
  endfacet
  facet normal 0 0 -1
    outer loop
      vertex 131.4 27.3354 20
      vertex 130.767 46.89 20
      vertex 131.4 46.89 20
    endloop
  endfacet
  facet normal 0 0 -1
    outer loop
      vertex 131.4 27.3354 20
      vertex 130.752 46.8904 20
      vertex 130.767 46.89 20
    endloop
  endfacet
  facet normal 0 0 -1
    outer loop
      vertex 131.4 27.3354 20
      vertex 130.654 46.8952 20
      vertex 130.752 46.8904 20
    endloop
  endfacet
  facet normal -0 0 -1
    outer loop
      vertex 130.654 46.8952 20
      vertex 129.6 27.2041 20
      vertex 130.625 46.8981 20
    endloop
  endfacet
  facet normal -0 0 -1
    outer loop
      vertex 130.625 46.8981 20
      vertex 129.6 27.2041 20
      vertex 130.528 46.9125 20
    endloop
  endfacet
  facet normal -0 0 -1
    outer loop
      vertex 130.528 46.9125 20
      vertex 129.6 27.2041 20
      vertex 130.499 46.9182 20
    endloop
  endfacet
  facet normal -0 0 -1
    outer loop
      vertex 130.499 46.9182 20
      vertex 129.6 27.2041 20
      vertex 130.404 46.9421 20
    endloop
  endfacet
  facet normal -0 0 -1
    outer loop
      vertex 130.404 46.9421 20
      vertex 129.6 27.2041 20
      vertex 130.376 46.9506 20
    endloop
  endfacet
  facet normal -0 0 -1
    outer loop
      vertex 130.376 46.9506 20
      vertex 129.6 27.2041 20
      vertex 130.283 46.9837 20
    endloop
  endfacet
  facet normal -0 0 -1
    outer loop
      vertex 130.283 46.9837 20
      vertex 129.6 27.2041 20
      vertex 130.256 46.9949 20
    endloop
  endfacet
  facet normal -0 0 -1
    outer loop
      vertex 130.256 46.9949 20
      vertex 129.6 27.2041 20
      vertex 130.167 47.0369 20
    endloop
  endfacet
  facet normal -0 0 -1
    outer loop
      vertex 130.167 47.0369 20
      vertex 129.6 27.2041 20
      vertex 130.141 47.0508 20
    endloop
  endfacet
  facet normal -0 0 -1
    outer loop
      vertex 130.141 47.0508 20
      vertex 129.6 27.2041 20
      vertex 130.057 47.1012 20
    endloop
  endfacet
  facet normal -0 0 -1
    outer loop
      vertex 130.057 47.1012 20
      vertex 129.6 27.2041 20
      vertex 130.033 47.1176 20
    endloop
  endfacet
  facet normal -0 0 -1
    outer loop
      vertex 130.033 47.1176 20
      vertex 129.6 27.2041 20
      vertex 129.954 47.176 20
    endloop
  endfacet
  facet normal -0 0 -1
    outer loop
      vertex 129.954 47.176 20
      vertex 129.6 27.2041 20
      vertex 129.931 47.1947 20
    endloop
  endfacet
  facet normal -0 0 -1
    outer loop
      vertex 129.931 47.1947 20
      vertex 129.6 27.2041 20
      vertex 129.858 47.2606 20
    endloop
  endfacet
  facet normal -0 0 -1
    outer loop
      vertex 129.858 47.2606 20
      vertex 129.6 27.2041 20
      vertex 129.838 47.2814 20
    endloop
  endfacet
  facet normal -0 0 -1
    outer loop
      vertex 129.838 47.2814 20
      vertex 129.6 27.2041 20
      vertex 129.772 47.3541 20
    endloop
  endfacet
  facet normal -0 0 -1
    outer loop
      vertex 129.772 47.3541 20
      vertex 129.6 27.2041 20
      vertex 129.753 47.3769 20
    endloop
  endfacet
  facet normal -0 0 -1
    outer loop
      vertex 129.753 47.3769 20
      vertex 129.6 27.2041 20
      vertex 129.695 47.4557 20
    endloop
  endfacet
  facet normal -0 0 -1
    outer loop
      vertex 129.695 47.4557 20
      vertex 129.6 27.2041 20
      vertex 129.678 47.4802 20
    endloop
  endfacet
  facet normal -0 0 -1
    outer loop
      vertex 129.678 47.4802 20
      vertex 129.6 27.2041 20
      vertex 129.628 47.5643 20
    endloop
  endfacet
  facet normal -0 0 -1
    outer loop
      vertex 129.628 47.5643 20
      vertex 129.6 27.2041 20
      vertex 129.614 47.5903 20
    endloop
  endfacet
  facet normal -0 0 -1
    outer loop
      vertex 131.177 25.5344 20
      vertex 93.3 24.0476 20
      vertex 129.6 27.2041 20
    endloop
  endfacet
  facet normal 0 0 -1
    outer loop
      vertex 93.3 24.0476 20
      vertex 92.667 51.653 20
      vertex 93.3 51.653 20
    endloop
  endfacet
  facet normal 0 0 -1
    outer loop
      vertex 93.3 24.0476 20
      vertex 92.6523 51.6534 20
      vertex 92.667 51.653 20
    endloop
  endfacet
  facet normal 0 0 -1
    outer loop
      vertex 93.3 24.0476 20
      vertex 92.5543 51.6582 20
      vertex 92.6523 51.6534 20
    endloop
  endfacet
  facet normal 0 0 -1
    outer loop
      vertex 93.3 24.0476 20
      vertex 92.5249 51.6611 20
      vertex 92.5543 51.6582 20
    endloop
  endfacet
  facet normal 0 0 -1
    outer loop
      vertex 91.5 23.8911 20
      vertex 92.5249 51.6611 20
      vertex 93.3 24.0476 20
    endloop
  endfacet
  facet normal -0 0 -1
    outer loop
      vertex 92.5249 51.6611 20
      vertex 91.5 23.8911 20
      vertex 92.4279 51.6755 20
    endloop
  endfacet
  facet normal -0 0 -1
    outer loop
      vertex 92.4279 51.6755 20
      vertex 91.5 23.8911 20
      vertex 92.399 51.6812 20
    endloop
  endfacet
  facet normal -0 0 -1
    outer loop
      vertex 92.399 51.6812 20
      vertex 91.5 23.8911 20
      vertex 92.3038 51.7051 20
    endloop
  endfacet
  facet normal -0 0 -1
    outer loop
      vertex 92.3038 51.7051 20
      vertex 91.5 23.8911 20
      vertex 92.2757 51.7136 20
    endloop
  endfacet
  facet normal -0 0 -1
    outer loop
      vertex 92.2757 51.7136 20
      vertex 91.5 23.8911 20
      vertex 92.1833 51.7467 20
    endloop
  endfacet
  facet normal -0 0 -1
    outer loop
      vertex 92.1833 51.7467 20
      vertex 91.5 23.8911 20
      vertex 92.156 51.7579 20
    endloop
  endfacet
  facet normal -0 0 -1
    outer loop
      vertex 92.156 51.7579 20
      vertex 91.5 23.8911 20
      vertex 92.0673 51.7999 20
    endloop
  endfacet
  facet normal -0 0 -1
    outer loop
      vertex 92.0673 51.7999 20
      vertex 91.5 23.8911 20
      vertex 92.0413 51.8138 20
    endloop
  endfacet
  facet normal -0 0 -1
    outer loop
      vertex 92.0413 51.8138 20
      vertex 91.5 23.8911 20
      vertex 91.9572 51.8642 20
    endloop
  endfacet
  facet normal -0 0 -1
    outer loop
      vertex 91.9572 51.8642 20
      vertex 91.5 23.8911 20
      vertex 91.9327 51.8806 20
    endloop
  endfacet
  facet normal -0 0 -1
    outer loop
      vertex 91.9327 51.8806 20
      vertex 91.5 23.8911 20
      vertex 91.8539 51.939 20
    endloop
  endfacet
  facet normal -0 0 -1
    outer loop
      vertex 91.8539 51.939 20
      vertex 91.5 23.8911 20
      vertex 91.8312 51.9577 20
    endloop
  endfacet
  facet normal -0 0 -1
    outer loop
      vertex 91.8312 51.9577 20
      vertex 91.5 23.8911 20
      vertex 91.7585 52.0236 20
    endloop
  endfacet
  facet normal -0 0 -1
    outer loop
      vertex 91.7585 52.0236 20
      vertex 91.5 23.8911 20
      vertex 91.7376 52.0444 20
    endloop
  endfacet
  facet normal -0 0 -1
    outer loop
      vertex 91.7376 52.0444 20
      vertex 91.5 23.8911 20
      vertex 91.6717 52.1171 20
    endloop
  endfacet
  facet normal -0 0 -1
    outer loop
      vertex 91.6717 52.1171 20
      vertex 91.5 23.8911 20
      vertex 91.653 52.1399 20
    endloop
  endfacet
  facet normal -0 0 -1
    outer loop
      vertex 91.653 52.1399 20
      vertex 91.5 23.8911 20
      vertex 91.5946 52.2187 20
    endloop
  endfacet
  facet normal -0 0 -1
    outer loop
      vertex 91.5946 52.2187 20
      vertex 91.5 23.8911 20
      vertex 91.5782 52.2432 20
    endloop
  endfacet
  facet normal -0 0 -1
    outer loop
      vertex 91.5782 52.2432 20
      vertex 91.5 23.8911 20
      vertex 91.5278 52.3274 20
    endloop
  endfacet
  facet normal -0 0 -1
    outer loop
      vertex 91.5278 52.3274 20
      vertex 91.5 23.8911 20
      vertex 91.5139 52.3533 20
    endloop
  endfacet
  facet normal 0 0 -1
    outer loop
      vertex 62.1768 19.5344 20
      vertex 93.3 24.0476 20
      vertex 131.177 25.5344 20
    endloop
  endfacet
  facet normal 0 0 -1
    outer loop
      vertex 93.3 24.0476 20
      vertex 62.1768 19.5344 20
      vertex 91.5 23.8911 20
    endloop
  endfacet
  facet normal 0 0 -1
    outer loop
      vertex 62.0209 21.3277 20
      vertex 62.1768 19.5344 20
      vertex 62.1572 19.532 20
    endloop
  endfacet
  facet normal 0 0 -1
    outer loop
      vertex 62.1768 19.5344 20
      vertex 62.0209 21.3277 20
      vertex 91.5 23.8911 20
    endloop
  endfacet
  facet normal 0 0 -1
    outer loop
      vertex 61.8602 21.3073 20
      vertex 62.1572 19.532 20
      vertex 62.1266 19.5248 20
    endloop
  endfacet
  facet normal 0 0 -1
    outer loop
      vertex 62.1572 19.532 20
      vertex 61.8602 21.3073 20
      vertex 62.0209 21.3277 20
    endloop
  endfacet
  facet normal 0 0 -1
    outer loop
      vertex 62.1266 19.5248 20
      vertex 61.6094 21.2489 20
      vertex 61.8602 21.3073 20
    endloop
  endfacet
  facet normal 0 0 -1
    outer loop
      vertex 62.1266 19.5248 20
      vertex 60.912 21.0397 20
      vertex 61.6094 21.2489 20
    endloop
  endfacet
  facet normal 0 0 -1
    outer loop
      vertex 62.1266 19.5248 20
      vertex 59.176 20.5189 20
      vertex 60.912 21.0397 20
    endloop
  endfacet
  facet normal 0 0 -1
    outer loop
      vertex 22.1618 7.53539 20
      vertex 59.176 20.5189 20
      vertex 62.1266 19.5248 20
    endloop
  endfacet
  facet normal 0 0 -1
    outer loop
      vertex 22.1618 7.53539 20
      vertex 21.8976 9.33539 20
      vertex 59.176 20.5189 20
    endloop
  endfacet
  facet normal 0 0 -1
    outer loop
      vertex 22.1618 7.53539 20
      vertex 20.6824 9.33539 20
      vertex 21.8976 9.33539 20
    endloop
  endfacet
  facet normal 0 0 -1
    outer loop
      vertex 20.2575 7.53539 20
      vertex 20.6824 9.33539 20
      vertex 22.1618 7.53539 20
    endloop
  endfacet
  facet normal 0 0 -1
    outer loop
      vertex 20.2575 7.53539 20
      vertex 19.8459 9.75365 20
      vertex 20.6824 9.33539 20
    endloop
  endfacet
  facet normal 0 0 -1
    outer loop
      vertex 18.3994 8.46443 20
      vertex 19.8459 9.75365 20
      vertex 20.2575 7.53539 20
    endloop
  endfacet
  facet normal 0 0 -1
    outer loop
      vertex 2.43787 52.3586 20
      vertex 19.8459 9.75365 20
      vertex 18.3994 8.46443 20
    endloop
  endfacet
  facet normal 0 0 -1
    outer loop
      vertex 1.44849 56.3162 20
      vertex 3.24849 56.5377 20
      vertex 2.43787 52.3586 20
    endloop
  endfacet
  facet normal -0 0 -1
    outer loop
      vertex 4.16142 52.886 20
      vertex 2.43787 52.3586 20
      vertex 3.24849 56.5377 20
    endloop
  endfacet
  facet normal 0 0 -1
    outer loop
      vertex 19.8459 9.75365 20
      vertex 2.43787 52.3586 20
      vertex 4.16142 52.886 20
    endloop
  endfacet
  facet normal -0 0 -1
    outer loop
      vertex 182.948 129.182 20
      vertex 181.148 128.318 20
      vertex 182.086 130.044 20
    endloop
  endfacet
  facet normal 0 0 -1
    outer loop
      vertex 131.4 132.57 20
      vertex 182.086 130.044 20
      vertex 181.148 128.318 20
    endloop
  endfacet
  facet normal 0 0 -1
    outer loop
      vertex 131.367 127.925 20
      vertex 131.4 132.57 20
      vertex 131.393 127.911 20
    endloop
  endfacet
  facet normal 0 0 -1
    outer loop
      vertex 131.278 127.967 20
      vertex 131.4 132.57 20
      vertex 131.367 127.925 20
    endloop
  endfacet
  facet normal 0 0 -1
    outer loop
      vertex 131.251 127.978 20
      vertex 131.4 132.57 20
      vertex 131.278 127.967 20
    endloop
  endfacet
  facet normal 0 0 -1
    outer loop
      vertex 131.158 128.011 20
      vertex 131.4 132.57 20
      vertex 131.251 127.978 20
    endloop
  endfacet
  facet normal 0 0 -1
    outer loop
      vertex 131.13 128.02 20
      vertex 131.4 132.57 20
      vertex 131.158 128.011 20
    endloop
  endfacet
  facet normal 0 0 -1
    outer loop
      vertex 131.035 128.044 20
      vertex 131.4 132.57 20
      vertex 131.13 128.02 20
    endloop
  endfacet
  facet normal 0 0 -1
    outer loop
      vertex 131.006 128.05 20
      vertex 131.4 132.57 20
      vertex 131.035 128.044 20
    endloop
  endfacet
  facet normal 0 0 -1
    outer loop
      vertex 130.909 128.064 20
      vertex 131.4 132.57 20
      vertex 131.006 128.05 20
    endloop
  endfacet
  facet normal 0 0 -1
    outer loop
      vertex 130.88 128.067 20
      vertex 131.4 132.57 20
      vertex 130.909 128.064 20
    endloop
  endfacet
  facet normal 0 0 -1
    outer loop
      vertex 130.782 128.072 20
      vertex 131.4 132.57 20
      vertex 130.88 128.067 20
    endloop
  endfacet
  facet normal 0 0 -1
    outer loop
      vertex 130.767 128.072 20
      vertex 131.4 132.57 20
      vertex 130.782 128.072 20
    endloop
  endfacet
  facet normal 0 0 -1
    outer loop
      vertex 129.6 132.724 20
      vertex 130.767 128.072 20
      vertex 129.6 128.072 20
    endloop
  endfacet
  facet normal 0 0 -1
    outer loop
      vertex 130.767 128.072 20
      vertex 129.6 132.724 20
      vertex 131.4 132.57 20
    endloop
  endfacet
  facet normal 0 0 -1
    outer loop
      vertex 111.988 136.035 20
      vertex 131.4 132.57 20
      vertex 129.6 132.724 20
    endloop
  endfacet
  facet normal 0 0 -1
    outer loop
      vertex 131.4 132.57 20
      vertex 111.988 136.035 20
      vertex 182.086 130.044 20
    endloop
  endfacet
  facet normal 0 0 -1
    outer loop
      vertex 111.911 134.235 20
      vertex 111.988 136.035 20
      vertex 129.6 132.724 20
    endloop
  endfacet
  facet normal 0 0 -1
    outer loop
      vertex 93.3 134.235 20
      vertex 111.988 136.035 20
      vertex 111.911 134.235 20
    endloop
  endfacet
  facet normal 0 0 -1
    outer loop
      vertex 92.6523 130.453 20
      vertex 93.3 134.235 20
      vertex 92.667 130.453 20
    endloop
  endfacet
  facet normal 0 0 -1
    outer loop
      vertex 92.5542 130.448 20
      vertex 93.3 134.235 20
      vertex 92.6523 130.453 20
    endloop
  endfacet
  facet normal 0 0 -1
    outer loop
      vertex 91.5 134.235 20
      vertex 92.5542 130.448 20
      vertex 92.525 130.445 20
    endloop
  endfacet
  facet normal 0 0 -1
    outer loop
      vertex 91.5 134.235 20
      vertex 92.525 130.445 20
      vertex 92.4279 130.431 20
    endloop
  endfacet
  facet normal 0 0 -1
    outer loop
      vertex 91.5 134.235 20
      vertex 92.4279 130.431 20
      vertex 92.399 130.425 20
    endloop
  endfacet
  facet normal 0 0 -1
    outer loop
      vertex 91.5 134.235 20
      vertex 92.399 130.425 20
      vertex 92.3038 130.401 20
    endloop
  endfacet
  facet normal 0 0 -1
    outer loop
      vertex 91.5 134.235 20
      vertex 92.3038 130.401 20
      vertex 92.2756 130.392 20
    endloop
  endfacet
  facet normal 0 0 -1
    outer loop
      vertex 91.5 134.235 20
      vertex 92.2756 130.392 20
      vertex 92.1832 130.359 20
    endloop
  endfacet
  facet normal 0 0 -1
    outer loop
      vertex 91.5 134.235 20
      vertex 92.1832 130.359 20
      vertex 92.1561 130.348 20
    endloop
  endfacet
  facet normal 0 0 -1
    outer loop
      vertex 91.5 134.235 20
      vertex 92.1561 130.348 20
      vertex 92.0674 130.306 20
    endloop
  endfacet
  facet normal 0 0 -1
    outer loop
      vertex 91.5 134.235 20
      vertex 92.0674 130.306 20
      vertex 92.0413 130.292 20
    endloop
  endfacet
  facet normal 0 0 -1
    outer loop
      vertex 91.5 134.235 20
      vertex 92.0413 130.292 20
      vertex 91.9572 130.242 20
    endloop
  endfacet
  facet normal 0 0 -1
    outer loop
      vertex 91.5 134.235 20
      vertex 91.9572 130.242 20
      vertex 91.9327 130.225 20
    endloop
  endfacet
  facet normal 0 0 -1
    outer loop
      vertex 91.5 134.235 20
      vertex 91.9327 130.225 20
      vertex 91.8539 130.167 20
    endloop
  endfacet
  facet normal 0 0 -1
    outer loop
      vertex 91.5 134.235 20
      vertex 91.8539 130.167 20
      vertex 91.8312 130.148 20
    endloop
  endfacet
  facet normal 0 0 -1
    outer loop
      vertex 91.5 134.235 20
      vertex 91.8312 130.148 20
      vertex 91.7585 130.082 20
    endloop
  endfacet
  facet normal 0 0 -1
    outer loop
      vertex 91.5 134.235 20
      vertex 91.7585 130.082 20
      vertex 91.7376 130.062 20
    endloop
  endfacet
  facet normal 0 0 -1
    outer loop
      vertex 91.5 134.235 20
      vertex 91.7376 130.062 20
      vertex 91.6717 129.989 20
    endloop
  endfacet
  facet normal 0 0 -1
    outer loop
      vertex 91.5 134.235 20
      vertex 91.6717 129.989 20
      vertex 91.653 129.966 20
    endloop
  endfacet
  facet normal 0 0 -1
    outer loop
      vertex 91.5 134.235 20
      vertex 91.653 129.966 20
      vertex 91.5946 129.887 20
    endloop
  endfacet
  facet normal 0 0 -1
    outer loop
      vertex 91.5 134.235 20
      vertex 91.5946 129.887 20
      vertex 91.5782 129.863 20
    endloop
  endfacet
  facet normal 0 0 -1
    outer loop
      vertex 91.5 134.235 20
      vertex 91.5782 129.863 20
      vertex 91.5278 129.779 20
    endloop
  endfacet
  facet normal 0 0 -1
    outer loop
      vertex 91.5 134.235 20
      vertex 91.5278 129.779 20
      vertex 91.5139 129.753 20
    endloop
  endfacet
  facet normal 0 0 -1
    outer loop
      vertex 91.5 134.235 20
      vertex 91.5139 129.753 20
      vertex 91.5 129.723 20
    endloop
  endfacet
  facet normal 0 0 -1
    outer loop
      vertex 92.5542 130.448 20
      vertex 91.5 134.235 20
      vertex 93.3 134.235 20
    endloop
  endfacet
  facet normal 0 0 -1
    outer loop
      vertex 91.5 134.235 20
      vertex 111.988 136.035 20
      vertex 93.3 134.235 20
    endloop
  endfacet
  facet normal 0 0 -1
    outer loop
      vertex 70.5059 136.035 20
      vertex 91.5 134.235 20
      vertex 70.5593 134.235 20
    endloop
  endfacet
  facet normal 0 0 -1
    outer loop
      vertex 91.5 134.235 20
      vertex 70.5059 136.035 20
      vertex 111.988 136.035 20
    endloop
  endfacet
  facet normal 0 0 -1
    outer loop
      vertex 54.8 133.299 20
      vertex 70.5059 136.035 20
      vertex 70.5593 134.235 20
    endloop
  endfacet
  facet normal 0 0 -1
    outer loop
      vertex 54.8 125.691 20
      vertex 53 133.192 20
      vertex 54.8 133.299 20
    endloop
  endfacet
  facet normal 0 0 -1
    outer loop
      vertex 53 133.192 20
      vertex 70.5059 136.035 20
      vertex 54.8 133.299 20
    endloop
  endfacet
  facet normal 0 0 -1
    outer loop
      vertex 3.30811 132.041 20
      vertex 53 133.192 20
      vertex 4.09744 130.285 20
    endloop
  endfacet
  facet normal -0 0 -1
    outer loop
      vertex 53 133.192 20
      vertex 3.30811 132.041 20
      vertex 70.5059 136.035 20
    endloop
  endfacet
  facet normal 0 0 -1
    outer loop
      vertex 3.24849 129.436 20
      vertex 3.30811 132.041 20
      vertex 4.09744 130.285 20
    endloop
  endfacet
  facet normal -0 0 -1
    outer loop
      vertex 3.24849 56.5377 20
      vertex 1.44849 56.3162 20
      vertex 3.24849 129.436 20
    endloop
  endfacet
  facet normal 0 0 -1
    outer loop
      vertex 1.44849 130.182 20
      vertex 3.24849 129.436 20
      vertex 1.44849 56.3162 20
    endloop
  endfacet
  facet normal 0 0 -1
    outer loop
      vertex 3.24849 129.436 20
      vertex 1.44849 130.182 20
      vertex 3.30811 132.041 20
    endloop
  endfacet
  facet normal -0 0 -1
    outer loop
      vertex 129.614 47.5903 20
      vertex 129.6 27.2041 20
      vertex 129.6 47.6197 20
    endloop
  endfacet
  facet normal 0 0 -1
    outer loop
      vertex 53 106.641 20
      vertex 53.267 123.091 20
      vertex 53.267 106.641 20
    endloop
  endfacet
  facet normal -0 0 -1
    outer loop
      vertex 53.267 123.091 20
      vertex 53 106.641 20
      vertex 53 123.091 20
    endloop
  endfacet
  facet normal 0 0 -1
    outer loop
      vertex 53 87.59 20
      vertex 53.267 104.041 20
      vertex 53.267 87.59 20
    endloop
  endfacet
  facet normal -0 0 -1
    outer loop
      vertex 53.267 104.041 20
      vertex 53 87.59 20
      vertex 53 104.041 20
    endloop
  endfacet
  facet normal 0 0 -1
    outer loop
      vertex 53 84.99 20
      vertex 53.267 67.2673 20
      vertex 53 67.257 20
    endloop
  endfacet
  facet normal 0 0 -1
    outer loop
      vertex 53.267 67.2673 20
      vertex 53 84.99 20
      vertex 53.267 84.99 20
    endloop
  endfacet
  facet normal 0 0 -1
    outer loop
      vertex 93.3 92.353 20
      vertex 93.2927 106.583 20
      vertex 93.3 106.587 20
    endloop
  endfacet
  facet normal 0 0 -1
    outer loop
      vertex 93.3 92.353 20
      vertex 93.2666 106.569 20
      vertex 93.2927 106.583 20
    endloop
  endfacet
  facet normal 0 0 -1
    outer loop
      vertex 93.3 92.353 20
      vertex 93.1779 106.527 20
      vertex 93.2666 106.569 20
    endloop
  endfacet
  facet normal 0 0 -1
    outer loop
      vertex 93.3 92.353 20
      vertex 93.1508 106.516 20
      vertex 93.1779 106.527 20
    endloop
  endfacet
  facet normal 0 0 -1
    outer loop
      vertex 93.3 92.353 20
      vertex 93.0583 106.483 20
      vertex 93.1508 106.516 20
    endloop
  endfacet
  facet normal 0 0 -1
    outer loop
      vertex 93.3 92.353 20
      vertex 93.0302 106.474 20
      vertex 93.0583 106.483 20
    endloop
  endfacet
  facet normal 0 0 -1
    outer loop
      vertex 93.3 92.353 20
      vertex 92.935 106.45 20
      vertex 93.0302 106.474 20
    endloop
  endfacet
  facet normal 0 0 -1
    outer loop
      vertex 93.3 92.353 20
      vertex 92.9061 106.444 20
      vertex 92.935 106.45 20
    endloop
  endfacet
  facet normal 0 0 -1
    outer loop
      vertex 93.3 92.353 20
      vertex 92.809 106.43 20
      vertex 92.9061 106.444 20
    endloop
  endfacet
  facet normal 0 0 -1
    outer loop
      vertex 93.3 92.353 20
      vertex 92.7798 106.427 20
      vertex 92.809 106.43 20
    endloop
  endfacet
  facet normal 0 0 -1
    outer loop
      vertex 93.3 92.353 20
      vertex 92.6817 106.422 20
      vertex 92.7798 106.427 20
    endloop
  endfacet
  facet normal 0 0 -1
    outer loop
      vertex 92.667 92.353 20
      vertex 92.6817 106.422 20
      vertex 93.3 92.353 20
    endloop
  endfacet
  facet normal 0 0 -1
    outer loop
      vertex 92.667 92.353 20
      vertex 92.667 106.422 20
      vertex 92.6817 106.422 20
    endloop
  endfacet
  facet normal 0 0 -1
    outer loop
      vertex 92.6523 92.3526 20
      vertex 92.667 106.422 20
      vertex 92.667 92.353 20
    endloop
  endfacet
  facet normal 0 0 -1
    outer loop
      vertex 92.5543 92.3478 20
      vertex 92.667 106.422 20
      vertex 92.6523 92.3526 20
    endloop
  endfacet
  facet normal 0 0 -1
    outer loop
      vertex 91.5 106.422 20
      vertex 92.5543 92.3478 20
      vertex 92.5249 92.3449 20
    endloop
  endfacet
  facet normal 0 0 -1
    outer loop
      vertex 91.5 106.422 20
      vertex 92.5249 92.3449 20
      vertex 92.4279 92.3305 20
    endloop
  endfacet
  facet normal 0 0 -1
    outer loop
      vertex 91.5 106.422 20
      vertex 92.4279 92.3305 20
      vertex 92.399 92.3248 20
    endloop
  endfacet
  facet normal 0 0 -1
    outer loop
      vertex 91.5 106.422 20
      vertex 92.399 92.3248 20
      vertex 92.3038 92.301 20
    endloop
  endfacet
  facet normal 0 0 -1
    outer loop
      vertex 91.5 106.422 20
      vertex 92.3038 92.301 20
      vertex 92.2756 92.2924 20
    endloop
  endfacet
  facet normal 0 0 -1
    outer loop
      vertex 91.5 106.422 20
      vertex 92.2756 92.2924 20
      vertex 92.1832 92.2593 20
    endloop
  endfacet
  facet normal 0 0 -1
    outer loop
      vertex 91.5 106.422 20
      vertex 92.1832 92.2593 20
      vertex 92.156 92.2481 20
    endloop
  endfacet
  facet normal 0 0 -1
    outer loop
      vertex 91.5 106.422 20
      vertex 92.156 92.2481 20
      vertex 92.0673 92.2061 20
    endloop
  endfacet
  facet normal 0 0 -1
    outer loop
      vertex 91.5 106.422 20
      vertex 92.0673 92.2061 20
      vertex 92.0414 92.1922 20
    endloop
  endfacet
  facet normal 0 0 -1
    outer loop
      vertex 91.5 106.422 20
      vertex 92.0414 92.1922 20
      vertex 91.9572 92.1418 20
    endloop
  endfacet
  facet normal 0 0 -1
    outer loop
      vertex 91.5 106.422 20
      vertex 91.9572 92.1418 20
      vertex 91.9327 92.1254 20
    endloop
  endfacet
  facet normal 0 0 -1
    outer loop
      vertex 91.5 106.422 20
      vertex 91.9327 92.1254 20
      vertex 91.8539 92.0669 20
    endloop
  endfacet
  facet normal 0 0 -1
    outer loop
      vertex 91.5 106.422 20
      vertex 91.8539 92.0669 20
      vertex 91.8312 92.0483 20
    endloop
  endfacet
  facet normal 0 0 -1
    outer loop
      vertex 91.5 106.422 20
      vertex 91.8312 92.0483 20
      vertex 91.7585 91.9824 20
    endloop
  endfacet
  facet normal 0 0 -1
    outer loop
      vertex 91.5 106.422 20
      vertex 91.7585 91.9824 20
      vertex 91.7376 91.9616 20
    endloop
  endfacet
  facet normal 0 0 -1
    outer loop
      vertex 91.5 106.422 20
      vertex 91.7376 91.9616 20
      vertex 91.6717 91.8889 20
    endloop
  endfacet
  facet normal 0 0 -1
    outer loop
      vertex 91.5 106.422 20
      vertex 91.6717 91.8889 20
      vertex 91.653 91.8661 20
    endloop
  endfacet
  facet normal 0 0 -1
    outer loop
      vertex 91.5 106.422 20
      vertex 91.653 91.8661 20
      vertex 91.5946 91.7873 20
    endloop
  endfacet
  facet normal 0 0 -1
    outer loop
      vertex 91.5 106.422 20
      vertex 91.5946 91.7873 20
      vertex 91.5782 91.7628 20
    endloop
  endfacet
  facet normal 0 0 -1
    outer loop
      vertex 91.5 106.422 20
      vertex 91.5782 91.7628 20
      vertex 91.5278 91.6786 20
    endloop
  endfacet
  facet normal 0 0 -1
    outer loop
      vertex 91.5 106.422 20
      vertex 91.5278 91.6786 20
      vertex 91.5139 91.6527 20
    endloop
  endfacet
  facet normal 0 0 -1
    outer loop
      vertex 91.5 106.422 20
      vertex 91.5139 91.6527 20
      vertex 91.5 91.6233 20
    endloop
  endfacet
  facet normal 0 0 -1
    outer loop
      vertex 92.5543 92.3478 20
      vertex 91.5 106.422 20
      vertex 92.667 106.422 20
    endloop
  endfacet
  facet normal 0 0 -1
    outer loop
      vertex 93.3 73.303 20
      vertex 93.2926 87.5328 20
      vertex 93.3 87.5372 20
    endloop
  endfacet
  facet normal 0 0 -1
    outer loop
      vertex 93.3 73.303 20
      vertex 93.2667 87.5189 20
      vertex 93.2926 87.5328 20
    endloop
  endfacet
  facet normal 0 0 -1
    outer loop
      vertex 93.3 73.303 20
      vertex 93.178 87.4769 20
      vertex 93.2667 87.5189 20
    endloop
  endfacet
  facet normal 0 0 -1
    outer loop
      vertex 93.3 73.303 20
      vertex 93.1508 87.4657 20
      vertex 93.178 87.4769 20
    endloop
  endfacet
  facet normal 0 0 -1
    outer loop
      vertex 93.3 73.303 20
      vertex 93.0583 87.4326 20
      vertex 93.1508 87.4657 20
    endloop
  endfacet
  facet normal 0 0 -1
    outer loop
      vertex 93.3 73.303 20
      vertex 93.0302 87.424 20
      vertex 93.0583 87.4326 20
    endloop
  endfacet
  facet normal 0 0 -1
    outer loop
      vertex 93.3 73.303 20
      vertex 92.935 87.4002 20
      vertex 93.0302 87.424 20
    endloop
  endfacet
  facet normal 0 0 -1
    outer loop
      vertex 93.3 73.303 20
      vertex 92.9061 87.3945 20
      vertex 92.935 87.4002 20
    endloop
  endfacet
  facet normal 0 0 -1
    outer loop
      vertex 93.3 73.303 20
      vertex 92.8091 87.3801 20
      vertex 92.9061 87.3945 20
    endloop
  endfacet
  facet normal 0 0 -1
    outer loop
      vertex 93.3 73.303 20
      vertex 92.7798 87.3772 20
      vertex 92.8091 87.3801 20
    endloop
  endfacet
  facet normal 0 0 -1
    outer loop
      vertex 93.3 73.303 20
      vertex 92.6817 87.3724 20
      vertex 92.7798 87.3772 20
    endloop
  endfacet
  facet normal 0 0 -1
    outer loop
      vertex 92.667 73.303 20
      vertex 92.6817 87.3724 20
      vertex 93.3 73.303 20
    endloop
  endfacet
  facet normal 0 0 -1
    outer loop
      vertex 92.667 73.303 20
      vertex 92.667 87.372 20
      vertex 92.6817 87.3724 20
    endloop
  endfacet
  facet normal 0 0 -1
    outer loop
      vertex 92.6523 73.3026 20
      vertex 92.667 87.372 20
      vertex 92.667 73.303 20
    endloop
  endfacet
  facet normal 0 0 -1
    outer loop
      vertex 92.5542 73.2978 20
      vertex 92.667 87.372 20
      vertex 92.6523 73.3026 20
    endloop
  endfacet
  facet normal 0 0 -1
    outer loop
      vertex 91.5 87.372 20
      vertex 92.5542 73.2978 20
      vertex 92.5249 73.2949 20
    endloop
  endfacet
  facet normal 0 0 -1
    outer loop
      vertex 91.5 87.372 20
      vertex 92.5249 73.2949 20
      vertex 92.4279 73.2805 20
    endloop
  endfacet
  facet normal 0 0 -1
    outer loop
      vertex 91.5 87.372 20
      vertex 92.4279 73.2805 20
      vertex 92.399 73.2748 20
    endloop
  endfacet
  facet normal 0 0 -1
    outer loop
      vertex 91.5 87.372 20
      vertex 92.399 73.2748 20
      vertex 92.3038 73.251 20
    endloop
  endfacet
  facet normal 0 0 -1
    outer loop
      vertex 91.5 87.372 20
      vertex 92.3038 73.251 20
      vertex 92.2756 73.2424 20
    endloop
  endfacet
  facet normal 0 0 -1
    outer loop
      vertex 91.5 87.372 20
      vertex 92.2756 73.2424 20
      vertex 92.1832 73.2093 20
    endloop
  endfacet
  facet normal 0 0 -1
    outer loop
      vertex 91.5 87.372 20
      vertex 92.1832 73.2093 20
      vertex 92.156 73.1981 20
    endloop
  endfacet
  facet normal 0 0 -1
    outer loop
      vertex 91.5 87.372 20
      vertex 92.156 73.1981 20
      vertex 92.0673 73.1561 20
    endloop
  endfacet
  facet normal 0 0 -1
    outer loop
      vertex 91.5 87.372 20
      vertex 92.0673 73.1561 20
      vertex 92.0414 73.1422 20
    endloop
  endfacet
  facet normal 0 0 -1
    outer loop
      vertex 91.5 87.372 20
      vertex 92.0414 73.1422 20
      vertex 91.9572 73.0918 20
    endloop
  endfacet
  facet normal 0 0 -1
    outer loop
      vertex 91.5 87.372 20
      vertex 91.9572 73.0918 20
      vertex 91.9327 73.0754 20
    endloop
  endfacet
  facet normal 0 0 -1
    outer loop
      vertex 91.5 87.372 20
      vertex 91.9327 73.0754 20
      vertex 91.8539 73.017 20
    endloop
  endfacet
  facet normal 0 0 -1
    outer loop
      vertex 91.5 87.372 20
      vertex 91.8539 73.017 20
      vertex 91.8312 72.9983 20
    endloop
  endfacet
  facet normal 0 0 -1
    outer loop
      vertex 91.5 87.372 20
      vertex 91.8312 72.9983 20
      vertex 91.7585 72.9324 20
    endloop
  endfacet
  facet normal 0 0 -1
    outer loop
      vertex 91.5 87.372 20
      vertex 91.7585 72.9324 20
      vertex 91.7376 72.9116 20
    endloop
  endfacet
  facet normal 0 0 -1
    outer loop
      vertex 91.5 87.372 20
      vertex 91.7376 72.9116 20
      vertex 91.6717 72.8388 20
    endloop
  endfacet
  facet normal 0 0 -1
    outer loop
      vertex 91.5 87.372 20
      vertex 91.6717 72.8388 20
      vertex 91.653 72.8161 20
    endloop
  endfacet
  facet normal 0 0 -1
    outer loop
      vertex 91.5 87.372 20
      vertex 91.653 72.8161 20
      vertex 91.5946 72.7373 20
    endloop
  endfacet
  facet normal 0 0 -1
    outer loop
      vertex 91.5 87.372 20
      vertex 91.5946 72.7373 20
      vertex 91.5782 72.7128 20
    endloop
  endfacet
  facet normal 0 0 -1
    outer loop
      vertex 91.5 87.372 20
      vertex 91.5782 72.7128 20
      vertex 91.5278 72.6286 20
    endloop
  endfacet
  facet normal 0 0 -1
    outer loop
      vertex 91.5 87.372 20
      vertex 91.5278 72.6286 20
      vertex 91.5139 72.6027 20
    endloop
  endfacet
  facet normal 0 0 -1
    outer loop
      vertex 91.5 87.372 20
      vertex 91.5139 72.6027 20
      vertex 91.5 72.5733 20
    endloop
  endfacet
  facet normal 0 0 -1
    outer loop
      vertex 92.5542 73.2978 20
      vertex 91.5 87.372 20
      vertex 92.667 87.372 20
    endloop
  endfacet
  facet normal 0 0 -1
    outer loop
      vertex 131.393 108.861 20
      vertex 131.4 123.091 20
      vertex 131.4 108.857 20
    endloop
  endfacet
  facet normal 0 0 -1
    outer loop
      vertex 131.367 108.875 20
      vertex 131.4 123.091 20
      vertex 131.393 108.861 20
    endloop
  endfacet
  facet normal 0 0 -1
    outer loop
      vertex 131.278 108.917 20
      vertex 131.4 123.091 20
      vertex 131.367 108.875 20
    endloop
  endfacet
  facet normal 0 0 -1
    outer loop
      vertex 131.251 108.928 20
      vertex 131.4 123.091 20
      vertex 131.278 108.917 20
    endloop
  endfacet
  facet normal 0 0 -1
    outer loop
      vertex 131.158 108.961 20
      vertex 131.4 123.091 20
      vertex 131.251 108.928 20
    endloop
  endfacet
  facet normal 0 0 -1
    outer loop
      vertex 131.13 108.97 20
      vertex 131.4 123.091 20
      vertex 131.158 108.961 20
    endloop
  endfacet
  facet normal 0 0 -1
    outer loop
      vertex 131.035 108.994 20
      vertex 131.4 123.091 20
      vertex 131.13 108.97 20
    endloop
  endfacet
  facet normal 0 0 -1
    outer loop
      vertex 131.006 109 20
      vertex 131.4 123.091 20
      vertex 131.035 108.994 20
    endloop
  endfacet
  facet normal 0 0 -1
    outer loop
      vertex 130.909 109.014 20
      vertex 131.4 123.091 20
      vertex 131.006 109 20
    endloop
  endfacet
  facet normal 0 0 -1
    outer loop
      vertex 130.88 109.017 20
      vertex 131.4 123.091 20
      vertex 130.909 109.014 20
    endloop
  endfacet
  facet normal 0 0 -1
    outer loop
      vertex 130.782 109.022 20
      vertex 131.4 123.091 20
      vertex 130.88 109.017 20
    endloop
  endfacet
  facet normal 0 0 -1
    outer loop
      vertex 130.767 123.091 20
      vertex 130.782 109.022 20
      vertex 130.767 109.022 20
    endloop
  endfacet
  facet normal 0 0 -1
    outer loop
      vertex 130.782 109.022 20
      vertex 130.767 123.091 20
      vertex 131.4 123.091 20
    endloop
  endfacet
  facet normal 0 0 -1
    outer loop
      vertex 130.767 109.022 20
      vertex 130.752 123.091 20
      vertex 130.767 123.091 20
    endloop
  endfacet
  facet normal 0 0 -1
    outer loop
      vertex 130.767 109.022 20
      vertex 130.654 123.096 20
      vertex 130.752 123.091 20
    endloop
  endfacet
  facet normal 0 0 -1
    outer loop
      vertex 129.6 109.022 20
      vertex 130.654 123.096 20
      vertex 130.767 109.022 20
    endloop
  endfacet
  facet normal -0 0 -1
    outer loop
      vertex 130.654 123.096 20
      vertex 129.6 109.022 20
      vertex 130.625 123.099 20
    endloop
  endfacet
  facet normal -0 0 -1
    outer loop
      vertex 130.625 123.099 20
      vertex 129.6 109.022 20
      vertex 130.528 123.113 20
    endloop
  endfacet
  facet normal -0 0 -1
    outer loop
      vertex 130.528 123.113 20
      vertex 129.6 109.022 20
      vertex 130.499 123.119 20
    endloop
  endfacet
  facet normal -0 0 -1
    outer loop
      vertex 130.499 123.119 20
      vertex 129.6 109.022 20
      vertex 130.404 123.143 20
    endloop
  endfacet
  facet normal -0 0 -1
    outer loop
      vertex 130.404 123.143 20
      vertex 129.6 109.022 20
      vertex 130.376 123.152 20
    endloop
  endfacet
  facet normal -0 0 -1
    outer loop
      vertex 130.376 123.152 20
      vertex 129.6 109.022 20
      vertex 130.283 123.185 20
    endloop
  endfacet
  facet normal -0 0 -1
    outer loop
      vertex 130.283 123.185 20
      vertex 129.6 109.022 20
      vertex 130.256 123.196 20
    endloop
  endfacet
  facet normal -0 0 -1
    outer loop
      vertex 130.256 123.196 20
      vertex 129.6 109.022 20
      vertex 130.167 123.238 20
    endloop
  endfacet
  facet normal -0 0 -1
    outer loop
      vertex 130.167 123.238 20
      vertex 129.6 109.022 20
      vertex 130.141 123.252 20
    endloop
  endfacet
  facet normal -0 0 -1
    outer loop
      vertex 130.141 123.252 20
      vertex 129.6 109.022 20
      vertex 130.057 123.302 20
    endloop
  endfacet
  facet normal -0 0 -1
    outer loop
      vertex 130.057 123.302 20
      vertex 129.6 109.022 20
      vertex 130.033 123.319 20
    endloop
  endfacet
  facet normal -0 0 -1
    outer loop
      vertex 130.033 123.319 20
      vertex 129.6 109.022 20
      vertex 129.954 123.377 20
    endloop
  endfacet
  facet normal -0 0 -1
    outer loop
      vertex 129.954 123.377 20
      vertex 129.6 109.022 20
      vertex 129.931 123.396 20
    endloop
  endfacet
  facet normal -0 0 -1
    outer loop
      vertex 129.931 123.396 20
      vertex 129.6 109.022 20
      vertex 129.858 123.462 20
    endloop
  endfacet
  facet normal -0 0 -1
    outer loop
      vertex 129.858 123.462 20
      vertex 129.6 109.022 20
      vertex 129.838 123.482 20
    endloop
  endfacet
  facet normal -0 0 -1
    outer loop
      vertex 129.838 123.482 20
      vertex 129.6 109.022 20
      vertex 129.772 123.555 20
    endloop
  endfacet
  facet normal -0 0 -1
    outer loop
      vertex 129.772 123.555 20
      vertex 129.6 109.022 20
      vertex 129.753 123.578 20
    endloop
  endfacet
  facet normal -0 0 -1
    outer loop
      vertex 129.753 123.578 20
      vertex 129.6 109.022 20
      vertex 129.695 123.657 20
    endloop
  endfacet
  facet normal -0 0 -1
    outer loop
      vertex 129.695 123.657 20
      vertex 129.6 109.022 20
      vertex 129.678 123.681 20
    endloop
  endfacet
  facet normal -0 0 -1
    outer loop
      vertex 129.678 123.681 20
      vertex 129.6 109.022 20
      vertex 129.628 123.765 20
    endloop
  endfacet
  facet normal -0 0 -1
    outer loop
      vertex 129.628 123.765 20
      vertex 129.6 109.022 20
      vertex 129.614 123.791 20
    endloop
  endfacet
  facet normal -0 0 -1
    outer loop
      vertex 129.614 123.791 20
      vertex 129.6 109.022 20
      vertex 129.6 123.821 20
    endloop
  endfacet
  facet normal 0 0 -1
    outer loop
      vertex 131.393 89.8112 20
      vertex 131.4 104.041 20
      vertex 131.4 89.8068 20
    endloop
  endfacet
  facet normal 0 0 -1
    outer loop
      vertex 131.367 89.8251 20
      vertex 131.4 104.041 20
      vertex 131.393 89.8112 20
    endloop
  endfacet
  facet normal 0 0 -1
    outer loop
      vertex 131.278 89.8671 20
      vertex 131.4 104.041 20
      vertex 131.367 89.8251 20
    endloop
  endfacet
  facet normal 0 0 -1
    outer loop
      vertex 131.251 89.8783 20
      vertex 131.4 104.041 20
      vertex 131.278 89.8671 20
    endloop
  endfacet
  facet normal 0 0 -1
    outer loop
      vertex 131.158 89.9114 20
      vertex 131.4 104.041 20
      vertex 131.251 89.8783 20
    endloop
  endfacet
  facet normal 0 0 -1
    outer loop
      vertex 131.13 89.9199 20
      vertex 131.4 104.041 20
      vertex 131.158 89.9114 20
    endloop
  endfacet
  facet normal 0 0 -1
    outer loop
      vertex 131.035 89.9438 20
      vertex 131.4 104.041 20
      vertex 131.13 89.9199 20
    endloop
  endfacet
  facet normal 0 0 -1
    outer loop
      vertex 131.006 89.9495 20
      vertex 131.4 104.041 20
      vertex 131.035 89.9438 20
    endloop
  endfacet
  facet normal 0 0 -1
    outer loop
      vertex 130.909 89.9639 20
      vertex 131.4 104.041 20
      vertex 131.006 89.9495 20
    endloop
  endfacet
  facet normal 0 0 -1
    outer loop
      vertex 130.88 89.9668 20
      vertex 131.4 104.041 20
      vertex 130.909 89.9639 20
    endloop
  endfacet
  facet normal 0 0 -1
    outer loop
      vertex 130.782 89.9716 20
      vertex 131.4 104.041 20
      vertex 130.88 89.9668 20
    endloop
  endfacet
  facet normal 0 0 -1
    outer loop
      vertex 130.767 104.041 20
      vertex 130.782 89.9716 20
      vertex 130.767 89.972 20
    endloop
  endfacet
  facet normal 0 0 -1
    outer loop
      vertex 130.782 89.9716 20
      vertex 130.767 104.041 20
      vertex 131.4 104.041 20
    endloop
  endfacet
  facet normal 0 0 -1
    outer loop
      vertex 130.767 89.972 20
      vertex 130.752 104.041 20
      vertex 130.767 104.041 20
    endloop
  endfacet
  facet normal 0 0 -1
    outer loop
      vertex 130.767 89.972 20
      vertex 130.654 104.046 20
      vertex 130.752 104.041 20
    endloop
  endfacet
  facet normal 0 0 -1
    outer loop
      vertex 129.6 89.972 20
      vertex 130.654 104.046 20
      vertex 130.767 89.972 20
    endloop
  endfacet
  facet normal -0 0 -1
    outer loop
      vertex 130.654 104.046 20
      vertex 129.6 89.972 20
      vertex 130.625 104.049 20
    endloop
  endfacet
  facet normal -0 0 -1
    outer loop
      vertex 130.625 104.049 20
      vertex 129.6 89.972 20
      vertex 130.528 104.063 20
    endloop
  endfacet
  facet normal -0 0 -1
    outer loop
      vertex 130.528 104.063 20
      vertex 129.6 89.972 20
      vertex 130.499 104.069 20
    endloop
  endfacet
  facet normal -0 0 -1
    outer loop
      vertex 130.499 104.069 20
      vertex 129.6 89.972 20
      vertex 130.404 104.093 20
    endloop
  endfacet
  facet normal -0 0 -1
    outer loop
      vertex 130.404 104.093 20
      vertex 129.6 89.972 20
      vertex 130.376 104.102 20
    endloop
  endfacet
  facet normal -0 0 -1
    outer loop
      vertex 130.376 104.102 20
      vertex 129.6 89.972 20
      vertex 130.283 104.135 20
    endloop
  endfacet
  facet normal -0 0 -1
    outer loop
      vertex 130.283 104.135 20
      vertex 129.6 89.972 20
      vertex 130.256 104.146 20
    endloop
  endfacet
  facet normal -0 0 -1
    outer loop
      vertex 130.256 104.146 20
      vertex 129.6 89.972 20
      vertex 130.167 104.188 20
    endloop
  endfacet
  facet normal -0 0 -1
    outer loop
      vertex 130.167 104.188 20
      vertex 129.6 89.972 20
      vertex 130.141 104.202 20
    endloop
  endfacet
  facet normal -0 0 -1
    outer loop
      vertex 130.141 104.202 20
      vertex 129.6 89.972 20
      vertex 130.057 104.252 20
    endloop
  endfacet
  facet normal -0 0 -1
    outer loop
      vertex 130.057 104.252 20
      vertex 129.6 89.972 20
      vertex 130.033 104.269 20
    endloop
  endfacet
  facet normal -0 0 -1
    outer loop
      vertex 130.033 104.269 20
      vertex 129.6 89.972 20
      vertex 129.954 104.327 20
    endloop
  endfacet
  facet normal -0 0 -1
    outer loop
      vertex 129.954 104.327 20
      vertex 129.6 89.972 20
      vertex 129.931 104.346 20
    endloop
  endfacet
  facet normal -0 0 -1
    outer loop
      vertex 129.931 104.346 20
      vertex 129.6 89.972 20
      vertex 129.858 104.412 20
    endloop
  endfacet
  facet normal -0 0 -1
    outer loop
      vertex 129.858 104.412 20
      vertex 129.6 89.972 20
      vertex 129.838 104.432 20
    endloop
  endfacet
  facet normal -0 0 -1
    outer loop
      vertex 129.838 104.432 20
      vertex 129.6 89.972 20
      vertex 129.772 104.505 20
    endloop
  endfacet
  facet normal -0 0 -1
    outer loop
      vertex 129.772 104.505 20
      vertex 129.6 89.972 20
      vertex 129.753 104.528 20
    endloop
  endfacet
  facet normal -0 0 -1
    outer loop
      vertex 129.753 104.528 20
      vertex 129.6 89.972 20
      vertex 129.695 104.607 20
    endloop
  endfacet
  facet normal -0 0 -1
    outer loop
      vertex 129.695 104.607 20
      vertex 129.6 89.972 20
      vertex 129.678 104.631 20
    endloop
  endfacet
  facet normal -0 0 -1
    outer loop
      vertex 129.678 104.631 20
      vertex 129.6 89.972 20
      vertex 129.628 104.715 20
    endloop
  endfacet
  facet normal -0 0 -1
    outer loop
      vertex 129.628 104.715 20
      vertex 129.6 89.972 20
      vertex 129.614 104.741 20
    endloop
  endfacet
  facet normal -0 0 -1
    outer loop
      vertex 129.614 104.741 20
      vertex 129.6 89.972 20
      vertex 129.6 104.771 20
    endloop
  endfacet
  facet normal 0 0 -1
    outer loop
      vertex 131.393 51.7113 20
      vertex 131.4 65.941 20
      vertex 131.4 51.7068 20
    endloop
  endfacet
  facet normal 0 0 -1
    outer loop
      vertex 131.367 51.7251 20
      vertex 131.4 65.941 20
      vertex 131.393 51.7113 20
    endloop
  endfacet
  facet normal 0 0 -1
    outer loop
      vertex 131.278 51.7671 20
      vertex 131.4 65.941 20
      vertex 131.367 51.7251 20
    endloop
  endfacet
  facet normal 0 0 -1
    outer loop
      vertex 131.251 51.7783 20
      vertex 131.4 65.941 20
      vertex 131.278 51.7671 20
    endloop
  endfacet
  facet normal 0 0 -1
    outer loop
      vertex 131.158 51.8114 20
      vertex 131.4 65.941 20
      vertex 131.251 51.7783 20
    endloop
  endfacet
  facet normal 0 0 -1
    outer loop
      vertex 131.13 51.82 20
      vertex 131.4 65.941 20
      vertex 131.158 51.8114 20
    endloop
  endfacet
  facet normal 0 0 -1
    outer loop
      vertex 131.035 51.8438 20
      vertex 131.4 65.941 20
      vertex 131.13 51.82 20
    endloop
  endfacet
  facet normal 0 0 -1
    outer loop
      vertex 131.006 51.8495 20
      vertex 131.4 65.941 20
      vertex 131.035 51.8438 20
    endloop
  endfacet
  facet normal 0 0 -1
    outer loop
      vertex 130.909 51.8639 20
      vertex 131.4 65.941 20
      vertex 131.006 51.8495 20
    endloop
  endfacet
  facet normal 0 0 -1
    outer loop
      vertex 130.88 51.8668 20
      vertex 131.4 65.941 20
      vertex 130.909 51.8639 20
    endloop
  endfacet
  facet normal 0 0 -1
    outer loop
      vertex 130.782 51.8717 20
      vertex 131.4 65.941 20
      vertex 130.88 51.8668 20
    endloop
  endfacet
  facet normal 0 0 -1
    outer loop
      vertex 130.767 65.941 20
      vertex 130.782 51.8717 20
      vertex 130.767 51.872 20
    endloop
  endfacet
  facet normal 0 0 -1
    outer loop
      vertex 130.782 51.8717 20
      vertex 130.767 65.941 20
      vertex 131.4 65.941 20
    endloop
  endfacet
  facet normal 0 0 -1
    outer loop
      vertex 130.767 51.872 20
      vertex 130.752 65.9414 20
      vertex 130.767 65.941 20
    endloop
  endfacet
  facet normal 0 0 -1
    outer loop
      vertex 130.767 51.872 20
      vertex 130.654 65.9462 20
      vertex 130.752 65.9414 20
    endloop
  endfacet
  facet normal 0 0 -1
    outer loop
      vertex 129.6 51.872 20
      vertex 130.654 65.9462 20
      vertex 130.767 51.872 20
    endloop
  endfacet
  facet normal -0 0 -1
    outer loop
      vertex 130.654 65.9462 20
      vertex 129.6 51.872 20
      vertex 130.625 65.9491 20
    endloop
  endfacet
  facet normal -0 0 -1
    outer loop
      vertex 130.625 65.9491 20
      vertex 129.6 51.872 20
      vertex 130.528 65.9635 20
    endloop
  endfacet
  facet normal -0 0 -1
    outer loop
      vertex 130.528 65.9635 20
      vertex 129.6 51.872 20
      vertex 130.499 65.9692 20
    endloop
  endfacet
  facet normal -0 0 -1
    outer loop
      vertex 130.499 65.9692 20
      vertex 129.6 51.872 20
      vertex 130.404 65.9931 20
    endloop
  endfacet
  facet normal -0 0 -1
    outer loop
      vertex 130.404 65.9931 20
      vertex 129.6 51.872 20
      vertex 130.376 66.0016 20
    endloop
  endfacet
  facet normal -0 0 -1
    outer loop
      vertex 130.376 66.0016 20
      vertex 129.6 51.872 20
      vertex 130.283 66.0347 20
    endloop
  endfacet
  facet normal -0 0 -1
    outer loop
      vertex 130.283 66.0347 20
      vertex 129.6 51.872 20
      vertex 130.256 66.0459 20
    endloop
  endfacet
  facet normal -0 0 -1
    outer loop
      vertex 130.256 66.0459 20
      vertex 129.6 51.872 20
      vertex 130.167 66.0879 20
    endloop
  endfacet
  facet normal -0 0 -1
    outer loop
      vertex 130.167 66.0879 20
      vertex 129.6 51.872 20
      vertex 130.141 66.1018 20
    endloop
  endfacet
  facet normal -0 0 -1
    outer loop
      vertex 130.141 66.1018 20
      vertex 129.6 51.872 20
      vertex 130.057 66.1522 20
    endloop
  endfacet
  facet normal -0 0 -1
    outer loop
      vertex 130.057 66.1522 20
      vertex 129.6 51.872 20
      vertex 130.033 66.1686 20
    endloop
  endfacet
  facet normal -0 0 -1
    outer loop
      vertex 130.033 66.1686 20
      vertex 129.6 51.872 20
      vertex 129.954 66.227 20
    endloop
  endfacet
  facet normal -0 0 -1
    outer loop
      vertex 129.954 66.227 20
      vertex 129.6 51.872 20
      vertex 129.931 66.2457 20
    endloop
  endfacet
  facet normal -0 0 -1
    outer loop
      vertex 129.931 66.2457 20
      vertex 129.6 51.872 20
      vertex 129.858 66.3116 20
    endloop
  endfacet
  facet normal -0 0 -1
    outer loop
      vertex 129.858 66.3116 20
      vertex 129.6 51.872 20
      vertex 129.838 66.3325 20
    endloop
  endfacet
  facet normal -0 0 -1
    outer loop
      vertex 129.838 66.3325 20
      vertex 129.6 51.872 20
      vertex 129.772 66.4052 20
    endloop
  endfacet
  facet normal -0 0 -1
    outer loop
      vertex 129.772 66.4052 20
      vertex 129.6 51.872 20
      vertex 129.753 66.4279 20
    endloop
  endfacet
  facet normal -0 0 -1
    outer loop
      vertex 129.753 66.4279 20
      vertex 129.6 51.872 20
      vertex 129.695 66.5067 20
    endloop
  endfacet
  facet normal -0 0 -1
    outer loop
      vertex 129.695 66.5067 20
      vertex 129.6 51.872 20
      vertex 129.678 66.5312 20
    endloop
  endfacet
  facet normal -0 0 -1
    outer loop
      vertex 129.678 66.5312 20
      vertex 129.6 51.872 20
      vertex 129.628 66.6154 20
    endloop
  endfacet
  facet normal -0 0 -1
    outer loop
      vertex 129.628 66.6154 20
      vertex 129.6 51.872 20
      vertex 129.614 66.6413 20
    endloop
  endfacet
  facet normal -0 0 -1
    outer loop
      vertex 129.614 66.6413 20
      vertex 129.6 51.872 20
      vertex 129.6 66.6707 20
    endloop
  endfacet
  facet normal 0 0 1
    outer loop
      vertex 53 55.5582 23.8
      vertex 52.9977 55.5578 23.8
      vertex 53 55.545 23.8
    endloop
  endfacet
  facet normal -0 0 1
    outer loop
      vertex 53 64.6566 23.8
      vertex 54.8 55.7024 23.8
      vertex 54.8 64.7258 23.8
    endloop
  endfacet
  facet normal 0 0 1
    outer loop
      vertex 54.8 55.7024 23.8
      vertex 53 64.6566 23.8
      vertex 53 55.5582 23.8
    endloop
  endfacet
  facet normal 0 0 1
    outer loop
      vertex 54.8 55.7024 23.8
      vertex 53 55.5582 23.8
      vertex 53.0079 55.5 23.8
    endloop
  endfacet
  facet normal -0 0 1
    outer loop
      vertex 53 55.545 23.8
      vertex 53.0079 55.5 23.8
      vertex 53 55.5582 23.8
    endloop
  endfacet
  facet normal 0 0 1
    outer loop
      vertex 53.0079 55.5 23.8
      vertex 53 55.545 23.8
      vertex 53 55.5 23.8
    endloop
  endfacet
  facet normal 0 0 1
    outer loop
      vertex 54.8 55.7024 23.8
      vertex 55.4139 41.8548 23.8
      vertex 57.2003 42.0899 23.8
    endloop
  endfacet
  facet normal 0 0 1
    outer loop
      vertex 55.4139 41.8548 23.8
      vertex 54.8 55.7024 23.8
      vertex 53.0079 55.5 23.8
    endloop
  endfacet
  facet normal -0 0 1
    outer loop
      vertex 55.8657 39.2929 23.8
      vertex 60.912 21.0397 23.8
      vertex 57.652 39.528 23.8
    endloop
  endfacet
  facet normal 0 0 1
    outer loop
      vertex 60.912 21.0397 23.8
      vertex 55.8657 39.2929 23.8
      vertex 59.176 20.5189 23.8
    endloop
  endfacet
  facet normal 0 0 1
    outer loop
      vertex 91.5139 129.753 23.8
      vertex 91.5 134.235 23.8
      vertex 91.5 129.723 23.8
    endloop
  endfacet
  facet normal 0 0 1
    outer loop
      vertex 54.8 125.691 23.8
      vertex 53 133.192 23.8
      vertex 53 125.691 23.8
    endloop
  endfacet
  facet normal 0 0 1
    outer loop
      vertex 93.3 51.653 23.8
      vertex 92.667 51.653 23.8
      vertex 93.3 24.0476 23.8
    endloop
  endfacet
  facet normal -0 0 1
    outer loop
      vertex 130.767 46.89 23.8
      vertex 131.4 27.3354 23.8
      vertex 131.4 46.89 23.8
    endloop
  endfacet
  facet normal 0 -0 1
    outer loop
      vertex 131.177 25.5344 23.8
      vertex 131.4 27.3354 23.8
      vertex 129.6 27.2041 23.8
    endloop
  endfacet
  facet normal 0 0 1
    outer loop
      vertex 130.752 46.8904 23.8
      vertex 131.4 27.3354 23.8
      vertex 130.767 46.89 23.8
    endloop
  endfacet
  facet normal 0 0 1
    outer loop
      vertex 130.654 46.8952 23.8
      vertex 131.4 27.3354 23.8
      vertex 130.752 46.8904 23.8
    endloop
  endfacet
  facet normal 0 0 1
    outer loop
      vertex 131.4 27.3354 23.8
      vertex 130.654 46.8952 23.8
      vertex 129.6 27.2041 23.8
    endloop
  endfacet
  facet normal 0 0 1
    outer loop
      vertex 129.6 27.2041 23.8
      vertex 130.654 46.8952 23.8
      vertex 130.625 46.8981 23.8
    endloop
  endfacet
  facet normal 0 0 1
    outer loop
      vertex 129.6 27.2041 23.8
      vertex 130.625 46.8981 23.8
      vertex 130.528 46.9125 23.8
    endloop
  endfacet
  facet normal 0 0 1
    outer loop
      vertex 129.6 27.2041 23.8
      vertex 130.528 46.9125 23.8
      vertex 130.499 46.9182 23.8
    endloop
  endfacet
  facet normal 0 0 1
    outer loop
      vertex 129.6 27.2041 23.8
      vertex 130.499 46.9182 23.8
      vertex 130.404 46.9421 23.8
    endloop
  endfacet
  facet normal 0 0 1
    outer loop
      vertex 129.6 27.2041 23.8
      vertex 130.404 46.9421 23.8
      vertex 130.376 46.9506 23.8
    endloop
  endfacet
  facet normal 0 0 1
    outer loop
      vertex 129.6 27.2041 23.8
      vertex 130.376 46.9506 23.8
      vertex 130.283 46.9837 23.8
    endloop
  endfacet
  facet normal 0 0 1
    outer loop
      vertex 129.6 27.2041 23.8
      vertex 130.283 46.9837 23.8
      vertex 130.256 46.9949 23.8
    endloop
  endfacet
  facet normal 0 0 1
    outer loop
      vertex 129.6 27.2041 23.8
      vertex 130.256 46.9949 23.8
      vertex 130.167 47.0369 23.8
    endloop
  endfacet
  facet normal 0 0 1
    outer loop
      vertex 129.6 27.2041 23.8
      vertex 130.167 47.0369 23.8
      vertex 130.141 47.0508 23.8
    endloop
  endfacet
  facet normal 0 0 1
    outer loop
      vertex 129.6 27.2041 23.8
      vertex 130.141 47.0508 23.8
      vertex 130.057 47.1012 23.8
    endloop
  endfacet
  facet normal 0 0 1
    outer loop
      vertex 129.6 27.2041 23.8
      vertex 130.057 47.1012 23.8
      vertex 130.033 47.1176 23.8
    endloop
  endfacet
  facet normal 0 0 1
    outer loop
      vertex 129.6 27.2041 23.8
      vertex 130.033 47.1176 23.8
      vertex 129.954 47.176 23.8
    endloop
  endfacet
  facet normal 0 0 1
    outer loop
      vertex 129.6 27.2041 23.8
      vertex 129.954 47.176 23.8
      vertex 129.931 47.1947 23.8
    endloop
  endfacet
  facet normal 0 0 1
    outer loop
      vertex 129.6 27.2041 23.8
      vertex 129.931 47.1947 23.8
      vertex 129.858 47.2606 23.8
    endloop
  endfacet
  facet normal 0 0 1
    outer loop
      vertex 129.6 27.2041 23.8
      vertex 129.858 47.2606 23.8
      vertex 129.838 47.2814 23.8
    endloop
  endfacet
  facet normal 0 0 1
    outer loop
      vertex 129.6 27.2041 23.8
      vertex 129.838 47.2814 23.8
      vertex 129.772 47.3541 23.8
    endloop
  endfacet
  facet normal 0 0 1
    outer loop
      vertex 129.6 27.2041 23.8
      vertex 129.772 47.3541 23.8
      vertex 129.753 47.3769 23.8
    endloop
  endfacet
  facet normal 0 0 1
    outer loop
      vertex 129.6 27.2041 23.8
      vertex 129.753 47.3769 23.8
      vertex 129.695 47.4557 23.8
    endloop
  endfacet
  facet normal 0 0 1
    outer loop
      vertex 129.6 27.2041 23.8
      vertex 129.695 47.4557 23.8
      vertex 129.678 47.4802 23.8
    endloop
  endfacet
  facet normal 0 0 1
    outer loop
      vertex 129.6 27.2041 23.8
      vertex 129.678 47.4802 23.8
      vertex 129.628 47.5643 23.8
    endloop
  endfacet
  facet normal 0 0 1
    outer loop
      vertex 129.6 27.2041 23.8
      vertex 129.628 47.5643 23.8
      vertex 129.614 47.5903 23.8
    endloop
  endfacet
  facet normal 0 0 1
    outer loop
      vertex 129.6 27.2041 23.8
      vertex 129.614 47.5903 23.8
      vertex 129.6 47.6197 23.8
    endloop
  endfacet
  facet normal 0 0 1
    outer loop
      vertex 131.4 27.3354 23.8
      vertex 131.177 25.5344 23.8
      vertex 131.198 25.5354 23.8
    endloop
  endfacet
  facet normal 0 0 1
    outer loop
      vertex 93.3 24.0476 23.8
      vertex 131.177 25.5344 23.8
      vertex 129.6 27.2041 23.8
    endloop
  endfacet
  facet normal 0 0 1
    outer loop
      vertex 92.6523 51.6534 23.8
      vertex 93.3 24.0476 23.8
      vertex 92.667 51.653 23.8
    endloop
  endfacet
  facet normal 0 0 1
    outer loop
      vertex 92.5543 51.6582 23.8
      vertex 93.3 24.0476 23.8
      vertex 92.6523 51.6534 23.8
    endloop
  endfacet
  facet normal 0 0 1
    outer loop
      vertex 92.5249 51.6611 23.8
      vertex 93.3 24.0476 23.8
      vertex 92.5543 51.6582 23.8
    endloop
  endfacet
  facet normal 0 0 1
    outer loop
      vertex 91.5 23.8911 23.8
      vertex 92.5249 51.6611 23.8
      vertex 92.4279 51.6755 23.8
    endloop
  endfacet
  facet normal 0 0 1
    outer loop
      vertex 91.5 23.8911 23.8
      vertex 92.4279 51.6755 23.8
      vertex 92.399 51.6812 23.8
    endloop
  endfacet
  facet normal 0 0 1
    outer loop
      vertex 91.5 23.8911 23.8
      vertex 92.399 51.6812 23.8
      vertex 92.3038 51.7051 23.8
    endloop
  endfacet
  facet normal 0 0 1
    outer loop
      vertex 91.5 23.8911 23.8
      vertex 92.3038 51.7051 23.8
      vertex 92.2757 51.7136 23.8
    endloop
  endfacet
  facet normal 0 0 1
    outer loop
      vertex 91.5 23.8911 23.8
      vertex 92.2757 51.7136 23.8
      vertex 92.1833 51.7467 23.8
    endloop
  endfacet
  facet normal 0 0 1
    outer loop
      vertex 91.5 23.8911 23.8
      vertex 92.1833 51.7467 23.8
      vertex 92.156 51.7579 23.8
    endloop
  endfacet
  facet normal 0 0 1
    outer loop
      vertex 91.5 23.8911 23.8
      vertex 92.156 51.7579 23.8
      vertex 92.0673 51.7999 23.8
    endloop
  endfacet
  facet normal 0 0 1
    outer loop
      vertex 91.5 23.8911 23.8
      vertex 92.0673 51.7999 23.8
      vertex 92.0413 51.8138 23.8
    endloop
  endfacet
  facet normal 0 0 1
    outer loop
      vertex 91.5 23.8911 23.8
      vertex 92.0413 51.8138 23.8
      vertex 91.9572 51.8642 23.8
    endloop
  endfacet
  facet normal 0 0 1
    outer loop
      vertex 91.5 23.8911 23.8
      vertex 91.9572 51.8642 23.8
      vertex 91.9327 51.8806 23.8
    endloop
  endfacet
  facet normal 0 0 1
    outer loop
      vertex 91.5 23.8911 23.8
      vertex 91.9327 51.8806 23.8
      vertex 91.8539 51.939 23.8
    endloop
  endfacet
  facet normal 0 0 1
    outer loop
      vertex 91.5 23.8911 23.8
      vertex 91.8539 51.939 23.8
      vertex 91.8312 51.9577 23.8
    endloop
  endfacet
  facet normal 0 0 1
    outer loop
      vertex 91.5 23.8911 23.8
      vertex 91.8312 51.9577 23.8
      vertex 91.7585 52.0236 23.8
    endloop
  endfacet
  facet normal 0 0 1
    outer loop
      vertex 91.5 23.8911 23.8
      vertex 91.7585 52.0236 23.8
      vertex 91.7376 52.0444 23.8
    endloop
  endfacet
  facet normal 0 0 1
    outer loop
      vertex 91.5 23.8911 23.8
      vertex 91.7376 52.0444 23.8
      vertex 91.6717 52.1171 23.8
    endloop
  endfacet
  facet normal 0 0 1
    outer loop
      vertex 91.5 23.8911 23.8
      vertex 91.6717 52.1171 23.8
      vertex 91.653 52.1399 23.8
    endloop
  endfacet
  facet normal 0 0 1
    outer loop
      vertex 91.5 23.8911 23.8
      vertex 91.653 52.1399 23.8
      vertex 91.5946 52.2187 23.8
    endloop
  endfacet
  facet normal 0 0 1
    outer loop
      vertex 91.5 23.8911 23.8
      vertex 91.5946 52.2187 23.8
      vertex 91.5782 52.2432 23.8
    endloop
  endfacet
  facet normal 0 0 1
    outer loop
      vertex 91.5 23.8911 23.8
      vertex 91.5782 52.2432 23.8
      vertex 91.5278 52.3274 23.8
    endloop
  endfacet
  facet normal 0 0 1
    outer loop
      vertex 91.5 23.8911 23.8
      vertex 91.5278 52.3274 23.8
      vertex 91.5139 52.3533 23.8
    endloop
  endfacet
  facet normal 0 0 1
    outer loop
      vertex 91.5 23.8911 23.8
      vertex 91.5139 52.3533 23.8
      vertex 91.5 52.3827 23.8
    endloop
  endfacet
  facet normal 0 0 1
    outer loop
      vertex 92.5249 51.6611 23.8
      vertex 91.5 23.8911 23.8
      vertex 93.3 24.0476 23.8
    endloop
  endfacet
  facet normal 0 0 1
    outer loop
      vertex 62.1768 19.5344 23.8
      vertex 93.3 24.0476 23.8
      vertex 91.5 23.8911 23.8
    endloop
  endfacet
  facet normal -0 0 1
    outer loop
      vertex 93.3 24.0476 23.8
      vertex 62.1768 19.5344 23.8
      vertex 131.177 25.5344 23.8
    endloop
  endfacet
  facet normal -0 0 1
    outer loop
      vertex 62.0209 21.3277 23.8
      vertex 62.1768 19.5344 23.8
      vertex 91.5 23.8911 23.8
    endloop
  endfacet
  facet normal 0 0 1
    outer loop
      vertex 62.1768 19.5344 23.8
      vertex 62.0209 21.3277 23.8
      vertex 62.1572 19.532 23.8
    endloop
  endfacet
  facet normal -0 0 1
    outer loop
      vertex 61.8602 21.3073 23.8
      vertex 62.1572 19.532 23.8
      vertex 62.0209 21.3277 23.8
    endloop
  endfacet
  facet normal 0 0 1
    outer loop
      vertex 62.1572 19.532 23.8
      vertex 61.8602 21.3073 23.8
      vertex 62.1266 19.5248 23.8
    endloop
  endfacet
  facet normal -0 0 1
    outer loop
      vertex 61.6094 21.2489 23.8
      vertex 62.1266 19.5248 23.8
      vertex 61.8602 21.3073 23.8
    endloop
  endfacet
  facet normal -0 0 1
    outer loop
      vertex 60.912 21.0397 23.8
      vertex 62.1266 19.5248 23.8
      vertex 61.6094 21.2489 23.8
    endloop
  endfacet
  facet normal -0 0 1
    outer loop
      vertex 59.176 20.5189 23.8
      vertex 62.1266 19.5248 23.8
      vertex 60.912 21.0397 23.8
    endloop
  endfacet
  facet normal 0 0 1
    outer loop
      vertex 59.176 20.5189 23.8
      vertex 22.1618 7.53539 23.8
      vertex 62.1266 19.5248 23.8
    endloop
  endfacet
  facet normal -0 0 1
    outer loop
      vertex 21.8976 9.33539 23.8
      vertex 22.1618 7.53539 23.8
      vertex 59.176 20.5189 23.8
    endloop
  endfacet
  facet normal -0 0 1
    outer loop
      vertex 20.6824 9.33539 23.8
      vertex 22.1618 7.53539 23.8
      vertex 21.8976 9.33539 23.8
    endloop
  endfacet
  facet normal 0 0 1
    outer loop
      vertex 20.6824 9.33539 23.8
      vertex 20.2575 7.53539 23.8
      vertex 22.1618 7.53539 23.8
    endloop
  endfacet
  facet normal 0 0 1
    outer loop
      vertex 19.8459 9.75365 23.8
      vertex 20.2575 7.53539 23.8
      vertex 20.6824 9.33539 23.8
    endloop
  endfacet
  facet normal 0 0 1
    outer loop
      vertex 19.8459 9.75365 23.8
      vertex 18.3994 8.46443 23.8
      vertex 20.2575 7.53539 23.8
    endloop
  endfacet
  facet normal -0 0 1
    outer loop
      vertex 2.43787 52.3586 23.8
      vertex 19.8459 9.75365 23.8
      vertex 4.16142 52.886 23.8
    endloop
  endfacet
  facet normal 0 0 1
    outer loop
      vertex 19.8459 9.75365 23.8
      vertex 2.43787 52.3586 23.8
      vertex 18.3994 8.46443 23.8
    endloop
  endfacet
  facet normal 0 0 1
    outer loop
      vertex 2.43787 52.3586 23.8
      vertex 4.16142 52.886 23.8
      vertex 3.24849 56.5377 23.8
    endloop
  endfacet
  facet normal 0 0 1
    outer loop
      vertex 182.086 130.044 23.8
      vertex 131.4 132.57 23.8
      vertex 181.148 128.318 23.8
    endloop
  endfacet
  facet normal 0 0 1
    outer loop
      vertex 131.4 132.57 23.8
      vertex 131.393 127.911 23.8
      vertex 131.4 127.907 23.8
    endloop
  endfacet
  facet normal 0 0 1
    outer loop
      vertex 131.4 132.57 23.8
      vertex 131.367 127.925 23.8
      vertex 131.393 127.911 23.8
    endloop
  endfacet
  facet normal 0 0 1
    outer loop
      vertex 131.4 132.57 23.8
      vertex 131.278 127.967 23.8
      vertex 131.367 127.925 23.8
    endloop
  endfacet
  facet normal 0 0 1
    outer loop
      vertex 131.4 132.57 23.8
      vertex 131.251 127.978 23.8
      vertex 131.278 127.967 23.8
    endloop
  endfacet
  facet normal 0 0 1
    outer loop
      vertex 131.4 132.57 23.8
      vertex 131.158 128.011 23.8
      vertex 131.251 127.978 23.8
    endloop
  endfacet
  facet normal 0 0 1
    outer loop
      vertex 131.4 132.57 23.8
      vertex 131.13 128.02 23.8
      vertex 131.158 128.011 23.8
    endloop
  endfacet
  facet normal 0 0 1
    outer loop
      vertex 131.4 132.57 23.8
      vertex 131.035 128.044 23.8
      vertex 131.13 128.02 23.8
    endloop
  endfacet
  facet normal 0 0 1
    outer loop
      vertex 131.4 132.57 23.8
      vertex 131.006 128.05 23.8
      vertex 131.035 128.044 23.8
    endloop
  endfacet
  facet normal 0 0 1
    outer loop
      vertex 131.4 132.57 23.8
      vertex 130.909 128.064 23.8
      vertex 131.006 128.05 23.8
    endloop
  endfacet
  facet normal 0 0 1
    outer loop
      vertex 131.4 132.57 23.8
      vertex 130.88 128.067 23.8
      vertex 130.909 128.064 23.8
    endloop
  endfacet
  facet normal 0 0 1
    outer loop
      vertex 131.4 132.57 23.8
      vertex 130.782 128.072 23.8
      vertex 130.88 128.067 23.8
    endloop
  endfacet
  facet normal 0 0 1
    outer loop
      vertex 131.4 132.57 23.8
      vertex 130.767 128.072 23.8
      vertex 130.782 128.072 23.8
    endloop
  endfacet
  facet normal 0 0 1
    outer loop
      vertex 131.4 132.57 23.8
      vertex 129.6 132.724 23.8
      vertex 130.767 128.072 23.8
    endloop
  endfacet
  facet normal 0 0 1
    outer loop
      vertex 111.988 136.035 23.8
      vertex 131.4 132.57 23.8
      vertex 182.086 130.044 23.8
    endloop
  endfacet
  facet normal 0 0 1
    outer loop
      vertex 131.4 132.57 23.8
      vertex 111.988 136.035 23.8
      vertex 129.6 132.724 23.8
    endloop
  endfacet
  facet normal 0 0 1
    outer loop
      vertex 111.988 136.035 23.8
      vertex 111.911 134.235 23.8
      vertex 129.6 132.724 23.8
    endloop
  endfacet
  facet normal 0 0 1
    outer loop
      vertex 111.988 136.035 23.8
      vertex 93.3 134.235 23.8
      vertex 111.911 134.235 23.8
    endloop
  endfacet
  facet normal 0 0 1
    outer loop
      vertex 93.3 134.235 23.8
      vertex 92.667 130.453 23.8
      vertex 93.3 130.453 23.8
    endloop
  endfacet
  facet normal 0 0 1
    outer loop
      vertex 93.3 134.235 23.8
      vertex 92.6523 130.453 23.8
      vertex 92.667 130.453 23.8
    endloop
  endfacet
  facet normal 0 0 1
    outer loop
      vertex 93.3 134.235 23.8
      vertex 92.5542 130.448 23.8
      vertex 92.6523 130.453 23.8
    endloop
  endfacet
  facet normal -0 0 1
    outer loop
      vertex 91.5 134.235 23.8
      vertex 92.5542 130.448 23.8
      vertex 93.3 134.235 23.8
    endloop
  endfacet
  facet normal 0 0 1
    outer loop
      vertex 92.5542 130.448 23.8
      vertex 91.5 134.235 23.8
      vertex 92.525 130.445 23.8
    endloop
  endfacet
  facet normal 0 0 1
    outer loop
      vertex 92.525 130.445 23.8
      vertex 91.5 134.235 23.8
      vertex 92.4279 130.431 23.8
    endloop
  endfacet
  facet normal 0 0 1
    outer loop
      vertex 92.4279 130.431 23.8
      vertex 91.5 134.235 23.8
      vertex 92.399 130.425 23.8
    endloop
  endfacet
  facet normal 0 0 1
    outer loop
      vertex 92.399 130.425 23.8
      vertex 91.5 134.235 23.8
      vertex 92.3038 130.401 23.8
    endloop
  endfacet
  facet normal 0 0 1
    outer loop
      vertex 92.3038 130.401 23.8
      vertex 91.5 134.235 23.8
      vertex 92.2756 130.392 23.8
    endloop
  endfacet
  facet normal 0 0 1
    outer loop
      vertex 92.2756 130.392 23.8
      vertex 91.5 134.235 23.8
      vertex 92.1832 130.359 23.8
    endloop
  endfacet
  facet normal 0 0 1
    outer loop
      vertex 92.1832 130.359 23.8
      vertex 91.5 134.235 23.8
      vertex 92.1561 130.348 23.8
    endloop
  endfacet
  facet normal 0 0 1
    outer loop
      vertex 92.1561 130.348 23.8
      vertex 91.5 134.235 23.8
      vertex 92.0674 130.306 23.8
    endloop
  endfacet
  facet normal 0 0 1
    outer loop
      vertex 92.0674 130.306 23.8
      vertex 91.5 134.235 23.8
      vertex 92.0413 130.292 23.8
    endloop
  endfacet
  facet normal 0 0 1
    outer loop
      vertex 92.0413 130.292 23.8
      vertex 91.5 134.235 23.8
      vertex 91.9572 130.242 23.8
    endloop
  endfacet
  facet normal 0 0 1
    outer loop
      vertex 91.9572 130.242 23.8
      vertex 91.5 134.235 23.8
      vertex 91.9327 130.225 23.8
    endloop
  endfacet
  facet normal 0 0 1
    outer loop
      vertex 91.9327 130.225 23.8
      vertex 91.5 134.235 23.8
      vertex 91.8539 130.167 23.8
    endloop
  endfacet
  facet normal 0 0 1
    outer loop
      vertex 91.8539 130.167 23.8
      vertex 91.5 134.235 23.8
      vertex 91.8312 130.148 23.8
    endloop
  endfacet
  facet normal 0 0 1
    outer loop
      vertex 91.8312 130.148 23.8
      vertex 91.5 134.235 23.8
      vertex 91.7585 130.082 23.8
    endloop
  endfacet
  facet normal 0 0 1
    outer loop
      vertex 91.7585 130.082 23.8
      vertex 91.5 134.235 23.8
      vertex 91.7376 130.062 23.8
    endloop
  endfacet
  facet normal 0 0 1
    outer loop
      vertex 91.7376 130.062 23.8
      vertex 91.5 134.235 23.8
      vertex 91.6717 129.989 23.8
    endloop
  endfacet
  facet normal 0 0 1
    outer loop
      vertex 91.6717 129.989 23.8
      vertex 91.5 134.235 23.8
      vertex 91.653 129.966 23.8
    endloop
  endfacet
  facet normal 0 0 1
    outer loop
      vertex 91.653 129.966 23.8
      vertex 91.5 134.235 23.8
      vertex 91.5946 129.887 23.8
    endloop
  endfacet
  facet normal 0 0 1
    outer loop
      vertex 91.5946 129.887 23.8
      vertex 91.5 134.235 23.8
      vertex 91.5782 129.863 23.8
    endloop
  endfacet
  facet normal 0 0 1
    outer loop
      vertex 91.5782 129.863 23.8
      vertex 91.5 134.235 23.8
      vertex 91.5278 129.779 23.8
    endloop
  endfacet
  facet normal 0 0 1
    outer loop
      vertex 91.5278 129.779 23.8
      vertex 91.5 134.235 23.8
      vertex 91.5139 129.753 23.8
    endloop
  endfacet
  facet normal 0 0 1
    outer loop
      vertex 111.988 136.035 23.8
      vertex 91.5 134.235 23.8
      vertex 93.3 134.235 23.8
    endloop
  endfacet
  facet normal -0 0 1
    outer loop
      vertex 70.5059 136.035 23.8
      vertex 91.5 134.235 23.8
      vertex 111.988 136.035 23.8
    endloop
  endfacet
  facet normal 0 0 1
    outer loop
      vertex 91.5 134.235 23.8
      vertex 70.5059 136.035 23.8
      vertex 70.5593 134.235 23.8
    endloop
  endfacet
  facet normal 0 0 1
    outer loop
      vertex 70.5059 136.035 23.8
      vertex 54.8 133.299 23.8
      vertex 70.5593 134.235 23.8
    endloop
  endfacet
  facet normal 0 0 1
    outer loop
      vertex 54.8 133.299 23.8
      vertex 53 133.192 23.8
      vertex 54.8 125.691 23.8
    endloop
  endfacet
  facet normal 0 0 1
    outer loop
      vertex 70.5059 136.035 23.8
      vertex 53 133.192 23.8
      vertex 54.8 133.299 23.8
    endloop
  endfacet
  facet normal 0 0 1
    outer loop
      vertex 3.30811 132.041 23.8
      vertex 53 133.192 23.8
      vertex 70.5059 136.035 23.8
    endloop
  endfacet
  facet normal 0 0 1
    outer loop
      vertex 53 133.192 23.8
      vertex 3.30811 132.041 23.8
      vertex 4.09744 130.285 23.8
    endloop
  endfacet
  facet normal 0 0 1
    outer loop
      vertex 3.30811 132.041 23.8
      vertex 3.24849 129.436 23.8
      vertex 4.09744 130.285 23.8
    endloop
  endfacet
  facet normal 0 0 1
    outer loop
      vertex 1.44849 56.3162 23.8
      vertex 3.24849 56.5377 23.8
      vertex 3.24849 129.436 23.8
    endloop
  endfacet
  facet normal -0 0 1
    outer loop
      vertex 1.44849 130.182 23.8
      vertex 3.24849 129.436 23.8
      vertex 3.30811 132.041 23.8
    endloop
  endfacet
  facet normal 0 0 1
    outer loop
      vertex 1.44849 56.3162 23.8
      vertex 3.24849 129.436 23.8
      vertex 1.44849 130.182 23.8
    endloop
  endfacet
  facet normal 0 0 1
    outer loop
      vertex 3.24849 56.5377 23.8
      vertex 1.44849 56.3162 23.8
      vertex 2.43787 52.3586 23.8
    endloop
  endfacet
  facet normal 0 0 1
    outer loop
      vertex 181.148 128.318 23.8
      vertex 182.948 129.182 23.8
      vertex 182.086 130.044 23.8
    endloop
  endfacet
  facet normal 0 0 1
    outer loop
      vertex 182.948 129.182 23.8
      vertex 181.148 128.318 23.8
      vertex 182.948 47.3239 23.8
    endloop
  endfacet
  facet normal -0 0 1
    outer loop
      vertex 181.148 47.6014 23.8
      vertex 182.948 47.3239 23.8
      vertex 181.148 128.318 23.8
    endloop
  endfacet
  facet normal 0 0 1
    outer loop
      vertex 175.395 29.3806 23.8
      vertex 182.948 47.3239 23.8
      vertex 181.148 47.6014 23.8
    endloop
  endfacet
  facet normal 0 0 1
    outer loop
      vertex 182.948 47.3239 23.8
      vertex 175.395 29.3806 23.8
      vertex 176.979 28.4189 23.8
    endloop
  endfacet
  facet normal 0 0 1
    outer loop
      vertex 173.349 27.3354 23.8
      vertex 176.979 28.4189 23.8
      vertex 175.395 29.3806 23.8
    endloop
  endfacet
  facet normal 0 0 1
    outer loop
      vertex 176.979 28.4189 23.8
      vertex 173.349 27.3354 23.8
      vertex 174.095 25.5354 23.8
    endloop
  endfacet
  facet normal 0 0 1
    outer loop
      vertex 131.198 25.5354 23.8
      vertex 173.349 27.3354 23.8
      vertex 131.4 27.3354 23.8
    endloop
  endfacet
  facet normal 0 0 1
    outer loop
      vertex 173.349 27.3354 23.8
      vertex 131.198 25.5354 23.8
      vertex 174.095 25.5354 23.8
    endloop
  endfacet
  facet normal 0 0 1
    outer loop
      vertex 130.767 128.072 23.8
      vertex 129.6 132.724 23.8
      vertex 129.6 128.072 23.8
    endloop
  endfacet
  facet normal -0 0 1
    outer loop
      vertex 53 123.091 23.8
      vertex 53.267 106.641 23.8
      vertex 53.267 123.091 23.8
    endloop
  endfacet
  facet normal 0 0 1
    outer loop
      vertex 53.267 106.641 23.8
      vertex 53 123.091 23.8
      vertex 53 106.641 23.8
    endloop
  endfacet
  facet normal -0 0 1
    outer loop
      vertex 53 104.041 23.8
      vertex 53.267 87.59 23.8
      vertex 53.267 104.041 23.8
    endloop
  endfacet
  facet normal 0 0 1
    outer loop
      vertex 53.267 87.59 23.8
      vertex 53 104.041 23.8
      vertex 53 87.59 23.8
    endloop
  endfacet
  facet normal -0 0 1
    outer loop
      vertex 53 84.99 23.8
      vertex 53.267 67.2673 23.8
      vertex 53.267 84.99 23.8
    endloop
  endfacet
  facet normal 0 0 1
    outer loop
      vertex 53.267 67.2673 23.8
      vertex 53 84.99 23.8
      vertex 53 67.257 23.8
    endloop
  endfacet
  facet normal -0 0 1
    outer loop
      vertex 93.2927 106.583 23.8
      vertex 93.3 92.353 23.8
      vertex 93.3 106.587 23.8
    endloop
  endfacet
  facet normal -0 0 1
    outer loop
      vertex 93.2666 106.569 23.8
      vertex 93.3 92.353 23.8
      vertex 93.2927 106.583 23.8
    endloop
  endfacet
  facet normal -0 0 1
    outer loop
      vertex 93.1779 106.527 23.8
      vertex 93.3 92.353 23.8
      vertex 93.2666 106.569 23.8
    endloop
  endfacet
  facet normal -0 0 1
    outer loop
      vertex 93.1508 106.516 23.8
      vertex 93.3 92.353 23.8
      vertex 93.1779 106.527 23.8
    endloop
  endfacet
  facet normal -0 0 1
    outer loop
      vertex 93.0583 106.483 23.8
      vertex 93.3 92.353 23.8
      vertex 93.1508 106.516 23.8
    endloop
  endfacet
  facet normal -0 0 1
    outer loop
      vertex 93.0302 106.474 23.8
      vertex 93.3 92.353 23.8
      vertex 93.0583 106.483 23.8
    endloop
  endfacet
  facet normal -0 0 1
    outer loop
      vertex 92.935 106.45 23.8
      vertex 93.3 92.353 23.8
      vertex 93.0302 106.474 23.8
    endloop
  endfacet
  facet normal -0 0 1
    outer loop
      vertex 92.9061 106.444 23.8
      vertex 93.3 92.353 23.8
      vertex 92.935 106.45 23.8
    endloop
  endfacet
  facet normal -0 0 1
    outer loop
      vertex 92.809 106.43 23.8
      vertex 93.3 92.353 23.8
      vertex 92.9061 106.444 23.8
    endloop
  endfacet
  facet normal -0 0 1
    outer loop
      vertex 92.7798 106.427 23.8
      vertex 93.3 92.353 23.8
      vertex 92.809 106.43 23.8
    endloop
  endfacet
  facet normal -0 0 1
    outer loop
      vertex 92.6817 106.422 23.8
      vertex 93.3 92.353 23.8
      vertex 92.7798 106.427 23.8
    endloop
  endfacet
  facet normal 0 0 1
    outer loop
      vertex 92.667 92.353 23.8
      vertex 92.6817 106.422 23.8
      vertex 92.667 106.422 23.8
    endloop
  endfacet
  facet normal 0 0 1
    outer loop
      vertex 92.6817 106.422 23.8
      vertex 92.667 92.353 23.8
      vertex 93.3 92.353 23.8
    endloop
  endfacet
  facet normal 0 0 1
    outer loop
      vertex 92.667 106.422 23.8
      vertex 92.6523 92.3526 23.8
      vertex 92.667 92.353 23.8
    endloop
  endfacet
  facet normal 0 0 1
    outer loop
      vertex 92.667 106.422 23.8
      vertex 92.5543 92.3478 23.8
      vertex 92.6523 92.3526 23.8
    endloop
  endfacet
  facet normal -0 0 1
    outer loop
      vertex 91.5 106.422 23.8
      vertex 92.5543 92.3478 23.8
      vertex 92.667 106.422 23.8
    endloop
  endfacet
  facet normal 0 0 1
    outer loop
      vertex 92.5543 92.3478 23.8
      vertex 91.5 106.422 23.8
      vertex 92.5249 92.3449 23.8
    endloop
  endfacet
  facet normal 0 0 1
    outer loop
      vertex 92.5249 92.3449 23.8
      vertex 91.5 106.422 23.8
      vertex 92.4279 92.3305 23.8
    endloop
  endfacet
  facet normal 0 0 1
    outer loop
      vertex 92.4279 92.3305 23.8
      vertex 91.5 106.422 23.8
      vertex 92.399 92.3248 23.8
    endloop
  endfacet
  facet normal 0 0 1
    outer loop
      vertex 92.399 92.3248 23.8
      vertex 91.5 106.422 23.8
      vertex 92.3038 92.301 23.8
    endloop
  endfacet
  facet normal 0 0 1
    outer loop
      vertex 92.3038 92.301 23.8
      vertex 91.5 106.422 23.8
      vertex 92.2756 92.2924 23.8
    endloop
  endfacet
  facet normal 0 0 1
    outer loop
      vertex 92.2756 92.2924 23.8
      vertex 91.5 106.422 23.8
      vertex 92.1832 92.2593 23.8
    endloop
  endfacet
  facet normal 0 0 1
    outer loop
      vertex 92.1832 92.2593 23.8
      vertex 91.5 106.422 23.8
      vertex 92.156 92.2481 23.8
    endloop
  endfacet
  facet normal 0 0 1
    outer loop
      vertex 92.156 92.2481 23.8
      vertex 91.5 106.422 23.8
      vertex 92.0673 92.2061 23.8
    endloop
  endfacet
  facet normal 0 0 1
    outer loop
      vertex 92.0673 92.2061 23.8
      vertex 91.5 106.422 23.8
      vertex 92.0414 92.1922 23.8
    endloop
  endfacet
  facet normal 0 0 1
    outer loop
      vertex 92.0414 92.1922 23.8
      vertex 91.5 106.422 23.8
      vertex 91.9572 92.1418 23.8
    endloop
  endfacet
  facet normal 0 0 1
    outer loop
      vertex 91.9572 92.1418 23.8
      vertex 91.5 106.422 23.8
      vertex 91.9327 92.1254 23.8
    endloop
  endfacet
  facet normal 0 0 1
    outer loop
      vertex 91.9327 92.1254 23.8
      vertex 91.5 106.422 23.8
      vertex 91.8539 92.0669 23.8
    endloop
  endfacet
  facet normal 0 0 1
    outer loop
      vertex 91.8539 92.0669 23.8
      vertex 91.5 106.422 23.8
      vertex 91.8312 92.0483 23.8
    endloop
  endfacet
  facet normal 0 0 1
    outer loop
      vertex 91.8312 92.0483 23.8
      vertex 91.5 106.422 23.8
      vertex 91.7585 91.9824 23.8
    endloop
  endfacet
  facet normal 0 0 1
    outer loop
      vertex 91.7585 91.9824 23.8
      vertex 91.5 106.422 23.8
      vertex 91.7376 91.9616 23.8
    endloop
  endfacet
  facet normal 0 0 1
    outer loop
      vertex 91.7376 91.9616 23.8
      vertex 91.5 106.422 23.8
      vertex 91.6717 91.8889 23.8
    endloop
  endfacet
  facet normal 0 0 1
    outer loop
      vertex 91.6717 91.8889 23.8
      vertex 91.5 106.422 23.8
      vertex 91.653 91.8661 23.8
    endloop
  endfacet
  facet normal 0 0 1
    outer loop
      vertex 91.653 91.8661 23.8
      vertex 91.5 106.422 23.8
      vertex 91.5946 91.7873 23.8
    endloop
  endfacet
  facet normal 0 0 1
    outer loop
      vertex 91.5946 91.7873 23.8
      vertex 91.5 106.422 23.8
      vertex 91.5782 91.7628 23.8
    endloop
  endfacet
  facet normal 0 0 1
    outer loop
      vertex 91.5782 91.7628 23.8
      vertex 91.5 106.422 23.8
      vertex 91.5278 91.6786 23.8
    endloop
  endfacet
  facet normal 0 0 1
    outer loop
      vertex 91.5278 91.6786 23.8
      vertex 91.5 106.422 23.8
      vertex 91.5139 91.6527 23.8
    endloop
  endfacet
  facet normal 0 0 1
    outer loop
      vertex 91.5139 91.6527 23.8
      vertex 91.5 106.422 23.8
      vertex 91.5 91.6233 23.8
    endloop
  endfacet
  facet normal -0 0 1
    outer loop
      vertex 93.2926 87.5328 23.8
      vertex 93.3 73.303 23.8
      vertex 93.3 87.5372 23.8
    endloop
  endfacet
  facet normal -0 0 1
    outer loop
      vertex 93.2667 87.5189 23.8
      vertex 93.3 73.303 23.8
      vertex 93.2926 87.5328 23.8
    endloop
  endfacet
  facet normal -0 0 1
    outer loop
      vertex 93.178 87.4769 23.8
      vertex 93.3 73.303 23.8
      vertex 93.2667 87.5189 23.8
    endloop
  endfacet
  facet normal -0 0 1
    outer loop
      vertex 93.1508 87.4657 23.8
      vertex 93.3 73.303 23.8
      vertex 93.178 87.4769 23.8
    endloop
  endfacet
  facet normal -0 0 1
    outer loop
      vertex 93.0583 87.4326 23.8
      vertex 93.3 73.303 23.8
      vertex 93.1508 87.4657 23.8
    endloop
  endfacet
  facet normal -0 0 1
    outer loop
      vertex 93.0302 87.424 23.8
      vertex 93.3 73.303 23.8
      vertex 93.0583 87.4326 23.8
    endloop
  endfacet
  facet normal -0 0 1
    outer loop
      vertex 92.935 87.4002 23.8
      vertex 93.3 73.303 23.8
      vertex 93.0302 87.424 23.8
    endloop
  endfacet
  facet normal -0 0 1
    outer loop
      vertex 92.9061 87.3945 23.8
      vertex 93.3 73.303 23.8
      vertex 92.935 87.4002 23.8
    endloop
  endfacet
  facet normal -0 0 1
    outer loop
      vertex 92.8091 87.3801 23.8
      vertex 93.3 73.303 23.8
      vertex 92.9061 87.3945 23.8
    endloop
  endfacet
  facet normal -0 0 1
    outer loop
      vertex 92.7798 87.3772 23.8
      vertex 93.3 73.303 23.8
      vertex 92.8091 87.3801 23.8
    endloop
  endfacet
  facet normal -0 0 1
    outer loop
      vertex 92.6817 87.3724 23.8
      vertex 93.3 73.303 23.8
      vertex 92.7798 87.3772 23.8
    endloop
  endfacet
  facet normal 0 0 1
    outer loop
      vertex 92.667 73.303 23.8
      vertex 92.6817 87.3724 23.8
      vertex 92.667 87.372 23.8
    endloop
  endfacet
  facet normal 0 0 1
    outer loop
      vertex 92.6817 87.3724 23.8
      vertex 92.667 73.303 23.8
      vertex 93.3 73.303 23.8
    endloop
  endfacet
  facet normal 0 0 1
    outer loop
      vertex 92.667 87.372 23.8
      vertex 92.6523 73.3026 23.8
      vertex 92.667 73.303 23.8
    endloop
  endfacet
  facet normal 0 0 1
    outer loop
      vertex 92.667 87.372 23.8
      vertex 92.5542 73.2978 23.8
      vertex 92.6523 73.3026 23.8
    endloop
  endfacet
  facet normal -0 0 1
    outer loop
      vertex 91.5 87.372 23.8
      vertex 92.5542 73.2978 23.8
      vertex 92.667 87.372 23.8
    endloop
  endfacet
  facet normal 0 0 1
    outer loop
      vertex 92.5542 73.2978 23.8
      vertex 91.5 87.372 23.8
      vertex 92.5249 73.2949 23.8
    endloop
  endfacet
  facet normal 0 0 1
    outer loop
      vertex 92.5249 73.2949 23.8
      vertex 91.5 87.372 23.8
      vertex 92.4279 73.2805 23.8
    endloop
  endfacet
  facet normal 0 0 1
    outer loop
      vertex 92.4279 73.2805 23.8
      vertex 91.5 87.372 23.8
      vertex 92.399 73.2748 23.8
    endloop
  endfacet
  facet normal 0 0 1
    outer loop
      vertex 92.399 73.2748 23.8
      vertex 91.5 87.372 23.8
      vertex 92.3038 73.251 23.8
    endloop
  endfacet
  facet normal 0 0 1
    outer loop
      vertex 92.3038 73.251 23.8
      vertex 91.5 87.372 23.8
      vertex 92.2756 73.2424 23.8
    endloop
  endfacet
  facet normal 0 0 1
    outer loop
      vertex 92.2756 73.2424 23.8
      vertex 91.5 87.372 23.8
      vertex 92.1832 73.2093 23.8
    endloop
  endfacet
  facet normal 0 0 1
    outer loop
      vertex 92.1832 73.2093 23.8
      vertex 91.5 87.372 23.8
      vertex 92.156 73.1981 23.8
    endloop
  endfacet
  facet normal 0 0 1
    outer loop
      vertex 92.156 73.1981 23.8
      vertex 91.5 87.372 23.8
      vertex 92.0673 73.1561 23.8
    endloop
  endfacet
  facet normal 0 0 1
    outer loop
      vertex 92.0673 73.1561 23.8
      vertex 91.5 87.372 23.8
      vertex 92.0414 73.1422 23.8
    endloop
  endfacet
  facet normal 0 0 1
    outer loop
      vertex 92.0414 73.1422 23.8
      vertex 91.5 87.372 23.8
      vertex 91.9572 73.0918 23.8
    endloop
  endfacet
  facet normal 0 0 1
    outer loop
      vertex 91.9572 73.0918 23.8
      vertex 91.5 87.372 23.8
      vertex 91.9327 73.0754 23.8
    endloop
  endfacet
  facet normal 0 0 1
    outer loop
      vertex 91.9327 73.0754 23.8
      vertex 91.5 87.372 23.8
      vertex 91.8539 73.017 23.8
    endloop
  endfacet
  facet normal 0 0 1
    outer loop
      vertex 91.8539 73.017 23.8
      vertex 91.5 87.372 23.8
      vertex 91.8312 72.9983 23.8
    endloop
  endfacet
  facet normal 0 0 1
    outer loop
      vertex 91.8312 72.9983 23.8
      vertex 91.5 87.372 23.8
      vertex 91.7585 72.9324 23.8
    endloop
  endfacet
  facet normal 0 0 1
    outer loop
      vertex 91.7585 72.9324 23.8
      vertex 91.5 87.372 23.8
      vertex 91.7376 72.9116 23.8
    endloop
  endfacet
  facet normal 0 0 1
    outer loop
      vertex 91.7376 72.9116 23.8
      vertex 91.5 87.372 23.8
      vertex 91.6717 72.8388 23.8
    endloop
  endfacet
  facet normal 0 0 1
    outer loop
      vertex 91.6717 72.8388 23.8
      vertex 91.5 87.372 23.8
      vertex 91.653 72.8161 23.8
    endloop
  endfacet
  facet normal 0 0 1
    outer loop
      vertex 91.653 72.8161 23.8
      vertex 91.5 87.372 23.8
      vertex 91.5946 72.7373 23.8
    endloop
  endfacet
  facet normal 0 0 1
    outer loop
      vertex 91.5946 72.7373 23.8
      vertex 91.5 87.372 23.8
      vertex 91.5782 72.7128 23.8
    endloop
  endfacet
  facet normal 0 0 1
    outer loop
      vertex 91.5782 72.7128 23.8
      vertex 91.5 87.372 23.8
      vertex 91.5278 72.6286 23.8
    endloop
  endfacet
  facet normal 0 0 1
    outer loop
      vertex 91.5278 72.6286 23.8
      vertex 91.5 87.372 23.8
      vertex 91.5139 72.6027 23.8
    endloop
  endfacet
  facet normal 0 0 1
    outer loop
      vertex 91.5139 72.6027 23.8
      vertex 91.5 87.372 23.8
      vertex 91.5 72.5733 23.8
    endloop
  endfacet
  facet normal 0 0 1
    outer loop
      vertex 131.4 123.091 23.8
      vertex 131.393 108.861 23.8
      vertex 131.4 108.857 23.8
    endloop
  endfacet
  facet normal 0 0 1
    outer loop
      vertex 131.4 123.091 23.8
      vertex 131.367 108.875 23.8
      vertex 131.393 108.861 23.8
    endloop
  endfacet
  facet normal 0 0 1
    outer loop
      vertex 131.4 123.091 23.8
      vertex 131.278 108.917 23.8
      vertex 131.367 108.875 23.8
    endloop
  endfacet
  facet normal 0 0 1
    outer loop
      vertex 131.4 123.091 23.8
      vertex 131.251 108.928 23.8
      vertex 131.278 108.917 23.8
    endloop
  endfacet
  facet normal 0 0 1
    outer loop
      vertex 131.4 123.091 23.8
      vertex 131.158 108.961 23.8
      vertex 131.251 108.928 23.8
    endloop
  endfacet
  facet normal 0 0 1
    outer loop
      vertex 131.4 123.091 23.8
      vertex 131.13 108.97 23.8
      vertex 131.158 108.961 23.8
    endloop
  endfacet
  facet normal 0 0 1
    outer loop
      vertex 131.4 123.091 23.8
      vertex 131.035 108.994 23.8
      vertex 131.13 108.97 23.8
    endloop
  endfacet
  facet normal 0 0 1
    outer loop
      vertex 131.4 123.091 23.8
      vertex 131.006 109 23.8
      vertex 131.035 108.994 23.8
    endloop
  endfacet
  facet normal 0 0 1
    outer loop
      vertex 131.4 123.091 23.8
      vertex 130.909 109.014 23.8
      vertex 131.006 109 23.8
    endloop
  endfacet
  facet normal 0 0 1
    outer loop
      vertex 131.4 123.091 23.8
      vertex 130.88 109.017 23.8
      vertex 130.909 109.014 23.8
    endloop
  endfacet
  facet normal 0 0 1
    outer loop
      vertex 131.4 123.091 23.8
      vertex 130.782 109.022 23.8
      vertex 130.88 109.017 23.8
    endloop
  endfacet
  facet normal -0 0 1
    outer loop
      vertex 130.767 123.091 23.8
      vertex 130.782 109.022 23.8
      vertex 131.4 123.091 23.8
    endloop
  endfacet
  facet normal 0 0 1
    outer loop
      vertex 130.767 123.091 23.8
      vertex 130.767 109.022 23.8
      vertex 130.782 109.022 23.8
    endloop
  endfacet
  facet normal -0 0 1
    outer loop
      vertex 130.752 123.091 23.8
      vertex 130.767 109.022 23.8
      vertex 130.767 123.091 23.8
    endloop
  endfacet
  facet normal 0 0 1
    outer loop
      vertex 130.654 123.096 23.8
      vertex 130.767 109.022 23.8
      vertex 130.752 123.091 23.8
    endloop
  endfacet
  facet normal 0 0 1
    outer loop
      vertex 129.6 109.022 23.8
      vertex 130.654 123.096 23.8
      vertex 130.625 123.099 23.8
    endloop
  endfacet
  facet normal 0 0 1
    outer loop
      vertex 129.6 109.022 23.8
      vertex 130.625 123.099 23.8
      vertex 130.528 123.113 23.8
    endloop
  endfacet
  facet normal 0 0 1
    outer loop
      vertex 129.6 109.022 23.8
      vertex 130.528 123.113 23.8
      vertex 130.499 123.119 23.8
    endloop
  endfacet
  facet normal 0 0 1
    outer loop
      vertex 129.6 109.022 23.8
      vertex 130.499 123.119 23.8
      vertex 130.404 123.143 23.8
    endloop
  endfacet
  facet normal 0 0 1
    outer loop
      vertex 129.6 109.022 23.8
      vertex 130.404 123.143 23.8
      vertex 130.376 123.152 23.8
    endloop
  endfacet
  facet normal 0 0 1
    outer loop
      vertex 129.6 109.022 23.8
      vertex 130.376 123.152 23.8
      vertex 130.283 123.185 23.8
    endloop
  endfacet
  facet normal 0 0 1
    outer loop
      vertex 129.6 109.022 23.8
      vertex 130.283 123.185 23.8
      vertex 130.256 123.196 23.8
    endloop
  endfacet
  facet normal 0 0 1
    outer loop
      vertex 129.6 109.022 23.8
      vertex 130.256 123.196 23.8
      vertex 130.167 123.238 23.8
    endloop
  endfacet
  facet normal 0 0 1
    outer loop
      vertex 129.6 109.022 23.8
      vertex 130.167 123.238 23.8
      vertex 130.141 123.252 23.8
    endloop
  endfacet
  facet normal 0 0 1
    outer loop
      vertex 129.6 109.022 23.8
      vertex 130.141 123.252 23.8
      vertex 130.057 123.302 23.8
    endloop
  endfacet
  facet normal 0 0 1
    outer loop
      vertex 129.6 109.022 23.8
      vertex 130.057 123.302 23.8
      vertex 130.033 123.319 23.8
    endloop
  endfacet
  facet normal 0 0 1
    outer loop
      vertex 129.6 109.022 23.8
      vertex 130.033 123.319 23.8
      vertex 129.954 123.377 23.8
    endloop
  endfacet
  facet normal 0 0 1
    outer loop
      vertex 129.6 109.022 23.8
      vertex 129.954 123.377 23.8
      vertex 129.931 123.396 23.8
    endloop
  endfacet
  facet normal 0 0 1
    outer loop
      vertex 129.6 109.022 23.8
      vertex 129.931 123.396 23.8
      vertex 129.858 123.462 23.8
    endloop
  endfacet
  facet normal 0 0 1
    outer loop
      vertex 129.6 109.022 23.8
      vertex 129.858 123.462 23.8
      vertex 129.838 123.482 23.8
    endloop
  endfacet
  facet normal 0 0 1
    outer loop
      vertex 129.6 109.022 23.8
      vertex 129.838 123.482 23.8
      vertex 129.772 123.555 23.8
    endloop
  endfacet
  facet normal 0 0 1
    outer loop
      vertex 129.6 109.022 23.8
      vertex 129.772 123.555 23.8
      vertex 129.753 123.578 23.8
    endloop
  endfacet
  facet normal 0 0 1
    outer loop
      vertex 129.6 109.022 23.8
      vertex 129.753 123.578 23.8
      vertex 129.695 123.657 23.8
    endloop
  endfacet
  facet normal 0 0 1
    outer loop
      vertex 129.6 109.022 23.8
      vertex 129.695 123.657 23.8
      vertex 129.678 123.681 23.8
    endloop
  endfacet
  facet normal 0 0 1
    outer loop
      vertex 129.6 109.022 23.8
      vertex 129.678 123.681 23.8
      vertex 129.628 123.765 23.8
    endloop
  endfacet
  facet normal 0 0 1
    outer loop
      vertex 129.6 109.022 23.8
      vertex 129.628 123.765 23.8
      vertex 129.614 123.791 23.8
    endloop
  endfacet
  facet normal 0 0 1
    outer loop
      vertex 129.6 109.022 23.8
      vertex 129.614 123.791 23.8
      vertex 129.6 123.821 23.8
    endloop
  endfacet
  facet normal 0 0 1
    outer loop
      vertex 130.654 123.096 23.8
      vertex 129.6 109.022 23.8
      vertex 130.767 109.022 23.8
    endloop
  endfacet
  facet normal 0 0 1
    outer loop
      vertex 131.4 104.041 23.8
      vertex 131.393 89.8112 23.8
      vertex 131.4 89.8068 23.8
    endloop
  endfacet
  facet normal 0 0 1
    outer loop
      vertex 131.4 104.041 23.8
      vertex 131.367 89.8251 23.8
      vertex 131.393 89.8112 23.8
    endloop
  endfacet
  facet normal 0 0 1
    outer loop
      vertex 131.4 104.041 23.8
      vertex 131.278 89.8671 23.8
      vertex 131.367 89.8251 23.8
    endloop
  endfacet
  facet normal 0 0 1
    outer loop
      vertex 131.4 104.041 23.8
      vertex 131.251 89.8783 23.8
      vertex 131.278 89.8671 23.8
    endloop
  endfacet
  facet normal 0 0 1
    outer loop
      vertex 131.4 104.041 23.8
      vertex 131.158 89.9114 23.8
      vertex 131.251 89.8783 23.8
    endloop
  endfacet
  facet normal 0 0 1
    outer loop
      vertex 131.4 104.041 23.8
      vertex 131.13 89.9199 23.8
      vertex 131.158 89.9114 23.8
    endloop
  endfacet
  facet normal 0 0 1
    outer loop
      vertex 131.4 104.041 23.8
      vertex 131.035 89.9438 23.8
      vertex 131.13 89.9199 23.8
    endloop
  endfacet
  facet normal 0 0 1
    outer loop
      vertex 131.4 104.041 23.8
      vertex 131.006 89.9495 23.8
      vertex 131.035 89.9438 23.8
    endloop
  endfacet
  facet normal 0 0 1
    outer loop
      vertex 131.4 104.041 23.8
      vertex 130.909 89.9639 23.8
      vertex 131.006 89.9495 23.8
    endloop
  endfacet
  facet normal 0 0 1
    outer loop
      vertex 131.4 104.041 23.8
      vertex 130.88 89.9668 23.8
      vertex 130.909 89.9639 23.8
    endloop
  endfacet
  facet normal 0 0 1
    outer loop
      vertex 131.4 104.041 23.8
      vertex 130.782 89.9716 23.8
      vertex 130.88 89.9668 23.8
    endloop
  endfacet
  facet normal -0 0 1
    outer loop
      vertex 130.767 104.041 23.8
      vertex 130.782 89.9716 23.8
      vertex 131.4 104.041 23.8
    endloop
  endfacet
  facet normal 0 0 1
    outer loop
      vertex 130.767 104.041 23.8
      vertex 130.767 89.972 23.8
      vertex 130.782 89.9716 23.8
    endloop
  endfacet
  facet normal -0 0 1
    outer loop
      vertex 130.752 104.041 23.8
      vertex 130.767 89.972 23.8
      vertex 130.767 104.041 23.8
    endloop
  endfacet
  facet normal 0 0 1
    outer loop
      vertex 130.654 104.046 23.8
      vertex 130.767 89.972 23.8
      vertex 130.752 104.041 23.8
    endloop
  endfacet
  facet normal 0 0 1
    outer loop
      vertex 129.6 89.972 23.8
      vertex 130.654 104.046 23.8
      vertex 130.625 104.049 23.8
    endloop
  endfacet
  facet normal 0 0 1
    outer loop
      vertex 129.6 89.972 23.8
      vertex 130.625 104.049 23.8
      vertex 130.528 104.063 23.8
    endloop
  endfacet
  facet normal 0 0 1
    outer loop
      vertex 129.6 89.972 23.8
      vertex 130.528 104.063 23.8
      vertex 130.499 104.069 23.8
    endloop
  endfacet
  facet normal 0 0 1
    outer loop
      vertex 129.6 89.972 23.8
      vertex 130.499 104.069 23.8
      vertex 130.404 104.093 23.8
    endloop
  endfacet
  facet normal 0 0 1
    outer loop
      vertex 129.6 89.972 23.8
      vertex 130.404 104.093 23.8
      vertex 130.376 104.102 23.8
    endloop
  endfacet
  facet normal 0 0 1
    outer loop
      vertex 129.6 89.972 23.8
      vertex 130.376 104.102 23.8
      vertex 130.283 104.135 23.8
    endloop
  endfacet
  facet normal 0 0 1
    outer loop
      vertex 129.6 89.972 23.8
      vertex 130.283 104.135 23.8
      vertex 130.256 104.146 23.8
    endloop
  endfacet
  facet normal 0 0 1
    outer loop
      vertex 129.6 89.972 23.8
      vertex 130.256 104.146 23.8
      vertex 130.167 104.188 23.8
    endloop
  endfacet
  facet normal 0 0 1
    outer loop
      vertex 129.6 89.972 23.8
      vertex 130.167 104.188 23.8
      vertex 130.141 104.202 23.8
    endloop
  endfacet
  facet normal 0 0 1
    outer loop
      vertex 129.6 89.972 23.8
      vertex 130.141 104.202 23.8
      vertex 130.057 104.252 23.8
    endloop
  endfacet
  facet normal 0 0 1
    outer loop
      vertex 129.6 89.972 23.8
      vertex 130.057 104.252 23.8
      vertex 130.033 104.269 23.8
    endloop
  endfacet
  facet normal 0 0 1
    outer loop
      vertex 129.6 89.972 23.8
      vertex 130.033 104.269 23.8
      vertex 129.954 104.327 23.8
    endloop
  endfacet
  facet normal 0 0 1
    outer loop
      vertex 129.6 89.972 23.8
      vertex 129.954 104.327 23.8
      vertex 129.931 104.346 23.8
    endloop
  endfacet
  facet normal 0 0 1
    outer loop
      vertex 129.6 89.972 23.8
      vertex 129.931 104.346 23.8
      vertex 129.858 104.412 23.8
    endloop
  endfacet
  facet normal 0 0 1
    outer loop
      vertex 129.6 89.972 23.8
      vertex 129.858 104.412 23.8
      vertex 129.838 104.432 23.8
    endloop
  endfacet
  facet normal 0 0 1
    outer loop
      vertex 129.6 89.972 23.8
      vertex 129.838 104.432 23.8
      vertex 129.772 104.505 23.8
    endloop
  endfacet
  facet normal 0 0 1
    outer loop
      vertex 129.6 89.972 23.8
      vertex 129.772 104.505 23.8
      vertex 129.753 104.528 23.8
    endloop
  endfacet
  facet normal 0 0 1
    outer loop
      vertex 129.6 89.972 23.8
      vertex 129.753 104.528 23.8
      vertex 129.695 104.607 23.8
    endloop
  endfacet
  facet normal 0 0 1
    outer loop
      vertex 129.6 89.972 23.8
      vertex 129.695 104.607 23.8
      vertex 129.678 104.631 23.8
    endloop
  endfacet
  facet normal 0 0 1
    outer loop
      vertex 129.6 89.972 23.8
      vertex 129.678 104.631 23.8
      vertex 129.628 104.715 23.8
    endloop
  endfacet
  facet normal 0 0 1
    outer loop
      vertex 129.6 89.972 23.8
      vertex 129.628 104.715 23.8
      vertex 129.614 104.741 23.8
    endloop
  endfacet
  facet normal 0 0 1
    outer loop
      vertex 129.6 89.972 23.8
      vertex 129.614 104.741 23.8
      vertex 129.6 104.771 23.8
    endloop
  endfacet
  facet normal 0 0 1
    outer loop
      vertex 130.654 104.046 23.8
      vertex 129.6 89.972 23.8
      vertex 130.767 89.972 23.8
    endloop
  endfacet
  facet normal 0 0 1
    outer loop
      vertex 131.4 65.941 23.8
      vertex 131.393 51.7113 23.8
      vertex 131.4 51.7068 23.8
    endloop
  endfacet
  facet normal 0 0 1
    outer loop
      vertex 131.4 65.941 23.8
      vertex 131.367 51.7251 23.8
      vertex 131.393 51.7113 23.8
    endloop
  endfacet
  facet normal 0 0 1
    outer loop
      vertex 131.4 65.941 23.8
      vertex 131.278 51.7671 23.8
      vertex 131.367 51.7251 23.8
    endloop
  endfacet
  facet normal 0 0 1
    outer loop
      vertex 131.4 65.941 23.8
      vertex 131.251 51.7783 23.8
      vertex 131.278 51.7671 23.8
    endloop
  endfacet
  facet normal 0 0 1
    outer loop
      vertex 131.4 65.941 23.8
      vertex 131.158 51.8114 23.8
      vertex 131.251 51.7783 23.8
    endloop
  endfacet
  facet normal 0 0 1
    outer loop
      vertex 131.4 65.941 23.8
      vertex 131.13 51.82 23.8
      vertex 131.158 51.8114 23.8
    endloop
  endfacet
  facet normal 0 0 1
    outer loop
      vertex 131.4 65.941 23.8
      vertex 131.035 51.8438 23.8
      vertex 131.13 51.82 23.8
    endloop
  endfacet
  facet normal 0 0 1
    outer loop
      vertex 131.4 65.941 23.8
      vertex 131.006 51.8495 23.8
      vertex 131.035 51.8438 23.8
    endloop
  endfacet
  facet normal 0 0 1
    outer loop
      vertex 131.4 65.941 23.8
      vertex 130.909 51.8639 23.8
      vertex 131.006 51.8495 23.8
    endloop
  endfacet
  facet normal 0 0 1
    outer loop
      vertex 131.4 65.941 23.8
      vertex 130.88 51.8668 23.8
      vertex 130.909 51.8639 23.8
    endloop
  endfacet
  facet normal 0 0 1
    outer loop
      vertex 131.4 65.941 23.8
      vertex 130.782 51.8717 23.8
      vertex 130.88 51.8668 23.8
    endloop
  endfacet
  facet normal -0 0 1
    outer loop
      vertex 130.767 65.941 23.8
      vertex 130.782 51.8717 23.8
      vertex 131.4 65.941 23.8
    endloop
  endfacet
  facet normal 0 0 1
    outer loop
      vertex 130.767 65.941 23.8
      vertex 130.767 51.872 23.8
      vertex 130.782 51.8717 23.8
    endloop
  endfacet
  facet normal 0 0 1
    outer loop
      vertex 130.752 65.9414 23.8
      vertex 130.767 51.872 23.8
      vertex 130.767 65.941 23.8
    endloop
  endfacet
  facet normal 0 0 1
    outer loop
      vertex 130.654 65.9462 23.8
      vertex 130.767 51.872 23.8
      vertex 130.752 65.9414 23.8
    endloop
  endfacet
  facet normal 0 0 1
    outer loop
      vertex 129.6 51.872 23.8
      vertex 130.654 65.9462 23.8
      vertex 130.625 65.9491 23.8
    endloop
  endfacet
  facet normal 0 0 1
    outer loop
      vertex 129.6 51.872 23.8
      vertex 130.625 65.9491 23.8
      vertex 130.528 65.9635 23.8
    endloop
  endfacet
  facet normal 0 0 1
    outer loop
      vertex 129.6 51.872 23.8
      vertex 130.528 65.9635 23.8
      vertex 130.499 65.9692 23.8
    endloop
  endfacet
  facet normal 0 0 1
    outer loop
      vertex 129.6 51.872 23.8
      vertex 130.499 65.9692 23.8
      vertex 130.404 65.9931 23.8
    endloop
  endfacet
  facet normal 0 0 1
    outer loop
      vertex 129.6 51.872 23.8
      vertex 130.404 65.9931 23.8
      vertex 130.376 66.0016 23.8
    endloop
  endfacet
  facet normal 0 0 1
    outer loop
      vertex 129.6 51.872 23.8
      vertex 130.376 66.0016 23.8
      vertex 130.283 66.0347 23.8
    endloop
  endfacet
  facet normal 0 0 1
    outer loop
      vertex 129.6 51.872 23.8
      vertex 130.283 66.0347 23.8
      vertex 130.256 66.0459 23.8
    endloop
  endfacet
  facet normal 0 0 1
    outer loop
      vertex 129.6 51.872 23.8
      vertex 130.256 66.0459 23.8
      vertex 130.167 66.0879 23.8
    endloop
  endfacet
  facet normal 0 0 1
    outer loop
      vertex 129.6 51.872 23.8
      vertex 130.167 66.0879 23.8
      vertex 130.141 66.1018 23.8
    endloop
  endfacet
  facet normal 0 0 1
    outer loop
      vertex 129.6 51.872 23.8
      vertex 130.141 66.1018 23.8
      vertex 130.057 66.1522 23.8
    endloop
  endfacet
  facet normal 0 0 1
    outer loop
      vertex 129.6 51.872 23.8
      vertex 130.057 66.1522 23.8
      vertex 130.033 66.1686 23.8
    endloop
  endfacet
  facet normal 0 0 1
    outer loop
      vertex 129.6 51.872 23.8
      vertex 130.033 66.1686 23.8
      vertex 129.954 66.227 23.8
    endloop
  endfacet
  facet normal 0 0 1
    outer loop
      vertex 129.6 51.872 23.8
      vertex 129.954 66.227 23.8
      vertex 129.931 66.2457 23.8
    endloop
  endfacet
  facet normal 0 0 1
    outer loop
      vertex 129.6 51.872 23.8
      vertex 129.931 66.2457 23.8
      vertex 129.858 66.3116 23.8
    endloop
  endfacet
  facet normal 0 0 1
    outer loop
      vertex 129.6 51.872 23.8
      vertex 129.858 66.3116 23.8
      vertex 129.838 66.3325 23.8
    endloop
  endfacet
  facet normal 0 0 1
    outer loop
      vertex 129.6 51.872 23.8
      vertex 129.838 66.3325 23.8
      vertex 129.772 66.4052 23.8
    endloop
  endfacet
  facet normal 0 0 1
    outer loop
      vertex 129.6 51.872 23.8
      vertex 129.772 66.4052 23.8
      vertex 129.753 66.4279 23.8
    endloop
  endfacet
  facet normal 0 0 1
    outer loop
      vertex 129.6 51.872 23.8
      vertex 129.753 66.4279 23.8
      vertex 129.695 66.5067 23.8
    endloop
  endfacet
  facet normal 0 0 1
    outer loop
      vertex 129.6 51.872 23.8
      vertex 129.695 66.5067 23.8
      vertex 129.678 66.5312 23.8
    endloop
  endfacet
  facet normal 0 0 1
    outer loop
      vertex 129.6 51.872 23.8
      vertex 129.678 66.5312 23.8
      vertex 129.628 66.6154 23.8
    endloop
  endfacet
  facet normal 0 0 1
    outer loop
      vertex 129.6 51.872 23.8
      vertex 129.628 66.6154 23.8
      vertex 129.614 66.6413 23.8
    endloop
  endfacet
  facet normal 0 0 1
    outer loop
      vertex 129.6 51.872 23.8
      vertex 129.614 66.6413 23.8
      vertex 129.6 66.6707 23.8
    endloop
  endfacet
  facet normal 0 0 1
    outer loop
      vertex 130.654 65.9462 23.8
      vertex 129.6 51.872 23.8
      vertex 130.767 51.872 23.8
    endloop
  endfacet
  facet normal 0.229039 -0.973417 0
    outer loop
      vertex 62.1266 19.5248 20
      vertex 62.1572 19.532 23.8
      vertex 62.1266 19.5248 23.8
    endloop
  endfacet
  facet normal 0.229039 -0.973417 0
    outer loop
      vertex 62.1572 19.532 23.8
      vertex 62.1266 19.5248 20
      vertex 62.1572 19.532 20
    endloop
  endfacet
  facet normal 0.121541 -0.992586 0
    outer loop
      vertex 62.1572 19.532 20
      vertex 62.1768 19.5344 23.8
      vertex 62.1572 19.532 23.8
    endloop
  endfacet
  facet normal 0.121541 -0.992586 0
    outer loop
      vertex 62.1768 19.5344 23.8
      vertex 62.1572 19.532 20
      vertex 62.1768 19.5344 20
    endloop
  endfacet
  facet normal 0.0866294 -0.996241 0
    outer loop
      vertex 62.1768 19.5344 20
      vertex 131.177 25.5344 23.8
      vertex 62.1768 19.5344 23.8
    endloop
  endfacet
  facet normal 0.0866294 -0.996241 0
    outer loop
      vertex 131.177 25.5344 23.8
      vertex 62.1768 19.5344 20
      vertex 131.177 25.5344 20
    endloop
  endfacet
  facet normal 0 -1 0
    outer loop
      vertex 131.198 25.5354 20
      vertex 174.095 25.5354 23.8
      vertex 131.198 25.5354 23.8
    endloop
  endfacet
  facet normal 0 -1 -0
    outer loop
      vertex 174.095 25.5354 23.8
      vertex 131.198 25.5354 20
      vertex 174.095 25.5354 20
    endloop
  endfacet
  facet normal 0.707045 -0.707168 0
    outer loop
      vertex 174.095 25.5354 23.8
      vertex 176.979 28.4189 20
      vertex 176.979 28.4189 23.8
    endloop
  endfacet
  facet normal 0.707045 -0.707168 0
    outer loop
      vertex 176.979 28.4189 20
      vertex 174.095 25.5354 23.8
      vertex 174.095 25.5354 20
    endloop
  endfacet
  facet normal 0.953597 -0.301086 0
    outer loop
      vertex 176.979 28.4189 23.8
      vertex 182.948 47.3239 20
      vertex 182.948 47.3239 23.8
    endloop
  endfacet
  facet normal 0.953597 -0.301086 0
    outer loop
      vertex 182.948 47.3239 20
      vertex 176.979 28.4189 23.8
      vertex 176.979 28.4189 20
    endloop
  endfacet
  facet normal 1 -0 0
    outer loop
      vertex 182.948 47.3239 23.8
      vertex 182.948 129.182 20
      vertex 182.948 129.182 23.8
    endloop
  endfacet
  facet normal 1 0 0
    outer loop
      vertex 182.948 129.182 20
      vertex 182.948 47.3239 23.8
      vertex 182.948 47.3239 20
    endloop
  endfacet
  facet normal 0.707107 0.707107 0
    outer loop
      vertex 182.948 129.182 23.8
      vertex 182.086 130.044 20
      vertex 182.086 130.044 23.8
    endloop
  endfacet
  facet normal 0.707107 0.707107 0
    outer loop
      vertex 182.086 130.044 20
      vertex 182.948 129.182 23.8
      vertex 182.948 129.182 20
    endloop
  endfacet
  facet normal 0.0851556 0.996368 -0
    outer loop
      vertex 182.086 130.044 20
      vertex 111.988 136.035 23.8
      vertex 182.086 130.044 23.8
    endloop
  endfacet
  facet normal 0.0851556 0.996368 0
    outer loop
      vertex 111.988 136.035 23.8
      vertex 182.086 130.044 20
      vertex 111.988 136.035 20
    endloop
  endfacet
  facet normal 0 1 -0
    outer loop
      vertex 111.988 136.035 20
      vertex 70.5059 136.035 23.8
      vertex 111.988 136.035 23.8
    endloop
  endfacet
  facet normal 0 1 0
    outer loop
      vertex 70.5059 136.035 23.8
      vertex 111.988 136.035 20
      vertex 70.5059 136.035 20
    endloop
  endfacet
  facet normal -0.0593318 0.998238 0
    outer loop
      vertex 70.5059 136.035 20
      vertex 3.30811 132.041 23.8
      vertex 70.5059 136.035 23.8
    endloop
  endfacet
  facet normal -0.0593318 0.998238 0
    outer loop
      vertex 3.30811 132.041 23.8
      vertex 70.5059 136.035 20
      vertex 3.30811 132.041 20
    endloop
  endfacet
  facet normal -0.706989 0.707225 0
    outer loop
      vertex 1.44849 130.182 20
      vertex 3.30811 132.041 23.8
      vertex 3.30811 132.041 20
    endloop
  endfacet
  facet normal -0.706989 0.707225 0
    outer loop
      vertex 3.30811 132.041 23.8
      vertex 1.44849 130.182 20
      vertex 1.44849 130.182 23.8
    endloop
  endfacet
  facet normal -1 0 0
    outer loop
      vertex 1.44849 56.3162 20
      vertex 1.44849 130.182 23.8
      vertex 1.44849 130.182 20
    endloop
  endfacet
  facet normal -1 -0 0
    outer loop
      vertex 1.44849 130.182 23.8
      vertex 1.44849 56.3162 20
      vertex 1.44849 56.3162 23.8
    endloop
  endfacet
  facet normal -0.970144 -0.242531 0
    outer loop
      vertex 2.43787 52.3586 20
      vertex 1.44849 56.3162 23.8
      vertex 1.44849 56.3162 20
    endloop
  endfacet
  facet normal -0.970144 -0.242531 0
    outer loop
      vertex 1.44849 56.3162 23.8
      vertex 2.43787 52.3586 20
      vertex 2.43787 52.3586 23.8
    endloop
  endfacet
  facet normal -0.939793 -0.341743 0
    outer loop
      vertex 18.3994 8.46443 20
      vertex 2.43787 52.3586 23.8
      vertex 2.43787 52.3586 20
    endloop
  endfacet
  facet normal -0.939793 -0.341743 0
    outer loop
      vertex 2.43787 52.3586 23.8
      vertex 18.3994 8.46443 20
      vertex 18.3994 8.46443 23.8
    endloop
  endfacet
  facet normal -0.44721 -0.894429 0
    outer loop
      vertex 18.3994 8.46443 20
      vertex 20.2575 7.53539 23.8
      vertex 18.3994 8.46443 23.8
    endloop
  endfacet
  facet normal -0.44721 -0.894429 -0
    outer loop
      vertex 20.2575 7.53539 23.8
      vertex 18.3994 8.46443 20
      vertex 20.2575 7.53539 20
    endloop
  endfacet
  facet normal 0 -1 0
    outer loop
      vertex 20.2575 7.53539 20
      vertex 22.1618 7.53539 23.8
      vertex 20.2575 7.53539 23.8
    endloop
  endfacet
  facet normal 0 -1 -0
    outer loop
      vertex 22.1618 7.53539 23.8
      vertex 20.2575 7.53539 20
      vertex 22.1618 7.53539 20
    endloop
  endfacet
  facet normal 0.287347 -0.957826 0
    outer loop
      vertex 22.1618 7.53539 20
      vertex 62.1266 19.5248 23.8
      vertex 22.1618 7.53539 23.8
    endloop
  endfacet
  facet normal 0.287347 -0.957826 0
    outer loop
      vertex 62.1266 19.5248 23.8
      vertex 22.1618 7.53539 20
      vertex 62.1266 19.5248 20
    endloop
  endfacet
  facet normal -0.226788 0.973944 0
    outer loop
      vertex 61.8602 21.3073 20
      vertex 61.6094 21.2489 23.8
      vertex 61.8602 21.3073 23.8
    endloop
  endfacet
  facet normal -0.226788 0.973944 0
    outer loop
      vertex 61.6094 21.2489 23.8
      vertex 61.8602 21.3073 20
      vertex 61.6094 21.2489 20
    endloop
  endfacet
  facet normal -0.125934 0.992039 0
    outer loop
      vertex 62.0209 21.3277 20
      vertex 61.8602 21.3073 23.8
      vertex 62.0209 21.3277 23.8
    endloop
  endfacet
  facet normal -0.125934 0.992039 0
    outer loop
      vertex 61.8602 21.3073 23.8
      vertex 62.0209 21.3277 20
      vertex 61.8602 21.3073 20
    endloop
  endfacet
  facet normal -0.0866296 0.996241 0
    outer loop
      vertex 91.5 23.8911 20
      vertex 62.0209 21.3277 23.8
      vertex 91.5 23.8911 23.8
    endloop
  endfacet
  facet normal -0.0866296 0.996241 0
    outer loop
      vertex 62.0209 21.3277 23.8
      vertex 91.5 23.8911 20
      vertex 62.0209 21.3277 20
    endloop
  endfacet
  facet normal -0.086629 0.996241 0
    outer loop
      vertex 129.6 27.2041 20
      vertex 93.3 24.0476 23.8
      vertex 129.6 27.2041 23.8
    endloop
  endfacet
  facet normal -0.086629 0.996241 0
    outer loop
      vertex 93.3 24.0476 23.8
      vertex 129.6 27.2041 20
      vertex 93.3 24.0476 20
    endloop
  endfacet
  facet normal 0 1 -0
    outer loop
      vertex 173.349 27.3354 20
      vertex 131.4 27.3354 23.8
      vertex 173.349 27.3354 23.8
    endloop
  endfacet
  facet normal 0 1 0
    outer loop
      vertex 131.4 27.3354 23.8
      vertex 173.349 27.3354 20
      vertex 131.4 27.3354 20
    endloop
  endfacet
  facet normal -0.706968 0.707245 0
    outer loop
      vertex 173.349 27.3354 20
      vertex 175.395 29.3806 23.8
      vertex 175.395 29.3806 20
    endloop
  endfacet
  facet normal -0.706968 0.707245 0
    outer loop
      vertex 175.395 29.3806 23.8
      vertex 173.349 27.3354 20
      vertex 173.349 27.3354 23.8
    endloop
  endfacet
  facet normal -0.953597 0.301087 0
    outer loop
      vertex 175.395 29.3806 20
      vertex 181.148 47.6014 23.8
      vertex 181.148 47.6014 20
    endloop
  endfacet
  facet normal -0.953597 0.301087 0
    outer loop
      vertex 181.148 47.6014 23.8
      vertex 175.395 29.3806 20
      vertex 175.395 29.3806 23.8
    endloop
  endfacet
  facet normal -1 0 0
    outer loop
      vertex 181.148 47.6014 20
      vertex 181.148 128.318 23.8
      vertex 181.148 128.318 20
    endloop
  endfacet
  facet normal -1 -0 0
    outer loop
      vertex 181.148 128.318 23.8
      vertex 181.148 47.6014 20
      vertex 181.148 47.6014 23.8
    endloop
  endfacet
  facet normal -0.0851104 -0.996372 0
    outer loop
      vertex 111.911 134.235 20
      vertex 129.6 132.724 23.8
      vertex 111.911 134.235 23.8
    endloop
  endfacet
  facet normal -0.0851104 -0.996372 -0
    outer loop
      vertex 129.6 132.724 23.8
      vertex 111.911 134.235 20
      vertex 129.6 132.724 20
    endloop
  endfacet
  facet normal -0.0851603 -0.996367 0
    outer loop
      vertex 131.4 132.57 20
      vertex 181.148 128.318 23.8
      vertex 131.4 132.57 23.8
    endloop
  endfacet
  facet normal -0.0851603 -0.996367 -0
    outer loop
      vertex 181.148 128.318 23.8
      vertex 131.4 132.57 20
      vertex 181.148 128.318 20
    endloop
  endfacet
  facet normal 0 -1 0
    outer loop
      vertex 70.5593 134.235 20
      vertex 91.5 134.235 23.8
      vertex 70.5593 134.235 23.8
    endloop
  endfacet
  facet normal 0 -1 -0
    outer loop
      vertex 91.5 134.235 23.8
      vertex 70.5593 134.235 20
      vertex 91.5 134.235 20
    endloop
  endfacet
  facet normal 0 -1 0
    outer loop
      vertex 93.3 134.235 20
      vertex 111.911 134.235 23.8
      vertex 93.3 134.235 23.8
    endloop
  endfacet
  facet normal 0 -1 -0
    outer loop
      vertex 111.911 134.235 23.8
      vertex 93.3 134.235 20
      vertex 111.911 134.235 20
    endloop
  endfacet
  facet normal 0.05934 -0.998238 0
    outer loop
      vertex 4.09744 130.285 20
      vertex 53 133.192 23.8
      vertex 4.09744 130.285 23.8
    endloop
  endfacet
  facet normal 0.05934 -0.998238 0
    outer loop
      vertex 53 133.192 23.8
      vertex 4.09744 130.285 20
      vertex 53 133.192 20
    endloop
  endfacet
  facet normal 0.059289 -0.998241 0
    outer loop
      vertex 54.8 133.299 20
      vertex 70.5593 134.235 23.8
      vertex 54.8 133.299 23.8
    endloop
  endfacet
  facet normal 0.059289 -0.998241 0
    outer loop
      vertex 70.5593 134.235 23.8
      vertex 54.8 133.299 20
      vertex 70.5593 134.235 20
    endloop
  endfacet
  facet normal 0.707128 -0.707086 0
    outer loop
      vertex 3.24849 129.436 23.8
      vertex 4.09744 130.285 20
      vertex 4.09744 130.285 23.8
    endloop
  endfacet
  facet normal 0.707128 -0.707086 0
    outer loop
      vertex 4.09744 130.285 20
      vertex 3.24849 129.436 23.8
      vertex 3.24849 129.436 20
    endloop
  endfacet
  facet normal 1 -0 0
    outer loop
      vertex 3.24849 56.5377 23.8
      vertex 3.24849 129.436 20
      vertex 3.24849 129.436 23.8
    endloop
  endfacet
  facet normal 1 0 0
    outer loop
      vertex 3.24849 129.436 20
      vertex 3.24849 56.5377 23.8
      vertex 3.24849 56.5377 20
    endloop
  endfacet
  facet normal 0.970142 0.242537 0
    outer loop
      vertex 4.16142 52.886 23.8
      vertex 3.24849 56.5377 20
      vertex 3.24849 56.5377 23.8
    endloop
  endfacet
  facet normal 0.970142 0.242537 0
    outer loop
      vertex 3.24849 56.5377 20
      vertex 4.16142 52.886 23.8
      vertex 4.16142 52.886 20
    endloop
  endfacet
  facet normal 0.939793 0.341743 0
    outer loop
      vertex 19.8459 9.75365 23.8
      vertex 4.16142 52.886 20
      vertex 4.16142 52.886 23.8
    endloop
  endfacet
  facet normal 0.939793 0.341743 0
    outer loop
      vertex 4.16142 52.886 20
      vertex 19.8459 9.75365 23.8
      vertex 19.8459 9.75365 20
    endloop
  endfacet
  facet normal 0.447222 0.894423 -0
    outer loop
      vertex 20.6824 9.33539 20
      vertex 19.8459 9.75365 23.8
      vertex 20.6824 9.33539 23.8
    endloop
  endfacet
  facet normal 0.447222 0.894423 0
    outer loop
      vertex 19.8459 9.75365 23.8
      vertex 20.6824 9.33539 20
      vertex 19.8459 9.75365 20
    endloop
  endfacet
  facet normal 0 1 -0
    outer loop
      vertex 21.8976 9.33539 20
      vertex 20.6824 9.33539 23.8
      vertex 21.8976 9.33539 23.8
    endloop
  endfacet
  facet normal 0 1 0
    outer loop
      vertex 20.6824 9.33539 23.8
      vertex 21.8976 9.33539 20
      vertex 20.6824 9.33539 20
    endloop
  endfacet
  facet normal -0.287348 0.957826 0
    outer loop
      vertex 59.176 20.5189 20
      vertex 21.8976 9.33539 23.8
      vertex 59.176 20.5189 23.8
    endloop
  endfacet
  facet normal -0.287348 0.957826 0
    outer loop
      vertex 21.8976 9.33539 23.8
      vertex 59.176 20.5189 20
      vertex 21.8976 9.33539 20
    endloop
  endfacet
  facet normal -0.287323 0.957834 0
    outer loop
      vertex 61.6094 21.2489 20
      vertex 60.912 21.0397 23.8
      vertex 61.6094 21.2489 23.8
    endloop
  endfacet
  facet normal -0.287323 0.957834 0
    outer loop
      vertex 60.912 21.0397 23.8
      vertex 61.6094 21.2489 20
      vertex 60.912 21.0397 20
    endloop
  endfacet
  facet normal 1 -0 0
    outer loop
      vertex 93.3 24.0476 23.8
      vertex 93.3 51.653 22.5
      vertex 93.3 51.653 23.8
    endloop
  endfacet
  facet normal 1 0 0
    outer loop
      vertex 93.3 51.653 22.5
      vertex 93.3 24.0476 23.8
      vertex 93.3 51.653 21.3
    endloop
  endfacet
  facet normal 1 0 0
    outer loop
      vertex 93.3 24.0476 20
      vertex 93.3 51.653 21.3
      vertex 93.3 24.0476 23.8
    endloop
  endfacet
  facet normal 1 0 0
    outer loop
      vertex 93.3 51.653 21.3
      vertex 93.3 24.0476 20
      vertex 93.3 51.653 20
    endloop
  endfacet
  facet normal 1 -0 0
    outer loop
      vertex 93.3 51.653 22.5
      vertex 93.3 73.303 21.3
      vertex 93.3 73.303 22.5
    endloop
  endfacet
  facet normal 1 0 0
    outer loop
      vertex 93.3 73.303 21.3
      vertex 93.3 51.653 22.5
      vertex 93.3 51.653 21.3
    endloop
  endfacet
  facet normal 1 0 0
    outer loop
      vertex 93.3 73.303 22.5
      vertex 93.3 87.5372 22.5
      vertex 93.3 87.5372 23.8
    endloop
  endfacet
  facet normal 1 0 0
    outer loop
      vertex 93.3 87.5372 22.5
      vertex 93.3 73.303 22.5
      vertex 93.3 87.5372 21.3
    endloop
  endfacet
  facet normal 1 0 0
    outer loop
      vertex 93.3 73.303 22.5
      vertex 93.3 87.5372 23.8
      vertex 93.3 73.303 23.8
    endloop
  endfacet
  facet normal 1 0 0
    outer loop
      vertex 93.3 73.303 21.3
      vertex 93.3 87.5372 21.3
      vertex 93.3 73.303 22.5
    endloop
  endfacet
  facet normal 1 0 0
    outer loop
      vertex 93.3 87.5372 21.3
      vertex 93.3 73.303 21.3
      vertex 93.3 87.5372 20
    endloop
  endfacet
  facet normal 1 0 0
    outer loop
      vertex 93.3 87.5372 20
      vertex 93.3 73.303 21.3
      vertex 93.3 73.303 20
    endloop
  endfacet
  facet normal 1 -0 0
    outer loop
      vertex 93.3 87.5372 22.5
      vertex 93.3 92.353 21.3
      vertex 93.3 92.353 22.5
    endloop
  endfacet
  facet normal 1 0 0
    outer loop
      vertex 93.3 92.353 21.3
      vertex 93.3 87.5372 22.5
      vertex 93.3 87.5372 21.3
    endloop
  endfacet
  facet normal 1 0 0
    outer loop
      vertex 93.3 92.353 22.5
      vertex 93.3 106.587 22.5
      vertex 93.3 106.587 23.8
    endloop
  endfacet
  facet normal 1 0 0
    outer loop
      vertex 93.3 106.587 22.5
      vertex 93.3 92.353 22.5
      vertex 93.3 106.587 21.3
    endloop
  endfacet
  facet normal 1 0 0
    outer loop
      vertex 93.3 92.353 22.5
      vertex 93.3 106.587 23.8
      vertex 93.3 92.353 23.8
    endloop
  endfacet
  facet normal 1 0 0
    outer loop
      vertex 93.3 92.353 21.3
      vertex 93.3 106.587 21.3
      vertex 93.3 92.353 22.5
    endloop
  endfacet
  facet normal 1 0 0
    outer loop
      vertex 93.3 106.587 21.3
      vertex 93.3 92.353 21.3
      vertex 93.3 106.587 20
    endloop
  endfacet
  facet normal 1 0 0
    outer loop
      vertex 93.3 106.587 20
      vertex 93.3 92.353 21.3
      vertex 93.3 92.353 20
    endloop
  endfacet
  facet normal 1 -0 0
    outer loop
      vertex 93.3 106.587 22.5
      vertex 93.3 130.453 21.3
      vertex 93.3 130.453 22.5
    endloop
  endfacet
  facet normal 1 0 0
    outer loop
      vertex 93.3 130.453 21.3
      vertex 93.3 106.587 22.5
      vertex 93.3 106.587 21.3
    endloop
  endfacet
  facet normal 1 0 0
    outer loop
      vertex 93.3 130.453 22.5
      vertex 93.3 134.235 23.8
      vertex 93.3 130.453 23.8
    endloop
  endfacet
  facet normal 1 0 0
    outer loop
      vertex 93.3 134.235 23.8
      vertex 93.3 130.453 22.5
      vertex 93.3 134.235 20
    endloop
  endfacet
  facet normal 1 -0 0
    outer loop
      vertex 93.3 130.453 21.3
      vertex 93.3 134.235 20
      vertex 93.3 130.453 22.5
    endloop
  endfacet
  facet normal 1 0 0
    outer loop
      vertex 93.3 134.235 20
      vertex 93.3 130.453 21.3
      vertex 93.3 130.453 20
    endloop
  endfacet
  facet normal -1 0 0
    outer loop
      vertex 91.5 23.8911 20
      vertex 91.5 52.3827 21.3
      vertex 91.5 52.3827 20
    endloop
  endfacet
  facet normal -1 -0 0
    outer loop
      vertex 91.5 52.3827 21.3
      vertex 91.5 23.8911 20
      vertex 91.5 52.3827 22.5
    endloop
  endfacet
  facet normal -1 0 0
    outer loop
      vertex 91.5 23.8911 23.8
      vertex 91.5 52.3827 22.5
      vertex 91.5 23.8911 20
    endloop
  endfacet
  facet normal -1 0 0
    outer loop
      vertex 91.5 52.3827 22.5
      vertex 91.5 23.8911 23.8
      vertex 91.5 52.3827 23.8
    endloop
  endfacet
  facet normal -1 0 0
    outer loop
      vertex 91.5 52.3827 21.3
      vertex 91.5 72.5733 22.5
      vertex 91.5 72.5733 21.3
    endloop
  endfacet
  facet normal -1 -0 0
    outer loop
      vertex 91.5 72.5733 22.5
      vertex 91.5 52.3827 21.3
      vertex 91.5 52.3827 22.5
    endloop
  endfacet
  facet normal -1 0 0
    outer loop
      vertex 91.5 72.5733 21.3
      vertex 91.5 87.372 21.3
      vertex 91.5 87.372 20
    endloop
  endfacet
  facet normal -1 0 0
    outer loop
      vertex 91.5 87.372 21.3
      vertex 91.5 72.5733 21.3
      vertex 91.5 87.372 22.5
    endloop
  endfacet
  facet normal -1 0 0
    outer loop
      vertex 91.5 72.5733 21.3
      vertex 91.5 87.372 20
      vertex 91.5 72.5733 20
    endloop
  endfacet
  facet normal -1 0 0
    outer loop
      vertex 91.5 72.5733 22.5
      vertex 91.5 87.372 22.5
      vertex 91.5 72.5733 21.3
    endloop
  endfacet
  facet normal -1 0 0
    outer loop
      vertex 91.5 87.372 22.5
      vertex 91.5 72.5733 22.5
      vertex 91.5 87.372 23.8
    endloop
  endfacet
  facet normal -1 -0 0
    outer loop
      vertex 91.5 87.372 23.8
      vertex 91.5 72.5733 22.5
      vertex 91.5 72.5733 23.8
    endloop
  endfacet
  facet normal -1 0 0
    outer loop
      vertex 91.5 87.372 21.3
      vertex 91.5 91.6233 22.5
      vertex 91.5 91.6233 21.3
    endloop
  endfacet
  facet normal -1 -0 0
    outer loop
      vertex 91.5 91.6233 22.5
      vertex 91.5 87.372 21.3
      vertex 91.5 87.372 22.5
    endloop
  endfacet
  facet normal -1 0 0
    outer loop
      vertex 91.5 91.6233 21.3
      vertex 91.5 106.422 21.3
      vertex 91.5 106.422 20
    endloop
  endfacet
  facet normal -1 0 0
    outer loop
      vertex 91.5 106.422 21.3
      vertex 91.5 91.6233 21.3
      vertex 91.5 106.422 22.5
    endloop
  endfacet
  facet normal -1 0 0
    outer loop
      vertex 91.5 91.6233 21.3
      vertex 91.5 106.422 20
      vertex 91.5 91.6233 20
    endloop
  endfacet
  facet normal -1 0 0
    outer loop
      vertex 91.5 91.6233 22.5
      vertex 91.5 106.422 22.5
      vertex 91.5 91.6233 21.3
    endloop
  endfacet
  facet normal -1 0 0
    outer loop
      vertex 91.5 106.422 22.5
      vertex 91.5 91.6233 22.5
      vertex 91.5 106.422 23.8
    endloop
  endfacet
  facet normal -1 -0 0
    outer loop
      vertex 91.5 106.422 23.8
      vertex 91.5 91.6233 22.5
      vertex 91.5 91.6233 23.8
    endloop
  endfacet
  facet normal -1 0 0
    outer loop
      vertex 91.5 106.422 21.3
      vertex 91.5 129.723 22.5
      vertex 91.5 129.723 21.3
    endloop
  endfacet
  facet normal -1 -0 0
    outer loop
      vertex 91.5 129.723 22.5
      vertex 91.5 106.422 21.3
      vertex 91.5 106.422 22.5
    endloop
  endfacet
  facet normal -1 0 0
    outer loop
      vertex 91.5 129.723 21.3
      vertex 91.5 134.235 20
      vertex 91.5 129.723 20
    endloop
  endfacet
  facet normal -1 0 0
    outer loop
      vertex 91.5 134.235 20
      vertex 91.5 129.723 21.3
      vertex 91.5 134.235 23.8
    endloop
  endfacet
  facet normal -1 0 0
    outer loop
      vertex 91.5 129.723 22.5
      vertex 91.5 134.235 23.8
      vertex 91.5 129.723 21.3
    endloop
  endfacet
  facet normal -1 -0 0
    outer loop
      vertex 91.5 134.235 23.8
      vertex 91.5 129.723 22.5
      vertex 91.5 129.723 23.8
    endloop
  endfacet
  facet normal 1 -0 0
    outer loop
      vertex 131.4 27.3354 23.8
      vertex 131.4 46.89 22.5
      vertex 131.4 46.89 23.8
    endloop
  endfacet
  facet normal 1 0 0
    outer loop
      vertex 131.4 46.89 22.5
      vertex 131.4 27.3354 23.8
      vertex 131.4 46.89 21.3
    endloop
  endfacet
  facet normal 1 0 0
    outer loop
      vertex 131.4 27.3354 20
      vertex 131.4 46.89 21.3
      vertex 131.4 27.3354 23.8
    endloop
  endfacet
  facet normal 1 0 0
    outer loop
      vertex 131.4 46.89 21.3
      vertex 131.4 27.3354 20
      vertex 131.4 46.89 20
    endloop
  endfacet
  facet normal 1 -0 0
    outer loop
      vertex 131.4 46.89 22.5
      vertex 131.4 51.7068 21.3
      vertex 131.4 51.7068 22.5
    endloop
  endfacet
  facet normal 1 0 0
    outer loop
      vertex 131.4 51.7068 21.3
      vertex 131.4 46.89 22.5
      vertex 131.4 46.89 21.3
    endloop
  endfacet
  facet normal 1 0 0
    outer loop
      vertex 131.4 51.7068 22.5
      vertex 131.4 65.941 22.5
      vertex 131.4 65.941 23.8
    endloop
  endfacet
  facet normal 1 0 0
    outer loop
      vertex 131.4 65.941 22.5
      vertex 131.4 51.7068 22.5
      vertex 131.4 65.941 21.3
    endloop
  endfacet
  facet normal 1 0 0
    outer loop
      vertex 131.4 51.7068 22.5
      vertex 131.4 65.941 23.8
      vertex 131.4 51.7068 23.8
    endloop
  endfacet
  facet normal 1 0 0
    outer loop
      vertex 131.4 51.7068 21.3
      vertex 131.4 65.941 21.3
      vertex 131.4 51.7068 22.5
    endloop
  endfacet
  facet normal 1 0 0
    outer loop
      vertex 131.4 65.941 21.3
      vertex 131.4 51.7068 21.3
      vertex 131.4 65.941 20
    endloop
  endfacet
  facet normal 1 0 0
    outer loop
      vertex 131.4 65.941 20
      vertex 131.4 51.7068 21.3
      vertex 131.4 51.7068 20
    endloop
  endfacet
  facet normal 1 -0 0
    outer loop
      vertex 131.4 65.941 22.5
      vertex 131.4 89.8068 21.3
      vertex 131.4 89.8068 22.5
    endloop
  endfacet
  facet normal 1 0 0
    outer loop
      vertex 131.4 89.8068 21.3
      vertex 131.4 65.941 22.5
      vertex 131.4 65.941 21.3
    endloop
  endfacet
  facet normal 1 0 0
    outer loop
      vertex 131.4 89.8068 22.5
      vertex 131.4 104.041 22.5
      vertex 131.4 104.041 23.8
    endloop
  endfacet
  facet normal 1 0 0
    outer loop
      vertex 131.4 104.041 22.5
      vertex 131.4 89.8068 22.5
      vertex 131.4 104.041 21.3
    endloop
  endfacet
  facet normal 1 0 0
    outer loop
      vertex 131.4 89.8068 22.5
      vertex 131.4 104.041 23.8
      vertex 131.4 89.8068 23.8
    endloop
  endfacet
  facet normal 1 0 0
    outer loop
      vertex 131.4 89.8068 21.3
      vertex 131.4 104.041 21.3
      vertex 131.4 89.8068 22.5
    endloop
  endfacet
  facet normal 1 0 0
    outer loop
      vertex 131.4 104.041 21.3
      vertex 131.4 89.8068 21.3
      vertex 131.4 104.041 20
    endloop
  endfacet
  facet normal 1 0 0
    outer loop
      vertex 131.4 104.041 20
      vertex 131.4 89.8068 21.3
      vertex 131.4 89.8068 20
    endloop
  endfacet
  facet normal 1 -0 0
    outer loop
      vertex 131.4 104.041 22.5
      vertex 131.4 108.857 21.3
      vertex 131.4 108.857 22.5
    endloop
  endfacet
  facet normal 1 0 0
    outer loop
      vertex 131.4 108.857 21.3
      vertex 131.4 104.041 22.5
      vertex 131.4 104.041 21.3
    endloop
  endfacet
  facet normal 1 0 0
    outer loop
      vertex 131.4 108.857 22.5
      vertex 131.4 123.091 22.5
      vertex 131.4 123.091 23.8
    endloop
  endfacet
  facet normal 1 0 0
    outer loop
      vertex 131.4 123.091 22.5
      vertex 131.4 108.857 22.5
      vertex 131.4 123.091 21.3
    endloop
  endfacet
  facet normal 1 0 0
    outer loop
      vertex 131.4 108.857 22.5
      vertex 131.4 123.091 23.8
      vertex 131.4 108.857 23.8
    endloop
  endfacet
  facet normal 1 0 0
    outer loop
      vertex 131.4 108.857 21.3
      vertex 131.4 123.091 21.3
      vertex 131.4 108.857 22.5
    endloop
  endfacet
  facet normal 1 0 0
    outer loop
      vertex 131.4 123.091 21.3
      vertex 131.4 108.857 21.3
      vertex 131.4 123.091 20
    endloop
  endfacet
  facet normal 1 0 0
    outer loop
      vertex 131.4 123.091 20
      vertex 131.4 108.857 21.3
      vertex 131.4 108.857 20
    endloop
  endfacet
  facet normal 1 -0 0
    outer loop
      vertex 131.4 123.091 22.5
      vertex 131.4 127.907 21.3
      vertex 131.4 127.907 22.5
    endloop
  endfacet
  facet normal 1 0 0
    outer loop
      vertex 131.4 127.907 21.3
      vertex 131.4 123.091 22.5
      vertex 131.4 123.091 21.3
    endloop
  endfacet
  facet normal 1 0 0
    outer loop
      vertex 131.4 127.907 22.5
      vertex 131.4 132.57 23.8
      vertex 131.4 127.907 23.8
    endloop
  endfacet
  facet normal 1 0 0
    outer loop
      vertex 131.4 132.57 23.8
      vertex 131.4 127.907 22.5
      vertex 131.4 132.57 20
    endloop
  endfacet
  facet normal 1 -0 0
    outer loop
      vertex 131.4 127.907 21.3
      vertex 131.4 132.57 20
      vertex 131.4 127.907 22.5
    endloop
  endfacet
  facet normal 1 0 0
    outer loop
      vertex 131.4 132.57 20
      vertex 131.4 127.907 21.3
      vertex 131.4 127.907 20
    endloop
  endfacet
  facet normal -1 0 0
    outer loop
      vertex 129.6 27.2041 20
      vertex 129.6 47.6197 21.3
      vertex 129.6 47.6197 20
    endloop
  endfacet
  facet normal -1 -0 0
    outer loop
      vertex 129.6 47.6197 21.3
      vertex 129.6 27.2041 20
      vertex 129.6 47.6197 22.5
    endloop
  endfacet
  facet normal -1 0 0
    outer loop
      vertex 129.6 27.2041 23.8
      vertex 129.6 47.6197 22.5
      vertex 129.6 27.2041 20
    endloop
  endfacet
  facet normal -1 0 0
    outer loop
      vertex 129.6 47.6197 22.5
      vertex 129.6 27.2041 23.8
      vertex 129.6 47.6197 23.8
    endloop
  endfacet
  facet normal -1 0 0
    outer loop
      vertex 129.6 47.6197 21.3
      vertex 129.6 51.872 22.5
      vertex 129.6 51.872 21.3
    endloop
  endfacet
  facet normal -1 -0 0
    outer loop
      vertex 129.6 51.872 22.5
      vertex 129.6 47.6197 21.3
      vertex 129.6 47.6197 22.5
    endloop
  endfacet
  facet normal -1 0 0
    outer loop
      vertex 129.6 51.872 21.3
      vertex 129.6 66.6707 21.3
      vertex 129.6 66.6707 20
    endloop
  endfacet
  facet normal -1 0 0
    outer loop
      vertex 129.6 66.6707 21.3
      vertex 129.6 51.872 21.3
      vertex 129.6 66.6707 22.5
    endloop
  endfacet
  facet normal -1 0 0
    outer loop
      vertex 129.6 51.872 21.3
      vertex 129.6 66.6707 20
      vertex 129.6 51.872 20
    endloop
  endfacet
  facet normal -1 0 0
    outer loop
      vertex 129.6 51.872 22.5
      vertex 129.6 66.6707 22.5
      vertex 129.6 51.872 21.3
    endloop
  endfacet
  facet normal -1 0 0
    outer loop
      vertex 129.6 66.6707 22.5
      vertex 129.6 51.872 22.5
      vertex 129.6 66.6707 23.8
    endloop
  endfacet
  facet normal -1 -0 0
    outer loop
      vertex 129.6 66.6707 23.8
      vertex 129.6 51.872 22.5
      vertex 129.6 51.872 23.8
    endloop
  endfacet
  facet normal -1 0 0
    outer loop
      vertex 129.6 66.6707 21.3
      vertex 129.6 89.972 22.5
      vertex 129.6 89.972 21.3
    endloop
  endfacet
  facet normal -1 -0 0
    outer loop
      vertex 129.6 89.972 22.5
      vertex 129.6 66.6707 21.3
      vertex 129.6 66.6707 22.5
    endloop
  endfacet
  facet normal -1 0 0
    outer loop
      vertex 129.6 89.972 21.3
      vertex 129.6 104.771 21.3
      vertex 129.6 104.771 20
    endloop
  endfacet
  facet normal -1 0 0
    outer loop
      vertex 129.6 104.771 21.3
      vertex 129.6 89.972 21.3
      vertex 129.6 104.771 22.5
    endloop
  endfacet
  facet normal -1 0 0
    outer loop
      vertex 129.6 89.972 21.3
      vertex 129.6 104.771 20
      vertex 129.6 89.972 20
    endloop
  endfacet
  facet normal -1 0 0
    outer loop
      vertex 129.6 89.972 22.5
      vertex 129.6 104.771 22.5
      vertex 129.6 89.972 21.3
    endloop
  endfacet
  facet normal -1 0 0
    outer loop
      vertex 129.6 104.771 22.5
      vertex 129.6 89.972 22.5
      vertex 129.6 104.771 23.8
    endloop
  endfacet
  facet normal -1 -0 0
    outer loop
      vertex 129.6 104.771 23.8
      vertex 129.6 89.972 22.5
      vertex 129.6 89.972 23.8
    endloop
  endfacet
  facet normal -1 0 0
    outer loop
      vertex 129.6 104.771 21.3
      vertex 129.6 109.022 22.5
      vertex 129.6 109.022 21.3
    endloop
  endfacet
  facet normal -1 -0 0
    outer loop
      vertex 129.6 109.022 22.5
      vertex 129.6 104.771 21.3
      vertex 129.6 104.771 22.5
    endloop
  endfacet
  facet normal -1 0 0
    outer loop
      vertex 129.6 109.022 21.3
      vertex 129.6 123.821 21.3
      vertex 129.6 123.821 20
    endloop
  endfacet
  facet normal -1 0 0
    outer loop
      vertex 129.6 123.821 21.3
      vertex 129.6 109.022 21.3
      vertex 129.6 123.821 22.5
    endloop
  endfacet
  facet normal -1 0 0
    outer loop
      vertex 129.6 109.022 21.3
      vertex 129.6 123.821 20
      vertex 129.6 109.022 20
    endloop
  endfacet
  facet normal -1 0 0
    outer loop
      vertex 129.6 109.022 22.5
      vertex 129.6 123.821 22.5
      vertex 129.6 109.022 21.3
    endloop
  endfacet
  facet normal -1 0 0
    outer loop
      vertex 129.6 123.821 22.5
      vertex 129.6 109.022 22.5
      vertex 129.6 123.821 23.8
    endloop
  endfacet
  facet normal -1 -0 0
    outer loop
      vertex 129.6 123.821 23.8
      vertex 129.6 109.022 22.5
      vertex 129.6 109.022 23.8
    endloop
  endfacet
  facet normal -1 0 0
    outer loop
      vertex 129.6 123.821 21.3
      vertex 129.6 128.072 22.5
      vertex 129.6 128.072 21.3
    endloop
  endfacet
  facet normal -1 -0 0
    outer loop
      vertex 129.6 128.072 22.5
      vertex 129.6 123.821 21.3
      vertex 129.6 123.821 22.5
    endloop
  endfacet
  facet normal -1 0 0
    outer loop
      vertex 129.6 128.072 21.3
      vertex 129.6 132.724 20
      vertex 129.6 128.072 20
    endloop
  endfacet
  facet normal -1 0 0
    outer loop
      vertex 129.6 132.724 20
      vertex 129.6 128.072 21.3
      vertex 129.6 132.724 23.8
    endloop
  endfacet
  facet normal -1 0 0
    outer loop
      vertex 129.6 128.072 22.5
      vertex 129.6 132.724 23.8
      vertex 129.6 128.072 21.3
    endloop
  endfacet
  facet normal -1 -0 0
    outer loop
      vertex 129.6 132.724 23.8
      vertex 129.6 128.072 22.5
      vertex 129.6 128.072 23.8
    endloop
  endfacet
  facet normal 1 -0 0
    outer loop
      vertex 54.8 55.7024 23.8
      vertex 54.8 64.7258 22.5
      vertex 54.8 64.7258 23.8
    endloop
  endfacet
  facet normal 1 0 0
    outer loop
      vertex 54.8 64.7258 22.5
      vertex 54.8 55.7024 23.8
      vertex 54.8 64.7258 21.3
    endloop
  endfacet
  facet normal 1 0 0
    outer loop
      vertex 54.8 55.7024 20
      vertex 54.8 64.7258 21.3
      vertex 54.8 55.7024 23.8
    endloop
  endfacet
  facet normal 1 0 0
    outer loop
      vertex 54.8 64.7258 21.3
      vertex 54.8 55.7024 20
      vertex 54.8 64.7258 20
    endloop
  endfacet
  facet normal 1 -0 0
    outer loop
      vertex 54.8 64.7258 22.5
      vertex 54.8 125.691 21.3
      vertex 54.8 125.691 22.5
    endloop
  endfacet
  facet normal 1 0 0
    outer loop
      vertex 54.8 125.691 21.3
      vertex 54.8 64.7258 22.5
      vertex 54.8 64.7258 21.3
    endloop
  endfacet
  facet normal 1 0 0
    outer loop
      vertex 54.8 125.691 22.5
      vertex 54.8 133.299 23.8
      vertex 54.8 125.691 23.8
    endloop
  endfacet
  facet normal 1 0 0
    outer loop
      vertex 54.8 133.299 23.8
      vertex 54.8 125.691 22.5
      vertex 54.8 133.299 20
    endloop
  endfacet
  facet normal 1 -0 0
    outer loop
      vertex 54.8 125.691 21.3
      vertex 54.8 133.299 20
      vertex 54.8 125.691 22.5
    endloop
  endfacet
  facet normal 1 0 0
    outer loop
      vertex 54.8 133.299 20
      vertex 54.8 125.691 21.3
      vertex 54.8 125.691 20
    endloop
  endfacet
  facet normal -1 0 0
    outer loop
      vertex 53 55.5 20
      vertex 53 55.545 23.8
      vertex 53 55.545 20
    endloop
  endfacet
  facet normal -1 -0 0
    outer loop
      vertex 53 55.545 23.8
      vertex 53 55.5 20
      vertex 53 55.5 23.8
    endloop
  endfacet
  facet normal -1 0 0
    outer loop
      vertex 53 55.5582 20
      vertex 53 64.6566 21.3
      vertex 53 64.6566 20
    endloop
  endfacet
  facet normal -1 -0 0
    outer loop
      vertex 53 64.6566 21.3
      vertex 53 55.5582 20
      vertex 53 64.6566 22.5
    endloop
  endfacet
  facet normal -1 0 0
    outer loop
      vertex 53 55.5582 23.8
      vertex 53 64.6566 22.5
      vertex 53 55.5582 20
    endloop
  endfacet
  facet normal -1 0 0
    outer loop
      vertex 53 64.6566 22.5
      vertex 53 55.5582 23.8
      vertex 53 64.6566 23.8
    endloop
  endfacet
  facet normal -1 0 0
    outer loop
      vertex 53 64.6566 21.3
      vertex 53 67.257 22.5
      vertex 53 67.257 21.3
    endloop
  endfacet
  facet normal -1 -0 0
    outer loop
      vertex 53 67.257 22.5
      vertex 53 64.6566 21.3
      vertex 53 64.6566 22.5
    endloop
  endfacet
  facet normal -1 0 0
    outer loop
      vertex 53 67.257 21.3
      vertex 53 84.99 21.3
      vertex 53 84.99 20
    endloop
  endfacet
  facet normal -1 0 0
    outer loop
      vertex 53 84.99 21.3
      vertex 53 67.257 21.3
      vertex 53 84.99 22.5
    endloop
  endfacet
  facet normal -1 0 0
    outer loop
      vertex 53 67.257 21.3
      vertex 53 84.99 20
      vertex 53 67.257 20
    endloop
  endfacet
  facet normal -1 0 0
    outer loop
      vertex 53 67.257 22.5
      vertex 53 84.99 22.5
      vertex 53 67.257 21.3
    endloop
  endfacet
  facet normal -1 0 0
    outer loop
      vertex 53 84.99 22.5
      vertex 53 67.257 22.5
      vertex 53 84.99 23.8
    endloop
  endfacet
  facet normal -1 -0 0
    outer loop
      vertex 53 84.99 23.8
      vertex 53 67.257 22.5
      vertex 53 67.257 23.8
    endloop
  endfacet
  facet normal -1 0 0
    outer loop
      vertex 53 84.99 21.3
      vertex 53 87.59 22.5
      vertex 53 87.59 21.3
    endloop
  endfacet
  facet normal -1 -0 0
    outer loop
      vertex 53 87.59 22.5
      vertex 53 84.99 21.3
      vertex 53 84.99 22.5
    endloop
  endfacet
  facet normal -1 0 0
    outer loop
      vertex 53 87.59 21.3
      vertex 53 104.041 21.3
      vertex 53 104.041 20
    endloop
  endfacet
  facet normal -1 0 0
    outer loop
      vertex 53 104.041 21.3
      vertex 53 87.59 21.3
      vertex 53 104.041 22.5
    endloop
  endfacet
  facet normal -1 0 0
    outer loop
      vertex 53 87.59 21.3
      vertex 53 104.041 20
      vertex 53 87.59 20
    endloop
  endfacet
  facet normal -1 0 0
    outer loop
      vertex 53 87.59 22.5
      vertex 53 104.041 22.5
      vertex 53 87.59 21.3
    endloop
  endfacet
  facet normal -1 0 0
    outer loop
      vertex 53 104.041 22.5
      vertex 53 87.59 22.5
      vertex 53 104.041 23.8
    endloop
  endfacet
  facet normal -1 -0 0
    outer loop
      vertex 53 104.041 23.8
      vertex 53 87.59 22.5
      vertex 53 87.59 23.8
    endloop
  endfacet
  facet normal -1 0 0
    outer loop
      vertex 53 104.041 21.3
      vertex 53 106.641 22.5
      vertex 53 106.641 21.3
    endloop
  endfacet
  facet normal -1 -0 0
    outer loop
      vertex 53 106.641 22.5
      vertex 53 104.041 21.3
      vertex 53 104.041 22.5
    endloop
  endfacet
  facet normal -1 0 0
    outer loop
      vertex 53 106.641 21.3
      vertex 53 123.091 21.3
      vertex 53 123.091 20
    endloop
  endfacet
  facet normal -1 0 0
    outer loop
      vertex 53 123.091 21.3
      vertex 53 106.641 21.3
      vertex 53 123.091 22.5
    endloop
  endfacet
  facet normal -1 0 0
    outer loop
      vertex 53 106.641 21.3
      vertex 53 123.091 20
      vertex 53 106.641 20
    endloop
  endfacet
  facet normal -1 0 0
    outer loop
      vertex 53 106.641 22.5
      vertex 53 123.091 22.5
      vertex 53 106.641 21.3
    endloop
  endfacet
  facet normal -1 0 0
    outer loop
      vertex 53 123.091 22.5
      vertex 53 106.641 22.5
      vertex 53 123.091 23.8
    endloop
  endfacet
  facet normal -1 -0 0
    outer loop
      vertex 53 123.091 23.8
      vertex 53 106.641 22.5
      vertex 53 106.641 23.8
    endloop
  endfacet
  facet normal -1 0 0
    outer loop
      vertex 53 123.091 21.3
      vertex 53 125.691 22.5
      vertex 53 125.691 21.3
    endloop
  endfacet
  facet normal -1 -0 0
    outer loop
      vertex 53 125.691 22.5
      vertex 53 123.091 21.3
      vertex 53 123.091 22.5
    endloop
  endfacet
  facet normal -1 0 0
    outer loop
      vertex 53 125.691 21.3
      vertex 53 133.192 20
      vertex 53 125.691 20
    endloop
  endfacet
  facet normal -1 0 0
    outer loop
      vertex 53 133.192 20
      vertex 53 125.691 21.3
      vertex 53 133.192 23.8
    endloop
  endfacet
  facet normal -1 0 0
    outer loop
      vertex 53 125.691 22.5
      vertex 53 133.192 23.8
      vertex 53 125.691 21.3
    endloop
  endfacet
  facet normal -1 -0 0
    outer loop
      vertex 53 133.192 23.8
      vertex 53 125.691 22.5
      vertex 53 125.691 23.8
    endloop
  endfacet
  facet normal 0 -1 0
    outer loop
      vertex 53 55.5 20
      vertex 53.0079 55.5 23.8
      vertex 53 55.5 23.8
    endloop
  endfacet
  facet normal 0 -1 -0
    outer loop
      vertex 53.0079 55.5 23.8
      vertex 53 55.5 20
      vertex 53.0079 55.5 20
    endloop
  endfacet
  facet normal 0.984808 0.173649 0
    outer loop
      vertex 60.912 21.0397 23.8
      vertex 57.652 39.528 22.5
      vertex 57.652 39.528 23.8
    endloop
  endfacet
  facet normal 0.984808 0.173649 0
    outer loop
      vertex 57.652 39.528 22.5
      vertex 60.912 21.0397 23.8
      vertex 57.652 39.528 21.3
    endloop
  endfacet
  facet normal 0.984808 0.173649 -0
    outer loop
      vertex 60.912 21.0397 20
      vertex 57.652 39.528 21.3
      vertex 60.912 21.0397 23.8
    endloop
  endfacet
  facet normal 0.984808 0.173649 0
    outer loop
      vertex 57.652 39.528 21.3
      vertex 60.912 21.0397 20
      vertex 57.652 39.528 20
    endloop
  endfacet
  facet normal 0.98481 0.173636 0
    outer loop
      vertex 57.652 39.528 22.5
      vertex 57.2003 42.0899 21.3
      vertex 57.2003 42.0899 22.5
    endloop
  endfacet
  facet normal 0.98481 0.173636 0
    outer loop
      vertex 57.2003 42.0899 21.3
      vertex 57.652 39.528 22.5
      vertex 57.652 39.528 21.3
    endloop
  endfacet
  facet normal 0.984807 0.173652 -0
    outer loop
      vertex 57.2003 42.0899 22.5
      vertex 54.8 55.7024 23.8
      vertex 57.2003 42.0899 23.8
    endloop
  endfacet
  facet normal 0.984807 0.173652 0
    outer loop
      vertex 54.8 55.7024 23.8
      vertex 57.2003 42.0899 22.5
      vertex 54.8 55.7024 20
    endloop
  endfacet
  facet normal 0.984807 0.173652 -0
    outer loop
      vertex 57.2003 42.0899 21.3
      vertex 54.8 55.7024 20
      vertex 57.2003 42.0899 22.5
    endloop
  endfacet
  facet normal 0.984807 0.173652 0
    outer loop
      vertex 54.8 55.7024 20
      vertex 57.2003 42.0899 21.3
      vertex 57.2003 42.0899 20
    endloop
  endfacet
  facet normal -0.984237 -0.176855 0
    outer loop
      vertex 53 55.545 20
      vertex 52.9977 55.5578 23.8
      vertex 52.9977 55.5578 20
    endloop
  endfacet
  facet normal -0.984237 -0.176855 0
    outer loop
      vertex 52.9977 55.5578 23.8
      vertex 53 55.545 20
      vertex 53 55.545 23.8
    endloop
  endfacet
  facet normal -0.984808 -0.173645 0
    outer loop
      vertex 59.176 20.5189 20
      vertex 55.8657 39.2929 21.3
      vertex 55.8657 39.2929 20
    endloop
  endfacet
  facet normal -0.984808 -0.173645 0
    outer loop
      vertex 55.8657 39.2929 21.3
      vertex 59.176 20.5189 20
      vertex 55.8657 39.2929 22.5
    endloop
  endfacet
  facet normal -0.984808 -0.173645 -0
    outer loop
      vertex 59.176 20.5189 23.8
      vertex 55.8657 39.2929 22.5
      vertex 59.176 20.5189 20
    endloop
  endfacet
  facet normal -0.984808 -0.173645 0
    outer loop
      vertex 55.8657 39.2929 22.5
      vertex 59.176 20.5189 23.8
      vertex 55.8657 39.2929 23.8
    endloop
  endfacet
  facet normal -0.984803 -0.173673 0
    outer loop
      vertex 55.8657 39.2929 21.3
      vertex 55.4139 41.8548 22.5
      vertex 55.4139 41.8548 21.3
    endloop
  endfacet
  facet normal -0.984803 -0.173673 0
    outer loop
      vertex 55.4139 41.8548 22.5
      vertex 55.8657 39.2929 21.3
      vertex 55.8657 39.2929 22.5
    endloop
  endfacet
  facet normal -0.984808 -0.173647 -0
    outer loop
      vertex 55.4139 41.8548 21.3
      vertex 53.0079 55.5 20
      vertex 55.4139 41.8548 20
    endloop
  endfacet
  facet normal -0.984808 -0.173647 0
    outer loop
      vertex 53.0079 55.5 20
      vertex 55.4139 41.8548 21.3
      vertex 53.0079 55.5 23.8
    endloop
  endfacet
  facet normal -0.984808 -0.173647 -0
    outer loop
      vertex 55.4139 41.8548 22.5
      vertex 53.0079 55.5 23.8
      vertex 55.4139 41.8548 21.3
    endloop
  endfacet
  facet normal -0.984808 -0.173647 0
    outer loop
      vertex 53.0079 55.5 23.8
      vertex 55.4139 41.8548 22.5
      vertex 55.4139 41.8548 23.8
    endloop
  endfacet
  facet normal -0.171341 0.985212 0
    outer loop
      vertex 53 55.5582 20
      vertex 52.9977 55.5578 23.8
      vertex 53 55.5582 23.8
    endloop
  endfacet
  facet normal -0.171341 0.985212 0
    outer loop
      vertex 52.9977 55.5578 23.8
      vertex 53 55.5582 20
      vertex 52.9977 55.5578 20
    endloop
  endfacet
  facet normal 0.0475651 -0.998868 0
    outer loop
      vertex 131.177 25.5344 20
      vertex 131.198 25.5354 23.8
      vertex 131.177 25.5344 23.8
    endloop
  endfacet
  facet normal 0.0475651 -0.998868 0
    outer loop
      vertex 131.198 25.5354 23.8
      vertex 131.177 25.5344 20
      vertex 131.198 25.5354 20
    endloop
  endfacet
  facet normal 0 0 1
    outer loop
      vertex 91.5 72.5733 22.5
      vertex 93.3 73.303 22.5
      vertex 92.667 73.303 22.5
    endloop
  endfacet
  facet normal 0 0 1
    outer loop
      vertex 93.3 73.303 22.5
      vertex 91.5 72.5733 22.5
      vertex 93.3 51.653 22.5
    endloop
  endfacet
  facet normal 0 0 1
    outer loop
      vertex 93.3 51.653 22.5
      vertex 91.5 52.3827 22.5
      vertex 92.667 51.653 22.5
    endloop
  endfacet
  facet normal 0 0 1
    outer loop
      vertex 91.5 72.5733 22.5
      vertex 92.667 73.303 22.5
      vertex 92.6523 73.3026 22.5
    endloop
  endfacet
  facet normal 0 0 1
    outer loop
      vertex 92.667 51.653 22.5
      vertex 91.5 52.3827 22.5
      vertex 92.6523 51.6534 22.5
    endloop
  endfacet
  facet normal 0 0 1
    outer loop
      vertex 91.5 72.5733 22.5
      vertex 92.6523 73.3026 22.5
      vertex 92.5542 73.2978 22.5
    endloop
  endfacet
  facet normal 0 0 1
    outer loop
      vertex 91.5 72.5733 22.5
      vertex 92.5542 73.2978 22.5
      vertex 92.5249 73.2949 22.5
    endloop
  endfacet
  facet normal 0 0 1
    outer loop
      vertex 93.3 51.653 22.5
      vertex 91.5 72.5733 22.5
      vertex 91.5 52.3827 22.5
    endloop
  endfacet
  facet normal 0 0 1
    outer loop
      vertex 91.5 72.5733 22.5
      vertex 92.5249 73.2949 22.5
      vertex 92.4279 73.2805 22.5
    endloop
  endfacet
  facet normal 0 0 1
    outer loop
      vertex 92.6523 51.6534 22.5
      vertex 91.5 52.3827 22.5
      vertex 92.5543 51.6582 22.5
    endloop
  endfacet
  facet normal 0 0 1
    outer loop
      vertex 91.5 72.5733 22.5
      vertex 92.4279 73.2805 22.5
      vertex 92.399 73.2748 22.5
    endloop
  endfacet
  facet normal 0 0 1
    outer loop
      vertex 92.5543 51.6582 22.5
      vertex 91.5 52.3827 22.5
      vertex 92.5249 51.6611 22.5
    endloop
  endfacet
  facet normal 0 0 1
    outer loop
      vertex 91.5 72.5733 22.5
      vertex 92.399 73.2748 22.5
      vertex 92.3038 73.251 22.5
    endloop
  endfacet
  facet normal 0 0 1
    outer loop
      vertex 92.5249 51.6611 22.5
      vertex 91.5 52.3827 22.5
      vertex 92.4279 51.6755 22.5
    endloop
  endfacet
  facet normal 0 0 1
    outer loop
      vertex 92.399 51.6812 22.5
      vertex 91.5 52.3827 22.5
      vertex 92.3038 51.7051 22.5
    endloop
  endfacet
  facet normal 0 0 1
    outer loop
      vertex 91.5 72.5733 22.5
      vertex 92.3038 73.251 22.5
      vertex 92.2756 73.2424 22.5
    endloop
  endfacet
  facet normal 0 0 1
    outer loop
      vertex 92.3038 51.7051 22.5
      vertex 91.5 52.3827 22.5
      vertex 92.2757 51.7136 22.5
    endloop
  endfacet
  facet normal 0 0 1
    outer loop
      vertex 91.5 72.5733 22.5
      vertex 92.2756 73.2424 22.5
      vertex 92.1832 73.2093 22.5
    endloop
  endfacet
  facet normal 0 0 1
    outer loop
      vertex 91.5 72.5733 22.5
      vertex 92.1832 73.2093 22.5
      vertex 92.156 73.1981 22.5
    endloop
  endfacet
  facet normal 0 0 1
    outer loop
      vertex 92.4279 51.6755 22.5
      vertex 91.5 52.3827 22.5
      vertex 92.399 51.6812 22.5
    endloop
  endfacet
  facet normal 0 0 1
    outer loop
      vertex 91.5 72.5733 22.5
      vertex 92.156 73.1981 22.5
      vertex 92.0673 73.1561 22.5
    endloop
  endfacet
  facet normal 0 0 1
    outer loop
      vertex 92.2757 51.7136 22.5
      vertex 91.5 52.3827 22.5
      vertex 92.1833 51.7467 22.5
    endloop
  endfacet
  facet normal 0 0 1
    outer loop
      vertex 91.5 72.5733 22.5
      vertex 92.0673 73.1561 22.5
      vertex 92.0414 73.1422 22.5
    endloop
  endfacet
  facet normal 0 0 1
    outer loop
      vertex 92.1833 51.7467 22.5
      vertex 91.5 52.3827 22.5
      vertex 92.156 51.7579 22.5
    endloop
  endfacet
  facet normal 0 0 1
    outer loop
      vertex 91.5 72.5733 22.5
      vertex 92.0414 73.1422 22.5
      vertex 91.9572 73.0918 22.5
    endloop
  endfacet
  facet normal 0 0 1
    outer loop
      vertex 92.156 51.7579 22.5
      vertex 91.5 52.3827 22.5
      vertex 92.0673 51.7999 22.5
    endloop
  endfacet
  facet normal 0 0 1
    outer loop
      vertex 91.5 72.5733 22.5
      vertex 91.9572 73.0918 22.5
      vertex 91.9327 73.0754 22.5
    endloop
  endfacet
  facet normal 0 0 1
    outer loop
      vertex 92.0673 51.7999 22.5
      vertex 91.5 52.3827 22.5
      vertex 92.0413 51.8138 22.5
    endloop
  endfacet
  facet normal 0 0 1
    outer loop
      vertex 91.5 72.5733 22.5
      vertex 91.9327 73.0754 22.5
      vertex 91.8539 73.017 22.5
    endloop
  endfacet
  facet normal 0 0 1
    outer loop
      vertex 92.0413 51.8138 22.5
      vertex 91.5 52.3827 22.5
      vertex 91.9572 51.8642 22.5
    endloop
  endfacet
  facet normal 0 0 1
    outer loop
      vertex 91.5 72.5733 22.5
      vertex 91.8539 73.017 22.5
      vertex 91.8312 72.9983 22.5
    endloop
  endfacet
  facet normal 0 0 1
    outer loop
      vertex 91.9572 51.8642 22.5
      vertex 91.5 52.3827 22.5
      vertex 91.9327 51.8806 22.5
    endloop
  endfacet
  facet normal 0 0 1
    outer loop
      vertex 91.5 72.5733 22.5
      vertex 91.8312 72.9983 22.5
      vertex 91.7585 72.9324 22.5
    endloop
  endfacet
  facet normal 0 0 1
    outer loop
      vertex 91.9327 51.8806 22.5
      vertex 91.5 52.3827 22.5
      vertex 91.8539 51.939 22.5
    endloop
  endfacet
  facet normal 0 0 1
    outer loop
      vertex 91.8312 51.9577 22.5
      vertex 91.5 52.3827 22.5
      vertex 91.7585 52.0236 22.5
    endloop
  endfacet
  facet normal 0 0 1
    outer loop
      vertex 91.5 72.5733 22.5
      vertex 91.7585 72.9324 22.5
      vertex 91.7376 72.9116 22.5
    endloop
  endfacet
  facet normal 0 0 1
    outer loop
      vertex 91.7585 52.0236 22.5
      vertex 91.5 52.3827 22.5
      vertex 91.7376 52.0444 22.5
    endloop
  endfacet
  facet normal 0 0 1
    outer loop
      vertex 91.5 72.5733 22.5
      vertex 91.7376 72.9116 22.5
      vertex 91.6717 72.8388 22.5
    endloop
  endfacet
  facet normal 0 0 1
    outer loop
      vertex 91.5 72.5733 22.5
      vertex 91.6717 72.8388 22.5
      vertex 91.653 72.8161 22.5
    endloop
  endfacet
  facet normal 0 0 1
    outer loop
      vertex 91.8539 51.939 22.5
      vertex 91.5 52.3827 22.5
      vertex 91.8312 51.9577 22.5
    endloop
  endfacet
  facet normal 0 0 1
    outer loop
      vertex 91.5 72.5733 22.5
      vertex 91.653 72.8161 22.5
      vertex 91.5946 72.7373 22.5
    endloop
  endfacet
  facet normal 0 0 1
    outer loop
      vertex 91.7376 52.0444 22.5
      vertex 91.5 52.3827 22.5
      vertex 91.6717 52.1171 22.5
    endloop
  endfacet
  facet normal 0 0 1
    outer loop
      vertex 91.653 52.1399 22.5
      vertex 91.5 52.3827 22.5
      vertex 91.5946 52.2187 22.5
    endloop
  endfacet
  facet normal 0 0 1
    outer loop
      vertex 91.5 72.5733 22.5
      vertex 91.5946 72.7373 22.5
      vertex 91.5782 72.7128 22.5
    endloop
  endfacet
  facet normal 0 0 1
    outer loop
      vertex 91.5946 52.2187 22.5
      vertex 91.5 52.3827 22.5
      vertex 91.5782 52.2432 22.5
    endloop
  endfacet
  facet normal 0 0 1
    outer loop
      vertex 91.5 72.5733 22.5
      vertex 91.5782 72.7128 22.5
      vertex 91.5278 72.6286 22.5
    endloop
  endfacet
  facet normal 0 0 1
    outer loop
      vertex 91.5 72.5733 22.5
      vertex 91.5278 72.6286 22.5
      vertex 91.5139 72.6027 22.5
    endloop
  endfacet
  facet normal 0 0 1
    outer loop
      vertex 91.6717 52.1171 22.5
      vertex 91.5 52.3827 22.5
      vertex 91.653 52.1399 22.5
    endloop
  endfacet
  facet normal 0 0 1
    outer loop
      vertex 91.5782 52.2432 22.5
      vertex 91.5 52.3827 22.5
      vertex 91.5278 52.3274 22.5
    endloop
  endfacet
  facet normal 0 0 1
    outer loop
      vertex 91.5278 52.3274 22.5
      vertex 91.5 52.3827 22.5
      vertex 91.5139 52.3533 22.5
    endloop
  endfacet
  facet normal 0 0 1
    outer loop
      vertex 131.367 51.7251 22.5
      vertex 131.4 51.7068 22.5
      vertex 131.393 51.7113 22.5
    endloop
  endfacet
  facet normal 0 0 1
    outer loop
      vertex 131.4 51.7068 22.5
      vertex 131.367 51.7251 22.5
      vertex 130.782 51.8717 22.5
    endloop
  endfacet
  facet normal 0 0 1
    outer loop
      vertex 130.782 51.8717 22.5
      vertex 131.367 51.7251 22.5
      vertex 131.278 51.7671 22.5
    endloop
  endfacet
  facet normal 0 0 1
    outer loop
      vertex 130.782 51.8717 22.5
      vertex 131.278 51.7671 22.5
      vertex 131.251 51.7783 22.5
    endloop
  endfacet
  facet normal 0 0 1
    outer loop
      vertex 130.782 51.8717 22.5
      vertex 131.251 51.7783 22.5
      vertex 131.158 51.8114 22.5
    endloop
  endfacet
  facet normal 0 0 1
    outer loop
      vertex 130.782 51.8717 22.5
      vertex 131.158 51.8114 22.5
      vertex 131.13 51.82 22.5
    endloop
  endfacet
  facet normal 0 0 1
    outer loop
      vertex 130.782 51.8717 22.5
      vertex 131.13 51.82 22.5
      vertex 131.035 51.8438 22.5
    endloop
  endfacet
  facet normal 0 0 1
    outer loop
      vertex 130.782 51.8717 22.5
      vertex 131.035 51.8438 22.5
      vertex 131.006 51.8495 22.5
    endloop
  endfacet
  facet normal 0 0 1
    outer loop
      vertex 130.782 51.8717 22.5
      vertex 131.006 51.8495 22.5
      vertex 130.909 51.8639 22.5
    endloop
  endfacet
  facet normal 0 0 1
    outer loop
      vertex 130.782 51.8717 22.5
      vertex 130.909 51.8639 22.5
      vertex 130.88 51.8668 22.5
    endloop
  endfacet
  facet normal 0 0 1
    outer loop
      vertex 131.4 51.7068 22.5
      vertex 130.782 51.8717 22.5
      vertex 130.767 51.872 22.5
    endloop
  endfacet
  facet normal 0 0 1
    outer loop
      vertex 131.4 51.7068 22.5
      vertex 130.767 51.872 22.5
      vertex 129.6 47.6197 22.5
    endloop
  endfacet
  facet normal 0 0 1
    outer loop
      vertex 131.4 51.7068 22.5
      vertex 129.6 47.6197 22.5
      vertex 131.4 46.89 22.5
    endloop
  endfacet
  facet normal 0 0 1
    outer loop
      vertex 131.4 46.89 22.5
      vertex 129.6 47.6197 22.5
      vertex 130.767 46.89 22.5
    endloop
  endfacet
  facet normal 0 0 1
    outer loop
      vertex 130.767 46.89 22.5
      vertex 129.6 47.6197 22.5
      vertex 130.752 46.8904 22.5
    endloop
  endfacet
  facet normal 0 0 1
    outer loop
      vertex 130.752 46.8904 22.5
      vertex 129.6 47.6197 22.5
      vertex 130.654 46.8952 22.5
    endloop
  endfacet
  facet normal 0 0 1
    outer loop
      vertex 130.654 46.8952 22.5
      vertex 129.6 47.6197 22.5
      vertex 130.625 46.8981 22.5
    endloop
  endfacet
  facet normal 0 0 1
    outer loop
      vertex 130.625 46.8981 22.5
      vertex 129.6 47.6197 22.5
      vertex 130.528 46.9125 22.5
    endloop
  endfacet
  facet normal 0 0 1
    outer loop
      vertex 130.528 46.9125 22.5
      vertex 129.6 47.6197 22.5
      vertex 130.499 46.9182 22.5
    endloop
  endfacet
  facet normal 0 0 1
    outer loop
      vertex 130.499 46.9182 22.5
      vertex 129.6 47.6197 22.5
      vertex 130.404 46.9421 22.5
    endloop
  endfacet
  facet normal 0 0 1
    outer loop
      vertex 130.404 46.9421 22.5
      vertex 129.6 47.6197 22.5
      vertex 130.376 46.9506 22.5
    endloop
  endfacet
  facet normal 0 0 1
    outer loop
      vertex 130.376 46.9506 22.5
      vertex 129.6 47.6197 22.5
      vertex 130.283 46.9837 22.5
    endloop
  endfacet
  facet normal 0 0 1
    outer loop
      vertex 130.283 46.9837 22.5
      vertex 129.6 47.6197 22.5
      vertex 130.256 46.9949 22.5
    endloop
  endfacet
  facet normal 0 0 1
    outer loop
      vertex 130.256 46.9949 22.5
      vertex 129.6 47.6197 22.5
      vertex 130.167 47.0369 22.5
    endloop
  endfacet
  facet normal 0 0 1
    outer loop
      vertex 130.167 47.0369 22.5
      vertex 129.6 47.6197 22.5
      vertex 130.141 47.0508 22.5
    endloop
  endfacet
  facet normal 0 0 1
    outer loop
      vertex 130.141 47.0508 22.5
      vertex 129.6 47.6197 22.5
      vertex 130.057 47.1012 22.5
    endloop
  endfacet
  facet normal 0 0 1
    outer loop
      vertex 130.057 47.1012 22.5
      vertex 129.6 47.6197 22.5
      vertex 130.033 47.1176 22.5
    endloop
  endfacet
  facet normal 0 0 1
    outer loop
      vertex 130.033 47.1176 22.5
      vertex 129.6 47.6197 22.5
      vertex 129.954 47.176 22.5
    endloop
  endfacet
  facet normal 0 0 1
    outer loop
      vertex 129.954 47.176 22.5
      vertex 129.6 47.6197 22.5
      vertex 129.931 47.1947 22.5
    endloop
  endfacet
  facet normal 0 0 1
    outer loop
      vertex 129.931 47.1947 22.5
      vertex 129.6 47.6197 22.5
      vertex 129.858 47.2606 22.5
    endloop
  endfacet
  facet normal 0 0 1
    outer loop
      vertex 129.858 47.2606 22.5
      vertex 129.6 47.6197 22.5
      vertex 129.838 47.2814 22.5
    endloop
  endfacet
  facet normal 0 0 1
    outer loop
      vertex 129.838 47.2814 22.5
      vertex 129.6 47.6197 22.5
      vertex 129.772 47.3541 22.5
    endloop
  endfacet
  facet normal 0 0 1
    outer loop
      vertex 129.772 47.3541 22.5
      vertex 129.6 47.6197 22.5
      vertex 129.753 47.3769 22.5
    endloop
  endfacet
  facet normal 0 0 1
    outer loop
      vertex 129.753 47.3769 22.5
      vertex 129.6 47.6197 22.5
      vertex 129.695 47.4557 22.5
    endloop
  endfacet
  facet normal 0 0 1
    outer loop
      vertex 129.695 47.4557 22.5
      vertex 129.6 47.6197 22.5
      vertex 129.678 47.4802 22.5
    endloop
  endfacet
  facet normal 0 0 1
    outer loop
      vertex 129.678 47.4802 22.5
      vertex 129.6 47.6197 22.5
      vertex 129.628 47.5643 22.5
    endloop
  endfacet
  facet normal 0 0 1
    outer loop
      vertex 129.6 47.6197 22.5
      vertex 130.767 51.872 22.5
      vertex 129.6 51.872 22.5
    endloop
  endfacet
  facet normal 0 0 1
    outer loop
      vertex 129.628 47.5643 22.5
      vertex 129.6 47.6197 22.5
      vertex 129.614 47.5903 22.5
    endloop
  endfacet
  facet normal 0 0 1
    outer loop
      vertex 131.367 89.8251 22.5
      vertex 131.4 89.8068 22.5
      vertex 131.393 89.8112 22.5
    endloop
  endfacet
  facet normal 0 0 1
    outer loop
      vertex 131.4 89.8068 22.5
      vertex 131.367 89.8251 22.5
      vertex 130.782 89.9716 22.5
    endloop
  endfacet
  facet normal 0 0 1
    outer loop
      vertex 130.782 89.9716 22.5
      vertex 131.367 89.8251 22.5
      vertex 131.278 89.8671 22.5
    endloop
  endfacet
  facet normal 0 0 1
    outer loop
      vertex 130.782 89.9716 22.5
      vertex 131.278 89.8671 22.5
      vertex 131.251 89.8783 22.5
    endloop
  endfacet
  facet normal 0 0 1
    outer loop
      vertex 130.782 89.9716 22.5
      vertex 131.251 89.8783 22.5
      vertex 131.158 89.9114 22.5
    endloop
  endfacet
  facet normal 0 0 1
    outer loop
      vertex 130.782 89.9716 22.5
      vertex 131.158 89.9114 22.5
      vertex 131.13 89.9199 22.5
    endloop
  endfacet
  facet normal 0 0 1
    outer loop
      vertex 130.782 89.9716 22.5
      vertex 131.13 89.9199 22.5
      vertex 131.035 89.9438 22.5
    endloop
  endfacet
  facet normal 0 0 1
    outer loop
      vertex 130.782 89.9716 22.5
      vertex 131.035 89.9438 22.5
      vertex 131.006 89.9495 22.5
    endloop
  endfacet
  facet normal 0 0 1
    outer loop
      vertex 130.782 89.9716 22.5
      vertex 131.006 89.9495 22.5
      vertex 130.909 89.9639 22.5
    endloop
  endfacet
  facet normal 0 0 1
    outer loop
      vertex 130.782 89.9716 22.5
      vertex 130.909 89.9639 22.5
      vertex 130.88 89.9668 22.5
    endloop
  endfacet
  facet normal 0 0 1
    outer loop
      vertex 131.4 89.8068 22.5
      vertex 130.782 89.9716 22.5
      vertex 130.767 89.972 22.5
    endloop
  endfacet
  facet normal 0 0 1
    outer loop
      vertex 131.4 89.8068 22.5
      vertex 130.767 89.972 22.5
      vertex 129.6 89.972 22.5
    endloop
  endfacet
  facet normal 0 0 1
    outer loop
      vertex 131.4 89.8068 22.5
      vertex 129.6 66.6707 22.5
      vertex 131.4 65.941 22.5
    endloop
  endfacet
  facet normal 0 0 1
    outer loop
      vertex 131.4 65.941 22.5
      vertex 129.6 66.6707 22.5
      vertex 130.767 65.941 22.5
    endloop
  endfacet
  facet normal 0 0 1
    outer loop
      vertex 130.767 65.941 22.5
      vertex 129.6 66.6707 22.5
      vertex 130.752 65.9414 22.5
    endloop
  endfacet
  facet normal 0 0 1
    outer loop
      vertex 130.752 65.9414 22.5
      vertex 129.6 66.6707 22.5
      vertex 130.654 65.9462 22.5
    endloop
  endfacet
  facet normal 0 0 1
    outer loop
      vertex 130.654 65.9462 22.5
      vertex 129.6 66.6707 22.5
      vertex 130.625 65.9491 22.5
    endloop
  endfacet
  facet normal 0 0 1
    outer loop
      vertex 130.625 65.9491 22.5
      vertex 129.6 66.6707 22.5
      vertex 130.528 65.9635 22.5
    endloop
  endfacet
  facet normal 0 0 1
    outer loop
      vertex 130.528 65.9635 22.5
      vertex 129.6 66.6707 22.5
      vertex 130.499 65.9692 22.5
    endloop
  endfacet
  facet normal 0 0 1
    outer loop
      vertex 130.499 65.9692 22.5
      vertex 129.6 66.6707 22.5
      vertex 130.404 65.9931 22.5
    endloop
  endfacet
  facet normal 0 0 1
    outer loop
      vertex 130.404 65.9931 22.5
      vertex 129.6 66.6707 22.5
      vertex 130.376 66.0016 22.5
    endloop
  endfacet
  facet normal 0 0 1
    outer loop
      vertex 130.376 66.0016 22.5
      vertex 129.6 66.6707 22.5
      vertex 130.283 66.0347 22.5
    endloop
  endfacet
  facet normal 0 0 1
    outer loop
      vertex 130.283 66.0347 22.5
      vertex 129.6 66.6707 22.5
      vertex 130.256 66.0459 22.5
    endloop
  endfacet
  facet normal 0 0 1
    outer loop
      vertex 130.256 66.0459 22.5
      vertex 129.6 66.6707 22.5
      vertex 130.167 66.0879 22.5
    endloop
  endfacet
  facet normal 0 0 1
    outer loop
      vertex 130.167 66.0879 22.5
      vertex 129.6 66.6707 22.5
      vertex 130.141 66.1018 22.5
    endloop
  endfacet
  facet normal 0 0 1
    outer loop
      vertex 130.141 66.1018 22.5
      vertex 129.6 66.6707 22.5
      vertex 130.057 66.1522 22.5
    endloop
  endfacet
  facet normal 0 0 1
    outer loop
      vertex 130.057 66.1522 22.5
      vertex 129.6 66.6707 22.5
      vertex 130.033 66.1686 22.5
    endloop
  endfacet
  facet normal 0 0 1
    outer loop
      vertex 130.033 66.1686 22.5
      vertex 129.6 66.6707 22.5
      vertex 129.954 66.227 22.5
    endloop
  endfacet
  facet normal 0 0 1
    outer loop
      vertex 129.954 66.227 22.5
      vertex 129.6 66.6707 22.5
      vertex 129.931 66.2457 22.5
    endloop
  endfacet
  facet normal 0 0 1
    outer loop
      vertex 129.931 66.2457 22.5
      vertex 129.6 66.6707 22.5
      vertex 129.858 66.3116 22.5
    endloop
  endfacet
  facet normal 0 0 1
    outer loop
      vertex 129.858 66.3116 22.5
      vertex 129.6 66.6707 22.5
      vertex 129.838 66.3325 22.5
    endloop
  endfacet
  facet normal 0 0 1
    outer loop
      vertex 129.838 66.3325 22.5
      vertex 129.6 66.6707 22.5
      vertex 129.772 66.4052 22.5
    endloop
  endfacet
  facet normal 0 0 1
    outer loop
      vertex 129.772 66.4052 22.5
      vertex 129.6 66.6707 22.5
      vertex 129.753 66.4279 22.5
    endloop
  endfacet
  facet normal 0 0 1
    outer loop
      vertex 129.753 66.4279 22.5
      vertex 129.6 66.6707 22.5
      vertex 129.695 66.5067 22.5
    endloop
  endfacet
  facet normal 0 0 1
    outer loop
      vertex 129.695 66.5067 22.5
      vertex 129.6 66.6707 22.5
      vertex 129.678 66.5312 22.5
    endloop
  endfacet
  facet normal 0 0 1
    outer loop
      vertex 129.678 66.5312 22.5
      vertex 129.6 66.6707 22.5
      vertex 129.628 66.6154 22.5
    endloop
  endfacet
  facet normal 0 0 1
    outer loop
      vertex 131.4 89.8068 22.5
      vertex 129.6 89.972 22.5
      vertex 129.6 66.6707 22.5
    endloop
  endfacet
  facet normal 0 0 1
    outer loop
      vertex 129.628 66.6154 22.5
      vertex 129.6 66.6707 22.5
      vertex 129.614 66.6413 22.5
    endloop
  endfacet
  facet normal 0 0 1
    outer loop
      vertex 131.367 127.925 22.5
      vertex 131.4 127.907 22.5
      vertex 131.393 127.911 22.5
    endloop
  endfacet
  facet normal 0 0 1
    outer loop
      vertex 131.4 127.907 22.5
      vertex 131.367 127.925 22.5
      vertex 130.782 128.072 22.5
    endloop
  endfacet
  facet normal 0 0 1
    outer loop
      vertex 130.782 128.072 22.5
      vertex 131.367 127.925 22.5
      vertex 131.278 127.967 22.5
    endloop
  endfacet
  facet normal 0 0 1
    outer loop
      vertex 130.782 128.072 22.5
      vertex 131.278 127.967 22.5
      vertex 131.251 127.978 22.5
    endloop
  endfacet
  facet normal 0 0 1
    outer loop
      vertex 130.782 128.072 22.5
      vertex 131.251 127.978 22.5
      vertex 131.158 128.011 22.5
    endloop
  endfacet
  facet normal 0 0 1
    outer loop
      vertex 130.782 128.072 22.5
      vertex 131.158 128.011 22.5
      vertex 131.13 128.02 22.5
    endloop
  endfacet
  facet normal 0 0 1
    outer loop
      vertex 130.782 128.072 22.5
      vertex 131.13 128.02 22.5
      vertex 131.035 128.044 22.5
    endloop
  endfacet
  facet normal 0 0 1
    outer loop
      vertex 130.782 128.072 22.5
      vertex 131.035 128.044 22.5
      vertex 131.006 128.05 22.5
    endloop
  endfacet
  facet normal 0 0 1
    outer loop
      vertex 130.782 128.072 22.5
      vertex 131.006 128.05 22.5
      vertex 130.909 128.064 22.5
    endloop
  endfacet
  facet normal 0 0 1
    outer loop
      vertex 130.782 128.072 22.5
      vertex 130.909 128.064 22.5
      vertex 130.88 128.067 22.5
    endloop
  endfacet
  facet normal 0 0 1
    outer loop
      vertex 131.4 127.907 22.5
      vertex 130.782 128.072 22.5
      vertex 130.767 128.072 22.5
    endloop
  endfacet
  facet normal 0 0 1
    outer loop
      vertex 131.4 127.907 22.5
      vertex 130.767 128.072 22.5
      vertex 129.6 123.821 22.5
    endloop
  endfacet
  facet normal 0 0 1
    outer loop
      vertex 131.4 127.907 22.5
      vertex 129.6 123.821 22.5
      vertex 131.4 123.091 22.5
    endloop
  endfacet
  facet normal 0 0 1
    outer loop
      vertex 131.4 123.091 22.5
      vertex 129.6 123.821 22.5
      vertex 130.767 123.091 22.5
    endloop
  endfacet
  facet normal 0 0 1
    outer loop
      vertex 130.767 123.091 22.5
      vertex 129.6 123.821 22.5
      vertex 130.752 123.091 22.5
    endloop
  endfacet
  facet normal 0 0 1
    outer loop
      vertex 130.752 123.091 22.5
      vertex 129.6 123.821 22.5
      vertex 130.654 123.096 22.5
    endloop
  endfacet
  facet normal 0 0 1
    outer loop
      vertex 130.654 123.096 22.5
      vertex 129.6 123.821 22.5
      vertex 130.625 123.099 22.5
    endloop
  endfacet
  facet normal 0 0 1
    outer loop
      vertex 130.625 123.099 22.5
      vertex 129.6 123.821 22.5
      vertex 130.528 123.113 22.5
    endloop
  endfacet
  facet normal 0 0 1
    outer loop
      vertex 130.528 123.113 22.5
      vertex 129.6 123.821 22.5
      vertex 130.499 123.119 22.5
    endloop
  endfacet
  facet normal 0 0 1
    outer loop
      vertex 130.499 123.119 22.5
      vertex 129.6 123.821 22.5
      vertex 130.404 123.143 22.5
    endloop
  endfacet
  facet normal 0 0 1
    outer loop
      vertex 130.404 123.143 22.5
      vertex 129.6 123.821 22.5
      vertex 130.376 123.152 22.5
    endloop
  endfacet
  facet normal 0 0 1
    outer loop
      vertex 130.376 123.152 22.5
      vertex 129.6 123.821 22.5
      vertex 130.283 123.185 22.5
    endloop
  endfacet
  facet normal 0 0 1
    outer loop
      vertex 130.283 123.185 22.5
      vertex 129.6 123.821 22.5
      vertex 130.256 123.196 22.5
    endloop
  endfacet
  facet normal 0 0 1
    outer loop
      vertex 130.256 123.196 22.5
      vertex 129.6 123.821 22.5
      vertex 130.167 123.238 22.5
    endloop
  endfacet
  facet normal 0 0 1
    outer loop
      vertex 130.167 123.238 22.5
      vertex 129.6 123.821 22.5
      vertex 130.141 123.252 22.5
    endloop
  endfacet
  facet normal 0 0 1
    outer loop
      vertex 130.141 123.252 22.5
      vertex 129.6 123.821 22.5
      vertex 130.057 123.302 22.5
    endloop
  endfacet
  facet normal 0 0 1
    outer loop
      vertex 130.057 123.302 22.5
      vertex 129.6 123.821 22.5
      vertex 130.033 123.319 22.5
    endloop
  endfacet
  facet normal 0 0 1
    outer loop
      vertex 130.033 123.319 22.5
      vertex 129.6 123.821 22.5
      vertex 129.954 123.377 22.5
    endloop
  endfacet
  facet normal 0 0 1
    outer loop
      vertex 129.954 123.377 22.5
      vertex 129.6 123.821 22.5
      vertex 129.931 123.396 22.5
    endloop
  endfacet
  facet normal 0 0 1
    outer loop
      vertex 129.931 123.396 22.5
      vertex 129.6 123.821 22.5
      vertex 129.858 123.462 22.5
    endloop
  endfacet
  facet normal 0 0 1
    outer loop
      vertex 129.858 123.462 22.5
      vertex 129.6 123.821 22.5
      vertex 129.838 123.482 22.5
    endloop
  endfacet
  facet normal 0 0 1
    outer loop
      vertex 129.838 123.482 22.5
      vertex 129.6 123.821 22.5
      vertex 129.772 123.555 22.5
    endloop
  endfacet
  facet normal 0 0 1
    outer loop
      vertex 129.772 123.555 22.5
      vertex 129.6 123.821 22.5
      vertex 129.753 123.578 22.5
    endloop
  endfacet
  facet normal 0 0 1
    outer loop
      vertex 129.753 123.578 22.5
      vertex 129.6 123.821 22.5
      vertex 129.695 123.657 22.5
    endloop
  endfacet
  facet normal 0 0 1
    outer loop
      vertex 129.695 123.657 22.5
      vertex 129.6 123.821 22.5
      vertex 129.678 123.681 22.5
    endloop
  endfacet
  facet normal 0 0 1
    outer loop
      vertex 129.678 123.681 22.5
      vertex 129.6 123.821 22.5
      vertex 129.628 123.765 22.5
    endloop
  endfacet
  facet normal 0 0 1
    outer loop
      vertex 129.6 123.821 22.5
      vertex 130.767 128.072 22.5
      vertex 129.6 128.072 22.5
    endloop
  endfacet
  facet normal 0 0 1
    outer loop
      vertex 129.628 123.765 22.5
      vertex 129.6 123.821 22.5
      vertex 129.614 123.791 22.5
    endloop
  endfacet
  facet normal -0 0 1
    outer loop
      vertex 91.5 129.723 22.5
      vertex 93.3 106.587 22.5
      vertex 93.3 130.453 22.5
    endloop
  endfacet
  facet normal 0 0 1
    outer loop
      vertex 91.5 106.422 22.5
      vertex 93.3 106.587 22.5
      vertex 91.5 129.723 22.5
    endloop
  endfacet
  facet normal 0 -0 1
    outer loop
      vertex 92.667 106.422 22.5
      vertex 93.3 106.587 22.5
      vertex 91.5 106.422 22.5
    endloop
  endfacet
  facet normal 0 -0 1
    outer loop
      vertex 92.6817 106.422 22.5
      vertex 93.3 106.587 22.5
      vertex 92.667 106.422 22.5
    endloop
  endfacet
  facet normal 0 -0 1
    outer loop
      vertex 93.2666 106.569 22.5
      vertex 93.3 106.587 22.5
      vertex 92.6817 106.422 22.5
    endloop
  endfacet
  facet normal 0 0 1
    outer loop
      vertex 93.3 106.587 22.5
      vertex 93.2666 106.569 22.5
      vertex 93.2927 106.583 22.5
    endloop
  endfacet
  facet normal 0 0 1
    outer loop
      vertex 93.2666 106.569 22.5
      vertex 92.6817 106.422 22.5
      vertex 93.1779 106.527 22.5
    endloop
  endfacet
  facet normal 0 0 1
    outer loop
      vertex 93.1779 106.527 22.5
      vertex 92.6817 106.422 22.5
      vertex 93.1508 106.516 22.5
    endloop
  endfacet
  facet normal 0 0 1
    outer loop
      vertex 93.1508 106.516 22.5
      vertex 92.6817 106.422 22.5
      vertex 93.0583 106.483 22.5
    endloop
  endfacet
  facet normal 0 0 1
    outer loop
      vertex 93.0583 106.483 22.5
      vertex 92.6817 106.422 22.5
      vertex 93.0302 106.474 22.5
    endloop
  endfacet
  facet normal 0 0 1
    outer loop
      vertex 92.935 106.45 22.5
      vertex 92.6817 106.422 22.5
      vertex 92.9061 106.444 22.5
    endloop
  endfacet
  facet normal 0 0 1
    outer loop
      vertex 91.5 129.723 22.5
      vertex 93.3 130.453 22.5
      vertex 92.667 130.453 22.5
    endloop
  endfacet
  facet normal 0 0 1
    outer loop
      vertex 92.9061 106.444 22.5
      vertex 92.6817 106.422 22.5
      vertex 92.809 106.43 22.5
    endloop
  endfacet
  facet normal 0 0 1
    outer loop
      vertex 91.5 129.723 22.5
      vertex 92.667 130.453 22.5
      vertex 92.6523 130.453 22.5
    endloop
  endfacet
  facet normal 0 0 1
    outer loop
      vertex 91.5 129.723 22.5
      vertex 92.6523 130.453 22.5
      vertex 92.5542 130.448 22.5
    endloop
  endfacet
  facet normal 0 0 1
    outer loop
      vertex 91.5 129.723 22.5
      vertex 92.5542 130.448 22.5
      vertex 92.525 130.445 22.5
    endloop
  endfacet
  facet normal 0 0 1
    outer loop
      vertex 91.5 129.723 22.5
      vertex 92.525 130.445 22.5
      vertex 92.4279 130.431 22.5
    endloop
  endfacet
  facet normal 0 0 1
    outer loop
      vertex 91.5 129.723 22.5
      vertex 92.4279 130.431 22.5
      vertex 92.399 130.425 22.5
    endloop
  endfacet
  facet normal 0 0 1
    outer loop
      vertex 91.5 129.723 22.5
      vertex 92.399 130.425 22.5
      vertex 92.3038 130.401 22.5
    endloop
  endfacet
  facet normal 0 0 1
    outer loop
      vertex 91.5 129.723 22.5
      vertex 92.3038 130.401 22.5
      vertex 92.2756 130.392 22.5
    endloop
  endfacet
  facet normal 0 0 1
    outer loop
      vertex 91.5 129.723 22.5
      vertex 92.2756 130.392 22.5
      vertex 92.1832 130.359 22.5
    endloop
  endfacet
  facet normal 0 0 1
    outer loop
      vertex 91.5 129.723 22.5
      vertex 92.1832 130.359 22.5
      vertex 92.1561 130.348 22.5
    endloop
  endfacet
  facet normal 0 0 1
    outer loop
      vertex 91.5 129.723 22.5
      vertex 92.1561 130.348 22.5
      vertex 92.0674 130.306 22.5
    endloop
  endfacet
  facet normal 0 0 1
    outer loop
      vertex 91.5 129.723 22.5
      vertex 92.0674 130.306 22.5
      vertex 92.0413 130.292 22.5
    endloop
  endfacet
  facet normal 0 0 1
    outer loop
      vertex 91.5 129.723 22.5
      vertex 92.0413 130.292 22.5
      vertex 91.9572 130.242 22.5
    endloop
  endfacet
  facet normal 0 0 1
    outer loop
      vertex 91.5 129.723 22.5
      vertex 91.9572 130.242 22.5
      vertex 91.9327 130.225 22.5
    endloop
  endfacet
  facet normal 0 0 1
    outer loop
      vertex 91.5 129.723 22.5
      vertex 91.9327 130.225 22.5
      vertex 91.8539 130.167 22.5
    endloop
  endfacet
  facet normal 0 0 1
    outer loop
      vertex 91.5 129.723 22.5
      vertex 91.8539 130.167 22.5
      vertex 91.8312 130.148 22.5
    endloop
  endfacet
  facet normal 0 0 1
    outer loop
      vertex 91.5 129.723 22.5
      vertex 91.8312 130.148 22.5
      vertex 91.7585 130.082 22.5
    endloop
  endfacet
  facet normal 0 0 1
    outer loop
      vertex 91.5 129.723 22.5
      vertex 91.7585 130.082 22.5
      vertex 91.7376 130.062 22.5
    endloop
  endfacet
  facet normal 0 0 1
    outer loop
      vertex 91.5 129.723 22.5
      vertex 91.7376 130.062 22.5
      vertex 91.6717 129.989 22.5
    endloop
  endfacet
  facet normal 0 0 1
    outer loop
      vertex 91.5 129.723 22.5
      vertex 91.6717 129.989 22.5
      vertex 91.653 129.966 22.5
    endloop
  endfacet
  facet normal 0 0 1
    outer loop
      vertex 91.5 129.723 22.5
      vertex 91.653 129.966 22.5
      vertex 91.5946 129.887 22.5
    endloop
  endfacet
  facet normal 0 0 1
    outer loop
      vertex 91.5 129.723 22.5
      vertex 91.5946 129.887 22.5
      vertex 91.5782 129.863 22.5
    endloop
  endfacet
  facet normal 0 0 1
    outer loop
      vertex 91.5 129.723 22.5
      vertex 91.5782 129.863 22.5
      vertex 91.5278 129.779 22.5
    endloop
  endfacet
  facet normal 0 0 1
    outer loop
      vertex 91.5 129.723 22.5
      vertex 91.5278 129.779 22.5
      vertex 91.5139 129.753 22.5
    endloop
  endfacet
  facet normal 0 0 1
    outer loop
      vertex 92.809 106.43 22.5
      vertex 92.6817 106.422 22.5
      vertex 92.7798 106.427 22.5
    endloop
  endfacet
  facet normal 0 0 1
    outer loop
      vertex 93.0302 106.474 22.5
      vertex 92.6817 106.422 22.5
      vertex 92.935 106.45 22.5
    endloop
  endfacet
  facet normal 0 0 1
    outer loop
      vertex 131.367 108.875 22.5
      vertex 131.4 108.857 22.5
      vertex 131.393 108.861 22.5
    endloop
  endfacet
  facet normal 0 0 1
    outer loop
      vertex 131.4 108.857 22.5
      vertex 131.367 108.875 22.5
      vertex 130.782 109.022 22.5
    endloop
  endfacet
  facet normal 0 0 1
    outer loop
      vertex 130.782 109.022 22.5
      vertex 131.367 108.875 22.5
      vertex 131.278 108.917 22.5
    endloop
  endfacet
  facet normal 0 0 1
    outer loop
      vertex 130.782 109.022 22.5
      vertex 131.278 108.917 22.5
      vertex 131.251 108.928 22.5
    endloop
  endfacet
  facet normal 0 0 1
    outer loop
      vertex 130.782 109.022 22.5
      vertex 131.251 108.928 22.5
      vertex 131.158 108.961 22.5
    endloop
  endfacet
  facet normal 0 0 1
    outer loop
      vertex 130.782 109.022 22.5
      vertex 131.158 108.961 22.5
      vertex 131.13 108.97 22.5
    endloop
  endfacet
  facet normal 0 0 1
    outer loop
      vertex 130.782 109.022 22.5
      vertex 131.13 108.97 22.5
      vertex 131.035 108.994 22.5
    endloop
  endfacet
  facet normal 0 0 1
    outer loop
      vertex 130.782 109.022 22.5
      vertex 131.035 108.994 22.5
      vertex 131.006 109 22.5
    endloop
  endfacet
  facet normal 0 0 1
    outer loop
      vertex 130.782 109.022 22.5
      vertex 131.006 109 22.5
      vertex 130.909 109.014 22.5
    endloop
  endfacet
  facet normal 0 0 1
    outer loop
      vertex 130.782 109.022 22.5
      vertex 130.909 109.014 22.5
      vertex 130.88 109.017 22.5
    endloop
  endfacet
  facet normal 0 0 1
    outer loop
      vertex 131.4 108.857 22.5
      vertex 130.782 109.022 22.5
      vertex 130.767 109.022 22.5
    endloop
  endfacet
  facet normal 0 0 1
    outer loop
      vertex 131.4 108.857 22.5
      vertex 130.767 109.022 22.5
      vertex 129.6 104.771 22.5
    endloop
  endfacet
  facet normal 0 0 1
    outer loop
      vertex 131.4 108.857 22.5
      vertex 129.6 104.771 22.5
      vertex 131.4 104.041 22.5
    endloop
  endfacet
  facet normal 0 0 1
    outer loop
      vertex 131.4 104.041 22.5
      vertex 129.6 104.771 22.5
      vertex 130.767 104.041 22.5
    endloop
  endfacet
  facet normal 0 0 1
    outer loop
      vertex 130.767 104.041 22.5
      vertex 129.6 104.771 22.5
      vertex 130.752 104.041 22.5
    endloop
  endfacet
  facet normal 0 0 1
    outer loop
      vertex 130.752 104.041 22.5
      vertex 129.6 104.771 22.5
      vertex 130.654 104.046 22.5
    endloop
  endfacet
  facet normal 0 0 1
    outer loop
      vertex 130.654 104.046 22.5
      vertex 129.6 104.771 22.5
      vertex 130.625 104.049 22.5
    endloop
  endfacet
  facet normal 0 0 1
    outer loop
      vertex 130.625 104.049 22.5
      vertex 129.6 104.771 22.5
      vertex 130.528 104.063 22.5
    endloop
  endfacet
  facet normal 0 0 1
    outer loop
      vertex 130.528 104.063 22.5
      vertex 129.6 104.771 22.5
      vertex 130.499 104.069 22.5
    endloop
  endfacet
  facet normal 0 0 1
    outer loop
      vertex 130.499 104.069 22.5
      vertex 129.6 104.771 22.5
      vertex 130.404 104.093 22.5
    endloop
  endfacet
  facet normal 0 0 1
    outer loop
      vertex 130.404 104.093 22.5
      vertex 129.6 104.771 22.5
      vertex 130.376 104.102 22.5
    endloop
  endfacet
  facet normal 0 0 1
    outer loop
      vertex 130.376 104.102 22.5
      vertex 129.6 104.771 22.5
      vertex 130.283 104.135 22.5
    endloop
  endfacet
  facet normal 0 0 1
    outer loop
      vertex 130.283 104.135 22.5
      vertex 129.6 104.771 22.5
      vertex 130.256 104.146 22.5
    endloop
  endfacet
  facet normal 0 0 1
    outer loop
      vertex 130.256 104.146 22.5
      vertex 129.6 104.771 22.5
      vertex 130.167 104.188 22.5
    endloop
  endfacet
  facet normal 0 0 1
    outer loop
      vertex 130.167 104.188 22.5
      vertex 129.6 104.771 22.5
      vertex 130.141 104.202 22.5
    endloop
  endfacet
  facet normal 0 0 1
    outer loop
      vertex 130.141 104.202 22.5
      vertex 129.6 104.771 22.5
      vertex 130.057 104.252 22.5
    endloop
  endfacet
  facet normal 0 0 1
    outer loop
      vertex 130.057 104.252 22.5
      vertex 129.6 104.771 22.5
      vertex 130.033 104.269 22.5
    endloop
  endfacet
  facet normal 0 0 1
    outer loop
      vertex 130.033 104.269 22.5
      vertex 129.6 104.771 22.5
      vertex 129.954 104.327 22.5
    endloop
  endfacet
  facet normal 0 0 1
    outer loop
      vertex 129.954 104.327 22.5
      vertex 129.6 104.771 22.5
      vertex 129.931 104.346 22.5
    endloop
  endfacet
  facet normal 0 0 1
    outer loop
      vertex 129.931 104.346 22.5
      vertex 129.6 104.771 22.5
      vertex 129.858 104.412 22.5
    endloop
  endfacet
  facet normal 0 0 1
    outer loop
      vertex 129.858 104.412 22.5
      vertex 129.6 104.771 22.5
      vertex 129.838 104.432 22.5
    endloop
  endfacet
  facet normal 0 0 1
    outer loop
      vertex 129.838 104.432 22.5
      vertex 129.6 104.771 22.5
      vertex 129.772 104.505 22.5
    endloop
  endfacet
  facet normal 0 0 1
    outer loop
      vertex 129.772 104.505 22.5
      vertex 129.6 104.771 22.5
      vertex 129.753 104.528 22.5
    endloop
  endfacet
  facet normal 0 0 1
    outer loop
      vertex 129.753 104.528 22.5
      vertex 129.6 104.771 22.5
      vertex 129.695 104.607 22.5
    endloop
  endfacet
  facet normal 0 0 1
    outer loop
      vertex 129.695 104.607 22.5
      vertex 129.6 104.771 22.5
      vertex 129.678 104.631 22.5
    endloop
  endfacet
  facet normal 0 0 1
    outer loop
      vertex 129.678 104.631 22.5
      vertex 129.6 104.771 22.5
      vertex 129.628 104.715 22.5
    endloop
  endfacet
  facet normal 0 0 1
    outer loop
      vertex 129.6 104.771 22.5
      vertex 130.767 109.022 22.5
      vertex 129.6 109.022 22.5
    endloop
  endfacet
  facet normal 0 0 1
    outer loop
      vertex 129.628 104.715 22.5
      vertex 129.6 104.771 22.5
      vertex 129.614 104.741 22.5
    endloop
  endfacet
  facet normal -0 0 1
    outer loop
      vertex 53 87.59 22.5
      vertex 53.267 84.99 22.5
      vertex 53.267 87.59 22.5
    endloop
  endfacet
  facet normal 0 0 1
    outer loop
      vertex 53.267 84.99 22.5
      vertex 53 87.59 22.5
      vertex 53 84.99 22.5
    endloop
  endfacet
  facet normal -0 0 1
    outer loop
      vertex 53 106.641 22.5
      vertex 53.267 104.041 22.5
      vertex 53.267 106.641 22.5
    endloop
  endfacet
  facet normal 0 0 1
    outer loop
      vertex 53.267 104.041 22.5
      vertex 53 106.641 22.5
      vertex 53 104.041 22.5
    endloop
  endfacet
  facet normal 0 0 1
    outer loop
      vertex 53.267 106.641 22.5
      vertex 54.8 125.691 22.5
      vertex 53.267 123.091 22.5
    endloop
  endfacet
  facet normal -0 0 1
    outer loop
      vertex 53 125.691 22.5
      vertex 53.267 123.091 22.5
      vertex 54.8 125.691 22.5
    endloop
  endfacet
  facet normal 0 0 1
    outer loop
      vertex 53.267 123.091 22.5
      vertex 53 125.691 22.5
      vertex 53 123.091 22.5
    endloop
  endfacet
  facet normal 0 0 1
    outer loop
      vertex 53.267 104.041 22.5
      vertex 54.8 125.691 22.5
      vertex 53.267 106.641 22.5
    endloop
  endfacet
  facet normal 0 0 1
    outer loop
      vertex 54.8 125.691 22.5
      vertex 53.267 104.041 22.5
      vertex 54.8 64.7258 22.5
    endloop
  endfacet
  facet normal -0 0 1
    outer loop
      vertex 53.267 87.59 22.5
      vertex 54.8 64.7258 22.5
      vertex 53.267 104.041 22.5
    endloop
  endfacet
  facet normal -0 0 1
    outer loop
      vertex 53.267 84.99 22.5
      vertex 54.8 64.7258 22.5
      vertex 53.267 87.59 22.5
    endloop
  endfacet
  facet normal -0 0 1
    outer loop
      vertex 53.267 67.2673 22.5
      vertex 54.8 64.7258 22.5
      vertex 53.267 84.99 22.5
    endloop
  endfacet
  facet normal 0 0 1
    outer loop
      vertex 53 64.6566 22.5
      vertex 53.267 67.2673 22.5
      vertex 53 67.257 22.5
    endloop
  endfacet
  facet normal 0 0 1
    outer loop
      vertex 53.267 67.2673 22.5
      vertex 53 64.6566 22.5
      vertex 54.8 64.7258 22.5
    endloop
  endfacet
  facet normal -0 0 1
    outer loop
      vertex 91.5 91.6233 22.5
      vertex 93.3 87.5372 22.5
      vertex 93.3 92.353 22.5
    endloop
  endfacet
  facet normal 0 -0 1
    outer loop
      vertex 92.667 87.372 22.5
      vertex 93.3 87.5372 22.5
      vertex 91.5 91.6233 22.5
    endloop
  endfacet
  facet normal 0 -0 1
    outer loop
      vertex 92.6817 87.3724 22.5
      vertex 93.3 87.5372 22.5
      vertex 92.667 87.372 22.5
    endloop
  endfacet
  facet normal 0 -0 1
    outer loop
      vertex 93.2667 87.5189 22.5
      vertex 93.3 87.5372 22.5
      vertex 92.6817 87.3724 22.5
    endloop
  endfacet
  facet normal 0 0 1
    outer loop
      vertex 93.3 87.5372 22.5
      vertex 93.2667 87.5189 22.5
      vertex 93.2926 87.5328 22.5
    endloop
  endfacet
  facet normal 0 0 1
    outer loop
      vertex 93.2667 87.5189 22.5
      vertex 92.6817 87.3724 22.5
      vertex 93.178 87.4769 22.5
    endloop
  endfacet
  facet normal 0 0 1
    outer loop
      vertex 93.178 87.4769 22.5
      vertex 92.6817 87.3724 22.5
      vertex 93.1508 87.4657 22.5
    endloop
  endfacet
  facet normal 0 0 1
    outer loop
      vertex 93.1508 87.4657 22.5
      vertex 92.6817 87.3724 22.5
      vertex 93.0583 87.4326 22.5
    endloop
  endfacet
  facet normal 0 0 1
    outer loop
      vertex 93.0583 87.4326 22.5
      vertex 92.6817 87.3724 22.5
      vertex 93.0302 87.424 22.5
    endloop
  endfacet
  facet normal 0 0 1
    outer loop
      vertex 93.0302 87.424 22.5
      vertex 92.6817 87.3724 22.5
      vertex 92.935 87.4002 22.5
    endloop
  endfacet
  facet normal 0 0 1
    outer loop
      vertex 92.9061 87.3945 22.5
      vertex 92.6817 87.3724 22.5
      vertex 92.8091 87.3801 22.5
    endloop
  endfacet
  facet normal 0 0 1
    outer loop
      vertex 91.5 91.6233 22.5
      vertex 93.3 92.353 22.5
      vertex 92.667 92.353 22.5
    endloop
  endfacet
  facet normal 0 0 1
    outer loop
      vertex 92.8091 87.3801 22.5
      vertex 92.6817 87.3724 22.5
      vertex 92.7798 87.3772 22.5
    endloop
  endfacet
  facet normal 0 0 1
    outer loop
      vertex 91.5 91.6233 22.5
      vertex 92.667 92.353 22.5
      vertex 92.6523 92.3526 22.5
    endloop
  endfacet
  facet normal 0 0 1
    outer loop
      vertex 91.5 91.6233 22.5
      vertex 92.6523 92.3526 22.5
      vertex 92.5543 92.3478 22.5
    endloop
  endfacet
  facet normal 0 0 1
    outer loop
      vertex 91.5 91.6233 22.5
      vertex 92.5543 92.3478 22.5
      vertex 92.5249 92.3449 22.5
    endloop
  endfacet
  facet normal 0 0 1
    outer loop
      vertex 91.5 91.6233 22.5
      vertex 92.5249 92.3449 22.5
      vertex 92.4279 92.3305 22.5
    endloop
  endfacet
  facet normal 0 0 1
    outer loop
      vertex 91.5 91.6233 22.5
      vertex 92.4279 92.3305 22.5
      vertex 92.399 92.3248 22.5
    endloop
  endfacet
  facet normal 0 0 1
    outer loop
      vertex 91.5 91.6233 22.5
      vertex 92.399 92.3248 22.5
      vertex 92.3038 92.301 22.5
    endloop
  endfacet
  facet normal 0 0 1
    outer loop
      vertex 91.5 91.6233 22.5
      vertex 92.3038 92.301 22.5
      vertex 92.2756 92.2924 22.5
    endloop
  endfacet
  facet normal 0 0 1
    outer loop
      vertex 91.5 91.6233 22.5
      vertex 92.2756 92.2924 22.5
      vertex 92.1832 92.2593 22.5
    endloop
  endfacet
  facet normal 0 0 1
    outer loop
      vertex 91.5 91.6233 22.5
      vertex 92.1832 92.2593 22.5
      vertex 92.156 92.2481 22.5
    endloop
  endfacet
  facet normal 0 0 1
    outer loop
      vertex 91.5 91.6233 22.5
      vertex 92.156 92.2481 22.5
      vertex 92.0673 92.2061 22.5
    endloop
  endfacet
  facet normal 0 0 1
    outer loop
      vertex 91.5 91.6233 22.5
      vertex 92.0673 92.2061 22.5
      vertex 92.0414 92.1922 22.5
    endloop
  endfacet
  facet normal 0 0 1
    outer loop
      vertex 91.5 91.6233 22.5
      vertex 92.0414 92.1922 22.5
      vertex 91.9572 92.1418 22.5
    endloop
  endfacet
  facet normal 0 0 1
    outer loop
      vertex 91.5 91.6233 22.5
      vertex 91.9572 92.1418 22.5
      vertex 91.9327 92.1254 22.5
    endloop
  endfacet
  facet normal 0 0 1
    outer loop
      vertex 91.5 91.6233 22.5
      vertex 91.9327 92.1254 22.5
      vertex 91.8539 92.0669 22.5
    endloop
  endfacet
  facet normal 0 0 1
    outer loop
      vertex 91.5 91.6233 22.5
      vertex 91.8539 92.0669 22.5
      vertex 91.8312 92.0483 22.5
    endloop
  endfacet
  facet normal 0 0 1
    outer loop
      vertex 91.5 91.6233 22.5
      vertex 91.8312 92.0483 22.5
      vertex 91.7585 91.9824 22.5
    endloop
  endfacet
  facet normal 0 0 1
    outer loop
      vertex 91.5 91.6233 22.5
      vertex 91.7585 91.9824 22.5
      vertex 91.7376 91.9616 22.5
    endloop
  endfacet
  facet normal 0 0 1
    outer loop
      vertex 91.5 91.6233 22.5
      vertex 91.7376 91.9616 22.5
      vertex 91.6717 91.8889 22.5
    endloop
  endfacet
  facet normal 0 0 1
    outer loop
      vertex 91.5 91.6233 22.5
      vertex 91.6717 91.8889 22.5
      vertex 91.653 91.8661 22.5
    endloop
  endfacet
  facet normal 0 0 1
    outer loop
      vertex 91.5 91.6233 22.5
      vertex 91.653 91.8661 22.5
      vertex 91.5946 91.7873 22.5
    endloop
  endfacet
  facet normal 0 0 1
    outer loop
      vertex 91.5 91.6233 22.5
      vertex 91.5946 91.7873 22.5
      vertex 91.5782 91.7628 22.5
    endloop
  endfacet
  facet normal 0 0 1
    outer loop
      vertex 91.5 91.6233 22.5
      vertex 91.5782 91.7628 22.5
      vertex 91.5278 91.6786 22.5
    endloop
  endfacet
  facet normal 0 0 1
    outer loop
      vertex 91.5 91.6233 22.5
      vertex 91.5278 91.6786 22.5
      vertex 91.5139 91.6527 22.5
    endloop
  endfacet
  facet normal 0 0 1
    outer loop
      vertex 92.935 87.4002 22.5
      vertex 92.6817 87.3724 22.5
      vertex 92.9061 87.3945 22.5
    endloop
  endfacet
  facet normal 0 0 1
    outer loop
      vertex 92.667 87.372 22.5
      vertex 91.5 91.6233 22.5
      vertex 91.5 87.372 22.5
    endloop
  endfacet
  facet normal 0 0 1
    outer loop
      vertex 57.2003 42.0899 22.5
      vertex 55.8657 39.2929 22.5
      vertex 57.652 39.528 22.5
    endloop
  endfacet
  facet normal 0 -0 1
    outer loop
      vertex 55.8657 39.2929 22.5
      vertex 57.2003 42.0899 22.5
      vertex 55.4139 41.8548 22.5
    endloop
  endfacet
  facet normal -0.130488 0.99145 0
    outer loop
      vertex 57.652 39.528 22.5
      vertex 55.8657 39.2929 23.8
      vertex 57.652 39.528 23.8
    endloop
  endfacet
  facet normal -0.130488 0.99145 0
    outer loop
      vertex 55.8657 39.2929 23.8
      vertex 57.652 39.528 22.5
      vertex 55.8657 39.2929 22.5
    endloop
  endfacet
  facet normal 0.904051 0.427425 0
    outer loop
      vertex 91.5139 52.3533 23.8
      vertex 91.5 52.3827 22.5
      vertex 91.5 52.3827 23.8
    endloop
  endfacet
  facet normal 0.904051 0.427425 0
    outer loop
      vertex 91.5 52.3827 22.5
      vertex 91.5139 52.3533 23.8
      vertex 91.5139 52.3533 22.5
    endloop
  endfacet
  facet normal 0.881126 0.472882 0
    outer loop
      vertex 91.5278 52.3274 23.8
      vertex 91.5139 52.3533 22.5
      vertex 91.5139 52.3533 23.8
    endloop
  endfacet
  facet normal 0.881126 0.472882 0
    outer loop
      vertex 91.5139 52.3533 22.5
      vertex 91.5278 52.3274 23.8
      vertex 91.5278 52.3274 22.5
    endloop
  endfacet
  facet normal 0.858032 0.513596 0
    outer loop
      vertex 91.5782 52.2432 23.8
      vertex 91.5278 52.3274 22.5
      vertex 91.5278 52.3274 23.8
    endloop
  endfacet
  facet normal 0.858032 0.513596 0
    outer loop
      vertex 91.5278 52.3274 22.5
      vertex 91.5782 52.2432 23.8
      vertex 91.5782 52.2432 22.5
    endloop
  endfacet
  facet normal 0.831005 0.556265 0
    outer loop
      vertex 91.5946 52.2187 23.8
      vertex 91.5782 52.2432 22.5
      vertex 91.5782 52.2432 23.8
    endloop
  endfacet
  facet normal 0.831005 0.556265 0
    outer loop
      vertex 91.5782 52.2432 22.5
      vertex 91.5946 52.2187 23.8
      vertex 91.5946 52.2187 22.5
    endloop
  endfacet
  facet normal 0.803413 0.595423 0
    outer loop
      vertex 91.653 52.1399 23.8
      vertex 91.5946 52.2187 22.5
      vertex 91.5946 52.2187 23.8
    endloop
  endfacet
  facet normal 0.803413 0.595423 0
    outer loop
      vertex 91.5946 52.2187 22.5
      vertex 91.653 52.1399 23.8
      vertex 91.653 52.1399 22.5
    endloop
  endfacet
  facet normal 0.773201 0.634161 0
    outer loop
      vertex 91.6717 52.1171 23.8
      vertex 91.653 52.1399 22.5
      vertex 91.653 52.1399 23.8
    endloop
  endfacet
  facet normal 0.773201 0.634161 0
    outer loop
      vertex 91.653 52.1399 22.5
      vertex 91.6717 52.1171 23.8
      vertex 91.6717 52.1171 22.5
    endloop
  endfacet
  facet normal 0.740908 0.671607 0
    outer loop
      vertex 91.7376 52.0444 23.8
      vertex 91.6717 52.1171 22.5
      vertex 91.6717 52.1171 23.8
    endloop
  endfacet
  facet normal 0.740908 0.671607 0
    outer loop
      vertex 91.6717 52.1171 22.5
      vertex 91.7376 52.0444 23.8
      vertex 91.7376 52.0444 22.5
    endloop
  endfacet
  facet normal 0.705409 0.7088 0
    outer loop
      vertex 91.7585 52.0236 23.8
      vertex 91.7376 52.0444 22.5
      vertex 91.7376 52.0444 23.8
    endloop
  endfacet
  facet normal 0.705409 0.7088 0
    outer loop
      vertex 91.7376 52.0444 22.5
      vertex 91.7585 52.0236 23.8
      vertex 91.7585 52.0236 22.5
    endloop
  endfacet
  facet normal 0.671607 0.740908 -0
    outer loop
      vertex 91.8312 51.9577 22.5
      vertex 91.7585 52.0236 23.8
      vertex 91.8312 51.9577 23.8
    endloop
  endfacet
  facet normal 0.671607 0.740908 0
    outer loop
      vertex 91.7585 52.0236 23.8
      vertex 91.8312 51.9577 22.5
      vertex 91.7585 52.0236 22.5
    endloop
  endfacet
  facet normal 0.635826 0.771832 -0
    outer loop
      vertex 91.8539 51.939 22.5
      vertex 91.8312 51.9577 23.8
      vertex 91.8539 51.939 23.8
    endloop
  endfacet
  facet normal 0.635826 0.771832 0
    outer loop
      vertex 91.8312 51.9577 23.8
      vertex 91.8539 51.939 22.5
      vertex 91.8312 51.9577 22.5
    endloop
  endfacet
  facet normal 0.595423 0.803413 -0
    outer loop
      vertex 91.9327 51.8806 22.5
      vertex 91.8539 51.939 23.8
      vertex 91.9327 51.8806 23.8
    endloop
  endfacet
  facet normal 0.595423 0.803413 0
    outer loop
      vertex 91.8539 51.939 23.8
      vertex 91.9327 51.8806 22.5
      vertex 91.8539 51.939 22.5
    endloop
  endfacet
  facet normal 0.556265 0.831005 -0
    outer loop
      vertex 91.9572 51.8642 22.5
      vertex 91.9327 51.8806 23.8
      vertex 91.9572 51.8642 23.8
    endloop
  endfacet
  facet normal 0.556265 0.831005 0
    outer loop
      vertex 91.9327 51.8806 23.8
      vertex 91.9572 51.8642 22.5
      vertex 91.9327 51.8806 22.5
    endloop
  endfacet
  facet normal 0.514046 0.857763 -0
    outer loop
      vertex 92.0413 51.8138 22.5
      vertex 91.9572 51.8642 23.8
      vertex 92.0413 51.8138 23.8
    endloop
  endfacet
  facet normal 0.514046 0.857763 0
    outer loop
      vertex 91.9572 51.8642 23.8
      vertex 92.0413 51.8138 22.5
      vertex 91.9572 51.8642 22.5
    endloop
  endfacet
  facet normal 0.471468 0.881883 -0
    outer loop
      vertex 92.0673 51.7999 22.5
      vertex 92.0413 51.8138 23.8
      vertex 92.0673 51.7999 23.8
    endloop
  endfacet
  facet normal 0.471468 0.881883 0
    outer loop
      vertex 92.0413 51.8138 23.8
      vertex 92.0673 51.7999 22.5
      vertex 92.0413 51.8138 22.5
    endloop
  endfacet
  facet normal 0.427955 0.9038 -0
    outer loop
      vertex 92.156 51.7579 22.5
      vertex 92.0673 51.7999 23.8
      vertex 92.156 51.7579 23.8
    endloop
  endfacet
  facet normal 0.427955 0.9038 0
    outer loop
      vertex 92.0673 51.7999 23.8
      vertex 92.156 51.7579 22.5
      vertex 92.0673 51.7999 22.5
    endloop
  endfacet
  facet normal 0.379556 0.925169 -0
    outer loop
      vertex 92.1833 51.7467 22.5
      vertex 92.156 51.7579 23.8
      vertex 92.1833 51.7467 23.8
    endloop
  endfacet
  facet normal 0.379556 0.925169 0
    outer loop
      vertex 92.156 51.7579 23.8
      vertex 92.1833 51.7467 22.5
      vertex 92.156 51.7579 22.5
    endloop
  endfacet
  facet normal 0.33724 0.941419 -0
    outer loop
      vertex 92.2757 51.7136 22.5
      vertex 92.1833 51.7467 23.8
      vertex 92.2757 51.7136 23.8
    endloop
  endfacet
  facet normal 0.33724 0.941419 0
    outer loop
      vertex 92.1833 51.7467 23.8
      vertex 92.2757 51.7136 22.5
      vertex 92.1833 51.7467 22.5
    endloop
  endfacet
  facet normal 0.289535 0.957168 -0
    outer loop
      vertex 92.3038 51.7051 22.5
      vertex 92.2757 51.7136 23.8
      vertex 92.3038 51.7051 23.8
    endloop
  endfacet
  facet normal 0.289535 0.957168 0
    outer loop
      vertex 92.2757 51.7136 23.8
      vertex 92.3038 51.7051 22.5
      vertex 92.2757 51.7136 22.5
    endloop
  endfacet
  facet normal 0.243494 0.969902 -0
    outer loop
      vertex 92.399 51.6812 22.5
      vertex 92.3038 51.7051 23.8
      vertex 92.399 51.6812 23.8
    endloop
  endfacet
  facet normal 0.243494 0.969902 0
    outer loop
      vertex 92.3038 51.7051 23.8
      vertex 92.399 51.6812 22.5
      vertex 92.3038 51.7051 22.5
    endloop
  endfacet
  facet normal 0.193504 0.981099 -0
    outer loop
      vertex 92.4279 51.6755 22.5
      vertex 92.399 51.6812 23.8
      vertex 92.4279 51.6755 23.8
    endloop
  endfacet
  facet normal 0.193504 0.981099 0
    outer loop
      vertex 92.399 51.6812 23.8
      vertex 92.4279 51.6755 22.5
      vertex 92.399 51.6812 22.5
    endloop
  endfacet
  facet normal 0.146844 0.98916 -0
    outer loop
      vertex 92.5249 51.6611 22.5
      vertex 92.4279 51.6755 23.8
      vertex 92.5249 51.6611 23.8
    endloop
  endfacet
  facet normal 0.146844 0.98916 0
    outer loop
      vertex 92.4279 51.6755 23.8
      vertex 92.5249 51.6611 22.5
      vertex 92.4279 51.6755 22.5
    endloop
  endfacet
  facet normal 0.0981631 0.99517 -0
    outer loop
      vertex 92.5543 51.6582 22.5
      vertex 92.5249 51.6611 23.8
      vertex 92.5543 51.6582 23.8
    endloop
  endfacet
  facet normal 0.0981631 0.99517 0
    outer loop
      vertex 92.5249 51.6611 23.8
      vertex 92.5543 51.6582 22.5
      vertex 92.5249 51.6611 22.5
    endloop
  endfacet
  facet normal 0.0489209 0.998803 -0
    outer loop
      vertex 92.6523 51.6534 22.5
      vertex 92.5543 51.6582 23.8
      vertex 92.6523 51.6534 23.8
    endloop
  endfacet
  facet normal 0.0489209 0.998803 0
    outer loop
      vertex 92.5543 51.6582 23.8
      vertex 92.6523 51.6534 22.5
      vertex 92.5543 51.6582 22.5
    endloop
  endfacet
  facet normal 0.0272008 0.99963 -0
    outer loop
      vertex 92.667 51.653 22.5
      vertex 92.6523 51.6534 23.8
      vertex 92.667 51.653 23.8
    endloop
  endfacet
  facet normal 0.0272008 0.99963 0
    outer loop
      vertex 92.6523 51.6534 23.8
      vertex 92.667 51.653 22.5
      vertex 92.6523 51.6534 22.5
    endloop
  endfacet
  facet normal 0 1 -0
    outer loop
      vertex 93.3 51.653 22.5
      vertex 92.667 51.653 23.8
      vertex 93.3 51.653 23.8
    endloop
  endfacet
  facet normal 0 1 0
    outer loop
      vertex 92.667 51.653 23.8
      vertex 93.3 51.653 22.5
      vertex 92.667 51.653 22.5
    endloop
  endfacet
  facet normal 0.902861 0.429934 0
    outer loop
      vertex 129.614 47.5903 23.8
      vertex 129.6 47.6197 22.5
      vertex 129.6 47.6197 23.8
    endloop
  endfacet
  facet normal 0.902861 0.429934 0
    outer loop
      vertex 129.6 47.6197 22.5
      vertex 129.614 47.5903 23.8
      vertex 129.614 47.5903 22.5
    endloop
  endfacet
  facet normal 0.880471 0.4741 0
    outer loop
      vertex 129.628 47.5643 23.8
      vertex 129.614 47.5903 22.5
      vertex 129.614 47.5903 23.8
    endloop
  endfacet
  facet normal 0.880471 0.4741 0
    outer loop
      vertex 129.614 47.5903 22.5
      vertex 129.628 47.5643 23.8
      vertex 129.628 47.5643 22.5
    endloop
  endfacet
  facet normal 0.85956 0.511035 0
    outer loop
      vertex 129.678 47.4802 23.8
      vertex 129.628 47.5643 22.5
      vertex 129.628 47.5643 23.8
    endloop
  endfacet
  facet normal 0.85956 0.511035 0
    outer loop
      vertex 129.628 47.5643 22.5
      vertex 129.678 47.4802 23.8
      vertex 129.678 47.4802 22.5
    endloop
  endfacet
  facet normal 0.821588 0.570082 0
    outer loop
      vertex 129.695 47.4557 23.8
      vertex 129.678 47.4802 22.5
      vertex 129.678 47.4802 23.8
    endloop
  endfacet
  facet normal 0.821588 0.570082 0
    outer loop
      vertex 129.678 47.4802 22.5
      vertex 129.695 47.4557 23.8
      vertex 129.695 47.4557 22.5
    endloop
  endfacet
  facet normal 0.805364 0.592781 0
    outer loop
      vertex 129.753 47.3769 23.8
      vertex 129.695 47.4557 22.5
      vertex 129.695 47.4557 23.8
    endloop
  endfacet
  facet normal 0.805364 0.592781 0
    outer loop
      vertex 129.695 47.4557 22.5
      vertex 129.753 47.3769 23.8
      vertex 129.753 47.3769 22.5
    endloop
  endfacet
  facet normal 0.768221 0.640184 0
    outer loop
      vertex 129.772 47.3541 23.8
      vertex 129.753 47.3769 22.5
      vertex 129.753 47.3769 23.8
    endloop
  endfacet
  facet normal 0.768221 0.640184 0
    outer loop
      vertex 129.753 47.3769 22.5
      vertex 129.772 47.3541 23.8
      vertex 129.772 47.3541 22.5
    endloop
  endfacet
  facet normal 0.740401 0.672166 0
    outer loop
      vertex 129.838 47.2814 23.8
      vertex 129.772 47.3541 22.5
      vertex 129.772 47.3541 23.8
    endloop
  endfacet
  facet normal 0.740401 0.672166 0
    outer loop
      vertex 129.772 47.3541 22.5
      vertex 129.838 47.2814 23.8
      vertex 129.838 47.2814 22.5
    endloop
  endfacet
  facet normal 0.720833 0.693109 0
    outer loop
      vertex 129.858 47.2606 23.8
      vertex 129.838 47.2814 22.5
      vertex 129.838 47.2814 23.8
    endloop
  endfacet
  facet normal 0.720833 0.693109 0
    outer loop
      vertex 129.838 47.2814 22.5
      vertex 129.858 47.2606 23.8
      vertex 129.858 47.2606 22.5
    endloop
  endfacet
  facet normal 0.670088 0.742282 -0
    outer loop
      vertex 129.931 47.1947 22.5
      vertex 129.858 47.2606 23.8
      vertex 129.931 47.1947 23.8
    endloop
  endfacet
  facet normal 0.670088 0.742282 0
    outer loop
      vertex 129.858 47.2606 23.8
      vertex 129.931 47.1947 22.5
      vertex 129.858 47.2606 22.5
    endloop
  endfacet
  facet normal 0.630847 0.775908 -0
    outer loop
      vertex 129.954 47.176 22.5
      vertex 129.931 47.1947 23.8
      vertex 129.954 47.176 23.8
    endloop
  endfacet
  facet normal 0.630847 0.775908 0
    outer loop
      vertex 129.931 47.1947 23.8
      vertex 129.954 47.176 22.5
      vertex 129.931 47.1947 22.5
    endloop
  endfacet
  facet normal 0.594448 0.804134 -0
    outer loop
      vertex 130.033 47.1176 22.5
      vertex 129.954 47.176 23.8
      vertex 130.033 47.1176 23.8
    endloop
  endfacet
  facet normal 0.594448 0.804134 0
    outer loop
      vertex 129.954 47.176 23.8
      vertex 130.033 47.1176 22.5
      vertex 129.954 47.176 22.5
    endloop
  endfacet
  facet normal 0.564191 0.825645 -0
    outer loop
      vertex 130.057 47.1012 22.5
      vertex 130.033 47.1176 23.8
      vertex 130.057 47.1012 23.8
    endloop
  endfacet
  facet normal 0.564191 0.825645 0
    outer loop
      vertex 130.033 47.1176 23.8
      vertex 130.057 47.1012 22.5
      vertex 130.033 47.1176 22.5
    endloop
  endfacet
  facet normal 0.514496 0.857493 -0
    outer loop
      vertex 130.141 47.0508 22.5
      vertex 130.057 47.1012 23.8
      vertex 130.141 47.0508 23.8
    endloop
  endfacet
  facet normal 0.514496 0.857493 0
    outer loop
      vertex 130.057 47.1012 23.8
      vertex 130.141 47.0508 22.5
      vertex 130.057 47.1012 22.5
    endloop
  endfacet
  facet normal 0.471468 0.881883 -0
    outer loop
      vertex 130.167 47.0369 22.5
      vertex 130.141 47.0508 23.8
      vertex 130.167 47.0369 23.8
    endloop
  endfacet
  facet normal 0.471468 0.881883 0
    outer loop
      vertex 130.141 47.0508 23.8
      vertex 130.167 47.0369 22.5
      vertex 130.141 47.0508 22.5
    endloop
  endfacet
  facet normal 0.426775 0.904358 -0
    outer loop
      vertex 130.256 46.9949 22.5
      vertex 130.167 47.0369 23.8
      vertex 130.256 46.9949 23.8
    endloop
  endfacet
  facet normal 0.426775 0.904358 0
    outer loop
      vertex 130.167 47.0369 23.8
      vertex 130.256 46.9949 22.5
      vertex 130.167 47.0369 22.5
    endloop
  endfacet
  facet normal 0.383157 0.923683 -0
    outer loop
      vertex 130.283 46.9837 22.5
      vertex 130.256 46.9949 23.8
      vertex 130.283 46.9837 23.8
    endloop
  endfacet
  facet normal 0.383157 0.923683 0
    outer loop
      vertex 130.256 46.9949 23.8
      vertex 130.283 46.9837 22.5
      vertex 130.256 46.9949 22.5
    endloop
  endfacet
  facet normal 0.335309 0.942108 -0
    outer loop
      vertex 130.376 46.9506 22.5
      vertex 130.283 46.9837 23.8
      vertex 130.376 46.9506 23.8
    endloop
  endfacet
  facet normal 0.335309 0.942108 0
    outer loop
      vertex 130.283 46.9837 23.8
      vertex 130.376 46.9506 22.5
      vertex 130.283 46.9837 22.5
    endloop
  endfacet
  facet normal 0.290482 0.956881 -0
    outer loop
      vertex 130.404 46.9421 22.5
      vertex 130.376 46.9506 23.8
      vertex 130.404 46.9421 23.8
    endloop
  endfacet
  facet normal 0.290482 0.956881 0
    outer loop
      vertex 130.376 46.9506 23.8
      vertex 130.404 46.9421 22.5
      vertex 130.376 46.9506 22.5
    endloop
  endfacet
  facet normal 0.243977 0.969781 -0
    outer loop
      vertex 130.499 46.9182 22.5
      vertex 130.404 46.9421 23.8
      vertex 130.499 46.9182 23.8
    endloop
  endfacet
  facet normal 0.243977 0.969781 0
    outer loop
      vertex 130.404 46.9421 23.8
      vertex 130.499 46.9182 22.5
      vertex 130.404 46.9421 22.5
    endloop
  endfacet
  facet normal 0.192862 0.981226 -0
    outer loop
      vertex 130.528 46.9125 22.5
      vertex 130.499 46.9182 23.8
      vertex 130.528 46.9125 23.8
    endloop
  endfacet
  facet normal 0.192862 0.981226 0
    outer loop
      vertex 130.499 46.9182 23.8
      vertex 130.528 46.9125 22.5
      vertex 130.499 46.9182 22.5
    endloop
  endfacet
  facet normal 0.146844 0.98916 -0
    outer loop
      vertex 130.625 46.8981 22.5
      vertex 130.528 46.9125 23.8
      vertex 130.625 46.8981 23.8
    endloop
  endfacet
  facet normal 0.146844 0.98916 0
    outer loop
      vertex 130.528 46.9125 23.8
      vertex 130.625 46.8981 22.5
      vertex 130.528 46.9125 22.5
    endloop
  endfacet
  facet normal 0.0995037 0.995037 -0
    outer loop
      vertex 130.654 46.8952 22.5
      vertex 130.625 46.8981 23.8
      vertex 130.654 46.8952 23.8
    endloop
  endfacet
  facet normal 0.0995037 0.995037 0
    outer loop
      vertex 130.625 46.8981 23.8
      vertex 130.654 46.8952 22.5
      vertex 130.625 46.8981 22.5
    endloop
  endfacet
  facet normal 0.0489209 0.998803 -0
    outer loop
      vertex 130.752 46.8904 22.5
      vertex 130.654 46.8952 23.8
      vertex 130.752 46.8904 23.8
    endloop
  endfacet
  facet normal 0.0489209 0.998803 0
    outer loop
      vertex 130.654 46.8952 23.8
      vertex 130.752 46.8904 22.5
      vertex 130.654 46.8952 22.5
    endloop
  endfacet
  facet normal 0.0266572 0.999645 -0
    outer loop
      vertex 130.767 46.89 22.5
      vertex 130.752 46.8904 23.8
      vertex 130.767 46.89 23.8
    endloop
  endfacet
  facet normal 0.0266572 0.999645 0
    outer loop
      vertex 130.752 46.8904 23.8
      vertex 130.767 46.89 22.5
      vertex 130.752 46.8904 22.5
    endloop
  endfacet
  facet normal 0 1 -0
    outer loop
      vertex 131.4 46.89 22.5
      vertex 130.767 46.89 23.8
      vertex 131.4 46.89 23.8
    endloop
  endfacet
  facet normal 0 1 0
    outer loop
      vertex 130.767 46.89 23.8
      vertex 131.4 46.89 22.5
      vertex 130.767 46.89 22.5
    endloop
  endfacet
  facet normal -0.496139 -0.868243 0
    outer loop
      vertex 131.393 127.911 22.5
      vertex 131.4 127.907 23.8
      vertex 131.393 127.911 23.8
    endloop
  endfacet
  facet normal -0.496139 -0.868243 -0
    outer loop
      vertex 131.4 127.907 23.8
      vertex 131.393 127.911 22.5
      vertex 131.4 127.907 22.5
    endloop
  endfacet
  facet normal -0.4741 -0.880471 0
    outer loop
      vertex 131.367 127.925 22.5
      vertex 131.393 127.911 23.8
      vertex 131.367 127.925 23.8
    endloop
  endfacet
  facet normal -0.4741 -0.880471 -0
    outer loop
      vertex 131.393 127.911 23.8
      vertex 131.367 127.925 22.5
      vertex 131.393 127.911 22.5
    endloop
  endfacet
  facet normal -0.426775 -0.904358 0
    outer loop
      vertex 131.278 127.967 22.5
      vertex 131.367 127.925 23.8
      vertex 131.278 127.967 23.8
    endloop
  endfacet
  facet normal -0.426775 -0.904358 -0
    outer loop
      vertex 131.367 127.925 23.8
      vertex 131.278 127.967 22.5
      vertex 131.367 127.925 22.5
    endloop
  endfacet
  facet normal -0.377297 -0.926092 0
    outer loop
      vertex 131.251 127.978 22.5
      vertex 131.278 127.967 23.8
      vertex 131.251 127.978 23.8
    endloop
  endfacet
  facet normal -0.377297 -0.926092 -0
    outer loop
      vertex 131.278 127.967 23.8
      vertex 131.251 127.978 22.5
      vertex 131.278 127.967 22.5
    endloop
  endfacet
  facet normal -0.33441 -0.942428 0
    outer loop
      vertex 131.158 128.011 22.5
      vertex 131.251 127.978 23.8
      vertex 131.158 128.011 23.8
    endloop
  endfacet
  facet normal -0.33441 -0.942428 -0
    outer loop
      vertex 131.251 127.978 23.8
      vertex 131.158 128.011 22.5
      vertex 131.251 127.978 22.5
    endloop
  endfacet
  facet normal -0.306009 -0.952029 0
    outer loop
      vertex 131.13 128.02 22.5
      vertex 131.158 128.011 23.8
      vertex 131.13 128.02 23.8
    endloop
  endfacet
  facet normal -0.306009 -0.952029 -0
    outer loop
      vertex 131.158 128.011 23.8
      vertex 131.13 128.02 22.5
      vertex 131.158 128.011 22.5
    endloop
  endfacet
  facet normal -0.244936 -0.969539 0
    outer loop
      vertex 131.035 128.044 22.5
      vertex 131.13 128.02 23.8
      vertex 131.035 128.044 23.8
    endloop
  endfacet
  facet normal -0.244936 -0.969539 -0
    outer loop
      vertex 131.13 128.02 23.8
      vertex 131.035 128.044 22.5
      vertex 131.13 128.02 22.5
    endloop
  endfacet
  facet normal -0.202606 -0.97926 0
    outer loop
      vertex 131.006 128.05 22.5
      vertex 131.035 128.044 23.8
      vertex 131.006 128.05 23.8
    endloop
  endfacet
  facet normal -0.202606 -0.97926 -0
    outer loop
      vertex 131.035 128.044 23.8
      vertex 131.006 128.05 22.5
      vertex 131.035 128.044 22.5
    endloop
  endfacet
  facet normal -0.14285 -0.989744 0
    outer loop
      vertex 130.909 128.064 22.5
      vertex 131.006 128.05 23.8
      vertex 130.909 128.064 23.8
    endloop
  endfacet
  facet normal -0.14285 -0.989744 -0
    outer loop
      vertex 131.006 128.05 23.8
      vertex 130.909 128.064 22.5
      vertex 131.006 128.05 22.5
    endloop
  endfacet
  facet normal -0.102899 -0.994692 0
    outer loop
      vertex 130.88 128.067 22.5
      vertex 130.909 128.064 23.8
      vertex 130.88 128.067 23.8
    endloop
  endfacet
  facet normal -0.102899 -0.994692 -0
    outer loop
      vertex 130.909 128.064 23.8
      vertex 130.88 128.067 22.5
      vertex 130.909 128.064 22.5
    endloop
  endfacet
  facet normal -0.0509541 -0.998701 0
    outer loop
      vertex 130.782 128.072 22.5
      vertex 130.88 128.067 23.8
      vertex 130.782 128.072 23.8
    endloop
  endfacet
  facet normal -0.0509541 -0.998701 -0
    outer loop
      vertex 130.88 128.067 23.8
      vertex 130.782 128.072 22.5
      vertex 130.88 128.067 22.5
    endloop
  endfacet
  facet normal 0 -1 0
    outer loop
      vertex 130.767 128.072 22.5
      vertex 130.782 128.072 23.8
      vertex 130.767 128.072 23.8
    endloop
  endfacet
  facet normal 0 -1 -0
    outer loop
      vertex 130.782 128.072 23.8
      vertex 130.767 128.072 22.5
      vertex 130.782 128.072 22.5
    endloop
  endfacet
  facet normal 0 -1 0
    outer loop
      vertex 129.6 128.072 22.5
      vertex 130.767 128.072 23.8
      vertex 129.6 128.072 23.8
    endloop
  endfacet
  facet normal 0 -1 -0
    outer loop
      vertex 130.767 128.072 23.8
      vertex 129.6 128.072 22.5
      vertex 130.767 128.072 22.5
    endloop
  endfacet
  facet normal 0 -1 0
    outer loop
      vertex 92.667 130.453 22.5
      vertex 93.3 130.453 23.8
      vertex 92.667 130.453 23.8
    endloop
  endfacet
  facet normal 0 -1 -0
    outer loop
      vertex 93.3 130.453 23.8
      vertex 92.667 130.453 22.5
      vertex 93.3 130.453 22.5
    endloop
  endfacet
  facet normal 0 -1 0
    outer loop
      vertex 92.6523 130.453 22.5
      vertex 92.667 130.453 23.8
      vertex 92.6523 130.453 23.8
    endloop
  endfacet
  facet normal 0 -1 -0
    outer loop
      vertex 92.667 130.453 23.8
      vertex 92.6523 130.453 22.5
      vertex 92.667 130.453 22.5
    endloop
  endfacet
  facet normal 0.0509023 -0.998704 0
    outer loop
      vertex 92.5542 130.448 22.5
      vertex 92.6523 130.453 23.8
      vertex 92.5542 130.448 23.8
    endloop
  endfacet
  facet normal 0.0509023 -0.998704 0
    outer loop
      vertex 92.6523 130.453 23.8
      vertex 92.5542 130.448 22.5
      vertex 92.6523 130.453 22.5
    endloop
  endfacet
  facet normal 0.102202 -0.994764 0
    outer loop
      vertex 92.525 130.445 22.5
      vertex 92.5542 130.448 23.8
      vertex 92.525 130.445 23.8
    endloop
  endfacet
  facet normal 0.102202 -0.994764 0
    outer loop
      vertex 92.5542 130.448 23.8
      vertex 92.525 130.445 22.5
      vertex 92.5542 130.448 22.5
    endloop
  endfacet
  facet normal 0.142706 -0.989765 0
    outer loop
      vertex 92.4279 130.431 22.5
      vertex 92.525 130.445 23.8
      vertex 92.4279 130.431 23.8
    endloop
  endfacet
  facet normal 0.142706 -0.989765 0
    outer loop
      vertex 92.525 130.445 23.8
      vertex 92.4279 130.431 22.5
      vertex 92.525 130.445 22.5
    endloop
  endfacet
  facet normal 0.203278 -0.979121 0
    outer loop
      vertex 92.399 130.425 22.5
      vertex 92.4279 130.431 23.8
      vertex 92.399 130.425 23.8
    endloop
  endfacet
  facet normal 0.203278 -0.979121 0
    outer loop
      vertex 92.4279 130.431 23.8
      vertex 92.399 130.425 22.5
      vertex 92.4279 130.431 22.5
    endloop
  endfacet
  facet normal 0.244452 -0.969661 0
    outer loop
      vertex 92.3038 130.401 22.5
      vertex 92.399 130.425 23.8
      vertex 92.3038 130.401 23.8
    endloop
  endfacet
  facet normal 0.244452 -0.969661 0
    outer loop
      vertex 92.399 130.425 23.8
      vertex 92.3038 130.401 22.5
      vertex 92.399 130.425 22.5
    endloop
  endfacet
  facet normal 0.30404 -0.952659 0
    outer loop
      vertex 92.2756 130.392 22.5
      vertex 92.3038 130.401 23.8
      vertex 92.2756 130.392 23.8
    endloop
  endfacet
  facet normal 0.30404 -0.952659 0
    outer loop
      vertex 92.3038 130.401 23.8
      vertex 92.2756 130.392 22.5
      vertex 92.3038 130.401 22.5
    endloop
  endfacet
  facet normal 0.336336 -0.941742 0
    outer loop
      vertex 92.1832 130.359 22.5
      vertex 92.2756 130.392 23.8
      vertex 92.1832 130.359 23.8
    endloop
  endfacet
  facet normal 0.336336 -0.941742 0
    outer loop
      vertex 92.2756 130.392 23.8
      vertex 92.1832 130.359 22.5
      vertex 92.2756 130.392 22.5
    endloop
  endfacet
  facet normal 0.376102 -0.926578 0
    outer loop
      vertex 92.1561 130.348 22.5
      vertex 92.1832 130.359 23.8
      vertex 92.1561 130.348 23.8
    endloop
  endfacet
  facet normal 0.376102 -0.926578 0
    outer loop
      vertex 92.1832 130.359 23.8
      vertex 92.1561 130.348 22.5
      vertex 92.1832 130.359 22.5
    endloop
  endfacet
  facet normal 0.427955 -0.9038 0
    outer loop
      vertex 92.0674 130.306 22.5
      vertex 92.1561 130.348 23.8
      vertex 92.0674 130.306 23.8
    endloop
  endfacet
  facet normal 0.427955 -0.9038 0
    outer loop
      vertex 92.1561 130.348 23.8
      vertex 92.0674 130.306 22.5
      vertex 92.1561 130.348 22.5
    endloop
  endfacet
  facet normal 0.47269 -0.881229 0
    outer loop
      vertex 92.0413 130.292 22.5
      vertex 92.0674 130.306 23.8
      vertex 92.0413 130.292 23.8
    endloop
  endfacet
  facet normal 0.47269 -0.881229 0
    outer loop
      vertex 92.0674 130.306 23.8
      vertex 92.0413 130.292 22.5
      vertex 92.0674 130.306 22.5
    endloop
  endfacet
  facet normal 0.511035 -0.85956 0
    outer loop
      vertex 91.9572 130.242 22.5
      vertex 92.0413 130.292 23.8
      vertex 91.9572 130.242 23.8
    endloop
  endfacet
  facet normal 0.511035 -0.85956 0
    outer loop
      vertex 92.0413 130.292 23.8
      vertex 91.9572 130.242 22.5
      vertex 92.0413 130.292 22.5
    endloop
  endfacet
  facet normal 0.570082 -0.821588 0
    outer loop
      vertex 91.9327 130.225 22.5
      vertex 91.9572 130.242 23.8
      vertex 91.9327 130.225 23.8
    endloop
  endfacet
  facet normal 0.570082 -0.821588 0
    outer loop
      vertex 91.9572 130.242 23.8
      vertex 91.9327 130.225 22.5
      vertex 91.9572 130.242 22.5
    endloop
  endfacet
  facet normal 0.592781 -0.805364 0
    outer loop
      vertex 91.8539 130.167 22.5
      vertex 91.9327 130.225 23.8
      vertex 91.8539 130.167 23.8
    endloop
  endfacet
  facet normal 0.592781 -0.805364 0
    outer loop
      vertex 91.9327 130.225 23.8
      vertex 91.8539 130.167 22.5
      vertex 91.9327 130.225 22.5
    endloop
  endfacet
  facet normal 0.641844 -0.766835 0
    outer loop
      vertex 91.8312 130.148 22.5
      vertex 91.8539 130.167 23.8
      vertex 91.8312 130.148 23.8
    endloop
  endfacet
  facet normal 0.641844 -0.766835 0
    outer loop
      vertex 91.8539 130.167 23.8
      vertex 91.8312 130.148 22.5
      vertex 91.8539 130.167 22.5
    endloop
  endfacet
  facet normal 0.672166 -0.740401 0
    outer loop
      vertex 91.7585 130.082 22.5
      vertex 91.8312 130.148 23.8
      vertex 91.7585 130.082 23.8
    endloop
  endfacet
  facet normal 0.672166 -0.740401 0
    outer loop
      vertex 91.8312 130.148 23.8
      vertex 91.7585 130.082 22.5
      vertex 91.8312 130.148 22.5
    endloop
  endfacet
  facet normal 0.69138 -0.722492 0
    outer loop
      vertex 91.7376 130.062 23.8
      vertex 91.7585 130.082 22.5
      vertex 91.7585 130.082 23.8
    endloop
  endfacet
  facet normal 0.69138 -0.722492 0
    outer loop
      vertex 91.7585 130.082 22.5
      vertex 91.7376 130.062 23.8
      vertex 91.7376 130.062 22.5
    endloop
  endfacet
  facet normal 0.742282 -0.670088 0
    outer loop
      vertex 91.6717 129.989 23.8
      vertex 91.7376 130.062 22.5
      vertex 91.7376 130.062 23.8
    endloop
  endfacet
  facet normal 0.742282 -0.670088 0
    outer loop
      vertex 91.7376 130.062 22.5
      vertex 91.6717 129.989 23.8
      vertex 91.6717 129.989 22.5
    endloop
  endfacet
  facet normal 0.775908 -0.630847 0
    outer loop
      vertex 91.653 129.966 23.8
      vertex 91.6717 129.989 22.5
      vertex 91.6717 129.989 23.8
    endloop
  endfacet
  facet normal 0.775908 -0.630847 0
    outer loop
      vertex 91.6717 129.989 22.5
      vertex 91.653 129.966 23.8
      vertex 91.653 129.966 22.5
    endloop
  endfacet
  facet normal 0.804134 -0.594448 0
    outer loop
      vertex 91.5946 129.887 23.8
      vertex 91.653 129.966 22.5
      vertex 91.653 129.966 23.8
    endloop
  endfacet
  facet normal 0.804134 -0.594448 0
    outer loop
      vertex 91.653 129.966 22.5
      vertex 91.5946 129.887 23.8
      vertex 91.5946 129.887 22.5
    endloop
  endfacet
  facet normal 0.825645 -0.564191 0
    outer loop
      vertex 91.5782 129.863 23.8
      vertex 91.5946 129.887 22.5
      vertex 91.5946 129.887 23.8
    endloop
  endfacet
  facet normal 0.825645 -0.564191 0
    outer loop
      vertex 91.5946 129.887 22.5
      vertex 91.5782 129.863 23.8
      vertex 91.5782 129.863 22.5
    endloop
  endfacet
  facet normal 0.857493 -0.514496 0
    outer loop
      vertex 91.5278 129.779 23.8
      vertex 91.5782 129.863 22.5
      vertex 91.5782 129.863 23.8
    endloop
  endfacet
  facet normal 0.857493 -0.514496 0
    outer loop
      vertex 91.5782 129.863 22.5
      vertex 91.5278 129.779 23.8
      vertex 91.5278 129.779 22.5
    endloop
  endfacet
  facet normal 0.881883 -0.471468 0
    outer loop
      vertex 91.5139 129.753 23.8
      vertex 91.5278 129.779 22.5
      vertex 91.5278 129.779 23.8
    endloop
  endfacet
  facet normal 0.881883 -0.471468 0
    outer loop
      vertex 91.5278 129.779 22.5
      vertex 91.5139 129.753 23.8
      vertex 91.5139 129.753 22.5
    endloop
  endfacet
  facet normal 0.907339 -0.4204 0
    outer loop
      vertex 91.5 129.723 23.8
      vertex 91.5139 129.753 22.5
      vertex 91.5139 129.753 23.8
    endloop
  endfacet
  facet normal 0.907339 -0.4204 0
    outer loop
      vertex 91.5139 129.753 22.5
      vertex 91.5 129.723 23.8
      vertex 91.5 129.723 22.5
    endloop
  endfacet
  facet normal 0 -1 0
    outer loop
      vertex 53 125.691 22.5
      vertex 54.8 125.691 23.8
      vertex 53 125.691 23.8
    endloop
  endfacet
  facet normal 0 -1 -0
    outer loop
      vertex 54.8 125.691 23.8
      vertex 53 125.691 22.5
      vertex 54.8 125.691 22.5
    endloop
  endfacet
  facet normal 0 1 -0
    outer loop
      vertex 53.267 123.091 22.5
      vertex 53 123.091 23.8
      vertex 53.267 123.091 23.8
    endloop
  endfacet
  facet normal 0 1 0
    outer loop
      vertex 53 123.091 23.8
      vertex 53.267 123.091 22.5
      vertex 53 123.091 22.5
    endloop
  endfacet
  facet normal 1 -0 0
    outer loop
      vertex 53.267 106.641 23.8
      vertex 53.267 123.091 22.5
      vertex 53.267 123.091 23.8
    endloop
  endfacet
  facet normal 1 0 0
    outer loop
      vertex 53.267 123.091 22.5
      vertex 53.267 106.641 23.8
      vertex 53.267 106.641 22.5
    endloop
  endfacet
  facet normal 0 -1 0
    outer loop
      vertex 53 106.641 22.5
      vertex 53.267 106.641 23.8
      vertex 53 106.641 23.8
    endloop
  endfacet
  facet normal 0 -1 -0
    outer loop
      vertex 53.267 106.641 23.8
      vertex 53 106.641 22.5
      vertex 53.267 106.641 22.5
    endloop
  endfacet
  facet normal 0 1 -0
    outer loop
      vertex 53.267 104.041 22.5
      vertex 53 104.041 23.8
      vertex 53.267 104.041 23.8
    endloop
  endfacet
  facet normal 0 1 0
    outer loop
      vertex 53 104.041 23.8
      vertex 53.267 104.041 22.5
      vertex 53 104.041 22.5
    endloop
  endfacet
  facet normal 1 -0 0
    outer loop
      vertex 53.267 87.59 23.8
      vertex 53.267 104.041 22.5
      vertex 53.267 104.041 23.8
    endloop
  endfacet
  facet normal 1 0 0
    outer loop
      vertex 53.267 104.041 22.5
      vertex 53.267 87.59 23.8
      vertex 53.267 87.59 22.5
    endloop
  endfacet
  facet normal 0 -1 0
    outer loop
      vertex 53 87.59 22.5
      vertex 53.267 87.59 23.8
      vertex 53 87.59 23.8
    endloop
  endfacet
  facet normal 0 -1 -0
    outer loop
      vertex 53.267 87.59 23.8
      vertex 53 87.59 22.5
      vertex 53.267 87.59 22.5
    endloop
  endfacet
  facet normal 0 1 -0
    outer loop
      vertex 53.267 84.99 22.5
      vertex 53 84.99 23.8
      vertex 53.267 84.99 23.8
    endloop
  endfacet
  facet normal 0 1 0
    outer loop
      vertex 53 84.99 23.8
      vertex 53.267 84.99 22.5
      vertex 53 84.99 22.5
    endloop
  endfacet
  facet normal 1 -0 0
    outer loop
      vertex 53.267 67.2673 23.8
      vertex 53.267 84.99 22.5
      vertex 53.267 84.99 23.8
    endloop
  endfacet
  facet normal 1 0 0
    outer loop
      vertex 53.267 84.99 22.5
      vertex 53.267 67.2673 23.8
      vertex 53.267 67.2673 22.5
    endloop
  endfacet
  facet normal 0.0385481 -0.999257 0
    outer loop
      vertex 53 67.257 22.5
      vertex 53.267 67.2673 23.8
      vertex 53 67.257 23.8
    endloop
  endfacet
  facet normal 0.0385481 -0.999257 0
    outer loop
      vertex 53.267 67.2673 23.8
      vertex 53 67.257 22.5
      vertex 53.267 67.2673 22.5
    endloop
  endfacet
  facet normal -0.0384161 0.999262 0
    outer loop
      vertex 54.8 64.7258 22.5
      vertex 53 64.6566 23.8
      vertex 54.8 64.7258 23.8
    endloop
  endfacet
  facet normal -0.0384161 0.999262 0
    outer loop
      vertex 53 64.6566 23.8
      vertex 54.8 64.7258 22.5
      vertex 53 64.6566 22.5
    endloop
  endfacet
  facet normal 0.13048 -0.991451 0
    outer loop
      vertex 55.4139 41.8548 22.5
      vertex 57.2003 42.0899 23.8
      vertex 55.4139 41.8548 23.8
    endloop
  endfacet
  facet normal 0.13048 -0.991451 0
    outer loop
      vertex 57.2003 42.0899 23.8
      vertex 55.4139 41.8548 22.5
      vertex 57.2003 42.0899 22.5
    endloop
  endfacet
  facet normal -0.496139 -0.868243 0
    outer loop
      vertex 131.393 108.861 22.5
      vertex 131.4 108.857 23.8
      vertex 131.393 108.861 23.8
    endloop
  endfacet
  facet normal -0.496139 -0.868243 -0
    outer loop
      vertex 131.4 108.857 23.8
      vertex 131.393 108.861 22.5
      vertex 131.4 108.857 22.5
    endloop
  endfacet
  facet normal -0.4741 -0.880471 0
    outer loop
      vertex 131.367 108.875 22.5
      vertex 131.393 108.861 23.8
      vertex 131.367 108.875 23.8
    endloop
  endfacet
  facet normal -0.4741 -0.880471 -0
    outer loop
      vertex 131.393 108.861 23.8
      vertex 131.367 108.875 22.5
      vertex 131.393 108.861 22.5
    endloop
  endfacet
  facet normal -0.426775 -0.904358 0
    outer loop
      vertex 131.278 108.917 22.5
      vertex 131.367 108.875 23.8
      vertex 131.278 108.917 23.8
    endloop
  endfacet
  facet normal -0.426775 -0.904358 -0
    outer loop
      vertex 131.367 108.875 23.8
      vertex 131.278 108.917 22.5
      vertex 131.367 108.875 22.5
    endloop
  endfacet
  facet normal -0.377297 -0.926092 0
    outer loop
      vertex 131.251 108.928 22.5
      vertex 131.278 108.917 23.8
      vertex 131.251 108.928 23.8
    endloop
  endfacet
  facet normal -0.377297 -0.926092 -0
    outer loop
      vertex 131.278 108.917 23.8
      vertex 131.251 108.928 22.5
      vertex 131.278 108.917 22.5
    endloop
  endfacet
  facet normal -0.33441 -0.942428 0
    outer loop
      vertex 131.158 108.961 22.5
      vertex 131.251 108.928 23.8
      vertex 131.158 108.961 23.8
    endloop
  endfacet
  facet normal -0.33441 -0.942428 -0
    outer loop
      vertex 131.251 108.928 23.8
      vertex 131.158 108.961 22.5
      vertex 131.251 108.928 22.5
    endloop
  endfacet
  facet normal -0.306009 -0.952029 0
    outer loop
      vertex 131.13 108.97 22.5
      vertex 131.158 108.961 23.8
      vertex 131.13 108.97 23.8
    endloop
  endfacet
  facet normal -0.306009 -0.952029 -0
    outer loop
      vertex 131.158 108.961 23.8
      vertex 131.13 108.97 22.5
      vertex 131.158 108.961 22.5
    endloop
  endfacet
  facet normal -0.244936 -0.969539 0
    outer loop
      vertex 131.035 108.994 22.5
      vertex 131.13 108.97 23.8
      vertex 131.035 108.994 23.8
    endloop
  endfacet
  facet normal -0.244936 -0.969539 -0
    outer loop
      vertex 131.13 108.97 23.8
      vertex 131.035 108.994 22.5
      vertex 131.13 108.97 22.5
    endloop
  endfacet
  facet normal -0.202606 -0.97926 0
    outer loop
      vertex 131.006 109 22.5
      vertex 131.035 108.994 23.8
      vertex 131.006 109 23.8
    endloop
  endfacet
  facet normal -0.202606 -0.97926 -0
    outer loop
      vertex 131.035 108.994 23.8
      vertex 131.006 109 22.5
      vertex 131.035 108.994 22.5
    endloop
  endfacet
  facet normal -0.14285 -0.989744 0
    outer loop
      vertex 130.909 109.014 22.5
      vertex 131.006 109 23.8
      vertex 130.909 109.014 23.8
    endloop
  endfacet
  facet normal -0.14285 -0.989744 -0
    outer loop
      vertex 131.006 109 23.8
      vertex 130.909 109.014 22.5
      vertex 131.006 109 22.5
    endloop
  endfacet
  facet normal -0.102899 -0.994692 0
    outer loop
      vertex 130.88 109.017 22.5
      vertex 130.909 109.014 23.8
      vertex 130.88 109.017 23.8
    endloop
  endfacet
  facet normal -0.102899 -0.994692 -0
    outer loop
      vertex 130.909 109.014 23.8
      vertex 130.88 109.017 22.5
      vertex 130.909 109.014 22.5
    endloop
  endfacet
  facet normal -0.0509541 -0.998701 0
    outer loop
      vertex 130.782 109.022 22.5
      vertex 130.88 109.017 23.8
      vertex 130.782 109.022 23.8
    endloop
  endfacet
  facet normal -0.0509541 -0.998701 -0
    outer loop
      vertex 130.88 109.017 23.8
      vertex 130.782 109.022 22.5
      vertex 130.88 109.017 22.5
    endloop
  endfacet
  facet normal 0 -1 0
    outer loop
      vertex 130.767 109.022 22.5
      vertex 130.782 109.022 23.8
      vertex 130.767 109.022 23.8
    endloop
  endfacet
  facet normal 0 -1 -0
    outer loop
      vertex 130.782 109.022 23.8
      vertex 130.767 109.022 22.5
      vertex 130.782 109.022 22.5
    endloop
  endfacet
  facet normal 0 -1 0
    outer loop
      vertex 129.6 109.022 22.5
      vertex 130.767 109.022 23.8
      vertex 129.6 109.022 23.8
    endloop
  endfacet
  facet normal 0 -1 -0
    outer loop
      vertex 130.767 109.022 23.8
      vertex 129.6 109.022 22.5
      vertex 130.767 109.022 22.5
    endloop
  endfacet
  facet normal 0.906183 0.422885 0
    outer loop
      vertex 129.614 123.791 23.8
      vertex 129.6 123.821 22.5
      vertex 129.6 123.821 23.8
    endloop
  endfacet
  facet normal 0.906183 0.422885 0
    outer loop
      vertex 129.6 123.821 22.5
      vertex 129.614 123.791 23.8
      vertex 129.614 123.791 22.5
    endloop
  endfacet
  facet normal 0.880471 0.4741 0
    outer loop
      vertex 129.628 123.765 23.8
      vertex 129.614 123.791 22.5
      vertex 129.614 123.791 23.8
    endloop
  endfacet
  facet normal 0.880471 0.4741 0
    outer loop
      vertex 129.614 123.791 22.5
      vertex 129.628 123.765 23.8
      vertex 129.628 123.765 22.5
    endloop
  endfacet
  facet normal 0.859293 0.511484 0
    outer loop
      vertex 129.678 123.681 23.8
      vertex 129.628 123.765 22.5
      vertex 129.628 123.765 23.8
    endloop
  endfacet
  facet normal 0.859293 0.511484 0
    outer loop
      vertex 129.628 123.765 22.5
      vertex 129.678 123.681 23.8
      vertex 129.678 123.681 22.5
    endloop
  endfacet
  facet normal 0.816024 0.578017 0
    outer loop
      vertex 129.695 123.657 23.8
      vertex 129.678 123.681 22.5
      vertex 129.678 123.681 23.8
    endloop
  endfacet
  facet normal 0.816024 0.578017 0
    outer loop
      vertex 129.678 123.681 22.5
      vertex 129.695 123.657 23.8
      vertex 129.695 123.657 22.5
    endloop
  endfacet
  facet normal 0.80608 0.591806 0
    outer loop
      vertex 129.753 123.578 23.8
      vertex 129.695 123.657 22.5
      vertex 129.695 123.657 23.8
    endloop
  endfacet
  facet normal 0.80608 0.591806 0
    outer loop
      vertex 129.695 123.657 22.5
      vertex 129.753 123.578 23.8
      vertex 129.753 123.578 22.5
    endloop
  endfacet
  facet normal 0.770962 0.636881 0
    outer loop
      vertex 129.772 123.555 23.8
      vertex 129.753 123.578 22.5
      vertex 129.753 123.578 23.8
    endloop
  endfacet
  facet normal 0.770962 0.636881 0
    outer loop
      vertex 129.753 123.578 22.5
      vertex 129.772 123.555 23.8
      vertex 129.772 123.555 22.5
    endloop
  endfacet
  facet normal 0.741776 0.670647 0
    outer loop
      vertex 129.838 123.482 23.8
      vertex 129.772 123.555 22.5
      vertex 129.772 123.555 23.8
    endloop
  endfacet
  facet normal 0.741776 0.670647 0
    outer loop
      vertex 129.772 123.555 22.5
      vertex 129.838 123.482 23.8
      vertex 129.838 123.482 22.5
    endloop
  endfacet
  facet normal 0.707107 0.707107 0
    outer loop
      vertex 129.858 123.462 23.8
      vertex 129.838 123.482 22.5
      vertex 129.838 123.482 23.8
    endloop
  endfacet
  facet normal 0.707107 0.707107 0
    outer loop
      vertex 129.838 123.482 22.5
      vertex 129.858 123.462 23.8
      vertex 129.858 123.462 22.5
    endloop
  endfacet
  facet normal 0.670647 0.741776 -0
    outer loop
      vertex 129.931 123.396 22.5
      vertex 129.858 123.462 23.8
      vertex 129.931 123.396 23.8
    endloop
  endfacet
  facet normal 0.670647 0.741776 0
    outer loop
      vertex 129.858 123.462 23.8
      vertex 129.931 123.396 22.5
      vertex 129.858 123.462 22.5
    endloop
  endfacet
  facet normal 0.636881 0.770962 -0
    outer loop
      vertex 129.954 123.377 22.5
      vertex 129.931 123.396 23.8
      vertex 129.954 123.377 23.8
    endloop
  endfacet
  facet normal 0.636881 0.770962 0
    outer loop
      vertex 129.931 123.396 23.8
      vertex 129.954 123.377 22.5
      vertex 129.931 123.396 22.5
    endloop
  endfacet
  facet normal 0.591806 0.80608 -0
    outer loop
      vertex 130.033 123.319 22.5
      vertex 129.954 123.377 23.8
      vertex 130.033 123.319 23.8
    endloop
  endfacet
  facet normal 0.591806 0.80608 0
    outer loop
      vertex 129.954 123.377 23.8
      vertex 130.033 123.319 22.5
      vertex 129.954 123.377 22.5
    endloop
  endfacet
  facet normal 0.578017 0.816024 -0
    outer loop
      vertex 130.057 123.302 22.5
      vertex 130.033 123.319 23.8
      vertex 130.057 123.302 23.8
    endloop
  endfacet
  facet normal 0.578017 0.816024 0
    outer loop
      vertex 130.033 123.319 23.8
      vertex 130.057 123.302 22.5
      vertex 130.033 123.319 22.5
    endloop
  endfacet
  facet normal 0.511484 0.859293 -0
    outer loop
      vertex 130.141 123.252 22.5
      vertex 130.057 123.302 23.8
      vertex 130.141 123.252 23.8
    endloop
  endfacet
  facet normal 0.511484 0.859293 0
    outer loop
      vertex 130.057 123.302 23.8
      vertex 130.141 123.252 22.5
      vertex 130.057 123.302 22.5
    endloop
  endfacet
  facet normal 0.4741 0.880471 -0
    outer loop
      vertex 130.167 123.238 22.5
      vertex 130.141 123.252 23.8
      vertex 130.167 123.238 23.8
    endloop
  endfacet
  facet normal 0.4741 0.880471 0
    outer loop
      vertex 130.141 123.252 23.8
      vertex 130.167 123.238 22.5
      vertex 130.141 123.252 22.5
    endloop
  endfacet
  facet normal 0.426775 0.904358 -0
    outer loop
      vertex 130.256 123.196 22.5
      vertex 130.167 123.238 23.8
      vertex 130.256 123.196 23.8
    endloop
  endfacet
  facet normal 0.426775 0.904358 0
    outer loop
      vertex 130.167 123.238 23.8
      vertex 130.256 123.196 22.5
      vertex 130.167 123.238 22.5
    endloop
  endfacet
  facet normal 0.377297 0.926092 -0
    outer loop
      vertex 130.283 123.185 22.5
      vertex 130.256 123.196 23.8
      vertex 130.283 123.185 23.8
    endloop
  endfacet
  facet normal 0.377297 0.926092 0
    outer loop
      vertex 130.256 123.196 23.8
      vertex 130.283 123.185 22.5
      vertex 130.256 123.196 22.5
    endloop
  endfacet
  facet normal 0.33441 0.942428 -0
    outer loop
      vertex 130.376 123.152 22.5
      vertex 130.283 123.185 23.8
      vertex 130.376 123.152 23.8
    endloop
  endfacet
  facet normal 0.33441 0.942428 0
    outer loop
      vertex 130.283 123.185 23.8
      vertex 130.376 123.152 22.5
      vertex 130.283 123.185 22.5
    endloop
  endfacet
  facet normal 0.306009 0.952029 -0
    outer loop
      vertex 130.404 123.143 22.5
      vertex 130.376 123.152 23.8
      vertex 130.404 123.143 23.8
    endloop
  endfacet
  facet normal 0.306009 0.952029 0
    outer loop
      vertex 130.376 123.152 23.8
      vertex 130.404 123.143 22.5
      vertex 130.376 123.152 22.5
    endloop
  endfacet
  facet normal 0.244936 0.969539 -0
    outer loop
      vertex 130.499 123.119 22.5
      vertex 130.404 123.143 23.8
      vertex 130.499 123.119 23.8
    endloop
  endfacet
  facet normal 0.244936 0.969539 0
    outer loop
      vertex 130.404 123.143 23.8
      vertex 130.499 123.119 22.5
      vertex 130.404 123.143 22.5
    endloop
  endfacet
  facet normal 0.202606 0.97926 -0
    outer loop
      vertex 130.528 123.113 22.5
      vertex 130.499 123.119 23.8
      vertex 130.528 123.113 23.8
    endloop
  endfacet
  facet normal 0.202606 0.97926 0
    outer loop
      vertex 130.499 123.119 23.8
      vertex 130.528 123.113 22.5
      vertex 130.499 123.119 22.5
    endloop
  endfacet
  facet normal 0.14285 0.989744 -0
    outer loop
      vertex 130.625 123.099 22.5
      vertex 130.528 123.113 23.8
      vertex 130.625 123.099 23.8
    endloop
  endfacet
  facet normal 0.14285 0.989744 0
    outer loop
      vertex 130.528 123.113 23.8
      vertex 130.625 123.099 22.5
      vertex 130.528 123.113 22.5
    endloop
  endfacet
  facet normal 0.102899 0.994692 -0
    outer loop
      vertex 130.654 123.096 22.5
      vertex 130.625 123.099 23.8
      vertex 130.654 123.096 23.8
    endloop
  endfacet
  facet normal 0.102899 0.994692 0
    outer loop
      vertex 130.625 123.099 23.8
      vertex 130.654 123.096 22.5
      vertex 130.625 123.099 22.5
    endloop
  endfacet
  facet normal 0.0509541 0.998701 -0
    outer loop
      vertex 130.752 123.091 22.5
      vertex 130.654 123.096 23.8
      vertex 130.752 123.091 23.8
    endloop
  endfacet
  facet normal 0.0509541 0.998701 0
    outer loop
      vertex 130.654 123.096 23.8
      vertex 130.752 123.091 22.5
      vertex 130.654 123.096 22.5
    endloop
  endfacet
  facet normal 0 1 -0
    outer loop
      vertex 130.767 123.091 22.5
      vertex 130.752 123.091 23.8
      vertex 130.767 123.091 23.8
    endloop
  endfacet
  facet normal 0 1 0
    outer loop
      vertex 130.752 123.091 23.8
      vertex 130.767 123.091 22.5
      vertex 130.752 123.091 22.5
    endloop
  endfacet
  facet normal 0 1 -0
    outer loop
      vertex 131.4 123.091 22.5
      vertex 130.767 123.091 23.8
      vertex 131.4 123.091 23.8
    endloop
  endfacet
  facet normal 0 1 0
    outer loop
      vertex 130.767 123.091 23.8
      vertex 131.4 123.091 22.5
      vertex 130.767 123.091 22.5
    endloop
  endfacet
  facet normal 0 1 -0
    outer loop
      vertex 92.667 106.422 22.5
      vertex 91.5 106.422 23.8
      vertex 92.667 106.422 23.8
    endloop
  endfacet
  facet normal 0 1 0
    outer loop
      vertex 91.5 106.422 23.8
      vertex 92.667 106.422 22.5
      vertex 91.5 106.422 22.5
    endloop
  endfacet
  facet normal 0 1 -0
    outer loop
      vertex 92.6817 106.422 22.5
      vertex 92.667 106.422 23.8
      vertex 92.6817 106.422 23.8
    endloop
  endfacet
  facet normal 0 1 0
    outer loop
      vertex 92.667 106.422 23.8
      vertex 92.6817 106.422 22.5
      vertex 92.667 106.422 22.5
    endloop
  endfacet
  facet normal -0.0509023 0.998704 0
    outer loop
      vertex 92.7798 106.427 22.5
      vertex 92.6817 106.422 23.8
      vertex 92.7798 106.427 23.8
    endloop
  endfacet
  facet normal -0.0509023 0.998704 0
    outer loop
      vertex 92.6817 106.422 23.8
      vertex 92.7798 106.427 22.5
      vertex 92.6817 106.422 22.5
    endloop
  endfacet
  facet normal -0.102202 0.994764 0
    outer loop
      vertex 92.809 106.43 22.5
      vertex 92.7798 106.427 23.8
      vertex 92.809 106.43 23.8
    endloop
  endfacet
  facet normal -0.102202 0.994764 0
    outer loop
      vertex 92.7798 106.427 23.8
      vertex 92.809 106.43 22.5
      vertex 92.7798 106.427 22.5
    endloop
  endfacet
  facet normal -0.142706 0.989765 0
    outer loop
      vertex 92.9061 106.444 22.5
      vertex 92.809 106.43 23.8
      vertex 92.9061 106.444 23.8
    endloop
  endfacet
  facet normal -0.142706 0.989765 0
    outer loop
      vertex 92.809 106.43 23.8
      vertex 92.9061 106.444 22.5
      vertex 92.809 106.43 22.5
    endloop
  endfacet
  facet normal -0.203278 0.979121 0
    outer loop
      vertex 92.935 106.45 22.5
      vertex 92.9061 106.444 23.8
      vertex 92.935 106.45 23.8
    endloop
  endfacet
  facet normal -0.203278 0.979121 0
    outer loop
      vertex 92.9061 106.444 23.8
      vertex 92.935 106.45 22.5
      vertex 92.9061 106.444 22.5
    endloop
  endfacet
  facet normal -0.244452 0.969661 0
    outer loop
      vertex 93.0302 106.474 22.5
      vertex 92.935 106.45 23.8
      vertex 93.0302 106.474 23.8
    endloop
  endfacet
  facet normal -0.244452 0.969661 0
    outer loop
      vertex 92.935 106.45 23.8
      vertex 93.0302 106.474 22.5
      vertex 92.935 106.45 22.5
    endloop
  endfacet
  facet normal -0.305022 0.952345 0
    outer loop
      vertex 93.0583 106.483 22.5
      vertex 93.0302 106.474 23.8
      vertex 93.0583 106.483 23.8
    endloop
  endfacet
  facet normal -0.305022 0.952345 0
    outer loop
      vertex 93.0302 106.474 23.8
      vertex 93.0583 106.483 22.5
      vertex 93.0302 106.474 22.5
    endloop
  endfacet
  facet normal -0.336014 0.941857 0
    outer loop
      vertex 93.1508 106.516 22.5
      vertex 93.0583 106.483 23.8
      vertex 93.1508 106.516 23.8
    endloop
  endfacet
  facet normal -0.336014 0.941857 0
    outer loop
      vertex 93.0583 106.483 23.8
      vertex 93.1508 106.516 22.5
      vertex 93.0583 106.483 22.5
    endloop
  endfacet
  facet normal -0.376102 0.926578 0
    outer loop
      vertex 93.1779 106.527 22.5
      vertex 93.1508 106.516 23.8
      vertex 93.1779 106.527 23.8
    endloop
  endfacet
  facet normal -0.376102 0.926578 0
    outer loop
      vertex 93.1508 106.516 23.8
      vertex 93.1779 106.527 22.5
      vertex 93.1508 106.516 22.5
    endloop
  endfacet
  facet normal -0.427955 0.9038 0
    outer loop
      vertex 93.2666 106.569 22.5
      vertex 93.1779 106.527 23.8
      vertex 93.2666 106.569 23.8
    endloop
  endfacet
  facet normal -0.427955 0.9038 0
    outer loop
      vertex 93.1779 106.527 23.8
      vertex 93.2666 106.569 22.5
      vertex 93.1779 106.527 22.5
    endloop
  endfacet
  facet normal -0.47269 0.881229 0
    outer loop
      vertex 93.2927 106.583 22.5
      vertex 93.2666 106.569 23.8
      vertex 93.2927 106.583 23.8
    endloop
  endfacet
  facet normal -0.47269 0.881229 0
    outer loop
      vertex 93.2666 106.569 23.8
      vertex 93.2927 106.583 22.5
      vertex 93.2666 106.569 22.5
    endloop
  endfacet
  facet normal -0.480535 0.876976 0
    outer loop
      vertex 93.3 106.587 22.5
      vertex 93.2927 106.583 23.8
      vertex 93.3 106.587 23.8
    endloop
  endfacet
  facet normal -0.480535 0.876976 0
    outer loop
      vertex 93.2927 106.583 23.8
      vertex 93.3 106.587 22.5
      vertex 93.2927 106.583 22.5
    endloop
  endfacet
  facet normal 0 -1 0
    outer loop
      vertex 92.667 92.353 22.5
      vertex 93.3 92.353 23.8
      vertex 92.667 92.353 23.8
    endloop
  endfacet
  facet normal 0 -1 -0
    outer loop
      vertex 93.3 92.353 23.8
      vertex 92.667 92.353 22.5
      vertex 93.3 92.353 22.5
    endloop
  endfacet
  facet normal 0.0272008 -0.99963 0
    outer loop
      vertex 92.6523 92.3526 22.5
      vertex 92.667 92.353 23.8
      vertex 92.6523 92.3526 23.8
    endloop
  endfacet
  facet normal 0.0272008 -0.99963 0
    outer loop
      vertex 92.667 92.353 23.8
      vertex 92.6523 92.3526 22.5
      vertex 92.667 92.353 22.5
    endloop
  endfacet
  facet normal 0.0489209 -0.998803 0
    outer loop
      vertex 92.5543 92.3478 22.5
      vertex 92.6523 92.3526 23.8
      vertex 92.5543 92.3478 23.8
    endloop
  endfacet
  facet normal 0.0489209 -0.998803 0
    outer loop
      vertex 92.6523 92.3526 23.8
      vertex 92.5543 92.3478 22.5
      vertex 92.6523 92.3526 22.5
    endloop
  endfacet
  facet normal 0.0981631 -0.99517 0
    outer loop
      vertex 92.5249 92.3449 22.5
      vertex 92.5543 92.3478 23.8
      vertex 92.5249 92.3449 23.8
    endloop
  endfacet
  facet normal 0.0981631 -0.99517 0
    outer loop
      vertex 92.5543 92.3478 23.8
      vertex 92.5249 92.3449 22.5
      vertex 92.5543 92.3478 22.5
    endloop
  endfacet
  facet normal 0.146844 -0.98916 0
    outer loop
      vertex 92.4279 92.3305 22.5
      vertex 92.5249 92.3449 23.8
      vertex 92.4279 92.3305 23.8
    endloop
  endfacet
  facet normal 0.146844 -0.98916 0
    outer loop
      vertex 92.5249 92.3449 23.8
      vertex 92.4279 92.3305 22.5
      vertex 92.5249 92.3449 22.5
    endloop
  endfacet
  facet normal 0.193504 -0.981099 0
    outer loop
      vertex 92.399 92.3248 22.5
      vertex 92.4279 92.3305 23.8
      vertex 92.399 92.3248 23.8
    endloop
  endfacet
  facet normal 0.193504 -0.981099 0
    outer loop
      vertex 92.4279 92.3305 23.8
      vertex 92.399 92.3248 22.5
      vertex 92.4279 92.3305 22.5
    endloop
  endfacet
  facet normal 0.242536 -0.970143 0
    outer loop
      vertex 92.3038 92.301 22.5
      vertex 92.399 92.3248 23.8
      vertex 92.3038 92.301 23.8
    endloop
  endfacet
  facet normal 0.242536 -0.970143 0
    outer loop
      vertex 92.399 92.3248 23.8
      vertex 92.3038 92.301 22.5
      vertex 92.399 92.3248 22.5
    endloop
  endfacet
  facet normal 0.291701 -0.956509 0
    outer loop
      vertex 92.2756 92.2924 22.5
      vertex 92.3038 92.301 23.8
      vertex 92.2756 92.2924 23.8
    endloop
  endfacet
  facet normal 0.291701 -0.956509 0
    outer loop
      vertex 92.3038 92.301 23.8
      vertex 92.2756 92.2924 22.5
      vertex 92.3038 92.301 22.5
    endloop
  endfacet
  facet normal 0.33724 -0.941419 0
    outer loop
      vertex 92.1832 92.2593 22.5
      vertex 92.2756 92.2924 23.8
      vertex 92.1832 92.2593 23.8
    endloop
  endfacet
  facet normal 0.33724 -0.941419 0
    outer loop
      vertex 92.2756 92.2924 23.8
      vertex 92.1832 92.2593 22.5
      vertex 92.2756 92.2924 22.5
    endloop
  endfacet
  facet normal 0.38075 -0.924678 0
    outer loop
      vertex 92.156 92.2481 22.5
      vertex 92.1832 92.2593 23.8
      vertex 92.156 92.2481 23.8
    endloop
  endfacet
  facet normal 0.38075 -0.924678 0
    outer loop
      vertex 92.1832 92.2593 23.8
      vertex 92.156 92.2481 22.5
      vertex 92.1832 92.2593 22.5
    endloop
  endfacet
  facet normal 0.427955 -0.9038 0
    outer loop
      vertex 92.0673 92.2061 22.5
      vertex 92.156 92.2481 23.8
      vertex 92.0673 92.2061 23.8
    endloop
  endfacet
  facet normal 0.427955 -0.9038 0
    outer loop
      vertex 92.156 92.2481 23.8
      vertex 92.0673 92.2061 22.5
      vertex 92.156 92.2481 22.5
    endloop
  endfacet
  facet normal 0.472882 -0.881126 0
    outer loop
      vertex 92.0414 92.1922 22.5
      vertex 92.0673 92.2061 23.8
      vertex 92.0414 92.1922 23.8
    endloop
  endfacet
  facet normal 0.472882 -0.881126 0
    outer loop
      vertex 92.0673 92.2061 23.8
      vertex 92.0414 92.1922 22.5
      vertex 92.0673 92.2061 22.5
    endloop
  endfacet
  facet normal 0.513596 -0.858032 0
    outer loop
      vertex 91.9572 92.1418 22.5
      vertex 92.0414 92.1922 23.8
      vertex 91.9572 92.1418 23.8
    endloop
  endfacet
  facet normal 0.513596 -0.858032 0
    outer loop
      vertex 92.0414 92.1922 23.8
      vertex 91.9572 92.1418 22.5
      vertex 92.0414 92.1922 22.5
    endloop
  endfacet
  facet normal 0.556265 -0.831005 0
    outer loop
      vertex 91.9327 92.1254 22.5
      vertex 91.9572 92.1418 23.8
      vertex 91.9327 92.1254 23.8
    endloop
  endfacet
  facet normal 0.556265 -0.831005 0
    outer loop
      vertex 91.9572 92.1418 23.8
      vertex 91.9327 92.1254 22.5
      vertex 91.9572 92.1418 22.5
    endloop
  endfacet
  facet normal 0.59608 -0.802925 0
    outer loop
      vertex 91.8539 92.0669 22.5
      vertex 91.9327 92.1254 23.8
      vertex 91.8539 92.0669 23.8
    endloop
  endfacet
  facet normal 0.59608 -0.802925 0
    outer loop
      vertex 91.9327 92.1254 23.8
      vertex 91.8539 92.0669 22.5
      vertex 91.9327 92.1254 22.5
    endloop
  endfacet
  facet normal 0.633794 -0.773502 0
    outer loop
      vertex 91.8312 92.0483 22.5
      vertex 91.8539 92.0669 23.8
      vertex 91.8312 92.0483 23.8
    endloop
  endfacet
  facet normal 0.633794 -0.773502 0
    outer loop
      vertex 91.8539 92.0669 23.8
      vertex 91.8312 92.0483 22.5
      vertex 91.8539 92.0669 22.5
    endloop
  endfacet
  facet normal 0.671607 -0.740908 0
    outer loop
      vertex 91.7585 91.9824 22.5
      vertex 91.8312 92.0483 23.8
      vertex 91.7585 91.9824 23.8
    endloop
  endfacet
  facet normal 0.671607 -0.740908 0
    outer loop
      vertex 91.8312 92.0483 23.8
      vertex 91.7585 91.9824 22.5
      vertex 91.8312 92.0483 22.5
    endloop
  endfacet
  facet normal 0.705409 -0.7088 0
    outer loop
      vertex 91.7376 91.9616 23.8
      vertex 91.7585 91.9824 22.5
      vertex 91.7585 91.9824 23.8
    endloop
  endfacet
  facet normal 0.705409 -0.7088 0
    outer loop
      vertex 91.7585 91.9824 22.5
      vertex 91.7376 91.9616 23.8
      vertex 91.7376 91.9616 22.5
    endloop
  endfacet
  facet normal 0.740908 -0.671607 0
    outer loop
      vertex 91.6717 91.8889 23.8
      vertex 91.7376 91.9616 22.5
      vertex 91.7376 91.9616 23.8
    endloop
  endfacet
  facet normal 0.740908 -0.671607 0
    outer loop
      vertex 91.7376 91.9616 22.5
      vertex 91.6717 91.8889 23.8
      vertex 91.6717 91.8889 22.5
    endloop
  endfacet
  facet normal 0.773201 -0.634161 0
    outer loop
      vertex 91.653 91.8661 23.8
      vertex 91.6717 91.8889 22.5
      vertex 91.6717 91.8889 23.8
    endloop
  endfacet
  facet normal 0.773201 -0.634161 0
    outer loop
      vertex 91.6717 91.8889 22.5
      vertex 91.653 91.8661 23.8
      vertex 91.653 91.8661 22.5
    endloop
  endfacet
  facet normal 0.803413 -0.595423 0
    outer loop
      vertex 91.5946 91.7873 23.8
      vertex 91.653 91.8661 22.5
      vertex 91.653 91.8661 23.8
    endloop
  endfacet
  facet normal 0.803413 -0.595423 0
    outer loop
      vertex 91.653 91.8661 22.5
      vertex 91.5946 91.7873 23.8
      vertex 91.5946 91.7873 22.5
    endloop
  endfacet
  facet normal 0.831005 -0.556265 0
    outer loop
      vertex 91.5782 91.7628 23.8
      vertex 91.5946 91.7873 22.5
      vertex 91.5946 91.7873 23.8
    endloop
  endfacet
  facet normal 0.831005 -0.556265 0
    outer loop
      vertex 91.5946 91.7873 22.5
      vertex 91.5782 91.7628 23.8
      vertex 91.5782 91.7628 22.5
    endloop
  endfacet
  facet normal 0.858032 -0.513596 0
    outer loop
      vertex 91.5278 91.6786 23.8
      vertex 91.5782 91.7628 22.5
      vertex 91.5782 91.7628 23.8
    endloop
  endfacet
  facet normal 0.858032 -0.513596 0
    outer loop
      vertex 91.5782 91.7628 22.5
      vertex 91.5278 91.6786 23.8
      vertex 91.5278 91.6786 22.5
    endloop
  endfacet
  facet normal 0.881126 -0.472882 0
    outer loop
      vertex 91.5139 91.6527 23.8
      vertex 91.5278 91.6786 22.5
      vertex 91.5278 91.6786 23.8
    endloop
  endfacet
  facet normal 0.881126 -0.472882 0
    outer loop
      vertex 91.5278 91.6786 22.5
      vertex 91.5139 91.6527 23.8
      vertex 91.5139 91.6527 22.5
    endloop
  endfacet
  facet normal 0.904051 -0.427425 0
    outer loop
      vertex 91.5 91.6233 23.8
      vertex 91.5139 91.6527 22.5
      vertex 91.5139 91.6527 23.8
    endloop
  endfacet
  facet normal 0.904051 -0.427425 0
    outer loop
      vertex 91.5139 91.6527 22.5
      vertex 91.5 91.6233 23.8
      vertex 91.5 91.6233 22.5
    endloop
  endfacet
  facet normal -0.532172 -0.846637 0
    outer loop
      vertex 131.393 89.8112 22.5
      vertex 131.4 89.8068 23.8
      vertex 131.393 89.8112 23.8
    endloop
  endfacet
  facet normal -0.532172 -0.846637 -0
    outer loop
      vertex 131.4 89.8068 23.8
      vertex 131.393 89.8112 22.5
      vertex 131.4 89.8068 22.5
    endloop
  endfacet
  facet normal -0.471468 -0.881883 0
    outer loop
      vertex 131.367 89.8251 22.5
      vertex 131.393 89.8112 23.8
      vertex 131.367 89.8251 23.8
    endloop
  endfacet
  facet normal -0.471468 -0.881883 -0
    outer loop
      vertex 131.393 89.8112 23.8
      vertex 131.367 89.8251 22.5
      vertex 131.393 89.8112 22.5
    endloop
  endfacet
  facet normal -0.426775 -0.904358 0
    outer loop
      vertex 131.278 89.8671 22.5
      vertex 131.367 89.8251 23.8
      vertex 131.278 89.8671 23.8
    endloop
  endfacet
  facet normal -0.426775 -0.904358 -0
    outer loop
      vertex 131.367 89.8251 23.8
      vertex 131.278 89.8671 22.5
      vertex 131.367 89.8251 22.5
    endloop
  endfacet
  facet normal -0.383157 -0.923683 0
    outer loop
      vertex 131.251 89.8783 22.5
      vertex 131.278 89.8671 23.8
      vertex 131.251 89.8783 23.8
    endloop
  endfacet
  facet normal -0.383157 -0.923683 -0
    outer loop
      vertex 131.278 89.8671 23.8
      vertex 131.251 89.8783 22.5
      vertex 131.278 89.8671 22.5
    endloop
  endfacet
  facet normal -0.335309 -0.942108 0
    outer loop
      vertex 131.158 89.9114 22.5
      vertex 131.251 89.8783 23.8
      vertex 131.158 89.9114 23.8
    endloop
  endfacet
  facet normal -0.335309 -0.942108 -0
    outer loop
      vertex 131.251 89.8783 23.8
      vertex 131.158 89.9114 22.5
      vertex 131.251 89.8783 22.5
    endloop
  endfacet
  facet normal -0.290482 -0.956881 0
    outer loop
      vertex 131.13 89.9199 22.5
      vertex 131.158 89.9114 23.8
      vertex 131.13 89.9199 23.8
    endloop
  endfacet
  facet normal -0.290482 -0.956881 -0
    outer loop
      vertex 131.158 89.9114 23.8
      vertex 131.13 89.9199 22.5
      vertex 131.158 89.9114 22.5
    endloop
  endfacet
  facet normal -0.243977 -0.969781 0
    outer loop
      vertex 131.035 89.9438 22.5
      vertex 131.13 89.9199 23.8
      vertex 131.035 89.9438 23.8
    endloop
  endfacet
  facet normal -0.243977 -0.969781 -0
    outer loop
      vertex 131.13 89.9199 23.8
      vertex 131.035 89.9438 22.5
      vertex 131.13 89.9199 22.5
    endloop
  endfacet
  facet normal -0.192862 -0.981226 0
    outer loop
      vertex 131.006 89.9495 22.5
      vertex 131.035 89.9438 23.8
      vertex 131.006 89.9495 23.8
    endloop
  endfacet
  facet normal -0.192862 -0.981226 -0
    outer loop
      vertex 131.035 89.9438 23.8
      vertex 131.006 89.9495 22.5
      vertex 131.035 89.9438 22.5
    endloop
  endfacet
  facet normal -0.146844 -0.98916 0
    outer loop
      vertex 130.909 89.9639 22.5
      vertex 131.006 89.9495 23.8
      vertex 130.909 89.9639 23.8
    endloop
  endfacet
  facet normal -0.146844 -0.98916 -0
    outer loop
      vertex 131.006 89.9495 23.8
      vertex 130.909 89.9639 22.5
      vertex 131.006 89.9495 22.5
    endloop
  endfacet
  facet normal -0.0995037 -0.995037 0
    outer loop
      vertex 130.88 89.9668 22.5
      vertex 130.909 89.9639 23.8
      vertex 130.88 89.9668 23.8
    endloop
  endfacet
  facet normal -0.0995037 -0.995037 -0
    outer loop
      vertex 130.909 89.9639 23.8
      vertex 130.88 89.9668 22.5
      vertex 130.909 89.9639 22.5
    endloop
  endfacet
  facet normal -0.0489209 -0.998803 0
    outer loop
      vertex 130.782 89.9716 22.5
      vertex 130.88 89.9668 23.8
      vertex 130.782 89.9716 23.8
    endloop
  endfacet
  facet normal -0.0489209 -0.998803 -0
    outer loop
      vertex 130.88 89.9668 23.8
      vertex 130.782 89.9716 22.5
      vertex 130.88 89.9668 22.5
    endloop
  endfacet
  facet normal -0.0266572 -0.999645 0
    outer loop
      vertex 130.767 89.972 22.5
      vertex 130.782 89.9716 23.8
      vertex 130.767 89.972 23.8
    endloop
  endfacet
  facet normal -0.0266572 -0.999645 -0
    outer loop
      vertex 130.782 89.9716 23.8
      vertex 130.767 89.972 22.5
      vertex 130.782 89.9716 22.5
    endloop
  endfacet
  facet normal 0 -1 0
    outer loop
      vertex 129.6 89.972 22.5
      vertex 130.767 89.972 23.8
      vertex 129.6 89.972 23.8
    endloop
  endfacet
  facet normal 0 -1 -0
    outer loop
      vertex 130.767 89.972 23.8
      vertex 129.6 89.972 22.5
      vertex 130.767 89.972 22.5
    endloop
  endfacet
  facet normal 0.906183 0.422885 0
    outer loop
      vertex 129.614 104.741 23.8
      vertex 129.6 104.771 22.5
      vertex 129.6 104.771 23.8
    endloop
  endfacet
  facet normal 0.906183 0.422885 0
    outer loop
      vertex 129.6 104.771 22.5
      vertex 129.614 104.741 23.8
      vertex 129.614 104.741 22.5
    endloop
  endfacet
  facet normal 0.880471 0.4741 0
    outer loop
      vertex 129.628 104.715 23.8
      vertex 129.614 104.741 22.5
      vertex 129.614 104.741 23.8
    endloop
  endfacet
  facet normal 0.880471 0.4741 0
    outer loop
      vertex 129.614 104.741 22.5
      vertex 129.628 104.715 23.8
      vertex 129.628 104.715 22.5
    endloop
  endfacet
  facet normal 0.859293 0.511484 0
    outer loop
      vertex 129.678 104.631 23.8
      vertex 129.628 104.715 22.5
      vertex 129.628 104.715 23.8
    endloop
  endfacet
  facet normal 0.859293 0.511484 0
    outer loop
      vertex 129.628 104.715 22.5
      vertex 129.678 104.631 23.8
      vertex 129.678 104.631 22.5
    endloop
  endfacet
  facet normal 0.816024 0.578017 0
    outer loop
      vertex 129.695 104.607 23.8
      vertex 129.678 104.631 22.5
      vertex 129.678 104.631 23.8
    endloop
  endfacet
  facet normal 0.816024 0.578017 0
    outer loop
      vertex 129.678 104.631 22.5
      vertex 129.695 104.607 23.8
      vertex 129.695 104.607 22.5
    endloop
  endfacet
  facet normal 0.80608 0.591806 0
    outer loop
      vertex 129.753 104.528 23.8
      vertex 129.695 104.607 22.5
      vertex 129.695 104.607 23.8
    endloop
  endfacet
  facet normal 0.80608 0.591806 0
    outer loop
      vertex 129.695 104.607 22.5
      vertex 129.753 104.528 23.8
      vertex 129.753 104.528 22.5
    endloop
  endfacet
  facet normal 0.770962 0.636881 0
    outer loop
      vertex 129.772 104.505 23.8
      vertex 129.753 104.528 22.5
      vertex 129.753 104.528 23.8
    endloop
  endfacet
  facet normal 0.770962 0.636881 0
    outer loop
      vertex 129.753 104.528 22.5
      vertex 129.772 104.505 23.8
      vertex 129.772 104.505 22.5
    endloop
  endfacet
  facet normal 0.741776 0.670647 0
    outer loop
      vertex 129.838 104.432 23.8
      vertex 129.772 104.505 22.5
      vertex 129.772 104.505 23.8
    endloop
  endfacet
  facet normal 0.741776 0.670647 0
    outer loop
      vertex 129.772 104.505 22.5
      vertex 129.838 104.432 23.8
      vertex 129.838 104.432 22.5
    endloop
  endfacet
  facet normal 0.707107 0.707107 0
    outer loop
      vertex 129.858 104.412 23.8
      vertex 129.838 104.432 22.5
      vertex 129.838 104.432 23.8
    endloop
  endfacet
  facet normal 0.707107 0.707107 0
    outer loop
      vertex 129.838 104.432 22.5
      vertex 129.858 104.412 23.8
      vertex 129.858 104.412 22.5
    endloop
  endfacet
  facet normal 0.670647 0.741776 -0
    outer loop
      vertex 129.931 104.346 22.5
      vertex 129.858 104.412 23.8
      vertex 129.931 104.346 23.8
    endloop
  endfacet
  facet normal 0.670647 0.741776 0
    outer loop
      vertex 129.858 104.412 23.8
      vertex 129.931 104.346 22.5
      vertex 129.858 104.412 22.5
    endloop
  endfacet
  facet normal 0.636881 0.770962 -0
    outer loop
      vertex 129.954 104.327 22.5
      vertex 129.931 104.346 23.8
      vertex 129.954 104.327 23.8
    endloop
  endfacet
  facet normal 0.636881 0.770962 0
    outer loop
      vertex 129.931 104.346 23.8
      vertex 129.954 104.327 22.5
      vertex 129.931 104.346 22.5
    endloop
  endfacet
  facet normal 0.591806 0.80608 -0
    outer loop
      vertex 130.033 104.269 22.5
      vertex 129.954 104.327 23.8
      vertex 130.033 104.269 23.8
    endloop
  endfacet
  facet normal 0.591806 0.80608 0
    outer loop
      vertex 129.954 104.327 23.8
      vertex 130.033 104.269 22.5
      vertex 129.954 104.327 22.5
    endloop
  endfacet
  facet normal 0.578017 0.816024 -0
    outer loop
      vertex 130.057 104.252 22.5
      vertex 130.033 104.269 23.8
      vertex 130.057 104.252 23.8
    endloop
  endfacet
  facet normal 0.578017 0.816024 0
    outer loop
      vertex 130.033 104.269 23.8
      vertex 130.057 104.252 22.5
      vertex 130.033 104.269 22.5
    endloop
  endfacet
  facet normal 0.511484 0.859293 -0
    outer loop
      vertex 130.141 104.202 22.5
      vertex 130.057 104.252 23.8
      vertex 130.141 104.202 23.8
    endloop
  endfacet
  facet normal 0.511484 0.859293 0
    outer loop
      vertex 130.057 104.252 23.8
      vertex 130.141 104.202 22.5
      vertex 130.057 104.252 22.5
    endloop
  endfacet
  facet normal 0.4741 0.880471 -0
    outer loop
      vertex 130.167 104.188 22.5
      vertex 130.141 104.202 23.8
      vertex 130.167 104.188 23.8
    endloop
  endfacet
  facet normal 0.4741 0.880471 0
    outer loop
      vertex 130.141 104.202 23.8
      vertex 130.167 104.188 22.5
      vertex 130.141 104.202 22.5
    endloop
  endfacet
  facet normal 0.426775 0.904358 -0
    outer loop
      vertex 130.256 104.146 22.5
      vertex 130.167 104.188 23.8
      vertex 130.256 104.146 23.8
    endloop
  endfacet
  facet normal 0.426775 0.904358 0
    outer loop
      vertex 130.167 104.188 23.8
      vertex 130.256 104.146 22.5
      vertex 130.167 104.188 22.5
    endloop
  endfacet
  facet normal 0.377297 0.926092 -0
    outer loop
      vertex 130.283 104.135 22.5
      vertex 130.256 104.146 23.8
      vertex 130.283 104.135 23.8
    endloop
  endfacet
  facet normal 0.377297 0.926092 0
    outer loop
      vertex 130.256 104.146 23.8
      vertex 130.283 104.135 22.5
      vertex 130.256 104.146 22.5
    endloop
  endfacet
  facet normal 0.33441 0.942428 -0
    outer loop
      vertex 130.376 104.102 22.5
      vertex 130.283 104.135 23.8
      vertex 130.376 104.102 23.8
    endloop
  endfacet
  facet normal 0.33441 0.942428 0
    outer loop
      vertex 130.283 104.135 23.8
      vertex 130.376 104.102 22.5
      vertex 130.283 104.135 22.5
    endloop
  endfacet
  facet normal 0.306009 0.952029 -0
    outer loop
      vertex 130.404 104.093 22.5
      vertex 130.376 104.102 23.8
      vertex 130.404 104.093 23.8
    endloop
  endfacet
  facet normal 0.306009 0.952029 0
    outer loop
      vertex 130.376 104.102 23.8
      vertex 130.404 104.093 22.5
      vertex 130.376 104.102 22.5
    endloop
  endfacet
  facet normal 0.244936 0.969539 -0
    outer loop
      vertex 130.499 104.069 22.5
      vertex 130.404 104.093 23.8
      vertex 130.499 104.069 23.8
    endloop
  endfacet
  facet normal 0.244936 0.969539 0
    outer loop
      vertex 130.404 104.093 23.8
      vertex 130.499 104.069 22.5
      vertex 130.404 104.093 22.5
    endloop
  endfacet
  facet normal 0.202606 0.97926 -0
    outer loop
      vertex 130.528 104.063 22.5
      vertex 130.499 104.069 23.8
      vertex 130.528 104.063 23.8
    endloop
  endfacet
  facet normal 0.202606 0.97926 0
    outer loop
      vertex 130.499 104.069 23.8
      vertex 130.528 104.063 22.5
      vertex 130.499 104.069 22.5
    endloop
  endfacet
  facet normal 0.14285 0.989744 -0
    outer loop
      vertex 130.625 104.049 22.5
      vertex 130.528 104.063 23.8
      vertex 130.625 104.049 23.8
    endloop
  endfacet
  facet normal 0.14285 0.989744 0
    outer loop
      vertex 130.528 104.063 23.8
      vertex 130.625 104.049 22.5
      vertex 130.528 104.063 22.5
    endloop
  endfacet
  facet normal 0.102899 0.994692 -0
    outer loop
      vertex 130.654 104.046 22.5
      vertex 130.625 104.049 23.8
      vertex 130.654 104.046 23.8
    endloop
  endfacet
  facet normal 0.102899 0.994692 0
    outer loop
      vertex 130.625 104.049 23.8
      vertex 130.654 104.046 22.5
      vertex 130.625 104.049 22.5
    endloop
  endfacet
  facet normal 0.0509541 0.998701 -0
    outer loop
      vertex 130.752 104.041 22.5
      vertex 130.654 104.046 23.8
      vertex 130.752 104.041 23.8
    endloop
  endfacet
  facet normal 0.0509541 0.998701 0
    outer loop
      vertex 130.654 104.046 23.8
      vertex 130.752 104.041 22.5
      vertex 130.654 104.046 22.5
    endloop
  endfacet
  facet normal 0 1 -0
    outer loop
      vertex 130.767 104.041 22.5
      vertex 130.752 104.041 23.8
      vertex 130.767 104.041 23.8
    endloop
  endfacet
  facet normal 0 1 0
    outer loop
      vertex 130.752 104.041 23.8
      vertex 130.767 104.041 22.5
      vertex 130.752 104.041 22.5
    endloop
  endfacet
  facet normal 0 1 -0
    outer loop
      vertex 131.4 104.041 22.5
      vertex 130.767 104.041 23.8
      vertex 131.4 104.041 23.8
    endloop
  endfacet
  facet normal 0 1 0
    outer loop
      vertex 130.767 104.041 23.8
      vertex 131.4 104.041 22.5
      vertex 130.767 104.041 22.5
    endloop
  endfacet
  facet normal 0 1 -0
    outer loop
      vertex 92.667 87.372 22.5
      vertex 91.5 87.372 23.8
      vertex 92.667 87.372 23.8
    endloop
  endfacet
  facet normal 0 1 0
    outer loop
      vertex 91.5 87.372 23.8
      vertex 92.667 87.372 22.5
      vertex 91.5 87.372 22.5
    endloop
  endfacet
  facet normal -0.0272008 0.99963 0
    outer loop
      vertex 92.6817 87.3724 22.5
      vertex 92.667 87.372 23.8
      vertex 92.6817 87.3724 23.8
    endloop
  endfacet
  facet normal -0.0272008 0.99963 0
    outer loop
      vertex 92.667 87.372 23.8
      vertex 92.6817 87.3724 22.5
      vertex 92.667 87.372 22.5
    endloop
  endfacet
  facet normal -0.0488712 0.998805 0
    outer loop
      vertex 92.7798 87.3772 22.5
      vertex 92.6817 87.3724 23.8
      vertex 92.7798 87.3772 23.8
    endloop
  endfacet
  facet normal -0.0488712 0.998805 0
    outer loop
      vertex 92.6817 87.3724 23.8
      vertex 92.7798 87.3772 22.5
      vertex 92.6817 87.3724 22.5
    endloop
  endfacet
  facet normal -0.0984948 0.995138 0
    outer loop
      vertex 92.8091 87.3801 22.5
      vertex 92.7798 87.3772 23.8
      vertex 92.8091 87.3801 23.8
    endloop
  endfacet
  facet normal -0.0984948 0.995138 0
    outer loop
      vertex 92.7798 87.3772 23.8
      vertex 92.8091 87.3801 22.5
      vertex 92.7798 87.3772 22.5
    endloop
  endfacet
  facet normal -0.146844 0.98916 0
    outer loop
      vertex 92.9061 87.3945 22.5
      vertex 92.8091 87.3801 23.8
      vertex 92.9061 87.3945 23.8
    endloop
  endfacet
  facet normal -0.146844 0.98916 0
    outer loop
      vertex 92.8091 87.3801 23.8
      vertex 92.9061 87.3945 22.5
      vertex 92.8091 87.3801 22.5
    endloop
  endfacet
  facet normal -0.193504 0.981099 0
    outer loop
      vertex 92.935 87.4002 22.5
      vertex 92.9061 87.3945 23.8
      vertex 92.935 87.4002 23.8
    endloop
  endfacet
  facet normal -0.193504 0.981099 0
    outer loop
      vertex 92.9061 87.3945 23.8
      vertex 92.935 87.4002 22.5
      vertex 92.9061 87.3945 22.5
    endloop
  endfacet
  facet normal -0.242536 0.970143 0
    outer loop
      vertex 93.0302 87.424 22.5
      vertex 92.935 87.4002 23.8
      vertex 93.0302 87.424 23.8
    endloop
  endfacet
  facet normal -0.242536 0.970143 0
    outer loop
      vertex 92.935 87.4002 23.8
      vertex 93.0302 87.424 22.5
      vertex 92.935 87.4002 22.5
    endloop
  endfacet
  facet normal -0.292651 0.956219 0
    outer loop
      vertex 93.0583 87.4326 22.5
      vertex 93.0302 87.424 23.8
      vertex 93.0583 87.4326 23.8
    endloop
  endfacet
  facet normal -0.292651 0.956219 0
    outer loop
      vertex 93.0302 87.424 23.8
      vertex 93.0583 87.4326 22.5
      vertex 93.0302 87.424 22.5
    endloop
  endfacet
  facet normal -0.336917 0.941534 0
    outer loop
      vertex 93.1508 87.4657 22.5
      vertex 93.0583 87.4326 23.8
      vertex 93.1508 87.4657 23.8
    endloop
  endfacet
  facet normal -0.336917 0.941534 0
    outer loop
      vertex 93.0583 87.4326 23.8
      vertex 93.1508 87.4657 22.5
      vertex 93.0583 87.4326 22.5
    endloop
  endfacet
  facet normal -0.38075 0.924678 0
    outer loop
      vertex 93.178 87.4769 22.5
      vertex 93.1508 87.4657 23.8
      vertex 93.178 87.4769 23.8
    endloop
  endfacet
  facet normal -0.38075 0.924678 0
    outer loop
      vertex 93.1508 87.4657 23.8
      vertex 93.178 87.4769 22.5
      vertex 93.1508 87.4657 22.5
    endloop
  endfacet
  facet normal -0.427955 0.9038 0
    outer loop
      vertex 93.2667 87.5189 22.5
      vertex 93.178 87.4769 23.8
      vertex 93.2667 87.5189 23.8
    endloop
  endfacet
  facet normal -0.427955 0.9038 0
    outer loop
      vertex 93.178 87.4769 23.8
      vertex 93.2667 87.5189 22.5
      vertex 93.178 87.4769 22.5
    endloop
  endfacet
  facet normal -0.472882 0.881126 0
    outer loop
      vertex 93.2926 87.5328 22.5
      vertex 93.2667 87.5189 23.8
      vertex 93.2926 87.5328 23.8
    endloop
  endfacet
  facet normal -0.472882 0.881126 0
    outer loop
      vertex 93.2667 87.5189 23.8
      vertex 93.2926 87.5328 22.5
      vertex 93.2667 87.5189 22.5
    endloop
  endfacet
  facet normal -0.511075 0.859536 0
    outer loop
      vertex 93.3 87.5372 22.5
      vertex 93.2926 87.5328 23.8
      vertex 93.3 87.5372 23.8
    endloop
  endfacet
  facet normal -0.511075 0.859536 0
    outer loop
      vertex 93.2926 87.5328 23.8
      vertex 93.3 87.5372 22.5
      vertex 93.2926 87.5328 22.5
    endloop
  endfacet
  facet normal 0 -1 0
    outer loop
      vertex 92.667 73.303 22.5
      vertex 93.3 73.303 23.8
      vertex 92.667 73.303 23.8
    endloop
  endfacet
  facet normal 0 -1 -0
    outer loop
      vertex 93.3 73.303 23.8
      vertex 92.667 73.303 22.5
      vertex 93.3 73.303 22.5
    endloop
  endfacet
  facet normal 0.0272008 -0.99963 0
    outer loop
      vertex 92.6523 73.3026 22.5
      vertex 92.667 73.303 23.8
      vertex 92.6523 73.3026 23.8
    endloop
  endfacet
  facet normal 0.0272008 -0.99963 0
    outer loop
      vertex 92.667 73.303 23.8
      vertex 92.6523 73.3026 22.5
      vertex 92.667 73.303 22.5
    endloop
  endfacet
  facet normal 0.0488712 -0.998805 0
    outer loop
      vertex 92.5542 73.2978 22.5
      vertex 92.6523 73.3026 23.8
      vertex 92.5542 73.2978 23.8
    endloop
  endfacet
  facet normal 0.0488712 -0.998805 0
    outer loop
      vertex 92.6523 73.3026 23.8
      vertex 92.5542 73.2978 22.5
      vertex 92.6523 73.3026 22.5
    endloop
  endfacet
  facet normal 0.0984948 -0.995138 0
    outer loop
      vertex 92.5249 73.2949 22.5
      vertex 92.5542 73.2978 23.8
      vertex 92.5249 73.2949 23.8
    endloop
  endfacet
  facet normal 0.0984948 -0.995138 0
    outer loop
      vertex 92.5542 73.2978 23.8
      vertex 92.5249 73.2949 22.5
      vertex 92.5542 73.2978 22.5
    endloop
  endfacet
  facet normal 0.146844 -0.98916 0
    outer loop
      vertex 92.4279 73.2805 22.5
      vertex 92.5249 73.2949 23.8
      vertex 92.4279 73.2805 23.8
    endloop
  endfacet
  facet normal 0.146844 -0.98916 0
    outer loop
      vertex 92.5249 73.2949 23.8
      vertex 92.4279 73.2805 22.5
      vertex 92.5249 73.2949 22.5
    endloop
  endfacet
  facet normal 0.193504 -0.981099 0
    outer loop
      vertex 92.399 73.2748 22.5
      vertex 92.4279 73.2805 23.8
      vertex 92.399 73.2748 23.8
    endloop
  endfacet
  facet normal 0.193504 -0.981099 0
    outer loop
      vertex 92.4279 73.2805 23.8
      vertex 92.399 73.2748 22.5
      vertex 92.4279 73.2805 22.5
    endloop
  endfacet
  facet normal 0.242536 -0.970143 0
    outer loop
      vertex 92.3038 73.251 22.5
      vertex 92.399 73.2748 23.8
      vertex 92.3038 73.251 23.8
    endloop
  endfacet
  facet normal 0.242536 -0.970143 0
    outer loop
      vertex 92.399 73.2748 23.8
      vertex 92.3038 73.251 22.5
      vertex 92.399 73.2748 22.5
    endloop
  endfacet
  facet normal 0.291701 -0.956509 0
    outer loop
      vertex 92.2756 73.2424 22.5
      vertex 92.3038 73.251 23.8
      vertex 92.2756 73.2424 23.8
    endloop
  endfacet
  facet normal 0.291701 -0.956509 0
    outer loop
      vertex 92.3038 73.251 23.8
      vertex 92.2756 73.2424 22.5
      vertex 92.3038 73.251 22.5
    endloop
  endfacet
  facet normal 0.33724 -0.941419 0
    outer loop
      vertex 92.1832 73.2093 22.5
      vertex 92.2756 73.2424 23.8
      vertex 92.1832 73.2093 23.8
    endloop
  endfacet
  facet normal 0.33724 -0.941419 0
    outer loop
      vertex 92.2756 73.2424 23.8
      vertex 92.1832 73.2093 22.5
      vertex 92.2756 73.2424 22.5
    endloop
  endfacet
  facet normal 0.38075 -0.924678 0
    outer loop
      vertex 92.156 73.1981 22.5
      vertex 92.1832 73.2093 23.8
      vertex 92.156 73.1981 23.8
    endloop
  endfacet
  facet normal 0.38075 -0.924678 0
    outer loop
      vertex 92.1832 73.2093 23.8
      vertex 92.156 73.1981 22.5
      vertex 92.1832 73.2093 22.5
    endloop
  endfacet
  facet normal 0.427955 -0.9038 0
    outer loop
      vertex 92.0673 73.1561 22.5
      vertex 92.156 73.1981 23.8
      vertex 92.0673 73.1561 23.8
    endloop
  endfacet
  facet normal 0.427955 -0.9038 0
    outer loop
      vertex 92.156 73.1981 23.8
      vertex 92.0673 73.1561 22.5
      vertex 92.156 73.1981 22.5
    endloop
  endfacet
  facet normal 0.472882 -0.881126 0
    outer loop
      vertex 92.0414 73.1422 22.5
      vertex 92.0673 73.1561 23.8
      vertex 92.0414 73.1422 23.8
    endloop
  endfacet
  facet normal 0.472882 -0.881126 0
    outer loop
      vertex 92.0673 73.1561 23.8
      vertex 92.0414 73.1422 22.5
      vertex 92.0673 73.1561 22.5
    endloop
  endfacet
  facet normal 0.513596 -0.858032 0
    outer loop
      vertex 91.9572 73.0918 22.5
      vertex 92.0414 73.1422 23.8
      vertex 91.9572 73.0918 23.8
    endloop
  endfacet
  facet normal 0.513596 -0.858032 0
    outer loop
      vertex 92.0414 73.1422 23.8
      vertex 91.9572 73.0918 22.5
      vertex 92.0414 73.1422 22.5
    endloop
  endfacet
  facet normal 0.556265 -0.831005 0
    outer loop
      vertex 91.9327 73.0754 22.5
      vertex 91.9572 73.0918 23.8
      vertex 91.9327 73.0754 23.8
    endloop
  endfacet
  facet normal 0.556265 -0.831005 0
    outer loop
      vertex 91.9572 73.0918 23.8
      vertex 91.9327 73.0754 22.5
      vertex 91.9572 73.0918 22.5
    endloop
  endfacet
  facet normal 0.595423 -0.803413 0
    outer loop
      vertex 91.8539 73.017 22.5
      vertex 91.9327 73.0754 23.8
      vertex 91.8539 73.017 23.8
    endloop
  endfacet
  facet normal 0.595423 -0.803413 0
    outer loop
      vertex 91.9327 73.0754 23.8
      vertex 91.8539 73.017 22.5
      vertex 91.9327 73.0754 22.5
    endloop
  endfacet
  facet normal 0.635826 -0.771832 0
    outer loop
      vertex 91.8312 72.9983 22.5
      vertex 91.8539 73.017 23.8
      vertex 91.8312 72.9983 23.8
    endloop
  endfacet
  facet normal 0.635826 -0.771832 0
    outer loop
      vertex 91.8539 73.017 23.8
      vertex 91.8312 72.9983 22.5
      vertex 91.8539 73.017 22.5
    endloop
  endfacet
  facet normal 0.671607 -0.740908 0
    outer loop
      vertex 91.7585 72.9324 22.5
      vertex 91.8312 72.9983 23.8
      vertex 91.7585 72.9324 23.8
    endloop
  endfacet
  facet normal 0.671607 -0.740908 0
    outer loop
      vertex 91.8312 72.9983 23.8
      vertex 91.7585 72.9324 22.5
      vertex 91.8312 72.9983 22.5
    endloop
  endfacet
  facet normal 0.705409 -0.7088 0
    outer loop
      vertex 91.7376 72.9116 23.8
      vertex 91.7585 72.9324 22.5
      vertex 91.7585 72.9324 23.8
    endloop
  endfacet
  facet normal 0.705409 -0.7088 0
    outer loop
      vertex 91.7585 72.9324 22.5
      vertex 91.7376 72.9116 23.8
      vertex 91.7376 72.9116 22.5
    endloop
  endfacet
  facet normal 0.741367 -0.6711 0
    outer loop
      vertex 91.6717 72.8388 23.8
      vertex 91.7376 72.9116 22.5
      vertex 91.7376 72.9116 23.8
    endloop
  endfacet
  facet normal 0.741367 -0.6711 0
    outer loop
      vertex 91.7376 72.9116 22.5
      vertex 91.6717 72.8388 23.8
      vertex 91.6717 72.8388 22.5
    endloop
  endfacet
  facet normal 0.771832 -0.635826 0
    outer loop
      vertex 91.653 72.8161 23.8
      vertex 91.6717 72.8388 22.5
      vertex 91.6717 72.8388 23.8
    endloop
  endfacet
  facet normal 0.771832 -0.635826 0
    outer loop
      vertex 91.6717 72.8388 22.5
      vertex 91.653 72.8161 23.8
      vertex 91.653 72.8161 22.5
    endloop
  endfacet
  facet normal 0.803413 -0.595423 0
    outer loop
      vertex 91.5946 72.7373 23.8
      vertex 91.653 72.8161 22.5
      vertex 91.653 72.8161 23.8
    endloop
  endfacet
  facet normal 0.803413 -0.595423 0
    outer loop
      vertex 91.653 72.8161 22.5
      vertex 91.5946 72.7373 23.8
      vertex 91.5946 72.7373 22.5
    endloop
  endfacet
  facet normal 0.831005 -0.556265 0
    outer loop
      vertex 91.5782 72.7128 23.8
      vertex 91.5946 72.7373 22.5
      vertex 91.5946 72.7373 23.8
    endloop
  endfacet
  facet normal 0.831005 -0.556265 0
    outer loop
      vertex 91.5946 72.7373 22.5
      vertex 91.5782 72.7128 23.8
      vertex 91.5782 72.7128 22.5
    endloop
  endfacet
  facet normal 0.858032 -0.513596 0
    outer loop
      vertex 91.5278 72.6286 23.8
      vertex 91.5782 72.7128 22.5
      vertex 91.5782 72.7128 23.8
    endloop
  endfacet
  facet normal 0.858032 -0.513596 0
    outer loop
      vertex 91.5782 72.7128 22.5
      vertex 91.5278 72.6286 23.8
      vertex 91.5278 72.6286 22.5
    endloop
  endfacet
  facet normal 0.881126 -0.472882 0
    outer loop
      vertex 91.5139 72.6027 23.8
      vertex 91.5278 72.6286 22.5
      vertex 91.5278 72.6286 23.8
    endloop
  endfacet
  facet normal 0.881126 -0.472882 0
    outer loop
      vertex 91.5278 72.6286 22.5
      vertex 91.5139 72.6027 23.8
      vertex 91.5139 72.6027 22.5
    endloop
  endfacet
  facet normal 0.904051 -0.427425 0
    outer loop
      vertex 91.5 72.5733 23.8
      vertex 91.5139 72.6027 22.5
      vertex 91.5139 72.6027 23.8
    endloop
  endfacet
  facet normal 0.904051 -0.427425 0
    outer loop
      vertex 91.5139 72.6027 22.5
      vertex 91.5 72.5733 23.8
      vertex 91.5 72.5733 22.5
    endloop
  endfacet
  facet normal -0.540758 -0.841178 0
    outer loop
      vertex 131.393 51.7113 22.5
      vertex 131.4 51.7068 23.8
      vertex 131.393 51.7113 23.8
    endloop
  endfacet
  facet normal -0.540758 -0.841178 -0
    outer loop
      vertex 131.4 51.7068 23.8
      vertex 131.393 51.7113 22.5
      vertex 131.4 51.7068 22.5
    endloop
  endfacet
  facet normal -0.468824 -0.883292 0
    outer loop
      vertex 131.367 51.7251 22.5
      vertex 131.393 51.7113 23.8
      vertex 131.367 51.7251 23.8
    endloop
  endfacet
  facet normal -0.468824 -0.883292 -0
    outer loop
      vertex 131.393 51.7113 23.8
      vertex 131.367 51.7251 22.5
      vertex 131.393 51.7113 22.5
    endloop
  endfacet
  facet normal -0.426775 -0.904358 0
    outer loop
      vertex 131.278 51.7671 22.5
      vertex 131.367 51.7251 23.8
      vertex 131.278 51.7671 23.8
    endloop
  endfacet
  facet normal -0.426775 -0.904358 -0
    outer loop
      vertex 131.367 51.7251 23.8
      vertex 131.278 51.7671 22.5
      vertex 131.367 51.7251 22.5
    endloop
  endfacet
  facet normal -0.383157 -0.923683 0
    outer loop
      vertex 131.251 51.7783 22.5
      vertex 131.278 51.7671 23.8
      vertex 131.251 51.7783 23.8
    endloop
  endfacet
  facet normal -0.383157 -0.923683 -0
    outer loop
      vertex 131.278 51.7671 23.8
      vertex 131.251 51.7783 22.5
      vertex 131.278 51.7671 22.5
    endloop
  endfacet
  facet normal -0.335309 -0.942108 0
    outer loop
      vertex 131.158 51.8114 22.5
      vertex 131.251 51.7783 23.8
      vertex 131.158 51.8114 23.8
    endloop
  endfacet
  facet normal -0.335309 -0.942108 -0
    outer loop
      vertex 131.251 51.7783 23.8
      vertex 131.158 51.8114 22.5
      vertex 131.251 51.7783 22.5
    endloop
  endfacet
  facet normal -0.293606 -0.955927 0
    outer loop
      vertex 131.13 51.82 22.5
      vertex 131.158 51.8114 23.8
      vertex 131.13 51.82 23.8
    endloop
  endfacet
  facet normal -0.293606 -0.955927 -0
    outer loop
      vertex 131.158 51.8114 23.8
      vertex 131.13 51.82 22.5
      vertex 131.158 51.8114 22.5
    endloop
  endfacet
  facet normal -0.243016 -0.970022 0
    outer loop
      vertex 131.035 51.8438 22.5
      vertex 131.13 51.82 23.8
      vertex 131.035 51.8438 23.8
    endloop
  endfacet
  facet normal -0.243016 -0.970022 -0
    outer loop
      vertex 131.13 51.82 23.8
      vertex 131.035 51.8438 22.5
      vertex 131.13 51.82 22.5
    endloop
  endfacet
  facet normal -0.192862 -0.981226 0
    outer loop
      vertex 131.006 51.8495 22.5
      vertex 131.035 51.8438 23.8
      vertex 131.006 51.8495 23.8
    endloop
  endfacet
  facet normal -0.192862 -0.981226 -0
    outer loop
      vertex 131.035 51.8438 23.8
      vertex 131.006 51.8495 22.5
      vertex 131.035 51.8438 22.5
    endloop
  endfacet
  facet normal -0.146844 -0.98916 0
    outer loop
      vertex 130.909 51.8639 22.5
      vertex 131.006 51.8495 23.8
      vertex 130.909 51.8639 23.8
    endloop
  endfacet
  facet normal -0.146844 -0.98916 -0
    outer loop
      vertex 131.006 51.8495 23.8
      vertex 130.909 51.8639 22.5
      vertex 131.006 51.8495 22.5
    endloop
  endfacet
  facet normal -0.0995037 -0.995037 0
    outer loop
      vertex 130.88 51.8668 22.5
      vertex 130.909 51.8639 23.8
      vertex 130.88 51.8668 23.8
    endloop
  endfacet
  facet normal -0.0995037 -0.995037 -0
    outer loop
      vertex 130.909 51.8639 23.8
      vertex 130.88 51.8668 22.5
      vertex 130.909 51.8639 22.5
    endloop
  endfacet
  facet normal -0.0499376 -0.998752 0
    outer loop
      vertex 130.782 51.8717 22.5
      vertex 130.88 51.8668 23.8
      vertex 130.782 51.8717 23.8
    endloop
  endfacet
  facet normal -0.0499376 -0.998752 -0
    outer loop
      vertex 130.88 51.8668 23.8
      vertex 130.782 51.8717 22.5
      vertex 130.88 51.8668 22.5
    endloop
  endfacet
  facet normal -0.019996 -0.9998 0
    outer loop
      vertex 130.767 51.872 22.5
      vertex 130.782 51.8717 23.8
      vertex 130.767 51.872 23.8
    endloop
  endfacet
  facet normal -0.019996 -0.9998 -0
    outer loop
      vertex 130.782 51.8717 23.8
      vertex 130.767 51.872 22.5
      vertex 130.782 51.8717 22.5
    endloop
  endfacet
  facet normal 0 -1 0
    outer loop
      vertex 129.6 51.872 22.5
      vertex 130.767 51.872 23.8
      vertex 129.6 51.872 23.8
    endloop
  endfacet
  facet normal 0 -1 -0
    outer loop
      vertex 130.767 51.872 23.8
      vertex 129.6 51.872 22.5
      vertex 130.767 51.872 22.5
    endloop
  endfacet
  facet normal 0.902861 0.429934 0
    outer loop
      vertex 129.614 66.6413 23.8
      vertex 129.6 66.6707 22.5
      vertex 129.6 66.6707 23.8
    endloop
  endfacet
  facet normal 0.902861 0.429934 0
    outer loop
      vertex 129.6 66.6707 22.5
      vertex 129.614 66.6413 23.8
      vertex 129.614 66.6413 22.5
    endloop
  endfacet
  facet normal 0.879707 0.475517 0
    outer loop
      vertex 129.628 66.6154 23.8
      vertex 129.614 66.6413 22.5
      vertex 129.614 66.6413 23.8
    endloop
  endfacet
  facet normal 0.879707 0.475517 0
    outer loop
      vertex 129.614 66.6413 22.5
      vertex 129.628 66.6154 23.8
      vertex 129.628 66.6154 22.5
    endloop
  endfacet
  facet normal 0.859827 0.510586 0
    outer loop
      vertex 129.678 66.5312 23.8
      vertex 129.628 66.6154 22.5
      vertex 129.628 66.6154 23.8
    endloop
  endfacet
  facet normal 0.859827 0.510586 0
    outer loop
      vertex 129.628 66.6154 22.5
      vertex 129.678 66.5312 23.8
      vertex 129.678 66.5312 22.5
    endloop
  endfacet
  facet normal 0.821588 0.570082 0
    outer loop
      vertex 129.695 66.5067 23.8
      vertex 129.678 66.5312 22.5
      vertex 129.678 66.5312 23.8
    endloop
  endfacet
  facet normal 0.821588 0.570082 0
    outer loop
      vertex 129.678 66.5312 22.5
      vertex 129.695 66.5067 23.8
      vertex 129.695 66.5067 22.5
    endloop
  endfacet
  facet normal 0.805364 0.592781 0
    outer loop
      vertex 129.753 66.4279 23.8
      vertex 129.695 66.5067 22.5
      vertex 129.695 66.5067 23.8
    endloop
  endfacet
  facet normal 0.805364 0.592781 0
    outer loop
      vertex 129.695 66.5067 22.5
      vertex 129.753 66.4279 23.8
      vertex 129.753 66.4279 22.5
    endloop
  endfacet
  facet normal 0.766835 0.641844 0
    outer loop
      vertex 129.772 66.4052 23.8
      vertex 129.753 66.4279 22.5
      vertex 129.753 66.4279 23.8
    endloop
  endfacet
  facet normal 0.766835 0.641844 0
    outer loop
      vertex 129.753 66.4279 22.5
      vertex 129.772 66.4052 23.8
      vertex 129.772 66.4052 22.5
    endloop
  endfacet
  facet normal 0.740401 0.672166 0
    outer loop
      vertex 129.838 66.3325 23.8
      vertex 129.772 66.4052 22.5
      vertex 129.772 66.4052 23.8
    endloop
  endfacet
  facet normal 0.740401 0.672166 0
    outer loop
      vertex 129.772 66.4052 22.5
      vertex 129.838 66.3325 23.8
      vertex 129.838 66.3325 22.5
    endloop
  endfacet
  facet normal 0.722492 0.69138 0
    outer loop
      vertex 129.858 66.3116 23.8
      vertex 129.838 66.3325 22.5
      vertex 129.838 66.3325 23.8
    endloop
  endfacet
  facet normal 0.722492 0.69138 0
    outer loop
      vertex 129.838 66.3325 22.5
      vertex 129.858 66.3116 23.8
      vertex 129.858 66.3116 22.5
    endloop
  endfacet
  facet normal 0.670088 0.742282 -0
    outer loop
      vertex 129.931 66.2457 22.5
      vertex 129.858 66.3116 23.8
      vertex 129.931 66.2457 23.8
    endloop
  endfacet
  facet normal 0.670088 0.742282 0
    outer loop
      vertex 129.858 66.3116 23.8
      vertex 129.931 66.2457 22.5
      vertex 129.858 66.3116 22.5
    endloop
  endfacet
  facet normal 0.630847 0.775908 -0
    outer loop
      vertex 129.954 66.227 22.5
      vertex 129.931 66.2457 23.8
      vertex 129.954 66.227 23.8
    endloop
  endfacet
  facet normal 0.630847 0.775908 0
    outer loop
      vertex 129.931 66.2457 23.8
      vertex 129.954 66.227 22.5
      vertex 129.931 66.2457 22.5
    endloop
  endfacet
  facet normal 0.594448 0.804134 -0
    outer loop
      vertex 130.033 66.1686 22.5
      vertex 129.954 66.227 23.8
      vertex 130.033 66.1686 23.8
    endloop
  endfacet
  facet normal 0.594448 0.804134 0
    outer loop
      vertex 129.954 66.227 23.8
      vertex 130.033 66.1686 22.5
      vertex 129.954 66.227 22.5
    endloop
  endfacet
  facet normal 0.564191 0.825645 -0
    outer loop
      vertex 130.057 66.1522 22.5
      vertex 130.033 66.1686 23.8
      vertex 130.057 66.1522 23.8
    endloop
  endfacet
  facet normal 0.564191 0.825645 0
    outer loop
      vertex 130.033 66.1686 23.8
      vertex 130.057 66.1522 22.5
      vertex 130.033 66.1686 22.5
    endloop
  endfacet
  facet normal 0.514496 0.857493 -0
    outer loop
      vertex 130.141 66.1018 22.5
      vertex 130.057 66.1522 23.8
      vertex 130.141 66.1018 23.8
    endloop
  endfacet
  facet normal 0.514496 0.857493 0
    outer loop
      vertex 130.057 66.1522 23.8
      vertex 130.141 66.1018 22.5
      vertex 130.057 66.1522 22.5
    endloop
  endfacet
  facet normal 0.471468 0.881883 -0
    outer loop
      vertex 130.167 66.0879 22.5
      vertex 130.141 66.1018 23.8
      vertex 130.167 66.0879 23.8
    endloop
  endfacet
  facet normal 0.471468 0.881883 0
    outer loop
      vertex 130.141 66.1018 23.8
      vertex 130.167 66.0879 22.5
      vertex 130.141 66.1018 22.5
    endloop
  endfacet
  facet normal 0.426775 0.904358 -0
    outer loop
      vertex 130.256 66.0459 22.5
      vertex 130.167 66.0879 23.8
      vertex 130.256 66.0459 23.8
    endloop
  endfacet
  facet normal 0.426775 0.904358 0
    outer loop
      vertex 130.167 66.0879 23.8
      vertex 130.256 66.0459 22.5
      vertex 130.167 66.0879 22.5
    endloop
  endfacet
  facet normal 0.383157 0.923683 -0
    outer loop
      vertex 130.283 66.0347 22.5
      vertex 130.256 66.0459 23.8
      vertex 130.283 66.0347 23.8
    endloop
  endfacet
  facet normal 0.383157 0.923683 0
    outer loop
      vertex 130.256 66.0459 23.8
      vertex 130.283 66.0347 22.5
      vertex 130.256 66.0459 22.5
    endloop
  endfacet
  facet normal 0.335309 0.942108 -0
    outer loop
      vertex 130.376 66.0016 22.5
      vertex 130.283 66.0347 23.8
      vertex 130.376 66.0016 23.8
    endloop
  endfacet
  facet normal 0.335309 0.942108 0
    outer loop
      vertex 130.283 66.0347 23.8
      vertex 130.376 66.0016 22.5
      vertex 130.283 66.0347 22.5
    endloop
  endfacet
  facet normal 0.290482 0.956881 -0
    outer loop
      vertex 130.404 65.9931 22.5
      vertex 130.376 66.0016 23.8
      vertex 130.404 65.9931 23.8
    endloop
  endfacet
  facet normal 0.290482 0.956881 0
    outer loop
      vertex 130.376 66.0016 23.8
      vertex 130.404 65.9931 22.5
      vertex 130.376 66.0016 22.5
    endloop
  endfacet
  facet normal 0.243977 0.969781 -0
    outer loop
      vertex 130.499 65.9692 22.5
      vertex 130.404 65.9931 23.8
      vertex 130.499 65.9692 23.8
    endloop
  endfacet
  facet normal 0.243977 0.969781 0
    outer loop
      vertex 130.404 65.9931 23.8
      vertex 130.499 65.9692 22.5
      vertex 130.404 65.9931 22.5
    endloop
  endfacet
  facet normal 0.192862 0.981226 -0
    outer loop
      vertex 130.528 65.9635 22.5
      vertex 130.499 65.9692 23.8
      vertex 130.528 65.9635 23.8
    endloop
  endfacet
  facet normal 0.192862 0.981226 0
    outer loop
      vertex 130.499 65.9692 23.8
      vertex 130.528 65.9635 22.5
      vertex 130.499 65.9692 22.5
    endloop
  endfacet
  facet normal 0.146844 0.98916 -0
    outer loop
      vertex 130.625 65.9491 22.5
      vertex 130.528 65.9635 23.8
      vertex 130.625 65.9491 23.8
    endloop
  endfacet
  facet normal 0.146844 0.98916 0
    outer loop
      vertex 130.528 65.9635 23.8
      vertex 130.625 65.9491 22.5
      vertex 130.528 65.9635 22.5
    endloop
  endfacet
  facet normal 0.0995037 0.995037 -0
    outer loop
      vertex 130.654 65.9462 22.5
      vertex 130.625 65.9491 23.8
      vertex 130.654 65.9462 23.8
    endloop
  endfacet
  facet normal 0.0995037 0.995037 0
    outer loop
      vertex 130.625 65.9491 23.8
      vertex 130.654 65.9462 22.5
      vertex 130.625 65.9491 22.5
    endloop
  endfacet
  facet normal 0.0489209 0.998803 -0
    outer loop
      vertex 130.752 65.9414 22.5
      vertex 130.654 65.9462 23.8
      vertex 130.752 65.9414 23.8
    endloop
  endfacet
  facet normal 0.0489209 0.998803 0
    outer loop
      vertex 130.654 65.9462 23.8
      vertex 130.752 65.9414 22.5
      vertex 130.654 65.9462 22.5
    endloop
  endfacet
  facet normal 0.0266572 0.999645 -0
    outer loop
      vertex 130.767 65.941 22.5
      vertex 130.752 65.9414 23.8
      vertex 130.767 65.941 23.8
    endloop
  endfacet
  facet normal 0.0266572 0.999645 0
    outer loop
      vertex 130.752 65.9414 23.8
      vertex 130.767 65.941 22.5
      vertex 130.752 65.9414 22.5
    endloop
  endfacet
  facet normal 0 1 -0
    outer loop
      vertex 131.4 65.941 22.5
      vertex 130.767 65.941 23.8
      vertex 131.4 65.941 23.8
    endloop
  endfacet
  facet normal 0 1 0
    outer loop
      vertex 130.767 65.941 23.8
      vertex 131.4 65.941 22.5
      vertex 130.767 65.941 22.5
    endloop
  endfacet
  facet normal 0 0 -1
    outer loop
      vertex 91.5 52.3827 21.3
      vertex 93.3 51.653 21.3
      vertex 92.667 51.653 21.3
    endloop
  endfacet
  facet normal 0 0 -1
    outer loop
      vertex 93.3 51.653 21.3
      vertex 91.5 52.3827 21.3
      vertex 93.3 73.303 21.3
    endloop
  endfacet
  facet normal 0 0 -1
    outer loop
      vertex 91.5 52.3827 21.3
      vertex 92.667 51.653 21.3
      vertex 92.6523 51.6534 21.3
    endloop
  endfacet
  facet normal 0 0 -1
    outer loop
      vertex 91.5 72.5733 21.3
      vertex 93.3 73.303 21.3
      vertex 91.5 52.3827 21.3
    endloop
  endfacet
  facet normal 0 0 -1
    outer loop
      vertex 91.5 52.3827 21.3
      vertex 92.6523 51.6534 21.3
      vertex 92.5543 51.6582 21.3
    endloop
  endfacet
  facet normal -0 0 -1
    outer loop
      vertex 93.3 73.303 21.3
      vertex 91.5 72.5733 21.3
      vertex 92.667 73.303 21.3
    endloop
  endfacet
  facet normal 0 0 -1
    outer loop
      vertex 91.5 52.3827 21.3
      vertex 92.5543 51.6582 21.3
      vertex 92.5249 51.6611 21.3
    endloop
  endfacet
  facet normal 0 0 -1
    outer loop
      vertex 92.667 73.303 21.3
      vertex 91.5 72.5733 21.3
      vertex 92.6523 73.3026 21.3
    endloop
  endfacet
  facet normal 0 0 -1
    outer loop
      vertex 91.5 52.3827 21.3
      vertex 92.5249 51.6611 21.3
      vertex 92.4279 51.6755 21.3
    endloop
  endfacet
  facet normal 0 0 -1
    outer loop
      vertex 92.6523 73.3026 21.3
      vertex 91.5 72.5733 21.3
      vertex 92.5542 73.2978 21.3
    endloop
  endfacet
  facet normal 0 0 -1
    outer loop
      vertex 92.5249 73.2949 21.3
      vertex 91.5 72.5733 21.3
      vertex 92.4279 73.2805 21.3
    endloop
  endfacet
  facet normal 0 0 -1
    outer loop
      vertex 91.5 52.3827 21.3
      vertex 92.4279 51.6755 21.3
      vertex 92.399 51.6812 21.3
    endloop
  endfacet
  facet normal 0 0 -1
    outer loop
      vertex 92.4279 73.2805 21.3
      vertex 91.5 72.5733 21.3
      vertex 92.399 73.2748 21.3
    endloop
  endfacet
  facet normal 0 0 -1
    outer loop
      vertex 91.5 52.3827 21.3
      vertex 92.399 51.6812 21.3
      vertex 92.3038 51.7051 21.3
    endloop
  endfacet
  facet normal 0 0 -1
    outer loop
      vertex 91.5 52.3827 21.3
      vertex 92.3038 51.7051 21.3
      vertex 92.2757 51.7136 21.3
    endloop
  endfacet
  facet normal 0 0 -1
    outer loop
      vertex 92.5542 73.2978 21.3
      vertex 91.5 72.5733 21.3
      vertex 92.5249 73.2949 21.3
    endloop
  endfacet
  facet normal 0 0 -1
    outer loop
      vertex 91.5 52.3827 21.3
      vertex 92.2757 51.7136 21.3
      vertex 92.1833 51.7467 21.3
    endloop
  endfacet
  facet normal 0 0 -1
    outer loop
      vertex 92.399 73.2748 21.3
      vertex 91.5 72.5733 21.3
      vertex 92.3038 73.251 21.3
    endloop
  endfacet
  facet normal 0 0 -1
    outer loop
      vertex 91.5 52.3827 21.3
      vertex 92.1833 51.7467 21.3
      vertex 92.156 51.7579 21.3
    endloop
  endfacet
  facet normal 0 0 -1
    outer loop
      vertex 92.3038 73.251 21.3
      vertex 91.5 72.5733 21.3
      vertex 92.2756 73.2424 21.3
    endloop
  endfacet
  facet normal 0 0 -1
    outer loop
      vertex 91.5 52.3827 21.3
      vertex 92.156 51.7579 21.3
      vertex 92.0673 51.7999 21.3
    endloop
  endfacet
  facet normal 0 0 -1
    outer loop
      vertex 92.2756 73.2424 21.3
      vertex 91.5 72.5733 21.3
      vertex 92.1832 73.2093 21.3
    endloop
  endfacet
  facet normal 0 0 -1
    outer loop
      vertex 92.156 73.1981 21.3
      vertex 91.5 72.5733 21.3
      vertex 92.0673 73.1561 21.3
    endloop
  endfacet
  facet normal 0 0 -1
    outer loop
      vertex 91.5 52.3827 21.3
      vertex 92.0673 51.7999 21.3
      vertex 92.0413 51.8138 21.3
    endloop
  endfacet
  facet normal 0 0 -1
    outer loop
      vertex 92.0673 73.1561 21.3
      vertex 91.5 72.5733 21.3
      vertex 92.0414 73.1422 21.3
    endloop
  endfacet
  facet normal 0 0 -1
    outer loop
      vertex 91.5 52.3827 21.3
      vertex 92.0413 51.8138 21.3
      vertex 91.9572 51.8642 21.3
    endloop
  endfacet
  facet normal 0 0 -1
    outer loop
      vertex 91.5 52.3827 21.3
      vertex 91.9572 51.8642 21.3
      vertex 91.9327 51.8806 21.3
    endloop
  endfacet
  facet normal 0 0 -1
    outer loop
      vertex 92.1832 73.2093 21.3
      vertex 91.5 72.5733 21.3
      vertex 92.156 73.1981 21.3
    endloop
  endfacet
  facet normal 0 0 -1
    outer loop
      vertex 91.5 52.3827 21.3
      vertex 91.9327 51.8806 21.3
      vertex 91.8539 51.939 21.3
    endloop
  endfacet
  facet normal 0 0 -1
    outer loop
      vertex 92.0414 73.1422 21.3
      vertex 91.5 72.5733 21.3
      vertex 91.9572 73.0918 21.3
    endloop
  endfacet
  facet normal 0 0 -1
    outer loop
      vertex 91.5 52.3827 21.3
      vertex 91.8539 51.939 21.3
      vertex 91.8312 51.9577 21.3
    endloop
  endfacet
  facet normal 0 0 -1
    outer loop
      vertex 91.9572 73.0918 21.3
      vertex 91.5 72.5733 21.3
      vertex 91.9327 73.0754 21.3
    endloop
  endfacet
  facet normal 0 0 -1
    outer loop
      vertex 91.5 52.3827 21.3
      vertex 91.8312 51.9577 21.3
      vertex 91.7585 52.0236 21.3
    endloop
  endfacet
  facet normal 0 0 -1
    outer loop
      vertex 91.9327 73.0754 21.3
      vertex 91.5 72.5733 21.3
      vertex 91.8539 73.017 21.3
    endloop
  endfacet
  facet normal 0 0 -1
    outer loop
      vertex 91.5 52.3827 21.3
      vertex 91.7585 52.0236 21.3
      vertex 91.7376 52.0444 21.3
    endloop
  endfacet
  facet normal 0 0 -1
    outer loop
      vertex 91.8539 73.017 21.3
      vertex 91.5 72.5733 21.3
      vertex 91.8312 72.9983 21.3
    endloop
  endfacet
  facet normal 0 0 -1
    outer loop
      vertex 91.5 52.3827 21.3
      vertex 91.7376 52.0444 21.3
      vertex 91.6717 52.1171 21.3
    endloop
  endfacet
  facet normal 0 0 -1
    outer loop
      vertex 91.8312 72.9983 21.3
      vertex 91.5 72.5733 21.3
      vertex 91.7585 72.9324 21.3
    endloop
  endfacet
  facet normal 0 0 -1
    outer loop
      vertex 91.7376 72.9116 21.3
      vertex 91.5 72.5733 21.3
      vertex 91.6717 72.8388 21.3
    endloop
  endfacet
  facet normal 0 0 -1
    outer loop
      vertex 91.5 52.3827 21.3
      vertex 91.6717 52.1171 21.3
      vertex 91.653 52.1399 21.3
    endloop
  endfacet
  facet normal 0 0 -1
    outer loop
      vertex 91.6717 72.8388 21.3
      vertex 91.5 72.5733 21.3
      vertex 91.653 72.8161 21.3
    endloop
  endfacet
  facet normal 0 0 -1
    outer loop
      vertex 91.5 52.3827 21.3
      vertex 91.653 52.1399 21.3
      vertex 91.5946 52.2187 21.3
    endloop
  endfacet
  facet normal 0 0 -1
    outer loop
      vertex 91.5 52.3827 21.3
      vertex 91.5946 52.2187 21.3
      vertex 91.5782 52.2432 21.3
    endloop
  endfacet
  facet normal 0 0 -1
    outer loop
      vertex 91.7585 72.9324 21.3
      vertex 91.5 72.5733 21.3
      vertex 91.7376 72.9116 21.3
    endloop
  endfacet
  facet normal 0 0 -1
    outer loop
      vertex 91.5 52.3827 21.3
      vertex 91.5782 52.2432 21.3
      vertex 91.5278 52.3274 21.3
    endloop
  endfacet
  facet normal 0 0 -1
    outer loop
      vertex 91.653 72.8161 21.3
      vertex 91.5 72.5733 21.3
      vertex 91.5946 72.7373 21.3
    endloop
  endfacet
  facet normal 0 0 -1
    outer loop
      vertex 91.5 52.3827 21.3
      vertex 91.5278 52.3274 21.3
      vertex 91.5139 52.3533 21.3
    endloop
  endfacet
  facet normal 0 0 -1
    outer loop
      vertex 91.5946 72.7373 21.3
      vertex 91.5 72.5733 21.3
      vertex 91.5782 72.7128 21.3
    endloop
  endfacet
  facet normal 0 0 -1
    outer loop
      vertex 91.5782 72.7128 21.3
      vertex 91.5 72.5733 21.3
      vertex 91.5278 72.6286 21.3
    endloop
  endfacet
  facet normal 0 0 -1
    outer loop
      vertex 91.5278 72.6286 21.3
      vertex 91.5 72.5733 21.3
      vertex 91.5139 72.6027 21.3
    endloop
  endfacet
  facet normal 0 0 -1
    outer loop
      vertex 129.6 47.6197 21.3
      vertex 131.4 51.7068 21.3
      vertex 131.4 46.89 21.3
    endloop
  endfacet
  facet normal 0 -0 -1
    outer loop
      vertex 130.767 51.872 21.3
      vertex 131.4 51.7068 21.3
      vertex 129.6 47.6197 21.3
    endloop
  endfacet
  facet normal -0 -0 -1
    outer loop
      vertex 130.782 51.8717 21.3
      vertex 131.4 51.7068 21.3
      vertex 130.767 51.872 21.3
    endloop
  endfacet
  facet normal -0 -0 -1
    outer loop
      vertex 131.367 51.7251 21.3
      vertex 131.4 51.7068 21.3
      vertex 130.782 51.8717 21.3
    endloop
  endfacet
  facet normal 0 0 -1
    outer loop
      vertex 131.4 51.7068 21.3
      vertex 131.367 51.7251 21.3
      vertex 131.393 51.7113 21.3
    endloop
  endfacet
  facet normal 0 0 -1
    outer loop
      vertex 131.367 51.7251 21.3
      vertex 130.782 51.8717 21.3
      vertex 131.278 51.7671 21.3
    endloop
  endfacet
  facet normal 0 0 -1
    outer loop
      vertex 131.278 51.7671 21.3
      vertex 130.782 51.8717 21.3
      vertex 131.251 51.7783 21.3
    endloop
  endfacet
  facet normal 0 0 -1
    outer loop
      vertex 131.251 51.7783 21.3
      vertex 130.782 51.8717 21.3
      vertex 131.158 51.8114 21.3
    endloop
  endfacet
  facet normal 0 0 -1
    outer loop
      vertex 131.158 51.8114 21.3
      vertex 130.782 51.8717 21.3
      vertex 131.13 51.82 21.3
    endloop
  endfacet
  facet normal 0 0 -1
    outer loop
      vertex 131.13 51.82 21.3
      vertex 130.782 51.8717 21.3
      vertex 131.035 51.8438 21.3
    endloop
  endfacet
  facet normal 0 0 -1
    outer loop
      vertex 131.006 51.8495 21.3
      vertex 130.782 51.8717 21.3
      vertex 130.909 51.8639 21.3
    endloop
  endfacet
  facet normal 0 0 -1
    outer loop
      vertex 129.6 47.6197 21.3
      vertex 131.4 46.89 21.3
      vertex 130.767 46.89 21.3
    endloop
  endfacet
  facet normal 0 0 -1
    outer loop
      vertex 130.909 51.8639 21.3
      vertex 130.782 51.8717 21.3
      vertex 130.88 51.8668 21.3
    endloop
  endfacet
  facet normal 0 0 -1
    outer loop
      vertex 129.6 47.6197 21.3
      vertex 130.767 46.89 21.3
      vertex 130.752 46.8904 21.3
    endloop
  endfacet
  facet normal 0 0 -1
    outer loop
      vertex 129.6 47.6197 21.3
      vertex 130.752 46.8904 21.3
      vertex 130.654 46.8952 21.3
    endloop
  endfacet
  facet normal 0 0 -1
    outer loop
      vertex 129.6 47.6197 21.3
      vertex 130.654 46.8952 21.3
      vertex 130.625 46.8981 21.3
    endloop
  endfacet
  facet normal 0 0 -1
    outer loop
      vertex 129.6 47.6197 21.3
      vertex 130.625 46.8981 21.3
      vertex 130.528 46.9125 21.3
    endloop
  endfacet
  facet normal 0 0 -1
    outer loop
      vertex 129.6 47.6197 21.3
      vertex 130.528 46.9125 21.3
      vertex 130.499 46.9182 21.3
    endloop
  endfacet
  facet normal 0 0 -1
    outer loop
      vertex 129.6 47.6197 21.3
      vertex 130.499 46.9182 21.3
      vertex 130.404 46.9421 21.3
    endloop
  endfacet
  facet normal 0 0 -1
    outer loop
      vertex 129.6 47.6197 21.3
      vertex 130.404 46.9421 21.3
      vertex 130.376 46.9506 21.3
    endloop
  endfacet
  facet normal 0 0 -1
    outer loop
      vertex 129.6 47.6197 21.3
      vertex 130.376 46.9506 21.3
      vertex 130.283 46.9837 21.3
    endloop
  endfacet
  facet normal 0 0 -1
    outer loop
      vertex 129.6 47.6197 21.3
      vertex 130.283 46.9837 21.3
      vertex 130.256 46.9949 21.3
    endloop
  endfacet
  facet normal 0 0 -1
    outer loop
      vertex 129.6 47.6197 21.3
      vertex 130.256 46.9949 21.3
      vertex 130.167 47.0369 21.3
    endloop
  endfacet
  facet normal 0 0 -1
    outer loop
      vertex 129.6 47.6197 21.3
      vertex 130.167 47.0369 21.3
      vertex 130.141 47.0508 21.3
    endloop
  endfacet
  facet normal 0 0 -1
    outer loop
      vertex 129.6 47.6197 21.3
      vertex 130.141 47.0508 21.3
      vertex 130.057 47.1012 21.3
    endloop
  endfacet
  facet normal 0 0 -1
    outer loop
      vertex 129.6 47.6197 21.3
      vertex 130.057 47.1012 21.3
      vertex 130.033 47.1176 21.3
    endloop
  endfacet
  facet normal 0 0 -1
    outer loop
      vertex 129.6 47.6197 21.3
      vertex 130.033 47.1176 21.3
      vertex 129.954 47.176 21.3
    endloop
  endfacet
  facet normal 0 0 -1
    outer loop
      vertex 129.6 47.6197 21.3
      vertex 129.954 47.176 21.3
      vertex 129.931 47.1947 21.3
    endloop
  endfacet
  facet normal 0 0 -1
    outer loop
      vertex 129.6 47.6197 21.3
      vertex 129.931 47.1947 21.3
      vertex 129.858 47.2606 21.3
    endloop
  endfacet
  facet normal 0 0 -1
    outer loop
      vertex 129.6 47.6197 21.3
      vertex 129.858 47.2606 21.3
      vertex 129.838 47.2814 21.3
    endloop
  endfacet
  facet normal 0 0 -1
    outer loop
      vertex 129.6 47.6197 21.3
      vertex 129.838 47.2814 21.3
      vertex 129.772 47.3541 21.3
    endloop
  endfacet
  facet normal 0 0 -1
    outer loop
      vertex 129.6 47.6197 21.3
      vertex 129.772 47.3541 21.3
      vertex 129.753 47.3769 21.3
    endloop
  endfacet
  facet normal 0 0 -1
    outer loop
      vertex 129.6 47.6197 21.3
      vertex 129.753 47.3769 21.3
      vertex 129.695 47.4557 21.3
    endloop
  endfacet
  facet normal 0 0 -1
    outer loop
      vertex 129.6 47.6197 21.3
      vertex 129.695 47.4557 21.3
      vertex 129.678 47.4802 21.3
    endloop
  endfacet
  facet normal 0 0 -1
    outer loop
      vertex 129.6 47.6197 21.3
      vertex 129.678 47.4802 21.3
      vertex 129.628 47.5643 21.3
    endloop
  endfacet
  facet normal 0 0 -1
    outer loop
      vertex 129.6 47.6197 21.3
      vertex 129.628 47.5643 21.3
      vertex 129.614 47.5903 21.3
    endloop
  endfacet
  facet normal 0 0 -1
    outer loop
      vertex 131.035 51.8438 21.3
      vertex 130.782 51.8717 21.3
      vertex 131.006 51.8495 21.3
    endloop
  endfacet
  facet normal -0 0 -1
    outer loop
      vertex 130.767 51.872 21.3
      vertex 129.6 47.6197 21.3
      vertex 129.6 51.872 21.3
    endloop
  endfacet
  facet normal 0 0 -1
    outer loop
      vertex 129.6 66.6707 21.3
      vertex 131.4 89.8068 21.3
      vertex 131.4 65.941 21.3
    endloop
  endfacet
  facet normal 0 0 -1
    outer loop
      vertex 129.6 89.972 21.3
      vertex 131.4 89.8068 21.3
      vertex 129.6 66.6707 21.3
    endloop
  endfacet
  facet normal -0 -0 -1
    outer loop
      vertex 130.767 89.972 21.3
      vertex 131.4 89.8068 21.3
      vertex 129.6 89.972 21.3
    endloop
  endfacet
  facet normal -0 -0 -1
    outer loop
      vertex 130.782 89.9716 21.3
      vertex 131.4 89.8068 21.3
      vertex 130.767 89.972 21.3
    endloop
  endfacet
  facet normal -0 -0 -1
    outer loop
      vertex 131.367 89.8251 21.3
      vertex 131.4 89.8068 21.3
      vertex 130.782 89.9716 21.3
    endloop
  endfacet
  facet normal 0 0 -1
    outer loop
      vertex 131.4 89.8068 21.3
      vertex 131.367 89.8251 21.3
      vertex 131.393 89.8112 21.3
    endloop
  endfacet
  facet normal 0 0 -1
    outer loop
      vertex 131.367 89.8251 21.3
      vertex 130.782 89.9716 21.3
      vertex 131.278 89.8671 21.3
    endloop
  endfacet
  facet normal 0 0 -1
    outer loop
      vertex 131.278 89.8671 21.3
      vertex 130.782 89.9716 21.3
      vertex 131.251 89.8783 21.3
    endloop
  endfacet
  facet normal 0 0 -1
    outer loop
      vertex 131.251 89.8783 21.3
      vertex 130.782 89.9716 21.3
      vertex 131.158 89.9114 21.3
    endloop
  endfacet
  facet normal 0 0 -1
    outer loop
      vertex 131.158 89.9114 21.3
      vertex 130.782 89.9716 21.3
      vertex 131.13 89.9199 21.3
    endloop
  endfacet
  facet normal 0 0 -1
    outer loop
      vertex 131.035 89.9438 21.3
      vertex 130.782 89.9716 21.3
      vertex 131.006 89.9495 21.3
    endloop
  endfacet
  facet normal 0 0 -1
    outer loop
      vertex 129.6 66.6707 21.3
      vertex 131.4 65.941 21.3
      vertex 130.767 65.941 21.3
    endloop
  endfacet
  facet normal 0 0 -1
    outer loop
      vertex 131.006 89.9495 21.3
      vertex 130.782 89.9716 21.3
      vertex 130.909 89.9639 21.3
    endloop
  endfacet
  facet normal 0 0 -1
    outer loop
      vertex 129.6 66.6707 21.3
      vertex 130.767 65.941 21.3
      vertex 130.752 65.9414 21.3
    endloop
  endfacet
  facet normal 0 0 -1
    outer loop
      vertex 129.6 66.6707 21.3
      vertex 130.752 65.9414 21.3
      vertex 130.654 65.9462 21.3
    endloop
  endfacet
  facet normal 0 0 -1
    outer loop
      vertex 129.6 66.6707 21.3
      vertex 130.654 65.9462 21.3
      vertex 130.625 65.9491 21.3
    endloop
  endfacet
  facet normal 0 0 -1
    outer loop
      vertex 129.6 66.6707 21.3
      vertex 130.625 65.9491 21.3
      vertex 130.528 65.9635 21.3
    endloop
  endfacet
  facet normal 0 0 -1
    outer loop
      vertex 129.6 66.6707 21.3
      vertex 130.528 65.9635 21.3
      vertex 130.499 65.9692 21.3
    endloop
  endfacet
  facet normal 0 0 -1
    outer loop
      vertex 129.6 66.6707 21.3
      vertex 130.499 65.9692 21.3
      vertex 130.404 65.9931 21.3
    endloop
  endfacet
  facet normal 0 0 -1
    outer loop
      vertex 129.6 66.6707 21.3
      vertex 130.404 65.9931 21.3
      vertex 130.376 66.0016 21.3
    endloop
  endfacet
  facet normal 0 0 -1
    outer loop
      vertex 129.6 66.6707 21.3
      vertex 130.376 66.0016 21.3
      vertex 130.283 66.0347 21.3
    endloop
  endfacet
  facet normal 0 0 -1
    outer loop
      vertex 129.6 66.6707 21.3
      vertex 130.283 66.0347 21.3
      vertex 130.256 66.0459 21.3
    endloop
  endfacet
  facet normal 0 0 -1
    outer loop
      vertex 129.6 66.6707 21.3
      vertex 130.256 66.0459 21.3
      vertex 130.167 66.0879 21.3
    endloop
  endfacet
  facet normal 0 0 -1
    outer loop
      vertex 129.6 66.6707 21.3
      vertex 130.167 66.0879 21.3
      vertex 130.141 66.1018 21.3
    endloop
  endfacet
  facet normal 0 0 -1
    outer loop
      vertex 129.6 66.6707 21.3
      vertex 130.141 66.1018 21.3
      vertex 130.057 66.1522 21.3
    endloop
  endfacet
  facet normal 0 0 -1
    outer loop
      vertex 129.6 66.6707 21.3
      vertex 130.057 66.1522 21.3
      vertex 130.033 66.1686 21.3
    endloop
  endfacet
  facet normal 0 0 -1
    outer loop
      vertex 129.6 66.6707 21.3
      vertex 130.033 66.1686 21.3
      vertex 129.954 66.227 21.3
    endloop
  endfacet
  facet normal 0 0 -1
    outer loop
      vertex 129.6 66.6707 21.3
      vertex 129.954 66.227 21.3
      vertex 129.931 66.2457 21.3
    endloop
  endfacet
  facet normal 0 0 -1
    outer loop
      vertex 129.6 66.6707 21.3
      vertex 129.931 66.2457 21.3
      vertex 129.858 66.3116 21.3
    endloop
  endfacet
  facet normal 0 0 -1
    outer loop
      vertex 129.6 66.6707 21.3
      vertex 129.858 66.3116 21.3
      vertex 129.838 66.3325 21.3
    endloop
  endfacet
  facet normal 0 0 -1
    outer loop
      vertex 129.6 66.6707 21.3
      vertex 129.838 66.3325 21.3
      vertex 129.772 66.4052 21.3
    endloop
  endfacet
  facet normal 0 0 -1
    outer loop
      vertex 129.6 66.6707 21.3
      vertex 129.772 66.4052 21.3
      vertex 129.753 66.4279 21.3
    endloop
  endfacet
  facet normal 0 0 -1
    outer loop
      vertex 129.6 66.6707 21.3
      vertex 129.753 66.4279 21.3
      vertex 129.695 66.5067 21.3
    endloop
  endfacet
  facet normal 0 0 -1
    outer loop
      vertex 129.6 66.6707 21.3
      vertex 129.695 66.5067 21.3
      vertex 129.678 66.5312 21.3
    endloop
  endfacet
  facet normal 0 0 -1
    outer loop
      vertex 129.6 66.6707 21.3
      vertex 129.678 66.5312 21.3
      vertex 129.628 66.6154 21.3
    endloop
  endfacet
  facet normal 0 0 -1
    outer loop
      vertex 129.6 66.6707 21.3
      vertex 129.628 66.6154 21.3
      vertex 129.614 66.6413 21.3
    endloop
  endfacet
  facet normal 0 0 -1
    outer loop
      vertex 130.909 89.9639 21.3
      vertex 130.782 89.9716 21.3
      vertex 130.88 89.9668 21.3
    endloop
  endfacet
  facet normal 0 0 -1
    outer loop
      vertex 131.13 89.9199 21.3
      vertex 130.782 89.9716 21.3
      vertex 131.035 89.9438 21.3
    endloop
  endfacet
  facet normal 0 0 -1
    outer loop
      vertex 129.6 123.821 21.3
      vertex 131.4 127.907 21.3
      vertex 131.4 123.091 21.3
    endloop
  endfacet
  facet normal 0 -0 -1
    outer loop
      vertex 130.767 128.072 21.3
      vertex 131.4 127.907 21.3
      vertex 129.6 123.821 21.3
    endloop
  endfacet
  facet normal -0 -0 -1
    outer loop
      vertex 130.782 128.072 21.3
      vertex 131.4 127.907 21.3
      vertex 130.767 128.072 21.3
    endloop
  endfacet
  facet normal -0 -0 -1
    outer loop
      vertex 131.367 127.925 21.3
      vertex 131.4 127.907 21.3
      vertex 130.782 128.072 21.3
    endloop
  endfacet
  facet normal 0 0 -1
    outer loop
      vertex 131.4 127.907 21.3
      vertex 131.367 127.925 21.3
      vertex 131.393 127.911 21.3
    endloop
  endfacet
  facet normal 0 0 -1
    outer loop
      vertex 131.367 127.925 21.3
      vertex 130.782 128.072 21.3
      vertex 131.278 127.967 21.3
    endloop
  endfacet
  facet normal 0 0 -1
    outer loop
      vertex 131.278 127.967 21.3
      vertex 130.782 128.072 21.3
      vertex 131.251 127.978 21.3
    endloop
  endfacet
  facet normal 0 0 -1
    outer loop
      vertex 131.251 127.978 21.3
      vertex 130.782 128.072 21.3
      vertex 131.158 128.011 21.3
    endloop
  endfacet
  facet normal 0 0 -1
    outer loop
      vertex 131.158 128.011 21.3
      vertex 130.782 128.072 21.3
      vertex 131.13 128.02 21.3
    endloop
  endfacet
  facet normal 0 0 -1
    outer loop
      vertex 131.13 128.02 21.3
      vertex 130.782 128.072 21.3
      vertex 131.035 128.044 21.3
    endloop
  endfacet
  facet normal 0 0 -1
    outer loop
      vertex 131.006 128.05 21.3
      vertex 130.782 128.072 21.3
      vertex 130.909 128.064 21.3
    endloop
  endfacet
  facet normal 0 0 -1
    outer loop
      vertex 129.6 123.821 21.3
      vertex 131.4 123.091 21.3
      vertex 130.767 123.091 21.3
    endloop
  endfacet
  facet normal 0 0 -1
    outer loop
      vertex 130.909 128.064 21.3
      vertex 130.782 128.072 21.3
      vertex 130.88 128.067 21.3
    endloop
  endfacet
  facet normal 0 0 -1
    outer loop
      vertex 129.6 123.821 21.3
      vertex 130.767 123.091 21.3
      vertex 130.752 123.091 21.3
    endloop
  endfacet
  facet normal 0 0 -1
    outer loop
      vertex 129.6 123.821 21.3
      vertex 130.752 123.091 21.3
      vertex 130.654 123.096 21.3
    endloop
  endfacet
  facet normal 0 0 -1
    outer loop
      vertex 129.6 123.821 21.3
      vertex 130.654 123.096 21.3
      vertex 130.625 123.099 21.3
    endloop
  endfacet
  facet normal 0 0 -1
    outer loop
      vertex 129.6 123.821 21.3
      vertex 130.625 123.099 21.3
      vertex 130.528 123.113 21.3
    endloop
  endfacet
  facet normal 0 0 -1
    outer loop
      vertex 129.6 123.821 21.3
      vertex 130.528 123.113 21.3
      vertex 130.499 123.119 21.3
    endloop
  endfacet
  facet normal 0 0 -1
    outer loop
      vertex 129.6 123.821 21.3
      vertex 130.499 123.119 21.3
      vertex 130.404 123.143 21.3
    endloop
  endfacet
  facet normal 0 0 -1
    outer loop
      vertex 129.6 123.821 21.3
      vertex 130.404 123.143 21.3
      vertex 130.376 123.152 21.3
    endloop
  endfacet
  facet normal 0 0 -1
    outer loop
      vertex 129.6 123.821 21.3
      vertex 130.376 123.152 21.3
      vertex 130.283 123.185 21.3
    endloop
  endfacet
  facet normal 0 0 -1
    outer loop
      vertex 129.6 123.821 21.3
      vertex 130.283 123.185 21.3
      vertex 130.256 123.196 21.3
    endloop
  endfacet
  facet normal 0 0 -1
    outer loop
      vertex 129.6 123.821 21.3
      vertex 130.256 123.196 21.3
      vertex 130.167 123.238 21.3
    endloop
  endfacet
  facet normal 0 0 -1
    outer loop
      vertex 129.6 123.821 21.3
      vertex 130.167 123.238 21.3
      vertex 130.141 123.252 21.3
    endloop
  endfacet
  facet normal 0 0 -1
    outer loop
      vertex 129.6 123.821 21.3
      vertex 130.141 123.252 21.3
      vertex 130.057 123.302 21.3
    endloop
  endfacet
  facet normal 0 0 -1
    outer loop
      vertex 129.6 123.821 21.3
      vertex 130.057 123.302 21.3
      vertex 130.033 123.319 21.3
    endloop
  endfacet
  facet normal 0 0 -1
    outer loop
      vertex 129.6 123.821 21.3
      vertex 130.033 123.319 21.3
      vertex 129.954 123.377 21.3
    endloop
  endfacet
  facet normal 0 0 -1
    outer loop
      vertex 129.6 123.821 21.3
      vertex 129.954 123.377 21.3
      vertex 129.931 123.396 21.3
    endloop
  endfacet
  facet normal 0 0 -1
    outer loop
      vertex 129.6 123.821 21.3
      vertex 129.931 123.396 21.3
      vertex 129.858 123.462 21.3
    endloop
  endfacet
  facet normal 0 0 -1
    outer loop
      vertex 129.6 123.821 21.3
      vertex 129.858 123.462 21.3
      vertex 129.838 123.482 21.3
    endloop
  endfacet
  facet normal 0 0 -1
    outer loop
      vertex 129.6 123.821 21.3
      vertex 129.838 123.482 21.3
      vertex 129.772 123.555 21.3
    endloop
  endfacet
  facet normal 0 0 -1
    outer loop
      vertex 129.6 123.821 21.3
      vertex 129.772 123.555 21.3
      vertex 129.753 123.578 21.3
    endloop
  endfacet
  facet normal 0 0 -1
    outer loop
      vertex 129.6 123.821 21.3
      vertex 129.753 123.578 21.3
      vertex 129.695 123.657 21.3
    endloop
  endfacet
  facet normal 0 0 -1
    outer loop
      vertex 129.6 123.821 21.3
      vertex 129.695 123.657 21.3
      vertex 129.678 123.681 21.3
    endloop
  endfacet
  facet normal 0 0 -1
    outer loop
      vertex 129.6 123.821 21.3
      vertex 129.678 123.681 21.3
      vertex 129.628 123.765 21.3
    endloop
  endfacet
  facet normal 0 0 -1
    outer loop
      vertex 129.6 123.821 21.3
      vertex 129.628 123.765 21.3
      vertex 129.614 123.791 21.3
    endloop
  endfacet
  facet normal 0 0 -1
    outer loop
      vertex 131.035 128.044 21.3
      vertex 130.782 128.072 21.3
      vertex 131.006 128.05 21.3
    endloop
  endfacet
  facet normal -0 0 -1
    outer loop
      vertex 130.767 128.072 21.3
      vertex 129.6 123.821 21.3
      vertex 129.6 128.072 21.3
    endloop
  endfacet
  facet normal 0 0 -1
    outer loop
      vertex 93.2666 106.569 21.3
      vertex 93.3 106.587 21.3
      vertex 93.2927 106.583 21.3
    endloop
  endfacet
  facet normal 0 0 -1
    outer loop
      vertex 93.3 106.587 21.3
      vertex 93.2666 106.569 21.3
      vertex 92.6817 106.422 21.3
    endloop
  endfacet
  facet normal 0 0 -1
    outer loop
      vertex 92.6817 106.422 21.3
      vertex 93.2666 106.569 21.3
      vertex 93.1779 106.527 21.3
    endloop
  endfacet
  facet normal 0 0 -1
    outer loop
      vertex 92.6817 106.422 21.3
      vertex 93.1779 106.527 21.3
      vertex 93.1508 106.516 21.3
    endloop
  endfacet
  facet normal 0 0 -1
    outer loop
      vertex 92.6817 106.422 21.3
      vertex 93.1508 106.516 21.3
      vertex 93.0583 106.483 21.3
    endloop
  endfacet
  facet normal 0 0 -1
    outer loop
      vertex 92.6817 106.422 21.3
      vertex 93.0583 106.483 21.3
      vertex 93.0302 106.474 21.3
    endloop
  endfacet
  facet normal 0 0 -1
    outer loop
      vertex 92.6817 106.422 21.3
      vertex 93.0302 106.474 21.3
      vertex 92.935 106.45 21.3
    endloop
  endfacet
  facet normal 0 0 -1
    outer loop
      vertex 92.6817 106.422 21.3
      vertex 92.935 106.45 21.3
      vertex 92.9061 106.444 21.3
    endloop
  endfacet
  facet normal 0 0 -1
    outer loop
      vertex 92.6817 106.422 21.3
      vertex 92.9061 106.444 21.3
      vertex 92.809 106.43 21.3
    endloop
  endfacet
  facet normal 0 0 -1
    outer loop
      vertex 92.6817 106.422 21.3
      vertex 92.809 106.43 21.3
      vertex 92.7798 106.427 21.3
    endloop
  endfacet
  facet normal 0 0 -1
    outer loop
      vertex 93.3 106.587 21.3
      vertex 92.6817 106.422 21.3
      vertex 92.667 106.422 21.3
    endloop
  endfacet
  facet normal 0 0 -1
    outer loop
      vertex 93.3 106.587 21.3
      vertex 92.667 106.422 21.3
      vertex 91.5 106.422 21.3
    endloop
  endfacet
  facet normal 0 0 -1
    outer loop
      vertex 93.3 106.587 21.3
      vertex 91.5 129.723 21.3
      vertex 93.3 130.453 21.3
    endloop
  endfacet
  facet normal -0 0 -1
    outer loop
      vertex 93.3 130.453 21.3
      vertex 91.5 129.723 21.3
      vertex 92.667 130.453 21.3
    endloop
  endfacet
  facet normal -0 0 -1
    outer loop
      vertex 92.667 130.453 21.3
      vertex 91.5 129.723 21.3
      vertex 92.6523 130.453 21.3
    endloop
  endfacet
  facet normal 0 0 -1
    outer loop
      vertex 92.6523 130.453 21.3
      vertex 91.5 129.723 21.3
      vertex 92.5542 130.448 21.3
    endloop
  endfacet
  facet normal 0 0 -1
    outer loop
      vertex 92.5542 130.448 21.3
      vertex 91.5 129.723 21.3
      vertex 92.525 130.445 21.3
    endloop
  endfacet
  facet normal 0 0 -1
    outer loop
      vertex 92.525 130.445 21.3
      vertex 91.5 129.723 21.3
      vertex 92.4279 130.431 21.3
    endloop
  endfacet
  facet normal 0 0 -1
    outer loop
      vertex 92.4279 130.431 21.3
      vertex 91.5 129.723 21.3
      vertex 92.399 130.425 21.3
    endloop
  endfacet
  facet normal 0 0 -1
    outer loop
      vertex 92.399 130.425 21.3
      vertex 91.5 129.723 21.3
      vertex 92.3038 130.401 21.3
    endloop
  endfacet
  facet normal 0 0 -1
    outer loop
      vertex 92.3038 130.401 21.3
      vertex 91.5 129.723 21.3
      vertex 92.2756 130.392 21.3
    endloop
  endfacet
  facet normal 0 0 -1
    outer loop
      vertex 92.2756 130.392 21.3
      vertex 91.5 129.723 21.3
      vertex 92.1832 130.359 21.3
    endloop
  endfacet
  facet normal 0 0 -1
    outer loop
      vertex 92.1832 130.359 21.3
      vertex 91.5 129.723 21.3
      vertex 92.1561 130.348 21.3
    endloop
  endfacet
  facet normal 0 0 -1
    outer loop
      vertex 92.1561 130.348 21.3
      vertex 91.5 129.723 21.3
      vertex 92.0674 130.306 21.3
    endloop
  endfacet
  facet normal 0 0 -1
    outer loop
      vertex 92.0674 130.306 21.3
      vertex 91.5 129.723 21.3
      vertex 92.0413 130.292 21.3
    endloop
  endfacet
  facet normal 0 0 -1
    outer loop
      vertex 92.0413 130.292 21.3
      vertex 91.5 129.723 21.3
      vertex 91.9572 130.242 21.3
    endloop
  endfacet
  facet normal 0 0 -1
    outer loop
      vertex 91.9572 130.242 21.3
      vertex 91.5 129.723 21.3
      vertex 91.9327 130.225 21.3
    endloop
  endfacet
  facet normal 0 0 -1
    outer loop
      vertex 91.9327 130.225 21.3
      vertex 91.5 129.723 21.3
      vertex 91.8539 130.167 21.3
    endloop
  endfacet
  facet normal 0 0 -1
    outer loop
      vertex 91.8539 130.167 21.3
      vertex 91.5 129.723 21.3
      vertex 91.8312 130.148 21.3
    endloop
  endfacet
  facet normal 0 0 -1
    outer loop
      vertex 91.8312 130.148 21.3
      vertex 91.5 129.723 21.3
      vertex 91.7585 130.082 21.3
    endloop
  endfacet
  facet normal 0 0 -1
    outer loop
      vertex 91.7585 130.082 21.3
      vertex 91.5 129.723 21.3
      vertex 91.7376 130.062 21.3
    endloop
  endfacet
  facet normal 0 0 -1
    outer loop
      vertex 91.7376 130.062 21.3
      vertex 91.5 129.723 21.3
      vertex 91.6717 129.989 21.3
    endloop
  endfacet
  facet normal 0 0 -1
    outer loop
      vertex 91.6717 129.989 21.3
      vertex 91.5 129.723 21.3
      vertex 91.653 129.966 21.3
    endloop
  endfacet
  facet normal 0 0 -1
    outer loop
      vertex 91.653 129.966 21.3
      vertex 91.5 129.723 21.3
      vertex 91.5946 129.887 21.3
    endloop
  endfacet
  facet normal 0 0 -1
    outer loop
      vertex 91.5946 129.887 21.3
      vertex 91.5 129.723 21.3
      vertex 91.5782 129.863 21.3
    endloop
  endfacet
  facet normal 0 0 -1
    outer loop
      vertex 91.5782 129.863 21.3
      vertex 91.5 129.723 21.3
      vertex 91.5278 129.779 21.3
    endloop
  endfacet
  facet normal -0 0 -1
    outer loop
      vertex 93.3 106.587 21.3
      vertex 91.5 106.422 21.3
      vertex 91.5 129.723 21.3
    endloop
  endfacet
  facet normal 0 0 -1
    outer loop
      vertex 91.5278 129.779 21.3
      vertex 91.5 129.723 21.3
      vertex 91.5139 129.753 21.3
    endloop
  endfacet
  facet normal 0 0 -1
    outer loop
      vertex 129.6 104.771 21.3
      vertex 131.4 108.857 21.3
      vertex 131.4 104.041 21.3
    endloop
  endfacet
  facet normal 0 -0 -1
    outer loop
      vertex 130.767 109.022 21.3
      vertex 131.4 108.857 21.3
      vertex 129.6 104.771 21.3
    endloop
  endfacet
  facet normal -0 -0 -1
    outer loop
      vertex 130.782 109.022 21.3
      vertex 131.4 108.857 21.3
      vertex 130.767 109.022 21.3
    endloop
  endfacet
  facet normal -0 -0 -1
    outer loop
      vertex 131.367 108.875 21.3
      vertex 131.4 108.857 21.3
      vertex 130.782 109.022 21.3
    endloop
  endfacet
  facet normal 0 0 -1
    outer loop
      vertex 131.4 108.857 21.3
      vertex 131.367 108.875 21.3
      vertex 131.393 108.861 21.3
    endloop
  endfacet
  facet normal 0 0 -1
    outer loop
      vertex 131.367 108.875 21.3
      vertex 130.782 109.022 21.3
      vertex 131.278 108.917 21.3
    endloop
  endfacet
  facet normal 0 0 -1
    outer loop
      vertex 131.278 108.917 21.3
      vertex 130.782 109.022 21.3
      vertex 131.251 108.928 21.3
    endloop
  endfacet
  facet normal 0 0 -1
    outer loop
      vertex 131.251 108.928 21.3
      vertex 130.782 109.022 21.3
      vertex 131.158 108.961 21.3
    endloop
  endfacet
  facet normal 0 0 -1
    outer loop
      vertex 131.158 108.961 21.3
      vertex 130.782 109.022 21.3
      vertex 131.13 108.97 21.3
    endloop
  endfacet
  facet normal 0 0 -1
    outer loop
      vertex 131.13 108.97 21.3
      vertex 130.782 109.022 21.3
      vertex 131.035 108.994 21.3
    endloop
  endfacet
  facet normal 0 0 -1
    outer loop
      vertex 131.006 109 21.3
      vertex 130.782 109.022 21.3
      vertex 130.909 109.014 21.3
    endloop
  endfacet
  facet normal 0 0 -1
    outer loop
      vertex 129.6 104.771 21.3
      vertex 131.4 104.041 21.3
      vertex 130.767 104.041 21.3
    endloop
  endfacet
  facet normal 0 0 -1
    outer loop
      vertex 130.909 109.014 21.3
      vertex 130.782 109.022 21.3
      vertex 130.88 109.017 21.3
    endloop
  endfacet
  facet normal 0 0 -1
    outer loop
      vertex 129.6 104.771 21.3
      vertex 130.767 104.041 21.3
      vertex 130.752 104.041 21.3
    endloop
  endfacet
  facet normal 0 0 -1
    outer loop
      vertex 129.6 104.771 21.3
      vertex 130.752 104.041 21.3
      vertex 130.654 104.046 21.3
    endloop
  endfacet
  facet normal 0 0 -1
    outer loop
      vertex 129.6 104.771 21.3
      vertex 130.654 104.046 21.3
      vertex 130.625 104.049 21.3
    endloop
  endfacet
  facet normal 0 0 -1
    outer loop
      vertex 129.6 104.771 21.3
      vertex 130.625 104.049 21.3
      vertex 130.528 104.063 21.3
    endloop
  endfacet
  facet normal 0 0 -1
    outer loop
      vertex 129.6 104.771 21.3
      vertex 130.528 104.063 21.3
      vertex 130.499 104.069 21.3
    endloop
  endfacet
  facet normal 0 0 -1
    outer loop
      vertex 129.6 104.771 21.3
      vertex 130.499 104.069 21.3
      vertex 130.404 104.093 21.3
    endloop
  endfacet
  facet normal 0 0 -1
    outer loop
      vertex 129.6 104.771 21.3
      vertex 130.404 104.093 21.3
      vertex 130.376 104.102 21.3
    endloop
  endfacet
  facet normal 0 0 -1
    outer loop
      vertex 129.6 104.771 21.3
      vertex 130.376 104.102 21.3
      vertex 130.283 104.135 21.3
    endloop
  endfacet
  facet normal 0 0 -1
    outer loop
      vertex 129.6 104.771 21.3
      vertex 130.283 104.135 21.3
      vertex 130.256 104.146 21.3
    endloop
  endfacet
  facet normal 0 0 -1
    outer loop
      vertex 129.6 104.771 21.3
      vertex 130.256 104.146 21.3
      vertex 130.167 104.188 21.3
    endloop
  endfacet
  facet normal 0 0 -1
    outer loop
      vertex 129.6 104.771 21.3
      vertex 130.167 104.188 21.3
      vertex 130.141 104.202 21.3
    endloop
  endfacet
  facet normal 0 0 -1
    outer loop
      vertex 129.6 104.771 21.3
      vertex 130.141 104.202 21.3
      vertex 130.057 104.252 21.3
    endloop
  endfacet
  facet normal 0 0 -1
    outer loop
      vertex 129.6 104.771 21.3
      vertex 130.057 104.252 21.3
      vertex 130.033 104.269 21.3
    endloop
  endfacet
  facet normal 0 0 -1
    outer loop
      vertex 129.6 104.771 21.3
      vertex 130.033 104.269 21.3
      vertex 129.954 104.327 21.3
    endloop
  endfacet
  facet normal 0 0 -1
    outer loop
      vertex 129.6 104.771 21.3
      vertex 129.954 104.327 21.3
      vertex 129.931 104.346 21.3
    endloop
  endfacet
  facet normal 0 0 -1
    outer loop
      vertex 129.6 104.771 21.3
      vertex 129.931 104.346 21.3
      vertex 129.858 104.412 21.3
    endloop
  endfacet
  facet normal 0 0 -1
    outer loop
      vertex 129.6 104.771 21.3
      vertex 129.858 104.412 21.3
      vertex 129.838 104.432 21.3
    endloop
  endfacet
  facet normal 0 0 -1
    outer loop
      vertex 129.6 104.771 21.3
      vertex 129.838 104.432 21.3
      vertex 129.772 104.505 21.3
    endloop
  endfacet
  facet normal 0 0 -1
    outer loop
      vertex 129.6 104.771 21.3
      vertex 129.772 104.505 21.3
      vertex 129.753 104.528 21.3
    endloop
  endfacet
  facet normal 0 0 -1
    outer loop
      vertex 129.6 104.771 21.3
      vertex 129.753 104.528 21.3
      vertex 129.695 104.607 21.3
    endloop
  endfacet
  facet normal 0 0 -1
    outer loop
      vertex 129.6 104.771 21.3
      vertex 129.695 104.607 21.3
      vertex 129.678 104.631 21.3
    endloop
  endfacet
  facet normal 0 0 -1
    outer loop
      vertex 129.6 104.771 21.3
      vertex 129.678 104.631 21.3
      vertex 129.628 104.715 21.3
    endloop
  endfacet
  facet normal 0 0 -1
    outer loop
      vertex 129.6 104.771 21.3
      vertex 129.628 104.715 21.3
      vertex 129.614 104.741 21.3
    endloop
  endfacet
  facet normal 0 0 -1
    outer loop
      vertex 131.035 108.994 21.3
      vertex 130.782 109.022 21.3
      vertex 131.006 109 21.3
    endloop
  endfacet
  facet normal -0 0 -1
    outer loop
      vertex 130.767 109.022 21.3
      vertex 129.6 104.771 21.3
      vertex 129.6 109.022 21.3
    endloop
  endfacet
  facet normal 0 0 -1
    outer loop
      vertex 53 104.041 21.3
      vertex 53.267 106.641 21.3
      vertex 53.267 104.041 21.3
    endloop
  endfacet
  facet normal -0 0 -1
    outer loop
      vertex 53.267 106.641 21.3
      vertex 53 104.041 21.3
      vertex 53 106.641 21.3
    endloop
  endfacet
  facet normal 0 0 -1
    outer loop
      vertex 53 84.99 21.3
      vertex 53.267 87.59 21.3
      vertex 53.267 84.99 21.3
    endloop
  endfacet
  facet normal -0 0 -1
    outer loop
      vertex 53.267 87.59 21.3
      vertex 53 84.99 21.3
      vertex 53 87.59 21.3
    endloop
  endfacet
  facet normal 0 0 -1
    outer loop
      vertex 53.267 84.99 21.3
      vertex 54.8 64.7258 21.3
      vertex 53.267 67.2673 21.3
    endloop
  endfacet
  facet normal 0 0 -1
    outer loop
      vertex 53 64.6566 21.3
      vertex 53.267 67.2673 21.3
      vertex 54.8 64.7258 21.3
    endloop
  endfacet
  facet normal 0 0 -1
    outer loop
      vertex 53.267 67.2673 21.3
      vertex 53 64.6566 21.3
      vertex 53 67.257 21.3
    endloop
  endfacet
  facet normal 0 0 -1
    outer loop
      vertex 53.267 87.59 21.3
      vertex 54.8 64.7258 21.3
      vertex 53.267 84.99 21.3
    endloop
  endfacet
  facet normal 0 0 -1
    outer loop
      vertex 54.8 64.7258 21.3
      vertex 53.267 87.59 21.3
      vertex 54.8 125.691 21.3
    endloop
  endfacet
  facet normal 0 0 -1
    outer loop
      vertex 53.267 104.041 21.3
      vertex 54.8 125.691 21.3
      vertex 53.267 87.59 21.3
    endloop
  endfacet
  facet normal 0 0 -1
    outer loop
      vertex 53.267 106.641 21.3
      vertex 54.8 125.691 21.3
      vertex 53.267 104.041 21.3
    endloop
  endfacet
  facet normal 0 0 -1
    outer loop
      vertex 53.267 123.091 21.3
      vertex 54.8 125.691 21.3
      vertex 53.267 106.641 21.3
    endloop
  endfacet
  facet normal 0 0 -1
    outer loop
      vertex 53 125.691 21.3
      vertex 53.267 123.091 21.3
      vertex 53 123.091 21.3
    endloop
  endfacet
  facet normal 0 0 -1
    outer loop
      vertex 53.267 123.091 21.3
      vertex 53 125.691 21.3
      vertex 54.8 125.691 21.3
    endloop
  endfacet
  facet normal 0 0 -1
    outer loop
      vertex 93.2667 87.5189 21.3
      vertex 93.3 87.5372 21.3
      vertex 93.2926 87.5328 21.3
    endloop
  endfacet
  facet normal 0 0 -1
    outer loop
      vertex 93.3 87.5372 21.3
      vertex 93.2667 87.5189 21.3
      vertex 92.6817 87.3724 21.3
    endloop
  endfacet
  facet normal 0 0 -1
    outer loop
      vertex 92.6817 87.3724 21.3
      vertex 93.2667 87.5189 21.3
      vertex 93.178 87.4769 21.3
    endloop
  endfacet
  facet normal 0 0 -1
    outer loop
      vertex 92.6817 87.3724 21.3
      vertex 93.178 87.4769 21.3
      vertex 93.1508 87.4657 21.3
    endloop
  endfacet
  facet normal 0 0 -1
    outer loop
      vertex 92.6817 87.3724 21.3
      vertex 93.1508 87.4657 21.3
      vertex 93.0583 87.4326 21.3
    endloop
  endfacet
  facet normal 0 0 -1
    outer loop
      vertex 92.6817 87.3724 21.3
      vertex 93.0583 87.4326 21.3
      vertex 93.0302 87.424 21.3
    endloop
  endfacet
  facet normal 0 0 -1
    outer loop
      vertex 92.6817 87.3724 21.3
      vertex 93.0302 87.424 21.3
      vertex 92.935 87.4002 21.3
    endloop
  endfacet
  facet normal 0 0 -1
    outer loop
      vertex 92.6817 87.3724 21.3
      vertex 92.935 87.4002 21.3
      vertex 92.9061 87.3945 21.3
    endloop
  endfacet
  facet normal 0 0 -1
    outer loop
      vertex 92.6817 87.3724 21.3
      vertex 92.9061 87.3945 21.3
      vertex 92.8091 87.3801 21.3
    endloop
  endfacet
  facet normal 0 0 -1
    outer loop
      vertex 92.6817 87.3724 21.3
      vertex 92.8091 87.3801 21.3
      vertex 92.7798 87.3772 21.3
    endloop
  endfacet
  facet normal 0 0 -1
    outer loop
      vertex 93.3 87.5372 21.3
      vertex 92.6817 87.3724 21.3
      vertex 92.667 87.372 21.3
    endloop
  endfacet
  facet normal -0 0 -1
    outer loop
      vertex 93.3 87.5372 21.3
      vertex 92.667 87.372 21.3
      vertex 91.5 91.6233 21.3
    endloop
  endfacet
  facet normal 0 0 -1
    outer loop
      vertex 93.3 87.5372 21.3
      vertex 91.5 91.6233 21.3
      vertex 93.3 92.353 21.3
    endloop
  endfacet
  facet normal -0 0 -1
    outer loop
      vertex 93.3 92.353 21.3
      vertex 91.5 91.6233 21.3
      vertex 92.667 92.353 21.3
    endloop
  endfacet
  facet normal 0 0 -1
    outer loop
      vertex 92.667 92.353 21.3
      vertex 91.5 91.6233 21.3
      vertex 92.6523 92.3526 21.3
    endloop
  endfacet
  facet normal 0 0 -1
    outer loop
      vertex 92.6523 92.3526 21.3
      vertex 91.5 91.6233 21.3
      vertex 92.5543 92.3478 21.3
    endloop
  endfacet
  facet normal 0 0 -1
    outer loop
      vertex 92.5543 92.3478 21.3
      vertex 91.5 91.6233 21.3
      vertex 92.5249 92.3449 21.3
    endloop
  endfacet
  facet normal 0 0 -1
    outer loop
      vertex 92.5249 92.3449 21.3
      vertex 91.5 91.6233 21.3
      vertex 92.4279 92.3305 21.3
    endloop
  endfacet
  facet normal 0 0 -1
    outer loop
      vertex 92.4279 92.3305 21.3
      vertex 91.5 91.6233 21.3
      vertex 92.399 92.3248 21.3
    endloop
  endfacet
  facet normal 0 0 -1
    outer loop
      vertex 92.399 92.3248 21.3
      vertex 91.5 91.6233 21.3
      vertex 92.3038 92.301 21.3
    endloop
  endfacet
  facet normal 0 0 -1
    outer loop
      vertex 92.3038 92.301 21.3
      vertex 91.5 91.6233 21.3
      vertex 92.2756 92.2924 21.3
    endloop
  endfacet
  facet normal 0 0 -1
    outer loop
      vertex 92.2756 92.2924 21.3
      vertex 91.5 91.6233 21.3
      vertex 92.1832 92.2593 21.3
    endloop
  endfacet
  facet normal 0 0 -1
    outer loop
      vertex 92.1832 92.2593 21.3
      vertex 91.5 91.6233 21.3
      vertex 92.156 92.2481 21.3
    endloop
  endfacet
  facet normal 0 0 -1
    outer loop
      vertex 92.156 92.2481 21.3
      vertex 91.5 91.6233 21.3
      vertex 92.0673 92.2061 21.3
    endloop
  endfacet
  facet normal 0 0 -1
    outer loop
      vertex 92.0673 92.2061 21.3
      vertex 91.5 91.6233 21.3
      vertex 92.0414 92.1922 21.3
    endloop
  endfacet
  facet normal 0 0 -1
    outer loop
      vertex 92.0414 92.1922 21.3
      vertex 91.5 91.6233 21.3
      vertex 91.9572 92.1418 21.3
    endloop
  endfacet
  facet normal 0 0 -1
    outer loop
      vertex 91.9572 92.1418 21.3
      vertex 91.5 91.6233 21.3
      vertex 91.9327 92.1254 21.3
    endloop
  endfacet
  facet normal 0 0 -1
    outer loop
      vertex 91.9327 92.1254 21.3
      vertex 91.5 91.6233 21.3
      vertex 91.8539 92.0669 21.3
    endloop
  endfacet
  facet normal 0 0 -1
    outer loop
      vertex 91.8539 92.0669 21.3
      vertex 91.5 91.6233 21.3
      vertex 91.8312 92.0483 21.3
    endloop
  endfacet
  facet normal 0 0 -1
    outer loop
      vertex 91.8312 92.0483 21.3
      vertex 91.5 91.6233 21.3
      vertex 91.7585 91.9824 21.3
    endloop
  endfacet
  facet normal 0 0 -1
    outer loop
      vertex 91.7585 91.9824 21.3
      vertex 91.5 91.6233 21.3
      vertex 91.7376 91.9616 21.3
    endloop
  endfacet
  facet normal 0 0 -1
    outer loop
      vertex 91.7376 91.9616 21.3
      vertex 91.5 91.6233 21.3
      vertex 91.6717 91.8889 21.3
    endloop
  endfacet
  facet normal 0 0 -1
    outer loop
      vertex 91.6717 91.8889 21.3
      vertex 91.5 91.6233 21.3
      vertex 91.653 91.8661 21.3
    endloop
  endfacet
  facet normal 0 0 -1
    outer loop
      vertex 91.653 91.8661 21.3
      vertex 91.5 91.6233 21.3
      vertex 91.5946 91.7873 21.3
    endloop
  endfacet
  facet normal 0 0 -1
    outer loop
      vertex 91.5946 91.7873 21.3
      vertex 91.5 91.6233 21.3
      vertex 91.5782 91.7628 21.3
    endloop
  endfacet
  facet normal 0 0 -1
    outer loop
      vertex 91.5782 91.7628 21.3
      vertex 91.5 91.6233 21.3
      vertex 91.5278 91.6786 21.3
    endloop
  endfacet
  facet normal 0 0 -1
    outer loop
      vertex 91.5 91.6233 21.3
      vertex 92.667 87.372 21.3
      vertex 91.5 87.372 21.3
    endloop
  endfacet
  facet normal 0 0 -1
    outer loop
      vertex 91.5278 91.6786 21.3
      vertex 91.5 91.6233 21.3
      vertex 91.5139 91.6527 21.3
    endloop
  endfacet
  facet normal 0 0 -1
    outer loop
      vertex 55.8657 39.2929 21.3
      vertex 57.2003 42.0899 21.3
      vertex 57.652 39.528 21.3
    endloop
  endfacet
  facet normal 0 0 -1
    outer loop
      vertex 57.2003 42.0899 21.3
      vertex 55.8657 39.2929 21.3
      vertex 55.4139 41.8548 21.3
    endloop
  endfacet
  facet normal -0.130488 0.99145 0
    outer loop
      vertex 57.652 39.528 20
      vertex 55.8657 39.2929 21.3
      vertex 57.652 39.528 21.3
    endloop
  endfacet
  facet normal -0.130488 0.99145 0
    outer loop
      vertex 55.8657 39.2929 21.3
      vertex 57.652 39.528 20
      vertex 55.8657 39.2929 20
    endloop
  endfacet
  facet normal 0.904051 0.427425 0
    outer loop
      vertex 91.5139 52.3533 21.3
      vertex 91.5 52.3827 20
      vertex 91.5 52.3827 21.3
    endloop
  endfacet
  facet normal 0.904051 0.427425 0
    outer loop
      vertex 91.5 52.3827 20
      vertex 91.5139 52.3533 21.3
      vertex 91.5139 52.3533 20
    endloop
  endfacet
  facet normal 0.881126 0.472882 0
    outer loop
      vertex 91.5278 52.3274 21.3
      vertex 91.5139 52.3533 20
      vertex 91.5139 52.3533 21.3
    endloop
  endfacet
  facet normal 0.881126 0.472882 0
    outer loop
      vertex 91.5139 52.3533 20
      vertex 91.5278 52.3274 21.3
      vertex 91.5278 52.3274 20
    endloop
  endfacet
  facet normal 0.858032 0.513596 0
    outer loop
      vertex 91.5782 52.2432 21.3
      vertex 91.5278 52.3274 20
      vertex 91.5278 52.3274 21.3
    endloop
  endfacet
  facet normal 0.858032 0.513596 0
    outer loop
      vertex 91.5278 52.3274 20
      vertex 91.5782 52.2432 21.3
      vertex 91.5782 52.2432 20
    endloop
  endfacet
  facet normal 0.831005 0.556265 0
    outer loop
      vertex 91.5946 52.2187 21.3
      vertex 91.5782 52.2432 20
      vertex 91.5782 52.2432 21.3
    endloop
  endfacet
  facet normal 0.831005 0.556265 0
    outer loop
      vertex 91.5782 52.2432 20
      vertex 91.5946 52.2187 21.3
      vertex 91.5946 52.2187 20
    endloop
  endfacet
  facet normal 0.803413 0.595423 0
    outer loop
      vertex 91.653 52.1399 21.3
      vertex 91.5946 52.2187 20
      vertex 91.5946 52.2187 21.3
    endloop
  endfacet
  facet normal 0.803413 0.595423 0
    outer loop
      vertex 91.5946 52.2187 20
      vertex 91.653 52.1399 21.3
      vertex 91.653 52.1399 20
    endloop
  endfacet
  facet normal 0.773201 0.634161 0
    outer loop
      vertex 91.6717 52.1171 21.3
      vertex 91.653 52.1399 20
      vertex 91.653 52.1399 21.3
    endloop
  endfacet
  facet normal 0.773201 0.634161 0
    outer loop
      vertex 91.653 52.1399 20
      vertex 91.6717 52.1171 21.3
      vertex 91.6717 52.1171 20
    endloop
  endfacet
  facet normal 0.740908 0.671607 0
    outer loop
      vertex 91.7376 52.0444 21.3
      vertex 91.6717 52.1171 20
      vertex 91.6717 52.1171 21.3
    endloop
  endfacet
  facet normal 0.740908 0.671607 0
    outer loop
      vertex 91.6717 52.1171 20
      vertex 91.7376 52.0444 21.3
      vertex 91.7376 52.0444 20
    endloop
  endfacet
  facet normal 0.705409 0.7088 0
    outer loop
      vertex 91.7585 52.0236 21.3
      vertex 91.7376 52.0444 20
      vertex 91.7376 52.0444 21.3
    endloop
  endfacet
  facet normal 0.705409 0.7088 0
    outer loop
      vertex 91.7376 52.0444 20
      vertex 91.7585 52.0236 21.3
      vertex 91.7585 52.0236 20
    endloop
  endfacet
  facet normal 0.671607 0.740908 -0
    outer loop
      vertex 91.8312 51.9577 20
      vertex 91.7585 52.0236 21.3
      vertex 91.8312 51.9577 21.3
    endloop
  endfacet
  facet normal 0.671607 0.740908 0
    outer loop
      vertex 91.7585 52.0236 21.3
      vertex 91.8312 51.9577 20
      vertex 91.7585 52.0236 20
    endloop
  endfacet
  facet normal 0.635826 0.771832 -0
    outer loop
      vertex 91.8539 51.939 20
      vertex 91.8312 51.9577 21.3
      vertex 91.8539 51.939 21.3
    endloop
  endfacet
  facet normal 0.635826 0.771832 0
    outer loop
      vertex 91.8312 51.9577 21.3
      vertex 91.8539 51.939 20
      vertex 91.8312 51.9577 20
    endloop
  endfacet
  facet normal 0.595423 0.803413 -0
    outer loop
      vertex 91.9327 51.8806 20
      vertex 91.8539 51.939 21.3
      vertex 91.9327 51.8806 21.3
    endloop
  endfacet
  facet normal 0.595423 0.803413 0
    outer loop
      vertex 91.8539 51.939 21.3
      vertex 91.9327 51.8806 20
      vertex 91.8539 51.939 20
    endloop
  endfacet
  facet normal 0.556265 0.831005 -0
    outer loop
      vertex 91.9572 51.8642 20
      vertex 91.9327 51.8806 21.3
      vertex 91.9572 51.8642 21.3
    endloop
  endfacet
  facet normal 0.556265 0.831005 0
    outer loop
      vertex 91.9327 51.8806 21.3
      vertex 91.9572 51.8642 20
      vertex 91.9327 51.8806 20
    endloop
  endfacet
  facet normal 0.514046 0.857763 -0
    outer loop
      vertex 92.0413 51.8138 20
      vertex 91.9572 51.8642 21.3
      vertex 92.0413 51.8138 21.3
    endloop
  endfacet
  facet normal 0.514046 0.857763 0
    outer loop
      vertex 91.9572 51.8642 21.3
      vertex 92.0413 51.8138 20
      vertex 91.9572 51.8642 20
    endloop
  endfacet
  facet normal 0.471468 0.881883 -0
    outer loop
      vertex 92.0673 51.7999 20
      vertex 92.0413 51.8138 21.3
      vertex 92.0673 51.7999 21.3
    endloop
  endfacet
  facet normal 0.471468 0.881883 0
    outer loop
      vertex 92.0413 51.8138 21.3
      vertex 92.0673 51.7999 20
      vertex 92.0413 51.8138 20
    endloop
  endfacet
  facet normal 0.427955 0.9038 -0
    outer loop
      vertex 92.156 51.7579 20
      vertex 92.0673 51.7999 21.3
      vertex 92.156 51.7579 21.3
    endloop
  endfacet
  facet normal 0.427955 0.9038 0
    outer loop
      vertex 92.0673 51.7999 21.3
      vertex 92.156 51.7579 20
      vertex 92.0673 51.7999 20
    endloop
  endfacet
  facet normal 0.379556 0.925169 -0
    outer loop
      vertex 92.1833 51.7467 20
      vertex 92.156 51.7579 21.3
      vertex 92.1833 51.7467 21.3
    endloop
  endfacet
  facet normal 0.379556 0.925169 0
    outer loop
      vertex 92.156 51.7579 21.3
      vertex 92.1833 51.7467 20
      vertex 92.156 51.7579 20
    endloop
  endfacet
  facet normal 0.33724 0.941419 -0
    outer loop
      vertex 92.2757 51.7136 20
      vertex 92.1833 51.7467 21.3
      vertex 92.2757 51.7136 21.3
    endloop
  endfacet
  facet normal 0.33724 0.941419 0
    outer loop
      vertex 92.1833 51.7467 21.3
      vertex 92.2757 51.7136 20
      vertex 92.1833 51.7467 20
    endloop
  endfacet
  facet normal 0.289535 0.957168 -0
    outer loop
      vertex 92.3038 51.7051 20
      vertex 92.2757 51.7136 21.3
      vertex 92.3038 51.7051 21.3
    endloop
  endfacet
  facet normal 0.289535 0.957168 0
    outer loop
      vertex 92.2757 51.7136 21.3
      vertex 92.3038 51.7051 20
      vertex 92.2757 51.7136 20
    endloop
  endfacet
  facet normal 0.243494 0.969902 -0
    outer loop
      vertex 92.399 51.6812 20
      vertex 92.3038 51.7051 21.3
      vertex 92.399 51.6812 21.3
    endloop
  endfacet
  facet normal 0.243494 0.969902 0
    outer loop
      vertex 92.3038 51.7051 21.3
      vertex 92.399 51.6812 20
      vertex 92.3038 51.7051 20
    endloop
  endfacet
  facet normal 0.193504 0.981099 -0
    outer loop
      vertex 92.4279 51.6755 20
      vertex 92.399 51.6812 21.3
      vertex 92.4279 51.6755 21.3
    endloop
  endfacet
  facet normal 0.193504 0.981099 0
    outer loop
      vertex 92.399 51.6812 21.3
      vertex 92.4279 51.6755 20
      vertex 92.399 51.6812 20
    endloop
  endfacet
  facet normal 0.146844 0.98916 -0
    outer loop
      vertex 92.5249 51.6611 20
      vertex 92.4279 51.6755 21.3
      vertex 92.5249 51.6611 21.3
    endloop
  endfacet
  facet normal 0.146844 0.98916 0
    outer loop
      vertex 92.4279 51.6755 21.3
      vertex 92.5249 51.6611 20
      vertex 92.4279 51.6755 20
    endloop
  endfacet
  facet normal 0.0981631 0.99517 -0
    outer loop
      vertex 92.5543 51.6582 20
      vertex 92.5249 51.6611 21.3
      vertex 92.5543 51.6582 21.3
    endloop
  endfacet
  facet normal 0.0981631 0.99517 0
    outer loop
      vertex 92.5249 51.6611 21.3
      vertex 92.5543 51.6582 20
      vertex 92.5249 51.6611 20
    endloop
  endfacet
  facet normal 0.0489209 0.998803 -0
    outer loop
      vertex 92.6523 51.6534 20
      vertex 92.5543 51.6582 21.3
      vertex 92.6523 51.6534 21.3
    endloop
  endfacet
  facet normal 0.0489209 0.998803 0
    outer loop
      vertex 92.5543 51.6582 21.3
      vertex 92.6523 51.6534 20
      vertex 92.5543 51.6582 20
    endloop
  endfacet
  facet normal 0.0272008 0.99963 -0
    outer loop
      vertex 92.667 51.653 20
      vertex 92.6523 51.6534 21.3
      vertex 92.667 51.653 21.3
    endloop
  endfacet
  facet normal 0.0272008 0.99963 0
    outer loop
      vertex 92.6523 51.6534 21.3
      vertex 92.667 51.653 20
      vertex 92.6523 51.6534 20
    endloop
  endfacet
  facet normal 0 1 -0
    outer loop
      vertex 93.3 51.653 20
      vertex 92.667 51.653 21.3
      vertex 93.3 51.653 21.3
    endloop
  endfacet
  facet normal 0 1 0
    outer loop
      vertex 92.667 51.653 21.3
      vertex 93.3 51.653 20
      vertex 92.667 51.653 20
    endloop
  endfacet
  facet normal 0.902861 0.429934 0
    outer loop
      vertex 129.614 47.5903 21.3
      vertex 129.6 47.6197 20
      vertex 129.6 47.6197 21.3
    endloop
  endfacet
  facet normal 0.902861 0.429934 0
    outer loop
      vertex 129.6 47.6197 20
      vertex 129.614 47.5903 21.3
      vertex 129.614 47.5903 20
    endloop
  endfacet
  facet normal 0.880471 0.4741 0
    outer loop
      vertex 129.628 47.5643 21.3
      vertex 129.614 47.5903 20
      vertex 129.614 47.5903 21.3
    endloop
  endfacet
  facet normal 0.880471 0.4741 0
    outer loop
      vertex 129.614 47.5903 20
      vertex 129.628 47.5643 21.3
      vertex 129.628 47.5643 20
    endloop
  endfacet
  facet normal 0.85956 0.511035 0
    outer loop
      vertex 129.678 47.4802 21.3
      vertex 129.628 47.5643 20
      vertex 129.628 47.5643 21.3
    endloop
  endfacet
  facet normal 0.85956 0.511035 0
    outer loop
      vertex 129.628 47.5643 20
      vertex 129.678 47.4802 21.3
      vertex 129.678 47.4802 20
    endloop
  endfacet
  facet normal 0.821588 0.570082 0
    outer loop
      vertex 129.695 47.4557 21.3
      vertex 129.678 47.4802 20
      vertex 129.678 47.4802 21.3
    endloop
  endfacet
  facet normal 0.821588 0.570082 0
    outer loop
      vertex 129.678 47.4802 20
      vertex 129.695 47.4557 21.3
      vertex 129.695 47.4557 20
    endloop
  endfacet
  facet normal 0.805364 0.592781 0
    outer loop
      vertex 129.753 47.3769 21.3
      vertex 129.695 47.4557 20
      vertex 129.695 47.4557 21.3
    endloop
  endfacet
  facet normal 0.805364 0.592781 0
    outer loop
      vertex 129.695 47.4557 20
      vertex 129.753 47.3769 21.3
      vertex 129.753 47.3769 20
    endloop
  endfacet
  facet normal 0.768221 0.640184 0
    outer loop
      vertex 129.772 47.3541 21.3
      vertex 129.753 47.3769 20
      vertex 129.753 47.3769 21.3
    endloop
  endfacet
  facet normal 0.768221 0.640184 0
    outer loop
      vertex 129.753 47.3769 20
      vertex 129.772 47.3541 21.3
      vertex 129.772 47.3541 20
    endloop
  endfacet
  facet normal 0.740401 0.672166 0
    outer loop
      vertex 129.838 47.2814 21.3
      vertex 129.772 47.3541 20
      vertex 129.772 47.3541 21.3
    endloop
  endfacet
  facet normal 0.740401 0.672166 0
    outer loop
      vertex 129.772 47.3541 20
      vertex 129.838 47.2814 21.3
      vertex 129.838 47.2814 20
    endloop
  endfacet
  facet normal 0.720833 0.693109 0
    outer loop
      vertex 129.858 47.2606 21.3
      vertex 129.838 47.2814 20
      vertex 129.838 47.2814 21.3
    endloop
  endfacet
  facet normal 0.720833 0.693109 0
    outer loop
      vertex 129.838 47.2814 20
      vertex 129.858 47.2606 21.3
      vertex 129.858 47.2606 20
    endloop
  endfacet
  facet normal 0.670088 0.742282 -0
    outer loop
      vertex 129.931 47.1947 20
      vertex 129.858 47.2606 21.3
      vertex 129.931 47.1947 21.3
    endloop
  endfacet
  facet normal 0.670088 0.742282 0
    outer loop
      vertex 129.858 47.2606 21.3
      vertex 129.931 47.1947 20
      vertex 129.858 47.2606 20
    endloop
  endfacet
  facet normal 0.630847 0.775908 -0
    outer loop
      vertex 129.954 47.176 20
      vertex 129.931 47.1947 21.3
      vertex 129.954 47.176 21.3
    endloop
  endfacet
  facet normal 0.630847 0.775908 0
    outer loop
      vertex 129.931 47.1947 21.3
      vertex 129.954 47.176 20
      vertex 129.931 47.1947 20
    endloop
  endfacet
  facet normal 0.594448 0.804134 -0
    outer loop
      vertex 130.033 47.1176 20
      vertex 129.954 47.176 21.3
      vertex 130.033 47.1176 21.3
    endloop
  endfacet
  facet normal 0.594448 0.804134 0
    outer loop
      vertex 129.954 47.176 21.3
      vertex 130.033 47.1176 20
      vertex 129.954 47.176 20
    endloop
  endfacet
  facet normal 0.564191 0.825645 -0
    outer loop
      vertex 130.057 47.1012 20
      vertex 130.033 47.1176 21.3
      vertex 130.057 47.1012 21.3
    endloop
  endfacet
  facet normal 0.564191 0.825645 0
    outer loop
      vertex 130.033 47.1176 21.3
      vertex 130.057 47.1012 20
      vertex 130.033 47.1176 20
    endloop
  endfacet
  facet normal 0.514496 0.857493 -0
    outer loop
      vertex 130.141 47.0508 20
      vertex 130.057 47.1012 21.3
      vertex 130.141 47.0508 21.3
    endloop
  endfacet
  facet normal 0.514496 0.857493 0
    outer loop
      vertex 130.057 47.1012 21.3
      vertex 130.141 47.0508 20
      vertex 130.057 47.1012 20
    endloop
  endfacet
  facet normal 0.471468 0.881883 -0
    outer loop
      vertex 130.167 47.0369 20
      vertex 130.141 47.0508 21.3
      vertex 130.167 47.0369 21.3
    endloop
  endfacet
  facet normal 0.471468 0.881883 0
    outer loop
      vertex 130.141 47.0508 21.3
      vertex 130.167 47.0369 20
      vertex 130.141 47.0508 20
    endloop
  endfacet
  facet normal 0.426775 0.904358 -0
    outer loop
      vertex 130.256 46.9949 20
      vertex 130.167 47.0369 21.3
      vertex 130.256 46.9949 21.3
    endloop
  endfacet
  facet normal 0.426775 0.904358 0
    outer loop
      vertex 130.167 47.0369 21.3
      vertex 130.256 46.9949 20
      vertex 130.167 47.0369 20
    endloop
  endfacet
  facet normal 0.383157 0.923683 -0
    outer loop
      vertex 130.283 46.9837 20
      vertex 130.256 46.9949 21.3
      vertex 130.283 46.9837 21.3
    endloop
  endfacet
  facet normal 0.383157 0.923683 0
    outer loop
      vertex 130.256 46.9949 21.3
      vertex 130.283 46.9837 20
      vertex 130.256 46.9949 20
    endloop
  endfacet
  facet normal 0.335309 0.942108 -0
    outer loop
      vertex 130.376 46.9506 20
      vertex 130.283 46.9837 21.3
      vertex 130.376 46.9506 21.3
    endloop
  endfacet
  facet normal 0.335309 0.942108 0
    outer loop
      vertex 130.283 46.9837 21.3
      vertex 130.376 46.9506 20
      vertex 130.283 46.9837 20
    endloop
  endfacet
  facet normal 0.290482 0.956881 -0
    outer loop
      vertex 130.404 46.9421 20
      vertex 130.376 46.9506 21.3
      vertex 130.404 46.9421 21.3
    endloop
  endfacet
  facet normal 0.290482 0.956881 0
    outer loop
      vertex 130.376 46.9506 21.3
      vertex 130.404 46.9421 20
      vertex 130.376 46.9506 20
    endloop
  endfacet
  facet normal 0.243977 0.969781 -0
    outer loop
      vertex 130.499 46.9182 20
      vertex 130.404 46.9421 21.3
      vertex 130.499 46.9182 21.3
    endloop
  endfacet
  facet normal 0.243977 0.969781 0
    outer loop
      vertex 130.404 46.9421 21.3
      vertex 130.499 46.9182 20
      vertex 130.404 46.9421 20
    endloop
  endfacet
  facet normal 0.192862 0.981226 -0
    outer loop
      vertex 130.528 46.9125 20
      vertex 130.499 46.9182 21.3
      vertex 130.528 46.9125 21.3
    endloop
  endfacet
  facet normal 0.192862 0.981226 0
    outer loop
      vertex 130.499 46.9182 21.3
      vertex 130.528 46.9125 20
      vertex 130.499 46.9182 20
    endloop
  endfacet
  facet normal 0.146844 0.98916 -0
    outer loop
      vertex 130.625 46.8981 20
      vertex 130.528 46.9125 21.3
      vertex 130.625 46.8981 21.3
    endloop
  endfacet
  facet normal 0.146844 0.98916 0
    outer loop
      vertex 130.528 46.9125 21.3
      vertex 130.625 46.8981 20
      vertex 130.528 46.9125 20
    endloop
  endfacet
  facet normal 0.0995037 0.995037 -0
    outer loop
      vertex 130.654 46.8952 20
      vertex 130.625 46.8981 21.3
      vertex 130.654 46.8952 21.3
    endloop
  endfacet
  facet normal 0.0995037 0.995037 0
    outer loop
      vertex 130.625 46.8981 21.3
      vertex 130.654 46.8952 20
      vertex 130.625 46.8981 20
    endloop
  endfacet
  facet normal 0.0489209 0.998803 -0
    outer loop
      vertex 130.752 46.8904 20
      vertex 130.654 46.8952 21.3
      vertex 130.752 46.8904 21.3
    endloop
  endfacet
  facet normal 0.0489209 0.998803 0
    outer loop
      vertex 130.654 46.8952 21.3
      vertex 130.752 46.8904 20
      vertex 130.654 46.8952 20
    endloop
  endfacet
  facet normal 0.0266572 0.999645 -0
    outer loop
      vertex 130.767 46.89 20
      vertex 130.752 46.8904 21.3
      vertex 130.767 46.89 21.3
    endloop
  endfacet
  facet normal 0.0266572 0.999645 0
    outer loop
      vertex 130.752 46.8904 21.3
      vertex 130.767 46.89 20
      vertex 130.752 46.8904 20
    endloop
  endfacet
  facet normal 0 1 -0
    outer loop
      vertex 131.4 46.89 20
      vertex 130.767 46.89 21.3
      vertex 131.4 46.89 21.3
    endloop
  endfacet
  facet normal 0 1 0
    outer loop
      vertex 130.767 46.89 21.3
      vertex 131.4 46.89 20
      vertex 130.767 46.89 20
    endloop
  endfacet
  facet normal -0.496139 -0.868243 0
    outer loop
      vertex 131.393 127.911 20
      vertex 131.4 127.907 21.3
      vertex 131.393 127.911 21.3
    endloop
  endfacet
  facet normal -0.496139 -0.868243 -0
    outer loop
      vertex 131.4 127.907 21.3
      vertex 131.393 127.911 20
      vertex 131.4 127.907 20
    endloop
  endfacet
  facet normal -0.4741 -0.880471 0
    outer loop
      vertex 131.367 127.925 20
      vertex 131.393 127.911 21.3
      vertex 131.367 127.925 21.3
    endloop
  endfacet
  facet normal -0.4741 -0.880471 -0
    outer loop
      vertex 131.393 127.911 21.3
      vertex 131.367 127.925 20
      vertex 131.393 127.911 20
    endloop
  endfacet
  facet normal -0.426775 -0.904358 0
    outer loop
      vertex 131.278 127.967 20
      vertex 131.367 127.925 21.3
      vertex 131.278 127.967 21.3
    endloop
  endfacet
  facet normal -0.426775 -0.904358 -0
    outer loop
      vertex 131.367 127.925 21.3
      vertex 131.278 127.967 20
      vertex 131.367 127.925 20
    endloop
  endfacet
  facet normal -0.377297 -0.926092 0
    outer loop
      vertex 131.251 127.978 20
      vertex 131.278 127.967 21.3
      vertex 131.251 127.978 21.3
    endloop
  endfacet
  facet normal -0.377297 -0.926092 -0
    outer loop
      vertex 131.278 127.967 21.3
      vertex 131.251 127.978 20
      vertex 131.278 127.967 20
    endloop
  endfacet
  facet normal -0.33441 -0.942428 0
    outer loop
      vertex 131.158 128.011 20
      vertex 131.251 127.978 21.3
      vertex 131.158 128.011 21.3
    endloop
  endfacet
  facet normal -0.33441 -0.942428 -0
    outer loop
      vertex 131.251 127.978 21.3
      vertex 131.158 128.011 20
      vertex 131.251 127.978 20
    endloop
  endfacet
  facet normal -0.306009 -0.952029 0
    outer loop
      vertex 131.13 128.02 20
      vertex 131.158 128.011 21.3
      vertex 131.13 128.02 21.3
    endloop
  endfacet
  facet normal -0.306009 -0.952029 -0
    outer loop
      vertex 131.158 128.011 21.3
      vertex 131.13 128.02 20
      vertex 131.158 128.011 20
    endloop
  endfacet
  facet normal -0.244936 -0.969539 0
    outer loop
      vertex 131.035 128.044 20
      vertex 131.13 128.02 21.3
      vertex 131.035 128.044 21.3
    endloop
  endfacet
  facet normal -0.244936 -0.969539 -0
    outer loop
      vertex 131.13 128.02 21.3
      vertex 131.035 128.044 20
      vertex 131.13 128.02 20
    endloop
  endfacet
  facet normal -0.202606 -0.97926 0
    outer loop
      vertex 131.006 128.05 20
      vertex 131.035 128.044 21.3
      vertex 131.006 128.05 21.3
    endloop
  endfacet
  facet normal -0.202606 -0.97926 -0
    outer loop
      vertex 131.035 128.044 21.3
      vertex 131.006 128.05 20
      vertex 131.035 128.044 20
    endloop
  endfacet
  facet normal -0.14285 -0.989744 0
    outer loop
      vertex 130.909 128.064 20
      vertex 131.006 128.05 21.3
      vertex 130.909 128.064 21.3
    endloop
  endfacet
  facet normal -0.14285 -0.989744 -0
    outer loop
      vertex 131.006 128.05 21.3
      vertex 130.909 128.064 20
      vertex 131.006 128.05 20
    endloop
  endfacet
  facet normal -0.102899 -0.994692 0
    outer loop
      vertex 130.88 128.067 20
      vertex 130.909 128.064 21.3
      vertex 130.88 128.067 21.3
    endloop
  endfacet
  facet normal -0.102899 -0.994692 -0
    outer loop
      vertex 130.909 128.064 21.3
      vertex 130.88 128.067 20
      vertex 130.909 128.064 20
    endloop
  endfacet
  facet normal -0.0509541 -0.998701 0
    outer loop
      vertex 130.782 128.072 20
      vertex 130.88 128.067 21.3
      vertex 130.782 128.072 21.3
    endloop
  endfacet
  facet normal -0.0509541 -0.998701 -0
    outer loop
      vertex 130.88 128.067 21.3
      vertex 130.782 128.072 20
      vertex 130.88 128.067 20
    endloop
  endfacet
  facet normal 0 -1 0
    outer loop
      vertex 130.767 128.072 20
      vertex 130.782 128.072 21.3
      vertex 130.767 128.072 21.3
    endloop
  endfacet
  facet normal 0 -1 -0
    outer loop
      vertex 130.782 128.072 21.3
      vertex 130.767 128.072 20
      vertex 130.782 128.072 20
    endloop
  endfacet
  facet normal 0 -1 0
    outer loop
      vertex 129.6 128.072 20
      vertex 130.767 128.072 21.3
      vertex 129.6 128.072 21.3
    endloop
  endfacet
  facet normal 0 -1 -0
    outer loop
      vertex 130.767 128.072 21.3
      vertex 129.6 128.072 20
      vertex 130.767 128.072 20
    endloop
  endfacet
  facet normal 0 -1 0
    outer loop
      vertex 92.667 130.453 20
      vertex 93.3 130.453 21.3
      vertex 92.667 130.453 21.3
    endloop
  endfacet
  facet normal 0 -1 -0
    outer loop
      vertex 93.3 130.453 21.3
      vertex 92.667 130.453 20
      vertex 93.3 130.453 20
    endloop
  endfacet
  facet normal 0 -1 0
    outer loop
      vertex 92.6523 130.453 20
      vertex 92.667 130.453 21.3
      vertex 92.6523 130.453 21.3
    endloop
  endfacet
  facet normal 0 -1 -0
    outer loop
      vertex 92.667 130.453 21.3
      vertex 92.6523 130.453 20
      vertex 92.667 130.453 20
    endloop
  endfacet
  facet normal 0.0509023 -0.998704 0
    outer loop
      vertex 92.5542 130.448 20
      vertex 92.6523 130.453 21.3
      vertex 92.5542 130.448 21.3
    endloop
  endfacet
  facet normal 0.0509023 -0.998704 0
    outer loop
      vertex 92.6523 130.453 21.3
      vertex 92.5542 130.448 20
      vertex 92.6523 130.453 20
    endloop
  endfacet
  facet normal 0.102202 -0.994764 0
    outer loop
      vertex 92.525 130.445 20
      vertex 92.5542 130.448 21.3
      vertex 92.525 130.445 21.3
    endloop
  endfacet
  facet normal 0.102202 -0.994764 0
    outer loop
      vertex 92.5542 130.448 21.3
      vertex 92.525 130.445 20
      vertex 92.5542 130.448 20
    endloop
  endfacet
  facet normal 0.142706 -0.989765 0
    outer loop
      vertex 92.4279 130.431 20
      vertex 92.525 130.445 21.3
      vertex 92.4279 130.431 21.3
    endloop
  endfacet
  facet normal 0.142706 -0.989765 0
    outer loop
      vertex 92.525 130.445 21.3
      vertex 92.4279 130.431 20
      vertex 92.525 130.445 20
    endloop
  endfacet
  facet normal 0.203278 -0.979121 0
    outer loop
      vertex 92.399 130.425 20
      vertex 92.4279 130.431 21.3
      vertex 92.399 130.425 21.3
    endloop
  endfacet
  facet normal 0.203278 -0.979121 0
    outer loop
      vertex 92.4279 130.431 21.3
      vertex 92.399 130.425 20
      vertex 92.4279 130.431 20
    endloop
  endfacet
  facet normal 0.244452 -0.969661 0
    outer loop
      vertex 92.3038 130.401 20
      vertex 92.399 130.425 21.3
      vertex 92.3038 130.401 21.3
    endloop
  endfacet
  facet normal 0.244452 -0.969661 0
    outer loop
      vertex 92.399 130.425 21.3
      vertex 92.3038 130.401 20
      vertex 92.399 130.425 20
    endloop
  endfacet
  facet normal 0.30404 -0.952659 0
    outer loop
      vertex 92.2756 130.392 20
      vertex 92.3038 130.401 21.3
      vertex 92.2756 130.392 21.3
    endloop
  endfacet
  facet normal 0.30404 -0.952659 0
    outer loop
      vertex 92.3038 130.401 21.3
      vertex 92.2756 130.392 20
      vertex 92.3038 130.401 20
    endloop
  endfacet
  facet normal 0.336336 -0.941742 0
    outer loop
      vertex 92.1832 130.359 20
      vertex 92.2756 130.392 21.3
      vertex 92.1832 130.359 21.3
    endloop
  endfacet
  facet normal 0.336336 -0.941742 0
    outer loop
      vertex 92.2756 130.392 21.3
      vertex 92.1832 130.359 20
      vertex 92.2756 130.392 20
    endloop
  endfacet
  facet normal 0.376102 -0.926578 0
    outer loop
      vertex 92.1561 130.348 20
      vertex 92.1832 130.359 21.3
      vertex 92.1561 130.348 21.3
    endloop
  endfacet
  facet normal 0.376102 -0.926578 0
    outer loop
      vertex 92.1832 130.359 21.3
      vertex 92.1561 130.348 20
      vertex 92.1832 130.359 20
    endloop
  endfacet
  facet normal 0.427955 -0.9038 0
    outer loop
      vertex 92.0674 130.306 20
      vertex 92.1561 130.348 21.3
      vertex 92.0674 130.306 21.3
    endloop
  endfacet
  facet normal 0.427955 -0.9038 0
    outer loop
      vertex 92.1561 130.348 21.3
      vertex 92.0674 130.306 20
      vertex 92.1561 130.348 20
    endloop
  endfacet
  facet normal 0.47269 -0.881229 0
    outer loop
      vertex 92.0413 130.292 20
      vertex 92.0674 130.306 21.3
      vertex 92.0413 130.292 21.3
    endloop
  endfacet
  facet normal 0.47269 -0.881229 0
    outer loop
      vertex 92.0674 130.306 21.3
      vertex 92.0413 130.292 20
      vertex 92.0674 130.306 20
    endloop
  endfacet
  facet normal 0.511035 -0.85956 0
    outer loop
      vertex 91.9572 130.242 20
      vertex 92.0413 130.292 21.3
      vertex 91.9572 130.242 21.3
    endloop
  endfacet
  facet normal 0.511035 -0.85956 0
    outer loop
      vertex 92.0413 130.292 21.3
      vertex 91.9572 130.242 20
      vertex 92.0413 130.292 20
    endloop
  endfacet
  facet normal 0.570082 -0.821588 0
    outer loop
      vertex 91.9327 130.225 20
      vertex 91.9572 130.242 21.3
      vertex 91.9327 130.225 21.3
    endloop
  endfacet
  facet normal 0.570082 -0.821588 0
    outer loop
      vertex 91.9572 130.242 21.3
      vertex 91.9327 130.225 20
      vertex 91.9572 130.242 20
    endloop
  endfacet
  facet normal 0.592781 -0.805364 0
    outer loop
      vertex 91.8539 130.167 20
      vertex 91.9327 130.225 21.3
      vertex 91.8539 130.167 21.3
    endloop
  endfacet
  facet normal 0.592781 -0.805364 0
    outer loop
      vertex 91.9327 130.225 21.3
      vertex 91.8539 130.167 20
      vertex 91.9327 130.225 20
    endloop
  endfacet
  facet normal 0.641844 -0.766835 0
    outer loop
      vertex 91.8312 130.148 20
      vertex 91.8539 130.167 21.3
      vertex 91.8312 130.148 21.3
    endloop
  endfacet
  facet normal 0.641844 -0.766835 0
    outer loop
      vertex 91.8539 130.167 21.3
      vertex 91.8312 130.148 20
      vertex 91.8539 130.167 20
    endloop
  endfacet
  facet normal 0.672166 -0.740401 0
    outer loop
      vertex 91.7585 130.082 20
      vertex 91.8312 130.148 21.3
      vertex 91.7585 130.082 21.3
    endloop
  endfacet
  facet normal 0.672166 -0.740401 0
    outer loop
      vertex 91.8312 130.148 21.3
      vertex 91.7585 130.082 20
      vertex 91.8312 130.148 20
    endloop
  endfacet
  facet normal 0.69138 -0.722492 0
    outer loop
      vertex 91.7376 130.062 21.3
      vertex 91.7585 130.082 20
      vertex 91.7585 130.082 21.3
    endloop
  endfacet
  facet normal 0.69138 -0.722492 0
    outer loop
      vertex 91.7585 130.082 20
      vertex 91.7376 130.062 21.3
      vertex 91.7376 130.062 20
    endloop
  endfacet
  facet normal 0.742282 -0.670088 0
    outer loop
      vertex 91.6717 129.989 21.3
      vertex 91.7376 130.062 20
      vertex 91.7376 130.062 21.3
    endloop
  endfacet
  facet normal 0.742282 -0.670088 0
    outer loop
      vertex 91.7376 130.062 20
      vertex 91.6717 129.989 21.3
      vertex 91.6717 129.989 20
    endloop
  endfacet
  facet normal 0.775908 -0.630847 0
    outer loop
      vertex 91.653 129.966 21.3
      vertex 91.6717 129.989 20
      vertex 91.6717 129.989 21.3
    endloop
  endfacet
  facet normal 0.775908 -0.630847 0
    outer loop
      vertex 91.6717 129.989 20
      vertex 91.653 129.966 21.3
      vertex 91.653 129.966 20
    endloop
  endfacet
  facet normal 0.804134 -0.594448 0
    outer loop
      vertex 91.5946 129.887 21.3
      vertex 91.653 129.966 20
      vertex 91.653 129.966 21.3
    endloop
  endfacet
  facet normal 0.804134 -0.594448 0
    outer loop
      vertex 91.653 129.966 20
      vertex 91.5946 129.887 21.3
      vertex 91.5946 129.887 20
    endloop
  endfacet
  facet normal 0.825645 -0.564191 0
    outer loop
      vertex 91.5782 129.863 21.3
      vertex 91.5946 129.887 20
      vertex 91.5946 129.887 21.3
    endloop
  endfacet
  facet normal 0.825645 -0.564191 0
    outer loop
      vertex 91.5946 129.887 20
      vertex 91.5782 129.863 21.3
      vertex 91.5782 129.863 20
    endloop
  endfacet
  facet normal 0.857493 -0.514496 0
    outer loop
      vertex 91.5278 129.779 21.3
      vertex 91.5782 129.863 20
      vertex 91.5782 129.863 21.3
    endloop
  endfacet
  facet normal 0.857493 -0.514496 0
    outer loop
      vertex 91.5782 129.863 20
      vertex 91.5278 129.779 21.3
      vertex 91.5278 129.779 20
    endloop
  endfacet
  facet normal 0.881883 -0.471468 0
    outer loop
      vertex 91.5139 129.753 21.3
      vertex 91.5278 129.779 20
      vertex 91.5278 129.779 21.3
    endloop
  endfacet
  facet normal 0.881883 -0.471468 0
    outer loop
      vertex 91.5278 129.779 20
      vertex 91.5139 129.753 21.3
      vertex 91.5139 129.753 20
    endloop
  endfacet
  facet normal 0.907339 -0.4204 0
    outer loop
      vertex 91.5 129.723 21.3
      vertex 91.5139 129.753 20
      vertex 91.5139 129.753 21.3
    endloop
  endfacet
  facet normal 0.907339 -0.4204 0
    outer loop
      vertex 91.5139 129.753 20
      vertex 91.5 129.723 21.3
      vertex 91.5 129.723 20
    endloop
  endfacet
  facet normal 0 -1 0
    outer loop
      vertex 53 125.691 20
      vertex 54.8 125.691 21.3
      vertex 53 125.691 21.3
    endloop
  endfacet
  facet normal 0 -1 -0
    outer loop
      vertex 54.8 125.691 21.3
      vertex 53 125.691 20
      vertex 54.8 125.691 20
    endloop
  endfacet
  facet normal 0 1 -0
    outer loop
      vertex 53.267 123.091 20
      vertex 53 123.091 21.3
      vertex 53.267 123.091 21.3
    endloop
  endfacet
  facet normal 0 1 0
    outer loop
      vertex 53 123.091 21.3
      vertex 53.267 123.091 20
      vertex 53 123.091 20
    endloop
  endfacet
  facet normal 1 -0 0
    outer loop
      vertex 53.267 106.641 21.3
      vertex 53.267 123.091 20
      vertex 53.267 123.091 21.3
    endloop
  endfacet
  facet normal 1 0 0
    outer loop
      vertex 53.267 123.091 20
      vertex 53.267 106.641 21.3
      vertex 53.267 106.641 20
    endloop
  endfacet
  facet normal 0 -1 0
    outer loop
      vertex 53 106.641 20
      vertex 53.267 106.641 21.3
      vertex 53 106.641 21.3
    endloop
  endfacet
  facet normal 0 -1 -0
    outer loop
      vertex 53.267 106.641 21.3
      vertex 53 106.641 20
      vertex 53.267 106.641 20
    endloop
  endfacet
  facet normal 0 1 -0
    outer loop
      vertex 53.267 104.041 20
      vertex 53 104.041 21.3
      vertex 53.267 104.041 21.3
    endloop
  endfacet
  facet normal 0 1 0
    outer loop
      vertex 53 104.041 21.3
      vertex 53.267 104.041 20
      vertex 53 104.041 20
    endloop
  endfacet
  facet normal 1 -0 0
    outer loop
      vertex 53.267 87.59 21.3
      vertex 53.267 104.041 20
      vertex 53.267 104.041 21.3
    endloop
  endfacet
  facet normal 1 0 0
    outer loop
      vertex 53.267 104.041 20
      vertex 53.267 87.59 21.3
      vertex 53.267 87.59 20
    endloop
  endfacet
  facet normal 0 -1 0
    outer loop
      vertex 53 87.59 20
      vertex 53.267 87.59 21.3
      vertex 53 87.59 21.3
    endloop
  endfacet
  facet normal 0 -1 -0
    outer loop
      vertex 53.267 87.59 21.3
      vertex 53 87.59 20
      vertex 53.267 87.59 20
    endloop
  endfacet
  facet normal 0 1 -0
    outer loop
      vertex 53.267 84.99 20
      vertex 53 84.99 21.3
      vertex 53.267 84.99 21.3
    endloop
  endfacet
  facet normal 0 1 0
    outer loop
      vertex 53 84.99 21.3
      vertex 53.267 84.99 20
      vertex 53 84.99 20
    endloop
  endfacet
  facet normal 1 -0 0
    outer loop
      vertex 53.267 67.2673 21.3
      vertex 53.267 84.99 20
      vertex 53.267 84.99 21.3
    endloop
  endfacet
  facet normal 1 0 0
    outer loop
      vertex 53.267 84.99 20
      vertex 53.267 67.2673 21.3
      vertex 53.267 67.2673 20
    endloop
  endfacet
  facet normal 0.0385481 -0.999257 0
    outer loop
      vertex 53 67.257 20
      vertex 53.267 67.2673 21.3
      vertex 53 67.257 21.3
    endloop
  endfacet
  facet normal 0.0385481 -0.999257 0
    outer loop
      vertex 53.267 67.2673 21.3
      vertex 53 67.257 20
      vertex 53.267 67.2673 20
    endloop
  endfacet
  facet normal -0.0384161 0.999262 0
    outer loop
      vertex 54.8 64.7258 20
      vertex 53 64.6566 21.3
      vertex 54.8 64.7258 21.3
    endloop
  endfacet
  facet normal -0.0384161 0.999262 0
    outer loop
      vertex 53 64.6566 21.3
      vertex 54.8 64.7258 20
      vertex 53 64.6566 20
    endloop
  endfacet
  facet normal 0.13048 -0.991451 0
    outer loop
      vertex 55.4139 41.8548 20
      vertex 57.2003 42.0899 21.3
      vertex 55.4139 41.8548 21.3
    endloop
  endfacet
  facet normal 0.13048 -0.991451 0
    outer loop
      vertex 57.2003 42.0899 21.3
      vertex 55.4139 41.8548 20
      vertex 57.2003 42.0899 20
    endloop
  endfacet
  facet normal -0.496139 -0.868243 0
    outer loop
      vertex 131.393 108.861 20
      vertex 131.4 108.857 21.3
      vertex 131.393 108.861 21.3
    endloop
  endfacet
  facet normal -0.496139 -0.868243 -0
    outer loop
      vertex 131.4 108.857 21.3
      vertex 131.393 108.861 20
      vertex 131.4 108.857 20
    endloop
  endfacet
  facet normal -0.4741 -0.880471 0
    outer loop
      vertex 131.367 108.875 20
      vertex 131.393 108.861 21.3
      vertex 131.367 108.875 21.3
    endloop
  endfacet
  facet normal -0.4741 -0.880471 -0
    outer loop
      vertex 131.393 108.861 21.3
      vertex 131.367 108.875 20
      vertex 131.393 108.861 20
    endloop
  endfacet
  facet normal -0.426775 -0.904358 0
    outer loop
      vertex 131.278 108.917 20
      vertex 131.367 108.875 21.3
      vertex 131.278 108.917 21.3
    endloop
  endfacet
  facet normal -0.426775 -0.904358 -0
    outer loop
      vertex 131.367 108.875 21.3
      vertex 131.278 108.917 20
      vertex 131.367 108.875 20
    endloop
  endfacet
  facet normal -0.377297 -0.926092 0
    outer loop
      vertex 131.251 108.928 20
      vertex 131.278 108.917 21.3
      vertex 131.251 108.928 21.3
    endloop
  endfacet
  facet normal -0.377297 -0.926092 -0
    outer loop
      vertex 131.278 108.917 21.3
      vertex 131.251 108.928 20
      vertex 131.278 108.917 20
    endloop
  endfacet
  facet normal -0.33441 -0.942428 0
    outer loop
      vertex 131.158 108.961 20
      vertex 131.251 108.928 21.3
      vertex 131.158 108.961 21.3
    endloop
  endfacet
  facet normal -0.33441 -0.942428 -0
    outer loop
      vertex 131.251 108.928 21.3
      vertex 131.158 108.961 20
      vertex 131.251 108.928 20
    endloop
  endfacet
  facet normal -0.306009 -0.952029 0
    outer loop
      vertex 131.13 108.97 20
      vertex 131.158 108.961 21.3
      vertex 131.13 108.97 21.3
    endloop
  endfacet
  facet normal -0.306009 -0.952029 -0
    outer loop
      vertex 131.158 108.961 21.3
      vertex 131.13 108.97 20
      vertex 131.158 108.961 20
    endloop
  endfacet
  facet normal -0.244936 -0.969539 0
    outer loop
      vertex 131.035 108.994 20
      vertex 131.13 108.97 21.3
      vertex 131.035 108.994 21.3
    endloop
  endfacet
  facet normal -0.244936 -0.969539 -0
    outer loop
      vertex 131.13 108.97 21.3
      vertex 131.035 108.994 20
      vertex 131.13 108.97 20
    endloop
  endfacet
  facet normal -0.202606 -0.97926 0
    outer loop
      vertex 131.006 109 20
      vertex 131.035 108.994 21.3
      vertex 131.006 109 21.3
    endloop
  endfacet
  facet normal -0.202606 -0.97926 -0
    outer loop
      vertex 131.035 108.994 21.3
      vertex 131.006 109 20
      vertex 131.035 108.994 20
    endloop
  endfacet
  facet normal -0.14285 -0.989744 0
    outer loop
      vertex 130.909 109.014 20
      vertex 131.006 109 21.3
      vertex 130.909 109.014 21.3
    endloop
  endfacet
  facet normal -0.14285 -0.989744 -0
    outer loop
      vertex 131.006 109 21.3
      vertex 130.909 109.014 20
      vertex 131.006 109 20
    endloop
  endfacet
  facet normal -0.102899 -0.994692 0
    outer loop
      vertex 130.88 109.017 20
      vertex 130.909 109.014 21.3
      vertex 130.88 109.017 21.3
    endloop
  endfacet
  facet normal -0.102899 -0.994692 -0
    outer loop
      vertex 130.909 109.014 21.3
      vertex 130.88 109.017 20
      vertex 130.909 109.014 20
    endloop
  endfacet
  facet normal -0.0509541 -0.998701 0
    outer loop
      vertex 130.782 109.022 20
      vertex 130.88 109.017 21.3
      vertex 130.782 109.022 21.3
    endloop
  endfacet
  facet normal -0.0509541 -0.998701 -0
    outer loop
      vertex 130.88 109.017 21.3
      vertex 130.782 109.022 20
      vertex 130.88 109.017 20
    endloop
  endfacet
  facet normal 0 -1 0
    outer loop
      vertex 130.767 109.022 20
      vertex 130.782 109.022 21.3
      vertex 130.767 109.022 21.3
    endloop
  endfacet
  facet normal 0 -1 -0
    outer loop
      vertex 130.782 109.022 21.3
      vertex 130.767 109.022 20
      vertex 130.782 109.022 20
    endloop
  endfacet
  facet normal 0 -1 0
    outer loop
      vertex 129.6 109.022 20
      vertex 130.767 109.022 21.3
      vertex 129.6 109.022 21.3
    endloop
  endfacet
  facet normal 0 -1 -0
    outer loop
      vertex 130.767 109.022 21.3
      vertex 129.6 109.022 20
      vertex 130.767 109.022 20
    endloop
  endfacet
  facet normal 0.906183 0.422885 0
    outer loop
      vertex 129.614 123.791 21.3
      vertex 129.6 123.821 20
      vertex 129.6 123.821 21.3
    endloop
  endfacet
  facet normal 0.906183 0.422885 0
    outer loop
      vertex 129.6 123.821 20
      vertex 129.614 123.791 21.3
      vertex 129.614 123.791 20
    endloop
  endfacet
  facet normal 0.880471 0.4741 0
    outer loop
      vertex 129.628 123.765 21.3
      vertex 129.614 123.791 20
      vertex 129.614 123.791 21.3
    endloop
  endfacet
  facet normal 0.880471 0.4741 0
    outer loop
      vertex 129.614 123.791 20
      vertex 129.628 123.765 21.3
      vertex 129.628 123.765 20
    endloop
  endfacet
  facet normal 0.859293 0.511484 0
    outer loop
      vertex 129.678 123.681 21.3
      vertex 129.628 123.765 20
      vertex 129.628 123.765 21.3
    endloop
  endfacet
  facet normal 0.859293 0.511484 0
    outer loop
      vertex 129.628 123.765 20
      vertex 129.678 123.681 21.3
      vertex 129.678 123.681 20
    endloop
  endfacet
  facet normal 0.816024 0.578017 0
    outer loop
      vertex 129.695 123.657 21.3
      vertex 129.678 123.681 20
      vertex 129.678 123.681 21.3
    endloop
  endfacet
  facet normal 0.816024 0.578017 0
    outer loop
      vertex 129.678 123.681 20
      vertex 129.695 123.657 21.3
      vertex 129.695 123.657 20
    endloop
  endfacet
  facet normal 0.80608 0.591806 0
    outer loop
      vertex 129.753 123.578 21.3
      vertex 129.695 123.657 20
      vertex 129.695 123.657 21.3
    endloop
  endfacet
  facet normal 0.80608 0.591806 0
    outer loop
      vertex 129.695 123.657 20
      vertex 129.753 123.578 21.3
      vertex 129.753 123.578 20
    endloop
  endfacet
  facet normal 0.770962 0.636881 0
    outer loop
      vertex 129.772 123.555 21.3
      vertex 129.753 123.578 20
      vertex 129.753 123.578 21.3
    endloop
  endfacet
  facet normal 0.770962 0.636881 0
    outer loop
      vertex 129.753 123.578 20
      vertex 129.772 123.555 21.3
      vertex 129.772 123.555 20
    endloop
  endfacet
  facet normal 0.741776 0.670647 0
    outer loop
      vertex 129.838 123.482 21.3
      vertex 129.772 123.555 20
      vertex 129.772 123.555 21.3
    endloop
  endfacet
  facet normal 0.741776 0.670647 0
    outer loop
      vertex 129.772 123.555 20
      vertex 129.838 123.482 21.3
      vertex 129.838 123.482 20
    endloop
  endfacet
  facet normal 0.707107 0.707107 0
    outer loop
      vertex 129.858 123.462 21.3
      vertex 129.838 123.482 20
      vertex 129.838 123.482 21.3
    endloop
  endfacet
  facet normal 0.707107 0.707107 0
    outer loop
      vertex 129.838 123.482 20
      vertex 129.858 123.462 21.3
      vertex 129.858 123.462 20
    endloop
  endfacet
  facet normal 0.670647 0.741776 -0
    outer loop
      vertex 129.931 123.396 20
      vertex 129.858 123.462 21.3
      vertex 129.931 123.396 21.3
    endloop
  endfacet
  facet normal 0.670647 0.741776 0
    outer loop
      vertex 129.858 123.462 21.3
      vertex 129.931 123.396 20
      vertex 129.858 123.462 20
    endloop
  endfacet
  facet normal 0.636881 0.770962 -0
    outer loop
      vertex 129.954 123.377 20
      vertex 129.931 123.396 21.3
      vertex 129.954 123.377 21.3
    endloop
  endfacet
  facet normal 0.636881 0.770962 0
    outer loop
      vertex 129.931 123.396 21.3
      vertex 129.954 123.377 20
      vertex 129.931 123.396 20
    endloop
  endfacet
  facet normal 0.591806 0.80608 -0
    outer loop
      vertex 130.033 123.319 20
      vertex 129.954 123.377 21.3
      vertex 130.033 123.319 21.3
    endloop
  endfacet
  facet normal 0.591806 0.80608 0
    outer loop
      vertex 129.954 123.377 21.3
      vertex 130.033 123.319 20
      vertex 129.954 123.377 20
    endloop
  endfacet
  facet normal 0.578017 0.816024 -0
    outer loop
      vertex 130.057 123.302 20
      vertex 130.033 123.319 21.3
      vertex 130.057 123.302 21.3
    endloop
  endfacet
  facet normal 0.578017 0.816024 0
    outer loop
      vertex 130.033 123.319 21.3
      vertex 130.057 123.302 20
      vertex 130.033 123.319 20
    endloop
  endfacet
  facet normal 0.511484 0.859293 -0
    outer loop
      vertex 130.141 123.252 20
      vertex 130.057 123.302 21.3
      vertex 130.141 123.252 21.3
    endloop
  endfacet
  facet normal 0.511484 0.859293 0
    outer loop
      vertex 130.057 123.302 21.3
      vertex 130.141 123.252 20
      vertex 130.057 123.302 20
    endloop
  endfacet
  facet normal 0.4741 0.880471 -0
    outer loop
      vertex 130.167 123.238 20
      vertex 130.141 123.252 21.3
      vertex 130.167 123.238 21.3
    endloop
  endfacet
  facet normal 0.4741 0.880471 0
    outer loop
      vertex 130.141 123.252 21.3
      vertex 130.167 123.238 20
      vertex 130.141 123.252 20
    endloop
  endfacet
  facet normal 0.426775 0.904358 -0
    outer loop
      vertex 130.256 123.196 20
      vertex 130.167 123.238 21.3
      vertex 130.256 123.196 21.3
    endloop
  endfacet
  facet normal 0.426775 0.904358 0
    outer loop
      vertex 130.167 123.238 21.3
      vertex 130.256 123.196 20
      vertex 130.167 123.238 20
    endloop
  endfacet
  facet normal 0.377297 0.926092 -0
    outer loop
      vertex 130.283 123.185 20
      vertex 130.256 123.196 21.3
      vertex 130.283 123.185 21.3
    endloop
  endfacet
  facet normal 0.377297 0.926092 0
    outer loop
      vertex 130.256 123.196 21.3
      vertex 130.283 123.185 20
      vertex 130.256 123.196 20
    endloop
  endfacet
  facet normal 0.33441 0.942428 -0
    outer loop
      vertex 130.376 123.152 20
      vertex 130.283 123.185 21.3
      vertex 130.376 123.152 21.3
    endloop
  endfacet
  facet normal 0.33441 0.942428 0
    outer loop
      vertex 130.283 123.185 21.3
      vertex 130.376 123.152 20
      vertex 130.283 123.185 20
    endloop
  endfacet
  facet normal 0.306009 0.952029 -0
    outer loop
      vertex 130.404 123.143 20
      vertex 130.376 123.152 21.3
      vertex 130.404 123.143 21.3
    endloop
  endfacet
  facet normal 0.306009 0.952029 0
    outer loop
      vertex 130.376 123.152 21.3
      vertex 130.404 123.143 20
      vertex 130.376 123.152 20
    endloop
  endfacet
  facet normal 0.244936 0.969539 -0
    outer loop
      vertex 130.499 123.119 20
      vertex 130.404 123.143 21.3
      vertex 130.499 123.119 21.3
    endloop
  endfacet
  facet normal 0.244936 0.969539 0
    outer loop
      vertex 130.404 123.143 21.3
      vertex 130.499 123.119 20
      vertex 130.404 123.143 20
    endloop
  endfacet
  facet normal 0.202606 0.97926 -0
    outer loop
      vertex 130.528 123.113 20
      vertex 130.499 123.119 21.3
      vertex 130.528 123.113 21.3
    endloop
  endfacet
  facet normal 0.202606 0.97926 0
    outer loop
      vertex 130.499 123.119 21.3
      vertex 130.528 123.113 20
      vertex 130.499 123.119 20
    endloop
  endfacet
  facet normal 0.14285 0.989744 -0
    outer loop
      vertex 130.625 123.099 20
      vertex 130.528 123.113 21.3
      vertex 130.625 123.099 21.3
    endloop
  endfacet
  facet normal 0.14285 0.989744 0
    outer loop
      vertex 130.528 123.113 21.3
      vertex 130.625 123.099 20
      vertex 130.528 123.113 20
    endloop
  endfacet
  facet normal 0.102899 0.994692 -0
    outer loop
      vertex 130.654 123.096 20
      vertex 130.625 123.099 21.3
      vertex 130.654 123.096 21.3
    endloop
  endfacet
  facet normal 0.102899 0.994692 0
    outer loop
      vertex 130.625 123.099 21.3
      vertex 130.654 123.096 20
      vertex 130.625 123.099 20
    endloop
  endfacet
  facet normal 0.0509541 0.998701 -0
    outer loop
      vertex 130.752 123.091 20
      vertex 130.654 123.096 21.3
      vertex 130.752 123.091 21.3
    endloop
  endfacet
  facet normal 0.0509541 0.998701 0
    outer loop
      vertex 130.654 123.096 21.3
      vertex 130.752 123.091 20
      vertex 130.654 123.096 20
    endloop
  endfacet
  facet normal 0 1 -0
    outer loop
      vertex 130.767 123.091 20
      vertex 130.752 123.091 21.3
      vertex 130.767 123.091 21.3
    endloop
  endfacet
  facet normal 0 1 0
    outer loop
      vertex 130.752 123.091 21.3
      vertex 130.767 123.091 20
      vertex 130.752 123.091 20
    endloop
  endfacet
  facet normal 0 1 -0
    outer loop
      vertex 131.4 123.091 20
      vertex 130.767 123.091 21.3
      vertex 131.4 123.091 21.3
    endloop
  endfacet
  facet normal 0 1 0
    outer loop
      vertex 130.767 123.091 21.3
      vertex 131.4 123.091 20
      vertex 130.767 123.091 20
    endloop
  endfacet
  facet normal 0 1 -0
    outer loop
      vertex 92.667 106.422 20
      vertex 91.5 106.422 21.3
      vertex 92.667 106.422 21.3
    endloop
  endfacet
  facet normal 0 1 0
    outer loop
      vertex 91.5 106.422 21.3
      vertex 92.667 106.422 20
      vertex 91.5 106.422 20
    endloop
  endfacet
  facet normal 0 1 -0
    outer loop
      vertex 92.6817 106.422 20
      vertex 92.667 106.422 21.3
      vertex 92.6817 106.422 21.3
    endloop
  endfacet
  facet normal 0 1 0
    outer loop
      vertex 92.667 106.422 21.3
      vertex 92.6817 106.422 20
      vertex 92.667 106.422 20
    endloop
  endfacet
  facet normal -0.0509023 0.998704 0
    outer loop
      vertex 92.7798 106.427 20
      vertex 92.6817 106.422 21.3
      vertex 92.7798 106.427 21.3
    endloop
  endfacet
  facet normal -0.0509023 0.998704 0
    outer loop
      vertex 92.6817 106.422 21.3
      vertex 92.7798 106.427 20
      vertex 92.6817 106.422 20
    endloop
  endfacet
  facet normal -0.102202 0.994764 0
    outer loop
      vertex 92.809 106.43 20
      vertex 92.7798 106.427 21.3
      vertex 92.809 106.43 21.3
    endloop
  endfacet
  facet normal -0.102202 0.994764 0
    outer loop
      vertex 92.7798 106.427 21.3
      vertex 92.809 106.43 20
      vertex 92.7798 106.427 20
    endloop
  endfacet
  facet normal -0.142706 0.989765 0
    outer loop
      vertex 92.9061 106.444 20
      vertex 92.809 106.43 21.3
      vertex 92.9061 106.444 21.3
    endloop
  endfacet
  facet normal -0.142706 0.989765 0
    outer loop
      vertex 92.809 106.43 21.3
      vertex 92.9061 106.444 20
      vertex 92.809 106.43 20
    endloop
  endfacet
  facet normal -0.203278 0.979121 0
    outer loop
      vertex 92.935 106.45 20
      vertex 92.9061 106.444 21.3
      vertex 92.935 106.45 21.3
    endloop
  endfacet
  facet normal -0.203278 0.979121 0
    outer loop
      vertex 92.9061 106.444 21.3
      vertex 92.935 106.45 20
      vertex 92.9061 106.444 20
    endloop
  endfacet
  facet normal -0.244452 0.969661 0
    outer loop
      vertex 93.0302 106.474 20
      vertex 92.935 106.45 21.3
      vertex 93.0302 106.474 21.3
    endloop
  endfacet
  facet normal -0.244452 0.969661 0
    outer loop
      vertex 92.935 106.45 21.3
      vertex 93.0302 106.474 20
      vertex 92.935 106.45 20
    endloop
  endfacet
  facet normal -0.305022 0.952345 0
    outer loop
      vertex 93.0583 106.483 20
      vertex 93.0302 106.474 21.3
      vertex 93.0583 106.483 21.3
    endloop
  endfacet
  facet normal -0.305022 0.952345 0
    outer loop
      vertex 93.0302 106.474 21.3
      vertex 93.0583 106.483 20
      vertex 93.0302 106.474 20
    endloop
  endfacet
  facet normal -0.336014 0.941857 0
    outer loop
      vertex 93.1508 106.516 20
      vertex 93.0583 106.483 21.3
      vertex 93.1508 106.516 21.3
    endloop
  endfacet
  facet normal -0.336014 0.941857 0
    outer loop
      vertex 93.0583 106.483 21.3
      vertex 93.1508 106.516 20
      vertex 93.0583 106.483 20
    endloop
  endfacet
  facet normal -0.376102 0.926578 0
    outer loop
      vertex 93.1779 106.527 20
      vertex 93.1508 106.516 21.3
      vertex 93.1779 106.527 21.3
    endloop
  endfacet
  facet normal -0.376102 0.926578 0
    outer loop
      vertex 93.1508 106.516 21.3
      vertex 93.1779 106.527 20
      vertex 93.1508 106.516 20
    endloop
  endfacet
  facet normal -0.427955 0.9038 0
    outer loop
      vertex 93.2666 106.569 20
      vertex 93.1779 106.527 21.3
      vertex 93.2666 106.569 21.3
    endloop
  endfacet
  facet normal -0.427955 0.9038 0
    outer loop
      vertex 93.1779 106.527 21.3
      vertex 93.2666 106.569 20
      vertex 93.1779 106.527 20
    endloop
  endfacet
  facet normal -0.47269 0.881229 0
    outer loop
      vertex 93.2927 106.583 20
      vertex 93.2666 106.569 21.3
      vertex 93.2927 106.583 21.3
    endloop
  endfacet
  facet normal -0.47269 0.881229 0
    outer loop
      vertex 93.2666 106.569 21.3
      vertex 93.2927 106.583 20
      vertex 93.2666 106.569 20
    endloop
  endfacet
  facet normal -0.480535 0.876976 0
    outer loop
      vertex 93.3 106.587 20
      vertex 93.2927 106.583 21.3
      vertex 93.3 106.587 21.3
    endloop
  endfacet
  facet normal -0.480535 0.876976 0
    outer loop
      vertex 93.2927 106.583 21.3
      vertex 93.3 106.587 20
      vertex 93.2927 106.583 20
    endloop
  endfacet
  facet normal 0 -1 0
    outer loop
      vertex 92.667 92.353 20
      vertex 93.3 92.353 21.3
      vertex 92.667 92.353 21.3
    endloop
  endfacet
  facet normal 0 -1 -0
    outer loop
      vertex 93.3 92.353 21.3
      vertex 92.667 92.353 20
      vertex 93.3 92.353 20
    endloop
  endfacet
  facet normal 0.0272008 -0.99963 0
    outer loop
      vertex 92.6523 92.3526 20
      vertex 92.667 92.353 21.3
      vertex 92.6523 92.3526 21.3
    endloop
  endfacet
  facet normal 0.0272008 -0.99963 0
    outer loop
      vertex 92.667 92.353 21.3
      vertex 92.6523 92.3526 20
      vertex 92.667 92.353 20
    endloop
  endfacet
  facet normal 0.0489209 -0.998803 0
    outer loop
      vertex 92.5543 92.3478 20
      vertex 92.6523 92.3526 21.3
      vertex 92.5543 92.3478 21.3
    endloop
  endfacet
  facet normal 0.0489209 -0.998803 0
    outer loop
      vertex 92.6523 92.3526 21.3
      vertex 92.5543 92.3478 20
      vertex 92.6523 92.3526 20
    endloop
  endfacet
  facet normal 0.0981631 -0.99517 0
    outer loop
      vertex 92.5249 92.3449 20
      vertex 92.5543 92.3478 21.3
      vertex 92.5249 92.3449 21.3
    endloop
  endfacet
  facet normal 0.0981631 -0.99517 0
    outer loop
      vertex 92.5543 92.3478 21.3
      vertex 92.5249 92.3449 20
      vertex 92.5543 92.3478 20
    endloop
  endfacet
  facet normal 0.146844 -0.98916 0
    outer loop
      vertex 92.4279 92.3305 20
      vertex 92.5249 92.3449 21.3
      vertex 92.4279 92.3305 21.3
    endloop
  endfacet
  facet normal 0.146844 -0.98916 0
    outer loop
      vertex 92.5249 92.3449 21.3
      vertex 92.4279 92.3305 20
      vertex 92.5249 92.3449 20
    endloop
  endfacet
  facet normal 0.193504 -0.981099 0
    outer loop
      vertex 92.399 92.3248 20
      vertex 92.4279 92.3305 21.3
      vertex 92.399 92.3248 21.3
    endloop
  endfacet
  facet normal 0.193504 -0.981099 0
    outer loop
      vertex 92.4279 92.3305 21.3
      vertex 92.399 92.3248 20
      vertex 92.4279 92.3305 20
    endloop
  endfacet
  facet normal 0.242536 -0.970143 0
    outer loop
      vertex 92.3038 92.301 20
      vertex 92.399 92.3248 21.3
      vertex 92.3038 92.301 21.3
    endloop
  endfacet
  facet normal 0.242536 -0.970143 0
    outer loop
      vertex 92.399 92.3248 21.3
      vertex 92.3038 92.301 20
      vertex 92.399 92.3248 20
    endloop
  endfacet
  facet normal 0.291701 -0.956509 0
    outer loop
      vertex 92.2756 92.2924 20
      vertex 92.3038 92.301 21.3
      vertex 92.2756 92.2924 21.3
    endloop
  endfacet
  facet normal 0.291701 -0.956509 0
    outer loop
      vertex 92.3038 92.301 21.3
      vertex 92.2756 92.2924 20
      vertex 92.3038 92.301 20
    endloop
  endfacet
  facet normal 0.33724 -0.941419 0
    outer loop
      vertex 92.1832 92.2593 20
      vertex 92.2756 92.2924 21.3
      vertex 92.1832 92.2593 21.3
    endloop
  endfacet
  facet normal 0.33724 -0.941419 0
    outer loop
      vertex 92.2756 92.2924 21.3
      vertex 92.1832 92.2593 20
      vertex 92.2756 92.2924 20
    endloop
  endfacet
  facet normal 0.38075 -0.924678 0
    outer loop
      vertex 92.156 92.2481 20
      vertex 92.1832 92.2593 21.3
      vertex 92.156 92.2481 21.3
    endloop
  endfacet
  facet normal 0.38075 -0.924678 0
    outer loop
      vertex 92.1832 92.2593 21.3
      vertex 92.156 92.2481 20
      vertex 92.1832 92.2593 20
    endloop
  endfacet
  facet normal 0.427955 -0.9038 0
    outer loop
      vertex 92.0673 92.2061 20
      vertex 92.156 92.2481 21.3
      vertex 92.0673 92.2061 21.3
    endloop
  endfacet
  facet normal 0.427955 -0.9038 0
    outer loop
      vertex 92.156 92.2481 21.3
      vertex 92.0673 92.2061 20
      vertex 92.156 92.2481 20
    endloop
  endfacet
  facet normal 0.472882 -0.881126 0
    outer loop
      vertex 92.0414 92.1922 20
      vertex 92.0673 92.2061 21.3
      vertex 92.0414 92.1922 21.3
    endloop
  endfacet
  facet normal 0.472882 -0.881126 0
    outer loop
      vertex 92.0673 92.2061 21.3
      vertex 92.0414 92.1922 20
      vertex 92.0673 92.2061 20
    endloop
  endfacet
  facet normal 0.513596 -0.858032 0
    outer loop
      vertex 91.9572 92.1418 20
      vertex 92.0414 92.1922 21.3
      vertex 91.9572 92.1418 21.3
    endloop
  endfacet
  facet normal 0.513596 -0.858032 0
    outer loop
      vertex 92.0414 92.1922 21.3
      vertex 91.9572 92.1418 20
      vertex 92.0414 92.1922 20
    endloop
  endfacet
  facet normal 0.556265 -0.831005 0
    outer loop
      vertex 91.9327 92.1254 20
      vertex 91.9572 92.1418 21.3
      vertex 91.9327 92.1254 21.3
    endloop
  endfacet
  facet normal 0.556265 -0.831005 0
    outer loop
      vertex 91.9572 92.1418 21.3
      vertex 91.9327 92.1254 20
      vertex 91.9572 92.1418 20
    endloop
  endfacet
  facet normal 0.59608 -0.802925 0
    outer loop
      vertex 91.8539 92.0669 20
      vertex 91.9327 92.1254 21.3
      vertex 91.8539 92.0669 21.3
    endloop
  endfacet
  facet normal 0.59608 -0.802925 0
    outer loop
      vertex 91.9327 92.1254 21.3
      vertex 91.8539 92.0669 20
      vertex 91.9327 92.1254 20
    endloop
  endfacet
  facet normal 0.633794 -0.773502 0
    outer loop
      vertex 91.8312 92.0483 20
      vertex 91.8539 92.0669 21.3
      vertex 91.8312 92.0483 21.3
    endloop
  endfacet
  facet normal 0.633794 -0.773502 0
    outer loop
      vertex 91.8539 92.0669 21.3
      vertex 91.8312 92.0483 20
      vertex 91.8539 92.0669 20
    endloop
  endfacet
  facet normal 0.671607 -0.740908 0
    outer loop
      vertex 91.7585 91.9824 20
      vertex 91.8312 92.0483 21.3
      vertex 91.7585 91.9824 21.3
    endloop
  endfacet
  facet normal 0.671607 -0.740908 0
    outer loop
      vertex 91.8312 92.0483 21.3
      vertex 91.7585 91.9824 20
      vertex 91.8312 92.0483 20
    endloop
  endfacet
  facet normal 0.705409 -0.7088 0
    outer loop
      vertex 91.7376 91.9616 21.3
      vertex 91.7585 91.9824 20
      vertex 91.7585 91.9824 21.3
    endloop
  endfacet
  facet normal 0.705409 -0.7088 0
    outer loop
      vertex 91.7585 91.9824 20
      vertex 91.7376 91.9616 21.3
      vertex 91.7376 91.9616 20
    endloop
  endfacet
  facet normal 0.740908 -0.671607 0
    outer loop
      vertex 91.6717 91.8889 21.3
      vertex 91.7376 91.9616 20
      vertex 91.7376 91.9616 21.3
    endloop
  endfacet
  facet normal 0.740908 -0.671607 0
    outer loop
      vertex 91.7376 91.9616 20
      vertex 91.6717 91.8889 21.3
      vertex 91.6717 91.8889 20
    endloop
  endfacet
  facet normal 0.773201 -0.634161 0
    outer loop
      vertex 91.653 91.8661 21.3
      vertex 91.6717 91.8889 20
      vertex 91.6717 91.8889 21.3
    endloop
  endfacet
  facet normal 0.773201 -0.634161 0
    outer loop
      vertex 91.6717 91.8889 20
      vertex 91.653 91.8661 21.3
      vertex 91.653 91.8661 20
    endloop
  endfacet
  facet normal 0.803413 -0.595423 0
    outer loop
      vertex 91.5946 91.7873 21.3
      vertex 91.653 91.8661 20
      vertex 91.653 91.8661 21.3
    endloop
  endfacet
  facet normal 0.803413 -0.595423 0
    outer loop
      vertex 91.653 91.8661 20
      vertex 91.5946 91.7873 21.3
      vertex 91.5946 91.7873 20
    endloop
  endfacet
  facet normal 0.831005 -0.556265 0
    outer loop
      vertex 91.5782 91.7628 21.3
      vertex 91.5946 91.7873 20
      vertex 91.5946 91.7873 21.3
    endloop
  endfacet
  facet normal 0.831005 -0.556265 0
    outer loop
      vertex 91.5946 91.7873 20
      vertex 91.5782 91.7628 21.3
      vertex 91.5782 91.7628 20
    endloop
  endfacet
  facet normal 0.858032 -0.513596 0
    outer loop
      vertex 91.5278 91.6786 21.3
      vertex 91.5782 91.7628 20
      vertex 91.5782 91.7628 21.3
    endloop
  endfacet
  facet normal 0.858032 -0.513596 0
    outer loop
      vertex 91.5782 91.7628 20
      vertex 91.5278 91.6786 21.3
      vertex 91.5278 91.6786 20
    endloop
  endfacet
  facet normal 0.881126 -0.472882 0
    outer loop
      vertex 91.5139 91.6527 21.3
      vertex 91.5278 91.6786 20
      vertex 91.5278 91.6786 21.3
    endloop
  endfacet
  facet normal 0.881126 -0.472882 0
    outer loop
      vertex 91.5278 91.6786 20
      vertex 91.5139 91.6527 21.3
      vertex 91.5139 91.6527 20
    endloop
  endfacet
  facet normal 0.904051 -0.427425 0
    outer loop
      vertex 91.5 91.6233 21.3
      vertex 91.5139 91.6527 20
      vertex 91.5139 91.6527 21.3
    endloop
  endfacet
  facet normal 0.904051 -0.427425 0
    outer loop
      vertex 91.5139 91.6527 20
      vertex 91.5 91.6233 21.3
      vertex 91.5 91.6233 20
    endloop
  endfacet
  facet normal -0.532172 -0.846637 0
    outer loop
      vertex 131.393 89.8112 20
      vertex 131.4 89.8068 21.3
      vertex 131.393 89.8112 21.3
    endloop
  endfacet
  facet normal -0.532172 -0.846637 -0
    outer loop
      vertex 131.4 89.8068 21.3
      vertex 131.393 89.8112 20
      vertex 131.4 89.8068 20
    endloop
  endfacet
  facet normal -0.471468 -0.881883 0
    outer loop
      vertex 131.367 89.8251 20
      vertex 131.393 89.8112 21.3
      vertex 131.367 89.8251 21.3
    endloop
  endfacet
  facet normal -0.471468 -0.881883 -0
    outer loop
      vertex 131.393 89.8112 21.3
      vertex 131.367 89.8251 20
      vertex 131.393 89.8112 20
    endloop
  endfacet
  facet normal -0.426775 -0.904358 0
    outer loop
      vertex 131.278 89.8671 20
      vertex 131.367 89.8251 21.3
      vertex 131.278 89.8671 21.3
    endloop
  endfacet
  facet normal -0.426775 -0.904358 -0
    outer loop
      vertex 131.367 89.8251 21.3
      vertex 131.278 89.8671 20
      vertex 131.367 89.8251 20
    endloop
  endfacet
  facet normal -0.383157 -0.923683 0
    outer loop
      vertex 131.251 89.8783 20
      vertex 131.278 89.8671 21.3
      vertex 131.251 89.8783 21.3
    endloop
  endfacet
  facet normal -0.383157 -0.923683 -0
    outer loop
      vertex 131.278 89.8671 21.3
      vertex 131.251 89.8783 20
      vertex 131.278 89.8671 20
    endloop
  endfacet
  facet normal -0.335309 -0.942108 0
    outer loop
      vertex 131.158 89.9114 20
      vertex 131.251 89.8783 21.3
      vertex 131.158 89.9114 21.3
    endloop
  endfacet
  facet normal -0.335309 -0.942108 -0
    outer loop
      vertex 131.251 89.8783 21.3
      vertex 131.158 89.9114 20
      vertex 131.251 89.8783 20
    endloop
  endfacet
  facet normal -0.290482 -0.956881 0
    outer loop
      vertex 131.13 89.9199 20
      vertex 131.158 89.9114 21.3
      vertex 131.13 89.9199 21.3
    endloop
  endfacet
  facet normal -0.290482 -0.956881 -0
    outer loop
      vertex 131.158 89.9114 21.3
      vertex 131.13 89.9199 20
      vertex 131.158 89.9114 20
    endloop
  endfacet
  facet normal -0.243977 -0.969781 0
    outer loop
      vertex 131.035 89.9438 20
      vertex 131.13 89.9199 21.3
      vertex 131.035 89.9438 21.3
    endloop
  endfacet
  facet normal -0.243977 -0.969781 -0
    outer loop
      vertex 131.13 89.9199 21.3
      vertex 131.035 89.9438 20
      vertex 131.13 89.9199 20
    endloop
  endfacet
  facet normal -0.192862 -0.981226 0
    outer loop
      vertex 131.006 89.9495 20
      vertex 131.035 89.9438 21.3
      vertex 131.006 89.9495 21.3
    endloop
  endfacet
  facet normal -0.192862 -0.981226 -0
    outer loop
      vertex 131.035 89.9438 21.3
      vertex 131.006 89.9495 20
      vertex 131.035 89.9438 20
    endloop
  endfacet
  facet normal -0.146844 -0.98916 0
    outer loop
      vertex 130.909 89.9639 20
      vertex 131.006 89.9495 21.3
      vertex 130.909 89.9639 21.3
    endloop
  endfacet
  facet normal -0.146844 -0.98916 -0
    outer loop
      vertex 131.006 89.9495 21.3
      vertex 130.909 89.9639 20
      vertex 131.006 89.9495 20
    endloop
  endfacet
  facet normal -0.0995037 -0.995037 0
    outer loop
      vertex 130.88 89.9668 20
      vertex 130.909 89.9639 21.3
      vertex 130.88 89.9668 21.3
    endloop
  endfacet
  facet normal -0.0995037 -0.995037 -0
    outer loop
      vertex 130.909 89.9639 21.3
      vertex 130.88 89.9668 20
      vertex 130.909 89.9639 20
    endloop
  endfacet
  facet normal -0.0489209 -0.998803 0
    outer loop
      vertex 130.782 89.9716 20
      vertex 130.88 89.9668 21.3
      vertex 130.782 89.9716 21.3
    endloop
  endfacet
  facet normal -0.0489209 -0.998803 -0
    outer loop
      vertex 130.88 89.9668 21.3
      vertex 130.782 89.9716 20
      vertex 130.88 89.9668 20
    endloop
  endfacet
  facet normal -0.0266572 -0.999645 0
    outer loop
      vertex 130.767 89.972 20
      vertex 130.782 89.9716 21.3
      vertex 130.767 89.972 21.3
    endloop
  endfacet
  facet normal -0.0266572 -0.999645 -0
    outer loop
      vertex 130.782 89.9716 21.3
      vertex 130.767 89.972 20
      vertex 130.782 89.9716 20
    endloop
  endfacet
  facet normal 0 -1 0
    outer loop
      vertex 129.6 89.972 20
      vertex 130.767 89.972 21.3
      vertex 129.6 89.972 21.3
    endloop
  endfacet
  facet normal 0 -1 -0
    outer loop
      vertex 130.767 89.972 21.3
      vertex 129.6 89.972 20
      vertex 130.767 89.972 20
    endloop
  endfacet
  facet normal 0.906183 0.422885 0
    outer loop
      vertex 129.614 104.741 21.3
      vertex 129.6 104.771 20
      vertex 129.6 104.771 21.3
    endloop
  endfacet
  facet normal 0.906183 0.422885 0
    outer loop
      vertex 129.6 104.771 20
      vertex 129.614 104.741 21.3
      vertex 129.614 104.741 20
    endloop
  endfacet
  facet normal 0.880471 0.4741 0
    outer loop
      vertex 129.628 104.715 21.3
      vertex 129.614 104.741 20
      vertex 129.614 104.741 21.3
    endloop
  endfacet
  facet normal 0.880471 0.4741 0
    outer loop
      vertex 129.614 104.741 20
      vertex 129.628 104.715 21.3
      vertex 129.628 104.715 20
    endloop
  endfacet
  facet normal 0.859293 0.511484 0
    outer loop
      vertex 129.678 104.631 21.3
      vertex 129.628 104.715 20
      vertex 129.628 104.715 21.3
    endloop
  endfacet
  facet normal 0.859293 0.511484 0
    outer loop
      vertex 129.628 104.715 20
      vertex 129.678 104.631 21.3
      vertex 129.678 104.631 20
    endloop
  endfacet
  facet normal 0.816024 0.578017 0
    outer loop
      vertex 129.695 104.607 21.3
      vertex 129.678 104.631 20
      vertex 129.678 104.631 21.3
    endloop
  endfacet
  facet normal 0.816024 0.578017 0
    outer loop
      vertex 129.678 104.631 20
      vertex 129.695 104.607 21.3
      vertex 129.695 104.607 20
    endloop
  endfacet
  facet normal 0.80608 0.591806 0
    outer loop
      vertex 129.753 104.528 21.3
      vertex 129.695 104.607 20
      vertex 129.695 104.607 21.3
    endloop
  endfacet
  facet normal 0.80608 0.591806 0
    outer loop
      vertex 129.695 104.607 20
      vertex 129.753 104.528 21.3
      vertex 129.753 104.528 20
    endloop
  endfacet
  facet normal 0.770962 0.636881 0
    outer loop
      vertex 129.772 104.505 21.3
      vertex 129.753 104.528 20
      vertex 129.753 104.528 21.3
    endloop
  endfacet
  facet normal 0.770962 0.636881 0
    outer loop
      vertex 129.753 104.528 20
      vertex 129.772 104.505 21.3
      vertex 129.772 104.505 20
    endloop
  endfacet
  facet normal 0.741776 0.670647 0
    outer loop
      vertex 129.838 104.432 21.3
      vertex 129.772 104.505 20
      vertex 129.772 104.505 21.3
    endloop
  endfacet
  facet normal 0.741776 0.670647 0
    outer loop
      vertex 129.772 104.505 20
      vertex 129.838 104.432 21.3
      vertex 129.838 104.432 20
    endloop
  endfacet
  facet normal 0.707107 0.707107 0
    outer loop
      vertex 129.858 104.412 21.3
      vertex 129.838 104.432 20
      vertex 129.838 104.432 21.3
    endloop
  endfacet
  facet normal 0.707107 0.707107 0
    outer loop
      vertex 129.838 104.432 20
      vertex 129.858 104.412 21.3
      vertex 129.858 104.412 20
    endloop
  endfacet
  facet normal 0.670647 0.741776 -0
    outer loop
      vertex 129.931 104.346 20
      vertex 129.858 104.412 21.3
      vertex 129.931 104.346 21.3
    endloop
  endfacet
  facet normal 0.670647 0.741776 0
    outer loop
      vertex 129.858 104.412 21.3
      vertex 129.931 104.346 20
      vertex 129.858 104.412 20
    endloop
  endfacet
  facet normal 0.636881 0.770962 -0
    outer loop
      vertex 129.954 104.327 20
      vertex 129.931 104.346 21.3
      vertex 129.954 104.327 21.3
    endloop
  endfacet
  facet normal 0.636881 0.770962 0
    outer loop
      vertex 129.931 104.346 21.3
      vertex 129.954 104.327 20
      vertex 129.931 104.346 20
    endloop
  endfacet
  facet normal 0.591806 0.80608 -0
    outer loop
      vertex 130.033 104.269 20
      vertex 129.954 104.327 21.3
      vertex 130.033 104.269 21.3
    endloop
  endfacet
  facet normal 0.591806 0.80608 0
    outer loop
      vertex 129.954 104.327 21.3
      vertex 130.033 104.269 20
      vertex 129.954 104.327 20
    endloop
  endfacet
  facet normal 0.578017 0.816024 -0
    outer loop
      vertex 130.057 104.252 20
      vertex 130.033 104.269 21.3
      vertex 130.057 104.252 21.3
    endloop
  endfacet
  facet normal 0.578017 0.816024 0
    outer loop
      vertex 130.033 104.269 21.3
      vertex 130.057 104.252 20
      vertex 130.033 104.269 20
    endloop
  endfacet
  facet normal 0.511484 0.859293 -0
    outer loop
      vertex 130.141 104.202 20
      vertex 130.057 104.252 21.3
      vertex 130.141 104.202 21.3
    endloop
  endfacet
  facet normal 0.511484 0.859293 0
    outer loop
      vertex 130.057 104.252 21.3
      vertex 130.141 104.202 20
      vertex 130.057 104.252 20
    endloop
  endfacet
  facet normal 0.4741 0.880471 -0
    outer loop
      vertex 130.167 104.188 20
      vertex 130.141 104.202 21.3
      vertex 130.167 104.188 21.3
    endloop
  endfacet
  facet normal 0.4741 0.880471 0
    outer loop
      vertex 130.141 104.202 21.3
      vertex 130.167 104.188 20
      vertex 130.141 104.202 20
    endloop
  endfacet
  facet normal 0.426775 0.904358 -0
    outer loop
      vertex 130.256 104.146 20
      vertex 130.167 104.188 21.3
      vertex 130.256 104.146 21.3
    endloop
  endfacet
  facet normal 0.426775 0.904358 0
    outer loop
      vertex 130.167 104.188 21.3
      vertex 130.256 104.146 20
      vertex 130.167 104.188 20
    endloop
  endfacet
  facet normal 0.377297 0.926092 -0
    outer loop
      vertex 130.283 104.135 20
      vertex 130.256 104.146 21.3
      vertex 130.283 104.135 21.3
    endloop
  endfacet
  facet normal 0.377297 0.926092 0
    outer loop
      vertex 130.256 104.146 21.3
      vertex 130.283 104.135 20
      vertex 130.256 104.146 20
    endloop
  endfacet
  facet normal 0.33441 0.942428 -0
    outer loop
      vertex 130.376 104.102 20
      vertex 130.283 104.135 21.3
      vertex 130.376 104.102 21.3
    endloop
  endfacet
  facet normal 0.33441 0.942428 0
    outer loop
      vertex 130.283 104.135 21.3
      vertex 130.376 104.102 20
      vertex 130.283 104.135 20
    endloop
  endfacet
  facet normal 0.306009 0.952029 -0
    outer loop
      vertex 130.404 104.093 20
      vertex 130.376 104.102 21.3
      vertex 130.404 104.093 21.3
    endloop
  endfacet
  facet normal 0.306009 0.952029 0
    outer loop
      vertex 130.376 104.102 21.3
      vertex 130.404 104.093 20
      vertex 130.376 104.102 20
    endloop
  endfacet
  facet normal 0.244936 0.969539 -0
    outer loop
      vertex 130.499 104.069 20
      vertex 130.404 104.093 21.3
      vertex 130.499 104.069 21.3
    endloop
  endfacet
  facet normal 0.244936 0.969539 0
    outer loop
      vertex 130.404 104.093 21.3
      vertex 130.499 104.069 20
      vertex 130.404 104.093 20
    endloop
  endfacet
  facet normal 0.202606 0.97926 -0
    outer loop
      vertex 130.528 104.063 20
      vertex 130.499 104.069 21.3
      vertex 130.528 104.063 21.3
    endloop
  endfacet
  facet normal 0.202606 0.97926 0
    outer loop
      vertex 130.499 104.069 21.3
      vertex 130.528 104.063 20
      vertex 130.499 104.069 20
    endloop
  endfacet
  facet normal 0.14285 0.989744 -0
    outer loop
      vertex 130.625 104.049 20
      vertex 130.528 104.063 21.3
      vertex 130.625 104.049 21.3
    endloop
  endfacet
  facet normal 0.14285 0.989744 0
    outer loop
      vertex 130.528 104.063 21.3
      vertex 130.625 104.049 20
      vertex 130.528 104.063 20
    endloop
  endfacet
  facet normal 0.102899 0.994692 -0
    outer loop
      vertex 130.654 104.046 20
      vertex 130.625 104.049 21.3
      vertex 130.654 104.046 21.3
    endloop
  endfacet
  facet normal 0.102899 0.994692 0
    outer loop
      vertex 130.625 104.049 21.3
      vertex 130.654 104.046 20
      vertex 130.625 104.049 20
    endloop
  endfacet
  facet normal 0.0509541 0.998701 -0
    outer loop
      vertex 130.752 104.041 20
      vertex 130.654 104.046 21.3
      vertex 130.752 104.041 21.3
    endloop
  endfacet
  facet normal 0.0509541 0.998701 0
    outer loop
      vertex 130.654 104.046 21.3
      vertex 130.752 104.041 20
      vertex 130.654 104.046 20
    endloop
  endfacet
  facet normal 0 1 -0
    outer loop
      vertex 130.767 104.041 20
      vertex 130.752 104.041 21.3
      vertex 130.767 104.041 21.3
    endloop
  endfacet
  facet normal 0 1 0
    outer loop
      vertex 130.752 104.041 21.3
      vertex 130.767 104.041 20
      vertex 130.752 104.041 20
    endloop
  endfacet
  facet normal 0 1 -0
    outer loop
      vertex 131.4 104.041 20
      vertex 130.767 104.041 21.3
      vertex 131.4 104.041 21.3
    endloop
  endfacet
  facet normal 0 1 0
    outer loop
      vertex 130.767 104.041 21.3
      vertex 131.4 104.041 20
      vertex 130.767 104.041 20
    endloop
  endfacet
  facet normal 0 1 -0
    outer loop
      vertex 92.667 87.372 20
      vertex 91.5 87.372 21.3
      vertex 92.667 87.372 21.3
    endloop
  endfacet
  facet normal 0 1 0
    outer loop
      vertex 91.5 87.372 21.3
      vertex 92.667 87.372 20
      vertex 91.5 87.372 20
    endloop
  endfacet
  facet normal -0.0272008 0.99963 0
    outer loop
      vertex 92.6817 87.3724 20
      vertex 92.667 87.372 21.3
      vertex 92.6817 87.3724 21.3
    endloop
  endfacet
  facet normal -0.0272008 0.99963 0
    outer loop
      vertex 92.667 87.372 21.3
      vertex 92.6817 87.3724 20
      vertex 92.667 87.372 20
    endloop
  endfacet
  facet normal -0.0488712 0.998805 0
    outer loop
      vertex 92.7798 87.3772 20
      vertex 92.6817 87.3724 21.3
      vertex 92.7798 87.3772 21.3
    endloop
  endfacet
  facet normal -0.0488712 0.998805 0
    outer loop
      vertex 92.6817 87.3724 21.3
      vertex 92.7798 87.3772 20
      vertex 92.6817 87.3724 20
    endloop
  endfacet
  facet normal -0.0984948 0.995138 0
    outer loop
      vertex 92.8091 87.3801 20
      vertex 92.7798 87.3772 21.3
      vertex 92.8091 87.3801 21.3
    endloop
  endfacet
  facet normal -0.0984948 0.995138 0
    outer loop
      vertex 92.7798 87.3772 21.3
      vertex 92.8091 87.3801 20
      vertex 92.7798 87.3772 20
    endloop
  endfacet
  facet normal -0.146844 0.98916 0
    outer loop
      vertex 92.9061 87.3945 20
      vertex 92.8091 87.3801 21.3
      vertex 92.9061 87.3945 21.3
    endloop
  endfacet
  facet normal -0.146844 0.98916 0
    outer loop
      vertex 92.8091 87.3801 21.3
      vertex 92.9061 87.3945 20
      vertex 92.8091 87.3801 20
    endloop
  endfacet
  facet normal -0.193504 0.981099 0
    outer loop
      vertex 92.935 87.4002 20
      vertex 92.9061 87.3945 21.3
      vertex 92.935 87.4002 21.3
    endloop
  endfacet
  facet normal -0.193504 0.981099 0
    outer loop
      vertex 92.9061 87.3945 21.3
      vertex 92.935 87.4002 20
      vertex 92.9061 87.3945 20
    endloop
  endfacet
  facet normal -0.242536 0.970143 0
    outer loop
      vertex 93.0302 87.424 20
      vertex 92.935 87.4002 21.3
      vertex 93.0302 87.424 21.3
    endloop
  endfacet
  facet normal -0.242536 0.970143 0
    outer loop
      vertex 92.935 87.4002 21.3
      vertex 93.0302 87.424 20
      vertex 92.935 87.4002 20
    endloop
  endfacet
  facet normal -0.292651 0.956219 0
    outer loop
      vertex 93.0583 87.4326 20
      vertex 93.0302 87.424 21.3
      vertex 93.0583 87.4326 21.3
    endloop
  endfacet
  facet normal -0.292651 0.956219 0
    outer loop
      vertex 93.0302 87.424 21.3
      vertex 93.0583 87.4326 20
      vertex 93.0302 87.424 20
    endloop
  endfacet
  facet normal -0.336917 0.941534 0
    outer loop
      vertex 93.1508 87.4657 20
      vertex 93.0583 87.4326 21.3
      vertex 93.1508 87.4657 21.3
    endloop
  endfacet
  facet normal -0.336917 0.941534 0
    outer loop
      vertex 93.0583 87.4326 21.3
      vertex 93.1508 87.4657 20
      vertex 93.0583 87.4326 20
    endloop
  endfacet
  facet normal -0.38075 0.924678 0
    outer loop
      vertex 93.178 87.4769 20
      vertex 93.1508 87.4657 21.3
      vertex 93.178 87.4769 21.3
    endloop
  endfacet
  facet normal -0.38075 0.924678 0
    outer loop
      vertex 93.1508 87.4657 21.3
      vertex 93.178 87.4769 20
      vertex 93.1508 87.4657 20
    endloop
  endfacet
  facet normal -0.427955 0.9038 0
    outer loop
      vertex 93.2667 87.5189 20
      vertex 93.178 87.4769 21.3
      vertex 93.2667 87.5189 21.3
    endloop
  endfacet
  facet normal -0.427955 0.9038 0
    outer loop
      vertex 93.178 87.4769 21.3
      vertex 93.2667 87.5189 20
      vertex 93.178 87.4769 20
    endloop
  endfacet
  facet normal -0.472882 0.881126 0
    outer loop
      vertex 93.2926 87.5328 20
      vertex 93.2667 87.5189 21.3
      vertex 93.2926 87.5328 21.3
    endloop
  endfacet
  facet normal -0.472882 0.881126 0
    outer loop
      vertex 93.2667 87.5189 21.3
      vertex 93.2926 87.5328 20
      vertex 93.2667 87.5189 20
    endloop
  endfacet
  facet normal -0.511075 0.859536 0
    outer loop
      vertex 93.3 87.5372 20
      vertex 93.2926 87.5328 21.3
      vertex 93.3 87.5372 21.3
    endloop
  endfacet
  facet normal -0.511075 0.859536 0
    outer loop
      vertex 93.2926 87.5328 21.3
      vertex 93.3 87.5372 20
      vertex 93.2926 87.5328 20
    endloop
  endfacet
  facet normal 0 -1 0
    outer loop
      vertex 92.667 73.303 20
      vertex 93.3 73.303 21.3
      vertex 92.667 73.303 21.3
    endloop
  endfacet
  facet normal 0 -1 -0
    outer loop
      vertex 93.3 73.303 21.3
      vertex 92.667 73.303 20
      vertex 93.3 73.303 20
    endloop
  endfacet
  facet normal 0.0272008 -0.99963 0
    outer loop
      vertex 92.6523 73.3026 20
      vertex 92.667 73.303 21.3
      vertex 92.6523 73.3026 21.3
    endloop
  endfacet
  facet normal 0.0272008 -0.99963 0
    outer loop
      vertex 92.667 73.303 21.3
      vertex 92.6523 73.3026 20
      vertex 92.667 73.303 20
    endloop
  endfacet
  facet normal 0.0488712 -0.998805 0
    outer loop
      vertex 92.5542 73.2978 20
      vertex 92.6523 73.3026 21.3
      vertex 92.5542 73.2978 21.3
    endloop
  endfacet
  facet normal 0.0488712 -0.998805 0
    outer loop
      vertex 92.6523 73.3026 21.3
      vertex 92.5542 73.2978 20
      vertex 92.6523 73.3026 20
    endloop
  endfacet
  facet normal 0.0984948 -0.995138 0
    outer loop
      vertex 92.5249 73.2949 20
      vertex 92.5542 73.2978 21.3
      vertex 92.5249 73.2949 21.3
    endloop
  endfacet
  facet normal 0.0984948 -0.995138 0
    outer loop
      vertex 92.5542 73.2978 21.3
      vertex 92.5249 73.2949 20
      vertex 92.5542 73.2978 20
    endloop
  endfacet
  facet normal 0.146844 -0.98916 0
    outer loop
      vertex 92.4279 73.2805 20
      vertex 92.5249 73.2949 21.3
      vertex 92.4279 73.2805 21.3
    endloop
  endfacet
  facet normal 0.146844 -0.98916 0
    outer loop
      vertex 92.5249 73.2949 21.3
      vertex 92.4279 73.2805 20
      vertex 92.5249 73.2949 20
    endloop
  endfacet
  facet normal 0.193504 -0.981099 0
    outer loop
      vertex 92.399 73.2748 20
      vertex 92.4279 73.2805 21.3
      vertex 92.399 73.2748 21.3
    endloop
  endfacet
  facet normal 0.193504 -0.981099 0
    outer loop
      vertex 92.4279 73.2805 21.3
      vertex 92.399 73.2748 20
      vertex 92.4279 73.2805 20
    endloop
  endfacet
  facet normal 0.242536 -0.970143 0
    outer loop
      vertex 92.3038 73.251 20
      vertex 92.399 73.2748 21.3
      vertex 92.3038 73.251 21.3
    endloop
  endfacet
  facet normal 0.242536 -0.970143 0
    outer loop
      vertex 92.399 73.2748 21.3
      vertex 92.3038 73.251 20
      vertex 92.399 73.2748 20
    endloop
  endfacet
  facet normal 0.291701 -0.956509 0
    outer loop
      vertex 92.2756 73.2424 20
      vertex 92.3038 73.251 21.3
      vertex 92.2756 73.2424 21.3
    endloop
  endfacet
  facet normal 0.291701 -0.956509 0
    outer loop
      vertex 92.3038 73.251 21.3
      vertex 92.2756 73.2424 20
      vertex 92.3038 73.251 20
    endloop
  endfacet
  facet normal 0.33724 -0.941419 0
    outer loop
      vertex 92.1832 73.2093 20
      vertex 92.2756 73.2424 21.3
      vertex 92.1832 73.2093 21.3
    endloop
  endfacet
  facet normal 0.33724 -0.941419 0
    outer loop
      vertex 92.2756 73.2424 21.3
      vertex 92.1832 73.2093 20
      vertex 92.2756 73.2424 20
    endloop
  endfacet
  facet normal 0.38075 -0.924678 0
    outer loop
      vertex 92.156 73.1981 20
      vertex 92.1832 73.2093 21.3
      vertex 92.156 73.1981 21.3
    endloop
  endfacet
  facet normal 0.38075 -0.924678 0
    outer loop
      vertex 92.1832 73.2093 21.3
      vertex 92.156 73.1981 20
      vertex 92.1832 73.2093 20
    endloop
  endfacet
  facet normal 0.427955 -0.9038 0
    outer loop
      vertex 92.0673 73.1561 20
      vertex 92.156 73.1981 21.3
      vertex 92.0673 73.1561 21.3
    endloop
  endfacet
  facet normal 0.427955 -0.9038 0
    outer loop
      vertex 92.156 73.1981 21.3
      vertex 92.0673 73.1561 20
      vertex 92.156 73.1981 20
    endloop
  endfacet
  facet normal 0.472882 -0.881126 0
    outer loop
      vertex 92.0414 73.1422 20
      vertex 92.0673 73.1561 21.3
      vertex 92.0414 73.1422 21.3
    endloop
  endfacet
  facet normal 0.472882 -0.881126 0
    outer loop
      vertex 92.0673 73.1561 21.3
      vertex 92.0414 73.1422 20
      vertex 92.0673 73.1561 20
    endloop
  endfacet
  facet normal 0.513596 -0.858032 0
    outer loop
      vertex 91.9572 73.0918 20
      vertex 92.0414 73.1422 21.3
      vertex 91.9572 73.0918 21.3
    endloop
  endfacet
  facet normal 0.513596 -0.858032 0
    outer loop
      vertex 92.0414 73.1422 21.3
      vertex 91.9572 73.0918 20
      vertex 92.0414 73.1422 20
    endloop
  endfacet
  facet normal 0.556265 -0.831005 0
    outer loop
      vertex 91.9327 73.0754 20
      vertex 91.9572 73.0918 21.3
      vertex 91.9327 73.0754 21.3
    endloop
  endfacet
  facet normal 0.556265 -0.831005 0
    outer loop
      vertex 91.9572 73.0918 21.3
      vertex 91.9327 73.0754 20
      vertex 91.9572 73.0918 20
    endloop
  endfacet
  facet normal 0.595423 -0.803413 0
    outer loop
      vertex 91.8539 73.017 20
      vertex 91.9327 73.0754 21.3
      vertex 91.8539 73.017 21.3
    endloop
  endfacet
  facet normal 0.595423 -0.803413 0
    outer loop
      vertex 91.9327 73.0754 21.3
      vertex 91.8539 73.017 20
      vertex 91.9327 73.0754 20
    endloop
  endfacet
  facet normal 0.635826 -0.771832 0
    outer loop
      vertex 91.8312 72.9983 20
      vertex 91.8539 73.017 21.3
      vertex 91.8312 72.9983 21.3
    endloop
  endfacet
  facet normal 0.635826 -0.771832 0
    outer loop
      vertex 91.8539 73.017 21.3
      vertex 91.8312 72.9983 20
      vertex 91.8539 73.017 20
    endloop
  endfacet
  facet normal 0.671607 -0.740908 0
    outer loop
      vertex 91.7585 72.9324 20
      vertex 91.8312 72.9983 21.3
      vertex 91.7585 72.9324 21.3
    endloop
  endfacet
  facet normal 0.671607 -0.740908 0
    outer loop
      vertex 91.8312 72.9983 21.3
      vertex 91.7585 72.9324 20
      vertex 91.8312 72.9983 20
    endloop
  endfacet
  facet normal 0.705409 -0.7088 0
    outer loop
      vertex 91.7376 72.9116 21.3
      vertex 91.7585 72.9324 20
      vertex 91.7585 72.9324 21.3
    endloop
  endfacet
  facet normal 0.705409 -0.7088 0
    outer loop
      vertex 91.7585 72.9324 20
      vertex 91.7376 72.9116 21.3
      vertex 91.7376 72.9116 20
    endloop
  endfacet
  facet normal 0.741367 -0.6711 0
    outer loop
      vertex 91.6717 72.8388 21.3
      vertex 91.7376 72.9116 20
      vertex 91.7376 72.9116 21.3
    endloop
  endfacet
  facet normal 0.741367 -0.6711 0
    outer loop
      vertex 91.7376 72.9116 20
      vertex 91.6717 72.8388 21.3
      vertex 91.6717 72.8388 20
    endloop
  endfacet
  facet normal 0.771832 -0.635826 0
    outer loop
      vertex 91.653 72.8161 21.3
      vertex 91.6717 72.8388 20
      vertex 91.6717 72.8388 21.3
    endloop
  endfacet
  facet normal 0.771832 -0.635826 0
    outer loop
      vertex 91.6717 72.8388 20
      vertex 91.653 72.8161 21.3
      vertex 91.653 72.8161 20
    endloop
  endfacet
  facet normal 0.803413 -0.595423 0
    outer loop
      vertex 91.5946 72.7373 21.3
      vertex 91.653 72.8161 20
      vertex 91.653 72.8161 21.3
    endloop
  endfacet
  facet normal 0.803413 -0.595423 0
    outer loop
      vertex 91.653 72.8161 20
      vertex 91.5946 72.7373 21.3
      vertex 91.5946 72.7373 20
    endloop
  endfacet
  facet normal 0.831005 -0.556265 0
    outer loop
      vertex 91.5782 72.7128 21.3
      vertex 91.5946 72.7373 20
      vertex 91.5946 72.7373 21.3
    endloop
  endfacet
  facet normal 0.831005 -0.556265 0
    outer loop
      vertex 91.5946 72.7373 20
      vertex 91.5782 72.7128 21.3
      vertex 91.5782 72.7128 20
    endloop
  endfacet
  facet normal 0.858032 -0.513596 0
    outer loop
      vertex 91.5278 72.6286 21.3
      vertex 91.5782 72.7128 20
      vertex 91.5782 72.7128 21.3
    endloop
  endfacet
  facet normal 0.858032 -0.513596 0
    outer loop
      vertex 91.5782 72.7128 20
      vertex 91.5278 72.6286 21.3
      vertex 91.5278 72.6286 20
    endloop
  endfacet
  facet normal 0.881126 -0.472882 0
    outer loop
      vertex 91.5139 72.6027 21.3
      vertex 91.5278 72.6286 20
      vertex 91.5278 72.6286 21.3
    endloop
  endfacet
  facet normal 0.881126 -0.472882 0
    outer loop
      vertex 91.5278 72.6286 20
      vertex 91.5139 72.6027 21.3
      vertex 91.5139 72.6027 20
    endloop
  endfacet
  facet normal 0.904051 -0.427425 0
    outer loop
      vertex 91.5 72.5733 21.3
      vertex 91.5139 72.6027 20
      vertex 91.5139 72.6027 21.3
    endloop
  endfacet
  facet normal 0.904051 -0.427425 0
    outer loop
      vertex 91.5139 72.6027 20
      vertex 91.5 72.5733 21.3
      vertex 91.5 72.5733 20
    endloop
  endfacet
  facet normal -0.540758 -0.841178 0
    outer loop
      vertex 131.393 51.7113 20
      vertex 131.4 51.7068 21.3
      vertex 131.393 51.7113 21.3
    endloop
  endfacet
  facet normal -0.540758 -0.841178 -0
    outer loop
      vertex 131.4 51.7068 21.3
      vertex 131.393 51.7113 20
      vertex 131.4 51.7068 20
    endloop
  endfacet
  facet normal -0.468824 -0.883292 0
    outer loop
      vertex 131.367 51.7251 20
      vertex 131.393 51.7113 21.3
      vertex 131.367 51.7251 21.3
    endloop
  endfacet
  facet normal -0.468824 -0.883292 -0
    outer loop
      vertex 131.393 51.7113 21.3
      vertex 131.367 51.7251 20
      vertex 131.393 51.7113 20
    endloop
  endfacet
  facet normal -0.426775 -0.904358 0
    outer loop
      vertex 131.278 51.7671 20
      vertex 131.367 51.7251 21.3
      vertex 131.278 51.7671 21.3
    endloop
  endfacet
  facet normal -0.426775 -0.904358 -0
    outer loop
      vertex 131.367 51.7251 21.3
      vertex 131.278 51.7671 20
      vertex 131.367 51.7251 20
    endloop
  endfacet
  facet normal -0.383157 -0.923683 0
    outer loop
      vertex 131.251 51.7783 20
      vertex 131.278 51.7671 21.3
      vertex 131.251 51.7783 21.3
    endloop
  endfacet
  facet normal -0.383157 -0.923683 -0
    outer loop
      vertex 131.278 51.7671 21.3
      vertex 131.251 51.7783 20
      vertex 131.278 51.7671 20
    endloop
  endfacet
  facet normal -0.335309 -0.942108 0
    outer loop
      vertex 131.158 51.8114 20
      vertex 131.251 51.7783 21.3
      vertex 131.158 51.8114 21.3
    endloop
  endfacet
  facet normal -0.335309 -0.942108 -0
    outer loop
      vertex 131.251 51.7783 21.3
      vertex 131.158 51.8114 20
      vertex 131.251 51.7783 20
    endloop
  endfacet
  facet normal -0.293606 -0.955927 0
    outer loop
      vertex 131.13 51.82 20
      vertex 131.158 51.8114 21.3
      vertex 131.13 51.82 21.3
    endloop
  endfacet
  facet normal -0.293606 -0.955927 -0
    outer loop
      vertex 131.158 51.8114 21.3
      vertex 131.13 51.82 20
      vertex 131.158 51.8114 20
    endloop
  endfacet
  facet normal -0.243016 -0.970022 0
    outer loop
      vertex 131.035 51.8438 20
      vertex 131.13 51.82 21.3
      vertex 131.035 51.8438 21.3
    endloop
  endfacet
  facet normal -0.243016 -0.970022 -0
    outer loop
      vertex 131.13 51.82 21.3
      vertex 131.035 51.8438 20
      vertex 131.13 51.82 20
    endloop
  endfacet
  facet normal -0.192862 -0.981226 0
    outer loop
      vertex 131.006 51.8495 20
      vertex 131.035 51.8438 21.3
      vertex 131.006 51.8495 21.3
    endloop
  endfacet
  facet normal -0.192862 -0.981226 -0
    outer loop
      vertex 131.035 51.8438 21.3
      vertex 131.006 51.8495 20
      vertex 131.035 51.8438 20
    endloop
  endfacet
  facet normal -0.146844 -0.98916 0
    outer loop
      vertex 130.909 51.8639 20
      vertex 131.006 51.8495 21.3
      vertex 130.909 51.8639 21.3
    endloop
  endfacet
  facet normal -0.146844 -0.98916 -0
    outer loop
      vertex 131.006 51.8495 21.3
      vertex 130.909 51.8639 20
      vertex 131.006 51.8495 20
    endloop
  endfacet
  facet normal -0.0995037 -0.995037 0
    outer loop
      vertex 130.88 51.8668 20
      vertex 130.909 51.8639 21.3
      vertex 130.88 51.8668 21.3
    endloop
  endfacet
  facet normal -0.0995037 -0.995037 -0
    outer loop
      vertex 130.909 51.8639 21.3
      vertex 130.88 51.8668 20
      vertex 130.909 51.8639 20
    endloop
  endfacet
  facet normal -0.0499376 -0.998752 0
    outer loop
      vertex 130.782 51.8717 20
      vertex 130.88 51.8668 21.3
      vertex 130.782 51.8717 21.3
    endloop
  endfacet
  facet normal -0.0499376 -0.998752 -0
    outer loop
      vertex 130.88 51.8668 21.3
      vertex 130.782 51.8717 20
      vertex 130.88 51.8668 20
    endloop
  endfacet
  facet normal -0.019996 -0.9998 0
    outer loop
      vertex 130.767 51.872 20
      vertex 130.782 51.8717 21.3
      vertex 130.767 51.872 21.3
    endloop
  endfacet
  facet normal -0.019996 -0.9998 -0
    outer loop
      vertex 130.782 51.8717 21.3
      vertex 130.767 51.872 20
      vertex 130.782 51.8717 20
    endloop
  endfacet
  facet normal 0 -1 0
    outer loop
      vertex 129.6 51.872 20
      vertex 130.767 51.872 21.3
      vertex 129.6 51.872 21.3
    endloop
  endfacet
  facet normal 0 -1 -0
    outer loop
      vertex 130.767 51.872 21.3
      vertex 129.6 51.872 20
      vertex 130.767 51.872 20
    endloop
  endfacet
  facet normal 0.902861 0.429934 0
    outer loop
      vertex 129.614 66.6413 21.3
      vertex 129.6 66.6707 20
      vertex 129.6 66.6707 21.3
    endloop
  endfacet
  facet normal 0.902861 0.429934 0
    outer loop
      vertex 129.6 66.6707 20
      vertex 129.614 66.6413 21.3
      vertex 129.614 66.6413 20
    endloop
  endfacet
  facet normal 0.879707 0.475517 0
    outer loop
      vertex 129.628 66.6154 21.3
      vertex 129.614 66.6413 20
      vertex 129.614 66.6413 21.3
    endloop
  endfacet
  facet normal 0.879707 0.475517 0
    outer loop
      vertex 129.614 66.6413 20
      vertex 129.628 66.6154 21.3
      vertex 129.628 66.6154 20
    endloop
  endfacet
  facet normal 0.859827 0.510586 0
    outer loop
      vertex 129.678 66.5312 21.3
      vertex 129.628 66.6154 20
      vertex 129.628 66.6154 21.3
    endloop
  endfacet
  facet normal 0.859827 0.510586 0
    outer loop
      vertex 129.628 66.6154 20
      vertex 129.678 66.5312 21.3
      vertex 129.678 66.5312 20
    endloop
  endfacet
  facet normal 0.821588 0.570082 0
    outer loop
      vertex 129.695 66.5067 21.3
      vertex 129.678 66.5312 20
      vertex 129.678 66.5312 21.3
    endloop
  endfacet
  facet normal 0.821588 0.570082 0
    outer loop
      vertex 129.678 66.5312 20
      vertex 129.695 66.5067 21.3
      vertex 129.695 66.5067 20
    endloop
  endfacet
  facet normal 0.805364 0.592781 0
    outer loop
      vertex 129.753 66.4279 21.3
      vertex 129.695 66.5067 20
      vertex 129.695 66.5067 21.3
    endloop
  endfacet
  facet normal 0.805364 0.592781 0
    outer loop
      vertex 129.695 66.5067 20
      vertex 129.753 66.4279 21.3
      vertex 129.753 66.4279 20
    endloop
  endfacet
  facet normal 0.766835 0.641844 0
    outer loop
      vertex 129.772 66.4052 21.3
      vertex 129.753 66.4279 20
      vertex 129.753 66.4279 21.3
    endloop
  endfacet
  facet normal 0.766835 0.641844 0
    outer loop
      vertex 129.753 66.4279 20
      vertex 129.772 66.4052 21.3
      vertex 129.772 66.4052 20
    endloop
  endfacet
  facet normal 0.740401 0.672166 0
    outer loop
      vertex 129.838 66.3325 21.3
      vertex 129.772 66.4052 20
      vertex 129.772 66.4052 21.3
    endloop
  endfacet
  facet normal 0.740401 0.672166 0
    outer loop
      vertex 129.772 66.4052 20
      vertex 129.838 66.3325 21.3
      vertex 129.838 66.3325 20
    endloop
  endfacet
  facet normal 0.722492 0.69138 0
    outer loop
      vertex 129.858 66.3116 21.3
      vertex 129.838 66.3325 20
      vertex 129.838 66.3325 21.3
    endloop
  endfacet
  facet normal 0.722492 0.69138 0
    outer loop
      vertex 129.838 66.3325 20
      vertex 129.858 66.3116 21.3
      vertex 129.858 66.3116 20
    endloop
  endfacet
  facet normal 0.670088 0.742282 -0
    outer loop
      vertex 129.931 66.2457 20
      vertex 129.858 66.3116 21.3
      vertex 129.931 66.2457 21.3
    endloop
  endfacet
  facet normal 0.670088 0.742282 0
    outer loop
      vertex 129.858 66.3116 21.3
      vertex 129.931 66.2457 20
      vertex 129.858 66.3116 20
    endloop
  endfacet
  facet normal 0.630847 0.775908 -0
    outer loop
      vertex 129.954 66.227 20
      vertex 129.931 66.2457 21.3
      vertex 129.954 66.227 21.3
    endloop
  endfacet
  facet normal 0.630847 0.775908 0
    outer loop
      vertex 129.931 66.2457 21.3
      vertex 129.954 66.227 20
      vertex 129.931 66.2457 20
    endloop
  endfacet
  facet normal 0.594448 0.804134 -0
    outer loop
      vertex 130.033 66.1686 20
      vertex 129.954 66.227 21.3
      vertex 130.033 66.1686 21.3
    endloop
  endfacet
  facet normal 0.594448 0.804134 0
    outer loop
      vertex 129.954 66.227 21.3
      vertex 130.033 66.1686 20
      vertex 129.954 66.227 20
    endloop
  endfacet
  facet normal 0.564191 0.825645 -0
    outer loop
      vertex 130.057 66.1522 20
      vertex 130.033 66.1686 21.3
      vertex 130.057 66.1522 21.3
    endloop
  endfacet
  facet normal 0.564191 0.825645 0
    outer loop
      vertex 130.033 66.1686 21.3
      vertex 130.057 66.1522 20
      vertex 130.033 66.1686 20
    endloop
  endfacet
  facet normal 0.514496 0.857493 -0
    outer loop
      vertex 130.141 66.1018 20
      vertex 130.057 66.1522 21.3
      vertex 130.141 66.1018 21.3
    endloop
  endfacet
  facet normal 0.514496 0.857493 0
    outer loop
      vertex 130.057 66.1522 21.3
      vertex 130.141 66.1018 20
      vertex 130.057 66.1522 20
    endloop
  endfacet
  facet normal 0.471468 0.881883 -0
    outer loop
      vertex 130.167 66.0879 20
      vertex 130.141 66.1018 21.3
      vertex 130.167 66.0879 21.3
    endloop
  endfacet
  facet normal 0.471468 0.881883 0
    outer loop
      vertex 130.141 66.1018 21.3
      vertex 130.167 66.0879 20
      vertex 130.141 66.1018 20
    endloop
  endfacet
  facet normal 0.426775 0.904358 -0
    outer loop
      vertex 130.256 66.0459 20
      vertex 130.167 66.0879 21.3
      vertex 130.256 66.0459 21.3
    endloop
  endfacet
  facet normal 0.426775 0.904358 0
    outer loop
      vertex 130.167 66.0879 21.3
      vertex 130.256 66.0459 20
      vertex 130.167 66.0879 20
    endloop
  endfacet
  facet normal 0.383157 0.923683 -0
    outer loop
      vertex 130.283 66.0347 20
      vertex 130.256 66.0459 21.3
      vertex 130.283 66.0347 21.3
    endloop
  endfacet
  facet normal 0.383157 0.923683 0
    outer loop
      vertex 130.256 66.0459 21.3
      vertex 130.283 66.0347 20
      vertex 130.256 66.0459 20
    endloop
  endfacet
  facet normal 0.335309 0.942108 -0
    outer loop
      vertex 130.376 66.0016 20
      vertex 130.283 66.0347 21.3
      vertex 130.376 66.0016 21.3
    endloop
  endfacet
  facet normal 0.335309 0.942108 0
    outer loop
      vertex 130.283 66.0347 21.3
      vertex 130.376 66.0016 20
      vertex 130.283 66.0347 20
    endloop
  endfacet
  facet normal 0.290482 0.956881 -0
    outer loop
      vertex 130.404 65.9931 20
      vertex 130.376 66.0016 21.3
      vertex 130.404 65.9931 21.3
    endloop
  endfacet
  facet normal 0.290482 0.956881 0
    outer loop
      vertex 130.376 66.0016 21.3
      vertex 130.404 65.9931 20
      vertex 130.376 66.0016 20
    endloop
  endfacet
  facet normal 0.243977 0.969781 -0
    outer loop
      vertex 130.499 65.9692 20
      vertex 130.404 65.9931 21.3
      vertex 130.499 65.9692 21.3
    endloop
  endfacet
  facet normal 0.243977 0.969781 0
    outer loop
      vertex 130.404 65.9931 21.3
      vertex 130.499 65.9692 20
      vertex 130.404 65.9931 20
    endloop
  endfacet
  facet normal 0.192862 0.981226 -0
    outer loop
      vertex 130.528 65.9635 20
      vertex 130.499 65.9692 21.3
      vertex 130.528 65.9635 21.3
    endloop
  endfacet
  facet normal 0.192862 0.981226 0
    outer loop
      vertex 130.499 65.9692 21.3
      vertex 130.528 65.9635 20
      vertex 130.499 65.9692 20
    endloop
  endfacet
  facet normal 0.146844 0.98916 -0
    outer loop
      vertex 130.625 65.9491 20
      vertex 130.528 65.9635 21.3
      vertex 130.625 65.9491 21.3
    endloop
  endfacet
  facet normal 0.146844 0.98916 0
    outer loop
      vertex 130.528 65.9635 21.3
      vertex 130.625 65.9491 20
      vertex 130.528 65.9635 20
    endloop
  endfacet
  facet normal 0.0995037 0.995037 -0
    outer loop
      vertex 130.654 65.9462 20
      vertex 130.625 65.9491 21.3
      vertex 130.654 65.9462 21.3
    endloop
  endfacet
  facet normal 0.0995037 0.995037 0
    outer loop
      vertex 130.625 65.9491 21.3
      vertex 130.654 65.9462 20
      vertex 130.625 65.9491 20
    endloop
  endfacet
  facet normal 0.0489209 0.998803 -0
    outer loop
      vertex 130.752 65.9414 20
      vertex 130.654 65.9462 21.3
      vertex 130.752 65.9414 21.3
    endloop
  endfacet
  facet normal 0.0489209 0.998803 0
    outer loop
      vertex 130.654 65.9462 21.3
      vertex 130.752 65.9414 20
      vertex 130.654 65.9462 20
    endloop
  endfacet
  facet normal 0.0266572 0.999645 -0
    outer loop
      vertex 130.767 65.941 20
      vertex 130.752 65.9414 21.3
      vertex 130.767 65.941 21.3
    endloop
  endfacet
  facet normal 0.0266572 0.999645 0
    outer loop
      vertex 130.752 65.9414 21.3
      vertex 130.767 65.941 20
      vertex 130.752 65.9414 20
    endloop
  endfacet
  facet normal 0 1 -0
    outer loop
      vertex 131.4 65.941 20
      vertex 130.767 65.941 21.3
      vertex 131.4 65.941 21.3
    endloop
  endfacet
  facet normal 0 1 0
    outer loop
      vertex 130.767 65.941 21.3
      vertex 131.4 65.941 20
      vertex 130.767 65.941 20
    endloop
  endfacet
endsolid OpenSCAD_Model
