ISO-10303-21;
HEADER;
FILE_DESCRIPTION(('Open CASCADE Model'),'2;1');
FILE_NAME('Open CASCADE Shape Model','2026-08-18T20:07:29',('Author'),(
    'Open CASCADE'),'Open CASCADE STEP processor 7.9','build123d',
  'Unknown');
FILE_SCHEMA(('AUTOMOTIVE_DESIGN { 1 0 10303 214 1 1 1 1 }'));
ENDSEC;
DATA;
#1 = APPLICATION_PROTOCOL_DEFINITION('international standard',
  'automotive_design',2000,#2);
#2 = APPLICATION_CONTEXT(
  'core data for automotive mechanical design processes');
#3 = SHAPE_DEFINITION_REPRESENTATION(#4,#10);
#4 = PRODUCT_DEFINITION_SHAPE('','',#5);
#5 = PRODUCT_DEFINITION('design','',#6,#9);
#6 = PRODUCT_DEFINITION_FORMATION('','',#7);
#7 = PRODUCT('SOLID','SOLID','',(#8));
#8 = PRODUCT_CONTEXT('',#2,'mechanical');
#9 = PRODUCT_DEFINITION_CONTEXT('part definition',#2,'design');
#10 = ADVANCED_BREP_SHAPE_REPRESENTATION('',(#11,#15),#8255);
#11 = AXIS2_PLACEMENT_3D('',#12,#13,#14);
#12 = CARTESIAN_POINT('',(0.,0.,0.));
#13 = DIRECTION('',(0.,0.,1.));
#14 = DIRECTION('',(1.,0.,-0.));
#15 = MANIFOLD_SOLID_BREP('',#16);
#16 = CLOSED_SHELL('',(#17,#106,#162,#218,#296,#953,#979,#1004,#1183,
    #1277,#1321,#1365,#1416,#1468,#1498,#1567,#1769,#1815,#1839,#1889,
    #1938,#2049,#2074,#2100,#2106,#2154,#2245,#2270,#2296,#2434,#2441,
    #2447,#2454,#2501,#4411,#4457,#4503,#4528,#4535,#4560,#4586,#4592,
    #4599,#4624,#4650,#4719,#4828,#4873,#5002,#5055,#5131,#5177,#5256,
    #5332,#5404,#5457,#5533,#5578,#5707,#5760,#5836,#5882,#5961,#6037,
    #6109,#6162,#6238,#6283,#6412,#6465,#6541,#6587,#6666,#6742,#6814,
    #6867,#6943,#6988,#7117,#7170,#7246,#7292,#7371,#7447,#7514,#7539,
    #7594,#7669,#7719,#7767,#7816,#7866,#7914,#7963,#8013,#8061,#8110,
    #8160,#8187,#8237));
#17 = ADVANCED_FACE('',(#18),#32,.T.);
#18 = FACE_BOUND('',#19,.T.);
#19 = EDGE_LOOP('',(#20,#54,#81));
#20 = ORIENTED_EDGE('',*,*,#21,.T.);
#21 = EDGE_CURVE('',#22,#24,#26,.T.);
#22 = VERTEX_POINT('',#23);
#23 = CARTESIAN_POINT('',(10.15,1.525380030484,1.614959830385));
#24 = VERTEX_POINT('',#25);
#25 = CARTESIAN_POINT('',(9.95,7.679825848325,0.557035955403));
#26 = SURFACE_CURVE('',#27,(#31,#43),.PCURVE_S1.);
#27 = LINE('',#28,#29);
#28 = CARTESIAN_POINT('',(10.15,1.525380030484,1.614959830385));
#29 = VECTOR('',#30,1.);
#30 = DIRECTION('',(-3.201069335767E-02,0.985040389307,-0.169324383789)
  );
#31 = PCURVE('',#32,#37);
#32 = PLANE('',#33);
#33 = AXIS2_PLACEMENT_3D('',#34,#35,#36);
#34 = CARTESIAN_POINT('',(9.623761538591,5.366914673117,2.887266080958)
  );
#35 = DIRECTION('',(0.976929626358,6.662528715952E-02,0.202902873946));
#36 = DIRECTION('',(-0.209689832721,0.119159938693,0.97047982105));
#37 = DEFINITIONAL_REPRESENTATION('',(#38),#42);
#38 = LINE('',#39,#40);
#39 = CARTESIAN_POINT('',(-1.802851429823,3.660984190904));
#40 = VECTOR('',#41,1.);
#41 = DIRECTION('',(-4.023622834387E-02,-0.999190195072));
#42 = ( GEOMETRIC_REPRESENTATION_CONTEXT(2) 
PARAMETRIC_REPRESENTATION_CONTEXT() REPRESENTATION_CONTEXT('2D SPACE',''
  ) );
#43 = PCURVE('',#44,#49);
#44 = PLANE('',#45);
#45 = AXIS2_PLACEMENT_3D('',#46,#47,#48);
#46 = CARTESIAN_POINT('',(10.052345836009,4.521066872084,1.022261196753)
  );
#47 = DIRECTION('',(0.999486341878,3.180877987171E-02,
    -3.905627069405E-03));
#48 = DIRECTION('',(-3.20476582566E-02,0.992036322249,-0.121806744227));
#49 = DEFINITIONAL_REPRESENTATION('',(#50),#53);
#50 = B_SPLINE_CURVE_WITH_KNOTS('',1,(#51,#52),.UNSPECIFIED.,.F.,.F.,(2,
    2),(0.,6.247912151271),.PIECEWISE_BEZIER_KNOTS.);
#51 = CARTESIAN_POINT('',(-3.047154435096,0.223198359461));
#52 = CARTESIAN_POINT('',(3.193551154018,-7.680164053923E-02));
#53 = ( GEOMETRIC_REPRESENTATION_CONTEXT(2) 
PARAMETRIC_REPRESENTATION_CONTEXT() REPRESENTATION_CONTEXT('2D SPACE',''
  ) );
#54 = ORIENTED_EDGE('',*,*,#55,.T.);
#55 = EDGE_CURVE('',#24,#56,#58,.T.);
#56 = VERTEX_POINT('',#57);
#57 = CARTESIAN_POINT('',(8.7875,7.216413761315,6.306366318866));
#58 = SURFACE_CURVE('',#59,(#63,#70),.PCURVE_S1.);
#59 = LINE('',#60,#61);
#60 = CARTESIAN_POINT('',(9.95,7.679825848325,0.557035955403));
#61 = VECTOR('',#62,1.);
#62 = DIRECTION('',(-0.197571105319,-7.875857053646E-02,0.977119616992)
  );
#63 = PCURVE('',#32,#64);
#64 = DEFINITIONAL_REPRESENTATION('',(#65),#69);
#65 = LINE('',#66,#67);
#66 = CARTESIAN_POINT('',(-2.054243849814,-2.581868370319));
#67 = VECTOR('',#68,1.);
#68 = DIRECTION('',(0.98031865663,0.197421709704));
#69 = ( GEOMETRIC_REPRESENTATION_CONTEXT(2) 
PARAMETRIC_REPRESENTATION_CONTEXT() REPRESENTATION_CONTEXT('2D SPACE',''
  ) );
#70 = PCURVE('',#71,#76);
#71 = PLANE('',#72);
#72 = AXIS2_PLACEMENT_3D('',#73,#74,#75);
#73 = CARTESIAN_POINT('',(6.41167001737,7.619654567077,2.498842400743));
#74 = DIRECTION('',(3.049819739543E-02,0.995790982947,8.643019285566E-02
    ));
#75 = DIRECTION('',(-8.673617379884E-19,-8.647041701012E-02,
    0.996254418802));
#76 = DEFINITIONAL_REPRESENTATION('',(#77),#80);
#77 = B_SPLINE_CURVE_WITH_KNOTS('',1,(#78,#79),.UNSPECIFIED.,.F.,.F.,(2,
    2),(0.,5.883957566182),.PIECEWISE_BEZIER_KNOTS.);
#78 = CARTESIAN_POINT('',(-1.939736287409,3.539976702682));
#79 = CARTESIAN_POINT('',(3.828130928753,2.376935681333));
#80 = ( GEOMETRIC_REPRESENTATION_CONTEXT(2) 
PARAMETRIC_REPRESENTATION_CONTEXT() REPRESENTATION_CONTEXT('2D SPACE',''
  ) );
#81 = ORIENTED_EDGE('',*,*,#82,.T.);
#82 = EDGE_CURVE('',#56,#22,#83,.T.);
#83 = SURFACE_CURVE('',#84,(#88,#95),.PCURVE_S1.);
#84 = LINE('',#85,#86);
#85 = CARTESIAN_POINT('',(8.7875,7.216413761315,6.306366318866));
#86 = VECTOR('',#87,1.);
#87 = DIRECTION('',(0.181660908486,-0.758780446066,-0.625501038365));
#88 = PCURVE('',#32,#89);
#89 = DEFINITIONAL_REPRESENTATION('',(#90),#94);
#90 = LINE('',#91,#92);
#91 = CARTESIAN_POINT('',(3.713909527135,-1.420247407775));
#92 = VECTOR('',#93,1.);
#93 = DIRECTION('',(-0.735544812726,0.677476072251));
#94 = ( GEOMETRIC_REPRESENTATION_CONTEXT(2) 
PARAMETRIC_REPRESENTATION_CONTEXT() REPRESENTATION_CONTEXT('2D SPACE',''
  ) );
#95 = PCURVE('',#96,#101);
#96 = PLANE('',#97);
#97 = AXIS2_PLACEMENT_3D('',#98,#99,#100);
#98 = CARTESIAN_POINT('',(9.246717768895,0.468811009566,5.318159271152)
  );
#99 = DIRECTION('',(0.969067643411,3.007677681898E-02,0.244955689851));
#100 = DIRECTION('',(-0.246795264327,0.118099637418,0.961844360148));
#101 = DEFINITIONAL_REPRESENTATION('',(#102),#105);
#102 = B_SPLINE_CURVE_WITH_KNOTS('',1,(#103,#104),.UNSPECIFIED.,.F.,.F.,
  (2,2),(0.,7.500237730607),.PIECEWISE_BEZIER_KNOTS.);
#103 = CARTESIAN_POINT('',(1.86072358458,-6.576875));
#104 = CARTESIAN_POINT('',(-3.660046855314,-1.5));
#105 = ( GEOMETRIC_REPRESENTATION_CONTEXT(2) 
PARAMETRIC_REPRESENTATION_CONTEXT() REPRESENTATION_CONTEXT('2D SPACE',''
  ) );
#106 = ADVANCED_FACE('',(#107),#44,.T.);
#107 = FACE_BOUND('',#108,.T.);
#108 = EDGE_LOOP('',(#109,#136,#137));
#109 = ORIENTED_EDGE('',*,*,#110,.T.);
#110 = EDGE_CURVE('',#111,#24,#113,.T.);
#111 = VERTEX_POINT('',#112);
#112 = CARTESIAN_POINT('',(10.15,1.488819227462,1.317195984892));
#113 = SURFACE_CURVE('',#114,(#118,#125),.PCURVE_S1.);
#114 = LINE('',#115,#116);
#115 = CARTESIAN_POINT('',(10.15,1.488819227462,1.317195984892));
#116 = VECTOR('',#117,1.);
#117 = DIRECTION('',(-3.20476582566E-02,0.992036322249,-0.121806744227)
  );
#118 = PCURVE('',#44,#119);
#119 = DEFINITIONAL_REPRESENTATION('',(#120),#124);
#120 = LINE('',#121,#122);
#121 = CARTESIAN_POINT('',(-3.047154435096,-7.680164053923E-02));
#122 = VECTOR('',#123,1.);
#123 = DIRECTION('',(1.,0.));
#124 = ( GEOMETRIC_REPRESENTATION_CONTEXT(2) 
PARAMETRIC_REPRESENTATION_CONTEXT() REPRESENTATION_CONTEXT('2D SPACE',''
  ) );
#125 = PCURVE('',#126,#131);
#126 = PLANE('',#127);
#127 = AXIS2_PLACEMENT_3D('',#128,#129,#130);
#128 = CARTESIAN_POINT('',(2.510128870243E-16,3.263853848318E-02,
    1.495992491384));
#129 = DIRECTION('',(0.,-0.121869343405,-0.992546151641));
#130 = DIRECTION('',(-1.,0.,0.));
#131 = DEFINITIONAL_REPRESENTATION('',(#132),#135);
#132 = B_SPLINE_CURVE_WITH_KNOTS('',1,(#133,#134),.UNSPECIFIED.,.F.,.F.,
  (2,2),(0.,6.240705589114),.PIECEWISE_BEZIER_KNOTS.);
#133 = CARTESIAN_POINT('',(-10.15,1.46711635179));
#134 = CARTESIAN_POINT('',(-9.95,7.70461635179));
#135 = ( GEOMETRIC_REPRESENTATION_CONTEXT(2) 
PARAMETRIC_REPRESENTATION_CONTEXT() REPRESENTATION_CONTEXT('2D SPACE',''
  ) );
#136 = ORIENTED_EDGE('',*,*,#21,.F.);
#137 = ORIENTED_EDGE('',*,*,#138,.T.);
#138 = EDGE_CURVE('',#22,#111,#139,.T.);
#139 = SURFACE_CURVE('',#140,(#144,#151),.PCURVE_S1.);
#140 = LINE('',#141,#142);
#141 = CARTESIAN_POINT('',(10.15,1.525380030484,1.614959830385));
#142 = VECTOR('',#143,1.);
#143 = DIRECTION('',(0.,-0.121869343405,-0.992546151641));
#144 = PCURVE('',#44,#145);
#145 = DEFINITIONAL_REPRESENTATION('',(#146),#150);
#146 = LINE('',#147,#148);
#147 = CARTESIAN_POINT('',(-3.047154435096,0.223198359461));
#148 = VECTOR('',#149,1.);
#149 = DIRECTION('',(0.,-1.));
#150 = ( GEOMETRIC_REPRESENTATION_CONTEXT(2) 
PARAMETRIC_REPRESENTATION_CONTEXT() REPRESENTATION_CONTEXT('2D SPACE',''
  ) );
#151 = PCURVE('',#152,#157);
#152 = PLANE('',#153);
#153 = AXIS2_PLACEMENT_3D('',#154,#155,#156);
#154 = CARTESIAN_POINT('',(10.15,1.828040151077E-02,1.648881922746));
#155 = DIRECTION('',(1.,0.,0.));
#156 = DIRECTION('',(0.,0.121869343405,0.992546151641));
#157 = DEFINITIONAL_REPRESENTATION('',(#158),#161);
#158 = B_SPLINE_CURVE_WITH_KNOTS('',1,(#159,#160),.UNSPECIFIED.,.F.,.F.,
  (2,2),(0.,0.3),.PIECEWISE_BEZIER_KNOTS.);
#159 = CARTESIAN_POINT('',(0.15,-1.5));
#160 = CARTESIAN_POINT('',(-0.15,-1.5));
#161 = ( GEOMETRIC_REPRESENTATION_CONTEXT(2) 
PARAMETRIC_REPRESENTATION_CONTEXT() REPRESENTATION_CONTEXT('2D SPACE',''
  ) );
#162 = ADVANCED_FACE('',(#163),#71,.T.);
#163 = FACE_BOUND('',#164,.T.);
#164 = EDGE_LOOP('',(#165,#166,#193));
#165 = ORIENTED_EDGE('',*,*,#55,.F.);
#166 = ORIENTED_EDGE('',*,*,#167,.F.);
#167 = EDGE_CURVE('',#168,#24,#170,.T.);
#168 = VERTEX_POINT('',#169);
#169 = CARTESIAN_POINT('',(1.5,7.914895881675,0.830425932214));
#170 = SURFACE_CURVE('',#171,(#175,#181),.PCURVE_S1.);
#171 = LINE('',#172,#173);
#172 = CARTESIAN_POINT('',(1.5,7.914895881675,0.830425932214));
#173 = VECTOR('',#174,1.);
#174 = DIRECTION('',(0.999090908903,-2.779364890832E-02,
    -3.232443081863E-02));
#175 = PCURVE('',#71,#176);
#176 = DEFINITIONAL_REPRESENTATION('',(#177),#180);
#177 = B_SPLINE_CURVE_WITH_KNOTS('',1,(#178,#179),.UNSPECIFIED.,.F.,.F.,
  (2,2),(0.,8.457688809598),.PIECEWISE_BEZIER_KNOTS.);
#178 = CARTESIAN_POINT('',(-1.687696918765,-4.913955882609));
#179 = CARTESIAN_POINT('',(-1.939736287409,3.539976702682));
#180 = ( GEOMETRIC_REPRESENTATION_CONTEXT(2) 
PARAMETRIC_REPRESENTATION_CONTEXT() REPRESENTATION_CONTEXT('2D SPACE',''
  ) );
#181 = PCURVE('',#182,#187);
#182 = PLANE('',#183);
#183 = AXIS2_PLACEMENT_3D('',#184,#185,#186);
#184 = CARTESIAN_POINT('',(5.651351195577,7.790112993514,0.62039819523)
  );
#185 = DIRECTION('',(2.366201219867E-02,0.992268253998,-0.121835221865)
  );
#186 = DIRECTION('',(0.999720015394,-2.348563914788E-02,
    2.883673890296E-03));
#187 = DEFINITIONAL_REPRESENTATION('',(#188),#192);
#188 = LINE('',#189,#190);
#189 = CARTESIAN_POINT('',(-4.152513835529,-0.22366943073));
#190 = VECTOR('',#191,1.);
#191 = DIRECTION('',(0.99937071732,3.547068315632E-02));
#192 = ( GEOMETRIC_REPRESENTATION_CONTEXT(2) 
PARAMETRIC_REPRESENTATION_CONTEXT() REPRESENTATION_CONTEXT('2D SPACE',''
  ) );
#193 = ORIENTED_EDGE('',*,*,#194,.T.);
#194 = EDGE_CURVE('',#168,#56,#195,.T.);
#195 = SURFACE_CURVE('',#196,(#200,#207),.PCURVE_S1.);
#196 = LINE('',#197,#198);
#197 = CARTESIAN_POINT('',(1.5,7.914895881675,0.830425932214));
#198 = VECTOR('',#199,1.);
#199 = DIRECTION('',(0.797119805583,-7.640122565821E-02,0.598968169659)
  );
#200 = PCURVE('',#71,#201);
#201 = DEFINITIONAL_REPRESENTATION('',(#202),#206);
#202 = LINE('',#203,#204);
#203 = CARTESIAN_POINT('',(-1.687696918765,-4.913955882609));
#204 = VECTOR('',#205,1.);
#205 = DIRECTION('',(0.603331131587,0.797490780923));
#206 = ( GEOMETRIC_REPRESENTATION_CONTEXT(2) 
PARAMETRIC_REPRESENTATION_CONTEXT() REPRESENTATION_CONTEXT('2D SPACE',''
  ) );
#207 = PCURVE('',#208,#213);
#208 = PLANE('',#209);
#209 = AXIS2_PLACEMENT_3D('',#210,#211,#212);
#210 = CARTESIAN_POINT('',(0.,7.434665536675,4.59532221864));
#211 = DIRECTION('',(0.,0.991962837731,0.126529556075));
#212 = DIRECTION('',(0.,-0.126529556075,0.991962837731));
#213 = DEFINITIONAL_REPRESENTATION('',(#214),#217);
#214 = B_SPLINE_CURVE_WITH_KNOTS('',1,(#215,#216),.UNSPECIFIED.,.F.,.F.,
  (2,2),(0.,9.142289463839),.PIECEWISE_BEZIER_KNOTS.);
#215 = CARTESIAN_POINT('',(-3.795400536413,1.5));
#216 = CARTESIAN_POINT('',(1.724907461392,8.7875));
#217 = ( GEOMETRIC_REPRESENTATION_CONTEXT(2) 
PARAMETRIC_REPRESENTATION_CONTEXT() REPRESENTATION_CONTEXT('2D SPACE',''
  ) );
#218 = ADVANCED_FACE('',(#219),#96,.T.);
#219 = FACE_BOUND('',#220,.T.);
#220 = EDGE_LOOP('',(#221,#243,#244,#271));
#221 = ORIENTED_EDGE('',*,*,#222,.F.);
#222 = EDGE_CURVE('',#22,#223,#225,.T.);
#223 = VERTEX_POINT('',#224);
#224 = CARTESIAN_POINT('',(10.15,-1.45225842444,1.9805678606));
#225 = SURFACE_CURVE('',#226,(#230,#236),.PCURVE_S1.);
#226 = LINE('',#227,#228);
#227 = CARTESIAN_POINT('',(10.15,1.525380030484,1.614959830385));
#228 = VECTOR('',#229,1.);
#229 = DIRECTION('',(0.,-0.992546151641,0.121869343405));
#230 = PCURVE('',#96,#231);
#231 = DEFINITIONAL_REPRESENTATION('',(#232),#235);
#232 = B_SPLINE_CURVE_WITH_KNOTS('',1,(#233,#234),.UNSPECIFIED.,.F.,.F.,
  (2,2),(0.,3.),.PIECEWISE_BEZIER_KNOTS.);
#233 = CARTESIAN_POINT('',(-3.660046855314,-1.5));
#234 = CARTESIAN_POINT('',(-3.660046855314,1.5));
#235 = ( GEOMETRIC_REPRESENTATION_CONTEXT(2) 
PARAMETRIC_REPRESENTATION_CONTEXT() REPRESENTATION_CONTEXT('2D SPACE',''
  ) );
#236 = PCURVE('',#152,#237);
#237 = DEFINITIONAL_REPRESENTATION('',(#238),#242);
#238 = LINE('',#239,#240);
#239 = CARTESIAN_POINT('',(0.15,-1.5));
#240 = VECTOR('',#241,1.);
#241 = DIRECTION('',(0.,1.));
#242 = ( GEOMETRIC_REPRESENTATION_CONTEXT(2) 
PARAMETRIC_REPRESENTATION_CONTEXT() REPRESENTATION_CONTEXT('2D SPACE',''
  ) );
#243 = ORIENTED_EDGE('',*,*,#82,.F.);
#244 = ORIENTED_EDGE('',*,*,#245,.F.);
#245 = EDGE_CURVE('',#246,#56,#248,.T.);
#246 = VERTEX_POINT('',#247);
#247 = CARTESIAN_POINT('',(8.7875,-5.839290180837,7.909405194681));
#248 = SURFACE_CURVE('',#249,(#253,#259),.PCURVE_S1.);
#249 = LINE('',#250,#251);
#250 = CARTESIAN_POINT('',(8.7875,-5.839290180837,7.909405194681));
#251 = VECTOR('',#252,1.);
#252 = DIRECTION('',(0.,0.992546151641,-0.121869343405));
#253 = PCURVE('',#96,#254);
#254 = DEFINITIONAL_REPRESENTATION('',(#255),#258);
#255 = B_SPLINE_CURVE_WITH_KNOTS('',1,(#256,#257),.UNSPECIFIED.,.F.,.F.,
  (2,2),(0.,13.15375),.PIECEWISE_BEZIER_KNOTS.);
#256 = CARTESIAN_POINT('',(1.86072358458,6.576875));
#257 = CARTESIAN_POINT('',(1.86072358458,-6.576875));
#258 = ( GEOMETRIC_REPRESENTATION_CONTEXT(2) 
PARAMETRIC_REPRESENTATION_CONTEXT() REPRESENTATION_CONTEXT('2D SPACE',''
  ) );
#259 = PCURVE('',#260,#265);
#260 = PLANE('',#261);
#261 = AXIS2_PLACEMENT_3D('',#262,#263,#264);
#262 = CARTESIAN_POINT('',(0.,0.688561790239,7.107885756773));
#263 = DIRECTION('',(0.,0.121869343405,0.992546151641));
#264 = DIRECTION('',(1.,0.,-0.));
#265 = DEFINITIONAL_REPRESENTATION('',(#266),#270);
#266 = LINE('',#267,#268);
#267 = CARTESIAN_POINT('',(8.7875,-6.576875));
#268 = VECTOR('',#269,1.);
#269 = DIRECTION('',(0.,1.));
#270 = ( GEOMETRIC_REPRESENTATION_CONTEXT(2) 
PARAMETRIC_REPRESENTATION_CONTEXT() REPRESENTATION_CONTEXT('2D SPACE',''
  ) );
#271 = ORIENTED_EDGE('',*,*,#272,.F.);
#272 = EDGE_CURVE('',#223,#246,#273,.T.);
#273 = SURFACE_CURVE('',#274,(#278,#284),.PCURVE_S1.);
#274 = LINE('',#275,#276);
#275 = CARTESIAN_POINT('',(10.15,-1.45225842444,1.9805678606));
#276 = VECTOR('',#277,1.);
#277 = DIRECTION('',(-0.181660908486,-0.584919027099,0.790486588163));
#278 = PCURVE('',#96,#279);
#279 = DEFINITIONAL_REPRESENTATION('',(#280),#283);
#280 = B_SPLINE_CURVE_WITH_KNOTS('',1,(#281,#282),.UNSPECIFIED.,.F.,.F.,
  (2,2),(0.,7.500237730607),.PIECEWISE_BEZIER_KNOTS.);
#281 = CARTESIAN_POINT('',(-3.660046855314,1.5));
#282 = CARTESIAN_POINT('',(1.86072358458,6.576875));
#283 = ( GEOMETRIC_REPRESENTATION_CONTEXT(2) 
PARAMETRIC_REPRESENTATION_CONTEXT() REPRESENTATION_CONTEXT('2D SPACE',''
  ) );
#284 = PCURVE('',#285,#290);
#285 = PLANE('',#286);
#286 = AXIS2_PLACEMENT_3D('',#287,#288,#289);
#287 = CARTESIAN_POINT('',(9.623761538591,-4.871884330606,4.144432520803
    ));
#288 = DIRECTION('',(0.976929626358,-1.555958350518E-02,0.212993907203)
  );
#289 = DIRECTION('',(-0.209689832721,0.119159938693,0.97047982105));
#290 = DEFINITIONAL_REPRESENTATION('',(#291),#295);
#291 = LINE('',#292,#293);
#292 = CARTESIAN_POINT('',(-1.802851429823,-3.660984190904));
#293 = VECTOR('',#294,1.);
#294 = DIRECTION('',(0.735544812726,0.677476072251));
#295 = ( GEOMETRIC_REPRESENTATION_CONTEXT(2) 
PARAMETRIC_REPRESENTATION_CONTEXT() REPRESENTATION_CONTEXT('2D SPACE',''
  ) );
#296 = ADVANCED_FACE('',(#297),#126,.T.);
#297 = FACE_BOUND('',#298,.T.);
#298 = EDGE_LOOP('',(#299,#328,#355,#375,#376,#398,#425,#452,#479,#505,
    #531,#559,#585,#613,#639,#665,#691,#714,#740,#768,#794,#820,#847,
    #874,#901,#928));
#299 = ORIENTED_EDGE('',*,*,#300,.F.);
#300 = EDGE_CURVE('',#301,#303,#305,.T.);
#301 = VERTEX_POINT('',#302);
#302 = CARTESIAN_POINT('',(-1.5,7.878335078653,0.532662086722));
#303 = VERTEX_POINT('',#304);
#304 = CARTESIAN_POINT('',(-9.95,7.679825848325,0.557035955403));
#305 = SURFACE_CURVE('',#306,(#310,#316),.PCURVE_S1.);
#306 = LINE('',#307,#308);
#307 = CARTESIAN_POINT('',(-1.5,7.878335078653,0.532662086722));
#308 = VECTOR('',#309,1.);
#309 = DIRECTION('',(-0.999720015394,-2.348563914788E-02,
    2.883673890296E-03));
#310 = PCURVE('',#126,#311);
#311 = DEFINITIONAL_REPRESENTATION('',(#312),#315);
#312 = B_SPLINE_CURVE_WITH_KNOTS('',1,(#313,#314),.UNSPECIFIED.,.F.,.F.,
  (2,2),(0.,8.452366532516),.PIECEWISE_BEZIER_KNOTS.);
#313 = CARTESIAN_POINT('',(1.5,7.90461635179));
#314 = CARTESIAN_POINT('',(9.95,7.70461635179));
#315 = ( GEOMETRIC_REPRESENTATION_CONTEXT(2) 
PARAMETRIC_REPRESENTATION_CONTEXT() REPRESENTATION_CONTEXT('2D SPACE',''
  ) );
#316 = PCURVE('',#317,#322);
#317 = PLANE('',#318);
#318 = AXIS2_PLACEMENT_3D('',#319,#320,#321);
#319 = CARTESIAN_POINT('',(-5.651351195577,7.790112993514,0.62039819523)
  );
#320 = DIRECTION('',(-2.366201219867E-02,0.992268253998,-0.121835221865)
  );
#321 = DIRECTION('',(0.999720015394,2.348563914788E-02,
    -2.883673890296E-03));
#322 = DEFINITIONAL_REPRESENTATION('',(#323),#327);
#323 = LINE('',#324,#325);
#324 = CARTESIAN_POINT('',(4.152513835529,7.633056927046E-02));
#325 = VECTOR('',#326,1.);
#326 = DIRECTION('',(-1.,-0.));
#327 = ( GEOMETRIC_REPRESENTATION_CONTEXT(2) 
PARAMETRIC_REPRESENTATION_CONTEXT() REPRESENTATION_CONTEXT('2D SPACE',''
  ) );
#328 = ORIENTED_EDGE('',*,*,#329,.T.);
#329 = EDGE_CURVE('',#301,#330,#332,.T.);
#330 = VERTEX_POINT('',#331);
#331 = CARTESIAN_POINT('',(1.5,7.878335078653,0.532662086722));
#332 = SURFACE_CURVE('',#333,(#337,#344),.PCURVE_S1.);
#333 = LINE('',#334,#335);
#334 = CARTESIAN_POINT('',(-1.5,7.878335078653,0.532662086722));
#335 = VECTOR('',#336,1.);
#336 = DIRECTION('',(1.,0.,0.));
#337 = PCURVE('',#126,#338);
#338 = DEFINITIONAL_REPRESENTATION('',(#339),#343);
#339 = LINE('',#340,#341);
#340 = CARTESIAN_POINT('',(1.5,7.90461635179));
#341 = VECTOR('',#342,1.);
#342 = DIRECTION('',(-1.,0.));
#343 = ( GEOMETRIC_REPRESENTATION_CONTEXT(2) 
PARAMETRIC_REPRESENTATION_CONTEXT() REPRESENTATION_CONTEXT('2D SPACE',''
  ) );
#344 = PCURVE('',#345,#350);
#345 = PLANE('',#346);
#346 = AXIS2_PLACEMENT_3D('',#347,#348,#349);
#347 = CARTESIAN_POINT('',(3.364312195834E-17,7.896615480164,
    0.681544009468));
#348 = DIRECTION('',(0.,0.992546151641,-0.121869343405));
#349 = DIRECTION('',(0.,0.121869343405,0.992546151641));
#350 = DEFINITIONAL_REPRESENTATION('',(#351),#354);
#351 = B_SPLINE_CURVE_WITH_KNOTS('',1,(#352,#353),.UNSPECIFIED.,.F.,.F.,
  (2,2),(0.,3.),.PIECEWISE_BEZIER_KNOTS.);
#352 = CARTESIAN_POINT('',(-0.15,-1.5));
#353 = CARTESIAN_POINT('',(-0.15,1.5));
#354 = ( GEOMETRIC_REPRESENTATION_CONTEXT(2) 
PARAMETRIC_REPRESENTATION_CONTEXT() REPRESENTATION_CONTEXT('2D SPACE',''
  ) );
#355 = ORIENTED_EDGE('',*,*,#356,.F.);
#356 = EDGE_CURVE('',#24,#330,#357,.T.);
#357 = SURFACE_CURVE('',#358,(#362,#368),.PCURVE_S1.);
#358 = LINE('',#359,#360);
#359 = CARTESIAN_POINT('',(9.95,7.679825848325,0.557035955403));
#360 = VECTOR('',#361,1.);
#361 = DIRECTION('',(-0.999720015394,2.348563914788E-02,
    -2.883673890296E-03));
#362 = PCURVE('',#126,#363);
#363 = DEFINITIONAL_REPRESENTATION('',(#364),#367);
#364 = B_SPLINE_CURVE_WITH_KNOTS('',1,(#365,#366),.UNSPECIFIED.,.F.,.F.,
  (2,2),(0.,8.452366532516),.PIECEWISE_BEZIER_KNOTS.);
#365 = CARTESIAN_POINT('',(-9.95,7.70461635179));
#366 = CARTESIAN_POINT('',(-1.5,7.90461635179));
#367 = ( GEOMETRIC_REPRESENTATION_CONTEXT(2) 
PARAMETRIC_REPRESENTATION_CONTEXT() REPRESENTATION_CONTEXT('2D SPACE',''
  ) );
#368 = PCURVE('',#182,#369);
#369 = DEFINITIONAL_REPRESENTATION('',(#370),#374);
#370 = LINE('',#371,#372);
#371 = CARTESIAN_POINT('',(4.299852696988,7.633056927046E-02));
#372 = VECTOR('',#373,1.);
#373 = DIRECTION('',(-1.,0.));
#374 = ( GEOMETRIC_REPRESENTATION_CONTEXT(2) 
PARAMETRIC_REPRESENTATION_CONTEXT() REPRESENTATION_CONTEXT('2D SPACE',''
  ) );
#375 = ORIENTED_EDGE('',*,*,#110,.F.);
#376 = ORIENTED_EDGE('',*,*,#377,.F.);
#377 = EDGE_CURVE('',#378,#111,#380,.T.);
#378 = VERTEX_POINT('',#379);
#379 = CARTESIAN_POINT('',(10.15,-1.488819227462,1.682804015108));
#380 = SURFACE_CURVE('',#381,(#385,#391),.PCURVE_S1.);
#381 = LINE('',#382,#383);
#382 = CARTESIAN_POINT('',(10.15,-1.488819227462,1.682804015108));
#383 = VECTOR('',#384,1.);
#384 = DIRECTION('',(0.,0.992546151641,-0.121869343405));
#385 = PCURVE('',#126,#386);
#386 = DEFINITIONAL_REPRESENTATION('',(#387),#390);
#387 = B_SPLINE_CURVE_WITH_KNOTS('',1,(#388,#389),.UNSPECIFIED.,.F.,.F.,
  (2,2),(0.,3.),.PIECEWISE_BEZIER_KNOTS.);
#388 = CARTESIAN_POINT('',(-10.15,-1.53288364821));
#389 = CARTESIAN_POINT('',(-10.15,1.46711635179));
#390 = ( GEOMETRIC_REPRESENTATION_CONTEXT(2) 
PARAMETRIC_REPRESENTATION_CONTEXT() REPRESENTATION_CONTEXT('2D SPACE',''
  ) );
#391 = PCURVE('',#152,#392);
#392 = DEFINITIONAL_REPRESENTATION('',(#393),#397);
#393 = LINE('',#394,#395);
#394 = CARTESIAN_POINT('',(-0.15,1.5));
#395 = VECTOR('',#396,1.);
#396 = DIRECTION('',(0.,-1.));
#397 = ( GEOMETRIC_REPRESENTATION_CONTEXT(2) 
PARAMETRIC_REPRESENTATION_CONTEXT() REPRESENTATION_CONTEXT('2D SPACE',''
  ) );
#398 = ORIENTED_EDGE('',*,*,#399,.F.);
#399 = EDGE_CURVE('',#400,#378,#402,.T.);
#400 = VERTEX_POINT('',#401);
#401 = CARTESIAN_POINT('',(9.95,-7.679825848325,2.442964044597));
#402 = SURFACE_CURVE('',#403,(#407,#413),.PCURVE_S1.);
#403 = LINE('',#404,#405);
#404 = CARTESIAN_POINT('',(9.95,-7.679825848325,2.442964044597));
#405 = VECTOR('',#406,1.);
#406 = DIRECTION('',(3.20476582566E-02,0.992036322249,-0.121806744227));
#407 = PCURVE('',#126,#408);
#408 = DEFINITIONAL_REPRESENTATION('',(#409),#412);
#409 = B_SPLINE_CURVE_WITH_KNOTS('',1,(#410,#411),.UNSPECIFIED.,.F.,.F.,
  (2,2),(0.,6.240705589114),.PIECEWISE_BEZIER_KNOTS.);
#410 = CARTESIAN_POINT('',(-9.95,-7.77038364821));
#411 = CARTESIAN_POINT('',(-10.15,-1.53288364821));
#412 = ( GEOMETRIC_REPRESENTATION_CONTEXT(2) 
PARAMETRIC_REPRESENTATION_CONTEXT() REPRESENTATION_CONTEXT('2D SPACE',''
  ) );
#413 = PCURVE('',#414,#419);
#414 = PLANE('',#415);
#415 = AXIS2_PLACEMENT_3D('',#416,#417,#418);
#416 = CARTESIAN_POINT('',(10.052345836009,-4.502347341074,
    2.130197148761));
#417 = DIRECTION('',(0.999486341878,-3.180877987171E-02,
    3.905627069405E-03));
#418 = DIRECTION('',(3.20476582566E-02,0.992036322249,-0.121806744227));
#419 = DEFINITIONAL_REPRESENTATION('',(#420),#424);
#420 = LINE('',#421,#422);
#421 = CARTESIAN_POINT('',(-3.193551154018,-7.680164053923E-02));
#422 = VECTOR('',#423,1.);
#423 = DIRECTION('',(1.,0.));
#424 = ( GEOMETRIC_REPRESENTATION_CONTEXT(2) 
PARAMETRIC_REPRESENTATION_CONTEXT() REPRESENTATION_CONTEXT('2D SPACE',''
  ) );
#425 = ORIENTED_EDGE('',*,*,#426,.F.);
#426 = EDGE_CURVE('',#427,#400,#429,.T.);
#427 = VERTEX_POINT('',#428);
#428 = CARTESIAN_POINT('',(4.5,-7.679825848325,2.442964044597));
#429 = SURFACE_CURVE('',#430,(#434,#440),.PCURVE_S1.);
#430 = LINE('',#431,#432);
#431 = CARTESIAN_POINT('',(-9.95,-7.679825848325,2.442964044597));
#432 = VECTOR('',#433,1.);
#433 = DIRECTION('',(1.,0.,0.));
#434 = PCURVE('',#126,#435);
#435 = DEFINITIONAL_REPRESENTATION('',(#436),#439);
#436 = B_SPLINE_CURVE_WITH_KNOTS('',1,(#437,#438),.UNSPECIFIED.,.F.,.F.,
  (2,2),(0.,19.9),.PIECEWISE_BEZIER_KNOTS.);
#437 = CARTESIAN_POINT('',(9.95,-7.77038364821));
#438 = CARTESIAN_POINT('',(-9.95,-7.77038364821));
#439 = ( GEOMETRIC_REPRESENTATION_CONTEXT(2) 
PARAMETRIC_REPRESENTATION_CONTEXT() REPRESENTATION_CONTEXT('2D SPACE',''
  ) );
#440 = PCURVE('',#441,#446);
#441 = PLANE('',#442);
#442 = AXIS2_PLACEMENT_3D('',#443,#444,#445);
#443 = CARTESIAN_POINT('',(-1.442933940548E-16,-6.80300838115,
    5.047135845417));
#444 = DIRECTION('',(0.,-0.947722543012,0.319095567922));
#445 = DIRECTION('',(0.,-0.319095567922,-0.947722543012));
#446 = DEFINITIONAL_REPRESENTATION('',(#447),#451);
#447 = LINE('',#448,#449);
#448 = CARTESIAN_POINT('',(2.747820889164,-9.95));
#449 = VECTOR('',#450,1.);
#450 = DIRECTION('',(0.,1.));
#451 = ( GEOMETRIC_REPRESENTATION_CONTEXT(2) 
PARAMETRIC_REPRESENTATION_CONTEXT() REPRESENTATION_CONTEXT('2D SPACE',''
  ) );
#452 = ORIENTED_EDGE('',*,*,#453,.F.);
#453 = EDGE_CURVE('',#454,#427,#456,.T.);
#454 = VERTEX_POINT('',#455);
#455 = CARTESIAN_POINT('',(4.5,-7.139468416449,2.376616494594));
#456 = SURFACE_CURVE('',#457,(#461,#467),.PCURVE_S1.);
#457 = LINE('',#458,#459);
#458 = CARTESIAN_POINT('',(4.5,-3.493820196038,1.928987178644));
#459 = VECTOR('',#460,1.);
#460 = DIRECTION('',(0.,-0.992546151641,0.121869343405));
#461 = PCURVE('',#126,#462);
#462 = DEFINITIONAL_REPRESENTATION('',(#463),#466);
#463 = B_SPLINE_CURVE_WITH_KNOTS('',1,(#464,#465),.UNSPECIFIED.,.F.,.F.,
  (2,2),(1.802941824105,4.217441824105),.PIECEWISE_BEZIER_KNOTS.);
#464 = CARTESIAN_POINT('',(-4.5,-5.35588364821));
#465 = CARTESIAN_POINT('',(-4.5,-7.77038364821));
#466 = ( GEOMETRIC_REPRESENTATION_CONTEXT(2) 
PARAMETRIC_REPRESENTATION_CONTEXT() REPRESENTATION_CONTEXT('2D SPACE',''
  ) );
#467 = PCURVE('',#468,#473);
#468 = PLANE('',#469);
#469 = AXIS2_PLACEMENT_3D('',#470,#471,#472);
#470 = CARTESIAN_POINT('',(4.5,-6.741827120648,4.629789869313));
#471 = DIRECTION('',(1.,0.,0.));
#472 = DIRECTION('',(0.,0.121869343405,0.992546151641));
#473 = DEFINITIONAL_REPRESENTATION('',(#474),#478);
#474 = LINE('',#475,#476);
#475 = CARTESIAN_POINT('',(-2.284838845688,-3.552941824105));
#476 = VECTOR('',#477,1.);
#477 = DIRECTION('',(0.,1.));
#478 = ( GEOMETRIC_REPRESENTATION_CONTEXT(2) 
PARAMETRIC_REPRESENTATION_CONTEXT() REPRESENTATION_CONTEXT('2D SPACE',''
  ) );
#479 = ORIENTED_EDGE('',*,*,#480,.F.);
#480 = EDGE_CURVE('',#481,#454,#483,.T.);
#481 = VERTEX_POINT('',#482);
#482 = CARTESIAN_POINT('',(7.016017625,-7.139468416449,2.376616494594));
#483 = SURFACE_CURVE('',#484,(#488,#494),.PCURVE_S1.);
#484 = LINE('',#485,#486);
#485 = CARTESIAN_POINT('',(1.803928999751E-16,-7.139468416449,
    2.376616494594));
#486 = VECTOR('',#487,1.);
#487 = DIRECTION('',(-1.,0.,0.));
#488 = PCURVE('',#126,#489);
#489 = DEFINITIONAL_REPRESENTATION('',(#490),#493);
#490 = B_SPLINE_CURVE_WITH_KNOTS('',1,(#491,#492),.UNSPECIFIED.,.F.,.F.,
  (2,2),(-7.016666666667,7.016666666667),.PIECEWISE_BEZIER_KNOTS.);
#491 = CARTESIAN_POINT('',(-7.016666666667,-7.225968226335));
#492 = CARTESIAN_POINT('',(7.016666666667,-7.225968226335));
#493 = ( GEOMETRIC_REPRESENTATION_CONTEXT(2) 
PARAMETRIC_REPRESENTATION_CONTEXT() REPRESENTATION_CONTEXT('2D SPACE',''
  ) );
#494 = PCURVE('',#495,#500);
#495 = PLANE('',#496);
#496 = AXIS2_PLACEMENT_3D('',#497,#498,#499);
#497 = CARTESIAN_POINT('',(1.097729129259E-16,-6.107955820369,
    3.578375741627));
#498 = DIRECTION('',(0.,-0.758809261144,0.651312908825));
#499 = DIRECTION('',(0.,-0.651312908825,-0.758809261144));
#500 = DEFINITIONAL_REPRESENTATION('',(#501),#504);
#501 = B_SPLINE_CURVE_WITH_KNOTS('',1,(#502,#503),.UNSPECIFIED.,.F.,.F.,
  (2,2),(-7.016666666667,7.016666666667),.PIECEWISE_BEZIER_KNOTS.);
#502 = CARTESIAN_POINT('',(1.583743515757,7.016666666667));
#503 = CARTESIAN_POINT('',(1.583743515757,-7.016666666667));
#504 = ( GEOMETRIC_REPRESENTATION_CONTEXT(2) 
PARAMETRIC_REPRESENTATION_CONTEXT() REPRESENTATION_CONTEXT('2D SPACE',''
  ) );
#505 = ORIENTED_EDGE('',*,*,#506,.F.);
#506 = EDGE_CURVE('',#507,#481,#509,.T.);
#507 = VERTEX_POINT('',#508);
#508 = CARTESIAN_POINT('',(7.016017625,-6.600101886819,2.310390612088));
#509 = SURFACE_CURVE('',#510,(#514,#520),.PCURVE_S1.);
#510 = LINE('',#511,#512);
#511 = CARTESIAN_POINT('',(7.016017625,1.631926924159E-02,1.497996245692
    ));
#512 = VECTOR('',#513,1.);
#513 = DIRECTION('',(0.,-0.992546151641,0.121869343405));
#514 = PCURVE('',#126,#515);
#515 = DEFINITIONAL_REPRESENTATION('',(#516),#519);
#516 = B_SPLINE_CURVE_WITH_KNOTS('',1,(#517,#518),.UNSPECIFIED.,.F.,.F.,
  (2,2),(-7.177308175895,7.210191824105),.PIECEWISE_BEZIER_KNOTS.);
#517 = CARTESIAN_POINT('',(-7.016017625,7.16086635179));
#518 = CARTESIAN_POINT('',(-7.016017625,-7.22663364821));
#519 = ( GEOMETRIC_REPRESENTATION_CONTEXT(2) 
PARAMETRIC_REPRESENTATION_CONTEXT() REPRESENTATION_CONTEXT('2D SPACE',''
  ) );
#520 = PCURVE('',#521,#526);
#521 = PLANE('',#522);
#522 = AXIS2_PLACEMENT_3D('',#523,#524,#525);
#523 = CARTESIAN_POINT('',(6.160983336103,0.160548193942,2.807560109853)
  );
#524 = DIRECTION('',(0.838810743397,6.634848852391E-02,0.540365075511));
#525 = DIRECTION('',(-0.544423122912,0.102225314539,0.832558375314));
#526 = DEFINITIONAL_REPRESENTATION('',(#527),#530);
#527 = B_SPLINE_CURVE_WITH_KNOTS('',1,(#528,#529),.UNSPECIFIED.,.F.,.F.,
  (2,2),(-7.177308175895,7.210191824105),.PIECEWISE_BEZIER_KNOTS.);
#528 = CARTESIAN_POINT('',(-1.570532648068,-7.19375));
#529 = CARTESIAN_POINT('',(-1.570532648068,7.19375));
#530 = ( GEOMETRIC_REPRESENTATION_CONTEXT(2) 
PARAMETRIC_REPRESENTATION_CONTEXT() REPRESENTATION_CONTEXT('2D SPACE',''
  ) );
#531 = ORIENTED_EDGE('',*,*,#532,.T.);
#532 = EDGE_CURVE('',#507,#533,#535,.T.);
#533 = VERTEX_POINT('',#534);
#534 = CARTESIAN_POINT('',(8.8496675,-6.600101886819,2.310390612088));
#535 = SURFACE_CURVE('',#536,(#540,#547),.PCURVE_S1.);
#536 = LINE('',#537,#538);
#537 = CARTESIAN_POINT('',(-8.8496675,-6.600101886819,2.310390612088));
#538 = VECTOR('',#539,1.);
#539 = DIRECTION('',(1.,0.,0.));
#540 = PCURVE('',#126,#541);
#541 = DEFINITIONAL_REPRESENTATION('',(#542),#546);
#542 = LINE('',#543,#544);
#543 = CARTESIAN_POINT('',(8.8496675,-6.68255114821));
#544 = VECTOR('',#545,1.);
#545 = DIRECTION('',(-1.,0.));
#546 = ( GEOMETRIC_REPRESENTATION_CONTEXT(2) 
PARAMETRIC_REPRESENTATION_CONTEXT() REPRESENTATION_CONTEXT('2D SPACE',''
  ) );
#547 = PCURVE('',#548,#553);
#548 = PLANE('',#549);
#549 = AXIS2_PLACEMENT_3D('',#550,#551,#552);
#550 = CARTESIAN_POINT('',(2.2,-5.966010897612,3.646266517757));
#551 = DIRECTION('',(0.,-0.903395427284,0.428808467689));
#552 = DIRECTION('',(0.,-0.428808467689,-0.903395427284));
#553 = DEFINITIONAL_REPRESENTATION('',(#554),#558);
#554 = LINE('',#555,#556);
#555 = CARTESIAN_POINT('',(1.478727770059,-11.0496675));
#556 = VECTOR('',#557,1.);
#557 = DIRECTION('',(0.,1.));
#558 = ( GEOMETRIC_REPRESENTATION_CONTEXT(2) 
PARAMETRIC_REPRESENTATION_CONTEXT() REPRESENTATION_CONTEXT('2D SPACE',''
  ) );
#559 = ORIENTED_EDGE('',*,*,#560,.F.);
#560 = EDGE_CURVE('',#561,#533,#563,.T.);
#561 = VERTEX_POINT('',#562);
#562 = CARTESIAN_POINT('',(8.8496675,6.600101886819,0.689609387912));
#563 = SURFACE_CURVE('',#564,(#568,#574),.PCURVE_S1.);
#564 = LINE('',#565,#566);
#565 = CARTESIAN_POINT('',(8.8496675,1.631926924159E-02,1.497996245692)
  );
#566 = VECTOR('',#567,1.);
#567 = DIRECTION('',(0.,-0.992546151641,0.121869343405));
#568 = PCURVE('',#126,#569);
#569 = DEFINITIONAL_REPRESENTATION('',(#570),#573);
#570 = B_SPLINE_CURVE_WITH_KNOTS('',1,(#571,#572),.UNSPECIFIED.,.F.,.F.,
  (2,2),(-6.633558175895,6.666441824105),.PIECEWISE_BEZIER_KNOTS.);
#571 = CARTESIAN_POINT('',(-8.8496675,6.61711635179));
#572 = CARTESIAN_POINT('',(-8.8496675,-6.68288364821));
#573 = ( GEOMETRIC_REPRESENTATION_CONTEXT(2) 
PARAMETRIC_REPRESENTATION_CONTEXT() REPRESENTATION_CONTEXT('2D SPACE',''
  ) );
#574 = PCURVE('',#575,#580);
#575 = PLANE('',#576);
#576 = AXIS2_PLACEMENT_3D('',#577,#578,#579);
#577 = CARTESIAN_POINT('',(8.383105248366,0.171006421847,2.892735540934)
  );
#578 = DIRECTION('',(0.948920261165,3.845172614971E-02,0.313164178517));
#579 = DIRECTION('',(-0.315515986837,0.115644289172,0.941847153434));
#580 = DEFINITIONAL_REPRESENTATION('',(#581),#584);
#581 = B_SPLINE_CURVE_WITH_KNOTS('',1,(#582,#583),.UNSPECIFIED.,.F.,.F.,
  (2,2),(-6.633558175895,6.666441824105),.PIECEWISE_BEZIER_KNOTS.);
#582 = CARTESIAN_POINT('',(-1.478727770059,-6.65));
#583 = CARTESIAN_POINT('',(-1.478727770059,6.65));
#584 = ( GEOMETRIC_REPRESENTATION_CONTEXT(2) 
PARAMETRIC_REPRESENTATION_CONTEXT() REPRESENTATION_CONTEXT('2D SPACE',''
  ) );
#585 = ORIENTED_EDGE('',*,*,#586,.T.);
#586 = EDGE_CURVE('',#561,#587,#589,.T.);
#587 = VERTEX_POINT('',#588);
#588 = CARTESIAN_POINT('',(7.016017625,6.600101886819,0.689609387912));
#589 = SURFACE_CURVE('',#590,(#594,#601),.PCURVE_S1.);
#590 = LINE('',#591,#592);
#591 = CARTESIAN_POINT('',(8.8496675,6.600101886819,0.689609387912));
#592 = VECTOR('',#593,1.);
#593 = DIRECTION('',(-1.,0.,0.));
#594 = PCURVE('',#126,#595);
#595 = DEFINITIONAL_REPRESENTATION('',(#596),#600);
#596 = LINE('',#597,#598);
#597 = CARTESIAN_POINT('',(-8.8496675,6.61678385179));
#598 = VECTOR('',#599,1.);
#599 = DIRECTION('',(1.,0.));
#600 = ( GEOMETRIC_REPRESENTATION_CONTEXT(2) 
PARAMETRIC_REPRESENTATION_CONTEXT() REPRESENTATION_CONTEXT('2D SPACE',''
  ) );
#601 = PCURVE('',#602,#607);
#602 = PLANE('',#603);
#603 = AXIS2_PLACEMENT_3D('',#604,#605,#606);
#604 = CARTESIAN_POINT('',(-2.2,6.308023741306,2.13920456411));
#605 = DIRECTION('',(0.,0.980298879584,0.197519889345));
#606 = DIRECTION('',(0.,-0.197519889345,0.980298879584));
#607 = DEFINITIONAL_REPRESENTATION('',(#608),#612);
#608 = LINE('',#609,#610);
#609 = CARTESIAN_POINT('',(-1.478727770059,11.0496675));
#610 = VECTOR('',#611,1.);
#611 = DIRECTION('',(0.,-1.));
#612 = ( GEOMETRIC_REPRESENTATION_CONTEXT(2) 
PARAMETRIC_REPRESENTATION_CONTEXT() REPRESENTATION_CONTEXT('2D SPACE',''
  ) );
#613 = ORIENTED_EDGE('',*,*,#614,.F.);
#614 = EDGE_CURVE('',#615,#587,#617,.T.);
#615 = VERTEX_POINT('',#616);
#616 = CARTESIAN_POINT('',(7.016017625,7.139468416449,0.623383505406));
#617 = SURFACE_CURVE('',#618,(#622,#628),.PCURVE_S1.);
#618 = LINE('',#619,#620);
#619 = CARTESIAN_POINT('',(7.016017625,1.631926924159E-02,1.497996245692
    ));
#620 = VECTOR('',#621,1.);
#621 = DIRECTION('',(0.,-0.992546151641,0.121869343405));
#622 = PCURVE('',#126,#623);
#623 = DEFINITIONAL_REPRESENTATION('',(#624),#627);
#624 = B_SPLINE_CURVE_WITH_KNOTS('',1,(#625,#626),.UNSPECIFIED.,.F.,.F.,
  (2,2),(-7.177308175895,7.210191824105),.PIECEWISE_BEZIER_KNOTS.);
#625 = CARTESIAN_POINT('',(-7.016017625,7.16086635179));
#626 = CARTESIAN_POINT('',(-7.016017625,-7.22663364821));
#627 = ( GEOMETRIC_REPRESENTATION_CONTEXT(2) 
PARAMETRIC_REPRESENTATION_CONTEXT() REPRESENTATION_CONTEXT('2D SPACE',''
  ) );
#628 = PCURVE('',#629,#634);
#629 = PLANE('',#630);
#630 = AXIS2_PLACEMENT_3D('',#631,#632,#633);
#631 = CARTESIAN_POINT('',(6.160983336103,0.160548193942,2.807560109853)
  );
#632 = DIRECTION('',(0.838810743397,6.634848852391E-02,0.540365075511));
#633 = DIRECTION('',(-0.544423122912,0.102225314539,0.832558375314));
#634 = DEFINITIONAL_REPRESENTATION('',(#635),#638);
#635 = B_SPLINE_CURVE_WITH_KNOTS('',1,(#636,#637),.UNSPECIFIED.,.F.,.F.,
  (2,2),(-7.177308175895,7.210191824105),.PIECEWISE_BEZIER_KNOTS.);
#636 = CARTESIAN_POINT('',(-1.570532648068,-7.19375));
#637 = CARTESIAN_POINT('',(-1.570532648068,7.19375));
#638 = ( GEOMETRIC_REPRESENTATION_CONTEXT(2) 
PARAMETRIC_REPRESENTATION_CONTEXT() REPRESENTATION_CONTEXT('2D SPACE',''
  ) );
#639 = ORIENTED_EDGE('',*,*,#640,.F.);
#640 = EDGE_CURVE('',#641,#615,#643,.T.);
#641 = VERTEX_POINT('',#642);
#642 = CARTESIAN_POINT('',(-7.016017625,7.139468416449,0.623383505406));
#643 = SURFACE_CURVE('',#644,(#648,#654),.PCURVE_S1.);
#644 = LINE('',#645,#646);
#645 = CARTESIAN_POINT('',(1.255064435122E-16,7.139468416449,
    0.623383505406));
#646 = VECTOR('',#647,1.);
#647 = DIRECTION('',(1.,0.,0.));
#648 = PCURVE('',#126,#649);
#649 = DEFINITIONAL_REPRESENTATION('',(#650),#653);
#650 = B_SPLINE_CURVE_WITH_KNOTS('',1,(#651,#652),.UNSPECIFIED.,.F.,.F.,
  (2,2),(-7.016666666667,7.016666666667),.PIECEWISE_BEZIER_KNOTS.);
#651 = CARTESIAN_POINT('',(7.016666666667,7.160200929915));
#652 = CARTESIAN_POINT('',(-7.016666666667,7.160200929915));
#653 = ( GEOMETRIC_REPRESENTATION_CONTEXT(2) 
PARAMETRIC_REPRESENTATION_CONTEXT() REPRESENTATION_CONTEXT('2D SPACE',''
  ) );
#654 = PCURVE('',#655,#660);
#655 = PLANE('',#656);
#656 = AXIS2_PLACEMENT_3D('',#657,#658,#659);
#657 = CARTESIAN_POINT('',(0.,6.429328027969,2.038990849394));
#658 = DIRECTION('',(0.,0.893836236678,0.448393557047));
#659 = DIRECTION('',(0.,-0.448393557047,0.893836236678));
#660 = DEFINITIONAL_REPRESENTATION('',(#661),#664);
#661 = B_SPLINE_CURVE_WITH_KNOTS('',1,(#662,#663),.UNSPECIFIED.,.F.,.F.,
  (2,2),(-7.016666666667,7.016666666667),.PIECEWISE_BEZIER_KNOTS.);
#662 = CARTESIAN_POINT('',(-1.583743515757,-7.016666666667));
#663 = CARTESIAN_POINT('',(-1.583743515757,7.016666666667));
#664 = ( GEOMETRIC_REPRESENTATION_CONTEXT(2) 
PARAMETRIC_REPRESENTATION_CONTEXT() REPRESENTATION_CONTEXT('2D SPACE',''
  ) );
#665 = ORIENTED_EDGE('',*,*,#666,.F.);
#666 = EDGE_CURVE('',#667,#641,#669,.T.);
#667 = VERTEX_POINT('',#668);
#668 = CARTESIAN_POINT('',(-7.016017625,6.600101886819,0.689609387912));
#669 = SURFACE_CURVE('',#670,(#674,#680),.PCURVE_S1.);
#670 = LINE('',#671,#672);
#671 = CARTESIAN_POINT('',(-7.016017625,1.631926924159E-02,
    1.497996245692));
#672 = VECTOR('',#673,1.);
#673 = DIRECTION('',(0.,0.992546151641,-0.121869343405));
#674 = PCURVE('',#126,#675);
#675 = DEFINITIONAL_REPRESENTATION('',(#676),#679);
#676 = B_SPLINE_CURVE_WITH_KNOTS('',1,(#677,#678),.UNSPECIFIED.,.F.,.F.,
  (2,2),(-7.210191824105,7.177308175895),.PIECEWISE_BEZIER_KNOTS.);
#677 = CARTESIAN_POINT('',(7.016017625,-7.22663364821));
#678 = CARTESIAN_POINT('',(7.016017625,7.16086635179));
#679 = ( GEOMETRIC_REPRESENTATION_CONTEXT(2) 
PARAMETRIC_REPRESENTATION_CONTEXT() REPRESENTATION_CONTEXT('2D SPACE',''
  ) );
#680 = PCURVE('',#681,#686);
#681 = PLANE('',#682);
#682 = AXIS2_PLACEMENT_3D('',#683,#684,#685);
#683 = CARTESIAN_POINT('',(-6.160983336103,0.160548193942,2.807560109853
    ));
#684 = DIRECTION('',(-0.838810743397,6.634848852391E-02,0.540365075511)
  );
#685 = DIRECTION('',(-0.544423122912,-0.102225314539,-0.832558375314));
#686 = DEFINITIONAL_REPRESENTATION('',(#687),#690);
#687 = B_SPLINE_CURVE_WITH_KNOTS('',1,(#688,#689),.UNSPECIFIED.,.F.,.F.,
  (2,2),(-7.210191824105,7.177308175895),.PIECEWISE_BEZIER_KNOTS.);
#688 = CARTESIAN_POINT('',(1.570532648068,7.19375));
#689 = CARTESIAN_POINT('',(1.570532648068,-7.19375));
#690 = ( GEOMETRIC_REPRESENTATION_CONTEXT(2) 
PARAMETRIC_REPRESENTATION_CONTEXT() REPRESENTATION_CONTEXT('2D SPACE',''
  ) );
#691 = ORIENTED_EDGE('',*,*,#692,.T.);
#692 = EDGE_CURVE('',#667,#693,#695,.T.);
#693 = VERTEX_POINT('',#694);
#694 = CARTESIAN_POINT('',(-8.8496675,6.600101886819,0.689609387912));
#695 = SURFACE_CURVE('',#696,(#700,#707),.PCURVE_S1.);
#696 = LINE('',#697,#698);
#697 = CARTESIAN_POINT('',(8.8496675,6.600101886819,0.689609387912));
#698 = VECTOR('',#699,1.);
#699 = DIRECTION('',(-1.,0.,0.));
#700 = PCURVE('',#126,#701);
#701 = DEFINITIONAL_REPRESENTATION('',(#702),#706);
#702 = LINE('',#703,#704);
#703 = CARTESIAN_POINT('',(-8.8496675,6.61678385179));
#704 = VECTOR('',#705,1.);
#705 = DIRECTION('',(1.,0.));
#706 = ( GEOMETRIC_REPRESENTATION_CONTEXT(2) 
PARAMETRIC_REPRESENTATION_CONTEXT() REPRESENTATION_CONTEXT('2D SPACE',''
  ) );
#707 = PCURVE('',#602,#708);
#708 = DEFINITIONAL_REPRESENTATION('',(#709),#713);
#709 = LINE('',#710,#711);
#710 = CARTESIAN_POINT('',(-1.478727770059,11.0496675));
#711 = VECTOR('',#712,1.);
#712 = DIRECTION('',(0.,-1.));
#713 = ( GEOMETRIC_REPRESENTATION_CONTEXT(2) 
PARAMETRIC_REPRESENTATION_CONTEXT() REPRESENTATION_CONTEXT('2D SPACE',''
  ) );
#714 = ORIENTED_EDGE('',*,*,#715,.F.);
#715 = EDGE_CURVE('',#716,#693,#718,.T.);
#716 = VERTEX_POINT('',#717);
#717 = CARTESIAN_POINT('',(-8.8496675,-6.600101886819,2.310390612088));
#718 = SURFACE_CURVE('',#719,(#723,#729),.PCURVE_S1.);
#719 = LINE('',#720,#721);
#720 = CARTESIAN_POINT('',(-8.8496675,1.631926924159E-02,1.497996245692)
  );
#721 = VECTOR('',#722,1.);
#722 = DIRECTION('',(0.,0.992546151641,-0.121869343405));
#723 = PCURVE('',#126,#724);
#724 = DEFINITIONAL_REPRESENTATION('',(#725),#728);
#725 = B_SPLINE_CURVE_WITH_KNOTS('',1,(#726,#727),.UNSPECIFIED.,.F.,.F.,
  (2,2),(-6.666441824105,6.633558175895),.PIECEWISE_BEZIER_KNOTS.);
#726 = CARTESIAN_POINT('',(8.8496675,-6.68288364821));
#727 = CARTESIAN_POINT('',(8.8496675,6.61711635179));
#728 = ( GEOMETRIC_REPRESENTATION_CONTEXT(2) 
PARAMETRIC_REPRESENTATION_CONTEXT() REPRESENTATION_CONTEXT('2D SPACE',''
  ) );
#729 = PCURVE('',#730,#735);
#730 = PLANE('',#731);
#731 = AXIS2_PLACEMENT_3D('',#732,#733,#734);
#732 = CARTESIAN_POINT('',(-8.383105248366,0.171006421847,2.892735540934
    ));
#733 = DIRECTION('',(-0.948920261165,3.845172614971E-02,0.313164178517)
  );
#734 = DIRECTION('',(-0.315515986837,-0.115644289172,-0.941847153434));
#735 = DEFINITIONAL_REPRESENTATION('',(#736),#739);
#736 = B_SPLINE_CURVE_WITH_KNOTS('',1,(#737,#738),.UNSPECIFIED.,.F.,.F.,
  (2,2),(-6.666441824105,6.633558175895),.PIECEWISE_BEZIER_KNOTS.);
#737 = CARTESIAN_POINT('',(1.478727770059,6.65));
#738 = CARTESIAN_POINT('',(1.478727770059,-6.65));
#739 = ( GEOMETRIC_REPRESENTATION_CONTEXT(2) 
PARAMETRIC_REPRESENTATION_CONTEXT() REPRESENTATION_CONTEXT('2D SPACE',''
  ) );
#740 = ORIENTED_EDGE('',*,*,#741,.T.);
#741 = EDGE_CURVE('',#716,#742,#744,.T.);
#742 = VERTEX_POINT('',#743);
#743 = CARTESIAN_POINT('',(-7.016017625,-6.600101886819,2.310390612088)
  );
#744 = SURFACE_CURVE('',#745,(#749,#756),.PCURVE_S1.);
#745 = LINE('',#746,#747);
#746 = CARTESIAN_POINT('',(-8.8496675,-6.600101886819,2.310390612088));
#747 = VECTOR('',#748,1.);
#748 = DIRECTION('',(1.,0.,0.));
#749 = PCURVE('',#126,#750);
#750 = DEFINITIONAL_REPRESENTATION('',(#751),#755);
#751 = LINE('',#752,#753);
#752 = CARTESIAN_POINT('',(8.8496675,-6.68255114821));
#753 = VECTOR('',#754,1.);
#754 = DIRECTION('',(-1.,0.));
#755 = ( GEOMETRIC_REPRESENTATION_CONTEXT(2) 
PARAMETRIC_REPRESENTATION_CONTEXT() REPRESENTATION_CONTEXT('2D SPACE',''
  ) );
#756 = PCURVE('',#757,#762);
#757 = PLANE('',#758);
#758 = AXIS2_PLACEMENT_3D('',#759,#760,#761);
#759 = CARTESIAN_POINT('',(2.2,-5.966010897612,3.646266517757));
#760 = DIRECTION('',(0.,-0.903395427284,0.428808467689));
#761 = DIRECTION('',(0.,-0.428808467689,-0.903395427284));
#762 = DEFINITIONAL_REPRESENTATION('',(#763),#767);
#763 = LINE('',#764,#765);
#764 = CARTESIAN_POINT('',(1.478727770059,-11.0496675));
#765 = VECTOR('',#766,1.);
#766 = DIRECTION('',(0.,1.));
#767 = ( GEOMETRIC_REPRESENTATION_CONTEXT(2) 
PARAMETRIC_REPRESENTATION_CONTEXT() REPRESENTATION_CONTEXT('2D SPACE',''
  ) );
#768 = ORIENTED_EDGE('',*,*,#769,.F.);
#769 = EDGE_CURVE('',#770,#742,#772,.T.);
#770 = VERTEX_POINT('',#771);
#771 = CARTESIAN_POINT('',(-7.016017625,-7.139468416449,2.376616494594)
  );
#772 = SURFACE_CURVE('',#773,(#777,#783),.PCURVE_S1.);
#773 = LINE('',#774,#775);
#774 = CARTESIAN_POINT('',(-7.016017625,1.631926924159E-02,
    1.497996245692));
#775 = VECTOR('',#776,1.);
#776 = DIRECTION('',(0.,0.992546151641,-0.121869343405));
#777 = PCURVE('',#126,#778);
#778 = DEFINITIONAL_REPRESENTATION('',(#779),#782);
#779 = B_SPLINE_CURVE_WITH_KNOTS('',1,(#780,#781),.UNSPECIFIED.,.F.,.F.,
  (2,2),(-7.210191824105,7.177308175895),.PIECEWISE_BEZIER_KNOTS.);
#780 = CARTESIAN_POINT('',(7.016017625,-7.22663364821));
#781 = CARTESIAN_POINT('',(7.016017625,7.16086635179));
#782 = ( GEOMETRIC_REPRESENTATION_CONTEXT(2) 
PARAMETRIC_REPRESENTATION_CONTEXT() REPRESENTATION_CONTEXT('2D SPACE',''
  ) );
#783 = PCURVE('',#784,#789);
#784 = PLANE('',#785);
#785 = AXIS2_PLACEMENT_3D('',#786,#787,#788);
#786 = CARTESIAN_POINT('',(-6.160983336103,0.160548193942,2.807560109853
    ));
#787 = DIRECTION('',(-0.838810743397,6.634848852391E-02,0.540365075511)
  );
#788 = DIRECTION('',(-0.544423122912,-0.102225314539,-0.832558375314));
#789 = DEFINITIONAL_REPRESENTATION('',(#790),#793);
#790 = B_SPLINE_CURVE_WITH_KNOTS('',1,(#791,#792),.UNSPECIFIED.,.F.,.F.,
  (2,2),(-7.210191824105,7.177308175895),.PIECEWISE_BEZIER_KNOTS.);
#791 = CARTESIAN_POINT('',(1.570532648068,7.19375));
#792 = CARTESIAN_POINT('',(1.570532648068,-7.19375));
#793 = ( GEOMETRIC_REPRESENTATION_CONTEXT(2) 
PARAMETRIC_REPRESENTATION_CONTEXT() REPRESENTATION_CONTEXT('2D SPACE',''
  ) );
#794 = ORIENTED_EDGE('',*,*,#795,.F.);
#795 = EDGE_CURVE('',#796,#770,#798,.T.);
#796 = VERTEX_POINT('',#797);
#797 = CARTESIAN_POINT('',(-4.5,-7.139468416449,2.376616494594));
#798 = SURFACE_CURVE('',#799,(#803,#809),.PCURVE_S1.);
#799 = LINE('',#800,#801);
#800 = CARTESIAN_POINT('',(1.803928999751E-16,-7.139468416449,
    2.376616494594));
#801 = VECTOR('',#802,1.);
#802 = DIRECTION('',(-1.,0.,0.));
#803 = PCURVE('',#126,#804);
#804 = DEFINITIONAL_REPRESENTATION('',(#805),#808);
#805 = B_SPLINE_CURVE_WITH_KNOTS('',1,(#806,#807),.UNSPECIFIED.,.F.,.F.,
  (2,2),(-7.016666666667,7.016666666667),.PIECEWISE_BEZIER_KNOTS.);
#806 = CARTESIAN_POINT('',(-7.016666666667,-7.225968226335));
#807 = CARTESIAN_POINT('',(7.016666666667,-7.225968226335));
#808 = ( GEOMETRIC_REPRESENTATION_CONTEXT(2) 
PARAMETRIC_REPRESENTATION_CONTEXT() REPRESENTATION_CONTEXT('2D SPACE',''
  ) );
#809 = PCURVE('',#810,#815);
#810 = PLANE('',#811);
#811 = AXIS2_PLACEMENT_3D('',#812,#813,#814);
#812 = CARTESIAN_POINT('',(1.097729129259E-16,-6.107955820369,
    3.578375741627));
#813 = DIRECTION('',(0.,-0.758809261144,0.651312908825));
#814 = DIRECTION('',(0.,-0.651312908825,-0.758809261144));
#815 = DEFINITIONAL_REPRESENTATION('',(#816),#819);
#816 = B_SPLINE_CURVE_WITH_KNOTS('',1,(#817,#818),.UNSPECIFIED.,.F.,.F.,
  (2,2),(-7.016666666667,7.016666666667),.PIECEWISE_BEZIER_KNOTS.);
#817 = CARTESIAN_POINT('',(1.583743515757,7.016666666667));
#818 = CARTESIAN_POINT('',(1.583743515757,-7.016666666667));
#819 = ( GEOMETRIC_REPRESENTATION_CONTEXT(2) 
PARAMETRIC_REPRESENTATION_CONTEXT() REPRESENTATION_CONTEXT('2D SPACE',''
  ) );
#820 = ORIENTED_EDGE('',*,*,#821,.F.);
#821 = EDGE_CURVE('',#822,#796,#824,.T.);
#822 = VERTEX_POINT('',#823);
#823 = CARTESIAN_POINT('',(-4.5,-7.679825848325,2.442964044597));
#824 = SURFACE_CURVE('',#825,(#829,#835),.PCURVE_S1.);
#825 = LINE('',#826,#827);
#826 = CARTESIAN_POINT('',(-4.5,-3.493820196038,1.928987178644));
#827 = VECTOR('',#828,1.);
#828 = DIRECTION('',(0.,0.992546151641,-0.121869343405));
#829 = PCURVE('',#126,#830);
#830 = DEFINITIONAL_REPRESENTATION('',(#831),#834);
#831 = B_SPLINE_CURVE_WITH_KNOTS('',1,(#832,#833),.UNSPECIFIED.,.F.,.F.,
  (2,2),(-4.217441824105,-1.802941824105),.PIECEWISE_BEZIER_KNOTS.);
#832 = CARTESIAN_POINT('',(4.5,-7.77038364821));
#833 = CARTESIAN_POINT('',(4.5,-5.35588364821));
#834 = ( GEOMETRIC_REPRESENTATION_CONTEXT(2) 
PARAMETRIC_REPRESENTATION_CONTEXT() REPRESENTATION_CONTEXT('2D SPACE',''
  ) );
#835 = PCURVE('',#836,#841);
#836 = PLANE('',#837);
#837 = AXIS2_PLACEMENT_3D('',#838,#839,#840);
#838 = CARTESIAN_POINT('',(-4.5,-6.741827120648,4.629789869313));
#839 = DIRECTION('',(-1.,-0.,0.));
#840 = DIRECTION('',(0.,-0.121869343405,-0.992546151641));
#841 = DEFINITIONAL_REPRESENTATION('',(#842),#846);
#842 = LINE('',#843,#844);
#843 = CARTESIAN_POINT('',(2.284838845688,-3.552941824105));
#844 = VECTOR('',#845,1.);
#845 = DIRECTION('',(0.,-1.));
#846 = ( GEOMETRIC_REPRESENTATION_CONTEXT(2) 
PARAMETRIC_REPRESENTATION_CONTEXT() REPRESENTATION_CONTEXT('2D SPACE',''
  ) );
#847 = ORIENTED_EDGE('',*,*,#848,.F.);
#848 = EDGE_CURVE('',#849,#822,#851,.T.);
#849 = VERTEX_POINT('',#850);
#850 = CARTESIAN_POINT('',(-9.95,-7.679825848325,2.442964044597));
#851 = SURFACE_CURVE('',#852,(#856,#862),.PCURVE_S1.);
#852 = LINE('',#853,#854);
#853 = CARTESIAN_POINT('',(-9.95,-7.679825848325,2.442964044597));
#854 = VECTOR('',#855,1.);
#855 = DIRECTION('',(1.,0.,0.));
#856 = PCURVE('',#126,#857);
#857 = DEFINITIONAL_REPRESENTATION('',(#858),#861);
#858 = B_SPLINE_CURVE_WITH_KNOTS('',1,(#859,#860),.UNSPECIFIED.,.F.,.F.,
  (2,2),(0.,19.9),.PIECEWISE_BEZIER_KNOTS.);
#859 = CARTESIAN_POINT('',(9.95,-7.77038364821));
#860 = CARTESIAN_POINT('',(-9.95,-7.77038364821));
#861 = ( GEOMETRIC_REPRESENTATION_CONTEXT(2) 
PARAMETRIC_REPRESENTATION_CONTEXT() REPRESENTATION_CONTEXT('2D SPACE',''
  ) );
#862 = PCURVE('',#863,#868);
#863 = PLANE('',#864);
#864 = AXIS2_PLACEMENT_3D('',#865,#866,#867);
#865 = CARTESIAN_POINT('',(-1.442933940548E-16,-6.80300838115,
    5.047135845417));
#866 = DIRECTION('',(0.,-0.947722543012,0.319095567922));
#867 = DIRECTION('',(0.,-0.319095567922,-0.947722543012));
#868 = DEFINITIONAL_REPRESENTATION('',(#869),#873);
#869 = LINE('',#870,#871);
#870 = CARTESIAN_POINT('',(2.747820889164,-9.95));
#871 = VECTOR('',#872,1.);
#872 = DIRECTION('',(0.,1.));
#873 = ( GEOMETRIC_REPRESENTATION_CONTEXT(2) 
PARAMETRIC_REPRESENTATION_CONTEXT() REPRESENTATION_CONTEXT('2D SPACE',''
  ) );
#874 = ORIENTED_EDGE('',*,*,#875,.F.);
#875 = EDGE_CURVE('',#876,#849,#878,.T.);
#876 = VERTEX_POINT('',#877);
#877 = CARTESIAN_POINT('',(-10.15,-1.488819227462,1.682804015108));
#878 = SURFACE_CURVE('',#879,(#883,#889),.PCURVE_S1.);
#879 = LINE('',#880,#881);
#880 = CARTESIAN_POINT('',(-10.15,-1.488819227462,1.682804015108));
#881 = VECTOR('',#882,1.);
#882 = DIRECTION('',(3.20476582566E-02,-0.992036322249,0.121806744227));
#883 = PCURVE('',#126,#884);
#884 = DEFINITIONAL_REPRESENTATION('',(#885),#888);
#885 = B_SPLINE_CURVE_WITH_KNOTS('',1,(#886,#887),.UNSPECIFIED.,.F.,.F.,
  (2,2),(0.,6.240705589114),.PIECEWISE_BEZIER_KNOTS.);
#886 = CARTESIAN_POINT('',(10.15,-1.53288364821));
#887 = CARTESIAN_POINT('',(9.95,-7.77038364821));
#888 = ( GEOMETRIC_REPRESENTATION_CONTEXT(2) 
PARAMETRIC_REPRESENTATION_CONTEXT() REPRESENTATION_CONTEXT('2D SPACE',''
  ) );
#889 = PCURVE('',#890,#895);
#890 = PLANE('',#891);
#891 = AXIS2_PLACEMENT_3D('',#892,#893,#894);
#892 = CARTESIAN_POINT('',(-10.052345836,-4.502347341074,2.130197148761)
  );
#893 = DIRECTION('',(-0.999486341878,-3.180877987171E-02,
    3.905627069405E-03));
#894 = DIRECTION('',(3.20476582566E-02,-0.992036322249,0.121806744227));
#895 = DEFINITIONAL_REPRESENTATION('',(#896),#900);
#896 = LINE('',#897,#898);
#897 = CARTESIAN_POINT('',(-3.047154435096,-7.680164053923E-02));
#898 = VECTOR('',#899,1.);
#899 = DIRECTION('',(1.,0.));
#900 = ( GEOMETRIC_REPRESENTATION_CONTEXT(2) 
PARAMETRIC_REPRESENTATION_CONTEXT() REPRESENTATION_CONTEXT('2D SPACE',''
  ) );
#901 = ORIENTED_EDGE('',*,*,#902,.T.);
#902 = EDGE_CURVE('',#876,#903,#905,.T.);
#903 = VERTEX_POINT('',#904);
#904 = CARTESIAN_POINT('',(-10.15,1.488819227462,1.317195984892));
#905 = SURFACE_CURVE('',#906,(#910,#917),.PCURVE_S1.);
#906 = LINE('',#907,#908);
#907 = CARTESIAN_POINT('',(-10.15,-1.488819227462,1.682804015108));
#908 = VECTOR('',#909,1.);
#909 = DIRECTION('',(0.,0.992546151641,-0.121869343405));
#910 = PCURVE('',#126,#911);
#911 = DEFINITIONAL_REPRESENTATION('',(#912),#916);
#912 = LINE('',#913,#914);
#913 = CARTESIAN_POINT('',(10.15,-1.53288364821));
#914 = VECTOR('',#915,1.);
#915 = DIRECTION('',(0.,1.));
#916 = ( GEOMETRIC_REPRESENTATION_CONTEXT(2) 
PARAMETRIC_REPRESENTATION_CONTEXT() REPRESENTATION_CONTEXT('2D SPACE',''
  ) );
#917 = PCURVE('',#918,#923);
#918 = PLANE('',#919);
#919 = AXIS2_PLACEMENT_3D('',#920,#921,#922);
#920 = CARTESIAN_POINT('',(-10.15,1.828040151077E-02,1.648881922746));
#921 = DIRECTION('',(-1.,-0.,0.));
#922 = DIRECTION('',(0.,-0.121869343405,-0.992546151641));
#923 = DEFINITIONAL_REPRESENTATION('',(#924),#927);
#924 = B_SPLINE_CURVE_WITH_KNOTS('',1,(#925,#926),.UNSPECIFIED.,.F.,.F.,
  (2,2),(0.,3.),.PIECEWISE_BEZIER_KNOTS.);
#925 = CARTESIAN_POINT('',(0.15,1.5));
#926 = CARTESIAN_POINT('',(0.15,-1.5));
#927 = ( GEOMETRIC_REPRESENTATION_CONTEXT(2) 
PARAMETRIC_REPRESENTATION_CONTEXT() REPRESENTATION_CONTEXT('2D SPACE',''
  ) );
#928 = ORIENTED_EDGE('',*,*,#929,.F.);
#929 = EDGE_CURVE('',#303,#903,#930,.T.);
#930 = SURFACE_CURVE('',#931,(#935,#941),.PCURVE_S1.);
#931 = LINE('',#932,#933);
#932 = CARTESIAN_POINT('',(-9.95,7.679825848325,0.557035955403));
#933 = VECTOR('',#934,1.);
#934 = DIRECTION('',(-3.20476582566E-02,-0.992036322249,0.121806744227)
  );
#935 = PCURVE('',#126,#936);
#936 = DEFINITIONAL_REPRESENTATION('',(#937),#940);
#937 = B_SPLINE_CURVE_WITH_KNOTS('',1,(#938,#939),.UNSPECIFIED.,.F.,.F.,
  (2,2),(0.,6.240705589114),.PIECEWISE_BEZIER_KNOTS.);
#938 = CARTESIAN_POINT('',(9.95,7.70461635179));
#939 = CARTESIAN_POINT('',(10.15,1.46711635179));
#940 = ( GEOMETRIC_REPRESENTATION_CONTEXT(2) 
PARAMETRIC_REPRESENTATION_CONTEXT() REPRESENTATION_CONTEXT('2D SPACE',''
  ) );
#941 = PCURVE('',#942,#947);
#942 = PLANE('',#943);
#943 = AXIS2_PLACEMENT_3D('',#944,#945,#946);
#944 = CARTESIAN_POINT('',(-10.052345836,4.521066872084,1.022261196753)
  );
#945 = DIRECTION('',(-0.999486341878,3.180877987171E-02,
    -3.905627069405E-03));
#946 = DIRECTION('',(-3.20476582566E-02,-0.992036322249,0.121806744227)
  );
#947 = DEFINITIONAL_REPRESENTATION('',(#948),#952);
#948 = LINE('',#949,#950);
#949 = CARTESIAN_POINT('',(-3.193551154018,-7.680164053923E-02));
#950 = VECTOR('',#951,1.);
#951 = DIRECTION('',(1.,1.532253059952E-33));
#952 = ( GEOMETRIC_REPRESENTATION_CONTEXT(2) 
PARAMETRIC_REPRESENTATION_CONTEXT() REPRESENTATION_CONTEXT('2D SPACE',''
  ) );
#953 = ADVANCED_FACE('',(#954),#152,.T.);
#954 = FACE_BOUND('',#955,.T.);
#955 = EDGE_LOOP('',(#956,#957,#958,#959));
#956 = ORIENTED_EDGE('',*,*,#377,.T.);
#957 = ORIENTED_EDGE('',*,*,#138,.F.);
#958 = ORIENTED_EDGE('',*,*,#222,.T.);
#959 = ORIENTED_EDGE('',*,*,#960,.F.);
#960 = EDGE_CURVE('',#378,#223,#961,.T.);
#961 = SURFACE_CURVE('',#962,(#966,#972),.PCURVE_S1.);
#962 = LINE('',#963,#964);
#963 = CARTESIAN_POINT('',(10.15,-1.488819227462,1.682804015108));
#964 = VECTOR('',#965,1.);
#965 = DIRECTION('',(0.,0.121869343405,0.992546151641));
#966 = PCURVE('',#152,#967);
#967 = DEFINITIONAL_REPRESENTATION('',(#968),#971);
#968 = B_SPLINE_CURVE_WITH_KNOTS('',1,(#969,#970),.UNSPECIFIED.,.F.,.F.,
  (2,2),(0.,0.3),.PIECEWISE_BEZIER_KNOTS.);
#969 = CARTESIAN_POINT('',(-0.15,1.5));
#970 = CARTESIAN_POINT('',(0.15,1.5));
#971 = ( GEOMETRIC_REPRESENTATION_CONTEXT(2) 
PARAMETRIC_REPRESENTATION_CONTEXT() REPRESENTATION_CONTEXT('2D SPACE',''
  ) );
#972 = PCURVE('',#414,#973);
#973 = DEFINITIONAL_REPRESENTATION('',(#974),#978);
#974 = LINE('',#975,#976);
#975 = CARTESIAN_POINT('',(3.047154435096,-7.680164053923E-02));
#976 = VECTOR('',#977,1.);
#977 = DIRECTION('',(0.,1.));
#978 = ( GEOMETRIC_REPRESENTATION_CONTEXT(2) 
PARAMETRIC_REPRESENTATION_CONTEXT() REPRESENTATION_CONTEXT('2D SPACE',''
  ) );
#979 = ADVANCED_FACE('',(#980),#182,.T.);
#980 = FACE_BOUND('',#981,.T.);
#981 = EDGE_LOOP('',(#982,#983,#984));
#982 = ORIENTED_EDGE('',*,*,#167,.T.);
#983 = ORIENTED_EDGE('',*,*,#356,.T.);
#984 = ORIENTED_EDGE('',*,*,#985,.T.);
#985 = EDGE_CURVE('',#330,#168,#986,.T.);
#986 = SURFACE_CURVE('',#987,(#991,#998),.PCURVE_S1.);
#987 = LINE('',#988,#989);
#988 = CARTESIAN_POINT('',(1.5,7.878335078653,0.532662086722));
#989 = VECTOR('',#990,1.);
#990 = DIRECTION('',(0.,0.121869343405,0.992546151641));
#991 = PCURVE('',#182,#992);
#992 = DEFINITIONAL_REPRESENTATION('',(#993),#997);
#993 = LINE('',#994,#995);
#994 = CARTESIAN_POINT('',(-4.152513835529,7.633056927046E-02));
#995 = VECTOR('',#996,1.);
#996 = DIRECTION('',(0.,-1.));
#997 = ( GEOMETRIC_REPRESENTATION_CONTEXT(2) 
PARAMETRIC_REPRESENTATION_CONTEXT() REPRESENTATION_CONTEXT('2D SPACE',''
  ) );
#998 = PCURVE('',#345,#999);
#999 = DEFINITIONAL_REPRESENTATION('',(#1000),#1003);
#1000 = B_SPLINE_CURVE_WITH_KNOTS('',1,(#1001,#1002),.UNSPECIFIED.,.F.,
  .F.,(2,2),(0.,0.3),.PIECEWISE_BEZIER_KNOTS.);
#1001 = CARTESIAN_POINT('',(-0.15,1.5));
#1002 = CARTESIAN_POINT('',(0.15,1.5));
#1003 = ( GEOMETRIC_REPRESENTATION_CONTEXT(2) 
PARAMETRIC_REPRESENTATION_CONTEXT() REPRESENTATION_CONTEXT('2D SPACE',''
  ) );
#1004 = ADVANCED_FACE('',(#1005),#208,.T.);
#1005 = FACE_BOUND('',#1006,.T.);
#1006 = EDGE_LOOP('',(#1007,#1029,#1030,#1052,#1079,#1106,#1132,#1159));
#1007 = ORIENTED_EDGE('',*,*,#1008,.F.);
#1008 = EDGE_CURVE('',#56,#1009,#1011,.T.);
#1009 = VERTEX_POINT('',#1010);
#1010 = CARTESIAN_POINT('',(6.1,7.216413761315,6.306366318866));
#1011 = SURFACE_CURVE('',#1012,(#1016,#1022),.PCURVE_S1.);
#1012 = LINE('',#1013,#1014);
#1013 = CARTESIAN_POINT('',(8.7875,7.216413761315,6.306366318866));
#1014 = VECTOR('',#1015,1.);
#1015 = DIRECTION('',(-1.,0.,0.));
#1016 = PCURVE('',#208,#1017);
#1017 = DEFINITIONAL_REPRESENTATION('',(#1018),#1021);
#1018 = B_SPLINE_CURVE_WITH_KNOTS('',1,(#1019,#1020),.UNSPECIFIED.,.F.,
  .F.,(2,2),(0.,17.575),.PIECEWISE_BEZIER_KNOTS.);
#1019 = CARTESIAN_POINT('',(1.724907461392,8.7875));
#1020 = CARTESIAN_POINT('',(1.724907461392,-8.7875));
#1021 = ( GEOMETRIC_REPRESENTATION_CONTEXT(2) 
PARAMETRIC_REPRESENTATION_CONTEXT() REPRESENTATION_CONTEXT('2D SPACE',''
  ) );
#1022 = PCURVE('',#260,#1023);
#1023 = DEFINITIONAL_REPRESENTATION('',(#1024),#1028);
#1024 = LINE('',#1025,#1026);
#1025 = CARTESIAN_POINT('',(8.7875,6.576875));
#1026 = VECTOR('',#1027,1.);
#1027 = DIRECTION('',(-1.,0.));
#1028 = ( GEOMETRIC_REPRESENTATION_CONTEXT(2) 
PARAMETRIC_REPRESENTATION_CONTEXT() REPRESENTATION_CONTEXT('2D SPACE',''
  ) );
#1029 = ORIENTED_EDGE('',*,*,#194,.F.);
#1030 = ORIENTED_EDGE('',*,*,#1031,.T.);
#1031 = EDGE_CURVE('',#168,#1032,#1034,.T.);
#1032 = VERTEX_POINT('',#1033);
#1033 = CARTESIAN_POINT('',(-1.5,7.914895881675,0.830425932214));
#1034 = SURFACE_CURVE('',#1035,(#1039,#1046),.PCURVE_S1.);
#1035 = LINE('',#1036,#1037);
#1036 = CARTESIAN_POINT('',(1.5,7.914895881675,0.830425932214));
#1037 = VECTOR('',#1038,1.);
#1038 = DIRECTION('',(-1.,0.,0.));
#1039 = PCURVE('',#208,#1040);
#1040 = DEFINITIONAL_REPRESENTATION('',(#1041),#1045);
#1041 = LINE('',#1042,#1043);
#1042 = CARTESIAN_POINT('',(-3.795400536413,1.5));
#1043 = VECTOR('',#1044,1.);
#1044 = DIRECTION('',(0.,-1.));
#1045 = ( GEOMETRIC_REPRESENTATION_CONTEXT(2) 
PARAMETRIC_REPRESENTATION_CONTEXT() REPRESENTATION_CONTEXT('2D SPACE',''
  ) );
#1046 = PCURVE('',#345,#1047);
#1047 = DEFINITIONAL_REPRESENTATION('',(#1048),#1051);
#1048 = B_SPLINE_CURVE_WITH_KNOTS('',1,(#1049,#1050),.UNSPECIFIED.,.F.,
  .F.,(2,2),(0.,3.),.PIECEWISE_BEZIER_KNOTS.);
#1049 = CARTESIAN_POINT('',(0.15,1.5));
#1050 = CARTESIAN_POINT('',(0.15,-1.5));
#1051 = ( GEOMETRIC_REPRESENTATION_CONTEXT(2) 
PARAMETRIC_REPRESENTATION_CONTEXT() REPRESENTATION_CONTEXT('2D SPACE',''
  ) );
#1052 = ORIENTED_EDGE('',*,*,#1053,.F.);
#1053 = EDGE_CURVE('',#1054,#1032,#1056,.T.);
#1054 = VERTEX_POINT('',#1055);
#1055 = CARTESIAN_POINT('',(-8.7875,7.216413761315,6.306366318866));
#1056 = SURFACE_CURVE('',#1057,(#1061,#1067),.PCURVE_S1.);
#1057 = LINE('',#1058,#1059);
#1058 = CARTESIAN_POINT('',(-8.7875,7.216413761315,6.306366318866));
#1059 = VECTOR('',#1060,1.);
#1060 = DIRECTION('',(0.797119805583,7.640122565821E-02,-0.598968169659)
  );
#1061 = PCURVE('',#208,#1062);
#1062 = DEFINITIONAL_REPRESENTATION('',(#1063),#1066);
#1063 = B_SPLINE_CURVE_WITH_KNOTS('',1,(#1064,#1065),.UNSPECIFIED.,.F.,
  .F.,(2,2),(0.,9.142289463839),.PIECEWISE_BEZIER_KNOTS.);
#1064 = CARTESIAN_POINT('',(1.724907461392,-8.7875));
#1065 = CARTESIAN_POINT('',(-3.795400536413,-1.5));
#1066 = ( GEOMETRIC_REPRESENTATION_CONTEXT(2) 
PARAMETRIC_REPRESENTATION_CONTEXT() REPRESENTATION_CONTEXT('2D SPACE',''
  ) );
#1067 = PCURVE('',#1068,#1073);
#1068 = PLANE('',#1069);
#1069 = AXIS2_PLACEMENT_3D('',#1070,#1071,#1072);
#1070 = CARTESIAN_POINT('',(-6.41167001737,7.619654567077,2.498842400743
    ));
#1071 = DIRECTION('',(-3.049819739543E-02,0.995790982947,
    8.643019285566E-02));
#1072 = DIRECTION('',(-8.673617379884E-19,-8.647041701012E-02,
    0.996254418802));
#1073 = DEFINITIONAL_REPRESENTATION('',(#1074),#1078);
#1074 = LINE('',#1075,#1076);
#1075 = CARTESIAN_POINT('',(3.828130928753,-2.376935681333));
#1076 = VECTOR('',#1077,1.);
#1077 = DIRECTION('',(-0.603331131587,0.797490780923));
#1078 = ( GEOMETRIC_REPRESENTATION_CONTEXT(2) 
PARAMETRIC_REPRESENTATION_CONTEXT() REPRESENTATION_CONTEXT('2D SPACE',''
  ) );
#1079 = ORIENTED_EDGE('',*,*,#1080,.F.);
#1080 = EDGE_CURVE('',#1081,#1054,#1083,.T.);
#1081 = VERTEX_POINT('',#1082);
#1082 = CARTESIAN_POINT('',(-6.1,7.216413761315,6.306366318866));
#1083 = SURFACE_CURVE('',#1084,(#1088,#1094),.PCURVE_S1.);
#1084 = LINE('',#1085,#1086);
#1085 = CARTESIAN_POINT('',(8.7875,7.216413761315,6.306366318866));
#1086 = VECTOR('',#1087,1.);
#1087 = DIRECTION('',(-1.,0.,0.));
#1088 = PCURVE('',#208,#1089);
#1089 = DEFINITIONAL_REPRESENTATION('',(#1090),#1093);
#1090 = B_SPLINE_CURVE_WITH_KNOTS('',1,(#1091,#1092),.UNSPECIFIED.,.F.,
  .F.,(2,2),(0.,17.575),.PIECEWISE_BEZIER_KNOTS.);
#1091 = CARTESIAN_POINT('',(1.724907461392,8.7875));
#1092 = CARTESIAN_POINT('',(1.724907461392,-8.7875));
#1093 = ( GEOMETRIC_REPRESENTATION_CONTEXT(2) 
PARAMETRIC_REPRESENTATION_CONTEXT() REPRESENTATION_CONTEXT('2D SPACE',''
  ) );
#1094 = PCURVE('',#1095,#1100);
#1095 = PLANE('',#1096);
#1096 = AXIS2_PLACEMENT_3D('',#1097,#1098,#1099);
#1097 = CARTESIAN_POINT('',(0.,0.688561790239,7.107885756773));
#1098 = DIRECTION('',(0.,0.121869343405,0.992546151641));
#1099 = DIRECTION('',(1.,0.,-0.));
#1100 = DEFINITIONAL_REPRESENTATION('',(#1101),#1105);
#1101 = LINE('',#1102,#1103);
#1102 = CARTESIAN_POINT('',(8.7875,6.576875));
#1103 = VECTOR('',#1104,1.);
#1104 = DIRECTION('',(-1.,0.));
#1105 = ( GEOMETRIC_REPRESENTATION_CONTEXT(2) 
PARAMETRIC_REPRESENTATION_CONTEXT() REPRESENTATION_CONTEXT('2D SPACE',''
  ) );
#1106 = ORIENTED_EDGE('',*,*,#1107,.F.);
#1107 = EDGE_CURVE('',#1108,#1081,#1110,.T.);
#1108 = VERTEX_POINT('',#1109);
#1109 = CARTESIAN_POINT('',(-6.1,7.359896350152,5.181495574019));
#1110 = SURFACE_CURVE('',#1111,(#1115,#1121),.PCURVE_S1.);
#1111 = LINE('',#1112,#1113);
#1112 = CARTESIAN_POINT('',(-6.1,7.277618452101,5.82653551381));
#1113 = VECTOR('',#1114,1.);
#1114 = DIRECTION('',(0.,-0.126529556075,0.991962837731));
#1115 = PCURVE('',#208,#1116);
#1116 = DEFINITIONAL_REPRESENTATION('',(#1117),#1120);
#1117 = B_SPLINE_CURVE_WITH_KNOTS('',1,(#1118,#1119),.UNSPECIFIED.,.F.,
  .F.,(2,2),(-0.65026623504,0.483718529368),.PIECEWISE_BEZIER_KNOTS.);
#1118 = CARTESIAN_POINT('',(0.590922696983,-6.1));
#1119 = CARTESIAN_POINT('',(1.724907461392,-6.1));
#1120 = ( GEOMETRIC_REPRESENTATION_CONTEXT(2) 
PARAMETRIC_REPRESENTATION_CONTEXT() REPRESENTATION_CONTEXT('2D SPACE',''
  ) );
#1121 = PCURVE('',#1122,#1127);
#1122 = PLANE('',#1123);
#1123 = AXIS2_PLACEMENT_3D('',#1124,#1125,#1126);
#1124 = CARTESIAN_POINT('',(-6.1,1.956630094667,6.399063652642));
#1125 = DIRECTION('',(-1.,-0.,0.));
#1126 = DIRECTION('',(0.,-0.121869343405,-0.992546151641));
#1127 = DEFINITIONAL_REPRESENTATION('',(#1128),#1131);
#1128 = B_SPLINE_CURVE_WITH_KNOTS('',1,(#1129,#1130),.UNSPECIFIED.,.F.,
  .F.,(2,2),(-0.65026623504,0.483718529368),.PIECEWISE_BEZIER_KNOTS.);
#1129 = CARTESIAN_POINT('',(0.55,-5.511375350467));
#1130 = CARTESIAN_POINT('',(-0.549,-5.231875));
#1131 = ( GEOMETRIC_REPRESENTATION_CONTEXT(2) 
PARAMETRIC_REPRESENTATION_CONTEXT() REPRESENTATION_CONTEXT('2D SPACE',''
  ) );
#1132 = ORIENTED_EDGE('',*,*,#1133,.F.);
#1133 = EDGE_CURVE('',#1134,#1108,#1136,.T.);
#1134 = VERTEX_POINT('',#1135);
#1135 = CARTESIAN_POINT('',(6.1,7.359896350152,5.181495574019));
#1136 = SURFACE_CURVE('',#1137,(#1141,#1147),.PCURVE_S1.);
#1137 = LINE('',#1138,#1139);
#1138 = CARTESIAN_POINT('',(0.,7.359896350152,5.181495574019));
#1139 = VECTOR('',#1140,1.);
#1140 = DIRECTION('',(-1.,0.,0.));
#1141 = PCURVE('',#208,#1142);
#1142 = DEFINITIONAL_REPRESENTATION('',(#1143),#1146);
#1143 = B_SPLINE_CURVE_WITH_KNOTS('',1,(#1144,#1145),.UNSPECIFIED.,.F.,
  .F.,(2,2),(-6.1,6.1),.PIECEWISE_BEZIER_KNOTS.);
#1144 = CARTESIAN_POINT('',(0.590922696983,6.1));
#1145 = CARTESIAN_POINT('',(0.590922696983,-6.1));
#1146 = ( GEOMETRIC_REPRESENTATION_CONTEXT(2) 
PARAMETRIC_REPRESENTATION_CONTEXT() REPRESENTATION_CONTEXT('2D SPACE',''
  ) );
#1147 = PCURVE('',#1148,#1153);
#1148 = PLANE('',#1149);
#1149 = AXIS2_PLACEMENT_3D('',#1150,#1151,#1152);
#1150 = CARTESIAN_POINT('',(0.,1.889601955794,5.85316326924));
#1151 = DIRECTION('',(0.,-0.121869343405,-0.992546151641));
#1152 = DIRECTION('',(-1.,0.,0.));
#1153 = DEFINITIONAL_REPRESENTATION('',(#1154),#1158);
#1154 = LINE('',#1155,#1156);
#1155 = CARTESIAN_POINT('',(0.,5.511375350467));
#1156 = VECTOR('',#1157,1.);
#1157 = DIRECTION('',(1.,0.));
#1158 = ( GEOMETRIC_REPRESENTATION_CONTEXT(2) 
PARAMETRIC_REPRESENTATION_CONTEXT() REPRESENTATION_CONTEXT('2D SPACE',''
  ) );
#1159 = ORIENTED_EDGE('',*,*,#1160,.F.);
#1160 = EDGE_CURVE('',#1009,#1134,#1161,.T.);
#1161 = SURFACE_CURVE('',#1162,(#1166,#1172),.PCURVE_S1.);
#1162 = LINE('',#1163,#1164);
#1163 = CARTESIAN_POINT('',(6.1,7.277618452101,5.82653551381));
#1164 = VECTOR('',#1165,1.);
#1165 = DIRECTION('',(0.,0.126529556075,-0.991962837731));
#1166 = PCURVE('',#208,#1167);
#1167 = DEFINITIONAL_REPRESENTATION('',(#1168),#1171);
#1168 = B_SPLINE_CURVE_WITH_KNOTS('',1,(#1169,#1170),.UNSPECIFIED.,.F.,
  .F.,(2,2),(-0.483718529368,0.65026623504),.PIECEWISE_BEZIER_KNOTS.);
#1169 = CARTESIAN_POINT('',(1.724907461392,6.1));
#1170 = CARTESIAN_POINT('',(0.590922696983,6.1));
#1171 = ( GEOMETRIC_REPRESENTATION_CONTEXT(2) 
PARAMETRIC_REPRESENTATION_CONTEXT() REPRESENTATION_CONTEXT('2D SPACE',''
  ) );
#1172 = PCURVE('',#1173,#1178);
#1173 = PLANE('',#1174);
#1174 = AXIS2_PLACEMENT_3D('',#1175,#1176,#1177);
#1175 = CARTESIAN_POINT('',(6.1,1.956630094667,6.399063652642));
#1176 = DIRECTION('',(1.,0.,0.));
#1177 = DIRECTION('',(0.,0.121869343405,0.992546151641));
#1178 = DEFINITIONAL_REPRESENTATION('',(#1179),#1182);
#1179 = B_SPLINE_CURVE_WITH_KNOTS('',1,(#1180,#1181),.UNSPECIFIED.,.F.,
  .F.,(2,2),(-0.483718529368,0.65026623504),.PIECEWISE_BEZIER_KNOTS.);
#1180 = CARTESIAN_POINT('',(0.549,-5.231875));
#1181 = CARTESIAN_POINT('',(-0.55,-5.511375350467));
#1182 = ( GEOMETRIC_REPRESENTATION_CONTEXT(2) 
PARAMETRIC_REPRESENTATION_CONTEXT() REPRESENTATION_CONTEXT('2D SPACE',''
  ) );
#1183 = ADVANCED_FACE('',(#1184),#260,.T.);
#1184 = FACE_BOUND('',#1185,.T.);
#1185 = EDGE_LOOP('',(#1186,#1210,#1230,#1231,#1232,#1253));
#1186 = ORIENTED_EDGE('',*,*,#1187,.F.);
#1187 = EDGE_CURVE('',#1188,#1190,#1192,.T.);
#1188 = VERTEX_POINT('',#1189);
#1189 = CARTESIAN_POINT('',(4.5,-5.839290180837,7.909405194681));
#1190 = VERTEX_POINT('',#1191);
#1191 = CARTESIAN_POINT('',(4.5,-3.981367853233,7.681281017495));
#1192 = SURFACE_CURVE('',#1193,(#1197,#1203),.PCURVE_S1.);
#1193 = LINE('',#1194,#1195);
#1194 = CARTESIAN_POINT('',(4.5,-2.171956218791,7.459113204467));
#1195 = VECTOR('',#1196,1.);
#1196 = DIRECTION('',(0.,0.992546151641,-0.121869343405));
#1197 = PCURVE('',#260,#1198);
#1198 = DEFINITIONAL_REPRESENTATION('',(#1199),#1202);
#1199 = B_SPLINE_CURVE_WITH_KNOTS('',1,(#1200,#1201),.UNSPECIFIED.,.F.,
  .F.,(2,2),(-3.694875,-1.822),.PIECEWISE_BEZIER_KNOTS.);
#1200 = CARTESIAN_POINT('',(4.5,-6.576875));
#1201 = CARTESIAN_POINT('',(4.5,-4.704));
#1202 = ( GEOMETRIC_REPRESENTATION_CONTEXT(2) 
PARAMETRIC_REPRESENTATION_CONTEXT() REPRESENTATION_CONTEXT('2D SPACE',''
  ) );
#1203 = PCURVE('',#468,#1204);
#1204 = DEFINITIONAL_REPRESENTATION('',(#1205),#1209);
#1205 = LINE('',#1206,#1207);
#1206 = CARTESIAN_POINT('',(3.365161154312,-4.191));
#1207 = VECTOR('',#1208,1.);
#1208 = DIRECTION('',(0.,-1.));
#1209 = ( GEOMETRIC_REPRESENTATION_CONTEXT(2) 
PARAMETRIC_REPRESENTATION_CONTEXT() REPRESENTATION_CONTEXT('2D SPACE',''
  ) );
#1210 = ORIENTED_EDGE('',*,*,#1211,.T.);
#1211 = EDGE_CURVE('',#1188,#246,#1212,.T.);
#1212 = SURFACE_CURVE('',#1213,(#1217,#1224),.PCURVE_S1.);
#1213 = LINE('',#1214,#1215);
#1214 = CARTESIAN_POINT('',(-8.7875,-5.839290180837,7.909405194681));
#1215 = VECTOR('',#1216,1.);
#1216 = DIRECTION('',(1.,0.,0.));
#1217 = PCURVE('',#260,#1218);
#1218 = DEFINITIONAL_REPRESENTATION('',(#1219),#1223);
#1219 = LINE('',#1220,#1221);
#1220 = CARTESIAN_POINT('',(-8.7875,-6.576875));
#1221 = VECTOR('',#1222,1.);
#1222 = DIRECTION('',(1.,0.));
#1223 = ( GEOMETRIC_REPRESENTATION_CONTEXT(2) 
PARAMETRIC_REPRESENTATION_CONTEXT() REPRESENTATION_CONTEXT('2D SPACE',''
  ) );
#1224 = PCURVE('',#441,#1225);
#1225 = DEFINITIONAL_REPRESENTATION('',(#1226),#1229);
#1226 = B_SPLINE_CURVE_WITH_KNOTS('',1,(#1227,#1228),.UNSPECIFIED.,.F.,
  .F.,(2,2),(0.,17.575),.PIECEWISE_BEZIER_KNOTS.);
#1227 = CARTESIAN_POINT('',(-3.020155392915,-8.7875));
#1228 = CARTESIAN_POINT('',(-3.020155392915,8.7875));
#1229 = ( GEOMETRIC_REPRESENTATION_CONTEXT(2) 
PARAMETRIC_REPRESENTATION_CONTEXT() REPRESENTATION_CONTEXT('2D SPACE',''
  ) );
#1230 = ORIENTED_EDGE('',*,*,#245,.T.);
#1231 = ORIENTED_EDGE('',*,*,#1008,.T.);
#1232 = ORIENTED_EDGE('',*,*,#1233,.F.);
#1233 = EDGE_CURVE('',#1234,#1009,#1236,.T.);
#1234 = VERTEX_POINT('',#1235);
#1235 = CARTESIAN_POINT('',(6.1,-3.981367853233,7.681281017495));
#1236 = SURFACE_CURVE('',#1237,(#1241,#1247),.PCURVE_S1.);
#1237 = LINE('',#1238,#1239);
#1238 = CARTESIAN_POINT('',(6.1,1.356049077218,7.025928623334));
#1239 = VECTOR('',#1240,1.);
#1240 = DIRECTION('',(0.,0.992546151641,-0.121869343405));
#1241 = PCURVE('',#260,#1242);
#1242 = DEFINITIONAL_REPRESENTATION('',(#1243),#1246);
#1243 = B_SPLINE_CURVE_WITH_KNOTS('',1,(#1244,#1245),.UNSPECIFIED.,.F.,
  .F.,(2,2),(-5.3775,5.904375),.PIECEWISE_BEZIER_KNOTS.);
#1244 = CARTESIAN_POINT('',(6.1,-4.705));
#1245 = CARTESIAN_POINT('',(6.1,6.576875));
#1246 = ( GEOMETRIC_REPRESENTATION_CONTEXT(2) 
PARAMETRIC_REPRESENTATION_CONTEXT() REPRESENTATION_CONTEXT('2D SPACE',''
  ) );
#1247 = PCURVE('',#1173,#1248);
#1248 = DEFINITIONAL_REPRESENTATION('',(#1249),#1252);
#1249 = B_SPLINE_CURVE_WITH_KNOTS('',1,(#1250,#1251),.UNSPECIFIED.,.F.,
  .F.,(2,2),(-5.3775,5.904375),.PIECEWISE_BEZIER_KNOTS.);
#1250 = CARTESIAN_POINT('',(0.549,6.05));
#1251 = CARTESIAN_POINT('',(0.549,-5.231875));
#1252 = ( GEOMETRIC_REPRESENTATION_CONTEXT(2) 
PARAMETRIC_REPRESENTATION_CONTEXT() REPRESENTATION_CONTEXT('2D SPACE',''
  ) );
#1253 = ORIENTED_EDGE('',*,*,#1254,.F.);
#1254 = EDGE_CURVE('',#1190,#1234,#1255,.T.);
#1255 = SURFACE_CURVE('',#1256,(#1260,#1266),.PCURVE_S1.);
#1256 = LINE('',#1257,#1258);
#1257 = CARTESIAN_POINT('',(-3.339016615414E-17,-3.981367853233,
    7.681281017495));
#1258 = VECTOR('',#1259,1.);
#1259 = DIRECTION('',(1.,0.,0.));
#1260 = PCURVE('',#260,#1261);
#1261 = DEFINITIONAL_REPRESENTATION('',(#1262),#1265);
#1262 = B_SPLINE_CURVE_WITH_KNOTS('',1,(#1263,#1264),.UNSPECIFIED.,.F.,
  .F.,(2,2),(-6.1,6.1),.PIECEWISE_BEZIER_KNOTS.);
#1263 = CARTESIAN_POINT('',(-6.1,-4.705));
#1264 = CARTESIAN_POINT('',(6.1,-4.705));
#1265 = ( GEOMETRIC_REPRESENTATION_CONTEXT(2) 
PARAMETRIC_REPRESENTATION_CONTEXT() REPRESENTATION_CONTEXT('2D SPACE',''
  ) );
#1266 = PCURVE('',#1267,#1272);
#1267 = PLANE('',#1268);
#1268 = AXIS2_PLACEMENT_3D('',#1269,#1270,#1271);
#1269 = CARTESIAN_POINT('',(-6.678033230828E-17,-4.048274122763,
    7.136373180244));
#1270 = DIRECTION('',(0.,-0.992546151641,0.121869343405));
#1271 = DIRECTION('',(0.,-0.121869343405,-0.992546151641));
#1272 = DEFINITIONAL_REPRESENTATION('',(#1273),#1276);
#1273 = B_SPLINE_CURVE_WITH_KNOTS('',1,(#1274,#1275),.UNSPECIFIED.,.F.,
  .F.,(2,2),(-6.1,6.1),.PIECEWISE_BEZIER_KNOTS.);
#1274 = CARTESIAN_POINT('',(-0.549,-6.1));
#1275 = CARTESIAN_POINT('',(-0.549,6.1));
#1276 = ( GEOMETRIC_REPRESENTATION_CONTEXT(2) 
PARAMETRIC_REPRESENTATION_CONTEXT() REPRESENTATION_CONTEXT('2D SPACE',''
  ) );
#1277 = ADVANCED_FACE('',(#1278),#285,.T.);
#1278 = FACE_BOUND('',#1279,.T.);
#1279 = EDGE_LOOP('',(#1280,#1300,#1301));
#1280 = ORIENTED_EDGE('',*,*,#1281,.F.);
#1281 = EDGE_CURVE('',#223,#400,#1282,.T.);
#1282 = SURFACE_CURVE('',#1283,(#1287,#1293),.PCURVE_S1.);
#1283 = LINE('',#1284,#1285);
#1284 = CARTESIAN_POINT('',(10.15,-1.45225842444,1.9805678606));
#1285 = VECTOR('',#1286,1.);
#1286 = DIRECTION('',(-3.201069335767E-02,-0.996743755851,
    7.400811227846E-02));
#1287 = PCURVE('',#285,#1288);
#1288 = DEFINITIONAL_REPRESENTATION('',(#1289),#1292);
#1289 = B_SPLINE_CURVE_WITH_KNOTS('',1,(#1290,#1291),.UNSPECIFIED.,.F.,
  .F.,(2,2),(0.,6.247912151271),.PIECEWISE_BEZIER_KNOTS.);
#1290 = CARTESIAN_POINT('',(-1.802851429823,-3.660984190904));
#1291 = CARTESIAN_POINT('',(-2.054243849814,2.581868370319));
#1292 = ( GEOMETRIC_REPRESENTATION_CONTEXT(2) 
PARAMETRIC_REPRESENTATION_CONTEXT() REPRESENTATION_CONTEXT('2D SPACE',''
  ) );
#1293 = PCURVE('',#414,#1294);
#1294 = DEFINITIONAL_REPRESENTATION('',(#1295),#1299);
#1295 = LINE('',#1296,#1297);
#1296 = CARTESIAN_POINT('',(3.047154435096,0.223198359461));
#1297 = VECTOR('',#1298,1.);
#1298 = DIRECTION('',(-0.998846564743,-4.801604003651E-02));
#1299 = ( GEOMETRIC_REPRESENTATION_CONTEXT(2) 
PARAMETRIC_REPRESENTATION_CONTEXT() REPRESENTATION_CONTEXT('2D SPACE',''
  ) );
#1300 = ORIENTED_EDGE('',*,*,#272,.T.);
#1301 = ORIENTED_EDGE('',*,*,#1302,.T.);
#1302 = EDGE_CURVE('',#246,#400,#1303,.T.);
#1303 = SURFACE_CURVE('',#1304,(#1308,#1315),.PCURVE_S1.);
#1304 = LINE('',#1305,#1306);
#1305 = CARTESIAN_POINT('',(8.7875,-5.839290180837,7.909405194681));
#1306 = VECTOR('',#1307,1.);
#1307 = DIRECTION('',(0.197571105319,-0.312805734369,-0.929041565749));
#1308 = PCURVE('',#285,#1309);
#1309 = DEFINITIONAL_REPRESENTATION('',(#1310),#1314);
#1310 = LINE('',#1311,#1312);
#1311 = CARTESIAN_POINT('',(3.713909527135,1.420247407775));
#1312 = VECTOR('',#1313,1.);
#1313 = DIRECTION('',(-0.98031865663,0.197421709704));
#1314 = ( GEOMETRIC_REPRESENTATION_CONTEXT(2) 
PARAMETRIC_REPRESENTATION_CONTEXT() REPRESENTATION_CONTEXT('2D SPACE',''
  ) );
#1315 = PCURVE('',#441,#1316);
#1316 = DEFINITIONAL_REPRESENTATION('',(#1317),#1320);
#1317 = B_SPLINE_CURVE_WITH_KNOTS('',1,(#1318,#1319),.UNSPECIFIED.,.F.,
  .F.,(2,2),(0.,5.883957566182),.PIECEWISE_BEZIER_KNOTS.);
#1318 = CARTESIAN_POINT('',(-3.020155392915,8.7875));
#1319 = CARTESIAN_POINT('',(2.747820889164,9.95));
#1320 = ( GEOMETRIC_REPRESENTATION_CONTEXT(2) 
PARAMETRIC_REPRESENTATION_CONTEXT() REPRESENTATION_CONTEXT('2D SPACE',''
  ) );
#1321 = ADVANCED_FACE('',(#1322),#317,.T.);
#1322 = FACE_BOUND('',#1323,.T.);
#1323 = EDGE_LOOP('',(#1324,#1344,#1345));
#1324 = ORIENTED_EDGE('',*,*,#1325,.T.);
#1325 = EDGE_CURVE('',#1032,#301,#1326,.T.);
#1326 = SURFACE_CURVE('',#1327,(#1331,#1338),.PCURVE_S1.);
#1327 = LINE('',#1328,#1329);
#1328 = CARTESIAN_POINT('',(-1.5,7.914895881675,0.830425932214));
#1329 = VECTOR('',#1330,1.);
#1330 = DIRECTION('',(0.,-0.121869343405,-0.992546151641));
#1331 = PCURVE('',#317,#1332);
#1332 = DEFINITIONAL_REPRESENTATION('',(#1333),#1337);
#1333 = LINE('',#1334,#1335);
#1334 = CARTESIAN_POINT('',(4.152513835529,-0.22366943073));
#1335 = VECTOR('',#1336,1.);
#1336 = DIRECTION('',(0.,1.));
#1337 = ( GEOMETRIC_REPRESENTATION_CONTEXT(2) 
PARAMETRIC_REPRESENTATION_CONTEXT() REPRESENTATION_CONTEXT('2D SPACE',''
  ) );
#1338 = PCURVE('',#345,#1339);
#1339 = DEFINITIONAL_REPRESENTATION('',(#1340),#1343);
#1340 = B_SPLINE_CURVE_WITH_KNOTS('',1,(#1341,#1342),.UNSPECIFIED.,.F.,
  .F.,(2,2),(0.,0.3),.PIECEWISE_BEZIER_KNOTS.);
#1341 = CARTESIAN_POINT('',(0.15,-1.5));
#1342 = CARTESIAN_POINT('',(-0.15,-1.5));
#1343 = ( GEOMETRIC_REPRESENTATION_CONTEXT(2) 
PARAMETRIC_REPRESENTATION_CONTEXT() REPRESENTATION_CONTEXT('2D SPACE',''
  ) );
#1344 = ORIENTED_EDGE('',*,*,#300,.T.);
#1345 = ORIENTED_EDGE('',*,*,#1346,.T.);
#1346 = EDGE_CURVE('',#303,#1032,#1347,.T.);
#1347 = SURFACE_CURVE('',#1348,(#1352,#1359),.PCURVE_S1.);
#1348 = LINE('',#1349,#1350);
#1349 = CARTESIAN_POINT('',(-9.95,7.679825848325,0.557035955403));
#1350 = VECTOR('',#1351,1.);
#1351 = DIRECTION('',(0.999090908903,2.779364890832E-02,
    3.232443081863E-02));
#1352 = PCURVE('',#317,#1353);
#1353 = DEFINITIONAL_REPRESENTATION('',(#1354),#1358);
#1354 = LINE('',#1355,#1356);
#1355 = CARTESIAN_POINT('',(-4.299852696988,7.633056927046E-02));
#1356 = VECTOR('',#1357,1.);
#1357 = DIRECTION('',(0.99937071732,-3.547068315632E-02));
#1358 = ( GEOMETRIC_REPRESENTATION_CONTEXT(2) 
PARAMETRIC_REPRESENTATION_CONTEXT() REPRESENTATION_CONTEXT('2D SPACE',''
  ) );
#1359 = PCURVE('',#1068,#1360);
#1360 = DEFINITIONAL_REPRESENTATION('',(#1361),#1364);
#1361 = B_SPLINE_CURVE_WITH_KNOTS('',1,(#1362,#1363),.UNSPECIFIED.,.F.,
  .F.,(2,2),(0.,8.457688809598),.PIECEWISE_BEZIER_KNOTS.);
#1362 = CARTESIAN_POINT('',(-1.939736287409,-3.539976702682));
#1363 = CARTESIAN_POINT('',(-1.687696918765,4.913955882609));
#1364 = ( GEOMETRIC_REPRESENTATION_CONTEXT(2) 
PARAMETRIC_REPRESENTATION_CONTEXT() REPRESENTATION_CONTEXT('2D SPACE',''
  ) );
#1365 = ADVANCED_FACE('',(#1366),#942,.T.);
#1366 = FACE_BOUND('',#1367,.T.);
#1367 = EDGE_LOOP('',(#1368,#1395,#1396));
#1368 = ORIENTED_EDGE('',*,*,#1369,.F.);
#1369 = EDGE_CURVE('',#303,#1370,#1372,.T.);
#1370 = VERTEX_POINT('',#1371);
#1371 = CARTESIAN_POINT('',(-10.15,1.525380030484,1.614959830385));
#1372 = SURFACE_CURVE('',#1373,(#1377,#1383),.PCURVE_S1.);
#1373 = LINE('',#1374,#1375);
#1374 = CARTESIAN_POINT('',(-9.95,7.679825848325,0.557035955403));
#1375 = VECTOR('',#1376,1.);
#1376 = DIRECTION('',(-3.201069335767E-02,-0.985040389307,0.169324383789
    ));
#1377 = PCURVE('',#942,#1378);
#1378 = DEFINITIONAL_REPRESENTATION('',(#1379),#1382);
#1379 = B_SPLINE_CURVE_WITH_KNOTS('',1,(#1380,#1381),.UNSPECIFIED.,.F.,
  .F.,(2,2),(0.,6.247912151271),.PIECEWISE_BEZIER_KNOTS.);
#1380 = CARTESIAN_POINT('',(-3.193551154018,-7.680164053923E-02));
#1381 = CARTESIAN_POINT('',(3.047154435096,0.223198359461));
#1382 = ( GEOMETRIC_REPRESENTATION_CONTEXT(2) 
PARAMETRIC_REPRESENTATION_CONTEXT() REPRESENTATION_CONTEXT('2D SPACE',''
  ) );
#1383 = PCURVE('',#1384,#1389);
#1384 = PLANE('',#1385);
#1385 = AXIS2_PLACEMENT_3D('',#1386,#1387,#1388);
#1386 = CARTESIAN_POINT('',(-9.623761538591,5.366914673117,
    2.887266080958));
#1387 = DIRECTION('',(-0.976929626358,6.662528715952E-02,0.202902873946)
  );
#1388 = DIRECTION('',(-0.209689832721,-0.119159938693,-0.97047982105));
#1389 = DEFINITIONAL_REPRESENTATION('',(#1390),#1394);
#1390 = LINE('',#1391,#1392);
#1391 = CARTESIAN_POINT('',(2.054243849814,-2.581868370319));
#1392 = VECTOR('',#1393,1.);
#1393 = DIRECTION('',(-4.023622834387E-02,0.999190195072));
#1394 = ( GEOMETRIC_REPRESENTATION_CONTEXT(2) 
PARAMETRIC_REPRESENTATION_CONTEXT() REPRESENTATION_CONTEXT('2D SPACE',''
  ) );
#1395 = ORIENTED_EDGE('',*,*,#929,.T.);
#1396 = ORIENTED_EDGE('',*,*,#1397,.T.);
#1397 = EDGE_CURVE('',#903,#1370,#1398,.T.);
#1398 = SURFACE_CURVE('',#1399,(#1403,#1410),.PCURVE_S1.);
#1399 = LINE('',#1400,#1401);
#1400 = CARTESIAN_POINT('',(-10.15,1.488819227462,1.317195984892));
#1401 = VECTOR('',#1402,1.);
#1402 = DIRECTION('',(0.,0.121869343405,0.992546151641));
#1403 = PCURVE('',#942,#1404);
#1404 = DEFINITIONAL_REPRESENTATION('',(#1405),#1409);
#1405 = LINE('',#1406,#1407);
#1406 = CARTESIAN_POINT('',(3.047154435096,-7.680164053923E-02));
#1407 = VECTOR('',#1408,1.);
#1408 = DIRECTION('',(0.,1.));
#1409 = ( GEOMETRIC_REPRESENTATION_CONTEXT(2) 
PARAMETRIC_REPRESENTATION_CONTEXT() REPRESENTATION_CONTEXT('2D SPACE',''
  ) );
#1410 = PCURVE('',#918,#1411);
#1411 = DEFINITIONAL_REPRESENTATION('',(#1412),#1415);
#1412 = B_SPLINE_CURVE_WITH_KNOTS('',1,(#1413,#1414),.UNSPECIFIED.,.F.,
  .F.,(2,2),(0.,0.3),.PIECEWISE_BEZIER_KNOTS.);
#1413 = CARTESIAN_POINT('',(0.15,-1.5));
#1414 = CARTESIAN_POINT('',(-0.15,-1.5));
#1415 = ( GEOMETRIC_REPRESENTATION_CONTEXT(2) 
PARAMETRIC_REPRESENTATION_CONTEXT() REPRESENTATION_CONTEXT('2D SPACE',''
  ) );
#1416 = ADVANCED_FACE('',(#1417),#918,.T.);
#1417 = FACE_BOUND('',#1418,.T.);
#1418 = EDGE_LOOP('',(#1419,#1446,#1447,#1448));
#1419 = ORIENTED_EDGE('',*,*,#1420,.F.);
#1420 = EDGE_CURVE('',#1370,#1421,#1423,.T.);
#1421 = VERTEX_POINT('',#1422);
#1422 = CARTESIAN_POINT('',(-10.15,-1.45225842444,1.9805678606));
#1423 = SURFACE_CURVE('',#1424,(#1428,#1434),.PCURVE_S1.);
#1424 = LINE('',#1425,#1426);
#1425 = CARTESIAN_POINT('',(-10.15,1.525380030484,1.614959830385));
#1426 = VECTOR('',#1427,1.);
#1427 = DIRECTION('',(0.,-0.992546151641,0.121869343405));
#1428 = PCURVE('',#918,#1429);
#1429 = DEFINITIONAL_REPRESENTATION('',(#1430),#1433);
#1430 = B_SPLINE_CURVE_WITH_KNOTS('',1,(#1431,#1432),.UNSPECIFIED.,.F.,
  .F.,(2,2),(0.,3.),.PIECEWISE_BEZIER_KNOTS.);
#1431 = CARTESIAN_POINT('',(-0.15,-1.5));
#1432 = CARTESIAN_POINT('',(-0.15,1.5));
#1433 = ( GEOMETRIC_REPRESENTATION_CONTEXT(2) 
PARAMETRIC_REPRESENTATION_CONTEXT() REPRESENTATION_CONTEXT('2D SPACE',''
  ) );
#1434 = PCURVE('',#1435,#1440);
#1435 = PLANE('',#1436);
#1436 = AXIS2_PLACEMENT_3D('',#1437,#1438,#1439);
#1437 = CARTESIAN_POINT('',(-9.246717768895,0.468811009566,
    5.318159271152));
#1438 = DIRECTION('',(-0.969067643411,3.007677681898E-02,0.244955689851)
  );
#1439 = DIRECTION('',(-0.246795264327,-0.118099637418,-0.961844360148));
#1440 = DEFINITIONAL_REPRESENTATION('',(#1441),#1445);
#1441 = LINE('',#1442,#1443);
#1442 = CARTESIAN_POINT('',(3.660046855314,-1.5));
#1443 = VECTOR('',#1444,1.);
#1444 = DIRECTION('',(-0.,1.));
#1445 = ( GEOMETRIC_REPRESENTATION_CONTEXT(2) 
PARAMETRIC_REPRESENTATION_CONTEXT() REPRESENTATION_CONTEXT('2D SPACE',''
  ) );
#1446 = ORIENTED_EDGE('',*,*,#1397,.F.);
#1447 = ORIENTED_EDGE('',*,*,#902,.F.);
#1448 = ORIENTED_EDGE('',*,*,#1449,.F.);
#1449 = EDGE_CURVE('',#1421,#876,#1450,.T.);
#1450 = SURFACE_CURVE('',#1451,(#1455,#1461),.PCURVE_S1.);
#1451 = LINE('',#1452,#1453);
#1452 = CARTESIAN_POINT('',(-10.15,-1.45225842444,1.9805678606));
#1453 = VECTOR('',#1454,1.);
#1454 = DIRECTION('',(0.,-0.121869343405,-0.992546151641));
#1455 = PCURVE('',#918,#1456);
#1456 = DEFINITIONAL_REPRESENTATION('',(#1457),#1460);
#1457 = B_SPLINE_CURVE_WITH_KNOTS('',1,(#1458,#1459),.UNSPECIFIED.,.F.,
  .F.,(2,2),(0.,0.3),.PIECEWISE_BEZIER_KNOTS.);
#1458 = CARTESIAN_POINT('',(-0.15,1.5));
#1459 = CARTESIAN_POINT('',(0.15,1.5));
#1460 = ( GEOMETRIC_REPRESENTATION_CONTEXT(2) 
PARAMETRIC_REPRESENTATION_CONTEXT() REPRESENTATION_CONTEXT('2D SPACE',''
  ) );
#1461 = PCURVE('',#890,#1462);
#1462 = DEFINITIONAL_REPRESENTATION('',(#1463),#1467);
#1463 = LINE('',#1464,#1465);
#1464 = CARTESIAN_POINT('',(-3.047154435096,0.223198359461));
#1465 = VECTOR('',#1466,1.);
#1466 = DIRECTION('',(0.,-1.));
#1467 = ( GEOMETRIC_REPRESENTATION_CONTEXT(2) 
PARAMETRIC_REPRESENTATION_CONTEXT() REPRESENTATION_CONTEXT('2D SPACE',''
  ) );
#1468 = ADVANCED_FACE('',(#1469),#890,.T.);
#1469 = FACE_BOUND('',#1470,.T.);
#1470 = EDGE_LOOP('',(#1471,#1472,#1473));
#1471 = ORIENTED_EDGE('',*,*,#1449,.T.);
#1472 = ORIENTED_EDGE('',*,*,#875,.T.);
#1473 = ORIENTED_EDGE('',*,*,#1474,.T.);
#1474 = EDGE_CURVE('',#849,#1421,#1475,.T.);
#1475 = SURFACE_CURVE('',#1476,(#1480,#1487),.PCURVE_S1.);
#1476 = LINE('',#1477,#1478);
#1477 = CARTESIAN_POINT('',(-9.95,-7.679825848325,2.442964044597));
#1478 = VECTOR('',#1479,1.);
#1479 = DIRECTION('',(-3.201069335767E-02,0.996743755851,
    -7.400811227846E-02));
#1480 = PCURVE('',#890,#1481);
#1481 = DEFINITIONAL_REPRESENTATION('',(#1482),#1486);
#1482 = LINE('',#1483,#1484);
#1483 = CARTESIAN_POINT('',(3.193551154018,-7.680164053923E-02));
#1484 = VECTOR('',#1485,1.);
#1485 = DIRECTION('',(-0.998846564743,4.801604003651E-02));
#1486 = ( GEOMETRIC_REPRESENTATION_CONTEXT(2) 
PARAMETRIC_REPRESENTATION_CONTEXT() REPRESENTATION_CONTEXT('2D SPACE',''
  ) );
#1487 = PCURVE('',#1488,#1493);
#1488 = PLANE('',#1489);
#1489 = AXIS2_PLACEMENT_3D('',#1490,#1491,#1492);
#1490 = CARTESIAN_POINT('',(-9.623761538591,-4.871884330606,
    4.144432520803));
#1491 = DIRECTION('',(-0.976929626358,-1.555958350518E-02,0.212993907203
    ));
#1492 = DIRECTION('',(-0.209689832721,-0.119159938693,-0.97047982105));
#1493 = DEFINITIONAL_REPRESENTATION('',(#1494),#1497);
#1494 = B_SPLINE_CURVE_WITH_KNOTS('',1,(#1495,#1496),.UNSPECIFIED.,.F.,
  .F.,(2,2),(0.,6.247912151271),.PIECEWISE_BEZIER_KNOTS.);
#1495 = CARTESIAN_POINT('',(2.054243849814,2.581868370319));
#1496 = CARTESIAN_POINT('',(1.802851429823,-3.660984190904));
#1497 = ( GEOMETRIC_REPRESENTATION_CONTEXT(2) 
PARAMETRIC_REPRESENTATION_CONTEXT() REPRESENTATION_CONTEXT('2D SPACE',''
  ) );
#1498 = ADVANCED_FACE('',(#1499),#863,.T.);
#1499 = FACE_BOUND('',#1500,.T.);
#1500 = EDGE_LOOP('',(#1501,#1523,#1524,#1547));
#1501 = ORIENTED_EDGE('',*,*,#1502,.F.);
#1502 = EDGE_CURVE('',#849,#1503,#1505,.T.);
#1503 = VERTEX_POINT('',#1504);
#1504 = CARTESIAN_POINT('',(-8.7875,-5.839290180837,7.909405194681));
#1505 = SURFACE_CURVE('',#1506,(#1510,#1516),.PCURVE_S1.);
#1506 = LINE('',#1507,#1508);
#1507 = CARTESIAN_POINT('',(-9.95,-7.679825848325,2.442964044597));
#1508 = VECTOR('',#1509,1.);
#1509 = DIRECTION('',(0.197571105319,0.312805734369,0.929041565749));
#1510 = PCURVE('',#863,#1511);
#1511 = DEFINITIONAL_REPRESENTATION('',(#1512),#1515);
#1512 = B_SPLINE_CURVE_WITH_KNOTS('',1,(#1513,#1514),.UNSPECIFIED.,.F.,
  .F.,(2,2),(0.,5.883957566182),.PIECEWISE_BEZIER_KNOTS.);
#1513 = CARTESIAN_POINT('',(2.747820889164,-9.95));
#1514 = CARTESIAN_POINT('',(-3.020155392915,-8.7875));
#1515 = ( GEOMETRIC_REPRESENTATION_CONTEXT(2) 
PARAMETRIC_REPRESENTATION_CONTEXT() REPRESENTATION_CONTEXT('2D SPACE',''
  ) );
#1516 = PCURVE('',#1488,#1517);
#1517 = DEFINITIONAL_REPRESENTATION('',(#1518),#1522);
#1518 = LINE('',#1519,#1520);
#1519 = CARTESIAN_POINT('',(2.054243849814,2.581868370319));
#1520 = VECTOR('',#1521,1.);
#1521 = DIRECTION('',(-0.98031865663,-0.197421709704));
#1522 = ( GEOMETRIC_REPRESENTATION_CONTEXT(2) 
PARAMETRIC_REPRESENTATION_CONTEXT() REPRESENTATION_CONTEXT('2D SPACE',''
  ) );
#1523 = ORIENTED_EDGE('',*,*,#848,.T.);
#1524 = ORIENTED_EDGE('',*,*,#1525,.T.);
#1525 = EDGE_CURVE('',#822,#1526,#1528,.T.);
#1526 = VERTEX_POINT('',#1527);
#1527 = CARTESIAN_POINT('',(-4.5,-5.839290180837,7.909405194681));
#1528 = SURFACE_CURVE('',#1529,(#1533,#1540),.PCURVE_S1.);
#1529 = LINE('',#1530,#1531);
#1530 = CARTESIAN_POINT('',(-4.5,-7.679825848325,2.442964044597));
#1531 = VECTOR('',#1532,1.);
#1532 = DIRECTION('',(1.539844091349E-16,0.319095567922,0.947722543012)
  );
#1533 = PCURVE('',#863,#1534);
#1534 = DEFINITIONAL_REPRESENTATION('',(#1535),#1539);
#1535 = LINE('',#1536,#1537);
#1536 = CARTESIAN_POINT('',(2.747820889164,-4.5));
#1537 = VECTOR('',#1538,1.);
#1538 = DIRECTION('',(-1.,1.539844091349E-16));
#1539 = ( GEOMETRIC_REPRESENTATION_CONTEXT(2) 
PARAMETRIC_REPRESENTATION_CONTEXT() REPRESENTATION_CONTEXT('2D SPACE',''
  ) );
#1540 = PCURVE('',#836,#1541);
#1541 = DEFINITIONAL_REPRESENTATION('',(#1542),#1546);
#1542 = LINE('',#1543,#1544);
#1543 = CARTESIAN_POINT('',(2.284838845688,0.6645));
#1544 = VECTOR('',#1545,1.);
#1545 = DIRECTION('',(-0.979546330236,-0.201218753899));
#1546 = ( GEOMETRIC_REPRESENTATION_CONTEXT(2) 
PARAMETRIC_REPRESENTATION_CONTEXT() REPRESENTATION_CONTEXT('2D SPACE',''
  ) );
#1547 = ORIENTED_EDGE('',*,*,#1548,.F.);
#1548 = EDGE_CURVE('',#1503,#1526,#1549,.T.);
#1549 = SURFACE_CURVE('',#1550,(#1554,#1560),.PCURVE_S1.);
#1550 = LINE('',#1551,#1552);
#1551 = CARTESIAN_POINT('',(-8.7875,-5.839290180837,7.909405194681));
#1552 = VECTOR('',#1553,1.);
#1553 = DIRECTION('',(1.,0.,0.));
#1554 = PCURVE('',#863,#1555);
#1555 = DEFINITIONAL_REPRESENTATION('',(#1556),#1559);
#1556 = B_SPLINE_CURVE_WITH_KNOTS('',1,(#1557,#1558),.UNSPECIFIED.,.F.,
  .F.,(2,2),(0.,17.575),.PIECEWISE_BEZIER_KNOTS.);
#1557 = CARTESIAN_POINT('',(-3.020155392915,-8.7875));
#1558 = CARTESIAN_POINT('',(-3.020155392915,8.7875));
#1559 = ( GEOMETRIC_REPRESENTATION_CONTEXT(2) 
PARAMETRIC_REPRESENTATION_CONTEXT() REPRESENTATION_CONTEXT('2D SPACE',''
  ) );
#1560 = PCURVE('',#1095,#1561);
#1561 = DEFINITIONAL_REPRESENTATION('',(#1562),#1566);
#1562 = LINE('',#1563,#1564);
#1563 = CARTESIAN_POINT('',(-8.7875,-6.576875));
#1564 = VECTOR('',#1565,1.);
#1565 = DIRECTION('',(1.,0.));
#1566 = ( GEOMETRIC_REPRESENTATION_CONTEXT(2) 
PARAMETRIC_REPRESENTATION_CONTEXT() REPRESENTATION_CONTEXT('2D SPACE',''
  ) );
#1567 = ADVANCED_FACE('',(#1568),#836,.F.);
#1568 = FACE_BOUND('',#1569,.F.);
#1569 = EDGE_LOOP('',(#1570,#1571,#1572,#1594,#1621,#1644,#1671,#1698,
    #1726,#1749));
#1570 = ORIENTED_EDGE('',*,*,#821,.F.);
#1571 = ORIENTED_EDGE('',*,*,#1525,.T.);
#1572 = ORIENTED_EDGE('',*,*,#1573,.F.);
#1573 = EDGE_CURVE('',#1574,#1526,#1576,.T.);
#1574 = VERTEX_POINT('',#1575);
#1575 = CARTESIAN_POINT('',(-4.5,-3.981367853233,7.681281017495));
#1576 = SURFACE_CURVE('',#1577,(#1581,#1588),.PCURVE_S1.);
#1577 = LINE('',#1578,#1579);
#1578 = CARTESIAN_POINT('',(-4.5,-2.171956218791,7.459113204467));
#1579 = VECTOR('',#1580,1.);
#1580 = DIRECTION('',(0.,-0.992546151641,0.121869343405));
#1581 = PCURVE('',#836,#1582);
#1582 = DEFINITIONAL_REPRESENTATION('',(#1583),#1587);
#1583 = LINE('',#1584,#1585);
#1584 = CARTESIAN_POINT('',(-3.365161154312,-4.191));
#1585 = VECTOR('',#1586,1.);
#1586 = DIRECTION('',(0.,1.));
#1587 = ( GEOMETRIC_REPRESENTATION_CONTEXT(2) 
PARAMETRIC_REPRESENTATION_CONTEXT() REPRESENTATION_CONTEXT('2D SPACE',''
  ) );
#1588 = PCURVE('',#1095,#1589);
#1589 = DEFINITIONAL_REPRESENTATION('',(#1590),#1593);
#1590 = B_SPLINE_CURVE_WITH_KNOTS('',1,(#1591,#1592),.UNSPECIFIED.,.F.,
  .F.,(2,2),(1.822,3.694875),.PIECEWISE_BEZIER_KNOTS.);
#1591 = CARTESIAN_POINT('',(-4.5,-4.704));
#1592 = CARTESIAN_POINT('',(-4.5,-6.576875));
#1593 = ( GEOMETRIC_REPRESENTATION_CONTEXT(2) 
PARAMETRIC_REPRESENTATION_CONTEXT() REPRESENTATION_CONTEXT('2D SPACE',''
  ) );
#1594 = ORIENTED_EDGE('',*,*,#1595,.T.);
#1595 = EDGE_CURVE('',#1574,#1596,#1598,.T.);
#1596 = VERTEX_POINT('',#1597);
#1597 = CARTESIAN_POINT('',(-4.5,-4.115302261636,6.590472796841));
#1598 = SURFACE_CURVE('',#1599,(#1603,#1610),.PCURVE_S1.);
#1599 = LINE('',#1600,#1601);
#1600 = CARTESIAN_POINT('',(-4.5,-4.048274122763,7.136373180244));
#1601 = VECTOR('',#1602,1.);
#1602 = DIRECTION('',(0.,-0.121869343405,-0.992546151641));
#1603 = PCURVE('',#836,#1604);
#1604 = DEFINITIONAL_REPRESENTATION('',(#1605),#1609);
#1605 = LINE('',#1606,#1607);
#1606 = CARTESIAN_POINT('',(-2.816161154312,-2.368));
#1607 = VECTOR('',#1608,1.);
#1608 = DIRECTION('',(1.,0.));
#1609 = ( GEOMETRIC_REPRESENTATION_CONTEXT(2) 
PARAMETRIC_REPRESENTATION_CONTEXT() REPRESENTATION_CONTEXT('2D SPACE',''
  ) );
#1610 = PCURVE('',#1611,#1616);
#1611 = PLANE('',#1612);
#1612 = AXIS2_PLACEMENT_3D('',#1613,#1614,#1615);
#1613 = CARTESIAN_POINT('',(-6.678033230828E-17,-4.048274122763,
    7.136373180244));
#1614 = DIRECTION('',(0.,-0.992546151641,0.121869343405));
#1615 = DIRECTION('',(0.,-0.121869343405,-0.992546151641));
#1616 = DEFINITIONAL_REPRESENTATION('',(#1617),#1620);
#1617 = B_SPLINE_CURVE_WITH_KNOTS('',1,(#1618,#1619),.UNSPECIFIED.,.F.,
  .F.,(2,2),(-0.549,0.55),.PIECEWISE_BEZIER_KNOTS.);
#1618 = CARTESIAN_POINT('',(-0.549,-4.5));
#1619 = CARTESIAN_POINT('',(0.55,-4.5));
#1620 = ( GEOMETRIC_REPRESENTATION_CONTEXT(2) 
PARAMETRIC_REPRESENTATION_CONTEXT() REPRESENTATION_CONTEXT('2D SPACE',''
  ) );
#1621 = ORIENTED_EDGE('',*,*,#1622,.F.);
#1622 = EDGE_CURVE('',#1623,#1596,#1625,.T.);
#1623 = VERTEX_POINT('',#1624);
#1624 = CARTESIAN_POINT('',(-4.5,-5.277474550592,6.733169611034));
#1625 = SURFACE_CURVE('',#1626,(#1630,#1637),.PCURVE_S1.);
#1626 = LINE('',#1627,#1628);
#1627 = CARTESIAN_POINT('',(-4.5,-6.218507556964,6.848713935516));
#1628 = VECTOR('',#1629,1.);
#1629 = DIRECTION('',(0.,0.992546151641,-0.121869343405));
#1630 = PCURVE('',#836,#1631);
#1631 = DEFINITIONAL_REPRESENTATION('',(#1632),#1636);
#1632 = LINE('',#1633,#1634);
#1633 = CARTESIAN_POINT('',(-2.266161154312,-0.249));
#1634 = VECTOR('',#1635,1.);
#1635 = DIRECTION('',(0.,-1.));
#1636 = ( GEOMETRIC_REPRESENTATION_CONTEXT(2) 
PARAMETRIC_REPRESENTATION_CONTEXT() REPRESENTATION_CONTEXT('2D SPACE',''
  ) );
#1637 = PCURVE('',#1148,#1638);
#1638 = DEFINITIONAL_REPRESENTATION('',(#1639),#1643);
#1639 = LINE('',#1640,#1641);
#1640 = CARTESIAN_POINT('',(4.5,-8.169));
#1641 = VECTOR('',#1642,1.);
#1642 = DIRECTION('',(0.,1.));
#1643 = ( GEOMETRIC_REPRESENTATION_CONTEXT(2) 
PARAMETRIC_REPRESENTATION_CONTEXT() REPRESENTATION_CONTEXT('2D SPACE',''
  ) );
#1644 = ORIENTED_EDGE('',*,*,#1645,.T.);
#1645 = EDGE_CURVE('',#1623,#1646,#1648,.T.);
#1646 = VERTEX_POINT('',#1647);
#1647 = CARTESIAN_POINT('',(-4.5,-5.848184163407,6.236835645966));
#1648 = SURFACE_CURVE('',#1649,(#1653,#1660),.PCURVE_S1.);
#1649 = LINE('',#1650,#1651);
#1650 = CARTESIAN_POINT('',(-4.5,-5.276459389713,6.734052474777));
#1651 = VECTOR('',#1652,1.);
#1652 = DIRECTION('',(0.,-0.754563139516,-0.656227451791));
#1653 = PCURVE('',#836,#1654);
#1654 = DEFINITIONAL_REPRESENTATION('',(#1655),#1659);
#1655 = LINE('',#1656,#1657);
#1656 = CARTESIAN_POINT('',(-2.267161154312,-1.198));
#1657 = VECTOR('',#1658,1.);
#1658 = DIRECTION('',(0.743294146247,0.668964731622));
#1659 = ( GEOMETRIC_REPRESENTATION_CONTEXT(2) 
PARAMETRIC_REPRESENTATION_CONTEXT() REPRESENTATION_CONTEXT('2D SPACE',''
  ) );
#1660 = PCURVE('',#1661,#1666);
#1661 = PLANE('',#1662);
#1662 = AXIS2_PLACEMENT_3D('',#1663,#1664,#1665);
#1663 = CARTESIAN_POINT('',(8.585280872287E-17,-5.784039829654,
    6.292620603488));
#1664 = DIRECTION('',(0.,0.656227451791,-0.754563139516));
#1665 = DIRECTION('',(0.,0.754563139516,0.656227451791));
#1666 = DEFINITIONAL_REPRESENTATION('',(#1667),#1670);
#1667 = B_SPLINE_CURVE_WITH_KNOTS('',1,(#1668,#1669),.UNSPECIFIED.,.F.,
  .F.,(2,2),(0.,1.345362404707),.PIECEWISE_BEZIER_KNOTS.);
#1668 = CARTESIAN_POINT('',(0.672681202354,-4.5));
#1669 = CARTESIAN_POINT('',(-0.672681202354,-4.5));
#1670 = ( GEOMETRIC_REPRESENTATION_CONTEXT(2) 
PARAMETRIC_REPRESENTATION_CONTEXT() REPRESENTATION_CONTEXT('2D SPACE',''
  ) );
#1671 = ORIENTED_EDGE('',*,*,#1672,.T.);
#1672 = EDGE_CURVE('',#1646,#1673,#1675,.T.);
#1673 = VERTEX_POINT('',#1674);
#1674 = CARTESIAN_POINT('',(-4.5,-5.708080755622,5.222386155728));
#1675 = SURFACE_CURVE('',#1676,(#1680,#1687),.PCURVE_S1.);
#1676 = LINE('',#1677,#1678);
#1677 = CARTESIAN_POINT('',(-4.5,-6.083458733066,7.940392832978));
#1678 = VECTOR('',#1679,1.);
#1679 = DIRECTION('',(0.,0.136809249024,-0.990597410345));
#1680 = PCURVE('',#836,#1681);
#1681 = DEFINITIONAL_REPRESENTATION('',(#1682),#1686);
#1682 = LINE('',#1683,#1684);
#1683 = CARTESIAN_POINT('',(-3.366161154312,-0.25));
#1684 = VECTOR('',#1685,1.);
#1685 = DIRECTION('',(0.966540794113,-0.256512949605));
#1686 = ( GEOMETRIC_REPRESENTATION_CONTEXT(2) 
PARAMETRIC_REPRESENTATION_CONTEXT() REPRESENTATION_CONTEXT('2D SPACE',''
  ) );
#1687 = PCURVE('',#1688,#1693);
#1688 = PLANE('',#1689);
#1689 = AXIS2_PLACEMENT_3D('',#1690,#1691,#1692);
#1690 = CARTESIAN_POINT('',(0.,-5.683451883798,5.044055400886));
#1691 = DIRECTION('',(0.,0.990597410345,0.136809249024));
#1692 = DIRECTION('',(0.,-0.136809249024,0.990597410345));
#1693 = DEFINITIONAL_REPRESENTATION('',(#1694),#1697);
#1694 = B_SPLINE_CURVE_WITH_KNOTS('',1,(#1695,#1696),.UNSPECIFIED.,.F.,
  .F.,(2,2),(0.,5.847657992735),.PIECEWISE_BEZIER_KNOTS.);
#1695 = CARTESIAN_POINT('',(2.923828996368,-4.5));
#1696 = CARTESIAN_POINT('',(-2.923828996368,-4.5));
#1697 = ( GEOMETRIC_REPRESENTATION_CONTEXT(2) 
PARAMETRIC_REPRESENTATION_CONTEXT() REPRESENTATION_CONTEXT('2D SPACE',''
  ) );
#1698 = ORIENTED_EDGE('',*,*,#1699,.T.);
#1699 = EDGE_CURVE('',#1673,#1700,#1702,.T.);
#1700 = VERTEX_POINT('',#1701);
#1701 = CARTESIAN_POINT('',(-4.5,-5.244880961281,5.16551237237));
#1702 = SURFACE_CURVE('',#1703,(#1707,#1714),.PCURVE_S1.);
#1703 = LINE('',#1704,#1705);
#1704 = CARTESIAN_POINT('',(-4.5,-8.5674292039,5.573469999419));
#1705 = VECTOR('',#1706,1.);
#1706 = DIRECTION('',(0.,0.992546151641,-0.121869343405));
#1707 = PCURVE('',#836,#1708);
#1708 = DEFINITIONAL_REPRESENTATION('',(#1709),#1713);
#1709 = LINE('',#1710,#1711);
#1710 = CARTESIAN_POINT('',(-0.714161154312,1.927));
#1711 = VECTOR('',#1712,1.);
#1712 = DIRECTION('',(0.,-1.));
#1713 = ( GEOMETRIC_REPRESENTATION_CONTEXT(2) 
PARAMETRIC_REPRESENTATION_CONTEXT() REPRESENTATION_CONTEXT('2D SPACE',''
  ) );
#1714 = PCURVE('',#1715,#1720);
#1715 = PLANE('',#1716);
#1716 = AXIS2_PLACEMENT_3D('',#1717,#1718,#1719);
#1717 = CARTESIAN_POINT('',(2.2,0.365486160872,4.476645908772));
#1718 = DIRECTION('',(0.,0.121869343405,0.992546151641));
#1719 = DIRECTION('',(1.,0.,-0.));
#1720 = DEFINITIONAL_REPRESENTATION('',(#1721),#1725);
#1721 = LINE('',#1722,#1723);
#1722 = CARTESIAN_POINT('',(-6.7,-9.));
#1723 = VECTOR('',#1724,1.);
#1724 = DIRECTION('',(0.,1.));
#1725 = ( GEOMETRIC_REPRESENTATION_CONTEXT(2) 
PARAMETRIC_REPRESENTATION_CONTEXT() REPRESENTATION_CONTEXT('2D SPACE',''
  ) );
#1726 = ORIENTED_EDGE('',*,*,#1727,.F.);
#1727 = EDGE_CURVE('',#1728,#1700,#1730,.T.);
#1728 = VERTEX_POINT('',#1729);
#1729 = CARTESIAN_POINT('',(-4.5,-5.862495643289,3.864348049387));
#1730 = SURFACE_CURVE('',#1731,(#1735,#1742),.PCURVE_S1.);
#1731 = LINE('',#1732,#1733);
#1732 = CARTESIAN_POINT('',(-4.5,-5.862495643289,3.864348049387));
#1733 = VECTOR('',#1734,1.);
#1734 = DIRECTION('',(0.,0.428808467689,0.903395427284));
#1735 = PCURVE('',#836,#1736);
#1736 = DEFINITIONAL_REPRESENTATION('',(#1737),#1741);
#1737 = LINE('',#1738,#1739);
#1738 = CARTESIAN_POINT('',(0.652572782892,-0.96606096588));
#1739 = VECTOR('',#1740,1.);
#1740 = DIRECTION('',(-0.948920261165,-0.315515986837));
#1741 = ( GEOMETRIC_REPRESENTATION_CONTEXT(2) 
PARAMETRIC_REPRESENTATION_CONTEXT() REPRESENTATION_CONTEXT('2D SPACE',''
  ) );
#1742 = PCURVE('',#757,#1743);
#1743 = DEFINITIONAL_REPRESENTATION('',(#1744),#1748);
#1744 = LINE('',#1745,#1746);
#1745 = CARTESIAN_POINT('',(-0.241402076038,-6.7));
#1746 = VECTOR('',#1747,1.);
#1747 = DIRECTION('',(-1.,0.));
#1748 = ( GEOMETRIC_REPRESENTATION_CONTEXT(2) 
PARAMETRIC_REPRESENTATION_CONTEXT() REPRESENTATION_CONTEXT('2D SPACE',''
  ) );
#1749 = ORIENTED_EDGE('',*,*,#1750,.T.);
#1750 = EDGE_CURVE('',#1728,#796,#1751,.T.);
#1751 = SURFACE_CURVE('',#1752,(#1756,#1763),.PCURVE_S1.);
#1752 = LINE('',#1753,#1754);
#1753 = CARTESIAN_POINT('',(-4.5,-5.982586481827,3.7244367422));
#1754 = VECTOR('',#1755,1.);
#1755 = DIRECTION('',(0.,-0.651312908825,-0.758809261144));
#1756 = PCURVE('',#836,#1757);
#1757 = DEFINITIONAL_REPRESENTATION('',(#1758),#1762);
#1758 = LINE('',#1759,#1760);
#1759 = CARTESIAN_POINT('',(0.806076604053,-0.863916165383));
#1760 = VECTOR('',#1761,1.);
#1761 = DIRECTION('',(0.832528288528,0.553982534743));
#1762 = ( GEOMETRIC_REPRESENTATION_CONTEXT(2) 
PARAMETRIC_REPRESENTATION_CONTEXT() REPRESENTATION_CONTEXT('2D SPACE',''
  ) );
#1763 = PCURVE('',#810,#1764);
#1764 = DEFINITIONAL_REPRESENTATION('',(#1765),#1768);
#1765 = B_SPLINE_CURVE_WITH_KNOTS('',1,(#1766,#1767),.UNSPECIFIED.,.F.,
  .F.,(2,2),(-0.184382709003,1.776230624247),.PIECEWISE_BEZIER_KNOTS.);
#1766 = CARTESIAN_POINT('',(-0.376869817493,-4.5));
#1767 = CARTESIAN_POINT('',(1.583743515757,-4.5));
#1768 = ( GEOMETRIC_REPRESENTATION_CONTEXT(2) 
PARAMETRIC_REPRESENTATION_CONTEXT() REPRESENTATION_CONTEXT('2D SPACE',''
  ) );
#1769 = ADVANCED_FACE('',(#1770),#810,.F.);
#1770 = FACE_BOUND('',#1771,.F.);
#1771 = EDGE_LOOP('',(#1772,#1773,#1774,#1795));
#1772 = ORIENTED_EDGE('',*,*,#795,.F.);
#1773 = ORIENTED_EDGE('',*,*,#1750,.F.);
#1774 = ORIENTED_EDGE('',*,*,#1775,.T.);
#1775 = EDGE_CURVE('',#1728,#1776,#1778,.T.);
#1776 = VERTEX_POINT('',#1777);
#1777 = CARTESIAN_POINT('',(-5.956608939159,-5.862495643289,
    3.864348049387));
#1778 = SURFACE_CURVE('',#1779,(#1783,#1789),.PCURVE_S1.);
#1779 = LINE('',#1780,#1781);
#1780 = CARTESIAN_POINT('',(1.1,-5.862495643289,3.864348049387));
#1781 = VECTOR('',#1782,1.);
#1782 = DIRECTION('',(-1.,0.,0.));
#1783 = PCURVE('',#810,#1784);
#1784 = DEFINITIONAL_REPRESENTATION('',(#1785),#1788);
#1785 = B_SPLINE_CURVE_WITH_KNOTS('',1,(#1786,#1787),.UNSPECIFIED.,.F.,
  .F.,(2,2),(-5.916666666667,8.116666666667),.PIECEWISE_BEZIER_KNOTS.);
#1786 = CARTESIAN_POINT('',(-0.376869817493,7.016666666667));
#1787 = CARTESIAN_POINT('',(-0.376869817493,-7.016666666667));
#1788 = ( GEOMETRIC_REPRESENTATION_CONTEXT(2) 
PARAMETRIC_REPRESENTATION_CONTEXT() REPRESENTATION_CONTEXT('2D SPACE',''
  ) );
#1789 = PCURVE('',#757,#1790);
#1790 = DEFINITIONAL_REPRESENTATION('',(#1791),#1794);
#1791 = B_SPLINE_CURVE_WITH_KNOTS('',1,(#1792,#1793),.UNSPECIFIED.,.F.,
  .F.,(2,2),(-5.916666666667,8.116666666667),.PIECEWISE_BEZIER_KNOTS.);
#1792 = CARTESIAN_POINT('',(-0.241402076038,4.816666666667));
#1793 = CARTESIAN_POINT('',(-0.241402076038,-9.216666666667));
#1794 = ( GEOMETRIC_REPRESENTATION_CONTEXT(2) 
PARAMETRIC_REPRESENTATION_CONTEXT() REPRESENTATION_CONTEXT('2D SPACE',''
  ) );
#1795 = ORIENTED_EDGE('',*,*,#1796,.T.);
#1796 = EDGE_CURVE('',#1776,#770,#1797,.T.);
#1797 = SURFACE_CURVE('',#1798,(#1802,#1809),.PCURVE_S1.);
#1798 = LINE('',#1799,#1800);
#1799 = CARTESIAN_POINT('',(-5.069541666667,-4.79325695375,
    5.110059916912));
#1800 = VECTOR('',#1801,1.);
#1801 = DIRECTION('',(-0.475384269028,-0.57301094134,-0.66758389575));
#1802 = PCURVE('',#810,#1803);
#1803 = DEFINITIONAL_REPRESENTATION('',(#1804),#1808);
#1804 = LINE('',#1805,#1806);
#1805 = CARTESIAN_POINT('',(-2.0185364804,-5.069541666667));
#1806 = VECTOR('',#1807,1.);
#1807 = DIRECTION('',(0.879778265679,-0.475384269028));
#1808 = ( GEOMETRIC_REPRESENTATION_CONTEXT(2) 
PARAMETRIC_REPRESENTATION_CONTEXT() REPRESENTATION_CONTEXT('2D SPACE',''
  ) );
#1809 = PCURVE('',#784,#1810);
#1810 = DEFINITIONAL_REPRESENTATION('',(#1811),#1814);
#1811 = B_SPLINE_CURVE_WITH_KNOTS('',1,(#1812,#1813),.UNSPECIFIED.,.F.,
  .F.,(2,2),(0.,4.09589699714),.PIECEWISE_BEZIER_KNOTS.);
#1812 = CARTESIAN_POINT('',(-2.00476729129,5.197484375));
#1813 = CARTESIAN_POINT('',(1.571724812102,7.19375));
#1814 = ( GEOMETRIC_REPRESENTATION_CONTEXT(2) 
PARAMETRIC_REPRESENTATION_CONTEXT() REPRESENTATION_CONTEXT('2D SPACE',''
  ) );
#1815 = ADVANCED_FACE('',(#1816),#784,.F.);
#1816 = FACE_BOUND('',#1817,.F.);
#1817 = EDGE_LOOP('',(#1818,#1819,#1820));
#1818 = ORIENTED_EDGE('',*,*,#769,.F.);
#1819 = ORIENTED_EDGE('',*,*,#1796,.F.);
#1820 = ORIENTED_EDGE('',*,*,#1821,.T.);
#1821 = EDGE_CURVE('',#1776,#742,#1822,.T.);
#1822 = SURFACE_CURVE('',#1823,(#1827,#1833),.PCURVE_S1.);
#1823 = LINE('',#1824,#1825);
#1824 = CARTESIAN_POINT('',(-4.553581357925,-4.885647031798,
    5.922331124035));
#1825 = VECTOR('',#1826,1.);
#1826 = DIRECTION('',(-0.524408761191,-0.365116108247,-0.769211075508));
#1827 = PCURVE('',#784,#1828);
#1828 = DEFINITIONAL_REPRESENTATION('',(#1829),#1832);
#1829 = B_SPLINE_CURVE_WITH_KNOTS('',1,(#1830,#1831),.UNSPECIFIED.,.F.,
  .F.,(2,2),(0.983889566547,4.695642882626),.PIECEWISE_BEZIER_KNOTS.);
#1830 = CARTESIAN_POINT('',(-2.00476729129,5.6525));
#1831 = CARTESIAN_POINT('',(1.570532648068,6.6496675));
#1832 = ( GEOMETRIC_REPRESENTATION_CONTEXT(2) 
PARAMETRIC_REPRESENTATION_CONTEXT() REPRESENTATION_CONTEXT('2D SPACE',''
  ) );
#1833 = PCURVE('',#757,#1834);
#1834 = DEFINITIONAL_REPRESENTATION('',(#1835),#1838);
#1835 = B_SPLINE_CURVE_WITH_KNOTS('',1,(#1836,#1837),.UNSPECIFIED.,.F.,
  .F.,(2,2),(0.983889566547,4.695642882626),.PIECEWISE_BEZIER_KNOTS.);
#1836 = CARTESIAN_POINT('',(-1.681706380981,-7.269541666667));
#1837 = CARTESIAN_POINT('',(1.478727770059,-9.216017625));
#1838 = ( GEOMETRIC_REPRESENTATION_CONTEXT(2) 
PARAMETRIC_REPRESENTATION_CONTEXT() REPRESENTATION_CONTEXT('2D SPACE',''
  ) );
#1839 = ADVANCED_FACE('',(#1840),#757,.F.);
#1840 = FACE_BOUND('',#1841,.F.);
#1841 = EDGE_LOOP('',(#1842,#1843,#1866,#1886,#1887,#1888));
#1842 = ORIENTED_EDGE('',*,*,#1727,.T.);
#1843 = ORIENTED_EDGE('',*,*,#1844,.F.);
#1844 = EDGE_CURVE('',#1845,#1700,#1847,.T.);
#1845 = VERTEX_POINT('',#1846);
#1846 = CARTESIAN_POINT('',(-7.8525,-5.244880961281,5.16551237237));
#1847 = SURFACE_CURVE('',#1848,(#1852,#1859),.PCURVE_S1.);
#1848 = LINE('',#1849,#1850);
#1849 = CARTESIAN_POINT('',(-7.8525,-5.244880961281,5.16551237237));
#1850 = VECTOR('',#1851,1.);
#1851 = DIRECTION('',(1.,0.,0.));
#1852 = PCURVE('',#757,#1853);
#1853 = DEFINITIONAL_REPRESENTATION('',(#1854),#1858);
#1854 = LINE('',#1855,#1856);
#1855 = CARTESIAN_POINT('',(-1.681706380981,-10.0525));
#1856 = VECTOR('',#1857,1.);
#1857 = DIRECTION('',(0.,1.));
#1858 = ( GEOMETRIC_REPRESENTATION_CONTEXT(2) 
PARAMETRIC_REPRESENTATION_CONTEXT() REPRESENTATION_CONTEXT('2D SPACE',''
  ) );
#1859 = PCURVE('',#1715,#1860);
#1860 = DEFINITIONAL_REPRESENTATION('',(#1861),#1865);
#1861 = LINE('',#1862,#1863);
#1862 = CARTESIAN_POINT('',(-10.0525,-5.6525));
#1863 = VECTOR('',#1864,1.);
#1864 = DIRECTION('',(1.,0.));
#1865 = ( GEOMETRIC_REPRESENTATION_CONTEXT(2) 
PARAMETRIC_REPRESENTATION_CONTEXT() REPRESENTATION_CONTEXT('2D SPACE',''
  ) );
#1866 = ORIENTED_EDGE('',*,*,#1867,.T.);
#1867 = EDGE_CURVE('',#1845,#716,#1868,.T.);
#1868 = SURFACE_CURVE('',#1869,(#1873,#1880),.PCURVE_S1.);
#1869 = LINE('',#1870,#1871);
#1870 = CARTESIAN_POINT('',(-7.8525,-5.244880961281,5.16551237237));
#1871 = VECTOR('',#1872,1.);
#1872 = DIRECTION('',(-0.300894196363,-0.408936423705,-0.861529850883));
#1873 = PCURVE('',#757,#1874);
#1874 = DEFINITIONAL_REPRESENTATION('',(#1875),#1879);
#1875 = LINE('',#1876,#1877);
#1876 = CARTESIAN_POINT('',(-1.681706380981,-10.0525));
#1877 = VECTOR('',#1878,1.);
#1878 = DIRECTION('',(0.953657528988,-0.300894196363));
#1879 = ( GEOMETRIC_REPRESENTATION_CONTEXT(2) 
PARAMETRIC_REPRESENTATION_CONTEXT() REPRESENTATION_CONTEXT('2D SPACE',''
  ) );
#1880 = PCURVE('',#730,#1881);
#1881 = DEFINITIONAL_REPRESENTATION('',(#1882),#1885);
#1882 = B_SPLINE_CURVE_WITH_KNOTS('',1,(#1883,#1884),.UNSPECIFIED.,.F.,
  .F.,(2,2),(0.,3.315118776153),.PIECEWISE_BEZIER_KNOTS.);
#1883 = CARTESIAN_POINT('',(-1.681706380981,5.6525));
#1884 = CARTESIAN_POINT('',(1.479781599385,6.65));
#1885 = ( GEOMETRIC_REPRESENTATION_CONTEXT(2) 
PARAMETRIC_REPRESENTATION_CONTEXT() REPRESENTATION_CONTEXT('2D SPACE',''
  ) );
#1886 = ORIENTED_EDGE('',*,*,#741,.T.);
#1887 = ORIENTED_EDGE('',*,*,#1821,.F.);
#1888 = ORIENTED_EDGE('',*,*,#1775,.F.);
#1889 = ADVANCED_FACE('',(#1890),#730,.F.);
#1890 = FACE_BOUND('',#1891,.F.);
#1891 = EDGE_LOOP('',(#1892,#1893,#1916,#1937));
#1892 = ORIENTED_EDGE('',*,*,#1867,.F.);
#1893 = ORIENTED_EDGE('',*,*,#1894,.T.);
#1894 = EDGE_CURVE('',#1845,#1895,#1897,.T.);
#1895 = VERTEX_POINT('',#1896);
#1896 = CARTESIAN_POINT('',(-7.8525,5.975853283025,3.787779445175));
#1897 = SURFACE_CURVE('',#1898,(#1902,#1909),.PCURVE_S1.);
#1898 = LINE('',#1899,#1900);
#1899 = CARTESIAN_POINT('',(-7.8525,-5.244880961281,5.16551237237));
#1900 = VECTOR('',#1901,1.);
#1901 = DIRECTION('',(0.,0.992546151641,-0.121869343405));
#1902 = PCURVE('',#730,#1903);
#1903 = DEFINITIONAL_REPRESENTATION('',(#1904),#1908);
#1904 = LINE('',#1905,#1906);
#1905 = CARTESIAN_POINT('',(-1.681706380981,5.6525));
#1906 = VECTOR('',#1907,1.);
#1907 = DIRECTION('',(0.,-1.));
#1908 = ( GEOMETRIC_REPRESENTATION_CONTEXT(2) 
PARAMETRIC_REPRESENTATION_CONTEXT() REPRESENTATION_CONTEXT('2D SPACE',''
  ) );
#1909 = PCURVE('',#1715,#1910);
#1910 = DEFINITIONAL_REPRESENTATION('',(#1911),#1915);
#1911 = LINE('',#1912,#1913);
#1912 = CARTESIAN_POINT('',(-10.0525,-5.6525));
#1913 = VECTOR('',#1914,1.);
#1914 = DIRECTION('',(0.,1.));
#1915 = ( GEOMETRIC_REPRESENTATION_CONTEXT(2) 
PARAMETRIC_REPRESENTATION_CONTEXT() REPRESENTATION_CONTEXT('2D SPACE',''
  ) );
#1916 = ORIENTED_EDGE('',*,*,#1917,.T.);
#1917 = EDGE_CURVE('',#1895,#693,#1918,.T.);
#1918 = SURFACE_CURVE('',#1919,(#1923,#1930),.PCURVE_S1.);
#1919 = LINE('',#1920,#1921);
#1920 = CARTESIAN_POINT('',(-7.8525,5.975853283025,3.787779445175));
#1921 = VECTOR('',#1922,1.);
#1922 = DIRECTION('',(-0.300894196363,0.188366329598,-0.934869407173));
#1923 = PCURVE('',#730,#1924);
#1924 = DEFINITIONAL_REPRESENTATION('',(#1925),#1929);
#1925 = LINE('',#1926,#1927);
#1926 = CARTESIAN_POINT('',(-1.681706380981,-5.6525));
#1927 = VECTOR('',#1928,1.);
#1928 = DIRECTION('',(0.953657528988,-0.300894196363));
#1929 = ( GEOMETRIC_REPRESENTATION_CONTEXT(2) 
PARAMETRIC_REPRESENTATION_CONTEXT() REPRESENTATION_CONTEXT('2D SPACE',''
  ) );
#1930 = PCURVE('',#602,#1931);
#1931 = DEFINITIONAL_REPRESENTATION('',(#1932),#1936);
#1932 = LINE('',#1933,#1934);
#1933 = CARTESIAN_POINT('',(1.681706380981,-5.6525));
#1934 = VECTOR('',#1935,1.);
#1935 = DIRECTION('',(-0.953657528988,-0.300894196363));
#1936 = ( GEOMETRIC_REPRESENTATION_CONTEXT(2) 
PARAMETRIC_REPRESENTATION_CONTEXT() REPRESENTATION_CONTEXT('2D SPACE',''
  ) );
#1937 = ORIENTED_EDGE('',*,*,#715,.F.);
#1938 = ADVANCED_FACE('',(#1939),#602,.F.);
#1939 = FACE_BOUND('',#1940,.F.);
#1940 = EDGE_LOOP('',(#1941,#1942,#1965,#1986,#1987,#2008,#2029,#2048));
#1941 = ORIENTED_EDGE('',*,*,#1917,.F.);
#1942 = ORIENTED_EDGE('',*,*,#1943,.F.);
#1943 = EDGE_CURVE('',#1944,#1895,#1946,.T.);
#1944 = VERTEX_POINT('',#1945);
#1945 = CARTESIAN_POINT('',(7.8525,5.975853283025,3.787779445175));
#1946 = SURFACE_CURVE('',#1947,(#1951,#1958),.PCURVE_S1.);
#1947 = LINE('',#1948,#1949);
#1948 = CARTESIAN_POINT('',(7.8525,5.975853283025,3.787779445175));
#1949 = VECTOR('',#1950,1.);
#1950 = DIRECTION('',(-1.,0.,0.));
#1951 = PCURVE('',#602,#1952);
#1952 = DEFINITIONAL_REPRESENTATION('',(#1953),#1957);
#1953 = LINE('',#1954,#1955);
#1954 = CARTESIAN_POINT('',(1.681706380981,10.0525));
#1955 = VECTOR('',#1956,1.);
#1956 = DIRECTION('',(0.,-1.));
#1957 = ( GEOMETRIC_REPRESENTATION_CONTEXT(2) 
PARAMETRIC_REPRESENTATION_CONTEXT() REPRESENTATION_CONTEXT('2D SPACE',''
  ) );
#1958 = PCURVE('',#1715,#1959);
#1959 = DEFINITIONAL_REPRESENTATION('',(#1960),#1964);
#1960 = LINE('',#1961,#1962);
#1961 = CARTESIAN_POINT('',(5.6525,5.6525));
#1962 = VECTOR('',#1963,1.);
#1963 = DIRECTION('',(-1.,0.));
#1964 = ( GEOMETRIC_REPRESENTATION_CONTEXT(2) 
PARAMETRIC_REPRESENTATION_CONTEXT() REPRESENTATION_CONTEXT('2D SPACE',''
  ) );
#1965 = ORIENTED_EDGE('',*,*,#1966,.F.);
#1966 = EDGE_CURVE('',#561,#1944,#1967,.T.);
#1967 = SURFACE_CURVE('',#1968,(#1972,#1979),.PCURVE_S1.);
#1968 = LINE('',#1969,#1970);
#1969 = CARTESIAN_POINT('',(8.85,6.600310039071,0.688576320204));
#1970 = VECTOR('',#1971,1.);
#1971 = DIRECTION('',(-0.300894196363,-0.188366329598,0.934869407173));
#1972 = PCURVE('',#602,#1973);
#1973 = DEFINITIONAL_REPRESENTATION('',(#1974),#1978);
#1974 = LINE('',#1975,#1976);
#1975 = CARTESIAN_POINT('',(-1.479781599385,11.05));
#1976 = VECTOR('',#1977,1.);
#1977 = DIRECTION('',(0.953657528988,-0.300894196363));
#1978 = ( GEOMETRIC_REPRESENTATION_CONTEXT(2) 
PARAMETRIC_REPRESENTATION_CONTEXT() REPRESENTATION_CONTEXT('2D SPACE',''
  ) );
#1979 = PCURVE('',#575,#1980);
#1980 = DEFINITIONAL_REPRESENTATION('',(#1981),#1985);
#1981 = LINE('',#1982,#1983);
#1982 = CARTESIAN_POINT('',(-1.479781599385,-6.65));
#1983 = VECTOR('',#1984,1.);
#1984 = DIRECTION('',(0.953657528988,0.300894196363));
#1985 = ( GEOMETRIC_REPRESENTATION_CONTEXT(2) 
PARAMETRIC_REPRESENTATION_CONTEXT() REPRESENTATION_CONTEXT('2D SPACE',''
  ) );
#1986 = ORIENTED_EDGE('',*,*,#586,.T.);
#1987 = ORIENTED_EDGE('',*,*,#1988,.F.);
#1988 = EDGE_CURVE('',#1989,#587,#1991,.T.);
#1989 = VERTEX_POINT('',#1990);
#1990 = CARTESIAN_POINT('',(5.956608939159,6.26034202996,2.37585074878)
  );
#1991 = SURFACE_CURVE('',#1992,(#1996,#2002),.PCURVE_S1.);
#1992 = LINE('',#1993,#1994);
#1993 = CARTESIAN_POINT('',(4.553581357925,5.810381163543,4.609023998665
    ));
#1994 = VECTOR('',#1995,1.);
#1995 = DIRECTION('',(0.524408761191,0.168181597923,-0.834691800191));
#1996 = PCURVE('',#602,#1997);
#1997 = DEFINITIONAL_REPRESENTATION('',(#1998),#2001);
#1998 = B_SPLINE_CURVE_WITH_KNOTS('',1,(#1999,#2000),.UNSPECIFIED.,.F.,
  .F.,(2,2),(0.983889566547,4.695642882626),.PIECEWISE_BEZIER_KNOTS.);
#1999 = CARTESIAN_POINT('',(1.681706380981,7.269541666667));
#2000 = CARTESIAN_POINT('',(-1.478727770059,9.216017625));
#2001 = ( GEOMETRIC_REPRESENTATION_CONTEXT(2) 
PARAMETRIC_REPRESENTATION_CONTEXT() REPRESENTATION_CONTEXT('2D SPACE',''
  ) );
#2002 = PCURVE('',#629,#2003);
#2003 = DEFINITIONAL_REPRESENTATION('',(#2004),#2007);
#2004 = B_SPLINE_CURVE_WITH_KNOTS('',1,(#2005,#2006),.UNSPECIFIED.,.F.,
  .F.,(2,2),(0.983889566547,4.695642882626),.PIECEWISE_BEZIER_KNOTS.);
#2005 = CARTESIAN_POINT('',(2.00476729129,-5.6525));
#2006 = CARTESIAN_POINT('',(-1.570532648068,-6.6496675));
#2007 = ( GEOMETRIC_REPRESENTATION_CONTEXT(2) 
PARAMETRIC_REPRESENTATION_CONTEXT() REPRESENTATION_CONTEXT('2D SPACE',''
  ) );
#2008 = ORIENTED_EDGE('',*,*,#2009,.F.);
#2009 = EDGE_CURVE('',#2010,#1989,#2012,.T.);
#2010 = VERTEX_POINT('',#2011);
#2011 = CARTESIAN_POINT('',(-5.956608939159,6.26034202996,2.37585074878)
  );
#2012 = SURFACE_CURVE('',#2013,(#2017,#2023),.PCURVE_S1.);
#2013 = LINE('',#2014,#2015);
#2014 = CARTESIAN_POINT('',(-1.1,6.26034202996,2.37585074878));
#2015 = VECTOR('',#2016,1.);
#2016 = DIRECTION('',(1.,0.,0.));
#2017 = PCURVE('',#602,#2018);
#2018 = DEFINITIONAL_REPRESENTATION('',(#2019),#2022);
#2019 = B_SPLINE_CURVE_WITH_KNOTS('',1,(#2020,#2021),.UNSPECIFIED.,.F.,
  .F.,(2,2),(-5.916666666667,8.116666666667),.PIECEWISE_BEZIER_KNOTS.);
#2020 = CARTESIAN_POINT('',(0.241402076038,-4.816666666667));
#2021 = CARTESIAN_POINT('',(0.241402076038,9.216666666667));
#2022 = ( GEOMETRIC_REPRESENTATION_CONTEXT(2) 
PARAMETRIC_REPRESENTATION_CONTEXT() REPRESENTATION_CONTEXT('2D SPACE',''
  ) );
#2023 = PCURVE('',#655,#2024);
#2024 = DEFINITIONAL_REPRESENTATION('',(#2025),#2028);
#2025 = B_SPLINE_CURVE_WITH_KNOTS('',1,(#2026,#2027),.UNSPECIFIED.,.F.,
  .F.,(2,2),(-5.916666666667,8.116666666667),.PIECEWISE_BEZIER_KNOTS.);
#2026 = CARTESIAN_POINT('',(0.376869817493,-7.016666666667));
#2027 = CARTESIAN_POINT('',(0.376869817493,7.016666666667));
#2028 = ( GEOMETRIC_REPRESENTATION_CONTEXT(2) 
PARAMETRIC_REPRESENTATION_CONTEXT() REPRESENTATION_CONTEXT('2D SPACE',''
  ) );
#2029 = ORIENTED_EDGE('',*,*,#2030,.F.);
#2030 = EDGE_CURVE('',#667,#2010,#2031,.T.);
#2031 = SURFACE_CURVE('',#2032,(#2036,#2042),.PCURVE_S1.);
#2032 = LINE('',#2033,#2034);
#2033 = CARTESIAN_POINT('',(-5.158591365316,6.004412151071,
    3.646040674252));
#2034 = VECTOR('',#2035,1.);
#2035 = DIRECTION('',(0.524408761191,-0.168181597923,0.834691800191));
#2036 = PCURVE('',#602,#2037);
#2037 = DEFINITIONAL_REPRESENTATION('',(#2038),#2041);
#2038 = B_SPLINE_CURVE_WITH_KNOTS('',1,(#2039,#2040),.UNSPECIFIED.,.F.,
  .F.,(2,2),(-3.541943608005,0.169809708074),.PIECEWISE_BEZIER_KNOTS.);
#2039 = CARTESIAN_POINT('',(-1.478727770059,-4.816017625));
#2040 = CARTESIAN_POINT('',(1.681706380981,-2.869541666667));
#2041 = ( GEOMETRIC_REPRESENTATION_CONTEXT(2) 
PARAMETRIC_REPRESENTATION_CONTEXT() REPRESENTATION_CONTEXT('2D SPACE',''
  ) );
#2042 = PCURVE('',#681,#2043);
#2043 = DEFINITIONAL_REPRESENTATION('',(#2044),#2047);
#2044 = B_SPLINE_CURVE_WITH_KNOTS('',1,(#2045,#2046),.UNSPECIFIED.,.F.,
  .F.,(2,2),(-3.541943608005,0.169809708074),.PIECEWISE_BEZIER_KNOTS.);
#2045 = CARTESIAN_POINT('',(1.570532648068,-6.6496675));
#2046 = CARTESIAN_POINT('',(-2.00476729129,-5.6525));
#2047 = ( GEOMETRIC_REPRESENTATION_CONTEXT(2) 
PARAMETRIC_REPRESENTATION_CONTEXT() REPRESENTATION_CONTEXT('2D SPACE',''
  ) );
#2048 = ORIENTED_EDGE('',*,*,#692,.T.);
#2049 = ADVANCED_FACE('',(#2050),#681,.F.);
#2050 = FACE_BOUND('',#2051,.F.);
#2051 = EDGE_LOOP('',(#2052,#2072,#2073));
#2052 = ORIENTED_EDGE('',*,*,#2053,.T.);
#2053 = EDGE_CURVE('',#2010,#641,#2054,.T.);
#2054 = SURFACE_CURVE('',#2055,(#2059,#2066),.PCURVE_S1.);
#2055 = LINE('',#2056,#2057);
#2056 = CARTESIAN_POINT('',(-5.069541666667,5.524229275494,
    3.843231900633));
#2057 = VECTOR('',#2058,1.);
#2058 = DIRECTION('',(-0.475384269028,0.39448690596,-0.786377694106));
#2059 = PCURVE('',#681,#2060);
#2060 = DEFINITIONAL_REPRESENTATION('',(#2061),#2065);
#2061 = LINE('',#2062,#2063);
#2062 = CARTESIAN_POINT('',(-2.00476729129,-5.197484375));
#2063 = VECTOR('',#2064,1.);
#2064 = DIRECTION('',(0.873188975672,-0.487381793632));
#2065 = ( GEOMETRIC_REPRESENTATION_CONTEXT(2) 
PARAMETRIC_REPRESENTATION_CONTEXT() REPRESENTATION_CONTEXT('2D SPACE',''
  ) );
#2066 = PCURVE('',#655,#2067);
#2067 = DEFINITIONAL_REPRESENTATION('',(#2068),#2071);
#2068 = B_SPLINE_CURVE_WITH_KNOTS('',1,(#2069,#2070),.UNSPECIFIED.,.F.,
  .F.,(2,2),(0.,4.09589699714),.PIECEWISE_BEZIER_KNOTS.);
#2069 = CARTESIAN_POINT('',(2.0185364804,-5.069541666667));
#2070 = CARTESIAN_POINT('',(-1.584944676142,-7.016666666667));
#2071 = ( GEOMETRIC_REPRESENTATION_CONTEXT(2) 
PARAMETRIC_REPRESENTATION_CONTEXT() REPRESENTATION_CONTEXT('2D SPACE',''
  ) );
#2072 = ORIENTED_EDGE('',*,*,#666,.F.);
#2073 = ORIENTED_EDGE('',*,*,#2030,.T.);
#2074 = ADVANCED_FACE('',(#2075),#655,.F.);
#2075 = FACE_BOUND('',#2076,.F.);
#2076 = EDGE_LOOP('',(#2077,#2078,#2079,#2099));
#2077 = ORIENTED_EDGE('',*,*,#2053,.F.);
#2078 = ORIENTED_EDGE('',*,*,#2009,.T.);
#2079 = ORIENTED_EDGE('',*,*,#2080,.F.);
#2080 = EDGE_CURVE('',#615,#1989,#2081,.T.);
#2081 = SURFACE_CURVE('',#2082,(#2086,#2092),.PCURVE_S1.);
#2082 = LINE('',#2083,#2084);
#2083 = CARTESIAN_POINT('',(7.016666666667,7.140007009026,0.622309864728
    ));
#2084 = VECTOR('',#2085,1.);
#2085 = DIRECTION('',(-0.475384269028,-0.39448690596,0.786377694106));
#2086 = PCURVE('',#655,#2087);
#2087 = DEFINITIONAL_REPRESENTATION('',(#2088),#2091);
#2088 = B_SPLINE_CURVE_WITH_KNOTS('',1,(#2089,#2090),.UNSPECIFIED.,.F.,
  .F.,(2,2),(0.,4.09589699714),.PIECEWISE_BEZIER_KNOTS.);
#2089 = CARTESIAN_POINT('',(-1.584944676142,7.016666666667));
#2090 = CARTESIAN_POINT('',(2.0185364804,5.069541666667));
#2091 = ( GEOMETRIC_REPRESENTATION_CONTEXT(2) 
PARAMETRIC_REPRESENTATION_CONTEXT() REPRESENTATION_CONTEXT('2D SPACE',''
  ) );
#2092 = PCURVE('',#629,#2093);
#2093 = DEFINITIONAL_REPRESENTATION('',(#2094),#2098);
#2094 = LINE('',#2095,#2096);
#2095 = CARTESIAN_POINT('',(-1.571724812102,-7.19375));
#2096 = VECTOR('',#2097,1.);
#2097 = DIRECTION('',(0.873188975672,0.487381793632));
#2098 = ( GEOMETRIC_REPRESENTATION_CONTEXT(2) 
PARAMETRIC_REPRESENTATION_CONTEXT() REPRESENTATION_CONTEXT('2D SPACE',''
  ) );
#2099 = ORIENTED_EDGE('',*,*,#640,.F.);
#2100 = ADVANCED_FACE('',(#2101),#629,.F.);
#2101 = FACE_BOUND('',#2102,.F.);
#2102 = EDGE_LOOP('',(#2103,#2104,#2105));
#2103 = ORIENTED_EDGE('',*,*,#614,.F.);
#2104 = ORIENTED_EDGE('',*,*,#2080,.T.);
#2105 = ORIENTED_EDGE('',*,*,#1988,.T.);
#2106 = ADVANCED_FACE('',(#2107),#575,.F.);
#2107 = FACE_BOUND('',#2108,.F.);
#2108 = EDGE_LOOP('',(#2109,#2110,#2111,#2134));
#2109 = ORIENTED_EDGE('',*,*,#560,.F.);
#2110 = ORIENTED_EDGE('',*,*,#1966,.T.);
#2111 = ORIENTED_EDGE('',*,*,#2112,.T.);
#2112 = EDGE_CURVE('',#1944,#2113,#2115,.T.);
#2113 = VERTEX_POINT('',#2114);
#2114 = CARTESIAN_POINT('',(7.8525,-5.244880961281,5.16551237237));
#2115 = SURFACE_CURVE('',#2116,(#2120,#2127),.PCURVE_S1.);
#2116 = LINE('',#2117,#2118);
#2117 = CARTESIAN_POINT('',(7.8525,5.975853283025,3.787779445175));
#2118 = VECTOR('',#2119,1.);
#2119 = DIRECTION('',(0.,-0.992546151641,0.121869343405));
#2120 = PCURVE('',#575,#2121);
#2121 = DEFINITIONAL_REPRESENTATION('',(#2122),#2126);
#2122 = LINE('',#2123,#2124);
#2123 = CARTESIAN_POINT('',(1.681706380981,-5.6525));
#2124 = VECTOR('',#2125,1.);
#2125 = DIRECTION('',(0.,1.));
#2126 = ( GEOMETRIC_REPRESENTATION_CONTEXT(2) 
PARAMETRIC_REPRESENTATION_CONTEXT() REPRESENTATION_CONTEXT('2D SPACE',''
  ) );
#2127 = PCURVE('',#1715,#2128);
#2128 = DEFINITIONAL_REPRESENTATION('',(#2129),#2133);
#2129 = LINE('',#2130,#2131);
#2130 = CARTESIAN_POINT('',(5.6525,5.6525));
#2131 = VECTOR('',#2132,1.);
#2132 = DIRECTION('',(0.,-1.));
#2133 = ( GEOMETRIC_REPRESENTATION_CONTEXT(2) 
PARAMETRIC_REPRESENTATION_CONTEXT() REPRESENTATION_CONTEXT('2D SPACE',''
  ) );
#2134 = ORIENTED_EDGE('',*,*,#2135,.F.);
#2135 = EDGE_CURVE('',#533,#2113,#2136,.T.);
#2136 = SURFACE_CURVE('',#2137,(#2141,#2147),.PCURVE_S1.);
#2137 = LINE('',#2138,#2139);
#2138 = CARTESIAN_POINT('',(8.85,-6.600553777758,2.309438587493));
#2139 = VECTOR('',#2140,1.);
#2140 = DIRECTION('',(-0.300894196363,0.408936423705,0.861529850883));
#2141 = PCURVE('',#575,#2142);
#2142 = DEFINITIONAL_REPRESENTATION('',(#2143),#2146);
#2143 = B_SPLINE_CURVE_WITH_KNOTS('',1,(#2144,#2145),.UNSPECIFIED.,.F.,
  .F.,(2,2),(0.,3.315118776153),.PIECEWISE_BEZIER_KNOTS.);
#2144 = CARTESIAN_POINT('',(-1.479781599385,6.65));
#2145 = CARTESIAN_POINT('',(1.681706380981,5.6525));
#2146 = ( GEOMETRIC_REPRESENTATION_CONTEXT(2) 
PARAMETRIC_REPRESENTATION_CONTEXT() REPRESENTATION_CONTEXT('2D SPACE',''
  ) );
#2147 = PCURVE('',#548,#2148);
#2148 = DEFINITIONAL_REPRESENTATION('',(#2149),#2153);
#2149 = LINE('',#2150,#2151);
#2150 = CARTESIAN_POINT('',(1.479781599385,6.65));
#2151 = VECTOR('',#2152,1.);
#2152 = DIRECTION('',(-0.953657528988,-0.300894196363));
#2153 = ( GEOMETRIC_REPRESENTATION_CONTEXT(2) 
PARAMETRIC_REPRESENTATION_CONTEXT() REPRESENTATION_CONTEXT('2D SPACE',''
  ) );
#2154 = ADVANCED_FACE('',(#2155),#548,.F.);
#2155 = FACE_BOUND('',#2156,.F.);
#2156 = EDGE_LOOP('',(#2157,#2178,#2179,#2180,#2203,#2226));
#2157 = ORIENTED_EDGE('',*,*,#2158,.F.);
#2158 = EDGE_CURVE('',#507,#2159,#2161,.T.);
#2159 = VERTEX_POINT('',#2160);
#2160 = CARTESIAN_POINT('',(5.956608939159,-5.862495643289,
    3.864348049387));
#2161 = SURFACE_CURVE('',#2162,(#2166,#2172),.PCURVE_S1.);
#2162 = LINE('',#2163,#2164);
#2163 = CARTESIAN_POINT('',(5.158591365316,-5.306881221035,5.03489286419
    ));
#2164 = VECTOR('',#2165,1.);
#2165 = DIRECTION('',(-0.524408761191,0.365116108247,0.769211075508));
#2166 = PCURVE('',#548,#2167);
#2167 = DEFINITIONAL_REPRESENTATION('',(#2168),#2171);
#2168 = B_SPLINE_CURVE_WITH_KNOTS('',1,(#2169,#2170),.UNSPECIFIED.,.F.,
  .F.,(2,2),(-3.541943608005,0.169809708074),.PIECEWISE_BEZIER_KNOTS.);
#2169 = CARTESIAN_POINT('',(1.478727770059,4.816017625));
#2170 = CARTESIAN_POINT('',(-1.681706380981,2.869541666667));
#2171 = ( GEOMETRIC_REPRESENTATION_CONTEXT(2) 
PARAMETRIC_REPRESENTATION_CONTEXT() REPRESENTATION_CONTEXT('2D SPACE',''
  ) );
#2172 = PCURVE('',#521,#2173);
#2173 = DEFINITIONAL_REPRESENTATION('',(#2174),#2177);
#2174 = B_SPLINE_CURVE_WITH_KNOTS('',1,(#2175,#2176),.UNSPECIFIED.,.F.,
  .F.,(2,2),(-3.541943608005,0.169809708074),.PIECEWISE_BEZIER_KNOTS.);
#2175 = CARTESIAN_POINT('',(-1.570532648068,6.6496675));
#2176 = CARTESIAN_POINT('',(2.00476729129,5.6525));
#2177 = ( GEOMETRIC_REPRESENTATION_CONTEXT(2) 
PARAMETRIC_REPRESENTATION_CONTEXT() REPRESENTATION_CONTEXT('2D SPACE',''
  ) );
#2178 = ORIENTED_EDGE('',*,*,#532,.T.);
#2179 = ORIENTED_EDGE('',*,*,#2135,.T.);
#2180 = ORIENTED_EDGE('',*,*,#2181,.F.);
#2181 = EDGE_CURVE('',#2182,#2113,#2184,.T.);
#2182 = VERTEX_POINT('',#2183);
#2183 = CARTESIAN_POINT('',(4.5,-5.244880961281,5.16551237237));
#2184 = SURFACE_CURVE('',#2185,(#2189,#2196),.PCURVE_S1.);
#2185 = LINE('',#2186,#2187);
#2186 = CARTESIAN_POINT('',(-7.8525,-5.244880961281,5.16551237237));
#2187 = VECTOR('',#2188,1.);
#2188 = DIRECTION('',(1.,0.,0.));
#2189 = PCURVE('',#548,#2190);
#2190 = DEFINITIONAL_REPRESENTATION('',(#2191),#2195);
#2191 = LINE('',#2192,#2193);
#2192 = CARTESIAN_POINT('',(-1.681706380981,-10.0525));
#2193 = VECTOR('',#2194,1.);
#2194 = DIRECTION('',(0.,1.));
#2195 = ( GEOMETRIC_REPRESENTATION_CONTEXT(2) 
PARAMETRIC_REPRESENTATION_CONTEXT() REPRESENTATION_CONTEXT('2D SPACE',''
  ) );
#2196 = PCURVE('',#1715,#2197);
#2197 = DEFINITIONAL_REPRESENTATION('',(#2198),#2202);
#2198 = LINE('',#2199,#2200);
#2199 = CARTESIAN_POINT('',(-10.0525,-5.6525));
#2200 = VECTOR('',#2201,1.);
#2201 = DIRECTION('',(1.,0.));
#2202 = ( GEOMETRIC_REPRESENTATION_CONTEXT(2) 
PARAMETRIC_REPRESENTATION_CONTEXT() REPRESENTATION_CONTEXT('2D SPACE',''
  ) );
#2203 = ORIENTED_EDGE('',*,*,#2204,.F.);
#2204 = EDGE_CURVE('',#2205,#2182,#2207,.T.);
#2205 = VERTEX_POINT('',#2206);
#2206 = CARTESIAN_POINT('',(4.5,-5.862495643289,3.864348049387));
#2207 = SURFACE_CURVE('',#2208,(#2212,#2219),.PCURVE_S1.);
#2208 = LINE('',#2209,#2210);
#2209 = CARTESIAN_POINT('',(4.5,-5.862495643289,3.864348049387));
#2210 = VECTOR('',#2211,1.);
#2211 = DIRECTION('',(0.,0.428808467689,0.903395427284));
#2212 = PCURVE('',#548,#2213);
#2213 = DEFINITIONAL_REPRESENTATION('',(#2214),#2218);
#2214 = LINE('',#2215,#2216);
#2215 = CARTESIAN_POINT('',(-0.241402076038,2.3));
#2216 = VECTOR('',#2217,1.);
#2217 = DIRECTION('',(-1.,0.));
#2218 = ( GEOMETRIC_REPRESENTATION_CONTEXT(2) 
PARAMETRIC_REPRESENTATION_CONTEXT() REPRESENTATION_CONTEXT('2D SPACE',''
  ) );
#2219 = PCURVE('',#468,#2220);
#2220 = DEFINITIONAL_REPRESENTATION('',(#2221),#2225);
#2221 = LINE('',#2222,#2223);
#2222 = CARTESIAN_POINT('',(-0.652572782892,-0.96606096588));
#2223 = VECTOR('',#2224,1.);
#2224 = DIRECTION('',(0.948920261165,-0.315515986837));
#2225 = ( GEOMETRIC_REPRESENTATION_CONTEXT(2) 
PARAMETRIC_REPRESENTATION_CONTEXT() REPRESENTATION_CONTEXT('2D SPACE',''
  ) );
#2226 = ORIENTED_EDGE('',*,*,#2227,.F.);
#2227 = EDGE_CURVE('',#2159,#2205,#2228,.T.);
#2228 = SURFACE_CURVE('',#2229,(#2233,#2239),.PCURVE_S1.);
#2229 = LINE('',#2230,#2231);
#2230 = CARTESIAN_POINT('',(1.1,-5.862495643289,3.864348049387));
#2231 = VECTOR('',#2232,1.);
#2232 = DIRECTION('',(-1.,0.,0.));
#2233 = PCURVE('',#548,#2234);
#2234 = DEFINITIONAL_REPRESENTATION('',(#2235),#2238);
#2235 = B_SPLINE_CURVE_WITH_KNOTS('',1,(#2236,#2237),.UNSPECIFIED.,.F.,
  .F.,(2,2),(-5.916666666667,8.116666666667),.PIECEWISE_BEZIER_KNOTS.);
#2236 = CARTESIAN_POINT('',(-0.241402076038,4.816666666667));
#2237 = CARTESIAN_POINT('',(-0.241402076038,-9.216666666667));
#2238 = ( GEOMETRIC_REPRESENTATION_CONTEXT(2) 
PARAMETRIC_REPRESENTATION_CONTEXT() REPRESENTATION_CONTEXT('2D SPACE',''
  ) );
#2239 = PCURVE('',#495,#2240);
#2240 = DEFINITIONAL_REPRESENTATION('',(#2241),#2244);
#2241 = B_SPLINE_CURVE_WITH_KNOTS('',1,(#2242,#2243),.UNSPECIFIED.,.F.,
  .F.,(2,2),(-5.916666666667,8.116666666667),.PIECEWISE_BEZIER_KNOTS.);
#2242 = CARTESIAN_POINT('',(-0.376869817493,7.016666666667));
#2243 = CARTESIAN_POINT('',(-0.376869817493,-7.016666666667));
#2244 = ( GEOMETRIC_REPRESENTATION_CONTEXT(2) 
PARAMETRIC_REPRESENTATION_CONTEXT() REPRESENTATION_CONTEXT('2D SPACE',''
  ) );
#2245 = ADVANCED_FACE('',(#2246),#521,.F.);
#2246 = FACE_BOUND('',#2247,.F.);
#2247 = EDGE_LOOP('',(#2248,#2268,#2269));
#2248 = ORIENTED_EDGE('',*,*,#2249,.F.);
#2249 = EDGE_CURVE('',#481,#2159,#2250,.T.);
#2250 = SURFACE_CURVE('',#2251,(#2255,#2261),.PCURVE_S1.);
#2251 = LINE('',#2252,#2253);
#2252 = CARTESIAN_POINT('',(7.016666666667,-7.140250747713,
    2.375705042969));
#2253 = VECTOR('',#2254,1.);
#2254 = DIRECTION('',(-0.475384269028,0.57301094134,0.66758389575));
#2255 = PCURVE('',#521,#2256);
#2256 = DEFINITIONAL_REPRESENTATION('',(#2257),#2260);
#2257 = B_SPLINE_CURVE_WITH_KNOTS('',1,(#2258,#2259),.UNSPECIFIED.,.F.,
  .F.,(2,2),(0.,4.09589699714),.PIECEWISE_BEZIER_KNOTS.);
#2258 = CARTESIAN_POINT('',(-1.571724812102,7.19375));
#2259 = CARTESIAN_POINT('',(2.00476729129,5.197484375));
#2260 = ( GEOMETRIC_REPRESENTATION_CONTEXT(2) 
PARAMETRIC_REPRESENTATION_CONTEXT() REPRESENTATION_CONTEXT('2D SPACE',''
  ) );
#2261 = PCURVE('',#495,#2262);
#2262 = DEFINITIONAL_REPRESENTATION('',(#2263),#2267);
#2263 = LINE('',#2264,#2265);
#2264 = CARTESIAN_POINT('',(1.584944676142,7.016666666667));
#2265 = VECTOR('',#2266,1.);
#2266 = DIRECTION('',(-0.879778265679,-0.475384269028));
#2267 = ( GEOMETRIC_REPRESENTATION_CONTEXT(2) 
PARAMETRIC_REPRESENTATION_CONTEXT() REPRESENTATION_CONTEXT('2D SPACE',''
  ) );
#2268 = ORIENTED_EDGE('',*,*,#506,.F.);
#2269 = ORIENTED_EDGE('',*,*,#2158,.T.);
#2270 = ADVANCED_FACE('',(#2271),#495,.F.);
#2271 = FACE_BOUND('',#2272,.F.);
#2272 = EDGE_LOOP('',(#2273,#2274,#2275,#2276));
#2273 = ORIENTED_EDGE('',*,*,#480,.F.);
#2274 = ORIENTED_EDGE('',*,*,#2249,.T.);
#2275 = ORIENTED_EDGE('',*,*,#2227,.T.);
#2276 = ORIENTED_EDGE('',*,*,#2277,.F.);
#2277 = EDGE_CURVE('',#454,#2205,#2278,.T.);
#2278 = SURFACE_CURVE('',#2279,(#2283,#2289),.PCURVE_S1.);
#2279 = LINE('',#2280,#2281);
#2280 = CARTESIAN_POINT('',(4.5,-5.982586481827,3.7244367422));
#2281 = VECTOR('',#2282,1.);
#2282 = DIRECTION('',(0.,0.651312908825,0.758809261144));
#2283 = PCURVE('',#495,#2284);
#2284 = DEFINITIONAL_REPRESENTATION('',(#2285),#2288);
#2285 = B_SPLINE_CURVE_WITH_KNOTS('',1,(#2286,#2287),.UNSPECIFIED.,.F.,
  .F.,(2,2),(-1.776230624247,0.184382709003),.PIECEWISE_BEZIER_KNOTS.);
#2286 = CARTESIAN_POINT('',(1.583743515757,4.5));
#2287 = CARTESIAN_POINT('',(-0.376869817493,4.5));
#2288 = ( GEOMETRIC_REPRESENTATION_CONTEXT(2) 
PARAMETRIC_REPRESENTATION_CONTEXT() REPRESENTATION_CONTEXT('2D SPACE',''
  ) );
#2289 = PCURVE('',#468,#2290);
#2290 = DEFINITIONAL_REPRESENTATION('',(#2291),#2295);
#2291 = LINE('',#2292,#2293);
#2292 = CARTESIAN_POINT('',(-0.806076604053,-0.863916165383));
#2293 = VECTOR('',#2294,1.);
#2294 = DIRECTION('',(0.832528288528,-0.553982534743));
#2295 = ( GEOMETRIC_REPRESENTATION_CONTEXT(2) 
PARAMETRIC_REPRESENTATION_CONTEXT() REPRESENTATION_CONTEXT('2D SPACE',''
  ) );
#2296 = ADVANCED_FACE('',(#2297),#468,.F.);
#2297 = FACE_BOUND('',#2298,.F.);
#2298 = EDGE_LOOP('',(#2299,#2300,#2301,#2302,#2325,#2347,#2369,#2392,
    #2412,#2413));
#2299 = ORIENTED_EDGE('',*,*,#453,.F.);
#2300 = ORIENTED_EDGE('',*,*,#2277,.T.);
#2301 = ORIENTED_EDGE('',*,*,#2204,.T.);
#2302 = ORIENTED_EDGE('',*,*,#2303,.T.);
#2303 = EDGE_CURVE('',#2182,#2304,#2306,.T.);
#2304 = VERTEX_POINT('',#2305);
#2305 = CARTESIAN_POINT('',(4.5,-5.708080755622,5.222386155728));
#2306 = SURFACE_CURVE('',#2307,(#2311,#2318),.PCURVE_S1.);
#2307 = LINE('',#2308,#2309);
#2308 = CARTESIAN_POINT('',(4.5,0.365486160872,4.476645908772));
#2309 = VECTOR('',#2310,1.);
#2310 = DIRECTION('',(0.,-0.992546151641,0.121869343405));
#2311 = PCURVE('',#468,#2312);
#2312 = DEFINITIONAL_REPRESENTATION('',(#2313),#2317);
#2313 = LINE('',#2314,#2315);
#2314 = CARTESIAN_POINT('',(0.714161154312,-7.073));
#2315 = VECTOR('',#2316,1.);
#2316 = DIRECTION('',(0.,1.));
#2317 = ( GEOMETRIC_REPRESENTATION_CONTEXT(2) 
PARAMETRIC_REPRESENTATION_CONTEXT() REPRESENTATION_CONTEXT('2D SPACE',''
  ) );
#2318 = PCURVE('',#1715,#2319);
#2319 = DEFINITIONAL_REPRESENTATION('',(#2320),#2324);
#2320 = LINE('',#2321,#2322);
#2321 = CARTESIAN_POINT('',(2.3,0.));
#2322 = VECTOR('',#2323,1.);
#2323 = DIRECTION('',(0.,-1.));
#2324 = ( GEOMETRIC_REPRESENTATION_CONTEXT(2) 
PARAMETRIC_REPRESENTATION_CONTEXT() REPRESENTATION_CONTEXT('2D SPACE',''
  ) );
#2325 = ORIENTED_EDGE('',*,*,#2326,.T.);
#2326 = EDGE_CURVE('',#2304,#2327,#2329,.T.);
#2327 = VERTEX_POINT('',#2328);
#2328 = CARTESIAN_POINT('',(4.5,-5.848184163407,6.236835645966));
#2329 = SURFACE_CURVE('',#2330,(#2334,#2341),.PCURVE_S1.);
#2330 = LINE('',#2331,#2332);
#2331 = CARTESIAN_POINT('',(4.5,-5.28344503453,2.147717968794));
#2332 = VECTOR('',#2333,1.);
#2333 = DIRECTION('',(0.,-0.136809249024,0.990597410345));
#2334 = PCURVE('',#468,#2335);
#2335 = DEFINITIONAL_REPRESENTATION('',(#2336),#2340);
#2336 = LINE('',#2337,#2338);
#2337 = CARTESIAN_POINT('',(-2.285838845688,-1.75));
#2338 = VECTOR('',#2339,1.);
#2339 = DIRECTION('',(0.966540794113,0.256512949605));
#2340 = ( GEOMETRIC_REPRESENTATION_CONTEXT(2) 
PARAMETRIC_REPRESENTATION_CONTEXT() REPRESENTATION_CONTEXT('2D SPACE',''
  ) );
#2341 = PCURVE('',#1688,#2342);
#2342 = DEFINITIONAL_REPRESENTATION('',(#2343),#2346);
#2343 = B_SPLINE_CURVE_WITH_KNOTS('',1,(#2344,#2345),.UNSPECIFIED.,.F.,
  .F.,(2,2),(0.,5.847657992735),.PIECEWISE_BEZIER_KNOTS.);
#2344 = CARTESIAN_POINT('',(-2.923828996368,4.5));
#2345 = CARTESIAN_POINT('',(2.923828996368,4.5));
#2346 = ( GEOMETRIC_REPRESENTATION_CONTEXT(2) 
PARAMETRIC_REPRESENTATION_CONTEXT() REPRESENTATION_CONTEXT('2D SPACE',''
  ) );
#2347 = ORIENTED_EDGE('',*,*,#2348,.T.);
#2348 = EDGE_CURVE('',#2327,#2349,#2351,.T.);
#2349 = VERTEX_POINT('',#2350);
#2350 = CARTESIAN_POINT('',(4.5,-5.277474550592,6.733169611034));
#2351 = SURFACE_CURVE('',#2352,(#2356,#2363),.PCURVE_S1.);
#2352 = LINE('',#2353,#2354);
#2353 = CARTESIAN_POINT('',(4.5,-6.291620269595,5.8511887322));
#2354 = VECTOR('',#2355,1.);
#2355 = DIRECTION('',(0.,0.754563139516,0.656227451791));
#2356 = PCURVE('',#468,#2357);
#2357 = DEFINITIONAL_REPRESENTATION('',(#2358),#2362);
#2358 = LINE('',#2359,#2360);
#2359 = CARTESIAN_POINT('',(1.267161154312,-0.298));
#2360 = VECTOR('',#2361,1.);
#2361 = DIRECTION('',(0.743294146247,-0.668964731622));
#2362 = ( GEOMETRIC_REPRESENTATION_CONTEXT(2) 
PARAMETRIC_REPRESENTATION_CONTEXT() REPRESENTATION_CONTEXT('2D SPACE',''
  ) );
#2363 = PCURVE('',#1661,#2364);
#2364 = DEFINITIONAL_REPRESENTATION('',(#2365),#2368);
#2365 = B_SPLINE_CURVE_WITH_KNOTS('',1,(#2366,#2367),.UNSPECIFIED.,.F.,
  .F.,(2,2),(0.,1.345362404707),.PIECEWISE_BEZIER_KNOTS.);
#2366 = CARTESIAN_POINT('',(-0.672681202354,4.5));
#2367 = CARTESIAN_POINT('',(0.672681202354,4.5));
#2368 = ( GEOMETRIC_REPRESENTATION_CONTEXT(2) 
PARAMETRIC_REPRESENTATION_CONTEXT() REPRESENTATION_CONTEXT('2D SPACE',''
  ) );
#2369 = ORIENTED_EDGE('',*,*,#2370,.F.);
#2370 = EDGE_CURVE('',#2371,#2349,#2373,.T.);
#2371 = VERTEX_POINT('',#2372);
#2372 = CARTESIAN_POINT('',(4.5,-4.115302261636,6.590472796841));
#2373 = SURFACE_CURVE('',#2374,(#2378,#2385),.PCURVE_S1.);
#2374 = LINE('',#2375,#2376);
#2375 = CARTESIAN_POINT('',(4.5,-4.114309715484,6.590350927497));
#2376 = VECTOR('',#2377,1.);
#2377 = DIRECTION('',(0.,-0.992546151641,0.121869343405));
#2378 = PCURVE('',#468,#2379);
#2379 = DEFINITIONAL_REPRESENTATION('',(#2380),#2384);
#2380 = LINE('',#2381,#2382);
#2381 = CARTESIAN_POINT('',(2.266161154312,-2.369));
#2382 = VECTOR('',#2383,1.);
#2383 = DIRECTION('',(0.,1.));
#2384 = ( GEOMETRIC_REPRESENTATION_CONTEXT(2) 
PARAMETRIC_REPRESENTATION_CONTEXT() REPRESENTATION_CONTEXT('2D SPACE',''
  ) );
#2385 = PCURVE('',#1148,#2386);
#2386 = DEFINITIONAL_REPRESENTATION('',(#2387),#2391);
#2387 = LINE('',#2388,#2389);
#2388 = CARTESIAN_POINT('',(-4.5,-6.049));
#2389 = VECTOR('',#2390,1.);
#2390 = DIRECTION('',(0.,-1.));
#2391 = ( GEOMETRIC_REPRESENTATION_CONTEXT(2) 
PARAMETRIC_REPRESENTATION_CONTEXT() REPRESENTATION_CONTEXT('2D SPACE',''
  ) );
#2392 = ORIENTED_EDGE('',*,*,#2393,.T.);
#2393 = EDGE_CURVE('',#2371,#1190,#2394,.T.);
#2394 = SURFACE_CURVE('',#2395,(#2399,#2406),.PCURVE_S1.);
#2395 = LINE('',#2396,#2397);
#2396 = CARTESIAN_POINT('',(4.5,-4.048274122763,7.136373180244));
#2397 = VECTOR('',#2398,1.);
#2398 = DIRECTION('',(0.,0.121869343405,0.992546151641));
#2399 = PCURVE('',#468,#2400);
#2400 = DEFINITIONAL_REPRESENTATION('',(#2401),#2405);
#2401 = LINE('',#2402,#2403);
#2402 = CARTESIAN_POINT('',(2.816161154312,-2.368));
#2403 = VECTOR('',#2404,1.);
#2404 = DIRECTION('',(1.,0.));
#2405 = ( GEOMETRIC_REPRESENTATION_CONTEXT(2) 
PARAMETRIC_REPRESENTATION_CONTEXT() REPRESENTATION_CONTEXT('2D SPACE',''
  ) );
#2406 = PCURVE('',#1267,#2407);
#2407 = DEFINITIONAL_REPRESENTATION('',(#2408),#2411);
#2408 = B_SPLINE_CURVE_WITH_KNOTS('',1,(#2409,#2410),.UNSPECIFIED.,.F.,
  .F.,(2,2),(-0.55,0.549),.PIECEWISE_BEZIER_KNOTS.);
#2409 = CARTESIAN_POINT('',(0.55,4.5));
#2410 = CARTESIAN_POINT('',(-0.549,4.5));
#2411 = ( GEOMETRIC_REPRESENTATION_CONTEXT(2) 
PARAMETRIC_REPRESENTATION_CONTEXT() REPRESENTATION_CONTEXT('2D SPACE',''
  ) );
#2412 = ORIENTED_EDGE('',*,*,#1187,.F.);
#2413 = ORIENTED_EDGE('',*,*,#2414,.F.);
#2414 = EDGE_CURVE('',#427,#1188,#2415,.T.);
#2415 = SURFACE_CURVE('',#2416,(#2420,#2427),.PCURVE_S1.);
#2416 = LINE('',#2417,#2418);
#2417 = CARTESIAN_POINT('',(4.5,-7.679825848325,2.442964044597));
#2418 = VECTOR('',#2419,1.);
#2419 = DIRECTION('',(-3.079688182698E-16,0.319095567922,0.947722543012)
  );
#2420 = PCURVE('',#468,#2421);
#2421 = DEFINITIONAL_REPRESENTATION('',(#2422),#2426);
#2422 = LINE('',#2423,#2424);
#2423 = CARTESIAN_POINT('',(-2.284838845688,0.6645));
#2424 = VECTOR('',#2425,1.);
#2425 = DIRECTION('',(0.979546330236,-0.201218753899));
#2426 = ( GEOMETRIC_REPRESENTATION_CONTEXT(2) 
PARAMETRIC_REPRESENTATION_CONTEXT() REPRESENTATION_CONTEXT('2D SPACE',''
  ) );
#2427 = PCURVE('',#441,#2428);
#2428 = DEFINITIONAL_REPRESENTATION('',(#2429),#2433);
#2429 = LINE('',#2430,#2431);
#2430 = CARTESIAN_POINT('',(2.747820889164,4.5));
#2431 = VECTOR('',#2432,1.);
#2432 = DIRECTION('',(-1.,-3.079688182698E-16));
#2433 = ( GEOMETRIC_REPRESENTATION_CONTEXT(2) 
PARAMETRIC_REPRESENTATION_CONTEXT() REPRESENTATION_CONTEXT('2D SPACE',''
  ) );
#2434 = ADVANCED_FACE('',(#2435),#441,.T.);
#2435 = FACE_BOUND('',#2436,.T.);
#2436 = EDGE_LOOP('',(#2437,#2438,#2439,#2440));
#2437 = ORIENTED_EDGE('',*,*,#2414,.F.);
#2438 = ORIENTED_EDGE('',*,*,#426,.T.);
#2439 = ORIENTED_EDGE('',*,*,#1302,.F.);
#2440 = ORIENTED_EDGE('',*,*,#1211,.F.);
#2441 = ADVANCED_FACE('',(#2442),#414,.T.);
#2442 = FACE_BOUND('',#2443,.T.);
#2443 = EDGE_LOOP('',(#2444,#2445,#2446));
#2444 = ORIENTED_EDGE('',*,*,#399,.T.);
#2445 = ORIENTED_EDGE('',*,*,#960,.T.);
#2446 = ORIENTED_EDGE('',*,*,#1281,.T.);
#2447 = ADVANCED_FACE('',(#2448),#345,.T.);
#2448 = FACE_BOUND('',#2449,.T.);
#2449 = EDGE_LOOP('',(#2450,#2451,#2452,#2453));
#2450 = ORIENTED_EDGE('',*,*,#1031,.F.);
#2451 = ORIENTED_EDGE('',*,*,#985,.F.);
#2452 = ORIENTED_EDGE('',*,*,#329,.F.);
#2453 = ORIENTED_EDGE('',*,*,#1325,.F.);
#2454 = ADVANCED_FACE('',(#2455),#1173,.F.);
#2455 = FACE_BOUND('',#2456,.F.);
#2456 = EDGE_LOOP('',(#2457,#2479,#2480,#2481));
#2457 = ORIENTED_EDGE('',*,*,#2458,.F.);
#2458 = EDGE_CURVE('',#1134,#2459,#2461,.T.);
#2459 = VERTEX_POINT('',#2460);
#2460 = CARTESIAN_POINT('',(6.1,-4.115302261636,6.590472796841));
#2461 = SURFACE_CURVE('',#2462,(#2466,#2472),.PCURVE_S1.);
#2462 = LINE('',#2463,#2464);
#2463 = CARTESIAN_POINT('',(6.1,7.894506173224,5.115853741639));
#2464 = VECTOR('',#2465,1.);
#2465 = DIRECTION('',(0.,-0.992546151641,0.121869343405));
#2466 = PCURVE('',#1173,#2467);
#2467 = DEFINITIONAL_REPRESENTATION('',(#2468),#2471);
#2468 = B_SPLINE_CURVE_WITH_KNOTS('',1,(#2469,#2470),.UNSPECIFIED.,.F.,
  .F.,(2,2),(0.,12.1),.PIECEWISE_BEZIER_KNOTS.);
#2469 = CARTESIAN_POINT('',(-0.55,-6.05));
#2470 = CARTESIAN_POINT('',(-0.55,6.05));
#2471 = ( GEOMETRIC_REPRESENTATION_CONTEXT(2) 
PARAMETRIC_REPRESENTATION_CONTEXT() REPRESENTATION_CONTEXT('2D SPACE',''
  ) );
#2472 = PCURVE('',#1148,#2473);
#2473 = DEFINITIONAL_REPRESENTATION('',(#2474),#2478);
#2474 = LINE('',#2475,#2476);
#2475 = CARTESIAN_POINT('',(-6.1,6.05));
#2476 = VECTOR('',#2477,1.);
#2477 = DIRECTION('',(0.,-1.));
#2478 = ( GEOMETRIC_REPRESENTATION_CONTEXT(2) 
PARAMETRIC_REPRESENTATION_CONTEXT() REPRESENTATION_CONTEXT('2D SPACE',''
  ) );
#2479 = ORIENTED_EDGE('',*,*,#1160,.F.);
#2480 = ORIENTED_EDGE('',*,*,#1233,.F.);
#2481 = ORIENTED_EDGE('',*,*,#2482,.F.);
#2482 = EDGE_CURVE('',#2459,#1234,#2483,.T.);
#2483 = SURFACE_CURVE('',#2484,(#2488,#2494),.PCURVE_S1.);
#2484 = LINE('',#2485,#2486);
#2485 = CARTESIAN_POINT('',(6.1,-4.115302261636,6.590472796841));
#2486 = VECTOR('',#2487,1.);
#2487 = DIRECTION('',(0.,0.121869343405,0.992546151641));
#2488 = PCURVE('',#1173,#2489);
#2489 = DEFINITIONAL_REPRESENTATION('',(#2490),#2493);
#2490 = B_SPLINE_CURVE_WITH_KNOTS('',1,(#2491,#2492),.UNSPECIFIED.,.F.,
  .F.,(2,2),(0.,1.1),.PIECEWISE_BEZIER_KNOTS.);
#2491 = CARTESIAN_POINT('',(-0.55,6.05));
#2492 = CARTESIAN_POINT('',(0.55,6.05));
#2493 = ( GEOMETRIC_REPRESENTATION_CONTEXT(2) 
PARAMETRIC_REPRESENTATION_CONTEXT() REPRESENTATION_CONTEXT('2D SPACE',''
  ) );
#2494 = PCURVE('',#1267,#2495);
#2495 = DEFINITIONAL_REPRESENTATION('',(#2496),#2500);
#2496 = LINE('',#2497,#2498);
#2497 = CARTESIAN_POINT('',(0.55,6.1));
#2498 = VECTOR('',#2499,1.);
#2499 = DIRECTION('',(-1.,0.));
#2500 = ( GEOMETRIC_REPRESENTATION_CONTEXT(2) 
PARAMETRIC_REPRESENTATION_CONTEXT() REPRESENTATION_CONTEXT('2D SPACE',''
  ) );
#2501 = ADVANCED_FACE('',(#2502,#2589),#1148,.F.);
#2502 = FACE_BOUND('',#2503,.F.);
#2503 = EDGE_LOOP('',(#2504,#2523,#2524,#2546,#2566,#2567,#2568,#2588));
#2504 = ORIENTED_EDGE('',*,*,#2505,.F.);
#2505 = EDGE_CURVE('',#1623,#2349,#2506,.T.);
#2506 = SURFACE_CURVE('',#2507,(#2511,#2517),.PCURVE_S1.);
#2507 = LINE('',#2508,#2509);
#2508 = CARTESIAN_POINT('',(4.292640436144E-17,-5.277474550592,
    6.733169611034));
#2509 = VECTOR('',#2510,1.);
#2510 = DIRECTION('',(1.,0.,0.));
#2511 = PCURVE('',#1148,#2512);
#2512 = DEFINITIONAL_REPRESENTATION('',(#2513),#2516);
#2513 = B_SPLINE_CURVE_WITH_KNOTS('',1,(#2514,#2515),.UNSPECIFIED.,.F.,
  .F.,(2,2),(-4.5,4.5),.PIECEWISE_BEZIER_KNOTS.);
#2514 = CARTESIAN_POINT('',(4.5,-7.2209));
#2515 = CARTESIAN_POINT('',(-4.5,-7.2209));
#2516 = ( GEOMETRIC_REPRESENTATION_CONTEXT(2) 
PARAMETRIC_REPRESENTATION_CONTEXT() REPRESENTATION_CONTEXT('2D SPACE',''
  ) );
#2517 = PCURVE('',#1661,#2518);
#2518 = DEFINITIONAL_REPRESENTATION('',(#2519),#2522);
#2519 = B_SPLINE_CURVE_WITH_KNOTS('',1,(#2520,#2521),.UNSPECIFIED.,.F.,
  .F.,(2,2),(-4.5,4.5),.PIECEWISE_BEZIER_KNOTS.);
#2520 = CARTESIAN_POINT('',(0.671335839949,-4.5));
#2521 = CARTESIAN_POINT('',(0.671335839949,4.5));
#2522 = ( GEOMETRIC_REPRESENTATION_CONTEXT(2) 
PARAMETRIC_REPRESENTATION_CONTEXT() REPRESENTATION_CONTEXT('2D SPACE',''
  ) );
#2523 = ORIENTED_EDGE('',*,*,#1622,.T.);
#2524 = ORIENTED_EDGE('',*,*,#2525,.T.);
#2525 = EDGE_CURVE('',#1596,#2526,#2528,.T.);
#2526 = VERTEX_POINT('',#2527);
#2527 = CARTESIAN_POINT('',(-6.1,-4.115302261636,6.590472796841));
#2528 = SURFACE_CURVE('',#2529,(#2533,#2540),.PCURVE_S1.);
#2529 = LINE('',#2530,#2531);
#2530 = CARTESIAN_POINT('',(6.1,-4.115302261636,6.590472796841));
#2531 = VECTOR('',#2532,1.);
#2532 = DIRECTION('',(-1.,0.,0.));
#2533 = PCURVE('',#1148,#2534);
#2534 = DEFINITIONAL_REPRESENTATION('',(#2535),#2539);
#2535 = LINE('',#2536,#2537);
#2536 = CARTESIAN_POINT('',(-6.1,-6.05));
#2537 = VECTOR('',#2538,1.);
#2538 = DIRECTION('',(1.,0.));
#2539 = ( GEOMETRIC_REPRESENTATION_CONTEXT(2) 
PARAMETRIC_REPRESENTATION_CONTEXT() REPRESENTATION_CONTEXT('2D SPACE',''
  ) );
#2540 = PCURVE('',#1611,#2541);
#2541 = DEFINITIONAL_REPRESENTATION('',(#2542),#2545);
#2542 = B_SPLINE_CURVE_WITH_KNOTS('',1,(#2543,#2544),.UNSPECIFIED.,.F.,
  .F.,(2,2),(0.,12.2),.PIECEWISE_BEZIER_KNOTS.);
#2543 = CARTESIAN_POINT('',(0.55,6.1));
#2544 = CARTESIAN_POINT('',(0.55,-6.1));
#2545 = ( GEOMETRIC_REPRESENTATION_CONTEXT(2) 
PARAMETRIC_REPRESENTATION_CONTEXT() REPRESENTATION_CONTEXT('2D SPACE',''
  ) );
#2546 = ORIENTED_EDGE('',*,*,#2547,.T.);
#2547 = EDGE_CURVE('',#2526,#1108,#2548,.T.);
#2548 = SURFACE_CURVE('',#2549,(#2553,#2560),.PCURVE_S1.);
#2549 = LINE('',#2550,#2551);
#2550 = CARTESIAN_POINT('',(-6.1,-4.115302261636,6.590472796841));
#2551 = VECTOR('',#2552,1.);
#2552 = DIRECTION('',(0.,0.992546151641,-0.121869343405));
#2553 = PCURVE('',#1148,#2554);
#2554 = DEFINITIONAL_REPRESENTATION('',(#2555),#2559);
#2555 = LINE('',#2556,#2557);
#2556 = CARTESIAN_POINT('',(6.1,-6.05));
#2557 = VECTOR('',#2558,1.);
#2558 = DIRECTION('',(0.,1.));
#2559 = ( GEOMETRIC_REPRESENTATION_CONTEXT(2) 
PARAMETRIC_REPRESENTATION_CONTEXT() REPRESENTATION_CONTEXT('2D SPACE',''
  ) );
#2560 = PCURVE('',#1122,#2561);
#2561 = DEFINITIONAL_REPRESENTATION('',(#2562),#2565);
#2562 = B_SPLINE_CURVE_WITH_KNOTS('',1,(#2563,#2564),.UNSPECIFIED.,.F.,
  .F.,(2,2),(0.,12.1),.PIECEWISE_BEZIER_KNOTS.);
#2563 = CARTESIAN_POINT('',(0.55,6.05));
#2564 = CARTESIAN_POINT('',(0.55,-6.05));
#2565 = ( GEOMETRIC_REPRESENTATION_CONTEXT(2) 
PARAMETRIC_REPRESENTATION_CONTEXT() REPRESENTATION_CONTEXT('2D SPACE',''
  ) );
#2566 = ORIENTED_EDGE('',*,*,#1133,.F.);
#2567 = ORIENTED_EDGE('',*,*,#2458,.T.);
#2568 = ORIENTED_EDGE('',*,*,#2569,.T.);
#2569 = EDGE_CURVE('',#2459,#2371,#2570,.T.);
#2570 = SURFACE_CURVE('',#2571,(#2575,#2582),.PCURVE_S1.);
#2571 = LINE('',#2572,#2573);
#2572 = CARTESIAN_POINT('',(6.1,-4.115302261636,6.590472796841));
#2573 = VECTOR('',#2574,1.);
#2574 = DIRECTION('',(-1.,0.,0.));
#2575 = PCURVE('',#1148,#2576);
#2576 = DEFINITIONAL_REPRESENTATION('',(#2577),#2581);
#2577 = LINE('',#2578,#2579);
#2578 = CARTESIAN_POINT('',(-6.1,-6.05));
#2579 = VECTOR('',#2580,1.);
#2580 = DIRECTION('',(1.,0.));
#2581 = ( GEOMETRIC_REPRESENTATION_CONTEXT(2) 
PARAMETRIC_REPRESENTATION_CONTEXT() REPRESENTATION_CONTEXT('2D SPACE',''
  ) );
#2582 = PCURVE('',#1267,#2583);
#2583 = DEFINITIONAL_REPRESENTATION('',(#2584),#2587);
#2584 = B_SPLINE_CURVE_WITH_KNOTS('',1,(#2585,#2586),.UNSPECIFIED.,.F.,
  .F.,(2,2),(0.,12.2),.PIECEWISE_BEZIER_KNOTS.);
#2585 = CARTESIAN_POINT('',(0.55,6.1));
#2586 = CARTESIAN_POINT('',(0.55,-6.1));
#2587 = ( GEOMETRIC_REPRESENTATION_CONTEXT(2) 
PARAMETRIC_REPRESENTATION_CONTEXT() REPRESENTATION_CONTEXT('2D SPACE',''
  ) );
#2588 = ORIENTED_EDGE('',*,*,#2370,.T.);
#2589 = FACE_BOUND('',#2590,.F.);
#2590 = EDGE_LOOP('',(#2591,#2666,#2692,#2759,#2785,#2858,#2884,#2910,
    #2983,#3009,#3035,#3119,#3145,#3227,#3253,#3326,#3352,#3378,#3466,
    #3492,#3518,#3591,#3617,#3684,#3710,#3794,#3820,#3846,#3919,#3945,
    #3971,#4044,#4070,#4137,#4163,#4236,#4262,#4288,#4361,#4387));
#2591 = ORIENTED_EDGE('',*,*,#2592,.F.);
#2592 = EDGE_CURVE('',#2593,#2595,#2597,.T.);
#2593 = VERTEX_POINT('',#2594);
#2594 = CARTESIAN_POINT('',(-1.178390472131,-0.541016106808,
    6.151605640779));
#2595 = VERTEX_POINT('',#2596);
#2596 = CARTESIAN_POINT('',(-1.674239914273,-0.541016106808,
    6.151605640779));
#2597 = SURFACE_CURVE('',#2598,(#2609,#2623),.PCURVE_S1.);
#2598 = B_SPLINE_CURVE_WITH_KNOTS('',5,(#2599,#2600,#2601,#2602,#2603,
    #2604,#2605,#2606,#2607,#2608),.UNSPECIFIED.,.F.,.F.,(6,4,6),(0.,
    0.463992786542,1.),.UNSPECIFIED.);
#2599 = CARTESIAN_POINT('',(-1.17839014758,-0.541015958079,
    6.151605622517));
#2600 = CARTESIAN_POINT('',(-1.221520860975,-0.560780958321,
    6.154032459393));
#2601 = CARTESIAN_POINT('',(-1.266630067565,-0.576250051706,
    6.155931825232));
#2602 = CARTESIAN_POINT('',(-1.313143524264,-0.587157078412,
    6.157271039717));
#2603 = CARTESIAN_POINT('',(-1.360438527741,-0.593354317859,
    6.158031965041));
#2604 = CARTESIAN_POINT('',(-1.462686866584,-0.596518151563,
    6.158420434973));
#2605 = CARTESIAN_POINT('',(-1.517693107627,-0.591902878104,
    6.157853750648));
#2606 = CARTESIAN_POINT('',(-1.571920677526,-0.580945854253,
    6.156508397286));
#2607 = CARTESIAN_POINT('',(-1.624398467197,-0.56384646383,
    6.154408856141));
#2608 = CARTESIAN_POINT('',(-1.674240238965,-0.541015958079,
    6.151605622517));
#2609 = PCURVE('',#1148,#2610);
#2610 = DEFINITIONAL_REPRESENTATION('',(#2611),#2622);
#2611 = B_SPLINE_CURVE_WITH_KNOTS('',5,(#2612,#2613,#2614,#2615,#2616,
    #2617,#2618,#2619,#2620,#2621),.UNSPECIFIED.,.F.,.F.,(6,4,6),(0.,
    0.463992786542,1.),.UNSPECIFIED.);
#2612 = CARTESIAN_POINT('',(1.17839014758,-2.448871430164));
#2613 = CARTESIAN_POINT('',(1.221520860975,-2.468784862108));
#2614 = CARTESIAN_POINT('',(1.266630067565,-2.484370125684));
#2615 = CARTESIAN_POINT('',(1.313143524264,-2.495359062257));
#2616 = CARTESIAN_POINT('',(1.360438527741,-2.501602841891));
#2617 = CARTESIAN_POINT('',(1.462686866584,-2.504790435433));
#2618 = CARTESIAN_POINT('',(1.517693107627,-2.500140502076));
#2619 = CARTESIAN_POINT('',(1.571920677526,-2.489101192889));
#2620 = CARTESIAN_POINT('',(1.624398467197,-2.471873389028));
#2621 = CARTESIAN_POINT('',(1.674240238965,-2.448871430164));
#2622 = ( GEOMETRIC_REPRESENTATION_CONTEXT(2) 
PARAMETRIC_REPRESENTATION_CONTEXT() REPRESENTATION_CONTEXT('2D SPACE',''
  ) );
#2623 = PCURVE('',#2624,#2653);
#2624 = B_SPLINE_SURFACE_WITH_KNOTS('',13,1,(
    (#2625,#2626)
    ,(#2627,#2628)
    ,(#2629,#2630)
    ,(#2631,#2632)
    ,(#2633,#2634)
    ,(#2635,#2636)
    ,(#2637,#2638)
    ,(#2639,#2640)
    ,(#2641,#2642)
    ,(#2643,#2644)
    ,(#2645,#2646)
    ,(#2647,#2648)
    ,(#2649,#2650)
    ,(#2651,#2652
    )),.UNSPECIFIED.,.T.,.F.,.F.,(14,14),(2,2),(0.,6.28318530718),(0.,1.
    ),.PIECEWISE_BEZIER_KNOTS.);
#2625 = CARTESIAN_POINT('',(-0.845,5.278006383383E-16,-1.E-03));
#2626 = CARTESIAN_POINT('',(-0.81965,-3.625542491478E-16,11.299));
#2627 = CARTESIAN_POINT('',(-0.845,0.292409777757,-9.999999999998E-04));
#2628 = CARTESIAN_POINT('',(-0.81965,0.283637484424,11.299));
#2629 = CARTESIAN_POINT('',(-0.998106241741,0.584819672445,
    -1.000000000001E-03));
#2630 = CARTESIAN_POINT('',(-0.968163054489,0.567275082272,
    11.298999999999));
#2631 = CARTESIAN_POINT('',(-1.304309610085,0.789774622555,
    -9.999999999978E-04));
#2632 = CARTESIAN_POINT('',(-1.265180321781,0.766081383878,
    11.299000000002));
#2633 = CARTESIAN_POINT('',(-1.708710813892,0.819830414649,
    -1.000000000004E-03));
#2634 = CARTESIAN_POINT('',(-1.657449489478,0.79523550221,
    11.298999999997));
#2635 = CARTESIAN_POINT('',(-2.101234851753,0.625853548823,
    -9.999999999937E-04));
#2636 = CARTESIAN_POINT('',(-2.038197806196,0.607077942359,
    11.299000000006));
#2637 = CARTESIAN_POINT('',(-2.347638487673,0.235615841821,
    -1.000000000007E-03));
#2638 = CARTESIAN_POINT('',(-2.277209333048,0.228547366566,
    11.298999999989));
#2639 = CARTESIAN_POINT('',(-2.347638487666,-0.235615841821,
    -9.99999999993E-04));
#2640 = CARTESIAN_POINT('',(-2.277209333031,-0.228547366566,
    11.299000000015));
#2641 = CARTESIAN_POINT('',(-2.101234851758,-0.625853548823,
    -1.000000000005E-03));
#2642 = CARTESIAN_POINT('',(-2.038197806209,-0.607077942359,
    11.298999999984));
#2643 = CARTESIAN_POINT('',(-1.708710813888,-0.81983041465,
    -9.999999999967E-04));
#2644 = CARTESIAN_POINT('',(-1.65744948947,-0.79523550221,
    11.299000000012));
#2645 = CARTESIAN_POINT('',(-1.304309610086,-0.789774622555,
    -1.000000000002E-03));
#2646 = CARTESIAN_POINT('',(-1.265180321785,-0.766081383878,
    11.298999999993));
#2647 = CARTESIAN_POINT('',(-0.99810624174,-0.584819672445,
    -9.999999999994E-04));
#2648 = CARTESIAN_POINT('',(-0.968163054488,-0.567275082272,
    11.299000000003));
#2649 = CARTESIAN_POINT('',(-0.845,-0.292409777757,-1.E-03));
#2650 = CARTESIAN_POINT('',(-0.81965,-0.283637484424,11.298999999999));
#2651 = CARTESIAN_POINT('',(-0.845,-5.383081431046E-16,-1.E-03));
#2652 = CARTESIAN_POINT('',(-0.81965,1.03914954888E-15,11.299));
#2653 = DEFINITIONAL_REPRESENTATION('',(#2654),#2665);
#2654 = B_SPLINE_CURVE_WITH_KNOTS('',5,(#2655,#2656,#2657,#2658,#2659,
    #2660,#2661,#2662,#2663,#2664),.UNSPECIFIED.,.F.,.F.,(6,4,6),(0.,
    0.463992786542,1.),.UNSPECIFIED.);
#2655 = CARTESIAN_POINT('',(5.142089249408,0.544478373674));
#2656 = CARTESIAN_POINT('',(5.062353280926,0.544693137999));
#2657 = CARTESIAN_POINT('',(4.982604038942,0.544861223472));
#2658 = CARTESIAN_POINT('',(4.902849669743,0.544979738028));
#2659 = CARTESIAN_POINT('',(4.823087653969,0.545047076552));
#2660 = CARTESIAN_POINT('',(4.65118787925,0.545081454422));
#2661 = CARTESIAN_POINT('',(4.559044736905,0.545031305367));
#2662 = CARTESIAN_POINT('',(4.466915071511,0.544912247547));
#2663 = CARTESIAN_POINT('',(4.374791543374,0.544726447446));
#2664 = CARTESIAN_POINT('',(4.282688711973,0.544478373674));
#2665 = ( GEOMETRIC_REPRESENTATION_CONTEXT(2) 
PARAMETRIC_REPRESENTATION_CONTEXT() REPRESENTATION_CONTEXT('2D SPACE',''
  ) );
#2666 = ORIENTED_EDGE('',*,*,#2667,.F.);
#2667 = EDGE_CURVE('',#2668,#2593,#2670,.T.);
#2668 = VERTEX_POINT('',#2669);
#2669 = CARTESIAN_POINT('',(-0.83611580143,-0.541016106808,
    6.151605640779));
#2670 = SURFACE_CURVE('',#2671,(#2675,#2681),.PCURVE_S1.);
#2671 = LINE('',#2672,#2673);
#2672 = CARTESIAN_POINT('',(2.904551347411E-17,-0.541016106808,
    6.151605640779));
#2673 = VECTOR('',#2674,1.);
#2674 = DIRECTION('',(-1.,0.,-0.));
#2675 = PCURVE('',#1148,#2676);
#2676 = DEFINITIONAL_REPRESENTATION('',(#2677),#2680);
#2677 = B_SPLINE_CURVE_WITH_KNOTS('',1,(#2678,#2679),.UNSPECIFIED.,.F.,
  .F.,(2,2),(0.8245,1.197958344524),.PIECEWISE_BEZIER_KNOTS.);
#2678 = CARTESIAN_POINT('',(0.8245,-2.448871580009));
#2679 = CARTESIAN_POINT('',(1.197958344524,-2.448871580009));
#2680 = ( GEOMETRIC_REPRESENTATION_CONTEXT(2) 
PARAMETRIC_REPRESENTATION_CONTEXT() REPRESENTATION_CONTEXT('2D SPACE',''
  ) );
#2681 = PCURVE('',#2682,#2687);
#2682 = PLANE('',#2683);
#2683 = AXIS2_PLACEMENT_3D('',#2684,#2685,#2686);
#2684 = CARTESIAN_POINT('',(5.809102694823E-17,-0.541782780009,
    5.626550660521));
#2685 = DIRECTION('',(-0.,-0.999998933943,1.460175434519E-03));
#2686 = DIRECTION('',(0.,-1.460175434519E-03,-0.999998933943));
#2687 = DEFINITIONAL_REPRESENTATION('',(#2688),#2691);
#2688 = B_SPLINE_CURVE_WITH_KNOTS('',1,(#2689,#2690),.UNSPECIFIED.,.F.,
  .F.,(2,2),(0.8245,1.197958344524),.PIECEWISE_BEZIER_KNOTS.);
#2689 = CARTESIAN_POINT('',(-0.525055539997,-0.8245));
#2690 = CARTESIAN_POINT('',(-0.525055539997,-1.197958344524));
#2691 = ( GEOMETRIC_REPRESENTATION_CONTEXT(2) 
PARAMETRIC_REPRESENTATION_CONTEXT() REPRESENTATION_CONTEXT('2D SPACE',''
  ) );
#2692 = ORIENTED_EDGE('',*,*,#2693,.F.);
#2693 = EDGE_CURVE('',#2694,#2668,#2696,.T.);
#2694 = VERTEX_POINT('',#2695);
#2695 = CARTESIAN_POINT('',(-0.540963213868,-0.836034057796,
    6.18782929035));
#2696 = SURFACE_CURVE('',#2697,(#2710,#2726),.PCURVE_S1.);
#2697 = B_SPLINE_CURVE_WITH_KNOTS('',6,(#2698,#2699,#2700,#2701,#2702,
    #2703,#2704,#2705,#2706,#2707,#2708,#2709),.UNSPECIFIED.,.F.,.F.,(7,
    5,7),(0.,0.508092159969,1.),.UNSPECIFIED.);
#2698 = CARTESIAN_POINT('',(-0.540963213868,-0.836034057796,
    6.18782929035));
#2699 = CARTESIAN_POINT('',(-0.540970246779,-0.796806991671,
    6.18301281226));
#2700 = CARTESIAN_POINT('',(-0.547238741818,-0.757575787636,
    6.178195826099));
#2701 = CARTESIAN_POINT('',(-0.559770077575,-0.719594407794,
    6.173532299052));
#2702 = CARTESIAN_POINT('',(-0.578229107849,-0.684106736108,
    6.169174960867));
#2703 = CARTESIAN_POINT('',(-0.60196237212,-0.652224421912,
    6.165260304918));
#2704 = CARTESIAN_POINT('',(-0.657282137622,-0.598299950202,
    6.158639212337));
#2705 = CARTESIAN_POINT('',(-0.688598619713,-0.575972597298,
    6.155897758115));
#2706 = CARTESIAN_POINT('',(-0.723204772202,-0.558642970837,
    6.153769947539));
#2707 = CARTESIAN_POINT('',(-0.760083851469,-0.54689134401,
    6.152327029199));
#2708 = CARTESIAN_POINT('',(-0.798101994046,-0.541016106808,
    6.151605640779));
#2709 = CARTESIAN_POINT('',(-0.83611580143,-0.541016106808,
    6.151605640779));
#2710 = PCURVE('',#1148,#2711);
#2711 = DEFINITIONAL_REPRESENTATION('',(#2712),#2725);
#2712 = B_SPLINE_CURVE_WITH_KNOTS('',6,(#2713,#2714,#2715,#2716,#2717,
    #2718,#2719,#2720,#2721,#2722,#2723,#2724),.UNSPECIFIED.,.F.,.F.,(7,
    5,7),(0.,0.508092159969,1.),.UNSPECIFIED.);
#2713 = CARTESIAN_POINT('',(0.540963213868,-2.746105064317));
#2714 = CARTESIAN_POINT('',(0.540970246779,-2.706583409772));
#2715 = CARTESIAN_POINT('',(0.547238741818,-2.667057586242));
#2716 = CARTESIAN_POINT('',(0.559770077575,-2.628790972867));
#2717 = CARTESIAN_POINT('',(0.578229107849,-2.593036794961));
#2718 = CARTESIAN_POINT('',(0.60196237212,-2.560915050149));
#2719 = CARTESIAN_POINT('',(0.657282137622,-2.506585615069));
#2720 = CARTESIAN_POINT('',(0.688598619713,-2.484090587641));
#2721 = CARTESIAN_POINT('',(0.723204772202,-2.466630818711));
#2722 = CARTESIAN_POINT('',(0.760083851469,-2.454790939218));
#2723 = CARTESIAN_POINT('',(0.798101994046,-2.448871580009));
#2724 = CARTESIAN_POINT('',(0.83611580143,-2.448871580009));
#2725 = ( GEOMETRIC_REPRESENTATION_CONTEXT(2) 
PARAMETRIC_REPRESENTATION_CONTEXT() REPRESENTATION_CONTEXT('2D SPACE',''
  ) );
#2726 = PCURVE('',#2727,#2744);
#2727 = B_SPLINE_SURFACE_WITH_KNOTS('',7,1,(
    (#2728,#2729)
    ,(#2730,#2731)
    ,(#2732,#2733)
    ,(#2734,#2735)
    ,(#2736,#2737)
    ,(#2738,#2739)
    ,(#2740,#2741)
    ,(#2742,#2743
    )),.UNSPECIFIED.,.F.,.F.,.F.,(8,8),(2,2),(1.570796326795,
    3.14159265359),(0.,1.),.PIECEWISE_BEZIER_KNOTS.);
#2728 = CARTESIAN_POINT('',(-0.85,-0.55,-1.E-03));
#2729 = CARTESIAN_POINT('',(-0.8245,-0.5335,11.299));
#2730 = CARTESIAN_POINT('',(-0.782680157423,-0.55,-1.E-03));
#2731 = CARTESIAN_POINT('',(-0.7591997527,-0.5335,11.299));
#2732 = CARTESIAN_POINT('',(-0.715360640505,-0.567624665965,-1.E-03));
#2733 = CARTESIAN_POINT('',(-0.69389982129,-0.550595925987,11.299));
#2734 = CARTESIAN_POINT('',(-0.653575917753,-0.602871183339,-1.E-03));
#2735 = CARTESIAN_POINT('',(-0.633968640221,-0.584785047839,11.299));
#2736 = CARTESIAN_POINT('',(-0.602871183339,-0.653575917753,-1.E-03));
#2737 = CARTESIAN_POINT('',(-0.584785047839,-0.63396864022,11.299));
#2738 = CARTESIAN_POINT('',(-0.567624665965,-0.715360640505,-1.E-03));
#2739 = CARTESIAN_POINT('',(-0.550595925987,-0.69389982129,11.299));
#2740 = CARTESIAN_POINT('',(-0.55,-0.782680157423,-1.E-03));
#2741 = CARTESIAN_POINT('',(-0.5335,-0.7591997527,11.299));
#2742 = CARTESIAN_POINT('',(-0.55,-0.85,-1.E-03));
#2743 = CARTESIAN_POINT('',(-0.5335,-0.8245,11.299));
#2744 = DEFINITIONAL_REPRESENTATION('',(#2745),#2758);
#2745 = B_SPLINE_CURVE_WITH_KNOTS('',6,(#2746,#2747,#2748,#2749,#2750,
    #2751,#2752,#2753,#2754,#2755,#2756,#2757),.UNSPECIFIED.,.F.,.F.,(7,
    5,7),(0.,0.508092159969,1.),.UNSPECIFIED.);
#2746 = CARTESIAN_POINT('',(3.14159265359,0.547684007996));
#2747 = CARTESIAN_POINT('',(3.008614638392,0.547257770996));
#2748 = CARTESIAN_POINT('',(2.875626602693,0.546831489035));
#2749 = CARTESIAN_POINT('',(2.74264683302,0.546418787527));
#2750 = CARTESIAN_POINT('',(2.609657868911,0.546033182378));
#2751 = CARTESIAN_POINT('',(2.476643927467,0.545686752648));
#2752 = CARTESIAN_POINT('',(2.214849275957,0.545100815251));
#2753 = CARTESIAN_POINT('',(2.086049063694,0.544858208683));
#2754 = CARTESIAN_POINT('',(1.957248708124,0.544669906862));
#2755 = CARTESIAN_POINT('',(1.828439331638,0.544542214973));
#2756 = CARTESIAN_POINT('',(1.699613157434,0.54447837529));
#2757 = CARTESIAN_POINT('',(1.570796326795,0.54447837529));
#2758 = ( GEOMETRIC_REPRESENTATION_CONTEXT(2) 
PARAMETRIC_REPRESENTATION_CONTEXT() REPRESENTATION_CONTEXT('2D SPACE',''
  ) );
#2759 = ORIENTED_EDGE('',*,*,#2760,.F.);
#2760 = EDGE_CURVE('',#2761,#2694,#2763,.T.);
#2761 = VERTEX_POINT('',#2762);
#2762 = CARTESIAN_POINT('',(-0.540901878358,-1.178141657562,
    6.229834821768));
#2763 = SURFACE_CURVE('',#2764,(#2768,#2774),.PCURVE_S1.);
#2764 = LINE('',#2765,#2766);
#2765 = CARTESIAN_POINT('',(-0.541287459276,0.972491170754,5.96577031428
    ));
#2766 = VECTOR('',#2767,1.);
#2767 = DIRECTION('',(-1.779508083493E-04,0.992546135926,-0.121869341476
    ));
#2768 = PCURVE('',#1148,#2769);
#2769 = DEFINITIONAL_REPRESENTATION('',(#2770),#2773);
#2770 = B_SPLINE_CURVE_WITH_KNOTS('',1,(#2771,#2772),.UNSPECIFIED.,.F.,
  .F.,(2,2),(-2.186749239124,-1.810486289463),.PIECEWISE_BEZIER_KNOTS.);
#2771 = CARTESIAN_POINT('',(0.540898325481,-3.110747331463));
#2772 = CARTESIAN_POINT('',(0.540965281777,-2.73448438776));
#2773 = ( GEOMETRIC_REPRESENTATION_CONTEXT(2) 
PARAMETRIC_REPRESENTATION_CONTEXT() REPRESENTATION_CONTEXT('2D SPACE',''
  ) );
#2774 = PCURVE('',#2775,#2780);
#2775 = PLANE('',#2776);
#2776 = AXIS2_PLACEMENT_3D('',#2777,#2778,#2779);
#2777 = CARTESIAN_POINT('',(-0.541782780009,5.809102694823E-17,
    5.626550660521));
#2778 = DIRECTION('',(-0.999998933943,-0.,1.460175434519E-03));
#2779 = DIRECTION('',(-1.460175434519E-03,0.,-0.999998933943));
#2780 = DEFINITIONAL_REPRESENTATION('',(#2781),#2784);
#2781 = B_SPLINE_CURVE_WITH_KNOTS('',1,(#2782,#2783),.UNSPECIFIED.,.F.,
  .F.,(2,2),(-2.186749239124,-1.810486289463),.PIECEWISE_BEZIER_KNOTS.);
#2782 = CARTESIAN_POINT('',(-0.605717989234,1.197958336778));
#2783 = CARTESIAN_POINT('',(-0.559863022453,0.8245));
#2784 = ( GEOMETRIC_REPRESENTATION_CONTEXT(2) 
PARAMETRIC_REPRESENTATION_CONTEXT() REPRESENTATION_CONTEXT('2D SPACE',''
  ) );
#2785 = ORIENTED_EDGE('',*,*,#2786,.F.);
#2786 = EDGE_CURVE('',#2787,#2761,#2789,.T.);
#2787 = VERTEX_POINT('',#2788);
#2788 = CARTESIAN_POINT('',(-0.540813046956,-1.673611528784,
    6.290670872347));
#2789 = SURFACE_CURVE('',#2790,(#2801,#2815),.PCURVE_S1.);
#2790 = B_SPLINE_CURVE_WITH_KNOTS('',5,(#2791,#2792,#2793,#2794,#2795,
    #2796,#2797,#2798,#2799,#2800),.UNSPECIFIED.,.F.,.F.,(6,4,6),(0.,
    0.483993036072,1.),.UNSPECIFIED.);
#2791 = CARTESIAN_POINT('',(-0.540812898199,-1.673611853092,
    6.290670912167));
#2792 = CARTESIAN_POINT('',(-0.561442504597,-1.628636976517,
    6.285148691695));
#2793 = CARTESIAN_POINT('',(-0.577390135667,-1.581522541967,
    6.279363766537));
#2794 = CARTESIAN_POINT('',(-0.588360060464,-1.532919604347,
    6.273396076182));
#2795 = CARTESIAN_POINT('',(-0.594195146102,-1.483532105429,
    6.267332053814));
#2796 = CARTESIAN_POINT('',(-0.595621189647,-1.381343445864,
    6.25478486412));
#2797 = CARTESIAN_POINT('',(-0.590509036441,-1.328529782693,
    6.248300161678));
#2798 = CARTESIAN_POINT('',(-0.57953641033,-1.276497648559,
    6.241911418935));
#2799 = CARTESIAN_POINT('',(-0.562881343795,-1.226104747739,
    6.235723948735));
#2800 = CARTESIAN_POINT('',(-0.540901729692,-1.178141333148,
    6.229834781935));
#2801 = PCURVE('',#1148,#2802);
#2802 = DEFINITIONAL_REPRESENTATION('',(#2803),#2814);
#2803 = B_SPLINE_CURVE_WITH_KNOTS('',5,(#2804,#2805,#2806,#2807,#2808,
    #2809,#2810,#2811,#2812,#2813),.UNSPECIFIED.,.F.,.F.,(6,4,6),(0.,
    0.483993036072,1.),.UNSPECIFIED.);
#2804 = CARTESIAN_POINT('',(0.540812898199,-3.589972922664));
#2805 = CARTESIAN_POINT('',(0.561442504597,-3.544660292616));
#2806 = CARTESIAN_POINT('',(0.577390135667,-3.497192036885));
#2807 = CARTESIAN_POINT('',(0.588360060464,-3.448224099688));
#2808 = CARTESIAN_POINT('',(0.594195146102,-3.398465709273));
#2809 = CARTESIAN_POINT('',(0.595621189647,-3.29550963071));
#2810 = CARTESIAN_POINT('',(0.590509036441,-3.242299346147));
#2811 = CARTESIAN_POINT('',(0.57953641033,-3.189876459767));
#2812 = CARTESIAN_POINT('',(0.562881343795,-3.139105117058));
#2813 = CARTESIAN_POINT('',(0.540901729692,-3.090781505595));
#2814 = ( GEOMETRIC_REPRESENTATION_CONTEXT(2) 
PARAMETRIC_REPRESENTATION_CONTEXT() REPRESENTATION_CONTEXT('2D SPACE',''
  ) );
#2815 = PCURVE('',#2816,#2845);
#2816 = B_SPLINE_SURFACE_WITH_KNOTS('',13,1,(
    (#2817,#2818)
    ,(#2819,#2820)
    ,(#2821,#2822)
    ,(#2823,#2824)
    ,(#2825,#2826)
    ,(#2827,#2828)
    ,(#2829,#2830)
    ,(#2831,#2832)
    ,(#2833,#2834)
    ,(#2835,#2836)
    ,(#2837,#2838)
    ,(#2839,#2840)
    ,(#2841,#2842)
    ,(#2843,#2844
    )),.UNSPECIFIED.,.T.,.F.,.F.,(1,13,13,1),(2,2),(-6.28318530718,0.,
    6.28318530718,12.566370614359),(0.,1.),.UNSPECIFIED.);
#2817 = CARTESIAN_POINT('',(0.605,-1.45,-1.E-03));
#2818 = CARTESIAN_POINT('',(0.58685,-1.4065,11.299));
#2819 = CARTESIAN_POINT('',(0.605,-1.157590222243,-9.999999999998E-04));
#2820 = CARTESIAN_POINT('',(0.58685,-1.122862515575,11.299));
#2821 = CARTESIAN_POINT('',(0.451893758259,-0.865180327556,
    -1.000000000001E-03));
#2822 = CARTESIAN_POINT('',(0.438336945512,-0.839224917728,
    11.298999999999));
#2823 = CARTESIAN_POINT('',(0.145690389915,-0.660225377443,
    -9.999999999978E-04));
#2824 = CARTESIAN_POINT('',(0.141319678217,-0.640418616121,
    11.299000000002));
#2825 = CARTESIAN_POINT('',(-0.258710813891,-0.630169585355,
    -1.000000000004E-03));
#2826 = CARTESIAN_POINT('',(-0.250949489474,-0.611264497792,
    11.298999999997));
#2827 = CARTESIAN_POINT('',(-0.651234851753,-0.82414645117,
    -9.999999999937E-04));
#2828 = CARTESIAN_POINT('',(-0.631697806202,-0.799422057639,
    11.299000000006));
#2829 = CARTESIAN_POINT('',(-0.897638487673,-1.214384158187,
    -1.000000000007E-03));
#2830 = CARTESIAN_POINT('',(-0.870709333041,-1.177952633437,
    11.298999999989));
#2831 = CARTESIAN_POINT('',(-0.897638487665,-1.685615841814,
    -9.99999999993E-04));
#2832 = CARTESIAN_POINT('',(-0.870709333037,-1.635047366564,
    11.299000000015));
#2833 = CARTESIAN_POINT('',(-0.651234851759,-2.075853548828,
    -1.000000000005E-03));
#2834 = CARTESIAN_POINT('',(-0.631697806205,-2.01357794236,
    11.298999999984));
#2835 = CARTESIAN_POINT('',(-0.258710813887,-2.269830414647,
    -9.999999999967E-04));
#2836 = CARTESIAN_POINT('',(-0.250949489472,-2.20173550221,
    11.299000000012));
#2837 = CARTESIAN_POINT('',(0.145690389913,-2.239774622556,
    -1.000000000002E-03));
#2838 = CARTESIAN_POINT('',(0.141319678216,-2.172581383878,
    11.298999999993));
#2839 = CARTESIAN_POINT('',(0.45189375826,-2.034819672445,
    -9.999999999994E-04));
#2840 = CARTESIAN_POINT('',(0.438336945512,-1.973775082272,
    11.299000000003));
#2841 = CARTESIAN_POINT('',(0.605,-1.742409777757,-1.E-03));
#2842 = CARTESIAN_POINT('',(0.58685,-1.690137484424,11.298999999999));
#2843 = CARTESIAN_POINT('',(0.605,-1.45,-1.E-03));
#2844 = CARTESIAN_POINT('',(0.58685,-1.4065,11.299));
#2845 = DEFINITIONAL_REPRESENTATION('',(#2846),#2857);
#2846 = B_SPLINE_CURVE_WITH_KNOTS('',5,(#2847,#2848,#2849,#2850,#2851,
    #2852,#2853,#2854,#2855,#2856),.UNSPECIFIED.,.F.,.F.,(6,4,6),(0.,
    0.483993036072,1.),.UNSPECIFIED.);
#2847 = CARTESIAN_POINT('',(3.571292930833,0.556785036475));
#2848 = CARTESIAN_POINT('',(3.48808517075,0.556296344398));
#2849 = CARTESIAN_POINT('',(3.404888136217,0.555784404118));
#2850 = CARTESIAN_POINT('',(3.32170431618,0.555256289928));
#2851 = CARTESIAN_POINT('',(3.238522304365,0.55471965078));
#2852 = CARTESIAN_POINT('',(3.066661896992,0.553609280011));
#2853 = CARTESIAN_POINT('',(2.977979169013,0.553035412538));
#2854 = CARTESIAN_POINT('',(2.889296940736,0.552470037074));
#2855 = CARTESIAN_POINT('',(2.800600069552,0.551922473339));
#2856 = CARTESIAN_POINT('',(2.711892376347,0.551401308136));
#2857 = ( GEOMETRIC_REPRESENTATION_CONTEXT(2) 
PARAMETRIC_REPRESENTATION_CONTEXT() REPRESENTATION_CONTEXT('2D SPACE',''
  ) );
#2858 = ORIENTED_EDGE('',*,*,#2859,.F.);
#2859 = EDGE_CURVE('',#2860,#2787,#2862,.T.);
#2860 = VERTEX_POINT('',#2861);
#2861 = CARTESIAN_POINT('',(-0.540756149396,-1.990965822778,
    6.329637079986));
#2862 = SURFACE_CURVE('',#2863,(#2867,#2873),.PCURVE_S1.);
#2863 = LINE('',#2864,#2865);
#2864 = CARTESIAN_POINT('',(-0.541287459276,0.972491170754,5.96577031428
    ));
#2865 = VECTOR('',#2866,1.);
#2866 = DIRECTION('',(-1.779508083493E-04,0.992546135926,-0.121869341476
    ));
#2867 = PCURVE('',#1148,#2868);
#2868 = DEFINITIONAL_REPRESENTATION('',(#2869),#2872);
#2869 = B_SPLINE_CURVE_WITH_KNOTS('',1,(#2870,#2871),.UNSPECIFIED.,.F.,
  .F.,(2,2),(-3.020001854077,-2.643173439622),.PIECEWISE_BEZIER_KNOTS.);
#2870 = CARTESIAN_POINT('',(0.540750047504,-3.943999933223));
#2871 = CARTESIAN_POINT('',(0.540817104425,-3.567171524735));
#2872 = ( GEOMETRIC_REPRESENTATION_CONTEXT(2) 
PARAMETRIC_REPRESENTATION_CONTEXT() REPRESENTATION_CONTEXT('2D SPACE',''
  ) );
#2873 = PCURVE('',#2874,#2879);
#2874 = PLANE('',#2875);
#2875 = AXIS2_PLACEMENT_3D('',#2876,#2877,#2878);
#2876 = CARTESIAN_POINT('',(-0.541782780009,5.809102694823E-17,
    5.626550660521));
#2877 = DIRECTION('',(-0.999998933943,-0.,1.460175434519E-03));
#2878 = DIRECTION('',(-1.460175434519E-03,0.,-0.999998933943));
#2879 = DEFINITIONAL_REPRESENTATION('',(#2880),#2883);
#2880 = B_SPLINE_CURVE_WITH_KNOTS('',1,(#2881,#2882),.UNSPECIFIED.,.F.,
  .F.,(2,2),(-3.020001854077,-2.643173439622),.PIECEWISE_BEZIER_KNOTS.);
#2881 = CARTESIAN_POINT('',(-0.707266044957,2.025));
#2882 = CARTESIAN_POINT('',(-0.66134216528,1.650980413325));
#2883 = ( GEOMETRIC_REPRESENTATION_CONTEXT(2) 
PARAMETRIC_REPRESENTATION_CONTEXT() REPRESENTATION_CONTEXT('2D SPACE',''
  ) );
#2884 = ORIENTED_EDGE('',*,*,#2885,.F.);
#2885 = EDGE_CURVE('',#2886,#2860,#2888,.T.);
#2886 = VERTEX_POINT('',#2887);
#2887 = CARTESIAN_POINT('',(-0.184986652031,-1.990965822778,
    6.329637079986));
#2888 = SURFACE_CURVE('',#2889,(#2893,#2899),.PCURVE_S1.);
#2889 = LINE('',#2890,#2891);
#2890 = CARTESIAN_POINT('',(-8.965214233704E-18,-1.990965822778,
    6.329637079986));
#2891 = VECTOR('',#2892,1.);
#2892 = DIRECTION('',(-1.,0.,-0.));
#2893 = PCURVE('',#1148,#2894);
#2894 = DEFINITIONAL_REPRESENTATION('',(#2895),#2898);
#2895 = B_SPLINE_CURVE_WITH_KNOTS('',1,(#2896,#2897),.UNSPECIFIED.,.F.,
  .F.,(2,2),(0.182504404191,0.55),.PIECEWISE_BEZIER_KNOTS.);
#2896 = CARTESIAN_POINT('',(0.182504404191,-3.909710165271));
#2897 = CARTESIAN_POINT('',(0.55,-3.909710165271));
#2898 = ( GEOMETRIC_REPRESENTATION_CONTEXT(2) 
PARAMETRIC_REPRESENTATION_CONTEXT() REPRESENTATION_CONTEXT('2D SPACE',''
  ) );
#2899 = PCURVE('',#2900,#2905);
#2900 = PLANE('',#2901);
#2901 = AXIS2_PLACEMENT_3D('',#2902,#2903,#2904);
#2902 = CARTESIAN_POINT('',(-1.793042846741E-17,-1.994665471628,
    5.641471944119));
#2903 = DIRECTION('',(-0.,-0.999985549054,5.376028504872E-03));
#2904 = DIRECTION('',(0.,-5.376028504872E-03,-0.999985549054));
#2905 = DEFINITIONAL_REPRESENTATION('',(#2906),#2909);
#2906 = B_SPLINE_CURVE_WITH_KNOTS('',1,(#2907,#2908),.UNSPECIFIED.,.F.,
  .F.,(2,2),(0.182504404191,0.55),.PIECEWISE_BEZIER_KNOTS.);
#2907 = CARTESIAN_POINT('',(-0.688175080647,-0.182504404191));
#2908 = CARTESIAN_POINT('',(-0.688175080647,-0.55));
#2909 = ( GEOMETRIC_REPRESENTATION_CONTEXT(2) 
PARAMETRIC_REPRESENTATION_CONTEXT() REPRESENTATION_CONTEXT('2D SPACE',''
  ) );
#2910 = ORIENTED_EDGE('',*,*,#2911,.F.);
#2911 = EDGE_CURVE('',#2912,#2886,#2914,.T.);
#2912 = VERTEX_POINT('',#2913);
#2913 = CARTESIAN_POINT('',(0.184986651333,-1.990965822778,
    6.329637079986));
#2914 = SURFACE_CURVE('',#2915,(#2926,#2940),.PCURVE_S1.);
#2915 = B_SPLINE_CURVE_WITH_KNOTS('',5,(#2916,#2917,#2918,#2919,#2920,
    #2921,#2922,#2923,#2924,#2925),.UNSPECIFIED.,.F.,.F.,(6,4,6),(0.,
    0.500999928213,1.),.UNSPECIFIED.);
#2916 = CARTESIAN_POINT('',(0.184986990542,-1.990965711859,
    6.329637066367));
#2917 = CARTESIAN_POINT('',(0.149163368547,-2.002679810445,
    6.331075376818));
#2918 = CARTESIAN_POINT('',(0.112408330407,-2.011559366756,6.33216564924
    ));
#2919 = CARTESIAN_POINT('',(7.502288599505E-02,-2.017504861637,
    6.332895664219));
#2920 = CARTESIAN_POINT('',(3.732222581065E-02,-2.020465574665,
    6.333259194068));
#2921 = CARTESIAN_POINT('',(-3.79241540168E-02,-2.020418015434,
    6.333253354529));
#2922 = CARTESIAN_POINT('',(-7.547055191009E-02,-2.017433522321,
    6.332886904852));
#2923 = CARTESIAN_POINT('',(-0.112701747755,-2.01148843065,
    6.332156939382));
#2924 = CARTESIAN_POINT('',(-0.14930636523,-2.002633050747,
    6.331069635449));
#2925 = CARTESIAN_POINT('',(-0.184986991239,-1.990965711859,
    6.329637066367));
#2926 = PCURVE('',#1148,#2927);
#2927 = DEFINITIONAL_REPRESENTATION('',(#2928),#2939);
#2928 = B_SPLINE_CURVE_WITH_KNOTS('',5,(#2929,#2930,#2931,#2932,#2933,
    #2934,#2935,#2936,#2937,#2938),.UNSPECIFIED.,.F.,.F.,(6,4,6),(0.,
    0.500999928213,1.),.UNSPECIFIED.);
#2929 = CARTESIAN_POINT('',(-0.184986990542,-3.909710053519));
#2930 = CARTESIAN_POINT('',(-0.149163368547,-3.92151212294));
#2931 = CARTESIAN_POINT('',(-0.112408330407,-3.930458363169));
#2932 = CARTESIAN_POINT('',(-7.502288599505E-02,-3.936448507679));
#2933 = CARTESIAN_POINT('',(-3.732222581065E-02,-3.939431455145));
#2934 = CARTESIAN_POINT('',(3.79241540168E-02,-3.939383538753));
#2935 = CARTESIAN_POINT('',(7.547055191009E-02,-3.936376632618));
#2936 = CARTESIAN_POINT('',(0.112701747755,-3.930386894346));
#2937 = CARTESIAN_POINT('',(0.14930636523,-3.921465012085));
#2938 = CARTESIAN_POINT('',(0.184986991239,-3.909710053519));
#2939 = ( GEOMETRIC_REPRESENTATION_CONTEXT(2) 
PARAMETRIC_REPRESENTATION_CONTEXT() REPRESENTATION_CONTEXT('2D SPACE',''
  ) );
#2940 = PCURVE('',#2941,#2970);
#2941 = B_SPLINE_SURFACE_WITH_KNOTS('',13,1,(
    (#2942,#2943)
    ,(#2944,#2945)
    ,(#2946,#2947)
    ,(#2948,#2949)
    ,(#2950,#2951)
    ,(#2952,#2953)
    ,(#2954,#2955)
    ,(#2956,#2957)
    ,(#2958,#2959)
    ,(#2960,#2961)
    ,(#2962,#2963)
    ,(#2964,#2965)
    ,(#2966,#2967)
    ,(#2968,#2969
    )),.UNSPECIFIED.,.T.,.F.,.F.,(1,13,13,1),(2,2),(-6.28318530718,0.,
    6.28318530718,12.566370614359),(0.,1.),.UNSPECIFIED.);
#2942 = CARTESIAN_POINT('',(0.605,-1.45,-1.E-03));
#2943 = CARTESIAN_POINT('',(0.58685,-1.4065,11.299));
#2944 = CARTESIAN_POINT('',(0.605,-1.157590222243,-9.999999999998E-04));
#2945 = CARTESIAN_POINT('',(0.58685,-1.122862515575,11.299));
#2946 = CARTESIAN_POINT('',(0.451893758259,-0.865180327556,
    -1.000000000001E-03));
#2947 = CARTESIAN_POINT('',(0.438336945512,-0.839224917728,
    11.298999999999));
#2948 = CARTESIAN_POINT('',(0.145690389915,-0.660225377443,
    -9.999999999978E-04));
#2949 = CARTESIAN_POINT('',(0.141319678217,-0.640418616121,
    11.299000000002));
#2950 = CARTESIAN_POINT('',(-0.258710813891,-0.630169585355,
    -1.000000000004E-03));
#2951 = CARTESIAN_POINT('',(-0.250949489474,-0.611264497792,
    11.298999999997));
#2952 = CARTESIAN_POINT('',(-0.651234851753,-0.82414645117,
    -9.999999999937E-04));
#2953 = CARTESIAN_POINT('',(-0.631697806202,-0.799422057639,
    11.299000000006));
#2954 = CARTESIAN_POINT('',(-0.897638487673,-1.214384158187,
    -1.000000000007E-03));
#2955 = CARTESIAN_POINT('',(-0.870709333041,-1.177952633437,
    11.298999999989));
#2956 = CARTESIAN_POINT('',(-0.897638487665,-1.685615841814,
    -9.99999999993E-04));
#2957 = CARTESIAN_POINT('',(-0.870709333037,-1.635047366564,
    11.299000000015));
#2958 = CARTESIAN_POINT('',(-0.651234851759,-2.075853548828,
    -1.000000000005E-03));
#2959 = CARTESIAN_POINT('',(-0.631697806205,-2.01357794236,
    11.298999999984));
#2960 = CARTESIAN_POINT('',(-0.258710813887,-2.269830414647,
    -9.999999999967E-04));
#2961 = CARTESIAN_POINT('',(-0.250949489472,-2.20173550221,
    11.299000000012));
#2962 = CARTESIAN_POINT('',(0.145690389913,-2.239774622556,
    -1.000000000002E-03));
#2963 = CARTESIAN_POINT('',(0.141319678216,-2.172581383878,
    11.298999999993));
#2964 = CARTESIAN_POINT('',(0.45189375826,-2.034819672445,
    -9.999999999994E-04));
#2965 = CARTESIAN_POINT('',(0.438336945512,-1.973775082272,
    11.299000000003));
#2966 = CARTESIAN_POINT('',(0.605,-1.742409777757,-1.E-03));
#2967 = CARTESIAN_POINT('',(0.58685,-1.690137484424,11.298999999999));
#2968 = CARTESIAN_POINT('',(0.605,-1.45,-1.E-03));
#2969 = CARTESIAN_POINT('',(0.58685,-1.4065,11.299));
#2970 = DEFINITIONAL_REPRESENTATION('',(#2971),#2982);
#2971 = B_SPLINE_CURVE_WITH_KNOTS('',5,(#2972,#2973,#2974,#2975,#2976,
    #2977,#2978,#2979,#2980,#2981),.UNSPECIFIED.,.F.,.F.,(6,4,6),(0.,
    0.500999928213,1.),.UNSPECIFIED.);
#2972 = CARTESIAN_POINT('',(5.028623962107,0.560233368705));
#2973 = CARTESIAN_POINT('',(4.965258257897,0.560360652816));
#2974 = CARTESIAN_POINT('',(4.901886391245,0.560457137101));
#2975 = CARTESIAN_POINT('',(4.838511609816,0.560521740196));
#2976 = CARTESIAN_POINT('',(4.775133772905,0.560553910979));
#2977 = CARTESIAN_POINT('',(4.64863223187,0.560553394206));
#2978 = CARTESIAN_POINT('',(4.585507415433,0.560520965031));
#2979 = CARTESIAN_POINT('',(4.522385633888,0.560456366317));
#2980 = CARTESIAN_POINT('',(4.459266763139,0.56036014473));
#2981 = CARTESIAN_POINT('',(4.396153998948,0.560233368705));
#2982 = ( GEOMETRIC_REPRESENTATION_CONTEXT(2) 
PARAMETRIC_REPRESENTATION_CONTEXT() REPRESENTATION_CONTEXT('2D SPACE',''
  ) );
#2983 = ORIENTED_EDGE('',*,*,#2984,.F.);
#2984 = EDGE_CURVE('',#2985,#2912,#2987,.T.);
#2985 = VERTEX_POINT('',#2986);
#2986 = CARTESIAN_POINT('',(0.540756149396,-1.990965822778,
    6.329637079986));
#2987 = SURFACE_CURVE('',#2988,(#2992,#2998),.PCURVE_S1.);
#2988 = LINE('',#2989,#2990);
#2989 = CARTESIAN_POINT('',(-8.965214233704E-18,-1.990965822778,
    6.329637079986));
#2990 = VECTOR('',#2991,1.);
#2991 = DIRECTION('',(-1.,0.,-0.));
#2992 = PCURVE('',#1148,#2993);
#2993 = DEFINITIONAL_REPRESENTATION('',(#2994),#2997);
#2994 = B_SPLINE_CURVE_WITH_KNOTS('',1,(#2995,#2996),.UNSPECIFIED.,.F.,
  .F.,(2,2),(-0.55,-0.182504403503),.PIECEWISE_BEZIER_KNOTS.);
#2995 = CARTESIAN_POINT('',(-0.55,-3.909710165271));
#2996 = CARTESIAN_POINT('',(-0.182504403503,-3.909710165271));
#2997 = ( GEOMETRIC_REPRESENTATION_CONTEXT(2) 
PARAMETRIC_REPRESENTATION_CONTEXT() REPRESENTATION_CONTEXT('2D SPACE',''
  ) );
#2998 = PCURVE('',#2999,#3004);
#2999 = PLANE('',#3000);
#3000 = AXIS2_PLACEMENT_3D('',#3001,#3002,#3003);
#3001 = CARTESIAN_POINT('',(-1.793042846741E-17,-1.994665471628,
    5.641471944119));
#3002 = DIRECTION('',(-0.,-0.999985549054,5.376028504872E-03));
#3003 = DIRECTION('',(0.,-5.376028504872E-03,-0.999985549054));
#3004 = DEFINITIONAL_REPRESENTATION('',(#3005),#3008);
#3005 = B_SPLINE_CURVE_WITH_KNOTS('',1,(#3006,#3007),.UNSPECIFIED.,.F.,
  .F.,(2,2),(-0.55,-0.182504403503),.PIECEWISE_BEZIER_KNOTS.);
#3006 = CARTESIAN_POINT('',(-0.688175080647,0.55));
#3007 = CARTESIAN_POINT('',(-0.688175080647,0.182504403503));
#3008 = ( GEOMETRIC_REPRESENTATION_CONTEXT(2) 
PARAMETRIC_REPRESENTATION_CONTEXT() REPRESENTATION_CONTEXT('2D SPACE',''
  ) );
#3009 = ORIENTED_EDGE('',*,*,#3010,.F.);
#3010 = EDGE_CURVE('',#3011,#2985,#3013,.T.);
#3011 = VERTEX_POINT('',#3012);
#3012 = CARTESIAN_POINT('',(0.540813046957,-1.673611522474,
    6.290670871572));
#3013 = SURFACE_CURVE('',#3014,(#3018,#3024),.PCURVE_S1.);
#3014 = LINE('',#3015,#3016);
#3015 = CARTESIAN_POINT('',(0.541287459276,0.972491170754,5.96577031428)
  );
#3016 = VECTOR('',#3017,1.);
#3017 = DIRECTION('',(-1.779508083493E-04,-0.992546135926,0.121869341476
    ));
#3018 = PCURVE('',#1148,#3019);
#3019 = DEFINITIONAL_REPRESENTATION('',(#3020),#3023);
#3020 = B_SPLINE_CURVE_WITH_KNOTS('',1,(#3021,#3022),.UNSPECIFIED.,.F.,
  .F.,(2,2),(2.643173438583,3.020001854077),.PIECEWISE_BEZIER_KNOTS.);
#3021 = CARTESIAN_POINT('',(-0.540817104426,-3.567171523696));
#3022 = CARTESIAN_POINT('',(-0.540750047504,-3.943999933223));
#3023 = ( GEOMETRIC_REPRESENTATION_CONTEXT(2) 
PARAMETRIC_REPRESENTATION_CONTEXT() REPRESENTATION_CONTEXT('2D SPACE',''
  ) );
#3024 = PCURVE('',#3025,#3030);
#3025 = PLANE('',#3026);
#3026 = AXIS2_PLACEMENT_3D('',#3027,#3028,#3029);
#3027 = CARTESIAN_POINT('',(0.541782780009,5.809102694823E-17,
    5.626550660521));
#3028 = DIRECTION('',(0.999998933943,0.,1.460175434519E-03));
#3029 = DIRECTION('',(-1.460175434519E-03,0.,0.999998933943));
#3030 = DEFINITIONAL_REPRESENTATION('',(#3031),#3034);
#3031 = B_SPLINE_CURVE_WITH_KNOTS('',1,(#3032,#3033),.UNSPECIFIED.,.F.,
  .F.,(2,2),(2.643173438583,3.020001854077),.PIECEWISE_BEZIER_KNOTS.);
#3032 = CARTESIAN_POINT('',(0.661342165154,1.650980412294));
#3033 = CARTESIAN_POINT('',(0.707266044957,2.025));
#3034 = ( GEOMETRIC_REPRESENTATION_CONTEXT(2) 
PARAMETRIC_REPRESENTATION_CONTEXT() REPRESENTATION_CONTEXT('2D SPACE',''
  ) );
#3035 = ORIENTED_EDGE('',*,*,#3036,.F.);
#3036 = EDGE_CURVE('',#3037,#3011,#3039,.T.);
#3037 = VERTEX_POINT('',#3038);
#3038 = CARTESIAN_POINT('',(0.540901878356,-1.178141663874,
    6.229834822543));
#3039 = SURFACE_CURVE('',#3040,(#3049,#3061),.PCURVE_S1.);
#3040 = B_SPLINE_CURVE_WITH_KNOTS('',5,(#3041,#3042,#3043,#3044,#3045,
    #3046,#3047,#3048),.UNSPECIFIED.,.F.,.F.,(6,2,6),(0.,1.,
    1.999977726613),.UNSPECIFIED.);
#3041 = CARTESIAN_POINT('',(0.540901729451,-1.178141338935,
    6.229834782646));
#3042 = CARTESIAN_POINT('',(0.562199750023,-1.224617406957,6.23554132625
    ));
#3043 = CARTESIAN_POINT('',(0.578498286999,-1.273374500726,6.2415279446)
  );
#3044 = CARTESIAN_POINT('',(0.600445126919,-1.374012076313,
    6.253884685129));
#3045 = CARTESIAN_POINT('',(0.600424162592,-1.477782116451,
    6.266626043942));
#3046 = CARTESIAN_POINT('',(0.578439547017,-1.578404761109,
    6.278980951183));
#3047 = CARTESIAN_POINT('',(0.562124540197,-1.627150044082,
    6.284966119349));
#3048 = CARTESIAN_POINT('',(0.54081289796,-1.673611847307,6.290670911457
    ));
#3049 = PCURVE('',#1148,#3050);
#3050 = DEFINITIONAL_REPRESENTATION('',(#3051),#3060);
#3051 = B_SPLINE_CURVE_WITH_KNOTS('',5,(#3052,#3053,#3054,#3055,#3056,
    #3057,#3058,#3059),.UNSPECIFIED.,.F.,.F.,(6,2,6),(0.,1.,
    1.999977726613),.UNSPECIFIED.);
#3052 = CARTESIAN_POINT('',(-0.540901729451,-3.090781511425));
#3053 = CARTESIAN_POINT('',(-0.562199750023,-3.137606606606));
#3054 = CARTESIAN_POINT('',(-0.578498286999,-3.186729857639));
#3055 = CARTESIAN_POINT('',(-0.600445126919,-3.288123203853));
#3056 = CARTESIAN_POINT('',(-0.600424162592,-3.392672538881));
#3057 = CARTESIAN_POINT('',(-0.578439547017,-3.494050842037));
#3058 = CARTESIAN_POINT('',(-0.562124540197,-3.543162193577));
#3059 = CARTESIAN_POINT('',(-0.54081289796,-3.589972916835));
#3060 = ( GEOMETRIC_REPRESENTATION_CONTEXT(2) 
PARAMETRIC_REPRESENTATION_CONTEXT() REPRESENTATION_CONTEXT('2D SPACE',''
  ) );
#3061 = PCURVE('',#3062,#3091);
#3062 = B_SPLINE_SURFACE_WITH_KNOTS('',13,1,(
    (#3063,#3064)
    ,(#3065,#3066)
    ,(#3067,#3068)
    ,(#3069,#3070)
    ,(#3071,#3072)
    ,(#3073,#3074)
    ,(#3075,#3076)
    ,(#3077,#3078)
    ,(#3079,#3080)
    ,(#3081,#3082)
    ,(#3083,#3084)
    ,(#3085,#3086)
    ,(#3087,#3088)
    ,(#3089,#3090
    )),.UNSPECIFIED.,.T.,.F.,.F.,(1,13,13,1),(2,2),(-6.28318530718,0.,
    6.28318530718,12.566370614359),(0.,1.),.UNSPECIFIED.);
#3063 = CARTESIAN_POINT('',(0.605,-1.45,-1.E-03));
#3064 = CARTESIAN_POINT('',(0.58685,-1.4065,11.299));
#3065 = CARTESIAN_POINT('',(0.605,-1.157590222243,-9.999999999998E-04));
#3066 = CARTESIAN_POINT('',(0.58685,-1.122862515575,11.299));
#3067 = CARTESIAN_POINT('',(0.451893758259,-0.865180327556,
    -1.000000000001E-03));
#3068 = CARTESIAN_POINT('',(0.438336945512,-0.839224917728,
    11.298999999999));
#3069 = CARTESIAN_POINT('',(0.145690389915,-0.660225377443,
    -9.999999999978E-04));
#3070 = CARTESIAN_POINT('',(0.141319678217,-0.640418616121,
    11.299000000002));
#3071 = CARTESIAN_POINT('',(-0.258710813891,-0.630169585355,
    -1.000000000004E-03));
#3072 = CARTESIAN_POINT('',(-0.250949489474,-0.611264497792,
    11.298999999997));
#3073 = CARTESIAN_POINT('',(-0.651234851753,-0.82414645117,
    -9.999999999937E-04));
#3074 = CARTESIAN_POINT('',(-0.631697806202,-0.799422057639,
    11.299000000006));
#3075 = CARTESIAN_POINT('',(-0.897638487673,-1.214384158187,
    -1.000000000007E-03));
#3076 = CARTESIAN_POINT('',(-0.870709333041,-1.177952633437,
    11.298999999989));
#3077 = CARTESIAN_POINT('',(-0.897638487665,-1.685615841814,
    -9.99999999993E-04));
#3078 = CARTESIAN_POINT('',(-0.870709333037,-1.635047366564,
    11.299000000015));
#3079 = CARTESIAN_POINT('',(-0.651234851759,-2.075853548828,
    -1.000000000005E-03));
#3080 = CARTESIAN_POINT('',(-0.631697806205,-2.01357794236,
    11.298999999984));
#3081 = CARTESIAN_POINT('',(-0.258710813887,-2.269830414647,
    -9.999999999967E-04));
#3082 = CARTESIAN_POINT('',(-0.250949489472,-2.20173550221,
    11.299000000012));
#3083 = CARTESIAN_POINT('',(0.145690389913,-2.239774622556,
    -1.000000000002E-03));
#3084 = CARTESIAN_POINT('',(0.141319678216,-2.172581383878,
    11.298999999993));
#3085 = CARTESIAN_POINT('',(0.45189375826,-2.034819672445,
    -9.999999999994E-04));
#3086 = CARTESIAN_POINT('',(0.438336945512,-1.973775082272,
    11.299000000003));
#3087 = CARTESIAN_POINT('',(0.605,-1.742409777757,-1.E-03));
#3088 = CARTESIAN_POINT('',(0.58685,-1.690137484424,11.298999999999));
#3089 = CARTESIAN_POINT('',(0.605,-1.45,-1.E-03));
#3090 = CARTESIAN_POINT('',(0.58685,-1.4065,11.299));
#3091 = DEFINITIONAL_REPRESENTATION('',(#3092),#3118);
#3092 = B_SPLINE_CURVE_WITH_KNOTS('',3,(#3093,#3094,#3095,#3096,#3097,
    #3098,#3099,#3100,#3101,#3102,#3103,#3104,#3105,#3106,#3107,#3108,
    #3109,#3110,#3111,#3112,#3113,#3114,#3115,#3116,#3117),
  .UNSPECIFIED.,.F.,.F.,(4,1,1,1,1,1,1,1,1,1,1,1,1,1,1,1,1,1,1,1,1,1,4),
  (0.,9.090807848239E-02,0.181816156965,0.272724235447,0.36363231393,
    0.454540392412,0.545448470894,0.636356549377,0.727264627859,
    0.818172706342,0.909080784824,0.999988863306,1.090896941789,
    1.181805020271,1.272713098754,1.363621177236,1.454529255718,
    1.545437334201,1.636345412683,1.727253491165,1.818161569648,
    1.90906964813,1.999977726613),.QUASI_UNIFORM_KNOTS.);
#3093 = CARTESIAN_POINT('',(6.71288557333,0.551401308199));
#3094 = CARTESIAN_POINT('',(6.699861942055,0.551477822679));
#3095 = CARTESIAN_POINT('',(6.673815283742,0.55163221874));
#3096 = CARTESIAN_POINT('',(6.634747075805,0.551867554113));
#3097 = CARTESIAN_POINT('',(6.595680649974,0.552106272548));
#3098 = CARTESIAN_POINT('',(6.556615883684,0.552348009529));
#3099 = CARTESIAN_POINT('',(6.517552597623,0.552592396971));
#3100 = CARTESIAN_POINT('',(6.478490561874,0.55283906305));
#3101 = CARTESIAN_POINT('',(6.439429518099,0.553087632806));
#3102 = CARTESIAN_POINT('',(6.40036919716,0.553337728542));
#3103 = CARTESIAN_POINT('',(6.361309337447,0.553588970274));
#3104 = CARTESIAN_POINT('',(6.322249704571,0.553840976167));
#3105 = CARTESIAN_POINT('',(6.283190105804,0.554093362997));
#3106 = CARTESIAN_POINT('',(6.244130426283,0.554345746505));
#3107 = CARTESIAN_POINT('',(6.205070551444,0.554597742447));
#3108 = CARTESIAN_POINT('',(6.16601028928,0.554848967658));
#3109 = CARTESIAN_POINT('',(6.12694940639,0.555099040394));
#3110 = CARTESIAN_POINT('',(6.087887642325,0.555347580796));
#3111 = CARTESIAN_POINT('',(6.048824729216,0.555594211325));
#3112 = CARTESIAN_POINT('',(6.009760410108,0.555838557213));
#3113 = CARTESIAN_POINT('',(5.970694456588,0.556080246857));
#3114 = CARTESIAN_POINT('',(5.931626691065,0.556318912425));
#3115 = CARTESIAN_POINT('',(5.892556992939,0.556554189682));
#3116 = CARTESIAN_POINT('',(5.866509242574,0.556708543715));
#3117 = CARTESIAN_POINT('',(5.853485041029,0.556785036412));
#3118 = ( GEOMETRIC_REPRESENTATION_CONTEXT(2) 
PARAMETRIC_REPRESENTATION_CONTEXT() REPRESENTATION_CONTEXT('2D SPACE',''
  ) );
#3119 = ORIENTED_EDGE('',*,*,#3120,.F.);
#3120 = EDGE_CURVE('',#3121,#3037,#3123,.T.);
#3121 = VERTEX_POINT('',#3122);
#3122 = CARTESIAN_POINT('',(0.540963213868,-0.836034057796,6.18782929035
    ));
#3123 = SURFACE_CURVE('',#3124,(#3128,#3134),.PCURVE_S1.);
#3124 = LINE('',#3125,#3126);
#3125 = CARTESIAN_POINT('',(0.541287459276,0.972491170754,5.96577031428)
  );
#3126 = VECTOR('',#3127,1.);
#3127 = DIRECTION('',(-1.779508083493E-04,-0.992546135926,0.121869341476
    ));
#3128 = PCURVE('',#1148,#3129);
#3129 = DEFINITIONAL_REPRESENTATION('',(#3130),#3133);
#3130 = B_SPLINE_CURVE_WITH_KNOTS('',1,(#3131,#3132),.UNSPECIFIED.,.F.,
  .F.,(2,2),(1.810486289463,2.186749240195),.PIECEWISE_BEZIER_KNOTS.);
#3131 = CARTESIAN_POINT('',(-0.540965281777,-2.73448438776));
#3132 = CARTESIAN_POINT('',(-0.540898325481,-3.110747332534));
#3133 = ( GEOMETRIC_REPRESENTATION_CONTEXT(2) 
PARAMETRIC_REPRESENTATION_CONTEXT() REPRESENTATION_CONTEXT('2D SPACE',''
  ) );
#3134 = PCURVE('',#3135,#3140);
#3135 = PLANE('',#3136);
#3136 = AXIS2_PLACEMENT_3D('',#3137,#3138,#3139);
#3137 = CARTESIAN_POINT('',(0.541782780009,5.809102694823E-17,
    5.626550660521));
#3138 = DIRECTION('',(0.999998933943,0.,1.460175434519E-03));
#3139 = DIRECTION('',(-1.460175434519E-03,0.,0.999998933943));
#3140 = DEFINITIONAL_REPRESENTATION('',(#3141),#3144);
#3141 = B_SPLINE_CURVE_WITH_KNOTS('',1,(#3142,#3143),.UNSPECIFIED.,.F.,
  .F.,(2,2),(1.810486289463,2.186749240195),.PIECEWISE_BEZIER_KNOTS.);
#3142 = CARTESIAN_POINT('',(0.559863022453,0.8245));
#3143 = CARTESIAN_POINT('',(0.605717989364,1.197958337841));
#3144 = ( GEOMETRIC_REPRESENTATION_CONTEXT(2) 
PARAMETRIC_REPRESENTATION_CONTEXT() REPRESENTATION_CONTEXT('2D SPACE',''
  ) );
#3145 = ORIENTED_EDGE('',*,*,#3146,.F.);
#3146 = EDGE_CURVE('',#3147,#3121,#3149,.T.);
#3147 = VERTEX_POINT('',#3148);
#3148 = CARTESIAN_POINT('',(0.83611580143,-0.541016106808,6.151605640779
    ));
#3149 = SURFACE_CURVE('',#3150,(#3168,#3189),.PCURVE_S1.);
#3150 = B_SPLINE_CURVE_WITH_KNOTS('',6,(#3151,#3152,#3153,#3154,#3155,
    #3156,#3157,#3158,#3159,#3160,#3161,#3162,#3163,#3164,#3165,#3166,
    #3167),.UNSPECIFIED.,.F.,.F.,(7,5,5,7),(0.,0.491539518536,
    0.941616595172,1.),.UNSPECIFIED.);
#3151 = CARTESIAN_POINT('',(0.83611580143,-0.541016106808,6.151605640779
    ));
#3152 = CARTESIAN_POINT('',(0.798130281059,-0.541016106808,
    6.151605640779));
#3153 = CARTESIAN_POINT('',(0.760140438503,-0.546882603483,
    6.152325955997));
#3154 = CARTESIAN_POINT('',(0.723287110974,-0.558616742736,
    6.153766727133));
#3155 = CARTESIAN_POINT('',(0.688701638863,-0.575921029737,
    6.155891426414));
#3156 = CARTESIAN_POINT('',(0.657398678362,-0.598216903508,
    6.158629015485));
#3157 = CARTESIAN_POINT('',(0.605279217204,-0.64896338863,6.164859900378
    ));
#3158 = CARTESIAN_POINT('',(0.583797496582,-0.676738957242,
    6.168270311374));
#3159 = CARTESIAN_POINT('',(0.566373017153,-0.70742521185,6.172038109672
    ));
#3160 = CARTESIAN_POINT('',(0.553476599306,-0.740267251026,
    6.176070605031));
#3161 = CARTESIAN_POINT('',(0.545395759369,-0.774423784425,
    6.180264499987));
#3162 = CARTESIAN_POINT('',(0.541793709812,-0.813515388444,
    6.185064345421));
#3163 = CARTESIAN_POINT('',(0.541462436027,-0.818011582994,
    6.185616408695));
#3164 = CARTESIAN_POINT('',(0.541213662647,-0.822513436646,
    6.186169166819));
#3165 = CARTESIAN_POINT('',(0.54104750523,-0.827019061161,6.186722387946
    ));
#3166 = CARTESIAN_POINT('',(0.540964022004,-0.831526565893,
    6.187275839936));
#3167 = CARTESIAN_POINT('',(0.540963213868,-0.836034057796,6.18782929035
    ));
#3168 = PCURVE('',#1148,#3169);
#3169 = DEFINITIONAL_REPRESENTATION('',(#3170),#3188);
#3170 = B_SPLINE_CURVE_WITH_KNOTS('',6,(#3171,#3172,#3173,#3174,#3175,
    #3176,#3177,#3178,#3179,#3180,#3181,#3182,#3183,#3184,#3185,#3186,
    #3187),.UNSPECIFIED.,.F.,.F.,(7,5,5,7),(0.,0.491539518536,
    0.941616595172,1.),.UNSPECIFIED.);
#3171 = CARTESIAN_POINT('',(-0.83611580143,-2.448871580009));
#3172 = CARTESIAN_POINT('',(-0.798130281059,-2.448871580009));
#3173 = CARTESIAN_POINT('',(-0.760140438503,-2.454782133051));
#3174 = CARTESIAN_POINT('',(-0.723287110974,-2.466604393641));
#3175 = CARTESIAN_POINT('',(-0.688701638863,-2.484038632818));
#3176 = CARTESIAN_POINT('',(-0.657398678362,-2.506501944709));
#3177 = CARTESIAN_POINT('',(-0.605279217204,-2.557629527077));
#3178 = CARTESIAN_POINT('',(-0.583797496582,-2.585613685361));
#3179 = CARTESIAN_POINT('',(-0.566373017153,-2.616530388386));
#3180 = CARTESIAN_POINT('',(-0.553476599306,-2.649619065543));
#3181 = CARTESIAN_POINT('',(-0.545395759369,-2.684032108546));
#3182 = CARTESIAN_POINT('',(-0.541793709812,-2.723417283689));
#3183 = CARTESIAN_POINT('',(-0.541462436027,-2.727947243875));
#3184 = CARTESIAN_POINT('',(-0.541213662647,-2.732482905662));
#3185 = CARTESIAN_POINT('',(-0.54104750523,-2.73702236663));
#3186 = CARTESIAN_POINT('',(-0.540964022004,-2.741563721937));
#3187 = CARTESIAN_POINT('',(-0.540963213868,-2.746105064317));
#3188 = ( GEOMETRIC_REPRESENTATION_CONTEXT(2) 
PARAMETRIC_REPRESENTATION_CONTEXT() REPRESENTATION_CONTEXT('2D SPACE',''
  ) );
#3189 = PCURVE('',#3190,#3207);
#3190 = B_SPLINE_SURFACE_WITH_KNOTS('',7,1,(
    (#3191,#3192)
    ,(#3193,#3194)
    ,(#3195,#3196)
    ,(#3197,#3198)
    ,(#3199,#3200)
    ,(#3201,#3202)
    ,(#3203,#3204)
    ,(#3205,#3206
    )),.UNSPECIFIED.,.F.,.F.,.F.,(8,8),(2,2),(1.570796326795,
    3.14159265359),(0.,1.),.PIECEWISE_BEZIER_KNOTS.);
#3191 = CARTESIAN_POINT('',(0.55,-0.85,-1.E-03));
#3192 = CARTESIAN_POINT('',(0.5335,-0.8245,11.299));
#3193 = CARTESIAN_POINT('',(0.55,-0.782680157423,-1.E-03));
#3194 = CARTESIAN_POINT('',(0.5335,-0.7591997527,11.299));
#3195 = CARTESIAN_POINT('',(0.567624665965,-0.715360640505,-1.E-03));
#3196 = CARTESIAN_POINT('',(0.550595925987,-0.69389982129,11.299));
#3197 = CARTESIAN_POINT('',(0.602871183339,-0.653575917753,-1.E-03));
#3198 = CARTESIAN_POINT('',(0.584785047839,-0.633968640221,11.299));
#3199 = CARTESIAN_POINT('',(0.653575917753,-0.602871183339,-1.E-03));
#3200 = CARTESIAN_POINT('',(0.63396864022,-0.584785047839,11.299));
#3201 = CARTESIAN_POINT('',(0.715360640505,-0.567624665966,-1.E-03));
#3202 = CARTESIAN_POINT('',(0.69389982129,-0.550595925987,11.299));
#3203 = CARTESIAN_POINT('',(0.782680157423,-0.55,-1.E-03));
#3204 = CARTESIAN_POINT('',(0.7591997527,-0.5335,11.299));
#3205 = CARTESIAN_POINT('',(0.85,-0.55,-1.E-03));
#3206 = CARTESIAN_POINT('',(0.8245,-0.5335,11.299));
#3207 = DEFINITIONAL_REPRESENTATION('',(#3208),#3226);
#3208 = B_SPLINE_CURVE_WITH_KNOTS('',6,(#3209,#3210,#3211,#3212,#3213,
    #3214,#3215,#3216,#3217,#3218,#3219,#3220,#3221,#3222,#3223,#3224,
    #3225),.UNSPECIFIED.,.F.,.F.,(7,5,5,7),(0.,0.491539518536,
    0.941616595172,1.),.UNSPECIFIED.);
#3209 = CARTESIAN_POINT('',(3.14159265359,0.54447837529));
#3210 = CARTESIAN_POINT('',(3.012871678735,0.54447837529));
#3211 = CARTESIAN_POINT('',(2.884141395717,0.54454212));
#3212 = CARTESIAN_POINT('',(2.755427855329,0.54466962187));
#3213 = CARTESIAN_POINT('',(2.626723316888,0.544857648355));
#3214 = CARTESIAN_POINT('',(2.498018942204,0.545099912875));
#3215 = CARTESIAN_POINT('',(2.251507527025,0.545651318618));
#3216 = CARTESIAN_POINT('',(2.133682988816,0.5459531249));
#3217 = CARTESIAN_POINT('',(2.015875126051,0.546286558378));
#3218 = CARTESIAN_POINT('',(1.898075036379,0.546643416374));
#3219 = CARTESIAN_POINT('',(1.78027268657,0.547014557521));
#3220 = CARTESIAN_POINT('',(1.647197308731,0.547439322604));
#3221 = CARTESIAN_POINT('',(1.63191709907,0.547488177761));
#3222 = CARTESIAN_POINT('',(1.616636903389,0.547537094409));
#3223 = CARTESIAN_POINT('',(1.60135671431,0.547586052031));
#3224 = CARTESIAN_POINT('',(1.586076524524,0.547635030083));
#3225 = CARTESIAN_POINT('',(1.570796326795,0.547684007996));
#3226 = ( GEOMETRIC_REPRESENTATION_CONTEXT(2) 
PARAMETRIC_REPRESENTATION_CONTEXT() REPRESENTATION_CONTEXT('2D SPACE',''
  ) );
#3227 = ORIENTED_EDGE('',*,*,#3228,.F.);
#3228 = EDGE_CURVE('',#3229,#3147,#3231,.T.);
#3229 = VERTEX_POINT('',#3230);
#3230 = CARTESIAN_POINT('',(1.178390467077,-0.541016106808,
    6.151605640779));
#3231 = SURFACE_CURVE('',#3232,(#3236,#3242),.PCURVE_S1.);
#3232 = LINE('',#3233,#3234);
#3233 = CARTESIAN_POINT('',(2.904551347411E-17,-0.541016106808,
    6.151605640779));
#3234 = VECTOR('',#3235,1.);
#3235 = DIRECTION('',(-1.,0.,-0.));
#3236 = PCURVE('',#1148,#3237);
#3237 = DEFINITIONAL_REPRESENTATION('',(#3238),#3241);
#3238 = B_SPLINE_CURVE_WITH_KNOTS('',1,(#3239,#3240),.UNSPECIFIED.,.F.,
  .F.,(2,2),(-1.197958339386,-0.8245),.PIECEWISE_BEZIER_KNOTS.);
#3239 = CARTESIAN_POINT('',(-1.197958339386,-2.448871580009));
#3240 = CARTESIAN_POINT('',(-0.8245,-2.448871580009));
#3241 = ( GEOMETRIC_REPRESENTATION_CONTEXT(2) 
PARAMETRIC_REPRESENTATION_CONTEXT() REPRESENTATION_CONTEXT('2D SPACE',''
  ) );
#3242 = PCURVE('',#3243,#3248);
#3243 = PLANE('',#3244);
#3244 = AXIS2_PLACEMENT_3D('',#3245,#3246,#3247);
#3245 = CARTESIAN_POINT('',(5.809102694823E-17,-0.541782780009,
    5.626550660521));
#3246 = DIRECTION('',(-0.,-0.999998933943,1.460175434519E-03));
#3247 = DIRECTION('',(0.,-1.460175434519E-03,-0.999998933943));
#3248 = DEFINITIONAL_REPRESENTATION('',(#3249),#3252);
#3249 = B_SPLINE_CURVE_WITH_KNOTS('',1,(#3250,#3251),.UNSPECIFIED.,.F.,
  .F.,(2,2),(-1.197958339386,-0.8245),.PIECEWISE_BEZIER_KNOTS.);
#3250 = CARTESIAN_POINT('',(-0.525055539997,1.197958339386));
#3251 = CARTESIAN_POINT('',(-0.525055539997,0.8245));
#3252 = ( GEOMETRIC_REPRESENTATION_CONTEXT(2) 
PARAMETRIC_REPRESENTATION_CONTEXT() REPRESENTATION_CONTEXT('2D SPACE',''
  ) );
#3253 = ORIENTED_EDGE('',*,*,#3254,.F.);
#3254 = EDGE_CURVE('',#3255,#3229,#3257,.T.);
#3255 = VERTEX_POINT('',#3256);
#3256 = CARTESIAN_POINT('',(1.674239909218,-0.541016106808,
    6.151605640779));
#3257 = SURFACE_CURVE('',#3258,(#3269,#3283),.PCURVE_S1.);
#3258 = B_SPLINE_CURVE_WITH_KNOTS('',5,(#3259,#3260,#3261,#3262,#3263,
    #3264,#3265,#3266,#3267,#3268),.UNSPECIFIED.,.F.,.F.,(6,4,6),(0.,
    0.536641046959,1.),.UNSPECIFIED.);
#3259 = CARTESIAN_POINT('',(1.67424023391,-0.541015958079,6.151605622517
    ));
#3260 = CARTESIAN_POINT('',(1.624339526646,-0.563873461065,
    6.154412170985));
#3261 = CARTESIAN_POINT('',(1.571796558064,-0.580986289546,
    6.156513362116));
#3262 = CARTESIAN_POINT('',(1.517500725192,-0.591941723593,
    6.157858520275));
#3263 = CARTESIAN_POINT('',(1.462426684039,-0.59653992942,6.158423108958
    ));
#3264 = CARTESIAN_POINT('',(1.360180109887,-0.593320401308,
    6.158027800613));
#3265 = CARTESIAN_POINT('',(1.312952911379,-0.587112352955,
    6.157265548121));
#3266 = CARTESIAN_POINT('',(1.266506824118,-0.576207778428,
    6.155926634726));
#3267 = CARTESIAN_POINT('',(1.221461938977,-0.560753958063,
    6.154029144179));
#3268 = CARTESIAN_POINT('',(1.178390142525,-0.541015958079,
    6.151605622517));
#3269 = PCURVE('',#1148,#3270);
#3270 = DEFINITIONAL_REPRESENTATION('',(#3271),#3282);
#3271 = B_SPLINE_CURVE_WITH_KNOTS('',5,(#3272,#3273,#3274,#3275,#3276,
    #3277,#3278,#3279,#3280,#3281),.UNSPECIFIED.,.F.,.F.,(6,4,6),(0.,
    0.536641046959,1.),.UNSPECIFIED.);
#3272 = CARTESIAN_POINT('',(-1.67424023391,-2.448871430164));
#3273 = CARTESIAN_POINT('',(-1.624339526646,-2.471900589008));
#3274 = CARTESIAN_POINT('',(-1.571796558064,-2.489141931844));
#3275 = CARTESIAN_POINT('',(-1.517500725192,-2.500179639288));
#3276 = CARTESIAN_POINT('',(-1.462426684039,-2.504812376839));
#3277 = CARTESIAN_POINT('',(-1.360180109887,-2.501568670632));
#3278 = CARTESIAN_POINT('',(-1.312952911379,-2.495314000919));
#3279 = CARTESIAN_POINT('',(-1.266506824118,-2.484327534941));
#3280 = CARTESIAN_POINT('',(-1.221461938977,-2.468757659083));
#3281 = CARTESIAN_POINT('',(-1.178390142525,-2.448871430164));
#3282 = ( GEOMETRIC_REPRESENTATION_CONTEXT(2) 
PARAMETRIC_REPRESENTATION_CONTEXT() REPRESENTATION_CONTEXT('2D SPACE',''
  ) );
#3283 = PCURVE('',#3284,#3313);
#3284 = B_SPLINE_SURFACE_WITH_KNOTS('',13,1,(
    (#3285,#3286)
    ,(#3287,#3288)
    ,(#3289,#3290)
    ,(#3291,#3292)
    ,(#3293,#3294)
    ,(#3295,#3296)
    ,(#3297,#3298)
    ,(#3299,#3300)
    ,(#3301,#3302)
    ,(#3303,#3304)
    ,(#3305,#3306)
    ,(#3307,#3308)
    ,(#3309,#3310)
    ,(#3311,#3312
    )),.UNSPECIFIED.,.T.,.F.,.F.,(1,13,13,1),(2,2),(-6.28318530718,0.,
    6.28318530718,12.566370614359),(0.,1.),.UNSPECIFIED.);
#3285 = CARTESIAN_POINT('',(2.055,5.278006383383E-16,-1.E-03));
#3286 = CARTESIAN_POINT('',(1.99335,-3.625542491478E-16,11.299));
#3287 = CARTESIAN_POINT('',(2.055,0.292409777757,-9.999999999998E-04));
#3288 = CARTESIAN_POINT('',(1.99335,0.283637484424,11.299));
#3289 = CARTESIAN_POINT('',(1.90189375826,0.584819672445,
    -1.000000000001E-03));
#3290 = CARTESIAN_POINT('',(1.844836945512,0.567275082272,
    11.298999999999));
#3291 = CARTESIAN_POINT('',(1.595690389912,0.789774622555,
    -9.999999999978E-04));
#3292 = CARTESIAN_POINT('',(1.547819678216,0.766081383878,
    11.299000000002));
#3293 = CARTESIAN_POINT('',(1.191289186114,0.819830414649,
    -1.000000000004E-03));
#3294 = CARTESIAN_POINT('',(1.155550510527,0.79523550221,11.298999999997
    ));
#3295 = CARTESIAN_POINT('',(0.798765148239,0.625853548823,
    -9.999999999937E-04));
#3296 = CARTESIAN_POINT('',(0.774802193796,0.607077942359,
    11.299000000006));
#3297 = CARTESIAN_POINT('',(0.552361512336,0.235615841821,
    -1.000000000007E-03));
#3298 = CARTESIAN_POINT('',(0.53579066696,0.228547366566,11.298999999989
    ));
#3299 = CARTESIAN_POINT('',(0.552361512327,-0.235615841821,
    -9.99999999993E-04));
#3300 = CARTESIAN_POINT('',(0.535790666963,-0.228547366566,
    11.299000000015));
#3301 = CARTESIAN_POINT('',(0.798765148246,-0.625853548823,
    -1.000000000005E-03));
#3302 = CARTESIAN_POINT('',(0.774802193795,-0.607077942359,
    11.298999999984));
#3303 = CARTESIAN_POINT('',(1.191289186109,-0.81983041465,
    -9.999999999967E-04));
#3304 = CARTESIAN_POINT('',(1.155550510529,-0.79523550221,
    11.299000000012));
#3305 = CARTESIAN_POINT('',(1.595690389914,-0.789774622555,
    -1.000000000002E-03));
#3306 = CARTESIAN_POINT('',(1.547819678216,-0.766081383878,
    11.298999999993));
#3307 = CARTESIAN_POINT('',(1.901893758259,-0.584819672445,
    -9.999999999994E-04));
#3308 = CARTESIAN_POINT('',(1.844836945512,-0.567275082272,
    11.299000000003));
#3309 = CARTESIAN_POINT('',(2.055,-0.292409777757,-1.E-03));
#3310 = CARTESIAN_POINT('',(1.99335,-0.283637484424,11.298999999999));
#3311 = CARTESIAN_POINT('',(2.055,5.278006383383E-16,-1.E-03));
#3312 = CARTESIAN_POINT('',(1.99335,-3.625542491478E-16,11.299));
#3313 = DEFINITIONAL_REPRESENTATION('',(#3314),#3325);
#3314 = B_SPLINE_CURVE_WITH_KNOTS('',5,(#3315,#3316,#3317,#3318,#3319,
    #3320,#3321,#3322,#3323,#3324),.UNSPECIFIED.,.F.,.F.,(6,4,6),(0.,
    0.536641046959,1.),.UNSPECIFIED.);
#3315 = CARTESIAN_POINT('',(5.142089249408,0.544478373674));
#3316 = CARTESIAN_POINT('',(5.049877505649,0.544726740795));
#3317 = CARTESIAN_POINT('',(4.957645002027,0.544912686913));
#3318 = CARTESIAN_POINT('',(4.865406375852,0.545031727458));
#3319 = CARTESIAN_POINT('',(4.773154233254,0.545081691058));
#3320 = CARTESIAN_POINT('',(4.60125446133,0.545046708019));
#3321 = CARTESIAN_POINT('',(4.521601433097,0.544979252046));
#3322 = CARTESIAN_POINT('',(4.441956029123,0.544860764135));
#3323 = CARTESIAN_POINT('',(4.362315755918,0.544692844618));
#3324 = CARTESIAN_POINT('',(4.282688711973,0.544478373674));
#3325 = ( GEOMETRIC_REPRESENTATION_CONTEXT(2) 
PARAMETRIC_REPRESENTATION_CONTEXT() REPRESENTATION_CONTEXT('2D SPACE',''
  ) );
#3326 = ORIENTED_EDGE('',*,*,#3327,.F.);
#3327 = EDGE_CURVE('',#3328,#3255,#3330,.T.);
#3328 = VERTEX_POINT('',#3329);
#3329 = CARTESIAN_POINT('',(1.991922938701,-0.541016106808,
    6.151605640779));
#3330 = SURFACE_CURVE('',#3331,(#3335,#3341),.PCURVE_S1.);
#3331 = LINE('',#3332,#3333);
#3332 = CARTESIAN_POINT('',(2.904551347411E-17,-0.541016106808,
    6.151605640779));
#3333 = VECTOR('',#3334,1.);
#3334 = DIRECTION('',(-1.,0.,-0.));
#3335 = PCURVE('',#1148,#3336);
#3336 = DEFINITIONAL_REPRESENTATION('',(#3337),#3340);
#3337 = B_SPLINE_CURVE_WITH_KNOTS('',1,(#3338,#3339),.UNSPECIFIED.,.F.,
  .F.,(2,2),(-2.025,-1.650980405812),.PIECEWISE_BEZIER_KNOTS.);
#3338 = CARTESIAN_POINT('',(-2.025,-2.448871580009));
#3339 = CARTESIAN_POINT('',(-1.650980405812,-2.448871580009));
#3340 = ( GEOMETRIC_REPRESENTATION_CONTEXT(2) 
PARAMETRIC_REPRESENTATION_CONTEXT() REPRESENTATION_CONTEXT('2D SPACE',''
  ) );
#3341 = PCURVE('',#3342,#3347);
#3342 = PLANE('',#3343);
#3343 = AXIS2_PLACEMENT_3D('',#3344,#3345,#3346);
#3344 = CARTESIAN_POINT('',(5.809102694823E-17,-0.541782780009,
    5.626550660521));
#3345 = DIRECTION('',(-0.,-0.999998933943,1.460175434519E-03));
#3346 = DIRECTION('',(0.,-1.460175434519E-03,-0.999998933943));
#3347 = DEFINITIONAL_REPRESENTATION('',(#3348),#3351);
#3348 = B_SPLINE_CURVE_WITH_KNOTS('',1,(#3349,#3350),.UNSPECIFIED.,.F.,
  .F.,(2,2),(-2.025,-1.650980405812),.PIECEWISE_BEZIER_KNOTS.);
#3349 = CARTESIAN_POINT('',(-0.525055539997,2.025));
#3350 = CARTESIAN_POINT('',(-0.525055539997,1.650980405812));
#3351 = ( GEOMETRIC_REPRESENTATION_CONTEXT(2) 
PARAMETRIC_REPRESENTATION_CONTEXT() REPRESENTATION_CONTEXT('2D SPACE',''
  ) );
#3352 = ORIENTED_EDGE('',*,*,#3353,.F.);
#3353 = EDGE_CURVE('',#3354,#3328,#3356,.T.);
#3354 = VERTEX_POINT('',#3355);
#3355 = CARTESIAN_POINT('',(1.99215788166,-0.185097384832,6.107904316784
    ));
#3356 = SURFACE_CURVE('',#3357,(#3361,#3367),.PCURVE_S1.);
#3357 = LINE('',#3358,#3359);
#3358 = CARTESIAN_POINT('',(1.992921017599,0.970989053027,5.965954751146
    ));
#3359 = VECTOR('',#3360,1.);
#3360 = DIRECTION('',(-6.551823914001E-04,-0.992545938609,0.121869317248
    ));
#3361 = PCURVE('',#1148,#3362);
#3362 = DEFINITIONAL_REPRESENTATION('',(#3363),#3366);
#3363 = B_SPLINE_CURVE_WITH_KNOTS('',1,(#3364,#3365),.UNSPECIFIED.,.F.,
  .F.,(2,2),(1.162156216358,1.532411744244),.PIECEWISE_BEZIER_KNOTS.);
#3364 = CARTESIAN_POINT('',(-1.99215959331,-2.087667492254));
#3365 = CARTESIAN_POINT('',(-1.991917008408,-2.457922940671));
#3366 = ( GEOMETRIC_REPRESENTATION_CONTEXT(2) 
PARAMETRIC_REPRESENTATION_CONTEXT() REPRESENTATION_CONTEXT('2D SPACE',''
  ) );
#3367 = PCURVE('',#3368,#3373);
#3368 = PLANE('',#3369);
#3369 = AXIS2_PLACEMENT_3D('',#3370,#3371,#3372);
#3370 = CARTESIAN_POINT('',(1.994665471628,-1.793042846741E-17,
    5.641471944119));
#3371 = DIRECTION('',(0.999985549054,0.,5.376028504872E-03));
#3372 = DIRECTION('',(-5.376028504872E-03,0.,0.999985549054));
#3373 = DEFINITIONAL_REPRESENTATION('',(#3374),#3377);
#3374 = B_SPLINE_CURVE_WITH_KNOTS('',1,(#3375,#3376),.UNSPECIFIED.,.F.,
  .F.,(2,2),(1.162156216358,1.532411744244),.PIECEWISE_BEZIER_KNOTS.);
#3375 = CARTESIAN_POINT('',(0.466120727535,0.182504379549));
#3376 = CARTESIAN_POINT('',(0.511244168002,0.55));
#3377 = ( GEOMETRIC_REPRESENTATION_CONTEXT(2) 
PARAMETRIC_REPRESENTATION_CONTEXT() REPRESENTATION_CONTEXT('2D SPACE',''
  ) );
#3378 = ORIENTED_EDGE('',*,*,#3379,.F.);
#3379 = EDGE_CURVE('',#3380,#3354,#3382,.T.);
#3380 = VERTEX_POINT('',#3381);
#3381 = CARTESIAN_POINT('',(1.992402263266,0.185120091062,6.062447326568
    ));
#3382 = SURFACE_CURVE('',#3383,(#3394,#3408),.PCURVE_S1.);
#3383 = B_SPLINE_CURVE_WITH_KNOTS('',5,(#3384,#3385,#3386,#3387,#3388,
    #3389,#3390,#3391,#3392,#3393),.UNSPECIFIED.,.F.,.F.,(6,4,6),(0.,
    1.144011108072,2.000021989393),.UNSPECIFIED.);
#3384 = CARTESIAN_POINT('',(1.992402141802,0.185120463042,6.062447280894
    ));
#3385 = CARTESIAN_POINT('',(2.00577135388,0.144177901477,6.067474395338)
  );
#3386 = CARTESIAN_POINT('',(2.015434655836,0.102029047459,6.072649623872
    ));
#3387 = CARTESIAN_POINT('',(2.021248106816,5.912072373363E-02,
    6.077918103559));
#3388 = CARTESIAN_POINT('',(2.023149305106,1.592326675711E-02,
    6.083222084346));
#3389 = CARTESIAN_POINT('',(2.019671717093,-5.928471099326E-02,
    6.092456462871));
#3390 = CARTESIAN_POINT('',(2.016005092898,-9.137430248827E-02,
    6.096396569272));
#3391 = CARTESIAN_POINT('',(2.01016953861,-0.123167264208,6.100300254117
    ));
#3392 = CARTESIAN_POINT('',(2.002200135032,-0.154471061264,
    6.104143877093));
#3393 = CARTESIAN_POINT('',(1.992157759719,-0.18509775672,6.107904362446
    ));
#3394 = PCURVE('',#1148,#3395);
#3395 = DEFINITIONAL_REPRESENTATION('',(#3396),#3407);
#3396 = B_SPLINE_CURVE_WITH_KNOTS('',5,(#3397,#3398,#3399,#3400,#3401,
    #3402,#3403,#3404,#3405,#3406),.UNSPECIFIED.,.F.,.F.,(6,4,6),(0.,
    1.144011108072,2.000021989393),.UNSPECIFIED.);
#3397 = CARTESIAN_POINT('',(-1.992402141802,-1.71728185126));
#3398 = CARTESIAN_POINT('',(-2.00577135388,-1.758531884317));
#3399 = CARTESIAN_POINT('',(-2.015434655836,-1.800997268871));
#3400 = CARTESIAN_POINT('',(-2.021248106816,-1.844227826619));
#3401 = CARTESIAN_POINT('',(-2.023149305106,-1.887749688958));
#3402 = CARTESIAN_POINT('',(-2.019671717093,-1.963522465494));
#3403 = CARTESIAN_POINT('',(-2.016005092898,-1.995853044221));
#3404 = CARTESIAN_POINT('',(-2.01016953861,-2.027884765534));
#3405 = CARTESIAN_POINT('',(-2.002200135032,-2.059423648642));
#3406 = CARTESIAN_POINT('',(-1.992157759719,-2.090280345235));
#3407 = ( GEOMETRIC_REPRESENTATION_CONTEXT(2) 
PARAMETRIC_REPRESENTATION_CONTEXT() REPRESENTATION_CONTEXT('2D SPACE',''
  ) );
#3408 = PCURVE('',#3409,#3438);
#3409 = B_SPLINE_SURFACE_WITH_KNOTS('',13,1,(
    (#3410,#3411)
    ,(#3412,#3413)
    ,(#3414,#3415)
    ,(#3416,#3417)
    ,(#3418,#3419)
    ,(#3420,#3421)
    ,(#3422,#3423)
    ,(#3424,#3425)
    ,(#3426,#3427)
    ,(#3428,#3429)
    ,(#3430,#3431)
    ,(#3432,#3433)
    ,(#3434,#3435)
    ,(#3436,#3437
    )),.UNSPECIFIED.,.T.,.F.,.F.,(1,13,13,1),(2,2),(-6.28318530718,0.,
    6.28318530718,12.566370614359),(0.,1.),.UNSPECIFIED.);
#3410 = CARTESIAN_POINT('',(2.055,5.278006383383E-16,-1.E-03));
#3411 = CARTESIAN_POINT('',(1.99335,-3.625542491478E-16,11.299));
#3412 = CARTESIAN_POINT('',(2.055,0.292409777757,-9.999999999998E-04));
#3413 = CARTESIAN_POINT('',(1.99335,0.283637484424,11.299));
#3414 = CARTESIAN_POINT('',(1.90189375826,0.584819672445,
    -1.000000000001E-03));
#3415 = CARTESIAN_POINT('',(1.844836945512,0.567275082272,
    11.298999999999));
#3416 = CARTESIAN_POINT('',(1.595690389912,0.789774622555,
    -9.999999999978E-04));
#3417 = CARTESIAN_POINT('',(1.547819678216,0.766081383878,
    11.299000000002));
#3418 = CARTESIAN_POINT('',(1.191289186114,0.819830414649,
    -1.000000000004E-03));
#3419 = CARTESIAN_POINT('',(1.155550510527,0.79523550221,11.298999999997
    ));
#3420 = CARTESIAN_POINT('',(0.798765148239,0.625853548823,
    -9.999999999937E-04));
#3421 = CARTESIAN_POINT('',(0.774802193796,0.607077942359,
    11.299000000006));
#3422 = CARTESIAN_POINT('',(0.552361512336,0.235615841821,
    -1.000000000007E-03));
#3423 = CARTESIAN_POINT('',(0.53579066696,0.228547366566,11.298999999989
    ));
#3424 = CARTESIAN_POINT('',(0.552361512327,-0.235615841821,
    -9.99999999993E-04));
#3425 = CARTESIAN_POINT('',(0.535790666963,-0.228547366566,
    11.299000000015));
#3426 = CARTESIAN_POINT('',(0.798765148246,-0.625853548823,
    -1.000000000005E-03));
#3427 = CARTESIAN_POINT('',(0.774802193795,-0.607077942359,
    11.298999999984));
#3428 = CARTESIAN_POINT('',(1.191289186109,-0.81983041465,
    -9.999999999967E-04));
#3429 = CARTESIAN_POINT('',(1.155550510529,-0.79523550221,
    11.299000000012));
#3430 = CARTESIAN_POINT('',(1.595690389914,-0.789774622555,
    -1.000000000002E-03));
#3431 = CARTESIAN_POINT('',(1.547819678216,-0.766081383878,
    11.298999999993));
#3432 = CARTESIAN_POINT('',(1.901893758259,-0.584819672445,
    -9.999999999994E-04));
#3433 = CARTESIAN_POINT('',(1.844836945512,-0.567275082272,
    11.299000000003));
#3434 = CARTESIAN_POINT('',(2.055,-0.292409777757,-1.E-03));
#3435 = CARTESIAN_POINT('',(1.99335,-0.283637484424,11.298999999999));
#3436 = CARTESIAN_POINT('',(2.055,5.278006383383E-16,-1.E-03));
#3437 = CARTESIAN_POINT('',(1.99335,-3.625542491478E-16,11.299));
#3438 = DEFINITIONAL_REPRESENTATION('',(#3439),#3465);
#3439 = B_SPLINE_CURVE_WITH_KNOTS('',3,(#3440,#3441,#3442,#3443,#3444,
    #3445,#3446,#3447,#3448,#3449,#3450,#3451,#3452,#3453,#3454,#3455,
    #3456,#3457,#3458,#3459,#3460,#3461,#3462,#3463,#3464),
  .UNSPECIFIED.,.F.,.F.,(4,1,1,1,1,1,1,1,1,1,1,1,1,1,1,1,1,1,1,1,1,1,4),
  (0.,9.091009042694E-02,0.181820180854,0.272730271281,0.363640361708,
    0.454550452135,0.545460542562,0.636370632989,0.727280723416,
    0.818190813842,0.909100904269,1.000010994696,1.090921085123,
    1.18183117555,1.272741265977,1.363651356404,1.454561446831,
    1.545471537258,1.636381627685,1.727291718112,1.818201808539,
    1.909111898966,2.000021989393),.QUASI_UNIFORM_KNOTS.);
#3440 = CARTESIAN_POINT('',(6.599420287995,0.536588254946));
#3441 = CARTESIAN_POINT('',(6.589836012729,0.536647175966));
#3442 = CARTESIAN_POINT('',(6.570667777457,0.536765570166));
#3443 = CARTESIAN_POINT('',(6.541916317545,0.536944669963));
#3444 = CARTESIAN_POINT('',(6.51316570309,0.537125130677));
#3445 = CARTESIAN_POINT('',(6.484415868204,0.537306803316));
#3446 = CARTESIAN_POINT('',(6.455666738142,0.537489538098));
#3447 = CARTESIAN_POINT('',(6.426918229652,0.537673184421));
#3448 = CARTESIAN_POINT('',(6.398170253586,0.537857591012));
#3449 = CARTESIAN_POINT('',(6.36942271674,0.538042606018));
#3450 = CARTESIAN_POINT('',(6.340675524001,0.538228077124));
#3451 = CARTESIAN_POINT('',(6.311928579813,0.538413851657));
#3452 = CARTESIAN_POINT('',(6.283181792195,0.538599776687));
#3453 = CARTESIAN_POINT('',(6.254435067735,0.53878569918));
#3454 = CARTESIAN_POINT('',(6.225688344659,0.538971465914));
#3455 = CARTESIAN_POINT('',(6.196941388827,0.539156924896));
#3456 = CARTESIAN_POINT('',(6.168194228266,0.539341922702));
#3457 = CARTESIAN_POINT('',(6.139446798819,0.539526306879));
#3458 = CARTESIAN_POINT('',(6.110699002547,0.539709925687));
#3459 = CARTESIAN_POINT('',(6.081950715998,0.539892628164));
#3460 = CARTESIAN_POINT('',(6.053201811615,0.540074264102));
#3461 = CARTESIAN_POINT('',(6.024452178378,0.540254684078));
#3462 = CARTESIAN_POINT('',(5.995701732575,0.540433739357));
#3463 = CARTESIAN_POINT('',(5.976534222626,0.540552101288));
#3464 = CARTESIAN_POINT('',(5.966950326364,0.540611005526));
#3465 = ( GEOMETRIC_REPRESENTATION_CONTEXT(2) 
PARAMETRIC_REPRESENTATION_CONTEXT() REPRESENTATION_CONTEXT('2D SPACE',''
  ) );
#3466 = ORIENTED_EDGE('',*,*,#3467,.F.);
#3467 = EDGE_CURVE('',#3468,#3380,#3470,.T.);
#3468 = VERTEX_POINT('',#3469);
#3469 = CARTESIAN_POINT('',(1.992637319316,0.541210136111,6.018724966745
    ));
#3470 = SURFACE_CURVE('',#3471,(#3475,#3481),.PCURVE_S1.);
#3471 = LINE('',#3472,#3473);
#3472 = CARTESIAN_POINT('',(1.992921017599,0.970989053027,5.965954751146
    ));
#3473 = VECTOR('',#3474,1.);
#3474 = DIRECTION('',(-6.551823914001E-04,-0.992545938609,0.121869317248
    ));
#3475 = PCURVE('',#1148,#3476);
#3476 = DEFINITIONAL_REPRESENTATION('',(#3477),#3480);
#3477 = B_SPLINE_CURVE_WITH_KNOTS('',1,(#3478,#3479),.UNSPECIFIED.,.F.,
  .F.,(2,2),(0.424150698371,0.794406226258),.PIECEWISE_BEZIER_KNOTS.);
#3478 = CARTESIAN_POINT('',(-1.99264312153,-1.349662132667));
#3479 = CARTESIAN_POINT('',(-1.992400536628,-1.719917581084));
#3480 = ( GEOMETRIC_REPRESENTATION_CONTEXT(2) 
PARAMETRIC_REPRESENTATION_CONTEXT() REPRESENTATION_CONTEXT('2D SPACE',''
  ) );
#3481 = PCURVE('',#3482,#3487);
#3482 = PLANE('',#3483);
#3483 = AXIS2_PLACEMENT_3D('',#3484,#3485,#3486);
#3484 = CARTESIAN_POINT('',(1.994665471628,-1.793042846741E-17,
    5.641471944119));
#3485 = DIRECTION('',(0.999985549054,0.,5.376028504872E-03));
#3486 = DIRECTION('',(-5.376028504872E-03,0.,0.999985549054));
#3487 = DEFINITIONAL_REPRESENTATION('',(#3488),#3491);
#3488 = B_SPLINE_CURVE_WITH_KNOTS('',1,(#3489,#3490),.UNSPECIFIED.,.F.,
  .F.,(2,2),(0.424150698371,0.794406226258),.PIECEWISE_BEZIER_KNOTS.);
#3489 = CARTESIAN_POINT('',(0.376179199192,-0.55));
#3490 = CARTESIAN_POINT('',(0.42130263966,-0.182504379549));
#3491 = ( GEOMETRIC_REPRESENTATION_CONTEXT(2) 
PARAMETRIC_REPRESENTATION_CONTEXT() REPRESENTATION_CONTEXT('2D SPACE',''
  ) );
#3492 = ORIENTED_EDGE('',*,*,#3493,.F.);
#3493 = EDGE_CURVE('',#3494,#3468,#3496,.T.);
#3494 = VERTEX_POINT('',#3495);
#3495 = CARTESIAN_POINT('',(1.674840356411,0.541210136111,6.018724966745
    ));
#3496 = SURFACE_CURVE('',#3497,(#3501,#3507),.PCURVE_S1.);
#3497 = LINE('',#3498,#3499);
#3498 = CARTESIAN_POINT('',(2.904551347411E-17,0.541210136111,
    6.018724966745));
#3499 = VECTOR('',#3500,1.);
#3500 = DIRECTION('',(1.,-0.,0.));
#3501 = PCURVE('',#1148,#3502);
#3502 = DEFINITIONAL_REPRESENTATION('',(#3503),#3506);
#3503 = B_SPLINE_CURVE_WITH_KNOTS('',1,(#3504,#3505),.UNSPECIFIED.,.F.,
  .F.,(2,2),(1.650980405812,2.025),.PIECEWISE_BEZIER_KNOTS.);
#3504 = CARTESIAN_POINT('',(-1.650980405812,-1.3585180069));
#3505 = CARTESIAN_POINT('',(-2.025,-1.3585180069));
#3506 = ( GEOMETRIC_REPRESENTATION_CONTEXT(2) 
PARAMETRIC_REPRESENTATION_CONTEXT() REPRESENTATION_CONTEXT('2D SPACE',''
  ) );
#3507 = PCURVE('',#3508,#3513);
#3508 = PLANE('',#3509);
#3509 = AXIS2_PLACEMENT_3D('',#3510,#3511,#3512);
#3510 = CARTESIAN_POINT('',(5.809102694823E-17,0.541782780009,
    5.626550660521));
#3511 = DIRECTION('',(0.,0.999998933943,1.460175434519E-03));
#3512 = DIRECTION('',(0.,-1.460175434519E-03,0.999998933943));
#3513 = DEFINITIONAL_REPRESENTATION('',(#3514),#3517);
#3514 = B_SPLINE_CURVE_WITH_KNOTS('',1,(#3515,#3516),.UNSPECIFIED.,.F.,
  .F.,(2,2),(1.650980405812,2.025),.PIECEWISE_BEZIER_KNOTS.);
#3515 = CARTESIAN_POINT('',(0.392174724305,1.650980405812));
#3516 = CARTESIAN_POINT('',(0.392174724305,2.025));
#3517 = ( GEOMETRIC_REPRESENTATION_CONTEXT(2) 
PARAMETRIC_REPRESENTATION_CONTEXT() REPRESENTATION_CONTEXT('2D SPACE',''
  ) );
#3518 = ORIENTED_EDGE('',*,*,#3519,.F.);
#3519 = EDGE_CURVE('',#3520,#3494,#3522,.T.);
#3520 = VERTEX_POINT('',#3521);
#3521 = CARTESIAN_POINT('',(1.17881308348,0.541210136111,6.018724966745)
  );
#3522 = SURFACE_CURVE('',#3523,(#3534,#3548),.PCURVE_S1.);
#3523 = B_SPLINE_CURVE_WITH_KNOTS('',5,(#3524,#3525,#3526,#3527,#3528,
    #3529,#3530,#3531,#3532,#3533),.UNSPECIFIED.,.F.,.F.,(6,4,6),(0.,
    0.500012507204,1.),.UNSPECIFIED.);
#3524 = CARTESIAN_POINT('',(1.178812758695,0.541209987276,6.018724985019
    ));
#3525 = CARTESIAN_POINT('',(1.225320954286,0.562522759281,6.016108105667
    ));
#3526 = CARTESIAN_POINT('',(1.27412580213,0.578845189609,6.014103963226)
  );
#3527 = CARTESIAN_POINT('',(1.32450765121,0.589842928256,6.012753610716)
  );
#3528 = CARTESIAN_POINT('',(1.375681709551,0.595341824582,6.012078431145
    ));
#3529 = CARTESIAN_POINT('',(1.478020359547,0.59534182435,6.012078431173)
  );
#3530 = CARTESIAN_POINT('',(1.529188026897,0.589843478428,6.012753543163
    ));
#3531 = CARTESIAN_POINT('',(1.579559760097,0.578846248779,6.014103833177
    ));
#3532 = CARTESIAN_POINT('',(1.628350605654,0.562523689963,6.016107991394
    ));
#3533 = CARTESIAN_POINT('',(1.674840681054,0.541209987276,6.018724985019
    ));
#3534 = PCURVE('',#1148,#3535);
#3535 = DEFINITIONAL_REPRESENTATION('',(#3536),#3547);
#3536 = B_SPLINE_CURVE_WITH_KNOTS('',5,(#3537,#3538,#3539,#3540,#3541,
    #3542,#3543,#3544,#3545,#3546),.UNSPECIFIED.,.F.,.F.,(6,4,6),(0.,
    0.500012507204,1.),.UNSPECIFIED.);
#3537 = CARTESIAN_POINT('',(-1.178812758695,-1.358518156853));
#3538 = CARTESIAN_POINT('',(-1.225320954286,-1.337045329649));
#3539 = CARTESIAN_POINT('',(-1.27412580213,-1.320600320718));
#3540 = CARTESIAN_POINT('',(-1.32450765121,-1.309519990973));
#3541 = CARTESIAN_POINT('',(-1.375681709551,-1.303979798897));
#3542 = CARTESIAN_POINT('',(-1.478020359547,-1.30397979913));
#3543 = CARTESIAN_POINT('',(-1.529188026897,-1.30951943667));
#3544 = CARTESIAN_POINT('',(-1.579559760097,-1.320599253594));
#3545 = CARTESIAN_POINT('',(-1.628350605654,-1.337044391978));
#3546 = CARTESIAN_POINT('',(-1.674840681054,-1.358518156853));
#3547 = ( GEOMETRIC_REPRESENTATION_CONTEXT(2) 
PARAMETRIC_REPRESENTATION_CONTEXT() REPRESENTATION_CONTEXT('2D SPACE',''
  ) );
#3548 = PCURVE('',#3549,#3578);
#3549 = B_SPLINE_SURFACE_WITH_KNOTS('',13,1,(
    (#3550,#3551)
    ,(#3552,#3553)
    ,(#3554,#3555)
    ,(#3556,#3557)
    ,(#3558,#3559)
    ,(#3560,#3561)
    ,(#3562,#3563)
    ,(#3564,#3565)
    ,(#3566,#3567)
    ,(#3568,#3569)
    ,(#3570,#3571)
    ,(#3572,#3573)
    ,(#3574,#3575)
    ,(#3576,#3577
    )),.UNSPECIFIED.,.T.,.F.,.F.,(1,13,13,1),(2,2),(-6.28318530718,0.,
    6.28318530718,12.566370614359),(0.,1.),.UNSPECIFIED.);
#3550 = CARTESIAN_POINT('',(2.055,5.278006383383E-16,-1.E-03));
#3551 = CARTESIAN_POINT('',(1.99335,-3.625542491478E-16,11.299));
#3552 = CARTESIAN_POINT('',(2.055,0.292409777757,-9.999999999998E-04));
#3553 = CARTESIAN_POINT('',(1.99335,0.283637484424,11.299));
#3554 = CARTESIAN_POINT('',(1.90189375826,0.584819672445,
    -1.000000000001E-03));
#3555 = CARTESIAN_POINT('',(1.844836945512,0.567275082272,
    11.298999999999));
#3556 = CARTESIAN_POINT('',(1.595690389912,0.789774622555,
    -9.999999999978E-04));
#3557 = CARTESIAN_POINT('',(1.547819678216,0.766081383878,
    11.299000000002));
#3558 = CARTESIAN_POINT('',(1.191289186114,0.819830414649,
    -1.000000000004E-03));
#3559 = CARTESIAN_POINT('',(1.155550510527,0.79523550221,11.298999999997
    ));
#3560 = CARTESIAN_POINT('',(0.798765148239,0.625853548823,
    -9.999999999937E-04));
#3561 = CARTESIAN_POINT('',(0.774802193796,0.607077942359,
    11.299000000006));
#3562 = CARTESIAN_POINT('',(0.552361512336,0.235615841821,
    -1.000000000007E-03));
#3563 = CARTESIAN_POINT('',(0.53579066696,0.228547366566,11.298999999989
    ));
#3564 = CARTESIAN_POINT('',(0.552361512327,-0.235615841821,
    -9.99999999993E-04));
#3565 = CARTESIAN_POINT('',(0.535790666963,-0.228547366566,
    11.299000000015));
#3566 = CARTESIAN_POINT('',(0.798765148246,-0.625853548823,
    -1.000000000005E-03));
#3567 = CARTESIAN_POINT('',(0.774802193795,-0.607077942359,
    11.298999999984));
#3568 = CARTESIAN_POINT('',(1.191289186109,-0.81983041465,
    -9.999999999967E-04));
#3569 = CARTESIAN_POINT('',(1.155550510529,-0.79523550221,
    11.299000000012));
#3570 = CARTESIAN_POINT('',(1.595690389914,-0.789774622555,
    -1.000000000002E-03));
#3571 = CARTESIAN_POINT('',(1.547819678216,-0.766081383878,
    11.298999999993));
#3572 = CARTESIAN_POINT('',(1.901893758259,-0.584819672445,
    -9.999999999994E-04));
#3573 = CARTESIAN_POINT('',(1.844836945512,-0.567275082272,
    11.299000000003));
#3574 = CARTESIAN_POINT('',(2.055,-0.292409777757,-1.E-03));
#3575 = CARTESIAN_POINT('',(1.99335,-0.283637484424,11.298999999999));
#3576 = CARTESIAN_POINT('',(2.055,5.278006383383E-16,-1.E-03));
#3577 = CARTESIAN_POINT('',(1.99335,-3.625542491478E-16,11.299));
#3578 = DEFINITIONAL_REPRESENTATION('',(#3579),#3590);
#3579 = B_SPLINE_CURVE_WITH_KNOTS('',5,(#3580,#3581,#3582,#3583,#3584,
    #3585,#3586,#3587,#3588,#3589),.UNSPECIFIED.,.F.,.F.,(6,4,6),(0.,
    0.500012507204,1.),.UNSPECIFIED.);
#3580 = CARTESIAN_POINT('',(2.000496595206,0.532719025223));
#3581 = CARTESIAN_POINT('',(1.914578243939,0.532487442979));
#3582 = CARTESIAN_POINT('',(1.828642848322,0.532310085241));
#3583 = CARTESIAN_POINT('',(1.742701030019,0.532190585019));
#3584 = CARTESIAN_POINT('',(1.656747968052,0.532130834615));
#3585 = CARTESIAN_POINT('',(1.484848981762,0.532130834617));
#3586 = CARTESIAN_POINT('',(1.398897916337,0.532190579041));
#3587 = CARTESIAN_POINT('',(1.312955830702,0.532310073732));
#3588 = CARTESIAN_POINT('',(1.227018161002,0.532487432867));
#3589 = CARTESIAN_POINT('',(1.141096057772,0.532719025223));
#3590 = ( GEOMETRIC_REPRESENTATION_CONTEXT(2) 
PARAMETRIC_REPRESENTATION_CONTEXT() REPRESENTATION_CONTEXT('2D SPACE',''
  ) );
#3591 = ORIENTED_EDGE('',*,*,#3592,.F.);
#3592 = EDGE_CURVE('',#3593,#3520,#3595,.T.);
#3593 = VERTEX_POINT('',#3594);
#3594 = CARTESIAN_POINT('',(0.836415664898,0.541210136111,6.018724966745
    ));
#3595 = SURFACE_CURVE('',#3596,(#3600,#3606),.PCURVE_S1.);
#3596 = LINE('',#3597,#3598);
#3597 = CARTESIAN_POINT('',(2.904551347411E-17,0.541210136111,
    6.018724966745));
#3598 = VECTOR('',#3599,1.);
#3599 = DIRECTION('',(1.,-0.,0.));
#3600 = PCURVE('',#1148,#3601);
#3601 = DEFINITIONAL_REPRESENTATION('',(#3602),#3605);
#3602 = B_SPLINE_CURVE_WITH_KNOTS('',1,(#3603,#3604),.UNSPECIFIED.,.F.,
  .F.,(2,2),(0.8245,1.197958339386),.PIECEWISE_BEZIER_KNOTS.);
#3603 = CARTESIAN_POINT('',(-0.8245,-1.3585180069));
#3604 = CARTESIAN_POINT('',(-1.197958339386,-1.3585180069));
#3605 = ( GEOMETRIC_REPRESENTATION_CONTEXT(2) 
PARAMETRIC_REPRESENTATION_CONTEXT() REPRESENTATION_CONTEXT('2D SPACE',''
  ) );
#3606 = PCURVE('',#3607,#3612);
#3607 = PLANE('',#3608);
#3608 = AXIS2_PLACEMENT_3D('',#3609,#3610,#3611);
#3609 = CARTESIAN_POINT('',(5.809102694823E-17,0.541782780009,
    5.626550660521));
#3610 = DIRECTION('',(0.,0.999998933943,1.460175434519E-03));
#3611 = DIRECTION('',(0.,-1.460175434519E-03,0.999998933943));
#3612 = DEFINITIONAL_REPRESENTATION('',(#3613),#3616);
#3613 = B_SPLINE_CURVE_WITH_KNOTS('',1,(#3614,#3615),.UNSPECIFIED.,.F.,
  .F.,(2,2),(0.8245,1.197958339386),.PIECEWISE_BEZIER_KNOTS.);
#3614 = CARTESIAN_POINT('',(0.392174724305,0.8245));
#3615 = CARTESIAN_POINT('',(0.392174724305,1.197958339386));
#3616 = ( GEOMETRIC_REPRESENTATION_CONTEXT(2) 
PARAMETRIC_REPRESENTATION_CONTEXT() REPRESENTATION_CONTEXT('2D SPACE',''
  ) );
#3617 = ORIENTED_EDGE('',*,*,#3618,.F.);
#3618 = EDGE_CURVE('',#3619,#3593,#3621,.T.);
#3619 = VERTEX_POINT('',#3620);
#3620 = CARTESIAN_POINT('',(0.541263077349,0.836497483176,5.982468239495
    ));
#3621 = SURFACE_CURVE('',#3622,(#3635,#3651),.PCURVE_S1.);
#3622 = B_SPLINE_CURVE_WITH_KNOTS('',6,(#3623,#3624,#3625,#3626,#3627,
    #3628,#3629,#3630,#3631,#3632,#3633,#3634),.UNSPECIFIED.,.F.,.F.,(7,
    5,7),(0.,0.504101794382,1.),.UNSPECIFIED.);
#3623 = CARTESIAN_POINT('',(0.541263077349,0.836497483176,5.982468239495
    ));
#3624 = CARTESIAN_POINT('',(0.541256092264,0.79753716561,5.98725196498)
  );
#3625 = CARTESIAN_POINT('',(0.547415440762,0.758574887264,5.992035931219
    ));
#3626 = CARTESIAN_POINT('',(0.559742367943,0.720836245774,5.996669653743
    ));
#3627 = CARTESIAN_POINT('',(0.577912169003,0.685536857336,6.001003873652
    ));
#3628 = CARTESIAN_POINT('',(0.601291585809,0.653764967209,6.004904971231
    ));
#3629 = CARTESIAN_POINT('',(0.656271914324,0.599448787014,6.011574159566
    ));
#3630 = CARTESIAN_POINT('',(0.687737108972,0.576758531036,6.014360172683
    ));
#3631 = CARTESIAN_POINT('',(0.722573427664,0.559137717905,6.016523736486
    ));
#3632 = CARTESIAN_POINT('',(0.759741280948,0.547185533482,6.017991280202
    ));
#3633 = CARTESIAN_POINT('',(0.798079199446,0.541210136111,6.018724966745
    ));
#3634 = CARTESIAN_POINT('',(0.836415664898,0.541210136111,6.018724966745
    ));
#3635 = PCURVE('',#1148,#3636);
#3636 = DEFINITIONAL_REPRESENTATION('',(#3637),#3650);
#3637 = B_SPLINE_CURVE_WITH_KNOTS('',6,(#3638,#3639,#3640,#3641,#3642,
    #3643,#3644,#3645,#3646,#3647,#3648,#3649),.UNSPECIFIED.,.F.,.F.,(7,
    5,7),(0.,0.504101794382,1.),.UNSPECIFIED.);
#3638 = CARTESIAN_POINT('',(-0.541263077349,-1.061013103397));
#3639 = CARTESIAN_POINT('',(-0.541256092264,-1.100266006149));
#3640 = CARTESIAN_POINT('',(-0.547415440762,-1.139520884404));
#3641 = CARTESIAN_POINT('',(-0.559742367943,-1.177542936505));
#3642 = CARTESIAN_POINT('',(-0.577912169003,-1.213107417189));
#3643 = CARTESIAN_POINT('',(-0.601291585809,-1.245117908665));
#3644 = CARTESIAN_POINT('',(-0.656271914324,-1.299841993894));
#3645 = CARTESIAN_POINT('',(-0.687737108972,-1.322702649733));
#3646 = CARTESIAN_POINT('',(-0.722573427664,-1.340455792096));
#3647 = CARTESIAN_POINT('',(-0.759741280948,-1.352497735337));
#3648 = CARTESIAN_POINT('',(-0.798079199446,-1.3585180069));
#3649 = CARTESIAN_POINT('',(-0.836415664898,-1.3585180069));
#3650 = ( GEOMETRIC_REPRESENTATION_CONTEXT(2) 
PARAMETRIC_REPRESENTATION_CONTEXT() REPRESENTATION_CONTEXT('2D SPACE',''
  ) );
#3651 = PCURVE('',#3652,#3669);
#3652 = B_SPLINE_SURFACE_WITH_KNOTS('',7,1,(
    (#3653,#3654)
    ,(#3655,#3656)
    ,(#3657,#3658)
    ,(#3659,#3660)
    ,(#3661,#3662)
    ,(#3663,#3664)
    ,(#3665,#3666)
    ,(#3667,#3668
    )),.UNSPECIFIED.,.F.,.F.,.F.,(8,8),(2,2),(1.570796326795,
    3.14159265359),(0.,1.),.PIECEWISE_BEZIER_KNOTS.);
#3653 = CARTESIAN_POINT('',(0.85,0.55,-1.E-03));
#3654 = CARTESIAN_POINT('',(0.8245,0.5335,11.299));
#3655 = CARTESIAN_POINT('',(0.782680157423,0.55,-1.E-03));
#3656 = CARTESIAN_POINT('',(0.7591997527,0.5335,11.299));
#3657 = CARTESIAN_POINT('',(0.715360640505,0.567624665965,-1.E-03));
#3658 = CARTESIAN_POINT('',(0.69389982129,0.550595925987,11.299));
#3659 = CARTESIAN_POINT('',(0.653575917753,0.602871183339,-1.E-03));
#3660 = CARTESIAN_POINT('',(0.633968640221,0.584785047839,11.299));
#3661 = CARTESIAN_POINT('',(0.602871183339,0.653575917753,-1.E-03));
#3662 = CARTESIAN_POINT('',(0.584785047839,0.633968640221,11.299));
#3663 = CARTESIAN_POINT('',(0.567624665966,0.715360640505,-1.E-03));
#3664 = CARTESIAN_POINT('',(0.550595925987,0.69389982129,11.299));
#3665 = CARTESIAN_POINT('',(0.55,0.782680157423,-1.E-03));
#3666 = CARTESIAN_POINT('',(0.5335,0.7591997527,11.299));
#3667 = CARTESIAN_POINT('',(0.55,0.85,-1.E-03));
#3668 = CARTESIAN_POINT('',(0.5335,0.8245,11.299));
#3669 = DEFINITIONAL_REPRESENTATION('',(#3670),#3683);
#3670 = B_SPLINE_CURVE_WITH_KNOTS('',6,(#3671,#3672,#3673,#3674,#3675,
    #3676,#3677,#3678,#3679,#3680,#3681,#3682),.UNSPECIFIED.,.F.,.F.,(7,
    5,7),(0.,0.504101794382,1.),.UNSPECIFIED.);
#3671 = CARTESIAN_POINT('',(3.14159265359,0.529510463672));
#3672 = CARTESIAN_POINT('',(3.009665203181,0.529933802211));
#3673 = CARTESIAN_POINT('',(2.877726878826,0.530357162055));
#3674 = CARTESIAN_POINT('',(2.745794777956,0.530767225995));
#3675 = CARTESIAN_POINT('',(2.613851919515,0.531150785279));
#3676 = CARTESIAN_POINT('',(2.48188323176,0.531496015153));
#3677 = CARTESIAN_POINT('',(2.220087042199,0.532086208811));
#3678 = CARTESIAN_POINT('',(2.090239642707,0.532332758645));
#3679 = CARTESIAN_POINT('',(1.960391658383,0.532524224468));
#3680 = CARTESIAN_POINT('',(1.830534307128,0.532654095593));
#3681 = CARTESIAN_POINT('',(1.700659969963,0.532719023606));
#3682 = CARTESIAN_POINT('',(1.570796326795,0.532719023606));
#3683 = ( GEOMETRIC_REPRESENTATION_CONTEXT(2) 
PARAMETRIC_REPRESENTATION_CONTEXT() REPRESENTATION_CONTEXT('2D SPACE',''
  ) );
#3684 = ORIENTED_EDGE('',*,*,#3685,.F.);
#3685 = EDGE_CURVE('',#3686,#3619,#3688,.T.);
#3686 = VERTEX_POINT('',#3687);
#3687 = CARTESIAN_POINT('',(0.541324494809,1.179062167335,5.94040658517)
  );
#3688 = SURFACE_CURVE('',#3689,(#3693,#3699),.PCURVE_S1.);
#3689 = LINE('',#3690,#3691);
#3690 = CARTESIAN_POINT('',(0.541287459276,0.972491170754,5.96577031428)
  );
#3691 = VECTOR('',#3692,1.);
#3692 = DIRECTION('',(-1.779508083493E-04,-0.992546135926,0.121869341476
    ));
#3693 = PCURVE('',#1148,#3694);
#3694 = DEFINITIONAL_REPRESENTATION('',(#3695),#3698);
#3695 = B_SPLINE_CURVE_WITH_KNOTS('',1,(#3696,#3697),.UNSPECIFIED.,.F.,
  .F.,(2,2),(-0.227160389755,0.149102560976),.PIECEWISE_BEZIER_KNOTS.);
#3696 = CARTESIAN_POINT('',(-0.541327882651,-0.696837740804));
#3697 = CARTESIAN_POINT('',(-0.541260926354,-1.073100685578));
#3698 = ( GEOMETRIC_REPRESENTATION_CONTEXT(2) 
PARAMETRIC_REPRESENTATION_CONTEXT() REPRESENTATION_CONTEXT('2D SPACE',''
  ) );
#3699 = PCURVE('',#3700,#3705);
#3700 = PLANE('',#3701);
#3701 = AXIS2_PLACEMENT_3D('',#3702,#3703,#3704);
#3702 = CARTESIAN_POINT('',(0.541782780009,5.809102694823E-17,
    5.626550660521));
#3703 = DIRECTION('',(0.999998933943,0.,1.460175434519E-03));
#3704 = DIRECTION('',(-1.460175434519E-03,0.,0.999998933943));
#3705 = DEFINITIONAL_REPRESENTATION('',(#3706),#3709);
#3706 = B_SPLINE_CURVE_WITH_KNOTS('',1,(#3707,#3708),.UNSPECIFIED.,.F.,
  .F.,(2,2),(-0.227160389755,0.149102560976),.PIECEWISE_BEZIER_KNOTS.);
#3707 = CARTESIAN_POINT('',(0.311536098766,-1.197958337841));
#3708 = CARTESIAN_POINT('',(0.357391065677,-0.8245));
#3709 = ( GEOMETRIC_REPRESENTATION_CONTEXT(2) 
PARAMETRIC_REPRESENTATION_CONTEXT() REPRESENTATION_CONTEXT('2D SPACE',''
  ) );
#3710 = ORIENTED_EDGE('',*,*,#3711,.F.);
#3711 = EDGE_CURVE('',#3712,#3686,#3714,.T.);
#3712 = VERTEX_POINT('',#3713);
#3713 = CARTESIAN_POINT('',(0.541413494318,1.675469679607,5.879455406747
    ));
#3714 = SURFACE_CURVE('',#3715,(#3724,#3736),.PCURVE_S1.);
#3715 = B_SPLINE_CURVE_WITH_KNOTS('',5,(#3716,#3717,#3718,#3719,#3720,
    #3721,#3722,#3723),.UNSPECIFIED.,.F.,.F.,(6,2,6),(0.,1.,
    1.999977608491),.UNSPECIFIED.);
#3716 = CARTESIAN_POINT('',(0.541413345271,1.675470005161,5.879455366774
    ));
#3717 = CARTESIAN_POINT('',(0.562732117029,1.628904634574,5.885172875354
    ));
#3718 = CARTESIAN_POINT('',(0.579045943371,1.580054757957,5.891170886005
    ));
#3719 = CARTESIAN_POINT('',(0.601012852512,1.47922735751,5.903550934096)
  );
#3720 = CARTESIAN_POINT('',(0.6009918597,1.375263384289,5.916316104898)
  );
#3721 = CARTESIAN_POINT('',(0.578987094928,1.274450945658,5.928694315908
    ));
#3722 = CARTESIAN_POINT('',(0.562656767014,1.22561291057,5.934690872602)
  );
#3723 = CARTESIAN_POINT('',(0.54132434567,1.179061841888,5.94040662513)
  );
#3724 = PCURVE('',#1148,#3725);
#3725 = DEFINITIONAL_REPRESENTATION('',(#3726),#3735);
#3726 = B_SPLINE_CURVE_WITH_KNOTS('',5,(#3727,#3728,#3729,#3730,#3731,
    #3732,#3733,#3734),.UNSPECIFIED.,.F.,.F.,(6,2,6),(0.,1.,
    1.999977608491),.UNSPECIFIED.);
#3727 = CARTESIAN_POINT('',(-0.541413345271,-0.215740044208));
#3728 = CARTESIAN_POINT('',(-0.562732117029,-0.262655112601));
#3729 = CARTESIAN_POINT('',(-0.579045943371,-0.311871843264));
#3730 = CARTESIAN_POINT('',(-0.601012852512,-0.413456439891));
#3731 = CARTESIAN_POINT('',(-0.6009918597,-0.518201164405));
#3732 = CARTESIAN_POINT('',(-0.578987094928,-0.619770686854));
#3733 = CARTESIAN_POINT('',(-0.562656767014,-0.668975487061));
#3734 = CARTESIAN_POINT('',(-0.54132434567,-0.715876146144));
#3735 = ( GEOMETRIC_REPRESENTATION_CONTEXT(2) 
PARAMETRIC_REPRESENTATION_CONTEXT() REPRESENTATION_CONTEXT('2D SPACE',''
  ) );
#3736 = PCURVE('',#3737,#3766);
#3737 = B_SPLINE_SURFACE_WITH_KNOTS('',13,1,(
    (#3738,#3739)
    ,(#3740,#3741)
    ,(#3742,#3743)
    ,(#3744,#3745)
    ,(#3746,#3747)
    ,(#3748,#3749)
    ,(#3750,#3751)
    ,(#3752,#3753)
    ,(#3754,#3755)
    ,(#3756,#3757)
    ,(#3758,#3759)
    ,(#3760,#3761)
    ,(#3762,#3763)
    ,(#3764,#3765
    )),.UNSPECIFIED.,.T.,.F.,.F.,(1,13,13,1),(2,2),(-6.28318530718,0.,
    6.28318530718,12.566370614359),(0.,1.),.UNSPECIFIED.);
#3738 = CARTESIAN_POINT('',(0.605,1.45,-1.E-03));
#3739 = CARTESIAN_POINT('',(0.58685,1.4065,11.299));
#3740 = CARTESIAN_POINT('',(0.605,1.742409777757,-9.999999999998E-04));
#3741 = CARTESIAN_POINT('',(0.58685,1.690137484424,11.299));
#3742 = CARTESIAN_POINT('',(0.451893758259,2.034819672446,
    -1.000000000001E-03));
#3743 = CARTESIAN_POINT('',(0.438336945512,1.973775082273,
    11.298999999999));
#3744 = CARTESIAN_POINT('',(0.145690389915,2.239774622553,
    -9.999999999978E-04));
#3745 = CARTESIAN_POINT('',(0.141319678217,2.172581383874,
    11.299000000002));
#3746 = CARTESIAN_POINT('',(-0.258710813891,2.269830414653,
    -1.000000000004E-03));
#3747 = CARTESIAN_POINT('',(-0.250949489474,2.201735502218,
    11.298999999997));
#3748 = CARTESIAN_POINT('',(-0.651234851753,2.075853548818,
    -9.999999999937E-04));
#3749 = CARTESIAN_POINT('',(-0.631697806202,2.013577942347,
    11.299000000006));
#3750 = CARTESIAN_POINT('',(-0.897638487673,1.685615841826,
    -1.000000000007E-03));
#3751 = CARTESIAN_POINT('',(-0.870709333041,1.635047366579,
    11.298999999989));
#3752 = CARTESIAN_POINT('',(-0.897638487665,1.214384158174,
    -9.99999999993E-04));
#3753 = CARTESIAN_POINT('',(-0.870709333037,1.177952633422,
    11.299000000015));
#3754 = CARTESIAN_POINT('',(-0.651234851759,0.82414645118,
    -1.000000000005E-03));
#3755 = CARTESIAN_POINT('',(-0.631697806205,0.799422057651,
    11.298999999984));
#3756 = CARTESIAN_POINT('',(-0.258710813887,0.630169585348,
    -9.999999999967E-04));
#3757 = CARTESIAN_POINT('',(-0.250949489472,0.611264497784,
    11.299000000012));
#3758 = CARTESIAN_POINT('',(0.145690389913,0.660225377446,
    -1.000000000002E-03));
#3759 = CARTESIAN_POINT('',(0.141319678216,0.640418616124,
    11.298999999993));
#3760 = CARTESIAN_POINT('',(0.45189375826,0.865180327554,
    -9.999999999994E-04));
#3761 = CARTESIAN_POINT('',(0.438336945512,0.839224917727,
    11.299000000003));
#3762 = CARTESIAN_POINT('',(0.605,1.157590222243,-1.E-03));
#3763 = CARTESIAN_POINT('',(0.58685,1.122862515576,11.298999999999));
#3764 = CARTESIAN_POINT('',(0.605,1.45,-1.E-03));
#3765 = CARTESIAN_POINT('',(0.58685,1.4065,11.299));
#3766 = DEFINITIONAL_REPRESENTATION('',(#3767),#3793);
#3767 = B_SPLINE_CURVE_WITH_KNOTS('',3,(#3768,#3769,#3770,#3771,#3772,
    #3773,#3774,#3775,#3776,#3777,#3778,#3779,#3780,#3781,#3782,#3783,
    #3784,#3785,#3786,#3787,#3788,#3789,#3790,#3791,#3792),
  .UNSPECIFIED.,.F.,.F.,(4,1,1,1,1,1,1,1,1,1,1,1,1,1,1,1,1,1,1,1,1,1,4),
  (0.,9.090807311323E-02,0.181816146226,0.27272421934,0.363632292453,
    0.454540365566,0.545448438679,0.636356511793,0.727264584906,
    0.818172658019,0.909080731132,0.999988804245,1.090896877359,
    1.181804950472,1.272713023585,1.363621096698,1.454529169812,
    1.545437242925,1.636345316038,1.727253389151,1.818161462265,
    1.909069535378,1.999977608491),.QUASI_UNIFORM_KNOTS.);
#3768 = CARTESIAN_POINT('',(6.71288557333,0.520394280245));
#3769 = CARTESIAN_POINT('',(6.699861567534,0.520470941744));
#3770 = CARTESIAN_POINT('',(6.673814258852,0.52062563392));
#3771 = CARTESIAN_POINT('',(6.634745347579,0.520861419068));
#3772 = CARTESIAN_POINT('',(6.595678467162,0.521100592246));
#3773 = CARTESIAN_POINT('',(6.556613470404,0.52134278833));
#3774 = CARTESIAN_POINT('',(6.517550152653,0.521587638642));
#3775 = CARTESIAN_POINT('',(6.478488257878,0.521834770783));
#3776 = CARTESIAN_POINT('',(6.439427500905,0.522083809231));
#3777 = CARTESIAN_POINT('',(6.40036758503,0.522334375739));
#3778 = CARTESIAN_POINT('',(6.36130822033,0.522586089788));
#3779 = CARTESIAN_POINT('',(6.322249143284,0.522838569014));
#3780 = CARTESIAN_POINT('',(6.283190131168,0.523091429678));
#3781 = CARTESIAN_POINT('',(6.244131037918,0.523344287013));
#3782 = CARTESIAN_POINT('',(6.205071717741,0.523596756268));
#3783 = CARTESIAN_POINT('',(6.166011948576,0.523848453761));
#3784 = CARTESIAN_POINT('',(6.126951467832,0.524098997222));
#3785 = CARTESIAN_POINT('',(6.087889986715,0.524348006255));
#3786 = CARTESIAN_POINT('',(6.048827209796,0.524595102773));
#3787 = CARTESIAN_POINT('',(6.009762853328,0.524839911444));
#3788 = CARTESIAN_POINT('',(5.970696662862,0.52508206009));
#3789 = CARTESIAN_POINT('',(5.931628435564,0.525321180287));
#3790 = CARTESIAN_POINT('',(5.892558026299,0.525556907193));
#3791 = CARTESIAN_POINT('',(5.866509619977,0.525711557247));
#3792 = CARTESIAN_POINT('',(5.853485041029,0.525788196914));
#3793 = ( GEOMETRIC_REPRESENTATION_CONTEXT(2) 
PARAMETRIC_REPRESENTATION_CONTEXT() REPRESENTATION_CONTEXT('2D SPACE',''
  ) );
#3794 = ORIENTED_EDGE('',*,*,#3795,.F.);
#3795 = EDGE_CURVE('',#3796,#3712,#3798,.T.);
#3796 = VERTEX_POINT('',#3797);
#3797 = CARTESIAN_POINT('',(0.5414705303,1.993596043376,5.84039440086));
#3798 = SURFACE_CURVE('',#3799,(#3803,#3809),.PCURVE_S1.);
#3799 = LINE('',#3800,#3801);
#3800 = CARTESIAN_POINT('',(0.541287459276,0.972491170754,5.96577031428)
  );
#3801 = VECTOR('',#3802,1.);
#3802 = DIRECTION('',(-1.779508083493E-04,-0.992546135926,0.121869341476
    ));
#3803 = PCURVE('',#1148,#3804);
#3804 = DEFINITIONAL_REPRESENTATION('',(#3805),#3808);
#3805 = B_SPLINE_CURVE_WITH_KNOTS('',1,(#3806,#3807),.UNSPECIFIED.,.F.,
  .F.,(2,2),(-1.060413003638,-0.683584588144),.PIECEWISE_BEZIER_KNOTS.);
#3806 = CARTESIAN_POINT('',(-0.541476160627,0.136414859885));
#3807 = CARTESIAN_POINT('',(-0.541409103706,-0.240413549642));
#3808 = ( GEOMETRIC_REPRESENTATION_CONTEXT(2) 
PARAMETRIC_REPRESENTATION_CONTEXT() REPRESENTATION_CONTEXT('2D SPACE',''
  ) );
#3809 = PCURVE('',#3810,#3815);
#3810 = PLANE('',#3811);
#3811 = AXIS2_PLACEMENT_3D('',#3812,#3813,#3814);
#3812 = CARTESIAN_POINT('',(0.541782780009,5.809102694823E-17,
    5.626550660521));
#3813 = DIRECTION('',(0.999998933943,0.,1.460175434519E-03));
#3814 = DIRECTION('',(-1.460175434519E-03,0.,0.999998933943));
#3815 = DEFINITIONAL_REPRESENTATION('',(#3816),#3819);
#3816 = B_SPLINE_CURVE_WITH_KNOTS('',1,(#3817,#3818),.UNSPECIFIED.,.F.,
  .F.,(2,2),(-1.060413003638,-0.683584588144),.PIECEWISE_BEZIER_KNOTS.);
#3817 = CARTESIAN_POINT('',(0.209988043173,-2.025));
#3818 = CARTESIAN_POINT('',(0.255911922976,-1.650980412294));
#3819 = ( GEOMETRIC_REPRESENTATION_CONTEXT(2) 
PARAMETRIC_REPRESENTATION_CONTEXT() REPRESENTATION_CONTEXT('2D SPACE',''
  ) );
#3820 = ORIENTED_EDGE('',*,*,#3821,.F.);
#3821 = EDGE_CURVE('',#3822,#3796,#3824,.T.);
#3822 = VERTEX_POINT('',#3823);
#3823 = CARTESIAN_POINT('',(0.185231033078,1.993596043376,5.84039440086)
  );
#3824 = SURFACE_CURVE('',#3825,(#3829,#3835),.PCURVE_S1.);
#3825 = LINE('',#3826,#3827);
#3826 = CARTESIAN_POINT('',(-8.965214233704E-18,1.993596043376,
    5.84039440086));
#3827 = VECTOR('',#3828,1.);
#3828 = DIRECTION('',(1.,-0.,0.));
#3829 = PCURVE('',#1148,#3830);
#3830 = DEFINITIONAL_REPRESENTATION('',(#3831),#3834);
#3831 = B_SPLINE_CURVE_WITH_KNOTS('',1,(#3832,#3833),.UNSPECIFIED.,.F.,
  .F.,(2,2),(0.182504403503,0.55),.PIECEWISE_BEZIER_KNOTS.);
#3832 = CARTESIAN_POINT('',(-0.182504403503,0.104775065028));
#3833 = CARTESIAN_POINT('',(-0.55,0.104775065028));
#3834 = ( GEOMETRIC_REPRESENTATION_CONTEXT(2) 
PARAMETRIC_REPRESENTATION_CONTEXT() REPRESENTATION_CONTEXT('2D SPACE',''
  ) );
#3835 = PCURVE('',#3836,#3841);
#3836 = PLANE('',#3837);
#3837 = AXIS2_PLACEMENT_3D('',#3838,#3839,#3840);
#3838 = CARTESIAN_POINT('',(-1.793042846741E-17,1.994665471628,
    5.641471944119));
#3839 = DIRECTION('',(0.,0.999985549054,5.376028504872E-03));
#3840 = DIRECTION('',(0.,-5.376028504872E-03,0.999985549054));
#3841 = DEFINITIONAL_REPRESENTATION('',(#3842),#3845);
#3842 = B_SPLINE_CURVE_WITH_KNOTS('',1,(#3843,#3844),.UNSPECIFIED.,.F.,
  .F.,(2,2),(0.182504403503,0.55),.PIECEWISE_BEZIER_KNOTS.);
#3843 = CARTESIAN_POINT('',(0.198925331399,0.182504403503));
#3844 = CARTESIAN_POINT('',(0.198925331399,0.55));
#3845 = ( GEOMETRIC_REPRESENTATION_CONTEXT(2) 
PARAMETRIC_REPRESENTATION_CONTEXT() REPRESENTATION_CONTEXT('2D SPACE',''
  ) );
#3846 = ORIENTED_EDGE('',*,*,#3847,.F.);
#3847 = EDGE_CURVE('',#3848,#3822,#3850,.T.);
#3848 = VERTEX_POINT('',#3849);
#3849 = CARTESIAN_POINT('',(-0.185231033776,1.993596043376,5.84039440086
    ));
#3850 = SURFACE_CURVE('',#3851,(#3862,#3876),.PCURVE_S1.);
#3851 = B_SPLINE_CURVE_WITH_KNOTS('',5,(#3852,#3853,#3854,#3855,#3856,
    #3857,#3858,#3859,#3860,#3861),.UNSPECIFIED.,.F.,.F.,(6,4,6),(0.,
    0.500999928444,1.),.UNSPECIFIED.);
#3852 = CARTESIAN_POINT('',(-0.185231373419,1.993595932164,
    5.840394414515));
#3853 = CARTESIAN_POINT('',(-0.149362331,2.005340848284,5.838952320146)
  );
#3854 = CARTESIAN_POINT('',(-0.112559276053,2.014244143212,
    5.837859132988));
#3855 = CARTESIAN_POINT('',(-7.512396757431E-02,2.020205672351,
    5.83712714925));
#3856 = CARTESIAN_POINT('',(-3.737250319988E-02,2.023174368847,
    5.836762639154));
#3857 = CARTESIAN_POINT('',(3.797525657106E-02,2.023126681611,
    5.836768494411));
#3858 = CARTESIAN_POINT('',(7.557224265276E-02,2.020134141144,
    5.837135932178));
#3859 = CARTESIAN_POINT('',(0.112853084778,2.014173018016,5.837867866064
    ));
#3860 = CARTESIAN_POINT('',(0.14950551211,2.00529396592,5.838958076577)
  );
#3861 = CARTESIAN_POINT('',(0.185231372721,1.993595932164,5.840394414515
    ));
#3862 = PCURVE('',#1148,#3863);
#3863 = DEFINITIONAL_REPRESENTATION('',(#3864),#3875);
#3864 = B_SPLINE_CURVE_WITH_KNOTS('',5,(#3865,#3866,#3867,#3868,#3869,
    #3870,#3871,#3872,#3873,#3874),.UNSPECIFIED.,.F.,.F.,(6,4,6),(0.,
    0.500999928444,1.),.UNSPECIFIED.);
#3865 = CARTESIAN_POINT('',(0.185231373419,0.104774952981));
#3866 = CARTESIAN_POINT('',(0.149362331,0.116608071371));
#3867 = CARTESIAN_POINT('',(0.112559276053,0.125578228489));
#3868 = CARTESIAN_POINT('',(7.512396757431E-02,0.131584527672));
#3869 = CARTESIAN_POINT('',(3.737250319988E-02,0.13457551856));
#3870 = CARTESIAN_POINT('',(-3.797525657106E-02,0.134527473202));
#3871 = CARTESIAN_POINT('',(-7.557224265276E-02,0.131512459279));
#3872 = CARTESIAN_POINT('',(-0.112853084778,0.125506569157));
#3873 = CARTESIAN_POINT('',(-0.14950551211,0.116560836928));
#3874 = CARTESIAN_POINT('',(-0.185231372721,0.104774952981));
#3875 = ( GEOMETRIC_REPRESENTATION_CONTEXT(2) 
PARAMETRIC_REPRESENTATION_CONTEXT() REPRESENTATION_CONTEXT('2D SPACE',''
  ) );
#3876 = PCURVE('',#3877,#3906);
#3877 = B_SPLINE_SURFACE_WITH_KNOTS('',13,1,(
    (#3878,#3879)
    ,(#3880,#3881)
    ,(#3882,#3883)
    ,(#3884,#3885)
    ,(#3886,#3887)
    ,(#3888,#3889)
    ,(#3890,#3891)
    ,(#3892,#3893)
    ,(#3894,#3895)
    ,(#3896,#3897)
    ,(#3898,#3899)
    ,(#3900,#3901)
    ,(#3902,#3903)
    ,(#3904,#3905
    )),.UNSPECIFIED.,.T.,.F.,.F.,(1,13,13,1),(2,2),(-6.28318530718,0.,
    6.28318530718,12.566370614359),(0.,1.),.UNSPECIFIED.);
#3878 = CARTESIAN_POINT('',(0.605,1.45,-1.E-03));
#3879 = CARTESIAN_POINT('',(0.58685,1.4065,11.299));
#3880 = CARTESIAN_POINT('',(0.605,1.742409777757,-9.999999999998E-04));
#3881 = CARTESIAN_POINT('',(0.58685,1.690137484424,11.299));
#3882 = CARTESIAN_POINT('',(0.451893758259,2.034819672446,
    -1.000000000001E-03));
#3883 = CARTESIAN_POINT('',(0.438336945512,1.973775082273,
    11.298999999999));
#3884 = CARTESIAN_POINT('',(0.145690389915,2.239774622553,
    -9.999999999978E-04));
#3885 = CARTESIAN_POINT('',(0.141319678217,2.172581383874,
    11.299000000002));
#3886 = CARTESIAN_POINT('',(-0.258710813891,2.269830414653,
    -1.000000000004E-03));
#3887 = CARTESIAN_POINT('',(-0.250949489474,2.201735502218,
    11.298999999997));
#3888 = CARTESIAN_POINT('',(-0.651234851753,2.075853548818,
    -9.999999999937E-04));
#3889 = CARTESIAN_POINT('',(-0.631697806202,2.013577942347,
    11.299000000006));
#3890 = CARTESIAN_POINT('',(-0.897638487673,1.685615841826,
    -1.000000000007E-03));
#3891 = CARTESIAN_POINT('',(-0.870709333041,1.635047366579,
    11.298999999989));
#3892 = CARTESIAN_POINT('',(-0.897638487665,1.214384158174,
    -9.99999999993E-04));
#3893 = CARTESIAN_POINT('',(-0.870709333037,1.177952633422,
    11.299000000015));
#3894 = CARTESIAN_POINT('',(-0.651234851759,0.82414645118,
    -1.000000000005E-03));
#3895 = CARTESIAN_POINT('',(-0.631697806205,0.799422057651,
    11.298999999984));
#3896 = CARTESIAN_POINT('',(-0.258710813887,0.630169585348,
    -9.999999999967E-04));
#3897 = CARTESIAN_POINT('',(-0.250949489472,0.611264497784,
    11.299000000012));
#3898 = CARTESIAN_POINT('',(0.145690389913,0.660225377446,
    -1.000000000002E-03));
#3899 = CARTESIAN_POINT('',(0.141319678216,0.640418616124,
    11.298999999993));
#3900 = CARTESIAN_POINT('',(0.45189375826,0.865180327554,
    -9.999999999994E-04));
#3901 = CARTESIAN_POINT('',(0.438336945512,0.839224917727,
    11.299000000003));
#3902 = CARTESIAN_POINT('',(0.605,1.157590222243,-1.E-03));
#3903 = CARTESIAN_POINT('',(0.58685,1.122862515576,11.298999999999));
#3904 = CARTESIAN_POINT('',(0.605,1.45,-1.E-03));
#3905 = CARTESIAN_POINT('',(0.58685,1.4065,11.299));
#3906 = DEFINITIONAL_REPRESENTATION('',(#3907),#3918);
#3907 = B_SPLINE_CURVE_WITH_KNOTS('',5,(#3908,#3909,#3910,#3911,#3912,
    #3913,#3914,#3915,#3916,#3917),.UNSPECIFIED.,.F.,.F.,(6,4,6),(0.,
    0.500999928444,1.),.UNSPECIFIED.);
#3908 = CARTESIAN_POINT('',(1.887031308232,0.516937558807));
#3909 = CARTESIAN_POINT('',(1.823666431771,0.516809939836));
#3910 = CARTESIAN_POINT('',(1.760294784064,0.51671319761));
#3911 = CARTESIAN_POINT('',(1.696919807307,0.516648420288));
#3912 = CARTESIAN_POINT('',(1.633541539618,0.516616162757));
#3913 = CARTESIAN_POINT('',(1.507039159136,0.516616680921));
#3914 = CARTESIAN_POINT('',(1.443913915241,0.516649197538));
#3915 = CARTESIAN_POINT('',(1.38079194013,0.516713970448));
#3916 = CARTESIAN_POINT('',(1.317673287236,0.516810449255));
#3917 = CARTESIAN_POINT('',(1.254561345072,0.516937558807));
#3918 = ( GEOMETRIC_REPRESENTATION_CONTEXT(2) 
PARAMETRIC_REPRESENTATION_CONTEXT() REPRESENTATION_CONTEXT('2D SPACE',''
  ) );
#3919 = ORIENTED_EDGE('',*,*,#3920,.F.);
#3920 = EDGE_CURVE('',#3921,#3848,#3923,.T.);
#3921 = VERTEX_POINT('',#3922);
#3922 = CARTESIAN_POINT('',(-0.5414705303,1.993596043376,5.84039440086)
  );
#3923 = SURFACE_CURVE('',#3924,(#3928,#3934),.PCURVE_S1.);
#3924 = LINE('',#3925,#3926);
#3925 = CARTESIAN_POINT('',(-8.965214233704E-18,1.993596043376,
    5.84039440086));
#3926 = VECTOR('',#3927,1.);
#3927 = DIRECTION('',(1.,-0.,0.));
#3928 = PCURVE('',#1148,#3929);
#3929 = DEFINITIONAL_REPRESENTATION('',(#3930),#3933);
#3930 = B_SPLINE_CURVE_WITH_KNOTS('',1,(#3931,#3932),.UNSPECIFIED.,.F.,
  .F.,(2,2),(-0.55,-0.182504404191),.PIECEWISE_BEZIER_KNOTS.);
#3931 = CARTESIAN_POINT('',(0.55,0.104775065028));
#3932 = CARTESIAN_POINT('',(0.182504404191,0.104775065028));
#3933 = ( GEOMETRIC_REPRESENTATION_CONTEXT(2) 
PARAMETRIC_REPRESENTATION_CONTEXT() REPRESENTATION_CONTEXT('2D SPACE',''
  ) );
#3934 = PCURVE('',#3935,#3940);
#3935 = PLANE('',#3936);
#3936 = AXIS2_PLACEMENT_3D('',#3937,#3938,#3939);
#3937 = CARTESIAN_POINT('',(-1.793042846741E-17,1.994665471628,
    5.641471944119));
#3938 = DIRECTION('',(0.,0.999985549054,5.376028504872E-03));
#3939 = DIRECTION('',(0.,-5.376028504872E-03,0.999985549054));
#3940 = DEFINITIONAL_REPRESENTATION('',(#3941),#3944);
#3941 = B_SPLINE_CURVE_WITH_KNOTS('',1,(#3942,#3943),.UNSPECIFIED.,.F.,
  .F.,(2,2),(-0.55,-0.182504404191),.PIECEWISE_BEZIER_KNOTS.);
#3942 = CARTESIAN_POINT('',(0.198925331399,-0.55));
#3943 = CARTESIAN_POINT('',(0.198925331399,-0.182504404191));
#3944 = ( GEOMETRIC_REPRESENTATION_CONTEXT(2) 
PARAMETRIC_REPRESENTATION_CONTEXT() REPRESENTATION_CONTEXT('2D SPACE',''
  ) );
#3945 = ORIENTED_EDGE('',*,*,#3946,.F.);
#3946 = EDGE_CURVE('',#3947,#3921,#3949,.T.);
#3947 = VERTEX_POINT('',#3948);
#3948 = CARTESIAN_POINT('',(-0.541413494319,1.675469685931,5.87945540597
    ));
#3949 = SURFACE_CURVE('',#3950,(#3954,#3960),.PCURVE_S1.);
#3950 = LINE('',#3951,#3952);
#3951 = CARTESIAN_POINT('',(-0.541287459276,0.972491170754,5.96577031428
    ));
#3952 = VECTOR('',#3953,1.);
#3953 = DIRECTION('',(-1.779508083493E-04,0.992546135926,-0.121869341476
    ));
#3954 = PCURVE('',#1148,#3955);
#3955 = DEFINITIONAL_REPRESENTATION('',(#3956),#3959);
#3956 = B_SPLINE_CURVE_WITH_KNOTS('',1,(#3957,#3958),.UNSPECIFIED.,.F.,
  .F.,(2,2),(0.683584589182,1.060413003638),.PIECEWISE_BEZIER_KNOTS.);
#3957 = CARTESIAN_POINT('',(0.541409103706,-0.240413548604));
#3958 = CARTESIAN_POINT('',(0.541476160627,0.136414859885));
#3959 = ( GEOMETRIC_REPRESENTATION_CONTEXT(2) 
PARAMETRIC_REPRESENTATION_CONTEXT() REPRESENTATION_CONTEXT('2D SPACE',''
  ) );
#3960 = PCURVE('',#3961,#3966);
#3961 = PLANE('',#3962);
#3962 = AXIS2_PLACEMENT_3D('',#3963,#3964,#3965);
#3963 = CARTESIAN_POINT('',(-0.541782780009,5.809102694823E-17,
    5.626550660521));
#3964 = DIRECTION('',(-0.999998933943,-0.,1.460175434519E-03));
#3965 = DIRECTION('',(-1.460175434519E-03,0.,-0.999998933943));
#3966 = DEFINITIONAL_REPRESENTATION('',(#3967),#3970);
#3967 = B_SPLINE_CURVE_WITH_KNOTS('',1,(#3968,#3969),.UNSPECIFIED.,.F.,
  .F.,(2,2),(0.683584589182,1.060413003638),.PIECEWISE_BEZIER_KNOTS.);
#3968 = CARTESIAN_POINT('',(-0.25591192285,-1.650980413325));
#3969 = CARTESIAN_POINT('',(-0.209988043173,-2.025));
#3970 = ( GEOMETRIC_REPRESENTATION_CONTEXT(2) 
PARAMETRIC_REPRESENTATION_CONTEXT() REPRESENTATION_CONTEXT('2D SPACE',''
  ) );
#3971 = ORIENTED_EDGE('',*,*,#3972,.F.);
#3972 = EDGE_CURVE('',#3973,#3947,#3975,.T.);
#3973 = VERTEX_POINT('',#3974);
#3974 = CARTESIAN_POINT('',(-0.541324494808,1.179062161013,
    5.940406585946));
#3975 = SURFACE_CURVE('',#3976,(#3987,#4001),.PCURVE_S1.);
#3976 = B_SPLINE_CURVE_WITH_KNOTS('',5,(#3977,#3978,#3979,#3980,#3981,
    #3982,#3983,#3984,#3985,#3986),.UNSPECIFIED.,.F.,.F.,(6,4,6),(0.,
    0.485992968113,1.),.UNSPECIFIED.);
#3977 = CARTESIAN_POINT('',(-0.54132434591,1.179061836092,5.940406625841
    ));
#3978 = CARTESIAN_POINT('',(-0.56205939568,1.224309324639,5.934850932828
    ));
#3979 = CARTESIAN_POINT('',(-0.578068544962,1.271717397672,
    5.929029953397));
#3980 = CARTESIAN_POINT('',(-0.589052557481,1.320625634852,
    5.923024776971));
#3981 = CARTESIAN_POINT('',(-0.594853145949,1.370320085461,
    5.916923065674));
#3982 = CARTESIAN_POINT('',(-0.5961046462,1.472702932262,5.904352032785)
  );
#3983 = CARTESIAN_POINT('',(-0.590939716309,1.525401529672,
    5.897881458642));
#3984 = CARTESIAN_POINT('',(-0.579955727699,1.577317020354,
    5.891507037914));
#3985 = CARTESIAN_POINT('',(-0.56332910263,1.627600691175,5.885332979472
    ));
#3986 = CARTESIAN_POINT('',(-0.541413345513,1.675470010959,
    5.879455366062));
#3987 = PCURVE('',#1148,#3988);
#3988 = DEFINITIONAL_REPRESENTATION('',(#3989),#4000);
#3989 = B_SPLINE_CURVE_WITH_KNOTS('',5,(#3990,#3991,#3992,#3993,#3994,
    #3995,#3996,#3997,#3998,#3999),.UNSPECIFIED.,.F.,.F.,(6,4,6),(0.,
    0.485992968113,1.),.UNSPECIFIED.);
#3990 = CARTESIAN_POINT('',(0.54132434591,-0.715876151983));
#3991 = CARTESIAN_POINT('',(0.56205939568,-0.670288862694));
#3992 = CARTESIAN_POINT('',(0.578068544962,-0.622524763307));
#3993 = CARTESIAN_POINT('',(0.589052557481,-0.573249233803));
#3994 = CARTESIAN_POINT('',(0.594853145949,-0.523181586544));
#3995 = CARTESIAN_POINT('',(0.5961046462,-0.420029862434));
#3996 = CARTESIAN_POINT('',(0.590939716309,-0.366935507755));
#3997 = CARTESIAN_POINT('',(0.579955727699,-0.314630140799));
#3998 = CARTESIAN_POINT('',(0.56332910263,-0.263968848386));
#3999 = CARTESIAN_POINT('',(0.541413345513,-0.215740038366));
#4000 = ( GEOMETRIC_REPRESENTATION_CONTEXT(2) 
PARAMETRIC_REPRESENTATION_CONTEXT() REPRESENTATION_CONTEXT('2D SPACE',''
  ) );
#4001 = PCURVE('',#4002,#4031);
#4002 = B_SPLINE_SURFACE_WITH_KNOTS('',13,1,(
    (#4003,#4004)
    ,(#4005,#4006)
    ,(#4007,#4008)
    ,(#4009,#4010)
    ,(#4011,#4012)
    ,(#4013,#4014)
    ,(#4015,#4016)
    ,(#4017,#4018)
    ,(#4019,#4020)
    ,(#4021,#4022)
    ,(#4023,#4024)
    ,(#4025,#4026)
    ,(#4027,#4028)
    ,(#4029,#4030
    )),.UNSPECIFIED.,.T.,.F.,.F.,(1,13,13,1),(2,2),(-6.28318530718,0.,
    6.28318530718,12.566370614359),(0.,1.),.UNSPECIFIED.);
#4003 = CARTESIAN_POINT('',(0.605,1.45,-1.E-03));
#4004 = CARTESIAN_POINT('',(0.58685,1.4065,11.299));
#4005 = CARTESIAN_POINT('',(0.605,1.742409777757,-9.999999999998E-04));
#4006 = CARTESIAN_POINT('',(0.58685,1.690137484424,11.299));
#4007 = CARTESIAN_POINT('',(0.451893758259,2.034819672446,
    -1.000000000001E-03));
#4008 = CARTESIAN_POINT('',(0.438336945512,1.973775082273,
    11.298999999999));
#4009 = CARTESIAN_POINT('',(0.145690389915,2.239774622553,
    -9.999999999978E-04));
#4010 = CARTESIAN_POINT('',(0.141319678217,2.172581383874,
    11.299000000002));
#4011 = CARTESIAN_POINT('',(-0.258710813891,2.269830414653,
    -1.000000000004E-03));
#4012 = CARTESIAN_POINT('',(-0.250949489474,2.201735502218,
    11.298999999997));
#4013 = CARTESIAN_POINT('',(-0.651234851753,2.075853548818,
    -9.999999999937E-04));
#4014 = CARTESIAN_POINT('',(-0.631697806202,2.013577942347,
    11.299000000006));
#4015 = CARTESIAN_POINT('',(-0.897638487673,1.685615841826,
    -1.000000000007E-03));
#4016 = CARTESIAN_POINT('',(-0.870709333041,1.635047366579,
    11.298999999989));
#4017 = CARTESIAN_POINT('',(-0.897638487665,1.214384158174,
    -9.99999999993E-04));
#4018 = CARTESIAN_POINT('',(-0.870709333037,1.177952633422,
    11.299000000015));
#4019 = CARTESIAN_POINT('',(-0.651234851759,0.82414645118,
    -1.000000000005E-03));
#4020 = CARTESIAN_POINT('',(-0.631697806205,0.799422057651,
    11.298999999984));
#4021 = CARTESIAN_POINT('',(-0.258710813887,0.630169585348,
    -9.999999999967E-04));
#4022 = CARTESIAN_POINT('',(-0.250949489472,0.611264497784,
    11.299000000012));
#4023 = CARTESIAN_POINT('',(0.145690389913,0.660225377446,
    -1.000000000002E-03));
#4024 = CARTESIAN_POINT('',(0.141319678216,0.640418616124,
    11.298999999993));
#4025 = CARTESIAN_POINT('',(0.45189375826,0.865180327554,
    -9.999999999994E-04));
#4026 = CARTESIAN_POINT('',(0.438336945512,0.839224917727,
    11.299000000003));
#4027 = CARTESIAN_POINT('',(0.605,1.157590222243,-1.E-03));
#4028 = CARTESIAN_POINT('',(0.58685,1.122862515576,11.298999999999));
#4029 = CARTESIAN_POINT('',(0.605,1.45,-1.E-03));
#4030 = CARTESIAN_POINT('',(0.58685,1.4065,11.299));
#4031 = DEFINITIONAL_REPRESENTATION('',(#4032),#4043);
#4032 = B_SPLINE_CURVE_WITH_KNOTS('',5,(#4033,#4034,#4035,#4036,#4037,
    #4038,#4039,#4040,#4041,#4042),.UNSPECIFIED.,.F.,.F.,(6,4,6),(0.,
    0.485992968113,1.),.UNSPECIFIED.);
#4033 = CARTESIAN_POINT('',(3.571292930833,0.525788196977));
#4034 = CARTESIAN_POINT('',(3.487738921983,0.525296542728));
#4035 = CARTESIAN_POINT('',(3.40419739446,0.524781411805));
#4036 = CARTESIAN_POINT('',(3.320670454611,0.524249980263));
#4037 = CARTESIAN_POINT('',(3.237145958056,0.523710005812));
#4038 = CARTESIAN_POINT('',(3.065288131671,0.522597525025));
#4039 = CARTESIAN_POINT('',(2.976950502222,0.522024907844));
#4040 = CARTESIAN_POINT('',(2.888612564467,0.521460799815));
#4041 = CARTESIAN_POINT('',(2.800258799366,0.520914422962));
#4042 = CARTESIAN_POINT('',(2.711892376347,0.520394280182));
#4043 = ( GEOMETRIC_REPRESENTATION_CONTEXT(2) 
PARAMETRIC_REPRESENTATION_CONTEXT() REPRESENTATION_CONTEXT('2D SPACE',''
  ) );
#4044 = ORIENTED_EDGE('',*,*,#4045,.F.);
#4045 = EDGE_CURVE('',#4046,#3973,#4048,.T.);
#4046 = VERTEX_POINT('',#4047);
#4047 = CARTESIAN_POINT('',(-0.541263077349,0.836497483176,
    5.982468239495));
#4048 = SURFACE_CURVE('',#4049,(#4053,#4059),.PCURVE_S1.);
#4049 = LINE('',#4050,#4051);
#4050 = CARTESIAN_POINT('',(-0.541287459276,0.972491170754,5.96577031428
    ));
#4051 = VECTOR('',#4052,1.);
#4052 = DIRECTION('',(-1.779508083493E-04,0.992546135926,-0.121869341476
    ));
#4053 = PCURVE('',#1148,#4054);
#4054 = DEFINITIONAL_REPRESENTATION('',(#4055),#4058);
#4055 = B_SPLINE_CURVE_WITH_KNOTS('',1,(#4056,#4057),.UNSPECIFIED.,.F.,
  .F.,(2,2),(-0.149102560976,0.227160388684),.PIECEWISE_BEZIER_KNOTS.);
#4056 = CARTESIAN_POINT('',(0.541260926354,-1.073100685578));
#4057 = CARTESIAN_POINT('',(0.54132788265,-0.696837741875));
#4058 = ( GEOMETRIC_REPRESENTATION_CONTEXT(2) 
PARAMETRIC_REPRESENTATION_CONTEXT() REPRESENTATION_CONTEXT('2D SPACE',''
  ) );
#4059 = PCURVE('',#4060,#4065);
#4060 = PLANE('',#4061);
#4061 = AXIS2_PLACEMENT_3D('',#4062,#4063,#4064);
#4062 = CARTESIAN_POINT('',(-0.541782780009,5.809102694823E-17,
    5.626550660521));
#4063 = DIRECTION('',(-0.999998933943,-0.,1.460175434519E-03));
#4064 = DIRECTION('',(-1.460175434519E-03,0.,-0.999998933943));
#4065 = DEFINITIONAL_REPRESENTATION('',(#4066),#4069);
#4066 = B_SPLINE_CURVE_WITH_KNOTS('',1,(#4067,#4068),.UNSPECIFIED.,.F.,
  .F.,(2,2),(-0.149102560976,0.227160388684),.PIECEWISE_BEZIER_KNOTS.);
#4067 = CARTESIAN_POINT('',(-0.357391065677,-0.8245));
#4068 = CARTESIAN_POINT('',(-0.311536098897,-1.197958336778));
#4069 = ( GEOMETRIC_REPRESENTATION_CONTEXT(2) 
PARAMETRIC_REPRESENTATION_CONTEXT() REPRESENTATION_CONTEXT('2D SPACE',''
  ) );
#4070 = ORIENTED_EDGE('',*,*,#4071,.F.);
#4071 = EDGE_CURVE('',#4072,#4046,#4074,.T.);
#4072 = VERTEX_POINT('',#4073);
#4073 = CARTESIAN_POINT('',(-0.836415664898,0.541210136111,
    6.018724966745));
#4074 = SURFACE_CURVE('',#4075,(#4088,#4104),.PCURVE_S1.);
#4075 = B_SPLINE_CURVE_WITH_KNOTS('',6,(#4076,#4077,#4078,#4079,#4080,
    #4081,#4082,#4083,#4084,#4085,#4086,#4087),.UNSPECIFIED.,.F.,.F.,(7,
    5,7),(0.,0.501531636983,1.),.UNSPECIFIED.);
#4076 = CARTESIAN_POINT('',(-0.836415664898,0.541210136111,
    6.018724966745));
#4077 = CARTESIAN_POINT('',(-0.797643695863,0.541210136111,
    6.018724966745));
#4078 = CARTESIAN_POINT('',(-0.758870131577,0.547322065458,
    6.017974516184));
#4079 = CARTESIAN_POINT('',(-0.72130705016,0.559547428463,6.016473430355
    ));
#4080 = CARTESIAN_POINT('',(-0.686155849769,0.577563685579,
    6.014261312136));
#4081 = CARTESIAN_POINT('',(-0.654488958297,0.600744175138,
    6.011415105904));
#4082 = CARTESIAN_POINT('',(-0.599991704066,0.655544738294,6.00468644282
    ));
#4083 = CARTESIAN_POINT('',(-0.577104268524,0.687116697071,
    6.000809893724));
#4084 = CARTESIAN_POINT('',(-0.559331350822,0.72210205728,5.996514231633
    ));
#4085 = CARTESIAN_POINT('',(-0.547278547091,0.759445813289,
    5.991928994949));
#4086 = CARTESIAN_POINT('',(-0.541256170323,0.797972555055,
    5.987198505878));
#4087 = CARTESIAN_POINT('',(-0.541263077349,0.836497483176,
    5.982468239495));
#4088 = PCURVE('',#1148,#4089);
#4089 = DEFINITIONAL_REPRESENTATION('',(#4090),#4103);
#4090 = B_SPLINE_CURVE_WITH_KNOTS('',6,(#4091,#4092,#4093,#4094,#4095,
    #4096,#4097,#4098,#4099,#4100,#4101,#4102),.UNSPECIFIED.,.F.,.F.,(7,
    5,7),(0.,0.501531636983,1.),.UNSPECIFIED.);
#4091 = CARTESIAN_POINT('',(0.836415664898,-1.3585180069));
#4092 = CARTESIAN_POINT('',(0.797643695863,-1.3585180069));
#4093 = CARTESIAN_POINT('',(0.758870131577,-1.35236017803));
#4094 = CARTESIAN_POINT('',(0.72130705016,-1.340043004682));
#4095 = CARTESIAN_POINT('',(0.686155849769,-1.32189144862));
#4096 = CARTESIAN_POINT('',(0.654488958297,-1.298536877631));
#4097 = CARTESIAN_POINT('',(0.599991704066,-1.24332477181));
#4098 = CARTESIAN_POINT('',(0.577104268524,-1.211515713133));
#4099 = CARTESIAN_POINT('',(0.559331350822,-1.176267618975));
#4100 = CARTESIAN_POINT('',(0.547278547091,-1.138643417877));
#4101 = CARTESIAN_POINT('',(0.541256170323,-1.099827347004));
#4102 = CARTESIAN_POINT('',(0.541263077349,-1.061013103397));
#4103 = ( GEOMETRIC_REPRESENTATION_CONTEXT(2) 
PARAMETRIC_REPRESENTATION_CONTEXT() REPRESENTATION_CONTEXT('2D SPACE',''
  ) );
#4104 = PCURVE('',#4105,#4122);
#4105 = B_SPLINE_SURFACE_WITH_KNOTS('',7,1,(
    (#4106,#4107)
    ,(#4108,#4109)
    ,(#4110,#4111)
    ,(#4112,#4113)
    ,(#4114,#4115)
    ,(#4116,#4117)
    ,(#4118,#4119)
    ,(#4120,#4121
    )),.UNSPECIFIED.,.F.,.F.,.F.,(8,8),(2,2),(1.570796326795,
    3.14159265359),(0.,1.),.PIECEWISE_BEZIER_KNOTS.);
#4106 = CARTESIAN_POINT('',(-0.55,0.85,-1.E-03));
#4107 = CARTESIAN_POINT('',(-0.5335,0.8245,11.299));
#4108 = CARTESIAN_POINT('',(-0.55,0.782680157423,-1.E-03));
#4109 = CARTESIAN_POINT('',(-0.5335,0.7591997527,11.299));
#4110 = CARTESIAN_POINT('',(-0.567624665965,0.715360640505,-1.E-03));
#4111 = CARTESIAN_POINT('',(-0.550595925987,0.69389982129,11.299));
#4112 = CARTESIAN_POINT('',(-0.602871183339,0.653575917753,-1.E-03));
#4113 = CARTESIAN_POINT('',(-0.584785047839,0.633968640221,11.299));
#4114 = CARTESIAN_POINT('',(-0.653575917753,0.602871183339,-1.E-03));
#4115 = CARTESIAN_POINT('',(-0.63396864022,0.584785047839,11.299));
#4116 = CARTESIAN_POINT('',(-0.715360640505,0.567624665966,-1.E-03));
#4117 = CARTESIAN_POINT('',(-0.69389982129,0.550595925987,11.299));
#4118 = CARTESIAN_POINT('',(-0.782680157423,0.55,-1.E-03));
#4119 = CARTESIAN_POINT('',(-0.7591997527,0.5335,11.299));
#4120 = CARTESIAN_POINT('',(-0.85,0.55,-1.E-03));
#4121 = CARTESIAN_POINT('',(-0.8245,0.5335,11.299));
#4122 = DEFINITIONAL_REPRESENTATION('',(#4123),#4136);
#4123 = B_SPLINE_CURVE_WITH_KNOTS('',6,(#4124,#4125,#4126,#4127,#4128,
    #4129,#4130,#4131,#4132,#4133,#4134,#4135),.UNSPECIFIED.,.F.,.F.,(7,
    5,7),(0.,0.501531636983,1.),.UNSPECIFIED.);
#4124 = CARTESIAN_POINT('',(3.14159265359,0.532719023606));
#4125 = CARTESIAN_POINT('',(3.010253754911,0.532719023606));
#4126 = CARTESIAN_POINT('',(2.878903560955,0.532652612052));
#4127 = CARTESIAN_POINT('',(2.747571242787,0.532519772598));
#4128 = CARTESIAN_POINT('',(2.616248608199,0.532324009924));
#4129 = CARTESIAN_POINT('',(2.484926245709,0.532072133266));
#4130 = CARTESIAN_POINT('',(2.223131546513,0.531476676356));
#4131 = CARTESIAN_POINT('',(2.092638682773,0.531133618914));
#4132 = CARTESIAN_POINT('',(1.962170577355,0.530753471826));
#4133 = CARTESIAN_POINT('',(1.831712889504,0.530347698668));
#4134 = CARTESIAN_POINT('',(1.701249461206,0.529929071317));
#4135 = CARTESIAN_POINT('',(1.570796326795,0.529510463672));
#4136 = ( GEOMETRIC_REPRESENTATION_CONTEXT(2) 
PARAMETRIC_REPRESENTATION_CONTEXT() REPRESENTATION_CONTEXT('2D SPACE',''
  ) );
#4137 = ORIENTED_EDGE('',*,*,#4138,.F.);
#4138 = EDGE_CURVE('',#4139,#4072,#4141,.T.);
#4139 = VERTEX_POINT('',#4140);
#4140 = CARTESIAN_POINT('',(-1.178813088536,0.541210136111,
    6.018724966745));
#4141 = SURFACE_CURVE('',#4142,(#4146,#4152),.PCURVE_S1.);
#4142 = LINE('',#4143,#4144);
#4143 = CARTESIAN_POINT('',(2.904551347411E-17,0.541210136111,
    6.018724966745));
#4144 = VECTOR('',#4145,1.);
#4145 = DIRECTION('',(1.,-0.,0.));
#4146 = PCURVE('',#1148,#4147);
#4147 = DEFINITIONAL_REPRESENTATION('',(#4148),#4151);
#4148 = B_SPLINE_CURVE_WITH_KNOTS('',1,(#4149,#4150),.UNSPECIFIED.,.F.,
  .F.,(2,2),(-1.197958344524,-0.8245),.PIECEWISE_BEZIER_KNOTS.);
#4149 = CARTESIAN_POINT('',(1.197958344524,-1.3585180069));
#4150 = CARTESIAN_POINT('',(0.8245,-1.3585180069));
#4151 = ( GEOMETRIC_REPRESENTATION_CONTEXT(2) 
PARAMETRIC_REPRESENTATION_CONTEXT() REPRESENTATION_CONTEXT('2D SPACE',''
  ) );
#4152 = PCURVE('',#4153,#4158);
#4153 = PLANE('',#4154);
#4154 = AXIS2_PLACEMENT_3D('',#4155,#4156,#4157);
#4155 = CARTESIAN_POINT('',(5.809102694823E-17,0.541782780009,
    5.626550660521));
#4156 = DIRECTION('',(0.,0.999998933943,1.460175434519E-03));
#4157 = DIRECTION('',(0.,-1.460175434519E-03,0.999998933943));
#4158 = DEFINITIONAL_REPRESENTATION('',(#4159),#4162);
#4159 = B_SPLINE_CURVE_WITH_KNOTS('',1,(#4160,#4161),.UNSPECIFIED.,.F.,
  .F.,(2,2),(-1.197958344524,-0.8245),.PIECEWISE_BEZIER_KNOTS.);
#4160 = CARTESIAN_POINT('',(0.392174724305,-1.197958344524));
#4161 = CARTESIAN_POINT('',(0.392174724305,-0.8245));
#4162 = ( GEOMETRIC_REPRESENTATION_CONTEXT(2) 
PARAMETRIC_REPRESENTATION_CONTEXT() REPRESENTATION_CONTEXT('2D SPACE',''
  ) );
#4163 = ORIENTED_EDGE('',*,*,#4164,.F.);
#4164 = EDGE_CURVE('',#4165,#4139,#4167,.T.);
#4165 = VERTEX_POINT('',#4166);
#4166 = CARTESIAN_POINT('',(-1.674840361467,0.541210136111,
    6.018724966745));
#4167 = SURFACE_CURVE('',#4168,(#4179,#4193),.PCURVE_S1.);
#4168 = B_SPLINE_CURVE_WITH_KNOTS('',5,(#4169,#4170,#4171,#4172,#4173,
    #4174,#4175,#4176,#4177,#4178),.UNSPECIFIED.,.F.,.F.,(6,4,6),(0.,
    0.46399267962,1.),.UNSPECIFIED.);
#4169 = CARTESIAN_POINT('',(-1.67484068611,0.541209987276,6.018724985019
    ));
#4170 = CARTESIAN_POINT('',(-1.631697508161,0.56098928015,6.016296393229
    ));
#4171 = CARTESIAN_POINT('',(-1.586573156285,0.576470103675,6.01439558711
    ));
#4172 = CARTESIAN_POINT('',(-1.540042523016,0.587385625858,
    6.013055329512));
#4173 = CARTESIAN_POINT('',(-1.492729191668,0.593587715515,
    6.012293808656));
#4174 = CARTESIAN_POINT('',(-1.390440876419,0.596754035278,
    6.011905033475));
#4175 = CARTESIAN_POINT('',(-1.335412898246,0.592135156228,
    6.012472160511));
#4176 = CARTESIAN_POINT('',(-1.281164754423,0.581169498684,
    6.013818573957));
#4177 = CARTESIAN_POINT('',(-1.228668961929,0.564057010901,
    6.015919723256));
#4178 = CARTESIAN_POINT('',(-1.178812763752,0.541209987276,
    6.018724985019));
#4179 = PCURVE('',#1148,#4180);
#4180 = DEFINITIONAL_REPRESENTATION('',(#4181),#4192);
#4181 = B_SPLINE_CURVE_WITH_KNOTS('',5,(#4182,#4183,#4184,#4185,#4186,
    #4187,#4188,#4189,#4190,#4191),.UNSPECIFIED.,.F.,.F.,(6,4,6),(0.,
    0.46399267962,1.),.UNSPECIFIED.);
#4182 = CARTESIAN_POINT('',(1.67484068611,-1.358518156853));
#4183 = CARTESIAN_POINT('',(1.631697508161,-1.338590324941));
#4184 = CARTESIAN_POINT('',(1.586573156285,-1.322993243133));
#4185 = CARTESIAN_POINT('',(1.540042523016,-1.311995747284));
#4186 = CARTESIAN_POINT('',(1.492729191668,-1.305747081016));
#4187 = CARTESIAN_POINT('',(1.390440876419,-1.302556982744));
#4188 = CARTESIAN_POINT('',(1.335412898246,-1.307210548769));
#4189 = CARTESIAN_POINT('',(1.281164754423,-1.318258556488));
#4190 = CARTESIAN_POINT('',(1.228668961929,-1.335499556067));
#4191 = CARTESIAN_POINT('',(1.178812763752,-1.358518156853));
#4192 = ( GEOMETRIC_REPRESENTATION_CONTEXT(2) 
PARAMETRIC_REPRESENTATION_CONTEXT() REPRESENTATION_CONTEXT('2D SPACE',''
  ) );
#4193 = PCURVE('',#4194,#4223);
#4194 = B_SPLINE_SURFACE_WITH_KNOTS('',13,1,(
    (#4195,#4196)
    ,(#4197,#4198)
    ,(#4199,#4200)
    ,(#4201,#4202)
    ,(#4203,#4204)
    ,(#4205,#4206)
    ,(#4207,#4208)
    ,(#4209,#4210)
    ,(#4211,#4212)
    ,(#4213,#4214)
    ,(#4215,#4216)
    ,(#4217,#4218)
    ,(#4219,#4220)
    ,(#4221,#4222
    )),.UNSPECIFIED.,.T.,.F.,.F.,(14,14),(2,2),(0.,6.28318530718),(0.,1.
    ),.PIECEWISE_BEZIER_KNOTS.);
#4195 = CARTESIAN_POINT('',(-0.845,5.278006383383E-16,-1.E-03));
#4196 = CARTESIAN_POINT('',(-0.81965,-3.625542491478E-16,11.299));
#4197 = CARTESIAN_POINT('',(-0.845,0.292409777757,-9.999999999998E-04));
#4198 = CARTESIAN_POINT('',(-0.81965,0.283637484424,11.299));
#4199 = CARTESIAN_POINT('',(-0.998106241741,0.584819672445,
    -1.000000000001E-03));
#4200 = CARTESIAN_POINT('',(-0.968163054489,0.567275082272,
    11.298999999999));
#4201 = CARTESIAN_POINT('',(-1.304309610085,0.789774622555,
    -9.999999999978E-04));
#4202 = CARTESIAN_POINT('',(-1.265180321781,0.766081383878,
    11.299000000002));
#4203 = CARTESIAN_POINT('',(-1.708710813892,0.819830414649,
    -1.000000000004E-03));
#4204 = CARTESIAN_POINT('',(-1.657449489478,0.79523550221,
    11.298999999997));
#4205 = CARTESIAN_POINT('',(-2.101234851753,0.625853548823,
    -9.999999999937E-04));
#4206 = CARTESIAN_POINT('',(-2.038197806196,0.607077942359,
    11.299000000006));
#4207 = CARTESIAN_POINT('',(-2.347638487673,0.235615841821,
    -1.000000000007E-03));
#4208 = CARTESIAN_POINT('',(-2.277209333048,0.228547366566,
    11.298999999989));
#4209 = CARTESIAN_POINT('',(-2.347638487666,-0.235615841821,
    -9.99999999993E-04));
#4210 = CARTESIAN_POINT('',(-2.277209333031,-0.228547366566,
    11.299000000015));
#4211 = CARTESIAN_POINT('',(-2.101234851758,-0.625853548823,
    -1.000000000005E-03));
#4212 = CARTESIAN_POINT('',(-2.038197806209,-0.607077942359,
    11.298999999984));
#4213 = CARTESIAN_POINT('',(-1.708710813888,-0.81983041465,
    -9.999999999967E-04));
#4214 = CARTESIAN_POINT('',(-1.65744948947,-0.79523550221,
    11.299000000012));
#4215 = CARTESIAN_POINT('',(-1.304309610086,-0.789774622555,
    -1.000000000002E-03));
#4216 = CARTESIAN_POINT('',(-1.265180321785,-0.766081383878,
    11.298999999993));
#4217 = CARTESIAN_POINT('',(-0.99810624174,-0.584819672445,
    -9.999999999994E-04));
#4218 = CARTESIAN_POINT('',(-0.968163054488,-0.567275082272,
    11.299000000003));
#4219 = CARTESIAN_POINT('',(-0.845,-0.292409777757,-1.E-03));
#4220 = CARTESIAN_POINT('',(-0.81965,-0.283637484424,11.298999999999));
#4221 = CARTESIAN_POINT('',(-0.845,-5.383081431046E-16,-1.E-03));
#4222 = CARTESIAN_POINT('',(-0.81965,1.03914954888E-15,11.299));
#4223 = DEFINITIONAL_REPRESENTATION('',(#4224),#4235);
#4224 = B_SPLINE_CURVE_WITH_KNOTS('',5,(#4225,#4226,#4227,#4228,#4229,
    #4230,#4231,#4232,#4233,#4234),.UNSPECIFIED.,.F.,.F.,(6,4,6),(0.,
    0.46399267962,1.),.UNSPECIFIED.);
#4225 = CARTESIAN_POINT('',(2.000496595206,0.532719025223));
#4226 = CARTESIAN_POINT('',(1.920760170846,0.532504105595));
#4227 = CARTESIAN_POINT('',(1.841010792987,0.532335892665));
#4228 = CARTESIAN_POINT('',(1.761256535947,0.532217285797));
#4229 = CARTESIAN_POINT('',(1.68149474398,0.532149894571));
#4230 = CARTESIAN_POINT('',(1.509595480918,0.532115489688));
#4231 = CARTESIAN_POINT('',(1.417452610138,0.532165677921));
#4232 = CARTESIAN_POINT('',(1.325323121858,0.532284829554));
#4233 = CARTESIAN_POINT('',(1.233199450187,0.53247077197));
#4234 = CARTESIAN_POINT('',(1.141096057772,0.532719025223));
#4235 = ( GEOMETRIC_REPRESENTATION_CONTEXT(2) 
PARAMETRIC_REPRESENTATION_CONTEXT() REPRESENTATION_CONTEXT('2D SPACE',''
  ) );
#4236 = ORIENTED_EDGE('',*,*,#4237,.F.);
#4237 = EDGE_CURVE('',#4238,#4165,#4240,.T.);
#4238 = VERTEX_POINT('',#4239);
#4239 = CARTESIAN_POINT('',(-1.992637319316,0.541210136111,
    6.018724966745));
#4240 = SURFACE_CURVE('',#4241,(#4245,#4251),.PCURVE_S1.);
#4241 = LINE('',#4242,#4243);
#4242 = CARTESIAN_POINT('',(2.904551347411E-17,0.541210136111,
    6.018724966745));
#4243 = VECTOR('',#4244,1.);
#4244 = DIRECTION('',(1.,-0.,0.));
#4245 = PCURVE('',#1148,#4246);
#4246 = DEFINITIONAL_REPRESENTATION('',(#4247),#4250);
#4247 = B_SPLINE_CURVE_WITH_KNOTS('',1,(#4248,#4249),.UNSPECIFIED.,.F.,
  .F.,(2,2),(-2.025,-1.650980410796),.PIECEWISE_BEZIER_KNOTS.);
#4248 = CARTESIAN_POINT('',(2.025,-1.3585180069));
#4249 = CARTESIAN_POINT('',(1.650980410796,-1.3585180069));
#4250 = ( GEOMETRIC_REPRESENTATION_CONTEXT(2) 
PARAMETRIC_REPRESENTATION_CONTEXT() REPRESENTATION_CONTEXT('2D SPACE',''
  ) );
#4251 = PCURVE('',#4252,#4257);
#4252 = PLANE('',#4253);
#4253 = AXIS2_PLACEMENT_3D('',#4254,#4255,#4256);
#4254 = CARTESIAN_POINT('',(5.809102694823E-17,0.541782780009,
    5.626550660521));
#4255 = DIRECTION('',(0.,0.999998933943,1.460175434519E-03));
#4256 = DIRECTION('',(0.,-1.460175434519E-03,0.999998933943));
#4257 = DEFINITIONAL_REPRESENTATION('',(#4258),#4261);
#4258 = B_SPLINE_CURVE_WITH_KNOTS('',1,(#4259,#4260),.UNSPECIFIED.,.F.,
  .F.,(2,2),(-2.025,-1.650980410796),.PIECEWISE_BEZIER_KNOTS.);
#4259 = CARTESIAN_POINT('',(0.392174724305,-2.025));
#4260 = CARTESIAN_POINT('',(0.392174724305,-1.650980410796));
#4261 = ( GEOMETRIC_REPRESENTATION_CONTEXT(2) 
PARAMETRIC_REPRESENTATION_CONTEXT() REPRESENTATION_CONTEXT('2D SPACE',''
  ) );
#4262 = ORIENTED_EDGE('',*,*,#4263,.F.);
#4263 = EDGE_CURVE('',#4264,#4238,#4266,.T.);
#4264 = VERTEX_POINT('',#4265);
#4265 = CARTESIAN_POINT('',(-1.992402263284,0.185120118034,
    6.062447323256));
#4266 = SURFACE_CURVE('',#4267,(#4271,#4277),.PCURVE_S1.);
#4267 = LINE('',#4268,#4269);
#4268 = CARTESIAN_POINT('',(-1.992921017599,0.970989053027,
    5.965954751146));
#4269 = VECTOR('',#4270,1.);
#4270 = DIRECTION('',(-6.551823914001E-04,0.992545938609,-0.121869317248
    ));
#4271 = PCURVE('',#1148,#4272);
#4272 = DEFINITIONAL_REPRESENTATION('',(#4273),#4276);
#4273 = B_SPLINE_CURVE_WITH_KNOTS('',1,(#4274,#4275),.UNSPECIFIED.,.F.,
  .F.,(2,2),(-0.794406199469,-0.424150698371),.PIECEWISE_BEZIER_KNOTS.);
#4274 = CARTESIAN_POINT('',(1.992400536645,-1.719917554296));
#4275 = CARTESIAN_POINT('',(1.99264312153,-1.349662132667));
#4276 = ( GEOMETRIC_REPRESENTATION_CONTEXT(2) 
PARAMETRIC_REPRESENTATION_CONTEXT() REPRESENTATION_CONTEXT('2D SPACE',''
  ) );
#4277 = PCURVE('',#4278,#4283);
#4278 = PLANE('',#4279);
#4279 = AXIS2_PLACEMENT_3D('',#4280,#4281,#4282);
#4280 = CARTESIAN_POINT('',(-1.994665471628,-1.793042846741E-17,
    5.641471944119));
#4281 = DIRECTION('',(-0.999985549054,-0.,5.376028504872E-03));
#4282 = DIRECTION('',(-5.376028504872E-03,0.,-0.999985549054));
#4283 = DEFINITIONAL_REPRESENTATION('',(#4284),#4287);
#4284 = B_SPLINE_CURVE_WITH_KNOTS('',1,(#4285,#4286),.UNSPECIFIED.,.F.,
  .F.,(2,2),(-0.794406199469,-0.424150698371),.PIECEWISE_BEZIER_KNOTS.);
#4285 = CARTESIAN_POINT('',(-0.421302636395,-0.182504406138));
#4286 = CARTESIAN_POINT('',(-0.376179199192,-0.55));
#4287 = ( GEOMETRIC_REPRESENTATION_CONTEXT(2) 
PARAMETRIC_REPRESENTATION_CONTEXT() REPRESENTATION_CONTEXT('2D SPACE',''
  ) );
#4288 = ORIENTED_EDGE('',*,*,#4289,.F.);
#4289 = EDGE_CURVE('',#4290,#4264,#4292,.T.);
#4290 = VERTEX_POINT('',#4291);
#4291 = CARTESIAN_POINT('',(-1.992157881642,-0.185097411797,
    6.107904320095));
#4292 = SURFACE_CURVE('',#4293,(#4304,#4318),.PCURVE_S1.);
#4293 = B_SPLINE_CURVE_WITH_KNOTS('',5,(#4294,#4295,#4296,#4297,#4298,
    #4299,#4300,#4301,#4302,#4303),.UNSPECIFIED.,.F.,.F.,(6,4,6),(0.,
    0.432001302101,1.),.UNSPECIFIED.);
#4294 = CARTESIAN_POINT('',(-1.992157769044,-0.185097755192,
    6.107904362259));
#4295 = CARTESIAN_POINT('',(-2.002294005994,-0.154184812035,
    6.104108730107));
#4296 = CARTESIAN_POINT('',(-2.010318341956,-0.122582040099,
    6.100228397631));
#4297 = CARTESIAN_POINT('',(-2.016168166717,-9.048272263689E-02,
    6.096287097031));
#4298 = CARTESIAN_POINT('',(-2.019807656696,-5.808488175179E-02,
    6.092309142364));
#4299 = CARTESIAN_POINT('',(-2.02309495756,1.713156596314E-02,
    6.083073723859));
#4300 = CARTESIAN_POINT('',(-2.021125560216,6.00211791117E-02,
    6.077807541541));
#4301 = CARTESIAN_POINT('',(-2.015299344672,0.102618465078,
    6.072577252488));
#4302 = CARTESIAN_POINT('',(-2.005677851967,0.144464282102,
    6.067439232219));
#4303 = CARTESIAN_POINT('',(-1.992402151126,0.185120461513,
    6.062447281082));
#4304 = PCURVE('',#1148,#4305);
#4305 = DEFINITIONAL_REPRESENTATION('',(#4306),#4317);
#4306 = B_SPLINE_CURVE_WITH_KNOTS('',5,(#4307,#4308,#4309,#4310,#4311,
    #4312,#4313,#4314,#4315,#4316),.UNSPECIFIED.,.F.,.F.,(6,4,6),(0.,
    0.432001302101,1.),.UNSPECIFIED.);
#4307 = CARTESIAN_POINT('',(1.992157769044,-2.090280343695));
#4308 = CARTESIAN_POINT('',(2.002294005994,-2.059135249731));
#4309 = CARTESIAN_POINT('',(2.010318341956,-2.027295146494));
#4310 = CARTESIAN_POINT('',(2.016168166717,-1.99495476876));
#4311 = CARTESIAN_POINT('',(2.019807656696,-1.962313625745));
#4312 = CARTESIAN_POINT('',(2.02309495756,-1.886532315636));
#4313 = CARTESIAN_POINT('',(2.021125560216,-1.843320608978));
#4314 = CARTESIAN_POINT('',(2.015299344672,-1.800403424829));
#4315 = CARTESIAN_POINT('',(2.005677851967,-1.758243353023));
#4316 = CARTESIAN_POINT('',(1.992402151126,-1.717281852801));
#4317 = ( GEOMETRIC_REPRESENTATION_CONTEXT(2) 
PARAMETRIC_REPRESENTATION_CONTEXT() REPRESENTATION_CONTEXT('2D SPACE',''
  ) );
#4318 = PCURVE('',#4319,#4348);
#4319 = B_SPLINE_SURFACE_WITH_KNOTS('',13,1,(
    (#4320,#4321)
    ,(#4322,#4323)
    ,(#4324,#4325)
    ,(#4326,#4327)
    ,(#4328,#4329)
    ,(#4330,#4331)
    ,(#4332,#4333)
    ,(#4334,#4335)
    ,(#4336,#4337)
    ,(#4338,#4339)
    ,(#4340,#4341)
    ,(#4342,#4343)
    ,(#4344,#4345)
    ,(#4346,#4347
    )),.UNSPECIFIED.,.T.,.F.,.F.,(14,14),(2,2),(0.,6.28318530718),(0.,1.
    ),.PIECEWISE_BEZIER_KNOTS.);
#4320 = CARTESIAN_POINT('',(-0.845,5.278006383383E-16,-1.E-03));
#4321 = CARTESIAN_POINT('',(-0.81965,-3.625542491478E-16,11.299));
#4322 = CARTESIAN_POINT('',(-0.845,0.292409777757,-9.999999999998E-04));
#4323 = CARTESIAN_POINT('',(-0.81965,0.283637484424,11.299));
#4324 = CARTESIAN_POINT('',(-0.998106241741,0.584819672445,
    -1.000000000001E-03));
#4325 = CARTESIAN_POINT('',(-0.968163054489,0.567275082272,
    11.298999999999));
#4326 = CARTESIAN_POINT('',(-1.304309610085,0.789774622555,
    -9.999999999978E-04));
#4327 = CARTESIAN_POINT('',(-1.265180321781,0.766081383878,
    11.299000000002));
#4328 = CARTESIAN_POINT('',(-1.708710813892,0.819830414649,
    -1.000000000004E-03));
#4329 = CARTESIAN_POINT('',(-1.657449489478,0.79523550221,
    11.298999999997));
#4330 = CARTESIAN_POINT('',(-2.101234851753,0.625853548823,
    -9.999999999937E-04));
#4331 = CARTESIAN_POINT('',(-2.038197806196,0.607077942359,
    11.299000000006));
#4332 = CARTESIAN_POINT('',(-2.347638487673,0.235615841821,
    -1.000000000007E-03));
#4333 = CARTESIAN_POINT('',(-2.277209333048,0.228547366566,
    11.298999999989));
#4334 = CARTESIAN_POINT('',(-2.347638487666,-0.235615841821,
    -9.99999999993E-04));
#4335 = CARTESIAN_POINT('',(-2.277209333031,-0.228547366566,
    11.299000000015));
#4336 = CARTESIAN_POINT('',(-2.101234851758,-0.625853548823,
    -1.000000000005E-03));
#4337 = CARTESIAN_POINT('',(-2.038197806209,-0.607077942359,
    11.298999999984));
#4338 = CARTESIAN_POINT('',(-1.708710813888,-0.81983041465,
    -9.999999999967E-04));
#4339 = CARTESIAN_POINT('',(-1.65744948947,-0.79523550221,
    11.299000000012));
#4340 = CARTESIAN_POINT('',(-1.304309610086,-0.789774622555,
    -1.000000000002E-03));
#4341 = CARTESIAN_POINT('',(-1.265180321785,-0.766081383878,
    11.298999999993));
#4342 = CARTESIAN_POINT('',(-0.99810624174,-0.584819672445,
    -9.999999999994E-04));
#4343 = CARTESIAN_POINT('',(-0.968163054488,-0.567275082272,
    11.299000000003));
#4344 = CARTESIAN_POINT('',(-0.845,-0.292409777757,-1.E-03));
#4345 = CARTESIAN_POINT('',(-0.81965,-0.283637484424,11.298999999999));
#4346 = CARTESIAN_POINT('',(-0.845,-5.383081431046E-16,-1.E-03));
#4347 = CARTESIAN_POINT('',(-0.81965,1.03914954888E-15,11.299));
#4348 = DEFINITIONAL_REPRESENTATION('',(#4349),#4360);
#4349 = B_SPLINE_CURVE_WITH_KNOTS('',5,(#4350,#4351,#4352,#4353,#4354,
    #4355,#4356,#4357,#4358,#4359),.UNSPECIFIED.,.F.,.F.,(6,4,6),(0.,
    0.432001302101,1.),.UNSPECIFIED.);
#4350 = CARTESIAN_POINT('',(3.457827634405,0.54061100551));
#4351 = CARTESIAN_POINT('',(3.403176333387,0.540275108859));
#4352 = CARTESIAN_POINT('',(3.348529155016,0.539931716605));
#4353 = CARTESIAN_POINT('',(3.293884977335,0.539582928941));
#4354 = CARTESIAN_POINT('',(3.239242573467,0.539230897554));
#4355 = CARTESIAN_POINT('',(3.112756931893,0.538413603881));
#4356 = CARTESIAN_POINT('',(3.040913004146,0.537947570048));
#4357 = CARTESIAN_POINT('',(2.969068348144,0.53748471261));
#4358 = CARTESIAN_POINT('',(2.897216507276,0.53703002055));
#4359 = CARTESIAN_POINT('',(2.825357672774,0.536588254963));
#4360 = ( GEOMETRIC_REPRESENTATION_CONTEXT(2) 
PARAMETRIC_REPRESENTATION_CONTEXT() REPRESENTATION_CONTEXT('2D SPACE',''
  ) );
#4361 = ORIENTED_EDGE('',*,*,#4362,.F.);
#4362 = EDGE_CURVE('',#4363,#4290,#4365,.T.);
#4363 = VERTEX_POINT('',#4364);
#4364 = CARTESIAN_POINT('',(-1.991922938701,-0.541016106808,
    6.151605640779));
#4365 = SURFACE_CURVE('',#4366,(#4370,#4376),.PCURVE_S1.);
#4366 = LINE('',#4367,#4368);
#4367 = CARTESIAN_POINT('',(-1.992921017599,0.970989053027,
    5.965954751146));
#4368 = VECTOR('',#4369,1.);
#4369 = DIRECTION('',(-6.551823914001E-04,0.992545938609,-0.121869317248
    ));
#4370 = PCURVE('',#1148,#4371);
#4371 = DEFINITIONAL_REPRESENTATION('',(#4372),#4375);
#4372 = B_SPLINE_CURVE_WITH_KNOTS('',1,(#4373,#4374),.UNSPECIFIED.,.F.,
  .F.,(2,2),(-1.532411744244,-1.162156243147),.PIECEWISE_BEZIER_KNOTS.);
#4373 = CARTESIAN_POINT('',(1.991917008408,-2.457922940671));
#4374 = CARTESIAN_POINT('',(1.992159593292,-2.087667519042));
#4375 = ( GEOMETRIC_REPRESENTATION_CONTEXT(2) 
PARAMETRIC_REPRESENTATION_CONTEXT() REPRESENTATION_CONTEXT('2D SPACE',''
  ) );
#4376 = PCURVE('',#4377,#4382);
#4377 = PLANE('',#4378);
#4378 = AXIS2_PLACEMENT_3D('',#4379,#4380,#4381);
#4379 = CARTESIAN_POINT('',(-1.994665471628,-1.793042846741E-17,
    5.641471944119));
#4380 = DIRECTION('',(-0.999985549054,-0.,5.376028504872E-03));
#4381 = DIRECTION('',(-5.376028504872E-03,0.,-0.999985549054));
#4382 = DEFINITIONAL_REPRESENTATION('',(#4383),#4386);
#4383 = B_SPLINE_CURVE_WITH_KNOTS('',1,(#4384,#4385),.UNSPECIFIED.,.F.,
  .F.,(2,2),(-1.532411744244,-1.162156243147),.PIECEWISE_BEZIER_KNOTS.);
#4384 = CARTESIAN_POINT('',(-0.511244168002,0.55));
#4385 = CARTESIAN_POINT('',(-0.4661207308,0.182504406138));
#4386 = ( GEOMETRIC_REPRESENTATION_CONTEXT(2) 
PARAMETRIC_REPRESENTATION_CONTEXT() REPRESENTATION_CONTEXT('2D SPACE',''
  ) );
#4387 = ORIENTED_EDGE('',*,*,#4388,.F.);
#4388 = EDGE_CURVE('',#2595,#4363,#4389,.T.);
#4389 = SURFACE_CURVE('',#4390,(#4394,#4400),.PCURVE_S1.);
#4390 = LINE('',#4391,#4392);
#4391 = CARTESIAN_POINT('',(2.904551347411E-17,-0.541016106808,
    6.151605640779));
#4392 = VECTOR('',#4393,1.);
#4393 = DIRECTION('',(-1.,0.,-0.));
#4394 = PCURVE('',#1148,#4395);
#4395 = DEFINITIONAL_REPRESENTATION('',(#4396),#4399);
#4396 = B_SPLINE_CURVE_WITH_KNOTS('',1,(#4397,#4398),.UNSPECIFIED.,.F.,
  .F.,(2,2),(1.650980410796,2.025),.PIECEWISE_BEZIER_KNOTS.);
#4397 = CARTESIAN_POINT('',(1.650980410796,-2.448871580009));
#4398 = CARTESIAN_POINT('',(2.025,-2.448871580009));
#4399 = ( GEOMETRIC_REPRESENTATION_CONTEXT(2) 
PARAMETRIC_REPRESENTATION_CONTEXT() REPRESENTATION_CONTEXT('2D SPACE',''
  ) );
#4400 = PCURVE('',#4401,#4406);
#4401 = PLANE('',#4402);
#4402 = AXIS2_PLACEMENT_3D('',#4403,#4404,#4405);
#4403 = CARTESIAN_POINT('',(5.809102694823E-17,-0.541782780009,
    5.626550660521));
#4404 = DIRECTION('',(-0.,-0.999998933943,1.460175434519E-03));
#4405 = DIRECTION('',(0.,-1.460175434519E-03,-0.999998933943));
#4406 = DEFINITIONAL_REPRESENTATION('',(#4407),#4410);
#4407 = B_SPLINE_CURVE_WITH_KNOTS('',1,(#4408,#4409),.UNSPECIFIED.,.F.,
  .F.,(2,2),(1.650980410796,2.025),.PIECEWISE_BEZIER_KNOTS.);
#4408 = CARTESIAN_POINT('',(-0.525055539997,-1.650980410796));
#4409 = CARTESIAN_POINT('',(-0.525055539997,-2.025));
#4410 = ( GEOMETRIC_REPRESENTATION_CONTEXT(2) 
PARAMETRIC_REPRESENTATION_CONTEXT() REPRESENTATION_CONTEXT('2D SPACE',''
  ) );
#4411 = ADVANCED_FACE('',(#4412),#1122,.F.);
#4412 = FACE_BOUND('',#4413,.F.);
#4413 = EDGE_LOOP('',(#4414,#4436,#4455,#4456));
#4414 = ORIENTED_EDGE('',*,*,#4415,.F.);
#4415 = EDGE_CURVE('',#4416,#2526,#4418,.T.);
#4416 = VERTEX_POINT('',#4417);
#4417 = CARTESIAN_POINT('',(-6.1,-3.981367853233,7.681281017495));
#4418 = SURFACE_CURVE('',#4419,(#4423,#4429),.PCURVE_S1.);
#4419 = LINE('',#4420,#4421);
#4420 = CARTESIAN_POINT('',(-6.1,-3.98124598389,7.682273563646));
#4421 = VECTOR('',#4422,1.);
#4422 = DIRECTION('',(0.,-0.121869343405,-0.992546151641));
#4423 = PCURVE('',#1122,#4424);
#4424 = DEFINITIONAL_REPRESENTATION('',(#4425),#4428);
#4425 = B_SPLINE_CURVE_WITH_KNOTS('',1,(#4426,#4427),.UNSPECIFIED.,.F.,
  .F.,(2,2),(0.,1.1),.PIECEWISE_BEZIER_KNOTS.);
#4426 = CARTESIAN_POINT('',(-0.55,6.05));
#4427 = CARTESIAN_POINT('',(0.55,6.05));
#4428 = ( GEOMETRIC_REPRESENTATION_CONTEXT(2) 
PARAMETRIC_REPRESENTATION_CONTEXT() REPRESENTATION_CONTEXT('2D SPACE',''
  ) );
#4429 = PCURVE('',#1611,#4430);
#4430 = DEFINITIONAL_REPRESENTATION('',(#4431),#4435);
#4431 = LINE('',#4432,#4433);
#4432 = CARTESIAN_POINT('',(-0.55,-6.1));
#4433 = VECTOR('',#4434,1.);
#4434 = DIRECTION('',(1.,0.));
#4435 = ( GEOMETRIC_REPRESENTATION_CONTEXT(2) 
PARAMETRIC_REPRESENTATION_CONTEXT() REPRESENTATION_CONTEXT('2D SPACE',''
  ) );
#4436 = ORIENTED_EDGE('',*,*,#4437,.F.);
#4437 = EDGE_CURVE('',#1081,#4416,#4438,.T.);
#4438 = SURFACE_CURVE('',#4439,(#4443,#4449),.PCURVE_S1.);
#4439 = LINE('',#4440,#4441);
#4440 = CARTESIAN_POINT('',(-6.1,1.356049077218,7.025928623334));
#4441 = VECTOR('',#4442,1.);
#4442 = DIRECTION('',(0.,-0.992546151641,0.121869343405));
#4443 = PCURVE('',#1122,#4444);
#4444 = DEFINITIONAL_REPRESENTATION('',(#4445),#4448);
#4445 = B_SPLINE_CURVE_WITH_KNOTS('',1,(#4446,#4447),.UNSPECIFIED.,.F.,
  .F.,(2,2),(-5.904375,5.3775),.PIECEWISE_BEZIER_KNOTS.);
#4446 = CARTESIAN_POINT('',(-0.549,-5.231875));
#4447 = CARTESIAN_POINT('',(-0.549,6.05));
#4448 = ( GEOMETRIC_REPRESENTATION_CONTEXT(2) 
PARAMETRIC_REPRESENTATION_CONTEXT() REPRESENTATION_CONTEXT('2D SPACE',''
  ) );
#4449 = PCURVE('',#1095,#4450);
#4450 = DEFINITIONAL_REPRESENTATION('',(#4451),#4454);
#4451 = B_SPLINE_CURVE_WITH_KNOTS('',1,(#4452,#4453),.UNSPECIFIED.,.F.,
  .F.,(2,2),(-5.904375,5.3775),.PIECEWISE_BEZIER_KNOTS.);
#4452 = CARTESIAN_POINT('',(-6.1,6.576875));
#4453 = CARTESIAN_POINT('',(-6.1,-4.705));
#4454 = ( GEOMETRIC_REPRESENTATION_CONTEXT(2) 
PARAMETRIC_REPRESENTATION_CONTEXT() REPRESENTATION_CONTEXT('2D SPACE',''
  ) );
#4455 = ORIENTED_EDGE('',*,*,#1107,.F.);
#4456 = ORIENTED_EDGE('',*,*,#2547,.F.);
#4457 = ADVANCED_FACE('',(#4458),#1095,.T.);
#4458 = FACE_BOUND('',#4459,.T.);
#4459 = EDGE_LOOP('',(#4460,#4461,#4481,#4482,#4483,#4502));
#4460 = ORIENTED_EDGE('',*,*,#1080,.T.);
#4461 = ORIENTED_EDGE('',*,*,#4462,.T.);
#4462 = EDGE_CURVE('',#1054,#1503,#4463,.T.);
#4463 = SURFACE_CURVE('',#4464,(#4468,#4475),.PCURVE_S1.);
#4464 = LINE('',#4465,#4466);
#4465 = CARTESIAN_POINT('',(-8.7875,7.216413761315,6.306366318866));
#4466 = VECTOR('',#4467,1.);
#4467 = DIRECTION('',(0.,-0.992546151641,0.121869343405));
#4468 = PCURVE('',#1095,#4469);
#4469 = DEFINITIONAL_REPRESENTATION('',(#4470),#4474);
#4470 = LINE('',#4471,#4472);
#4471 = CARTESIAN_POINT('',(-8.7875,6.576875));
#4472 = VECTOR('',#4473,1.);
#4473 = DIRECTION('',(0.,-1.));
#4474 = ( GEOMETRIC_REPRESENTATION_CONTEXT(2) 
PARAMETRIC_REPRESENTATION_CONTEXT() REPRESENTATION_CONTEXT('2D SPACE',''
  ) );
#4475 = PCURVE('',#1435,#4476);
#4476 = DEFINITIONAL_REPRESENTATION('',(#4477),#4480);
#4477 = B_SPLINE_CURVE_WITH_KNOTS('',1,(#4478,#4479),.UNSPECIFIED.,.F.,
  .F.,(2,2),(0.,13.15375),.PIECEWISE_BEZIER_KNOTS.);
#4478 = CARTESIAN_POINT('',(-1.86072358458,-6.576875));
#4479 = CARTESIAN_POINT('',(-1.86072358458,6.576875));
#4480 = ( GEOMETRIC_REPRESENTATION_CONTEXT(2) 
PARAMETRIC_REPRESENTATION_CONTEXT() REPRESENTATION_CONTEXT('2D SPACE',''
  ) );
#4481 = ORIENTED_EDGE('',*,*,#1548,.T.);
#4482 = ORIENTED_EDGE('',*,*,#1573,.F.);
#4483 = ORIENTED_EDGE('',*,*,#4484,.F.);
#4484 = EDGE_CURVE('',#4416,#1574,#4485,.T.);
#4485 = SURFACE_CURVE('',#4486,(#4490,#4496),.PCURVE_S1.);
#4486 = LINE('',#4487,#4488);
#4487 = CARTESIAN_POINT('',(-3.339016615414E-17,-3.981367853233,
    7.681281017495));
#4488 = VECTOR('',#4489,1.);
#4489 = DIRECTION('',(1.,0.,0.));
#4490 = PCURVE('',#1095,#4491);
#4491 = DEFINITIONAL_REPRESENTATION('',(#4492),#4495);
#4492 = B_SPLINE_CURVE_WITH_KNOTS('',1,(#4493,#4494),.UNSPECIFIED.,.F.,
  .F.,(2,2),(-6.1,6.1),.PIECEWISE_BEZIER_KNOTS.);
#4493 = CARTESIAN_POINT('',(-6.1,-4.705));
#4494 = CARTESIAN_POINT('',(6.1,-4.705));
#4495 = ( GEOMETRIC_REPRESENTATION_CONTEXT(2) 
PARAMETRIC_REPRESENTATION_CONTEXT() REPRESENTATION_CONTEXT('2D SPACE',''
  ) );
#4496 = PCURVE('',#1611,#4497);
#4497 = DEFINITIONAL_REPRESENTATION('',(#4498),#4501);
#4498 = B_SPLINE_CURVE_WITH_KNOTS('',1,(#4499,#4500),.UNSPECIFIED.,.F.,
  .F.,(2,2),(-6.1,6.1),.PIECEWISE_BEZIER_KNOTS.);
#4499 = CARTESIAN_POINT('',(-0.549,-6.1));
#4500 = CARTESIAN_POINT('',(-0.549,6.1));
#4501 = ( GEOMETRIC_REPRESENTATION_CONTEXT(2) 
PARAMETRIC_REPRESENTATION_CONTEXT() REPRESENTATION_CONTEXT('2D SPACE',''
  ) );
#4502 = ORIENTED_EDGE('',*,*,#4437,.F.);
#4503 = ADVANCED_FACE('',(#4504),#1068,.T.);
#4504 = FACE_BOUND('',#4505,.T.);
#4505 = EDGE_LOOP('',(#4506,#4507,#4508));
#4506 = ORIENTED_EDGE('',*,*,#1053,.T.);
#4507 = ORIENTED_EDGE('',*,*,#1346,.F.);
#4508 = ORIENTED_EDGE('',*,*,#4509,.T.);
#4509 = EDGE_CURVE('',#303,#1054,#4510,.T.);
#4510 = SURFACE_CURVE('',#4511,(#4515,#4522),.PCURVE_S1.);
#4511 = LINE('',#4512,#4513);
#4512 = CARTESIAN_POINT('',(-9.95,7.679825848325,0.557035955403));
#4513 = VECTOR('',#4514,1.);
#4514 = DIRECTION('',(0.197571105319,-7.875857053646E-02,0.977119616992)
  );
#4515 = PCURVE('',#1068,#4516);
#4516 = DEFINITIONAL_REPRESENTATION('',(#4517),#4521);
#4517 = LINE('',#4518,#4519);
#4518 = CARTESIAN_POINT('',(-1.939736287409,-3.539976702682));
#4519 = VECTOR('',#4520,1.);
#4520 = DIRECTION('',(0.980270022563,0.197663053866));
#4521 = ( GEOMETRIC_REPRESENTATION_CONTEXT(2) 
PARAMETRIC_REPRESENTATION_CONTEXT() REPRESENTATION_CONTEXT('2D SPACE',''
  ) );
#4522 = PCURVE('',#1384,#4523);
#4523 = DEFINITIONAL_REPRESENTATION('',(#4524),#4527);
#4524 = B_SPLINE_CURVE_WITH_KNOTS('',1,(#4525,#4526),.UNSPECIFIED.,.F.,
  .F.,(2,2),(0.,5.883957566182),.PIECEWISE_BEZIER_KNOTS.);
#4525 = CARTESIAN_POINT('',(2.054243849814,-2.581868370319));
#4526 = CARTESIAN_POINT('',(-3.713909527135,-1.420247407775));
#4527 = ( GEOMETRIC_REPRESENTATION_CONTEXT(2) 
PARAMETRIC_REPRESENTATION_CONTEXT() REPRESENTATION_CONTEXT('2D SPACE',''
  ) );
#4528 = ADVANCED_FACE('',(#4529),#1267,.F.);
#4529 = FACE_BOUND('',#4530,.F.);
#4530 = EDGE_LOOP('',(#4531,#4532,#4533,#4534));
#4531 = ORIENTED_EDGE('',*,*,#2569,.F.);
#4532 = ORIENTED_EDGE('',*,*,#2482,.T.);
#4533 = ORIENTED_EDGE('',*,*,#1254,.F.);
#4534 = ORIENTED_EDGE('',*,*,#2393,.F.);
#4535 = ADVANCED_FACE('',(#4536),#1384,.T.);
#4536 = FACE_BOUND('',#4537,.T.);
#4537 = EDGE_LOOP('',(#4538,#4539,#4540));
#4538 = ORIENTED_EDGE('',*,*,#4509,.F.);
#4539 = ORIENTED_EDGE('',*,*,#1369,.T.);
#4540 = ORIENTED_EDGE('',*,*,#4541,.T.);
#4541 = EDGE_CURVE('',#1370,#1054,#4542,.T.);
#4542 = SURFACE_CURVE('',#4543,(#4547,#4554),.PCURVE_S1.);
#4543 = LINE('',#4544,#4545);
#4544 = CARTESIAN_POINT('',(-10.15,1.525380030484,1.614959830385));
#4545 = VECTOR('',#4546,1.);
#4546 = DIRECTION('',(0.181660908486,0.758780446066,0.625501038365));
#4547 = PCURVE('',#1384,#4548);
#4548 = DEFINITIONAL_REPRESENTATION('',(#4549),#4553);
#4549 = LINE('',#4550,#4551);
#4550 = CARTESIAN_POINT('',(1.802851429823,3.660984190904));
#4551 = VECTOR('',#4552,1.);
#4552 = DIRECTION('',(-0.735544812726,-0.677476072251));
#4553 = ( GEOMETRIC_REPRESENTATION_CONTEXT(2) 
PARAMETRIC_REPRESENTATION_CONTEXT() REPRESENTATION_CONTEXT('2D SPACE',''
  ) );
#4554 = PCURVE('',#1435,#4555);
#4555 = DEFINITIONAL_REPRESENTATION('',(#4556),#4559);
#4556 = B_SPLINE_CURVE_WITH_KNOTS('',1,(#4557,#4558),.UNSPECIFIED.,.F.,
  .F.,(2,2),(0.,7.500237730607),.PIECEWISE_BEZIER_KNOTS.);
#4557 = CARTESIAN_POINT('',(3.660046855314,-1.5));
#4558 = CARTESIAN_POINT('',(-1.86072358458,-6.576875));
#4559 = ( GEOMETRIC_REPRESENTATION_CONTEXT(2) 
PARAMETRIC_REPRESENTATION_CONTEXT() REPRESENTATION_CONTEXT('2D SPACE',''
  ) );
#4560 = ADVANCED_FACE('',(#4561),#1435,.T.);
#4561 = FACE_BOUND('',#4562,.T.);
#4562 = EDGE_LOOP('',(#4563,#4564,#4565,#4566));
#4563 = ORIENTED_EDGE('',*,*,#4462,.F.);
#4564 = ORIENTED_EDGE('',*,*,#4541,.F.);
#4565 = ORIENTED_EDGE('',*,*,#1420,.T.);
#4566 = ORIENTED_EDGE('',*,*,#4567,.F.);
#4567 = EDGE_CURVE('',#1503,#1421,#4568,.T.);
#4568 = SURFACE_CURVE('',#4569,(#4573,#4579),.PCURVE_S1.);
#4569 = LINE('',#4570,#4571);
#4570 = CARTESIAN_POINT('',(-8.7875,-5.839290180837,7.909405194681));
#4571 = VECTOR('',#4572,1.);
#4572 = DIRECTION('',(-0.181660908486,0.584919027099,-0.790486588163));
#4573 = PCURVE('',#1435,#4574);
#4574 = DEFINITIONAL_REPRESENTATION('',(#4575),#4578);
#4575 = B_SPLINE_CURVE_WITH_KNOTS('',1,(#4576,#4577),.UNSPECIFIED.,.F.,
  .F.,(2,2),(0.,7.500237730607),.PIECEWISE_BEZIER_KNOTS.);
#4576 = CARTESIAN_POINT('',(-1.86072358458,6.576875));
#4577 = CARTESIAN_POINT('',(3.660046855314,1.5));
#4578 = ( GEOMETRIC_REPRESENTATION_CONTEXT(2) 
PARAMETRIC_REPRESENTATION_CONTEXT() REPRESENTATION_CONTEXT('2D SPACE',''
  ) );
#4579 = PCURVE('',#1488,#4580);
#4580 = DEFINITIONAL_REPRESENTATION('',(#4581),#4585);
#4581 = LINE('',#4582,#4583);
#4582 = CARTESIAN_POINT('',(-3.713909527135,1.420247407775));
#4583 = VECTOR('',#4584,1.);
#4584 = DIRECTION('',(0.735544812726,-0.677476072251));
#4585 = ( GEOMETRIC_REPRESENTATION_CONTEXT(2) 
PARAMETRIC_REPRESENTATION_CONTEXT() REPRESENTATION_CONTEXT('2D SPACE',''
  ) );
#4586 = ADVANCED_FACE('',(#4587),#1488,.T.);
#4587 = FACE_BOUND('',#4588,.T.);
#4588 = EDGE_LOOP('',(#4589,#4590,#4591));
#4589 = ORIENTED_EDGE('',*,*,#4567,.T.);
#4590 = ORIENTED_EDGE('',*,*,#1474,.F.);
#4591 = ORIENTED_EDGE('',*,*,#1502,.T.);
#4592 = ADVANCED_FACE('',(#4593),#1611,.F.);
#4593 = FACE_BOUND('',#4594,.F.);
#4594 = EDGE_LOOP('',(#4595,#4596,#4597,#4598));
#4595 = ORIENTED_EDGE('',*,*,#2525,.F.);
#4596 = ORIENTED_EDGE('',*,*,#1595,.F.);
#4597 = ORIENTED_EDGE('',*,*,#4484,.F.);
#4598 = ORIENTED_EDGE('',*,*,#4415,.T.);
#4599 = ADVANCED_FACE('',(#4600),#1661,.F.);
#4600 = FACE_BOUND('',#4601,.F.);
#4601 = EDGE_LOOP('',(#4602,#4603,#4604,#4623));
#4602 = ORIENTED_EDGE('',*,*,#2505,.T.);
#4603 = ORIENTED_EDGE('',*,*,#2348,.F.);
#4604 = ORIENTED_EDGE('',*,*,#4605,.T.);
#4605 = EDGE_CURVE('',#2327,#1646,#4606,.T.);
#4606 = SURFACE_CURVE('',#4607,(#4611,#4617),.PCURVE_S1.);
#4607 = LINE('',#4608,#4609);
#4608 = CARTESIAN_POINT('',(4.292640436144E-17,-5.848184163407,
    6.236835645966));
#4609 = VECTOR('',#4610,1.);
#4610 = DIRECTION('',(-1.,0.,0.));
#4611 = PCURVE('',#1661,#4612);
#4612 = DEFINITIONAL_REPRESENTATION('',(#4613),#4616);
#4613 = B_SPLINE_CURVE_WITH_KNOTS('',1,(#4614,#4615),.UNSPECIFIED.,.F.,
  .F.,(2,2),(-4.5,4.5),.PIECEWISE_BEZIER_KNOTS.);
#4614 = CARTESIAN_POINT('',(-8.500857038161E-02,4.5));
#4615 = CARTESIAN_POINT('',(-8.500857038161E-02,-4.5));
#4616 = ( GEOMETRIC_REPRESENTATION_CONTEXT(2) 
PARAMETRIC_REPRESENTATION_CONTEXT() REPRESENTATION_CONTEXT('2D SPACE',''
  ) );
#4617 = PCURVE('',#1688,#4618);
#4618 = DEFINITIONAL_REPRESENTATION('',(#4619),#4622);
#4619 = B_SPLINE_CURVE_WITH_KNOTS('',1,(#4620,#4621),.UNSPECIFIED.,.F.,
  .F.,(2,2),(-4.5,4.5),.PIECEWISE_BEZIER_KNOTS.);
#4620 = CARTESIAN_POINT('',(1.20410192135,4.5));
#4621 = CARTESIAN_POINT('',(1.20410192135,-4.5));
#4622 = ( GEOMETRIC_REPRESENTATION_CONTEXT(2) 
PARAMETRIC_REPRESENTATION_CONTEXT() REPRESENTATION_CONTEXT('2D SPACE',''
  ) );
#4623 = ORIENTED_EDGE('',*,*,#1645,.F.);
#4624 = ADVANCED_FACE('',(#4625),#1688,.F.);
#4625 = FACE_BOUND('',#4626,.F.);
#4626 = EDGE_LOOP('',(#4627,#4628,#4629,#4630));
#4627 = ORIENTED_EDGE('',*,*,#1672,.F.);
#4628 = ORIENTED_EDGE('',*,*,#4605,.F.);
#4629 = ORIENTED_EDGE('',*,*,#2326,.F.);
#4630 = ORIENTED_EDGE('',*,*,#4631,.F.);
#4631 = EDGE_CURVE('',#1673,#2304,#4632,.T.);
#4632 = SURFACE_CURVE('',#4633,(#4637,#4643),.PCURVE_S1.);
#4633 = LINE('',#4634,#4635);
#4634 = CARTESIAN_POINT('',(0.,-5.708080755622,5.222386155728));
#4635 = VECTOR('',#4636,1.);
#4636 = DIRECTION('',(1.,0.,0.));
#4637 = PCURVE('',#1688,#4638);
#4638 = DEFINITIONAL_REPRESENTATION('',(#4639),#4642);
#4639 = B_SPLINE_CURVE_WITH_KNOTS('',1,(#4640,#4641),.UNSPECIFIED.,.F.,
  .F.,(2,2),(-4.5,4.5),.PIECEWISE_BEZIER_KNOTS.);
#4640 = CARTESIAN_POINT('',(0.18002344139,-4.5));
#4641 = CARTESIAN_POINT('',(0.18002344139,4.5));
#4642 = ( GEOMETRIC_REPRESENTATION_CONTEXT(2) 
PARAMETRIC_REPRESENTATION_CONTEXT() REPRESENTATION_CONTEXT('2D SPACE',''
  ) );
#4643 = PCURVE('',#1715,#4644);
#4644 = DEFINITIONAL_REPRESENTATION('',(#4645),#4649);
#4645 = LINE('',#4646,#4647);
#4646 = CARTESIAN_POINT('',(-2.2,-6.119178343949));
#4647 = VECTOR('',#4648,1.);
#4648 = DIRECTION('',(1.,0.));
#4649 = ( GEOMETRIC_REPRESENTATION_CONTEXT(2) 
PARAMETRIC_REPRESENTATION_CONTEXT() REPRESENTATION_CONTEXT('2D SPACE',''
  ) );
#4650 = ADVANCED_FACE('',(#4651,#4661),#1715,.F.);
#4651 = FACE_BOUND('',#4652,.F.);
#4652 = EDGE_LOOP('',(#4653,#4654,#4655,#4656,#4657,#4658,#4659,#4660));
#4653 = ORIENTED_EDGE('',*,*,#2112,.F.);
#4654 = ORIENTED_EDGE('',*,*,#1943,.T.);
#4655 = ORIENTED_EDGE('',*,*,#1894,.F.);
#4656 = ORIENTED_EDGE('',*,*,#1844,.T.);
#4657 = ORIENTED_EDGE('',*,*,#1699,.F.);
#4658 = ORIENTED_EDGE('',*,*,#4631,.T.);
#4659 = ORIENTED_EDGE('',*,*,#2303,.F.);
#4660 = ORIENTED_EDGE('',*,*,#2181,.T.);
#4661 = FACE_BOUND('',#4662,.F.);
#4662 = EDGE_LOOP('',(#4663));
#4663 = ORIENTED_EDGE('',*,*,#4664,.F.);
#4664 = EDGE_CURVE('',#4665,#4665,#4667,.T.);
#4665 = VERTEX_POINT('',#4666);
#4666 = CARTESIAN_POINT('',(3.197018828472,-7.830437750205E-16,
    4.521521966551));
#4667 = SURFACE_CURVE('',#4668,(#4673,#4680),.PCURVE_S1.);
#4668 = ELLIPSE('',#4669,3.257104484603,3.214872821593);
#4669 = AXIS2_PLACEMENT_3D('',#4670,#4671,#4672);
#4670 = CARTESIAN_POINT('',(0.,-0.340235301378,4.563297608634));
#4671 = DIRECTION('',(0.,0.121869343405,0.992546151641));
#4672 = DIRECTION('',(0.,-0.992546151641,0.121869343405));
#4673 = PCURVE('',#1715,#4674);
#4674 = DEFINITIONAL_REPRESENTATION('',(#4675),#4679);
#4675 = ELLIPSE('',#4676,3.257104484603,3.214872821593);
#4676 = AXIS2_PLACEMENT_2D('',#4677,#4678);
#4677 = CARTESIAN_POINT('',(-2.2,-0.711021307254));
#4678 = DIRECTION('',(0.,-1.));
#4679 = ( GEOMETRIC_REPRESENTATION_CONTEXT(2) 
PARAMETRIC_REPRESENTATION_CONTEXT() REPRESENTATION_CONTEXT('2D SPACE',''
  ) );
#4680 = PCURVE('',#4681,#4686);
#4681 = CONICAL_SURFACE('',#4682,2.75,0.708626272128);
#4682 = AXIS2_PLACEMENT_3D('',#4683,#4684,#4685);
#4683 = CARTESIAN_POINT('',(0.,0.,4.));
#4684 = DIRECTION('',(0.,0.,1.));
#4685 = DIRECTION('',(1.,0.,-0.));
#4686 = DEFINITIONAL_REPRESENTATION('',(#4687),#4718);
#4687 = B_SPLINE_CURVE_WITH_KNOTS('',8,(#4688,#4689,#4690,#4691,#4692,
    #4693,#4694,#4695,#4696,#4697,#4698,#4699,#4700,#4701,#4702,#4703,
    #4704,#4705,#4706,#4707,#4708,#4709,#4710,#4711,#4712,#4713,#4714,
    #4715,#4716,#4717),.UNSPECIFIED.,.F.,.F.,(9,7,7,7,9),(1.67623549613,
    3.247031822925,4.425129068021,6.192274935665,7.95942080331),
  .UNSPECIFIED.);
#4688 = CARTESIAN_POINT('',(0.,0.521521966551));
#4689 = CARTESIAN_POINT('',(0.197446069691,0.444015587372));
#4690 = CARTESIAN_POINT('',(0.399581095949,0.368349856999));
#4691 = CARTESIAN_POINT('',(0.606535993954,0.29907824602));
#4692 = CARTESIAN_POINT('',(0.818050425016,0.240602004707));
#4693 = CARTESIAN_POINT('',(1.033384025199,0.196611948079));
#4694 = CARTESIAN_POINT('',(1.251185040806,0.169548010062));
#4695 = CARTESIAN_POINT('',(1.469874006698,0.160358232735));
#4696 = CARTESIAN_POINT('',(1.851520320579,0.174712831983));
#4697 = CARTESIAN_POINT('',(2.014742360202,0.190647568924));
#4698 = CARTESIAN_POINT('',(2.176994458814,0.216163923529));
#4699 = CARTESIAN_POINT('',(2.337670505436,0.250602472394));
#4700 = CARTESIAN_POINT('',(2.496272562485,0.292869955696));
#4701 = CARTESIAN_POINT('',(2.652457585568,0.341503536473));
#4702 = CARTESIAN_POINT('',(2.806045853376,0.39477488036));
#4703 = CARTESIAN_POINT('',(3.183408989145,0.534922818961));
#4704 = CARTESIAN_POINT('',(3.403880496873,0.625283102332));
#4705 = CARTESIAN_POINT('',(3.618251878674,0.715662135043));
#4706 = CARTESIAN_POINT('',(3.827066113296,0.79915734991));
#4707 = CARTESIAN_POINT('',(4.031392453941,0.869179941444));
#4708 = CARTESIAN_POINT('',(4.232492175531,0.920635413786));
#4709 = CARTESIAN_POINT('',(4.431753865185,0.950639430465));
#4710 = CARTESIAN_POINT('',(4.829408896671,0.966559817408));
#4711 = CARTESIAN_POINT('',(5.027802407211,0.952476196484));
#4712 = CARTESIAN_POINT('',(5.227165847774,0.915757327044));
#4713 = CARTESIAN_POINT('',(5.428926312951,0.858104185484));
#4714 = CARTESIAN_POINT('',(5.634424151908,0.783611298639));
#4715 = CARTESIAN_POINT('',(5.844866156111,0.698240965712));
#4716 = CARTESIAN_POINT('',(6.061058478778,0.608716643127));
#4717 = CARTESIAN_POINT('',(6.28318530718,0.521521966551));
#4718 = ( GEOMETRIC_REPRESENTATION_CONTEXT(2) 
PARAMETRIC_REPRESENTATION_CONTEXT() REPRESENTATION_CONTEXT('2D SPACE',''
  ) );
#4719 = ADVANCED_FACE('',(#4720),#2624,.F.);
#4720 = FACE_BOUND('',#4721,.F.);
#4721 = EDGE_LOOP('',(#4722,#4751,#4800,#4827));
#4722 = ORIENTED_EDGE('',*,*,#4723,.F.);
#4723 = EDGE_CURVE('',#4724,#2595,#4726,.T.);
#4724 = VERTEX_POINT('',#4725);
#4725 = CARTESIAN_POINT('',(-1.700746748815,-0.549581560484,
    0.285567668855));
#4726 = SURFACE_CURVE('',#4727,(#4733,#4742),.PCURVE_S1.);
#4727 = B_SPLINE_CURVE_WITH_KNOTS('',4,(#4728,#4729,#4730,#4731,#4732),
  .UNSPECIFIED.,.F.,.F.,(5,5),(0.,1.),.PIECEWISE_BEZIER_KNOTS.);
#4728 = CARTESIAN_POINT('',(-1.702041660614,-0.55,-1.000000000001E-03));
#4729 = CARTESIAN_POINT('',(-1.68927634816,-0.545875,2.824));
#4730 = CARTESIAN_POINT('',(-1.676511035705,-0.54175,5.649));
#4731 = CARTESIAN_POINT('',(-1.66374572325,-0.537625,8.474));
#4732 = CARTESIAN_POINT('',(-1.650980410796,-0.5335,11.299));
#4733 = PCURVE('',#2624,#4734);
#4734 = DEFINITIONAL_REPRESENTATION('',(#4735),#4741);
#4735 = B_SPLINE_CURVE_WITH_KNOTS('',4,(#4736,#4737,#4738,#4739,#4740),
  .UNSPECIFIED.,.F.,.F.,(5,5),(0.,1.),.PIECEWISE_BEZIER_KNOTS.);
#4736 = CARTESIAN_POINT('',(4.282689311973,0.));
#4737 = CARTESIAN_POINT('',(4.282689311973,0.25));
#4738 = CARTESIAN_POINT('',(4.282689311973,0.5));
#4739 = CARTESIAN_POINT('',(4.282689311973,0.75));
#4740 = CARTESIAN_POINT('',(4.282689311973,1.));
#4741 = ( GEOMETRIC_REPRESENTATION_CONTEXT(2) 
PARAMETRIC_REPRESENTATION_CONTEXT() REPRESENTATION_CONTEXT('2D SPACE',''
  ) );
#4742 = PCURVE('',#4401,#4743);
#4743 = DEFINITIONAL_REPRESENTATION('',(#4744),#4750);
#4744 = B_SPLINE_CURVE_WITH_KNOTS('',4,(#4745,#4746,#4747,#4748,#4749),
  .UNSPECIFIED.,.F.,.F.,(5,5),(0.,1.),.PIECEWISE_BEZIER_KNOTS.);
#4745 = CARTESIAN_POINT('',(5.627556659815,-1.702041660614));
#4746 = CARTESIAN_POINT('',(2.802553648202,-1.68927634816));
#4747 = CARTESIAN_POINT('',(-2.244936341172E-02,-1.676511035705));
#4748 = CARTESIAN_POINT('',(-2.847452375025,-1.66374572325));
#4749 = CARTESIAN_POINT('',(-5.672455386639,-1.650980410796));
#4750 = ( GEOMETRIC_REPRESENTATION_CONTEXT(2) 
PARAMETRIC_REPRESENTATION_CONTEXT() REPRESENTATION_CONTEXT('2D SPACE',''
  ) );
#4751 = ORIENTED_EDGE('',*,*,#4752,.F.);
#4752 = EDGE_CURVE('',#4753,#4724,#4755,.T.);
#4753 = VERTEX_POINT('',#4754);
#4754 = CARTESIAN_POINT('',(-1.197046938869,-0.549581560484,
    0.285567668855));
#4755 = SURFACE_CURVE('',#4756,(#4767,#4781),.PCURVE_S1.);
#4756 = B_SPLINE_CURVE_WITH_KNOTS('',5,(#4757,#4758,#4759,#4760,#4761,
    #4762,#4763,#4764,#4765,#4766),.UNSPECIFIED.,.F.,.F.,(6,4,6),(0.,
    0.503705457078,1.),.UNSPECIFIED.);
#4757 = CARTESIAN_POINT('',(-1.197046278453,-0.549581257842,
    0.285567957544));
#4758 = CARTESIAN_POINT('',(-1.244027125861,-0.571110710492,
    0.265031118767));
#4759 = CARTESIAN_POINT('',(-1.293755273688,-0.587841634495,
    0.249071572819));
#4760 = CARTESIAN_POINT('',(-1.345492102945,-0.599195040911,
    0.238241614394));
#4761 = CARTESIAN_POINT('',(-1.398264300053,-0.604786017808,
    0.232908409086));
#4762 = CARTESIAN_POINT('',(-1.502934677,-0.60445859866,0.233220732598)
  );
#4763 = CARTESIAN_POINT('',(-1.554855794647,-0.598708277214,
    0.238705935885));
#4764 = CARTESIAN_POINT('',(-1.605714137645,-0.587369379761,
    0.249522054283));
#4765 = CARTESIAN_POINT('',(-1.654580455487,-0.570809176441,
    0.265318750613));
#4766 = CARTESIAN_POINT('',(-1.700747407008,-0.549581257842,
    0.285567957544));
#4767 = PCURVE('',#2624,#4768);
#4768 = DEFINITIONAL_REPRESENTATION('',(#4769),#4780);
#4769 = B_SPLINE_CURVE_WITH_KNOTS('',5,(#4770,#4771,#4772,#4773,#4774,
    #4775,#4776,#4777,#4778,#4779),.UNSPECIFIED.,.F.,.F.,(6,4,6),(0.,
    0.503705457078,1.),.UNSPECIFIED.);
#4770 = CARTESIAN_POINT('',(5.142089849408,2.53599962428E-02));
#4771 = CARTESIAN_POINT('',(5.056723890164,2.354257688206E-02));
#4772 = CARTESIAN_POINT('',(4.97051728764,2.213022768309E-02));
#4773 = CARTESIAN_POINT('',(4.883683232372,2.117182428264E-02));
#4774 = CARTESIAN_POINT('',(4.796466862612,2.069985921113E-02));
#4775 = CARTESIAN_POINT('',(4.623347552225,2.072749846E-02));
#4776 = CARTESIAN_POINT('',(4.537411029445,2.121291468005E-02));
#4777 = CARTESIAN_POINT('',(4.45183545361,2.217009329934E-02));
#4778 = CARTESIAN_POINT('',(4.366858465084,2.356803102769E-02));
#4779 = CARTESIAN_POINT('',(4.282688111973,2.53599962428E-02));
#4780 = ( GEOMETRIC_REPRESENTATION_CONTEXT(2) 
PARAMETRIC_REPRESENTATION_CONTEXT() REPRESENTATION_CONTEXT('2D SPACE',''
  ) );
#4781 = PCURVE('',#4782,#4787);
#4782 = PLANE('',#4783);
#4783 = AXIS2_PLACEMENT_3D('',#4784,#4785,#4786);
#4784 = CARTESIAN_POINT('',(2.277398851267E-17,-0.702665480206,
    0.1395416723));
#4785 = DIRECTION('',(0.,-0.69022946265,0.723590553345));
#4786 = DIRECTION('',(0.,0.723590553345,0.69022946265));
#4787 = DEFINITIONAL_REPRESENTATION('',(#4788),#4799);
#4788 = B_SPLINE_CURVE_WITH_KNOTS('',5,(#4789,#4790,#4791,#4792,#4793,
    #4794,#4795,#4796,#4797,#4798),.UNSPECIFIED.,.F.,.F.,(6,4,6),(0.,
    0.503705457078,1.),.UNSPECIFIED.);
#4789 = CARTESIAN_POINT('',(0.211561941566,1.197046278453));
#4790 = CARTESIAN_POINT('',(0.181808301816,1.244027125861));
#4791 = CARTESIAN_POINT('',(0.158686214435,1.293755273688));
#4792 = CARTESIAN_POINT('',(0.14299584042,1.345492102945));
#4793 = CARTESIAN_POINT('',(0.135269126919,1.398264300053));
#4794 = CARTESIAN_POINT('',(0.135721619212,1.502934677));
#4795 = CARTESIAN_POINT('',(0.143668546405,1.554855794647));
#4796 = CARTESIAN_POINT('',(0.159338869078,1.605714137645));
#4797 = CARTESIAN_POINT('',(0.182225020981,1.654580455487));
#4798 = CARTESIAN_POINT('',(0.211561941566,1.700747407008));
#4799 = ( GEOMETRIC_REPRESENTATION_CONTEXT(2) 
PARAMETRIC_REPRESENTATION_CONTEXT() REPRESENTATION_CONTEXT('2D SPACE',''
  ) );
#4800 = ORIENTED_EDGE('',*,*,#4801,.T.);
#4801 = EDGE_CURVE('',#4753,#2593,#4802,.T.);
#4802 = SURFACE_CURVE('',#4803,(#4809,#4818),.PCURVE_S1.);
#4803 = B_SPLINE_CURVE_WITH_KNOTS('',4,(#4804,#4805,#4806,#4807,#4808),
  .UNSPECIFIED.,.F.,.F.,(5,5),(0.,1.),.PIECEWISE_BEZIER_KNOTS.);
#4804 = CARTESIAN_POINT('',(-1.197958344524,-0.55,-1.000000000001E-03));
#4805 = CARTESIAN_POINT('',(-1.18897365694,-0.545875,2.824));
#4806 = CARTESIAN_POINT('',(-1.179988969356,-0.54175,5.649));
#4807 = CARTESIAN_POINT('',(-1.171004281772,-0.537625,8.474));
#4808 = CARTESIAN_POINT('',(-1.162019594188,-0.5335,11.299));
#4809 = PCURVE('',#2624,#4810);
#4810 = DEFINITIONAL_REPRESENTATION('',(#4811),#4817);
#4811 = B_SPLINE_CURVE_WITH_KNOTS('',4,(#4812,#4813,#4814,#4815,#4816),
  .UNSPECIFIED.,.F.,.F.,(5,5),(0.,1.),.PIECEWISE_BEZIER_KNOTS.);
#4812 = CARTESIAN_POINT('',(5.142088649408,0.));
#4813 = CARTESIAN_POINT('',(5.142088649408,0.25));
#4814 = CARTESIAN_POINT('',(5.142088649408,0.5));
#4815 = CARTESIAN_POINT('',(5.142088649408,0.75));
#4816 = CARTESIAN_POINT('',(5.142088649408,1.));
#4817 = ( GEOMETRIC_REPRESENTATION_CONTEXT(2) 
PARAMETRIC_REPRESENTATION_CONTEXT() REPRESENTATION_CONTEXT('2D SPACE',''
  ) );
#4818 = PCURVE('',#2682,#4819);
#4819 = DEFINITIONAL_REPRESENTATION('',(#4820),#4826);
#4820 = B_SPLINE_CURVE_WITH_KNOTS('',4,(#4821,#4822,#4823,#4824,#4825),
  .UNSPECIFIED.,.F.,.F.,(5,5),(0.,1.),.PIECEWISE_BEZIER_KNOTS.);
#4821 = CARTESIAN_POINT('',(5.627556659815,-1.197958344524));
#4822 = CARTESIAN_POINT('',(2.802553648202,-1.18897365694));
#4823 = CARTESIAN_POINT('',(-2.244936341168E-02,-1.179988969356));
#4824 = CARTESIAN_POINT('',(-2.847452375025,-1.171004281772));
#4825 = CARTESIAN_POINT('',(-5.672455386639,-1.162019594188));
#4826 = ( GEOMETRIC_REPRESENTATION_CONTEXT(2) 
PARAMETRIC_REPRESENTATION_CONTEXT() REPRESENTATION_CONTEXT('2D SPACE',''
  ) );
#4827 = ORIENTED_EDGE('',*,*,#2592,.T.);
#4828 = ADVANCED_FACE('',(#4829),#2682,.F.);
#4829 = FACE_BOUND('',#4830,.F.);
#4830 = EDGE_LOOP('',(#4831,#4832,#4853,#4872));
#4831 = ORIENTED_EDGE('',*,*,#4801,.F.);
#4832 = ORIENTED_EDGE('',*,*,#4833,.F.);
#4833 = EDGE_CURVE('',#4834,#4753,#4836,.T.);
#4834 = VERTEX_POINT('',#4835);
#4835 = CARTESIAN_POINT('',(-0.849353320747,-0.549581560484,
    0.285567668855));
#4836 = SURFACE_CURVE('',#4837,(#4841,#4847),.PCURVE_S1.);
#4837 = LINE('',#4838,#4839);
#4838 = CARTESIAN_POINT('',(4.043250773045E-17,-0.549581560484,
    0.285567668855));
#4839 = VECTOR('',#4840,1.);
#4840 = DIRECTION('',(-1.,0.,0.));
#4841 = PCURVE('',#2682,#4842);
#4842 = DEFINITIONAL_REPRESENTATION('',(#4843),#4846);
#4843 = B_SPLINE_CURVE_WITH_KNOTS('',1,(#4844,#4845),.UNSPECIFIED.,.F.,
  .F.,(2,2),(0.83611580143,1.197958344524),.PIECEWISE_BEZIER_KNOTS.);
#4844 = CARTESIAN_POINT('',(5.340988685462,-0.83611580143));
#4845 = CARTESIAN_POINT('',(5.340988685462,-1.197958344524));
#4846 = ( GEOMETRIC_REPRESENTATION_CONTEXT(2) 
PARAMETRIC_REPRESENTATION_CONTEXT() REPRESENTATION_CONTEXT('2D SPACE',''
  ) );
#4847 = PCURVE('',#4782,#4848);
#4848 = DEFINITIONAL_REPRESENTATION('',(#4849),#4852);
#4849 = B_SPLINE_CURVE_WITH_KNOTS('',1,(#4850,#4851),.UNSPECIFIED.,.F.,
  .F.,(2,2),(0.83611580143,1.197958344524),.PIECEWISE_BEZIER_KNOTS.);
#4850 = CARTESIAN_POINT('',(0.211561523316,0.83611580143));
#4851 = CARTESIAN_POINT('',(0.211561523316,1.197958344524));
#4852 = ( GEOMETRIC_REPRESENTATION_CONTEXT(2) 
PARAMETRIC_REPRESENTATION_CONTEXT() REPRESENTATION_CONTEXT('2D SPACE',''
  ) );
#4853 = ORIENTED_EDGE('',*,*,#4854,.T.);
#4854 = EDGE_CURVE('',#4834,#2668,#4855,.T.);
#4855 = SURFACE_CURVE('',#4856,(#4859,#4865),.PCURVE_S1.);
#4856 = B_SPLINE_CURVE_WITH_KNOTS('',1,(#4857,#4858),.UNSPECIFIED.,.F.,
  .F.,(2,2),(0.,1.),.PIECEWISE_BEZIER_KNOTS.);
#4857 = CARTESIAN_POINT('',(-0.85,-0.55,-1.E-03));
#4858 = CARTESIAN_POINT('',(-0.8245,-0.5335,11.299));
#4859 = PCURVE('',#2682,#4860);
#4860 = DEFINITIONAL_REPRESENTATION('',(#4861),#4864);
#4861 = B_SPLINE_CURVE_WITH_KNOTS('',1,(#4862,#4863),.UNSPECIFIED.,.F.,
  .F.,(2,2),(0.,1.),.PIECEWISE_BEZIER_KNOTS.);
#4862 = CARTESIAN_POINT('',(5.627556659815,-0.85));
#4863 = CARTESIAN_POINT('',(-5.672455386639,-0.8245));
#4864 = ( GEOMETRIC_REPRESENTATION_CONTEXT(2) 
PARAMETRIC_REPRESENTATION_CONTEXT() REPRESENTATION_CONTEXT('2D SPACE',''
  ) );
#4865 = PCURVE('',#2727,#4866);
#4866 = DEFINITIONAL_REPRESENTATION('',(#4867),#4871);
#4867 = LINE('',#4868,#4869);
#4868 = CARTESIAN_POINT('',(1.570796326795,0.));
#4869 = VECTOR('',#4870,1.);
#4870 = DIRECTION('',(0.,1.));
#4871 = ( GEOMETRIC_REPRESENTATION_CONTEXT(2) 
PARAMETRIC_REPRESENTATION_CONTEXT() REPRESENTATION_CONTEXT('2D SPACE',''
  ) );
#4872 = ORIENTED_EDGE('',*,*,#2667,.T.);
#4873 = ADVANCED_FACE('',(#4874),#2727,.F.);
#4874 = FACE_BOUND('',#4875,.F.);
#4875 = EDGE_LOOP('',(#4876,#4933,#4952,#4953,#4954));
#4876 = ORIENTED_EDGE('',*,*,#4877,.T.);
#4877 = EDGE_CURVE('',#4878,#4880,#4882,.T.);
#4878 = VERTEX_POINT('',#4879);
#4879 = CARTESIAN_POINT('',(-0.637524745612,-0.637524745612,
    0.201679097985));
#4880 = VERTEX_POINT('',#4881);
#4881 = CARTESIAN_POINT('',(-0.549581560484,-0.849353320747,
    0.285567668855));
#4882 = SURFACE_CURVE('',#4883,(#4896,#4912),.PCURVE_S1.);
#4883 = B_SPLINE_CURVE_WITH_KNOTS('',6,(#4884,#4885,#4886,#4887,#4888,
    #4889,#4890,#4891,#4892,#4893,#4894,#4895),.UNSPECIFIED.,.F.,.F.,(7,
    5,7),(0.,0.579006511697,1.),.UNSPECIFIED.);
#4884 = CARTESIAN_POINT('',(-0.848958774367,-0.550000348918,
    -6.780000003981E-06));
#4885 = CARTESIAN_POINT('',(-0.804314175024,-0.550092454076,
    4.257948328355E-02));
#4886 = CARTESIAN_POINT('',(-0.759709167963,-0.558123456022,
    8.51279796858E-02));
#4887 = CARTESIAN_POINT('',(-0.7167753067,-0.574082758803,0.126082378347
    ));
#4888 = CARTESIAN_POINT('',(-0.677168299469,-0.597615396424,
    0.163863307343));
#4889 = CARTESIAN_POINT('',(-0.64255175688,-0.627901591729,
    0.196883856712));
#4890 = CARTESIAN_POINT('',(-0.593706695041,-0.689523955721,
    0.243476920469));
#4891 = CARTESIAN_POINT('',(-0.576490785355,-0.718320094152,
    0.259899091872));
#4892 = CARTESIAN_POINT('',(-0.563150755376,-0.749433724291,
    0.272624080723));
#4893 = CARTESIAN_POINT('',(-0.554103552259,-0.782183829348,
    0.281254163187));
#4894 = CARTESIAN_POINT('',(-0.549581560484,-0.815766744459,
    0.285567668855));
#4895 = CARTESIAN_POINT('',(-0.549581560484,-0.849353320747,
    0.285567668855));
#4896 = PCURVE('',#2727,#4897);
#4897 = DEFINITIONAL_REPRESENTATION('',(#4898),#4911);
#4898 = B_SPLINE_CURVE_WITH_KNOTS('',6,(#4899,#4900,#4901,#4902,#4903,
    #4904,#4905,#4906,#4907,#4908,#4909,#4910),.UNSPECIFIED.,.F.,.F.,(7,
    5,7),(0.,0.579006511697,1.),.UNSPECIFIED.);
#4899 = CARTESIAN_POINT('',(1.574259623946,8.789557522099E-05));
#4900 = CARTESIAN_POINT('',(1.722756298757,3.856591441022E-03));
#4901 = CARTESIAN_POINT('',(1.871252516812,7.621945104938E-03));
#4902 = CARTESIAN_POINT('',(2.020221015653,1.124622817229E-02));
#4903 = CARTESIAN_POINT('',(2.170012786756,1.45896732162E-02));
#4904 = CARTESIAN_POINT('',(2.320867886214,1.751184572676E-02));
#4905 = CARTESIAN_POINT('',(2.583192038464,2.163512570525E-02));
#4906 = CARTESIAN_POINT('',(2.694182309822,2.308841520988E-02));
#4907 = CARTESIAN_POINT('',(2.805650288361,2.421452041795E-02));
#4908 = CARTESIAN_POINT('',(2.91749123598,2.497824452982E-02));
#4909 = CARTESIAN_POINT('',(3.029552158987,2.535997069515E-02));
#4910 = CARTESIAN_POINT('',(3.14159265359,2.535997069515E-02));
#4911 = ( GEOMETRIC_REPRESENTATION_CONTEXT(2) 
PARAMETRIC_REPRESENTATION_CONTEXT() REPRESENTATION_CONTEXT('2D SPACE',''
  ) );
#4912 = PCURVE('',#4913,#4918);
#4913 = PLANE('',#4914);
#4914 = AXIS2_PLACEMENT_3D('',#4915,#4916,#4917);
#4915 = CARTESIAN_POINT('',(-0.702665480206,-2.277398851267E-17,
    0.1395416723));
#4916 = DIRECTION('',(-0.69022946265,0.,0.723590553345));
#4917 = DIRECTION('',(0.723590553345,0.,0.69022946265));
#4918 = DEFINITIONAL_REPRESENTATION('',(#4919),#4932);
#4919 = B_SPLINE_CURVE_WITH_KNOTS('',6,(#4920,#4921,#4922,#4923,#4924,
    #4925,#4926,#4927,#4928,#4929,#4930,#4931),.UNSPECIFIED.,.F.,.F.,(7,
    5,7),(0.,0.579006511697,1.),.UNSPECIFIED.);
#4920 = CARTESIAN_POINT('',(-0.202176898917,-0.550000348918));
#4921 = CARTESIAN_POINT('',(-0.140478194952,-0.550092454076));
#4922 = CARTESIAN_POINT('',(-7.883420740244E-02,-0.558123456022));
#4923 = CARTESIAN_POINT('',(-1.949973839297E-02,-0.574082758803));
#4924 = CARTESIAN_POINT('',(3.52370282052E-02,-0.597615396424));
#4925 = CARTESIAN_POINT('',(8.307698745945E-02,-0.627901591729));
#4926 = CARTESIAN_POINT('',(0.150580718144,-0.689523955721));
#4927 = CARTESIAN_POINT('',(0.174373054303,-0.718320094152));
#4928 = CARTESIAN_POINT('',(0.192808936194,-0.749433724291));
#4929 = CARTESIAN_POINT('',(0.205312144085,-0.782183829348));
#4930 = CARTESIAN_POINT('',(0.211561523316,-0.815766744459));
#4931 = CARTESIAN_POINT('',(0.211561523316,-0.849353320747));
#4932 = ( GEOMETRIC_REPRESENTATION_CONTEXT(2) 
PARAMETRIC_REPRESENTATION_CONTEXT() REPRESENTATION_CONTEXT('2D SPACE',''
  ) );
#4933 = ORIENTED_EDGE('',*,*,#4934,.T.);
#4934 = EDGE_CURVE('',#4880,#2694,#4935,.T.);
#4935 = SURFACE_CURVE('',#4936,(#4939,#4946),.PCURVE_S1.);
#4936 = B_SPLINE_CURVE_WITH_KNOTS('',1,(#4937,#4938),.UNSPECIFIED.,.F.,
  .F.,(2,2),(0.,1.),.PIECEWISE_BEZIER_KNOTS.);
#4937 = CARTESIAN_POINT('',(-0.55,-0.85,-1.E-03));
#4938 = CARTESIAN_POINT('',(-0.5335,-0.8245,11.299));
#4939 = PCURVE('',#2727,#4940);
#4940 = DEFINITIONAL_REPRESENTATION('',(#4941),#4945);
#4941 = LINE('',#4942,#4943);
#4942 = CARTESIAN_POINT('',(3.14159265359,0.));
#4943 = VECTOR('',#4944,1.);
#4944 = DIRECTION('',(0.,1.));
#4945 = ( GEOMETRIC_REPRESENTATION_CONTEXT(2) 
PARAMETRIC_REPRESENTATION_CONTEXT() REPRESENTATION_CONTEXT('2D SPACE',''
  ) );
#4946 = PCURVE('',#2775,#4947);
#4947 = DEFINITIONAL_REPRESENTATION('',(#4948),#4951);
#4948 = B_SPLINE_CURVE_WITH_KNOTS('',1,(#4949,#4950),.UNSPECIFIED.,.F.,
  .F.,(2,2),(0.,1.),.PIECEWISE_BEZIER_KNOTS.);
#4949 = CARTESIAN_POINT('',(5.627556659815,0.85));
#4950 = CARTESIAN_POINT('',(-5.672455386639,0.8245));
#4951 = ( GEOMETRIC_REPRESENTATION_CONTEXT(2) 
PARAMETRIC_REPRESENTATION_CONTEXT() REPRESENTATION_CONTEXT('2D SPACE',''
  ) );
#4952 = ORIENTED_EDGE('',*,*,#2693,.T.);
#4953 = ORIENTED_EDGE('',*,*,#4854,.F.);
#4954 = ORIENTED_EDGE('',*,*,#4955,.F.);
#4955 = EDGE_CURVE('',#4878,#4834,#4956,.T.);
#4956 = SURFACE_CURVE('',#4957,(#4970,#4986),.PCURVE_S1.);
#4957 = B_SPLINE_CURVE_WITH_KNOTS('',6,(#4958,#4959,#4960,#4961,#4962,
    #4963,#4964,#4965,#4966,#4967,#4968,#4969),.UNSPECIFIED.,.F.,.F.,(7,
    5,7),(0.,0.579006511697,1.),.UNSPECIFIED.);
#4958 = CARTESIAN_POINT('',(-0.550000348918,-0.848958774367,
    -6.780000000456E-06));
#4959 = CARTESIAN_POINT('',(-0.550092454076,-0.804314175024,
    4.257948328354E-02));
#4960 = CARTESIAN_POINT('',(-0.558123456022,-0.759709167963,
    8.512797968584E-02));
#4961 = CARTESIAN_POINT('',(-0.574082758803,-0.7167753067,0.126082378347
    ));
#4962 = CARTESIAN_POINT('',(-0.597615396424,-0.677168299469,
    0.163863307343));
#4963 = CARTESIAN_POINT('',(-0.627901591729,-0.64255175688,
    0.196883856712));
#4964 = CARTESIAN_POINT('',(-0.689523955721,-0.593706695041,
    0.243476920469));
#4965 = CARTESIAN_POINT('',(-0.718320094152,-0.576490785355,
    0.259899091872));
#4966 = CARTESIAN_POINT('',(-0.749433724291,-0.563150755376,
    0.272624080723));
#4967 = CARTESIAN_POINT('',(-0.782183829348,-0.554103552259,
    0.281254163187));
#4968 = CARTESIAN_POINT('',(-0.815766744459,-0.549581560484,
    0.285567668855));
#4969 = CARTESIAN_POINT('',(-0.849353320747,-0.549581560484,
    0.285567668855));
#4970 = PCURVE('',#2727,#4971);
#4971 = DEFINITIONAL_REPRESENTATION('',(#4972),#4985);
#4972 = B_SPLINE_CURVE_WITH_KNOTS('',6,(#4973,#4974,#4975,#4976,#4977,
    #4978,#4979,#4980,#4981,#4982,#4983,#4984),.UNSPECIFIED.,.F.,.F.,(7,
    5,7),(0.,0.579006511697,1.),.UNSPECIFIED.);
#4973 = CARTESIAN_POINT('',(3.138129356439,8.789557522128E-05));
#4974 = CARTESIAN_POINT('',(2.989632681628,3.856591441021E-03));
#4975 = CARTESIAN_POINT('',(2.841136463573,7.621945104942E-03));
#4976 = CARTESIAN_POINT('',(2.692167964731,1.124622817228E-02));
#4977 = CARTESIAN_POINT('',(2.542376193628,1.45896732162E-02));
#4978 = CARTESIAN_POINT('',(2.391521094171,1.751184572676E-02));
#4979 = CARTESIAN_POINT('',(2.129196941921,2.163512570525E-02));
#4980 = CARTESIAN_POINT('',(2.018206670563,2.308841520987E-02));
#4981 = CARTESIAN_POINT('',(1.906738692023,2.421452041796E-02));
#4982 = CARTESIAN_POINT('',(1.794897744405,2.497824452982E-02));
#4983 = CARTESIAN_POINT('',(1.682836821398,2.535997069514E-02));
#4984 = CARTESIAN_POINT('',(1.570796326795,2.535997069515E-02));
#4985 = ( GEOMETRIC_REPRESENTATION_CONTEXT(2) 
PARAMETRIC_REPRESENTATION_CONTEXT() REPRESENTATION_CONTEXT('2D SPACE',''
  ) );
#4986 = PCURVE('',#4782,#4987);
#4987 = DEFINITIONAL_REPRESENTATION('',(#4988),#5001);
#4988 = B_SPLINE_CURVE_WITH_KNOTS('',6,(#4989,#4990,#4991,#4992,#4993,
    #4994,#4995,#4996,#4997,#4998,#4999,#5000),.UNSPECIFIED.,.F.,.F.,(7,
    5,7),(0.,0.579006511697,1.),.UNSPECIFIED.);
#4989 = CARTESIAN_POINT('',(-0.202176898917,0.550000348918));
#4990 = CARTESIAN_POINT('',(-0.140478194952,0.550092454076));
#4991 = CARTESIAN_POINT('',(-7.883420740239E-02,0.558123456022));
#4992 = CARTESIAN_POINT('',(-1.949973839302E-02,0.574082758803));
#4993 = CARTESIAN_POINT('',(3.523702820523E-02,0.597615396424));
#4994 = CARTESIAN_POINT('',(8.307698745944E-02,0.627901591729));
#4995 = CARTESIAN_POINT('',(0.150580718144,0.689523955721));
#4996 = CARTESIAN_POINT('',(0.174373054303,0.718320094152));
#4997 = CARTESIAN_POINT('',(0.192808936194,0.749433724291));
#4998 = CARTESIAN_POINT('',(0.205312144085,0.782183829348));
#4999 = CARTESIAN_POINT('',(0.211561523316,0.815766744459));
#5000 = CARTESIAN_POINT('',(0.211561523316,0.849353320747));
#5001 = ( GEOMETRIC_REPRESENTATION_CONTEXT(2) 
PARAMETRIC_REPRESENTATION_CONTEXT() REPRESENTATION_CONTEXT('2D SPACE',''
  ) );
#5002 = ADVANCED_FACE('',(#5003),#2775,.F.);
#5003 = FACE_BOUND('',#5004,.F.);
#5004 = EDGE_LOOP('',(#5005,#5006,#5027,#5054));
#5005 = ORIENTED_EDGE('',*,*,#4934,.F.);
#5006 = ORIENTED_EDGE('',*,*,#5007,.F.);
#5007 = EDGE_CURVE('',#5008,#4880,#5010,.T.);
#5008 = VERTEX_POINT('',#5009);
#5009 = CARTESIAN_POINT('',(-0.549581560484,-1.197046925775,
    0.285567668855));
#5010 = SURFACE_CURVE('',#5011,(#5015,#5021),.PCURVE_S1.);
#5011 = LINE('',#5012,#5013);
#5012 = CARTESIAN_POINT('',(-0.549581560484,1.765851921778E-17,
    0.285567668855));
#5013 = VECTOR('',#5014,1.);
#5014 = DIRECTION('',(-0.,1.,-0.));
#5015 = PCURVE('',#2775,#5016);
#5016 = DEFINITIONAL_REPRESENTATION('',(#5017),#5020);
#5017 = B_SPLINE_CURVE_WITH_KNOTS('',1,(#5018,#5019),.UNSPECIFIED.,.F.,
  .F.,(2,2),(-1.197958336778,-0.836034057796),.PIECEWISE_BEZIER_KNOTS.);
#5018 = CARTESIAN_POINT('',(5.340988685462,1.197958336778));
#5019 = CARTESIAN_POINT('',(5.340988685462,0.836034057796));
#5020 = ( GEOMETRIC_REPRESENTATION_CONTEXT(2) 
PARAMETRIC_REPRESENTATION_CONTEXT() REPRESENTATION_CONTEXT('2D SPACE',''
  ) );
#5021 = PCURVE('',#4913,#5022);
#5022 = DEFINITIONAL_REPRESENTATION('',(#5023),#5026);
#5023 = B_SPLINE_CURVE_WITH_KNOTS('',1,(#5024,#5025),.UNSPECIFIED.,.F.,
  .F.,(2,2),(-1.197958336778,-0.836034057796),.PIECEWISE_BEZIER_KNOTS.);
#5024 = CARTESIAN_POINT('',(0.211561523316,-1.197958336778));
#5025 = CARTESIAN_POINT('',(0.211561523316,-0.836034057796));
#5026 = ( GEOMETRIC_REPRESENTATION_CONTEXT(2) 
PARAMETRIC_REPRESENTATION_CONTEXT() REPRESENTATION_CONTEXT('2D SPACE',''
  ) );
#5027 = ORIENTED_EDGE('',*,*,#5028,.T.);
#5028 = EDGE_CURVE('',#5008,#2761,#5029,.T.);
#5029 = SURFACE_CURVE('',#5030,(#5036,#5045),.PCURVE_S1.);
#5030 = B_SPLINE_CURVE_WITH_KNOTS('',4,(#5031,#5032,#5033,#5034,#5035),
  .UNSPECIFIED.,.F.,.F.,(5,5),(0.,1.),.PIECEWISE_BEZIER_KNOTS.);
#5031 = CARTESIAN_POINT('',(-0.55,-1.19795833142,-1.000000000003E-03));
#5032 = CARTESIAN_POINT('',(-0.545875,-1.188973643935,2.824));
#5033 = CARTESIAN_POINT('',(-0.54175,-1.179988956449,5.649));
#5034 = CARTESIAN_POINT('',(-0.537625,-1.171004268963,8.474));
#5035 = CARTESIAN_POINT('',(-0.5335,-1.162019581478,11.299));
#5036 = PCURVE('',#2775,#5037);
#5037 = DEFINITIONAL_REPRESENTATION('',(#5038),#5044);
#5038 = B_SPLINE_CURVE_WITH_KNOTS('',4,(#5039,#5040,#5041,#5042,#5043),
  .UNSPECIFIED.,.F.,.F.,(5,5),(0.,1.),.PIECEWISE_BEZIER_KNOTS.);
#5039 = CARTESIAN_POINT('',(5.627556659815,1.19795833142));
#5040 = CARTESIAN_POINT('',(2.802553648202,1.188973643935));
#5041 = CARTESIAN_POINT('',(-2.244936341173E-02,1.179988956449));
#5042 = CARTESIAN_POINT('',(-2.847452375025,1.171004268963));
#5043 = CARTESIAN_POINT('',(-5.672455386639,1.162019581478));
#5044 = ( GEOMETRIC_REPRESENTATION_CONTEXT(2) 
PARAMETRIC_REPRESENTATION_CONTEXT() REPRESENTATION_CONTEXT('2D SPACE',''
  ) );
#5045 = PCURVE('',#2816,#5046);
#5046 = DEFINITIONAL_REPRESENTATION('',(#5047),#5053);
#5047 = B_SPLINE_CURVE_WITH_KNOTS('',4,(#5048,#5049,#5050,#5051,#5052),
  .UNSPECIFIED.,.F.,.F.,(5,5),(0.,1.),.PIECEWISE_BEZIER_KNOTS.);
#5048 = CARTESIAN_POINT('',(2.711892976347,0.));
#5049 = CARTESIAN_POINT('',(2.711892976347,0.25));
#5050 = CARTESIAN_POINT('',(2.711892976347,0.5));
#5051 = CARTESIAN_POINT('',(2.711892976347,0.75));
#5052 = CARTESIAN_POINT('',(2.711892976347,1.));
#5053 = ( GEOMETRIC_REPRESENTATION_CONTEXT(2) 
PARAMETRIC_REPRESENTATION_CONTEXT() REPRESENTATION_CONTEXT('2D SPACE',''
  ) );
#5054 = ORIENTED_EDGE('',*,*,#2760,.T.);
#5055 = ADVANCED_FACE('',(#5056),#2816,.F.);
#5056 = FACE_BOUND('',#5057,.F.);
#5057 = EDGE_LOOP('',(#5058,#5059,#5103,#5130));
#5058 = ORIENTED_EDGE('',*,*,#5028,.F.);
#5059 = ORIENTED_EDGE('',*,*,#5060,.F.);
#5060 = EDGE_CURVE('',#5061,#5008,#5063,.T.);
#5061 = VERTEX_POINT('',#5062);
#5062 = CARTESIAN_POINT('',(-0.549581560484,-1.700746756775,
    0.285567668855));
#5063 = SURFACE_CURVE('',#5064,(#5075,#5089),.PCURVE_S1.);
#5064 = B_SPLINE_CURVE_WITH_KNOTS('',5,(#5065,#5066,#5067,#5068,#5069,
    #5070,#5071,#5072,#5073,#5074),.UNSPECIFIED.,.F.,.F.,(6,4,6),(0.,
    0.495931565334,1.),.UNSPECIFIED.);
#5065 = CARTESIAN_POINT('',(-0.549581409163,-1.700747085871,
    0.285567813199));
#5066 = CARTESIAN_POINT('',(-0.570793746061,-1.65461394672,
    0.265333469577));
#5067 = CARTESIAN_POINT('',(-0.587345189004,-1.605785425517,
    0.249545129726));
#5068 = CARTESIAN_POINT('',(-0.598683399697,-1.554967269771,
    0.238729666426));
#5069 = CARTESIAN_POINT('',(-0.604441748699,-1.503086504941,
    0.233236805693));
#5070 = CARTESIAN_POINT('',(-0.604802110393,-1.398416493455,
    0.232893058449));
#5071 = CARTESIAN_POINT('',(-0.599219586514,-1.345604126403,
    0.238218200463));
#5072 = CARTESIAN_POINT('',(-0.587865799263,-1.293827172701,
    0.249048522166));
#5073 = CARTESIAN_POINT('',(-0.571126315033,-1.244061243299,
    0.265016233673));
#5074 = CARTESIAN_POINT('',(-0.549581409163,-1.197046595567,
    0.285567813199));
#5075 = PCURVE('',#2816,#5076);
#5076 = DEFINITIONAL_REPRESENTATION('',(#5077),#5088);
#5077 = B_SPLINE_CURVE_WITH_KNOTS('',5,(#5078,#5079,#5080,#5081,#5082,
    #5083,#5084,#5085,#5086,#5087),.UNSPECIFIED.,.F.,.F.,(6,4,6),(0.,
    0.495931565334,1.),.UNSPECIFIED.);
#5078 = CARTESIAN_POINT('',(3.571292930833,2.535998346896E-02));
#5079 = CARTESIAN_POINT('',(3.48718424139,2.356933359085E-02));
#5080 = CARTESIAN_POINT('',(3.402270152231,2.217213537394E-02));
#5081 = CARTESIAN_POINT('',(3.316758161055,2.121501472797E-02));
#5082 = CARTESIAN_POINT('',(3.230885372976,2.072892085779E-02));
#5083 = CARTESIAN_POINT('',(3.05776629703,2.069850074766E-02));
#5084 = CARTESIAN_POINT('',(2.970486407004,2.116975225338E-02));
#5085 = CARTESIAN_POINT('',(2.883588990351,2.212818780231E-02));
#5086 = CARTESIAN_POINT('',(2.797319729572,2.35412596171E-02));
#5087 = CARTESIAN_POINT('',(2.711892376347,2.535998346896E-02));
#5088 = ( GEOMETRIC_REPRESENTATION_CONTEXT(2) 
PARAMETRIC_REPRESENTATION_CONTEXT() REPRESENTATION_CONTEXT('2D SPACE',''
  ) );
#5089 = PCURVE('',#4913,#5090);
#5090 = DEFINITIONAL_REPRESENTATION('',(#5091),#5102);
#5091 = B_SPLINE_CURVE_WITH_KNOTS('',5,(#5092,#5093,#5094,#5095,#5096,
    #5097,#5098,#5099,#5100,#5101),.UNSPECIFIED.,.F.,.F.,(6,4,6),(0.,
    0.495931565334,1.),.UNSPECIFIED.);
#5092 = CARTESIAN_POINT('',(0.21156173244,-1.700747085871));
#5093 = CARTESIAN_POINT('',(0.182246345721,-1.65461394672));
#5094 = CARTESIAN_POINT('',(0.159372300631,-1.605785425517));
#5095 = CARTESIAN_POINT('',(0.143702927061,-1.554967269771));
#5096 = CARTESIAN_POINT('',(0.135744905808,-1.503086504941));
#5097 = CARTESIAN_POINT('',(0.135246887014,-1.398416493455));
#5098 = CARTESIAN_POINT('',(0.142961918468,-1.345604126403));
#5099 = CARTESIAN_POINT('',(0.158652818797,-1.293827172701));
#5100 = CARTESIAN_POINT('',(0.181786736387,-1.244061243299));
#5101 = CARTESIAN_POINT('',(0.21156173244,-1.197046595567));
#5102 = ( GEOMETRIC_REPRESENTATION_CONTEXT(2) 
PARAMETRIC_REPRESENTATION_CONTEXT() REPRESENTATION_CONTEXT('2D SPACE',''
  ) );
#5103 = ORIENTED_EDGE('',*,*,#5104,.T.);
#5104 = EDGE_CURVE('',#5061,#2787,#5105,.T.);
#5105 = SURFACE_CURVE('',#5106,(#5112,#5121),.PCURVE_S1.);
#5106 = B_SPLINE_CURVE_WITH_KNOTS('',4,(#5107,#5108,#5109,#5110,#5111),
  .UNSPECIFIED.,.F.,.F.,(5,5),(0.,1.),.PIECEWISE_BEZIER_KNOTS.);
#5107 = CARTESIAN_POINT('',(-0.55,-1.70204166858,-1.000000000003E-03));
#5108 = CARTESIAN_POINT('',(-0.545875,-1.689276356065,2.824));
#5109 = CARTESIAN_POINT('',(-0.54175,-1.676511043551,5.649));
#5110 = CARTESIAN_POINT('',(-0.537625,-1.663745731037,8.474));
#5111 = CARTESIAN_POINT('',(-0.5335,-1.650980418522,11.299));
#5112 = PCURVE('',#2816,#5113);
#5113 = DEFINITIONAL_REPRESENTATION('',(#5114),#5120);
#5114 = B_SPLINE_CURVE_WITH_KNOTS('',4,(#5115,#5116,#5117,#5118,#5119),
  .UNSPECIFIED.,.F.,.F.,(5,5),(0.,1.),.PIECEWISE_BEZIER_KNOTS.);
#5115 = CARTESIAN_POINT('',(3.571292330833,0.));
#5116 = CARTESIAN_POINT('',(3.571292330833,0.25));
#5117 = CARTESIAN_POINT('',(3.571292330833,0.5));
#5118 = CARTESIAN_POINT('',(3.571292330833,0.75));
#5119 = CARTESIAN_POINT('',(3.571292330833,1.));
#5120 = ( GEOMETRIC_REPRESENTATION_CONTEXT(2) 
PARAMETRIC_REPRESENTATION_CONTEXT() REPRESENTATION_CONTEXT('2D SPACE',''
  ) );
#5121 = PCURVE('',#2874,#5122);
#5122 = DEFINITIONAL_REPRESENTATION('',(#5123),#5129);
#5123 = B_SPLINE_CURVE_WITH_KNOTS('',4,(#5124,#5125,#5126,#5127,#5128),
  .UNSPECIFIED.,.F.,.F.,(5,5),(0.,1.),.PIECEWISE_BEZIER_KNOTS.);
#5124 = CARTESIAN_POINT('',(5.627556659815,1.70204166858));
#5125 = CARTESIAN_POINT('',(2.802553648202,1.689276356065));
#5126 = CARTESIAN_POINT('',(-2.244936341168E-02,1.676511043551));
#5127 = CARTESIAN_POINT('',(-2.847452375025,1.663745731037));
#5128 = CARTESIAN_POINT('',(-5.672455386639,1.650980418522));
#5129 = ( GEOMETRIC_REPRESENTATION_CONTEXT(2) 
PARAMETRIC_REPRESENTATION_CONTEXT() REPRESENTATION_CONTEXT('2D SPACE',''
  ) );
#5130 = ORIENTED_EDGE('',*,*,#2786,.T.);
#5131 = ADVANCED_FACE('',(#5132),#2874,.F.);
#5132 = FACE_BOUND('',#5133,.F.);
#5133 = EDGE_LOOP('',(#5134,#5156,#5157,#5158));
#5134 = ORIENTED_EDGE('',*,*,#5135,.F.);
#5135 = EDGE_CURVE('',#2860,#5136,#5138,.T.);
#5136 = VERTEX_POINT('',#5137);
#5137 = CARTESIAN_POINT('',(-0.549581560484,-2.02345938178,
    0.285567668855));
#5138 = SURFACE_CURVE('',#5139,(#5143,#5149),.PCURVE_S1.);
#5139 = LINE('',#5140,#5141);
#5140 = CARTESIAN_POINT('',(-0.5335,-1.96425,11.299));
#5141 = VECTOR('',#5142,1.);
#5142 = DIRECTION('',(-1.460154333648E-03,-5.376022773886E-03,
    -0.999984483044));
#5143 = PCURVE('',#2874,#5144);
#5144 = DEFINITIONAL_REPRESENTATION('',(#5145),#5148);
#5145 = B_SPLINE_CURVE_WITH_KNOTS('',1,(#5146,#5147),.UNSPECIFIED.,.F.,
  .F.,(2,2),(0.,11.300175344325),.PIECEWISE_BEZIER_KNOTS.);
#5146 = CARTESIAN_POINT('',(-5.672455386639,1.96425));
#5147 = CARTESIAN_POINT('',(5.627556659815,2.025));
#5148 = ( GEOMETRIC_REPRESENTATION_CONTEXT(2) 
PARAMETRIC_REPRESENTATION_CONTEXT() REPRESENTATION_CONTEXT('2D SPACE',''
  ) );
#5149 = PCURVE('',#2900,#5150);
#5150 = DEFINITIONAL_REPRESENTATION('',(#5151),#5155);
#5151 = LINE('',#5152,#5153);
#5152 = CARTESIAN_POINT('',(-5.657609813693,-0.5335));
#5153 = VECTOR('',#5154,1.);
#5154 = DIRECTION('',(0.999998933974,-1.460154333648E-03));
#5155 = ( GEOMETRIC_REPRESENTATION_CONTEXT(2) 
PARAMETRIC_REPRESENTATION_CONTEXT() REPRESENTATION_CONTEXT('2D SPACE',''
  ) );
#5156 = ORIENTED_EDGE('',*,*,#2859,.T.);
#5157 = ORIENTED_EDGE('',*,*,#5104,.F.);
#5158 = ORIENTED_EDGE('',*,*,#5159,.F.);
#5159 = EDGE_CURVE('',#5136,#5061,#5160,.T.);
#5160 = SURFACE_CURVE('',#5161,(#5165,#5171),.PCURVE_S1.);
#5161 = LINE('',#5162,#5163);
#5162 = CARTESIAN_POINT('',(-0.549581560484,1.765851921778E-17,
    0.285567668855));
#5163 = VECTOR('',#5164,1.);
#5164 = DIRECTION('',(-0.,1.,-0.));
#5165 = PCURVE('',#2874,#5166);
#5166 = DEFINITIONAL_REPRESENTATION('',(#5167),#5170);
#5167 = B_SPLINE_CURVE_WITH_KNOTS('',1,(#5168,#5169),.UNSPECIFIED.,.F.,
  .F.,(2,2),(-2.024994623894,-1.673611528784),.PIECEWISE_BEZIER_KNOTS.);
#5168 = CARTESIAN_POINT('',(5.340988685462,2.024994623894));
#5169 = CARTESIAN_POINT('',(5.340988685462,1.673611528784));
#5170 = ( GEOMETRIC_REPRESENTATION_CONTEXT(2) 
PARAMETRIC_REPRESENTATION_CONTEXT() REPRESENTATION_CONTEXT('2D SPACE',''
  ) );
#5171 = PCURVE('',#4913,#5172);
#5172 = DEFINITIONAL_REPRESENTATION('',(#5173),#5176);
#5173 = B_SPLINE_CURVE_WITH_KNOTS('',1,(#5174,#5175),.UNSPECIFIED.,.F.,
  .F.,(2,2),(-2.024994623894,-1.673611528784),.PIECEWISE_BEZIER_KNOTS.);
#5174 = CARTESIAN_POINT('',(0.211561523316,-2.024994623894));
#5175 = CARTESIAN_POINT('',(0.211561523316,-1.673611528784));
#5176 = ( GEOMETRIC_REPRESENTATION_CONTEXT(2) 
PARAMETRIC_REPRESENTATION_CONTEXT() REPRESENTATION_CONTEXT('2D SPACE',''
  ) );
#5177 = ADVANCED_FACE('',(#5178),#2900,.F.);
#5178 = FACE_BOUND('',#5179,.F.);
#5179 = EDGE_LOOP('',(#5180,#5181,#5202,#5228,#5255));
#5180 = ORIENTED_EDGE('',*,*,#5135,.T.);
#5181 = ORIENTED_EDGE('',*,*,#5182,.F.);
#5182 = EDGE_CURVE('',#5183,#5136,#5185,.T.);
#5183 = VERTEX_POINT('',#5184);
#5184 = CARTESIAN_POINT('',(-0.541445182752,-2.023417656473,
    0.293328919474));
#5185 = SURFACE_CURVE('',#5186,(#5190,#5196),.PCURVE_S1.);
#5186 = LINE('',#5187,#5188);
#5187 = CARTESIAN_POINT('',(0.857974010472,-2.016241097306,
    1.628227990911));
#5188 = VECTOR('',#5189,1.);
#5189 = DIRECTION('',(-0.723585571605,-3.710721342345E-03,
    -0.690224710593));
#5190 = PCURVE('',#2900,#5191);
#5191 = DEFINITIONAL_REPRESENTATION('',(#5192),#5195);
#5192 = B_SPLINE_CURVE_WITH_KNOTS('',1,(#5193,#5194),.UNSPECIFIED.,.F.,
  .F.,(2,2),(1.925790210799,1.945827287811),.PIECEWISE_BEZIER_KNOTS.);
#5193 = CARTESIAN_POINT('',(5.342549149007,-0.5355));
#5194 = CARTESIAN_POINT('',(5.356379434549,-0.549998539823));
#5195 = ( GEOMETRIC_REPRESENTATION_CONTEXT(2) 
PARAMETRIC_REPRESENTATION_CONTEXT() REPRESENTATION_CONTEXT('2D SPACE',''
  ) );
#5196 = PCURVE('',#4913,#5197);
#5197 = DEFINITIONAL_REPRESENTATION('',(#5198),#5201);
#5198 = B_SPLINE_CURVE_WITH_KNOTS('',1,(#5199,#5200),.UNSPECIFIED.,.F.,
  .F.,(2,2),(1.925790210799,1.945827287811),.PIECEWISE_BEZIER_KNOTS.);
#5199 = CARTESIAN_POINT('',(0.231022198166,-2.023387168142));
#5200 = CARTESIAN_POINT('',(0.210985259104,-2.023461520151));
#5201 = ( GEOMETRIC_REPRESENTATION_CONTEXT(2) 
PARAMETRIC_REPRESENTATION_CONTEXT() REPRESENTATION_CONTEXT('2D SPACE',''
  ) );
#5202 = ORIENTED_EDGE('',*,*,#5203,.F.);
#5203 = EDGE_CURVE('',#5204,#5183,#5206,.T.);
#5204 = VERTEX_POINT('',#5205);
#5205 = CARTESIAN_POINT('',(-0.188001849981,-2.023417656473,
    0.293328919474));
#5206 = SURFACE_CURVE('',#5207,(#5211,#5217),.PCURVE_S1.);
#5207 = LINE('',#5208,#5209);
#5208 = CARTESIAN_POINT('',(-8.965214233704E-18,-2.023417656473,
    0.293328919474));
#5209 = VECTOR('',#5210,1.);
#5210 = DIRECTION('',(-1.,0.,0.));
#5211 = PCURVE('',#2900,#5212);
#5212 = DEFINITIONAL_REPRESENTATION('',(#5213),#5216);
#5213 = B_SPLINE_CURVE_WITH_KNOTS('',1,(#5214,#5215),.UNSPECIFIED.,.F.,
  .F.,(2,2),(0.184986652031,0.549998539823),.PIECEWISE_BEZIER_KNOTS.);
#5214 = CARTESIAN_POINT('',(5.348220311487,-0.184986652031));
#5215 = CARTESIAN_POINT('',(5.348220311487,-0.549998539823));
#5216 = ( GEOMETRIC_REPRESENTATION_CONTEXT(2) 
PARAMETRIC_REPRESENTATION_CONTEXT() REPRESENTATION_CONTEXT('2D SPACE',''
  ) );
#5217 = PCURVE('',#5218,#5223);
#5218 = PLANE('',#5219);
#5219 = AXIS2_PLACEMENT_3D('',#5220,#5221,#5222);
#5220 = CARTESIAN_POINT('',(0.,-2.19650740114,0.124402194772));
#5221 = DIRECTION('',(0.,-0.698448148582,0.715660662425));
#5222 = DIRECTION('',(0.,0.715660662425,0.698448148582));
#5223 = DEFINITIONAL_REPRESENTATION('',(#5224),#5227);
#5224 = B_SPLINE_CURVE_WITH_KNOTS('',1,(#5225,#5226),.UNSPECIFIED.,.F.,
  .F.,(2,2),(0.184986652031,0.549998539823),.PIECEWISE_BEZIER_KNOTS.);
#5225 = CARTESIAN_POINT('',(0.241860079441,0.184986652031));
#5226 = CARTESIAN_POINT('',(0.241860079441,0.549998539823));
#5227 = ( GEOMETRIC_REPRESENTATION_CONTEXT(2) 
PARAMETRIC_REPRESENTATION_CONTEXT() REPRESENTATION_CONTEXT('2D SPACE',''
  ) );
#5228 = ORIENTED_EDGE('',*,*,#5229,.T.);
#5229 = EDGE_CURVE('',#5204,#2886,#5230,.T.);
#5230 = SURFACE_CURVE('',#5231,(#5237,#5246),.PCURVE_S1.);
#5231 = B_SPLINE_CURVE_WITH_KNOTS('',4,(#5232,#5233,#5234,#5235,#5236),
  .UNSPECIFIED.,.F.,.F.,(5,5),(0.,1.),.PIECEWISE_BEZIER_KNOTS.);
#5232 = CARTESIAN_POINT('',(-0.1881488703,-2.025,-1.000000000002E-03));
#5233 = CARTESIAN_POINT('',(-0.186737753773,-2.0098125,2.824));
#5234 = CARTESIAN_POINT('',(-0.185326637246,-1.994625,5.649));
#5235 = CARTESIAN_POINT('',(-0.183915520719,-1.9794375,8.474));
#5236 = CARTESIAN_POINT('',(-0.182504404191,-1.96425,11.299));
#5237 = PCURVE('',#2900,#5238);
#5238 = DEFINITIONAL_REPRESENTATION('',(#5239),#5245);
#5239 = B_SPLINE_CURVE_WITH_KNOTS('',4,(#5240,#5241,#5242,#5243,#5244),
  .UNSPECIFIED.,.F.,.F.,(5,5),(0.,1.),.PIECEWISE_BEZIER_KNOTS.);
#5240 = CARTESIAN_POINT('',(5.642553484353,-0.1881488703));
#5241 = CARTESIAN_POINT('',(2.817512659842,-0.186737753773));
#5242 = CARTESIAN_POINT('',(-7.528164669677E-03,-0.185326637246));
#5243 = CARTESIAN_POINT('',(-2.832568989181,-0.183915520719));
#5244 = CARTESIAN_POINT('',(-5.657609813693,-0.182504404191));
#5245 = ( GEOMETRIC_REPRESENTATION_CONTEXT(2) 
PARAMETRIC_REPRESENTATION_CONTEXT() REPRESENTATION_CONTEXT('2D SPACE',''
  ) );
#5246 = PCURVE('',#2941,#5247);
#5247 = DEFINITIONAL_REPRESENTATION('',(#5248),#5254);
#5248 = B_SPLINE_CURVE_WITH_KNOTS('',4,(#5249,#5250,#5251,#5252,#5253),
  .UNSPECIFIED.,.F.,.F.,(5,5),(0.,1.),.PIECEWISE_BEZIER_KNOTS.);
#5249 = CARTESIAN_POINT('',(4.396154598948,0.));
#5250 = CARTESIAN_POINT('',(4.396154598948,0.25));
#5251 = CARTESIAN_POINT('',(4.396154598948,0.5));
#5252 = CARTESIAN_POINT('',(4.396154598948,0.75));
#5253 = CARTESIAN_POINT('',(4.396154598948,1.));
#5254 = ( GEOMETRIC_REPRESENTATION_CONTEXT(2) 
PARAMETRIC_REPRESENTATION_CONTEXT() REPRESENTATION_CONTEXT('2D SPACE',''
  ) );
#5255 = ORIENTED_EDGE('',*,*,#2885,.T.);
#5256 = ADVANCED_FACE('',(#5257),#2941,.F.);
#5257 = FACE_BOUND('',#5258,.F.);
#5258 = EDGE_LOOP('',(#5259,#5260,#5304,#5331));
#5259 = ORIENTED_EDGE('',*,*,#5229,.F.);
#5260 = ORIENTED_EDGE('',*,*,#5261,.F.);
#5261 = EDGE_CURVE('',#5262,#5204,#5264,.T.);
#5262 = VERTEX_POINT('',#5263);
#5263 = CARTESIAN_POINT('',(0.188001849272,-2.023417656473,
    0.293328919474));
#5264 = SURFACE_CURVE('',#5265,(#5276,#5290),.PCURVE_S1.);
#5265 = B_SPLINE_CURVE_WITH_KNOTS('',5,(#5266,#5267,#5268,#5269,#5270,
    #5271,#5272,#5273,#5274,#5275),.UNSPECIFIED.,.F.,.F.,(6,4,6),(0.,
    0.499004356799,1.),.UNSPECIFIED.);
#5266 = CARTESIAN_POINT('',(0.188002193947,-2.023417543077,
    0.293329030143));
#5267 = CARTESIAN_POINT('',(0.152039848101,-2.035248966412,
    0.281782167003));
#5268 = CARTESIAN_POINT('',(0.114937397602,-2.04432259351,0.272926771729
    ));
#5269 = CARTESIAN_POINT('',(7.702890338233E-02,-2.050453005257,
    0.266943803879));
#5270 = CARTESIAN_POINT('',(3.870545113472E-02,-2.053530191158,
    0.263940628062));
#5271 = CARTESIAN_POINT('',(-3.809367094516E-02,-2.053579021112,
    0.263892972527));
#5272 = CARTESIAN_POINT('',(-7.657499444718E-02,-2.050526255513,
    0.266872315382));
#5273 = CARTESIAN_POINT('',(-0.114641229241,-2.044394977587,
    0.272856128578));
#5274 = CARTESIAN_POINT('',(-0.151896343933,-2.035296177835,
    0.281736091072));
#5275 = CARTESIAN_POINT('',(-0.188002194656,-2.023417543077,
    0.293329030143));
#5276 = PCURVE('',#2941,#5277);
#5277 = DEFINITIONAL_REPRESENTATION('',(#5278),#5289);
#5278 = B_SPLINE_CURVE_WITH_KNOTS('',5,(#5279,#5280,#5281,#5282,#5283,
    #5284,#5285,#5286,#5287,#5288),.UNSPECIFIED.,.F.,.F.,(6,4,6),(0.,
    0.499004356799,1.),.UNSPECIFIED.);
#5279 = CARTESIAN_POINT('',(5.028623962107,2.604681682679E-02));
#5280 = CARTESIAN_POINT('',(4.966021788384,2.502497053124E-02));
#5281 = CARTESIAN_POINT('',(4.903045199225,2.424130723266E-02));
#5282 = CARTESIAN_POINT('',(4.83980214811,2.371184105124E-02));
#5283 = CARTESIAN_POINT('',(4.776409968623,2.344607327978E-02));
#5284 = CARTESIAN_POINT('',(4.649379895026,2.344185597582E-02));
#5285 = CARTESIAN_POINT('',(4.585733001673,2.370551463555E-02));
#5286 = CARTESIAN_POINT('',(4.522235438792,2.423505562636E-02));
#5287 = CARTESIAN_POINT('',(4.459005976477,2.502089301526E-02));
#5288 = CARTESIAN_POINT('',(4.396153998948,2.604681682679E-02));
#5289 = ( GEOMETRIC_REPRESENTATION_CONTEXT(2) 
PARAMETRIC_REPRESENTATION_CONTEXT() REPRESENTATION_CONTEXT('2D SPACE',''
  ) );
#5290 = PCURVE('',#5218,#5291);
#5291 = DEFINITIONAL_REPRESENTATION('',(#5292),#5303);
#5292 = B_SPLINE_CURVE_WITH_KNOTS('',5,(#5293,#5294,#5295,#5296,#5297,
    #5298,#5299,#5300,#5301,#5302),.UNSPECIFIED.,.F.,.F.,(6,4,6),(0.,
    0.499004356799,1.),.UNSPECIFIED.);
#5293 = CARTESIAN_POINT('',(0.241860237891,-0.188002193947));
#5294 = CARTESIAN_POINT('',(0.225328068448,-0.152039848101));
#5295 = CARTESIAN_POINT('',(0.212649396034,-0.114937397602));
#5296 = CARTESIAN_POINT('',(0.204083308684,-7.702890338233E-02));
#5297 = CARTESIAN_POINT('',(0.199783525195,-3.870545113472E-02));
#5298 = CARTESIAN_POINT('',(0.199715294597,3.809367094516E-02));
#5299 = CARTESIAN_POINT('',(0.203980955349,7.657499444718E-02));
#5300 = CARTESIAN_POINT('',(0.212548253019,0.114641229241));
#5301 = CARTESIAN_POINT('',(0.225262099441,0.151896343933));
#5302 = CARTESIAN_POINT('',(0.241860237891,0.188002194656));
#5303 = ( GEOMETRIC_REPRESENTATION_CONTEXT(2) 
PARAMETRIC_REPRESENTATION_CONTEXT() REPRESENTATION_CONTEXT('2D SPACE',''
  ) );
#5304 = ORIENTED_EDGE('',*,*,#5305,.T.);
#5305 = EDGE_CURVE('',#5262,#2912,#5306,.T.);
#5306 = SURFACE_CURVE('',#5307,(#5313,#5322),.PCURVE_S1.);
#5307 = B_SPLINE_CURVE_WITH_KNOTS('',4,(#5308,#5309,#5310,#5311,#5312),
  .UNSPECIFIED.,.F.,.F.,(5,5),(0.,1.),.PIECEWISE_BEZIER_KNOTS.);
#5308 = CARTESIAN_POINT('',(0.188148869591,-2.025,-1.000000000002E-03));
#5309 = CARTESIAN_POINT('',(0.186737753069,-2.0098125,2.824));
#5310 = CARTESIAN_POINT('',(0.185326636547,-1.994625,5.649));
#5311 = CARTESIAN_POINT('',(0.183915520025,-1.9794375,8.474));
#5312 = CARTESIAN_POINT('',(0.182504403503,-1.96425,11.299));
#5313 = PCURVE('',#2941,#5314);
#5314 = DEFINITIONAL_REPRESENTATION('',(#5315),#5321);
#5315 = B_SPLINE_CURVE_WITH_KNOTS('',4,(#5316,#5317,#5318,#5319,#5320),
  .UNSPECIFIED.,.F.,.F.,(5,5),(0.,1.),.PIECEWISE_BEZIER_KNOTS.);
#5316 = CARTESIAN_POINT('',(5.028623362107,0.));
#5317 = CARTESIAN_POINT('',(5.028623362107,0.25));
#5318 = CARTESIAN_POINT('',(5.028623362107,0.5));
#5319 = CARTESIAN_POINT('',(5.028623362107,0.75));
#5320 = CARTESIAN_POINT('',(5.028623362107,1.));
#5321 = ( GEOMETRIC_REPRESENTATION_CONTEXT(2) 
PARAMETRIC_REPRESENTATION_CONTEXT() REPRESENTATION_CONTEXT('2D SPACE',''
  ) );
#5322 = PCURVE('',#2999,#5323);
#5323 = DEFINITIONAL_REPRESENTATION('',(#5324),#5330);
#5324 = B_SPLINE_CURVE_WITH_KNOTS('',4,(#5325,#5326,#5327,#5328,#5329),
  .UNSPECIFIED.,.F.,.F.,(5,5),(0.,1.),.PIECEWISE_BEZIER_KNOTS.);
#5325 = CARTESIAN_POINT('',(5.642553484353,0.188148869591));
#5326 = CARTESIAN_POINT('',(2.817512659842,0.186737753069));
#5327 = CARTESIAN_POINT('',(-7.528164669697E-03,0.185326636547));
#5328 = CARTESIAN_POINT('',(-2.832568989181,0.183915520025));
#5329 = CARTESIAN_POINT('',(-5.657609813693,0.182504403503));
#5330 = ( GEOMETRIC_REPRESENTATION_CONTEXT(2) 
PARAMETRIC_REPRESENTATION_CONTEXT() REPRESENTATION_CONTEXT('2D SPACE',''
  ) );
#5331 = ORIENTED_EDGE('',*,*,#2911,.T.);
#5332 = ADVANCED_FACE('',(#5333),#2999,.F.);
#5333 = FACE_BOUND('',#5334,.F.);
#5334 = EDGE_LOOP('',(#5335,#5336,#5357,#5383,#5403));
#5335 = ORIENTED_EDGE('',*,*,#5305,.F.);
#5336 = ORIENTED_EDGE('',*,*,#5337,.F.);
#5337 = EDGE_CURVE('',#5338,#5262,#5340,.T.);
#5338 = VERTEX_POINT('',#5339);
#5339 = CARTESIAN_POINT('',(0.541445182752,-2.023417656473,
    0.293328919474));
#5340 = SURFACE_CURVE('',#5341,(#5345,#5351),.PCURVE_S1.);
#5341 = LINE('',#5342,#5343);
#5342 = CARTESIAN_POINT('',(-8.965214233704E-18,-2.023417656473,
    0.293328919474));
#5343 = VECTOR('',#5344,1.);
#5344 = DIRECTION('',(-1.,0.,0.));
#5345 = PCURVE('',#2999,#5346);
#5346 = DEFINITIONAL_REPRESENTATION('',(#5347),#5350);
#5347 = B_SPLINE_CURVE_WITH_KNOTS('',1,(#5348,#5349),.UNSPECIFIED.,.F.,
  .F.,(2,2),(-0.549998539823,-0.184986651333),.PIECEWISE_BEZIER_KNOTS.);
#5348 = CARTESIAN_POINT('',(5.348220311487,0.549998539823));
#5349 = CARTESIAN_POINT('',(5.348220311487,0.184986651333));
#5350 = ( GEOMETRIC_REPRESENTATION_CONTEXT(2) 
PARAMETRIC_REPRESENTATION_CONTEXT() REPRESENTATION_CONTEXT('2D SPACE',''
  ) );
#5351 = PCURVE('',#5218,#5352);
#5352 = DEFINITIONAL_REPRESENTATION('',(#5353),#5356);
#5353 = B_SPLINE_CURVE_WITH_KNOTS('',1,(#5354,#5355),.UNSPECIFIED.,.F.,
  .F.,(2,2),(-0.549998539823,-0.184986651333),.PIECEWISE_BEZIER_KNOTS.);
#5354 = CARTESIAN_POINT('',(0.241860079441,-0.549998539823));
#5355 = CARTESIAN_POINT('',(0.241860079441,-0.184986651333));
#5356 = ( GEOMETRIC_REPRESENTATION_CONTEXT(2) 
PARAMETRIC_REPRESENTATION_CONTEXT() REPRESENTATION_CONTEXT('2D SPACE',''
  ) );
#5357 = ORIENTED_EDGE('',*,*,#5358,.F.);
#5358 = EDGE_CURVE('',#5359,#5338,#5361,.T.);
#5359 = VERTEX_POINT('',#5360);
#5360 = CARTESIAN_POINT('',(0.549581560484,-2.02345938178,0.285567668855
    ));
#5361 = SURFACE_CURVE('',#5362,(#5366,#5372),.PCURVE_S1.);
#5362 = LINE('',#5363,#5364);
#5363 = CARTESIAN_POINT('',(-0.857974010472,-2.016241097306,
    1.628227990911));
#5364 = VECTOR('',#5365,1.);
#5365 = DIRECTION('',(-0.723585571605,3.710721342345E-03,0.690224710593)
  );
#5366 = PCURVE('',#2999,#5367);
#5367 = DEFINITIONAL_REPRESENTATION('',(#5368),#5371);
#5368 = B_SPLINE_CURVE_WITH_KNOTS('',1,(#5369,#5370),.UNSPECIFIED.,.F.,
  .F.,(2,2),(-1.945827287811,-1.925790210799),.PIECEWISE_BEZIER_KNOTS.);
#5369 = CARTESIAN_POINT('',(5.356379434549,0.549998539823));
#5370 = CARTESIAN_POINT('',(5.342549149007,0.5355));
#5371 = ( GEOMETRIC_REPRESENTATION_CONTEXT(2) 
PARAMETRIC_REPRESENTATION_CONTEXT() REPRESENTATION_CONTEXT('2D SPACE',''
  ) );
#5372 = PCURVE('',#5373,#5378);
#5373 = PLANE('',#5374);
#5374 = AXIS2_PLACEMENT_3D('',#5375,#5376,#5377);
#5375 = CARTESIAN_POINT('',(0.702665480206,0.,0.1395416723));
#5376 = DIRECTION('',(0.69022946265,0.,0.723590553345));
#5377 = DIRECTION('',(0.723590553345,0.,-0.69022946265));
#5378 = DEFINITIONAL_REPRESENTATION('',(#5379),#5382);
#5379 = B_SPLINE_CURVE_WITH_KNOTS('',1,(#5380,#5381),.UNSPECIFIED.,.F.,
  .F.,(2,2),(-1.945827287811,-1.925790210799),.PIECEWISE_BEZIER_KNOTS.);
#5380 = CARTESIAN_POINT('',(-0.210985259104,-2.023461520151));
#5381 = CARTESIAN_POINT('',(-0.231022198166,-2.023387168142));
#5382 = ( GEOMETRIC_REPRESENTATION_CONTEXT(2) 
PARAMETRIC_REPRESENTATION_CONTEXT() REPRESENTATION_CONTEXT('2D SPACE',''
  ) );
#5383 = ORIENTED_EDGE('',*,*,#5384,.T.);
#5384 = EDGE_CURVE('',#5359,#2985,#5385,.T.);
#5385 = SURFACE_CURVE('',#5386,(#5390,#5397),.PCURVE_S1.);
#5386 = LINE('',#5387,#5388);
#5387 = CARTESIAN_POINT('',(0.55,-2.025,-1.E-03));
#5388 = VECTOR('',#5389,1.);
#5389 = DIRECTION('',(-1.460154333648E-03,5.376022773886E-03,
    0.999984483044));
#5390 = PCURVE('',#2999,#5391);
#5391 = DEFINITIONAL_REPRESENTATION('',(#5392),#5396);
#5392 = LINE('',#5393,#5394);
#5393 = CARTESIAN_POINT('',(5.642553484353,0.55));
#5394 = VECTOR('',#5395,1.);
#5395 = DIRECTION('',(-0.999998933974,-1.460154333648E-03));
#5396 = ( GEOMETRIC_REPRESENTATION_CONTEXT(2) 
PARAMETRIC_REPRESENTATION_CONTEXT() REPRESENTATION_CONTEXT('2D SPACE',''
  ) );
#5397 = PCURVE('',#3025,#5398);
#5398 = DEFINITIONAL_REPRESENTATION('',(#5399),#5402);
#5399 = B_SPLINE_CURVE_WITH_KNOTS('',1,(#5400,#5401),.UNSPECIFIED.,.F.,
  .F.,(2,2),(0.,11.300175344325),.PIECEWISE_BEZIER_KNOTS.);
#5400 = CARTESIAN_POINT('',(-5.627556659815,2.025));
#5401 = CARTESIAN_POINT('',(5.672455386639,1.96425));
#5402 = ( GEOMETRIC_REPRESENTATION_CONTEXT(2) 
PARAMETRIC_REPRESENTATION_CONTEXT() REPRESENTATION_CONTEXT('2D SPACE',''
  ) );
#5403 = ORIENTED_EDGE('',*,*,#2984,.T.);
#5404 = ADVANCED_FACE('',(#5405),#3025,.F.);
#5405 = FACE_BOUND('',#5406,.F.);
#5406 = EDGE_LOOP('',(#5407,#5408,#5429,#5456));
#5407 = ORIENTED_EDGE('',*,*,#5384,.F.);
#5408 = ORIENTED_EDGE('',*,*,#5409,.F.);
#5409 = EDGE_CURVE('',#5410,#5359,#5412,.T.);
#5410 = VERTEX_POINT('',#5411);
#5411 = CARTESIAN_POINT('',(0.549581560484,-1.700746750359,
    0.285567668855));
#5412 = SURFACE_CURVE('',#5413,(#5417,#5423),.PCURVE_S1.);
#5413 = LINE('',#5414,#5415);
#5414 = CARTESIAN_POINT('',(0.549581560484,2.904551347411E-17,
    0.285567668855));
#5415 = VECTOR('',#5416,1.);
#5416 = DIRECTION('',(0.,-1.,0.));
#5417 = PCURVE('',#3025,#5418);
#5418 = DEFINITIONAL_REPRESENTATION('',(#5419),#5422);
#5419 = B_SPLINE_CURVE_WITH_KNOTS('',1,(#5420,#5421),.UNSPECIFIED.,.F.,
  .F.,(2,2),(1.673611522474,2.024994623894),.PIECEWISE_BEZIER_KNOTS.);
#5420 = CARTESIAN_POINT('',(-5.340988685462,1.673611522474));
#5421 = CARTESIAN_POINT('',(-5.340988685462,2.024994623894));
#5422 = ( GEOMETRIC_REPRESENTATION_CONTEXT(2) 
PARAMETRIC_REPRESENTATION_CONTEXT() REPRESENTATION_CONTEXT('2D SPACE',''
  ) );
#5423 = PCURVE('',#5373,#5424);
#5424 = DEFINITIONAL_REPRESENTATION('',(#5425),#5428);
#5425 = B_SPLINE_CURVE_WITH_KNOTS('',1,(#5426,#5427),.UNSPECIFIED.,.F.,
  .F.,(2,2),(1.673611522474,2.024994623894),.PIECEWISE_BEZIER_KNOTS.);
#5426 = CARTESIAN_POINT('',(-0.211561523316,-1.673611522474));
#5427 = CARTESIAN_POINT('',(-0.211561523316,-2.024994623894));
#5428 = ( GEOMETRIC_REPRESENTATION_CONTEXT(2) 
PARAMETRIC_REPRESENTATION_CONTEXT() REPRESENTATION_CONTEXT('2D SPACE',''
  ) );
#5429 = ORIENTED_EDGE('',*,*,#5430,.T.);
#5430 = EDGE_CURVE('',#5410,#3011,#5431,.T.);
#5431 = SURFACE_CURVE('',#5432,(#5438,#5447),.PCURVE_S1.);
#5432 = B_SPLINE_CURVE_WITH_KNOTS('',4,(#5433,#5434,#5435,#5436,#5437),
  .UNSPECIFIED.,.F.,.F.,(5,5),(0.,1.),.PIECEWISE_BEZIER_KNOTS.);
#5433 = CARTESIAN_POINT('',(0.55,-1.702041662159,-1.000000000002E-03));
#5434 = CARTESIAN_POINT('',(0.545875,-1.689276349693,2.824));
#5435 = CARTESIAN_POINT('',(0.54175,-1.676511037227,5.649));
#5436 = CARTESIAN_POINT('',(0.537625,-1.663745724761,8.474));
#5437 = CARTESIAN_POINT('',(0.5335,-1.650980412294,11.299));
#5438 = PCURVE('',#3025,#5439);
#5439 = DEFINITIONAL_REPRESENTATION('',(#5440),#5446);
#5440 = B_SPLINE_CURVE_WITH_KNOTS('',4,(#5441,#5442,#5443,#5444,#5445),
  .UNSPECIFIED.,.F.,.F.,(5,5),(0.,1.),.PIECEWISE_BEZIER_KNOTS.);
#5441 = CARTESIAN_POINT('',(-5.627556659815,1.702041662159));
#5442 = CARTESIAN_POINT('',(-2.802553648202,1.689276349693));
#5443 = CARTESIAN_POINT('',(2.24493634117E-02,1.676511037227));
#5444 = CARTESIAN_POINT('',(2.847452375025,1.663745724761));
#5445 = CARTESIAN_POINT('',(5.672455386639,1.650980412294));
#5446 = ( GEOMETRIC_REPRESENTATION_CONTEXT(2) 
PARAMETRIC_REPRESENTATION_CONTEXT() REPRESENTATION_CONTEXT('2D SPACE',''
  ) );
#5447 = PCURVE('',#3062,#5448);
#5448 = DEFINITIONAL_REPRESENTATION('',(#5449),#5455);
#5449 = B_SPLINE_CURVE_WITH_KNOTS('',4,(#5450,#5451,#5452,#5453,#5454),
  .UNSPECIFIED.,.F.,.F.,(5,5),(8.849557522139E-05,0.556785032883),
  .PIECEWISE_BEZIER_KNOTS.);
#5450 = CARTESIAN_POINT('',(5.853485642,8.849557522139E-05));
#5451 = CARTESIAN_POINT('',(5.853485642,0.139262629902));
#5452 = CARTESIAN_POINT('',(5.853485642,0.278436764229));
#5453 = CARTESIAN_POINT('',(5.853485642,0.417610898556));
#5454 = CARTESIAN_POINT('',(5.853485642,0.556785032883));
#5455 = ( GEOMETRIC_REPRESENTATION_CONTEXT(2) 
PARAMETRIC_REPRESENTATION_CONTEXT() REPRESENTATION_CONTEXT('2D SPACE',''
  ) );
#5456 = ORIENTED_EDGE('',*,*,#3010,.T.);
#5457 = ADVANCED_FACE('',(#5458),#3062,.F.);
#5458 = FACE_BOUND('',#5459,.F.);
#5459 = EDGE_LOOP('',(#5460,#5489,#5490,#5491));
#5460 = ORIENTED_EDGE('',*,*,#5461,.T.);
#5461 = EDGE_CURVE('',#5462,#3037,#5464,.T.);
#5462 = VERTEX_POINT('',#5463);
#5463 = CARTESIAN_POINT('',(0.549581560484,-1.197046932191,
    0.285567668855));
#5464 = SURFACE_CURVE('',#5465,(#5471,#5480),.PCURVE_S1.);
#5465 = B_SPLINE_CURVE_WITH_KNOTS('',4,(#5466,#5467,#5468,#5469,#5470),
  .UNSPECIFIED.,.F.,.F.,(5,5),(0.,1.),.PIECEWISE_BEZIER_KNOTS.);
#5466 = CARTESIAN_POINT('',(0.55,-1.197958337841,-1.000000000002E-03));
#5467 = CARTESIAN_POINT('',(0.545875,-1.188973650307,2.824));
#5468 = CARTESIAN_POINT('',(0.54175,-1.179988962773,5.649));
#5469 = CARTESIAN_POINT('',(0.537625,-1.171004275239,8.474));
#5470 = CARTESIAN_POINT('',(0.5335,-1.162019587706,11.299));
#5471 = PCURVE('',#3062,#5472);
#5472 = DEFINITIONAL_REPRESENTATION('',(#5473),#5479);
#5473 = B_SPLINE_CURVE_WITH_KNOTS('',4,(#5474,#5475,#5476,#5477,#5478),
  .UNSPECIFIED.,.F.,.F.,(5,5),(8.849557522139E-05,0.55140131173),
  .PIECEWISE_BEZIER_KNOTS.);
#5474 = CARTESIAN_POINT('',(6.712884972359,8.849557522139E-05));
#5475 = CARTESIAN_POINT('',(6.712884972359,0.137916699614));
#5476 = CARTESIAN_POINT('',(6.712884972359,0.275744903652));
#5477 = CARTESIAN_POINT('',(6.712884972359,0.413573107691));
#5478 = CARTESIAN_POINT('',(6.712884972359,0.55140131173));
#5479 = ( GEOMETRIC_REPRESENTATION_CONTEXT(2) 
PARAMETRIC_REPRESENTATION_CONTEXT() REPRESENTATION_CONTEXT('2D SPACE',''
  ) );
#5480 = PCURVE('',#3135,#5481);
#5481 = DEFINITIONAL_REPRESENTATION('',(#5482),#5488);
#5482 = B_SPLINE_CURVE_WITH_KNOTS('',4,(#5483,#5484,#5485,#5486,#5487),
  .UNSPECIFIED.,.F.,.F.,(5,5),(0.,1.),.PIECEWISE_BEZIER_KNOTS.);
#5483 = CARTESIAN_POINT('',(-5.627556659815,1.197958337841));
#5484 = CARTESIAN_POINT('',(-2.802553648202,1.188973650307));
#5485 = CARTESIAN_POINT('',(2.244936341174E-02,1.179988962773));
#5486 = CARTESIAN_POINT('',(2.847452375025,1.171004275239));
#5487 = CARTESIAN_POINT('',(5.672455386639,1.162019587706));
#5488 = ( GEOMETRIC_REPRESENTATION_CONTEXT(2) 
PARAMETRIC_REPRESENTATION_CONTEXT() REPRESENTATION_CONTEXT('2D SPACE',''
  ) );
#5489 = ORIENTED_EDGE('',*,*,#3036,.T.);
#5490 = ORIENTED_EDGE('',*,*,#5430,.F.);
#5491 = ORIENTED_EDGE('',*,*,#5492,.F.);
#5492 = EDGE_CURVE('',#5462,#5410,#5493,.T.);
#5493 = SURFACE_CURVE('',#5494,(#5505,#5519),.PCURVE_S1.);
#5494 = B_SPLINE_CURVE_WITH_KNOTS('',5,(#5495,#5496,#5497,#5498,#5499,
    #5500,#5501,#5502,#5503,#5504),.UNSPECIFIED.,.F.,.F.,(6,4,6),(0.,
    0.503705462029,1.),.UNSPECIFIED.);
#5495 = CARTESIAN_POINT('',(0.549581408918,-1.197046601448,
    0.285567813433));
#5496 = CARTESIAN_POINT('',(0.571110797546,-1.244027399373,
    0.265031035727));
#5497 = CARTESIAN_POINT('',(0.587841666994,-1.293755486367,
    0.249071541818));
#5498 = CARTESIAN_POINT('',(0.599195028214,-1.345492247365,
    0.238241626505));
#5499 = CARTESIAN_POINT('',(0.604786019215,-1.398264375723,
    0.232908407744));
#5500 = CARTESIAN_POINT('',(0.604458599044,-1.502934607691,
    0.233220732232));
#5501 = CARTESIAN_POINT('',(0.598708266432,-1.554855654823,
    0.238705946169));
#5502 = CARTESIAN_POINT('',(0.587369413544,-1.605713925823,
    0.249522022056));
#5503 = CARTESIAN_POINT('',(0.570809264128,-1.654580179917,
    0.265318666968));
#5504 = CARTESIAN_POINT('',(0.549581408918,-1.700747079988,
    0.285567813433));
#5505 = PCURVE('',#3062,#5506);
#5506 = DEFINITIONAL_REPRESENTATION('',(#5507),#5518);
#5507 = B_SPLINE_CURVE_WITH_KNOTS('',5,(#5508,#5509,#5510,#5511,#5512,
    #5513,#5514,#5515,#5516,#5517),.UNSPECIFIED.,.F.,.F.,(6,4,6),(0.,
    0.503705462029,1.),.UNSPECIFIED.);
#5508 = CARTESIAN_POINT('',(6.71288557333,2.535998348964E-02));
#5509 = CARTESIAN_POINT('',(6.627519725173,2.354256953336E-02));
#5510 = CARTESIAN_POINT('',(6.541313242494,2.213022493962E-02));
#5511 = CARTESIAN_POINT('',(6.454479309787,2.117182535445E-02));
#5512 = CARTESIAN_POINT('',(6.367263066889,2.069985909242E-02));
#5513 = CARTESIAN_POINT('',(6.194144007177,2.07274984276E-02));
#5514 = CARTESIAN_POINT('',(6.1082076102,2.121291559022E-02));
#5515 = CARTESIAN_POINT('',(6.022632154418,2.217009044746E-02));
#5516 = CARTESIAN_POINT('',(5.937655283663,2.35680236255E-02));
#5517 = CARTESIAN_POINT('',(5.853485041029,2.535998348963E-02));
#5518 = ( GEOMETRIC_REPRESENTATION_CONTEXT(2) 
PARAMETRIC_REPRESENTATION_CONTEXT() REPRESENTATION_CONTEXT('2D SPACE',''
  ) );
#5519 = PCURVE('',#5373,#5520);
#5520 = DEFINITIONAL_REPRESENTATION('',(#5521),#5532);
#5521 = B_SPLINE_CURVE_WITH_KNOTS('',5,(#5522,#5523,#5524,#5525,#5526,
    #5527,#5528,#5529,#5530,#5531),.UNSPECIFIED.,.F.,.F.,(6,4,6),(0.,
    0.503705462029,1.),.UNSPECIFIED.);
#5522 = CARTESIAN_POINT('',(-0.211561732779,-1.197046601448));
#5523 = CARTESIAN_POINT('',(-0.181808181508,-1.244027399373));
#5524 = CARTESIAN_POINT('',(-0.15868616952,-1.293755486367));
#5525 = CARTESIAN_POINT('',(-0.142995857967,-1.345492247365));
#5526 = CARTESIAN_POINT('',(-0.135269124975,-1.398264375723));
#5527 = CARTESIAN_POINT('',(-0.135721618681,-1.502934607691));
#5528 = CARTESIAN_POINT('',(-0.143668561306,-1.554855654823));
#5529 = CARTESIAN_POINT('',(-0.159338822389,-1.605713925823));
#5530 = CARTESIAN_POINT('',(-0.182224899797,-1.654580179917));
#5531 = CARTESIAN_POINT('',(-0.211561732779,-1.700747079988));
#5532 = ( GEOMETRIC_REPRESENTATION_CONTEXT(2) 
PARAMETRIC_REPRESENTATION_CONTEXT() REPRESENTATION_CONTEXT('2D SPACE',''
  ) );
#5533 = ADVANCED_FACE('',(#5534),#3135,.F.);
#5534 = FACE_BOUND('',#5535,.F.);
#5535 = EDGE_LOOP('',(#5536,#5537,#5558,#5577));
#5536 = ORIENTED_EDGE('',*,*,#5461,.F.);
#5537 = ORIENTED_EDGE('',*,*,#5538,.F.);
#5538 = EDGE_CURVE('',#5539,#5462,#5541,.T.);
#5539 = VERTEX_POINT('',#5540);
#5540 = CARTESIAN_POINT('',(0.549581560484,-0.849353320747,
    0.285567668855));
#5541 = SURFACE_CURVE('',#5542,(#5546,#5552),.PCURVE_S1.);
#5542 = LINE('',#5543,#5544);
#5543 = CARTESIAN_POINT('',(0.549581560484,2.904551347411E-17,
    0.285567668855));
#5544 = VECTOR('',#5545,1.);
#5545 = DIRECTION('',(0.,-1.,0.));
#5546 = PCURVE('',#3135,#5547);
#5547 = DEFINITIONAL_REPRESENTATION('',(#5548),#5551);
#5548 = B_SPLINE_CURVE_WITH_KNOTS('',1,(#5549,#5550),.UNSPECIFIED.,.F.,
  .F.,(2,2),(0.836034057796,1.197958337841),.PIECEWISE_BEZIER_KNOTS.);
#5549 = CARTESIAN_POINT('',(-5.340988685462,0.836034057796));
#5550 = CARTESIAN_POINT('',(-5.340988685462,1.197958337841));
#5551 = ( GEOMETRIC_REPRESENTATION_CONTEXT(2) 
PARAMETRIC_REPRESENTATION_CONTEXT() REPRESENTATION_CONTEXT('2D SPACE',''
  ) );
#5552 = PCURVE('',#5373,#5553);
#5553 = DEFINITIONAL_REPRESENTATION('',(#5554),#5557);
#5554 = B_SPLINE_CURVE_WITH_KNOTS('',1,(#5555,#5556),.UNSPECIFIED.,.F.,
  .F.,(2,2),(0.836034057796,1.197958337841),.PIECEWISE_BEZIER_KNOTS.);
#5555 = CARTESIAN_POINT('',(-0.211561523316,-0.836034057796));
#5556 = CARTESIAN_POINT('',(-0.211561523316,-1.197958337841));
#5557 = ( GEOMETRIC_REPRESENTATION_CONTEXT(2) 
PARAMETRIC_REPRESENTATION_CONTEXT() REPRESENTATION_CONTEXT('2D SPACE',''
  ) );
#5558 = ORIENTED_EDGE('',*,*,#5559,.T.);
#5559 = EDGE_CURVE('',#5539,#3121,#5560,.T.);
#5560 = SURFACE_CURVE('',#5561,(#5564,#5570),.PCURVE_S1.);
#5561 = B_SPLINE_CURVE_WITH_KNOTS('',1,(#5562,#5563),.UNSPECIFIED.,.F.,
  .F.,(2,2),(0.,1.),.PIECEWISE_BEZIER_KNOTS.);
#5562 = CARTESIAN_POINT('',(0.55,-0.85,-1.E-03));
#5563 = CARTESIAN_POINT('',(0.5335,-0.8245,11.299));
#5564 = PCURVE('',#3135,#5565);
#5565 = DEFINITIONAL_REPRESENTATION('',(#5566),#5569);
#5566 = B_SPLINE_CURVE_WITH_KNOTS('',1,(#5567,#5568),.UNSPECIFIED.,.F.,
  .F.,(2,2),(0.,1.),.PIECEWISE_BEZIER_KNOTS.);
#5567 = CARTESIAN_POINT('',(-5.627556659815,0.85));
#5568 = CARTESIAN_POINT('',(5.672455386639,0.8245));
#5569 = ( GEOMETRIC_REPRESENTATION_CONTEXT(2) 
PARAMETRIC_REPRESENTATION_CONTEXT() REPRESENTATION_CONTEXT('2D SPACE',''
  ) );
#5570 = PCURVE('',#3190,#5571);
#5571 = DEFINITIONAL_REPRESENTATION('',(#5572),#5576);
#5572 = LINE('',#5573,#5574);
#5573 = CARTESIAN_POINT('',(1.570796326795,0.));
#5574 = VECTOR('',#5575,1.);
#5575 = DIRECTION('',(0.,1.));
#5576 = ( GEOMETRIC_REPRESENTATION_CONTEXT(2) 
PARAMETRIC_REPRESENTATION_CONTEXT() REPRESENTATION_CONTEXT('2D SPACE',''
  ) );
#5577 = ORIENTED_EDGE('',*,*,#3120,.T.);
#5578 = ADVANCED_FACE('',(#5579),#3190,.F.);
#5579 = FACE_BOUND('',#5580,.F.);
#5580 = EDGE_LOOP('',(#5581,#5631,#5686,#5705,#5706));
#5581 = ORIENTED_EDGE('',*,*,#5582,.F.);
#5582 = EDGE_CURVE('',#5583,#5539,#5585,.T.);
#5583 = VERTEX_POINT('',#5584);
#5584 = CARTESIAN_POINT('',(0.637524745612,-0.637524745612,
    0.201679097985));
#5585 = SURFACE_CURVE('',#5586,(#5599,#5615),.PCURVE_S1.);
#5586 = B_SPLINE_CURVE_WITH_KNOTS('',6,(#5587,#5588,#5589,#5590,#5591,
    #5592,#5593,#5594,#5595,#5596,#5597,#5598),.UNSPECIFIED.,.F.,.F.,(7,
    5,7),(0.,0.579006511697,1.),.UNSPECIFIED.);
#5587 = CARTESIAN_POINT('',(0.848958774367,-0.550000348918,
    -6.780000003981E-06));
#5588 = CARTESIAN_POINT('',(0.804314175024,-0.550092454076,
    4.257948328352E-02));
#5589 = CARTESIAN_POINT('',(0.759709167963,-0.558123456022,
    8.512797968587E-02));
#5590 = CARTESIAN_POINT('',(0.7167753067,-0.574082758803,0.126082378347)
  );
#5591 = CARTESIAN_POINT('',(0.677168299469,-0.597615396424,
    0.163863307343));
#5592 = CARTESIAN_POINT('',(0.64255175688,-0.627901591729,0.196883856712
    ));
#5593 = CARTESIAN_POINT('',(0.593706695041,-0.689523955721,
    0.243476920469));
#5594 = CARTESIAN_POINT('',(0.576490785355,-0.718320094152,
    0.259899091872));
#5595 = CARTESIAN_POINT('',(0.563150755376,-0.749433724291,
    0.272624080723));
#5596 = CARTESIAN_POINT('',(0.554103552259,-0.782183829348,
    0.281254163187));
#5597 = CARTESIAN_POINT('',(0.549581560484,-0.815766744459,
    0.285567668855));
#5598 = CARTESIAN_POINT('',(0.549581560484,-0.849353320747,
    0.285567668855));
#5599 = PCURVE('',#3190,#5600);
#5600 = DEFINITIONAL_REPRESENTATION('',(#5601),#5614);
#5601 = B_SPLINE_CURVE_WITH_KNOTS('',6,(#5602,#5603,#5604,#5605,#5606,
    #5607,#5608,#5609,#5610,#5611,#5612,#5613),.UNSPECIFIED.,.F.,.F.,(7,
    5,7),(0.,0.579006511697,1.),.UNSPECIFIED.);
#5602 = CARTESIAN_POINT('',(3.138129356439,8.7895575221E-05));
#5603 = CARTESIAN_POINT('',(2.989632681628,3.85659144102E-03));
#5604 = CARTESIAN_POINT('',(2.841136463573,7.621945104944E-03));
#5605 = CARTESIAN_POINT('',(2.692167964732,1.124622817228E-02));
#5606 = CARTESIAN_POINT('',(2.542376193628,1.458967321621E-02));
#5607 = CARTESIAN_POINT('',(2.391521094171,1.751184572676E-02));
#5608 = CARTESIAN_POINT('',(2.129196941921,2.163512570525E-02));
#5609 = CARTESIAN_POINT('',(2.018206670563,2.308841520988E-02));
#5610 = CARTESIAN_POINT('',(1.906738692023,2.421452041795E-02));
#5611 = CARTESIAN_POINT('',(1.794897744405,2.497824452982E-02));
#5612 = CARTESIAN_POINT('',(1.682836821398,2.535997069514E-02));
#5613 = CARTESIAN_POINT('',(1.570796326795,2.535997069515E-02));
#5614 = ( GEOMETRIC_REPRESENTATION_CONTEXT(2) 
PARAMETRIC_REPRESENTATION_CONTEXT() REPRESENTATION_CONTEXT('2D SPACE',''
  ) );
#5615 = PCURVE('',#5373,#5616);
#5616 = DEFINITIONAL_REPRESENTATION('',(#5617),#5630);
#5617 = B_SPLINE_CURVE_WITH_KNOTS('',6,(#5618,#5619,#5620,#5621,#5622,
    #5623,#5624,#5625,#5626,#5627,#5628,#5629),.UNSPECIFIED.,.F.,.F.,(7,
    5,7),(0.,0.579006511697,1.),.UNSPECIFIED.);
#5618 = CARTESIAN_POINT('',(0.202176898917,-0.550000348918));
#5619 = CARTESIAN_POINT('',(0.140478194952,-0.550092454076));
#5620 = CARTESIAN_POINT('',(7.883420740234E-02,-0.558123456022));
#5621 = CARTESIAN_POINT('',(1.949973839309E-02,-0.574082758803));
#5622 = CARTESIAN_POINT('',(-3.523702820528E-02,-0.597615396424));
#5623 = CARTESIAN_POINT('',(-8.307698745943E-02,-0.627901591729));
#5624 = CARTESIAN_POINT('',(-0.150580718144,-0.689523955721));
#5625 = CARTESIAN_POINT('',(-0.174373054303,-0.718320094152));
#5626 = CARTESIAN_POINT('',(-0.192808936194,-0.749433724291));
#5627 = CARTESIAN_POINT('',(-0.205312144085,-0.782183829348));
#5628 = CARTESIAN_POINT('',(-0.211561523316,-0.815766744459));
#5629 = CARTESIAN_POINT('',(-0.211561523316,-0.849353320747));
#5630 = ( GEOMETRIC_REPRESENTATION_CONTEXT(2) 
PARAMETRIC_REPRESENTATION_CONTEXT() REPRESENTATION_CONTEXT('2D SPACE',''
  ) );
#5631 = ORIENTED_EDGE('',*,*,#5632,.T.);
#5632 = EDGE_CURVE('',#5583,#5633,#5635,.T.);
#5633 = VERTEX_POINT('',#5634);
#5634 = CARTESIAN_POINT('',(0.849353320747,-0.549581560484,
    0.285567668855));
#5635 = SURFACE_CURVE('',#5636,(#5649,#5665),.PCURVE_S1.);
#5636 = B_SPLINE_CURVE_WITH_KNOTS('',6,(#5637,#5638,#5639,#5640,#5641,
    #5642,#5643,#5644,#5645,#5646,#5647,#5648),.UNSPECIFIED.,.F.,.F.,(7,
    5,7),(0.,0.579006511697,1.),.UNSPECIFIED.);
#5637 = CARTESIAN_POINT('',(0.550000348918,-0.848958774367,
    -6.780000000456E-06));
#5638 = CARTESIAN_POINT('',(0.550092454076,-0.804314175024,
    4.257948328356E-02));
#5639 = CARTESIAN_POINT('',(0.558123456022,-0.759709167963,
    8.512797968578E-02));
#5640 = CARTESIAN_POINT('',(0.574082758803,-0.7167753067,0.126082378347)
  );
#5641 = CARTESIAN_POINT('',(0.597615396424,-0.677168299469,
    0.163863307343));
#5642 = CARTESIAN_POINT('',(0.627901591729,-0.64255175688,0.196883856712
    ));
#5643 = CARTESIAN_POINT('',(0.689523955721,-0.593706695041,
    0.243476920469));
#5644 = CARTESIAN_POINT('',(0.718320094152,-0.576490785355,
    0.259899091872));
#5645 = CARTESIAN_POINT('',(0.749433724291,-0.563150755376,
    0.272624080723));
#5646 = CARTESIAN_POINT('',(0.782183829348,-0.554103552259,
    0.281254163187));
#5647 = CARTESIAN_POINT('',(0.815766744459,-0.549581560484,
    0.285567668855));
#5648 = CARTESIAN_POINT('',(0.849353320747,-0.549581560484,
    0.285567668855));
#5649 = PCURVE('',#3190,#5650);
#5650 = DEFINITIONAL_REPRESENTATION('',(#5651),#5664);
#5651 = B_SPLINE_CURVE_WITH_KNOTS('',6,(#5652,#5653,#5654,#5655,#5656,
    #5657,#5658,#5659,#5660,#5661,#5662,#5663),.UNSPECIFIED.,.F.,.F.,(7,
    5,7),(0.,0.579006511697,1.),.UNSPECIFIED.);
#5652 = CARTESIAN_POINT('',(1.574259623946,8.789557522128E-05));
#5653 = CARTESIAN_POINT('',(1.722756298757,3.856591441023E-03));
#5654 = CARTESIAN_POINT('',(1.871252516812,7.621945104937E-03));
#5655 = CARTESIAN_POINT('',(2.020221015654,1.124622817229E-02));
#5656 = CARTESIAN_POINT('',(2.170012786756,1.45896732162E-02));
#5657 = CARTESIAN_POINT('',(2.320867886214,1.751184572676E-02));
#5658 = CARTESIAN_POINT('',(2.583192038464,2.163512570525E-02));
#5659 = CARTESIAN_POINT('',(2.694182309822,2.308841520988E-02));
#5660 = CARTESIAN_POINT('',(2.805650288362,2.421452041795E-02));
#5661 = CARTESIAN_POINT('',(2.91749123598,2.497824452982E-02));
#5662 = CARTESIAN_POINT('',(3.029552158987,2.535997069515E-02));
#5663 = CARTESIAN_POINT('',(3.14159265359,2.535997069515E-02));
#5664 = ( GEOMETRIC_REPRESENTATION_CONTEXT(2) 
PARAMETRIC_REPRESENTATION_CONTEXT() REPRESENTATION_CONTEXT('2D SPACE',''
  ) );
#5665 = PCURVE('',#5666,#5671);
#5666 = PLANE('',#5667);
#5667 = AXIS2_PLACEMENT_3D('',#5668,#5669,#5670);
#5668 = CARTESIAN_POINT('',(2.277398851267E-17,-0.702665480206,
    0.1395416723));
#5669 = DIRECTION('',(0.,-0.69022946265,0.723590553345));
#5670 = DIRECTION('',(0.,0.723590553345,0.69022946265));
#5671 = DEFINITIONAL_REPRESENTATION('',(#5672),#5685);
#5672 = B_SPLINE_CURVE_WITH_KNOTS('',6,(#5673,#5674,#5675,#5676,#5677,
    #5678,#5679,#5680,#5681,#5682,#5683,#5684),.UNSPECIFIED.,.F.,.F.,(7,
    5,7),(0.,0.579006511697,1.),.UNSPECIFIED.);
#5673 = CARTESIAN_POINT('',(-0.202176898917,-0.550000348918));
#5674 = CARTESIAN_POINT('',(-0.140478194952,-0.550092454076));
#5675 = CARTESIAN_POINT('',(-7.883420740247E-02,-0.558123456022));
#5676 = CARTESIAN_POINT('',(-1.949973839292E-02,-0.574082758803));
#5677 = CARTESIAN_POINT('',(3.523702820518E-02,-0.597615396424));
#5678 = CARTESIAN_POINT('',(8.307698745946E-02,-0.627901591729));
#5679 = CARTESIAN_POINT('',(0.150580718144,-0.689523955721));
#5680 = CARTESIAN_POINT('',(0.174373054303,-0.718320094152));
#5681 = CARTESIAN_POINT('',(0.192808936194,-0.749433724291));
#5682 = CARTESIAN_POINT('',(0.205312144085,-0.782183829348));
#5683 = CARTESIAN_POINT('',(0.211561523316,-0.815766744459));
#5684 = CARTESIAN_POINT('',(0.211561523316,-0.849353320747));
#5685 = ( GEOMETRIC_REPRESENTATION_CONTEXT(2) 
PARAMETRIC_REPRESENTATION_CONTEXT() REPRESENTATION_CONTEXT('2D SPACE',''
  ) );
#5686 = ORIENTED_EDGE('',*,*,#5687,.T.);
#5687 = EDGE_CURVE('',#5633,#3147,#5688,.T.);
#5688 = SURFACE_CURVE('',#5689,(#5692,#5699),.PCURVE_S1.);
#5689 = B_SPLINE_CURVE_WITH_KNOTS('',1,(#5690,#5691),.UNSPECIFIED.,.F.,
  .F.,(2,2),(0.,1.),.PIECEWISE_BEZIER_KNOTS.);
#5690 = CARTESIAN_POINT('',(0.85,-0.55,-1.E-03));
#5691 = CARTESIAN_POINT('',(0.8245,-0.5335,11.299));
#5692 = PCURVE('',#3190,#5693);
#5693 = DEFINITIONAL_REPRESENTATION('',(#5694),#5698);
#5694 = LINE('',#5695,#5696);
#5695 = CARTESIAN_POINT('',(3.14159265359,0.));
#5696 = VECTOR('',#5697,1.);
#5697 = DIRECTION('',(0.,1.));
#5698 = ( GEOMETRIC_REPRESENTATION_CONTEXT(2) 
PARAMETRIC_REPRESENTATION_CONTEXT() REPRESENTATION_CONTEXT('2D SPACE',''
  ) );
#5699 = PCURVE('',#3243,#5700);
#5700 = DEFINITIONAL_REPRESENTATION('',(#5701),#5704);
#5701 = B_SPLINE_CURVE_WITH_KNOTS('',1,(#5702,#5703),.UNSPECIFIED.,.F.,
  .F.,(2,2),(0.,1.),.PIECEWISE_BEZIER_KNOTS.);
#5702 = CARTESIAN_POINT('',(5.627556659815,0.85));
#5703 = CARTESIAN_POINT('',(-5.672455386639,0.8245));
#5704 = ( GEOMETRIC_REPRESENTATION_CONTEXT(2) 
PARAMETRIC_REPRESENTATION_CONTEXT() REPRESENTATION_CONTEXT('2D SPACE',''
  ) );
#5705 = ORIENTED_EDGE('',*,*,#3146,.T.);
#5706 = ORIENTED_EDGE('',*,*,#5559,.F.);
#5707 = ADVANCED_FACE('',(#5708),#3243,.F.);
#5708 = FACE_BOUND('',#5709,.F.);
#5709 = EDGE_LOOP('',(#5710,#5711,#5732,#5759));
#5710 = ORIENTED_EDGE('',*,*,#5687,.F.);
#5711 = ORIENTED_EDGE('',*,*,#5712,.F.);
#5712 = EDGE_CURVE('',#5713,#5633,#5715,.T.);
#5713 = VERTEX_POINT('',#5714);
#5714 = CARTESIAN_POINT('',(1.197046933734,-0.549581560484,
    0.285567668855));
#5715 = SURFACE_CURVE('',#5716,(#5720,#5726),.PCURVE_S1.);
#5716 = LINE('',#5717,#5718);
#5717 = CARTESIAN_POINT('',(4.043250773045E-17,-0.549581560484,
    0.285567668855));
#5718 = VECTOR('',#5719,1.);
#5719 = DIRECTION('',(-1.,0.,0.));
#5720 = PCURVE('',#3243,#5721);
#5721 = DEFINITIONAL_REPRESENTATION('',(#5722),#5725);
#5722 = B_SPLINE_CURVE_WITH_KNOTS('',1,(#5723,#5724),.UNSPECIFIED.,.F.,
  .F.,(2,2),(-1.197958339386,-0.83611580143),.PIECEWISE_BEZIER_KNOTS.);
#5723 = CARTESIAN_POINT('',(5.340988685462,1.197958339386));
#5724 = CARTESIAN_POINT('',(5.340988685462,0.83611580143));
#5725 = ( GEOMETRIC_REPRESENTATION_CONTEXT(2) 
PARAMETRIC_REPRESENTATION_CONTEXT() REPRESENTATION_CONTEXT('2D SPACE',''
  ) );
#5726 = PCURVE('',#5666,#5727);
#5727 = DEFINITIONAL_REPRESENTATION('',(#5728),#5731);
#5728 = B_SPLINE_CURVE_WITH_KNOTS('',1,(#5729,#5730),.UNSPECIFIED.,.F.,
  .F.,(2,2),(-1.197958339386,-0.83611580143),.PIECEWISE_BEZIER_KNOTS.);
#5729 = CARTESIAN_POINT('',(0.211561523316,-1.197958339386));
#5730 = CARTESIAN_POINT('',(0.211561523316,-0.83611580143));
#5731 = ( GEOMETRIC_REPRESENTATION_CONTEXT(2) 
PARAMETRIC_REPRESENTATION_CONTEXT() REPRESENTATION_CONTEXT('2D SPACE',''
  ) );
#5732 = ORIENTED_EDGE('',*,*,#5733,.T.);
#5733 = EDGE_CURVE('',#5713,#3229,#5734,.T.);
#5734 = SURFACE_CURVE('',#5735,(#5741,#5750),.PCURVE_S1.);
#5735 = B_SPLINE_CURVE_WITH_KNOTS('',4,(#5736,#5737,#5738,#5739,#5740),
  .UNSPECIFIED.,.F.,.F.,(5,5),(0.,1.),.PIECEWISE_BEZIER_KNOTS.);
#5736 = CARTESIAN_POINT('',(1.197958339386,-0.55,-1.000000000001E-03));
#5737 = CARTESIAN_POINT('',(1.18897365184,-0.545875,2.824));
#5738 = CARTESIAN_POINT('',(1.179988964295,-0.54175,5.649));
#5739 = CARTESIAN_POINT('',(1.17100427675,-0.537625,8.474));
#5740 = CARTESIAN_POINT('',(1.162019589204,-0.5335,11.299));
#5741 = PCURVE('',#3243,#5742);
#5742 = DEFINITIONAL_REPRESENTATION('',(#5743),#5749);
#5743 = B_SPLINE_CURVE_WITH_KNOTS('',4,(#5744,#5745,#5746,#5747,#5748),
  .UNSPECIFIED.,.F.,.F.,(5,5),(0.,1.),.PIECEWISE_BEZIER_KNOTS.);
#5744 = CARTESIAN_POINT('',(5.627556659815,1.197958339386));
#5745 = CARTESIAN_POINT('',(2.802553648202,1.18897365184));
#5746 = CARTESIAN_POINT('',(-2.244936341156E-02,1.179988964295));
#5747 = CARTESIAN_POINT('',(-2.847452375025,1.17100427675));
#5748 = CARTESIAN_POINT('',(-5.672455386639,1.162019589204));
#5749 = ( GEOMETRIC_REPRESENTATION_CONTEXT(2) 
PARAMETRIC_REPRESENTATION_CONTEXT() REPRESENTATION_CONTEXT('2D SPACE',''
  ) );
#5750 = PCURVE('',#3284,#5751);
#5751 = DEFINITIONAL_REPRESENTATION('',(#5752),#5758);
#5752 = B_SPLINE_CURVE_WITH_KNOTS('',4,(#5753,#5754,#5755,#5756,#5757),
  .UNSPECIFIED.,.F.,.F.,(5,5),(0.,1.),.PIECEWISE_BEZIER_KNOTS.);
#5753 = CARTESIAN_POINT('',(4.282689311973,0.));
#5754 = CARTESIAN_POINT('',(4.282689311973,0.25));
#5755 = CARTESIAN_POINT('',(4.282689311973,0.5));
#5756 = CARTESIAN_POINT('',(4.282689311973,0.75));
#5757 = CARTESIAN_POINT('',(4.282689311973,1.));
#5758 = ( GEOMETRIC_REPRESENTATION_CONTEXT(2) 
PARAMETRIC_REPRESENTATION_CONTEXT() REPRESENTATION_CONTEXT('2D SPACE',''
  ) );
#5759 = ORIENTED_EDGE('',*,*,#3228,.T.);
#5760 = ADVANCED_FACE('',(#5761),#3284,.F.);
#5761 = FACE_BOUND('',#5762,.F.);
#5762 = EDGE_LOOP('',(#5763,#5764,#5808,#5835));
#5763 = ORIENTED_EDGE('',*,*,#5733,.F.);
#5764 = ORIENTED_EDGE('',*,*,#5765,.F.);
#5765 = EDGE_CURVE('',#5766,#5713,#5768,.T.);
#5766 = VERTEX_POINT('',#5767);
#5767 = CARTESIAN_POINT('',(1.700746743681,-0.549581560484,
    0.285567668855));
#5768 = SURFACE_CURVE('',#5769,(#5780,#5794),.PCURVE_S1.);
#5769 = B_SPLINE_CURVE_WITH_KNOTS('',5,(#5770,#5771,#5772,#5773,#5774,
    #5775,#5776,#5777,#5778,#5779),.UNSPECIFIED.,.F.,.F.,(6,4,6),(0.,
    0.49593156164,1.),.UNSPECIFIED.);
#5770 = CARTESIAN_POINT('',(1.700747072777,-0.549581409163,
    0.285567813199));
#5771 = CARTESIAN_POINT('',(1.654613935012,-0.570793747437,
    0.265333468263));
#5772 = CARTESIAN_POINT('',(1.605785417283,-0.587345192689,
    0.249545126211));
#5773 = CARTESIAN_POINT('',(1.554967266541,-0.598683405795,
    0.238729660609));
#5774 = CARTESIAN_POINT('',(1.503086506193,-0.604441755955,
    0.233236798771));
#5775 = CARTESIAN_POINT('',(1.398416501174,-0.604802117794,
    0.232893051389));
#5776 = CARTESIAN_POINT('',(1.345604136065,-0.599219592687,
    0.238218194576));
#5777 = CARTESIAN_POINT('',(1.293827182787,-0.587865802989,
    0.249048518611));
#5778 = CARTESIAN_POINT('',(1.244061252633,-0.571126316514,0.26501623226
    ));
#5779 = CARTESIAN_POINT('',(1.197046603526,-0.549581409163,
    0.285567813199));
#5780 = PCURVE('',#3284,#5781);
#5781 = DEFINITIONAL_REPRESENTATION('',(#5782),#5793);
#5782 = B_SPLINE_CURVE_WITH_KNOTS('',5,(#5783,#5784,#5785,#5786,#5787,
    #5788,#5789,#5790,#5791,#5792),.UNSPECIFIED.,.F.,.F.,(6,4,6),(0.,
    0.49593156164,1.),.UNSPECIFIED.);
#5783 = CARTESIAN_POINT('',(5.142089249408,2.535998346897E-02));
#5784 = CARTESIAN_POINT('',(5.057980563343,2.356933347463E-02));
#5785 = CARTESIAN_POINT('',(4.973066476496,2.217213506294E-02));
#5786 = CARTESIAN_POINT('',(4.887554486304,2.121501421321E-02));
#5787 = CARTESIAN_POINT('',(4.801681698828,2.072892024525E-02));
#5788 = CARTESIAN_POINT('',(4.628562623972,2.06985001229E-02));
#5789 = CARTESIAN_POINT('',(4.541282734426,2.116975173235E-02));
#5790 = CARTESIAN_POINT('',(4.454385319752,2.212818748773E-02));
#5791 = CARTESIAN_POINT('',(4.368116061999,2.354125949201E-02));
#5792 = CARTESIAN_POINT('',(4.282688711973,2.535998346897E-02));
#5793 = ( GEOMETRIC_REPRESENTATION_CONTEXT(2) 
PARAMETRIC_REPRESENTATION_CONTEXT() REPRESENTATION_CONTEXT('2D SPACE',''
  ) );
#5794 = PCURVE('',#5666,#5795);
#5795 = DEFINITIONAL_REPRESENTATION('',(#5796),#5807);
#5796 = B_SPLINE_CURVE_WITH_KNOTS('',5,(#5797,#5798,#5799,#5800,#5801,
    #5802,#5803,#5804,#5805,#5806),.UNSPECIFIED.,.F.,.F.,(6,4,6),(0.,
    0.49593156164,1.),.UNSPECIFIED.);
#5797 = CARTESIAN_POINT('',(0.21156173244,-1.700747072777));
#5798 = CARTESIAN_POINT('',(0.182246343818,-1.654613935012));
#5799 = CARTESIAN_POINT('',(0.15937229554,-1.605785417283));
#5800 = CARTESIAN_POINT('',(0.143702918634,-1.554967266541));
#5801 = CARTESIAN_POINT('',(0.13574489578,-1.503086506193));
#5802 = CARTESIAN_POINT('',(0.135246876786,-1.398416501174));
#5803 = CARTESIAN_POINT('',(0.142961909938,-1.345604136065));
#5804 = CARTESIAN_POINT('',(0.158652813647,-1.293827182787));
#5805 = CARTESIAN_POINT('',(0.18178673434,-1.244061252633));
#5806 = CARTESIAN_POINT('',(0.21156173244,-1.197046603526));
#5807 = ( GEOMETRIC_REPRESENTATION_CONTEXT(2) 
PARAMETRIC_REPRESENTATION_CONTEXT() REPRESENTATION_CONTEXT('2D SPACE',''
  ) );
#5808 = ORIENTED_EDGE('',*,*,#5809,.T.);
#5809 = EDGE_CURVE('',#5766,#3255,#5810,.T.);
#5810 = SURFACE_CURVE('',#5811,(#5817,#5826),.PCURVE_S1.);
#5811 = B_SPLINE_CURVE_WITH_KNOTS('',4,(#5812,#5813,#5814,#5815,#5816),
  .UNSPECIFIED.,.F.,.F.,(5,5),(0.,1.),.PIECEWISE_BEZIER_KNOTS.);
#5812 = CARTESIAN_POINT('',(1.702041655476,-0.55,-1.000000000001E-03));
#5813 = CARTESIAN_POINT('',(1.68927634306,-0.545875,2.824));
#5814 = CARTESIAN_POINT('',(1.676511030644,-0.54175,5.649));
#5815 = CARTESIAN_POINT('',(1.663745718228,-0.537625,8.474));
#5816 = CARTESIAN_POINT('',(1.650980405812,-0.5335,11.299));
#5817 = PCURVE('',#3284,#5818);
#5818 = DEFINITIONAL_REPRESENTATION('',(#5819),#5825);
#5819 = B_SPLINE_CURVE_WITH_KNOTS('',4,(#5820,#5821,#5822,#5823,#5824),
  .UNSPECIFIED.,.F.,.F.,(5,5),(0.,1.),.PIECEWISE_BEZIER_KNOTS.);
#5820 = CARTESIAN_POINT('',(5.142088649408,0.));
#5821 = CARTESIAN_POINT('',(5.142088649408,0.25));
#5822 = CARTESIAN_POINT('',(5.142088649408,0.5));
#5823 = CARTESIAN_POINT('',(5.142088649408,0.75));
#5824 = CARTESIAN_POINT('',(5.142088649408,1.));
#5825 = ( GEOMETRIC_REPRESENTATION_CONTEXT(2) 
PARAMETRIC_REPRESENTATION_CONTEXT() REPRESENTATION_CONTEXT('2D SPACE',''
  ) );
#5826 = PCURVE('',#3342,#5827);
#5827 = DEFINITIONAL_REPRESENTATION('',(#5828),#5834);
#5828 = B_SPLINE_CURVE_WITH_KNOTS('',4,(#5829,#5830,#5831,#5832,#5833),
  .UNSPECIFIED.,.F.,.F.,(5,5),(0.,1.),.PIECEWISE_BEZIER_KNOTS.);
#5829 = CARTESIAN_POINT('',(5.627556659815,1.702041655476));
#5830 = CARTESIAN_POINT('',(2.802553648202,1.68927634306));
#5831 = CARTESIAN_POINT('',(-2.244936341171E-02,1.676511030644));
#5832 = CARTESIAN_POINT('',(-2.847452375025,1.663745718228));
#5833 = CARTESIAN_POINT('',(-5.672455386639,1.650980405812));
#5834 = ( GEOMETRIC_REPRESENTATION_CONTEXT(2) 
PARAMETRIC_REPRESENTATION_CONTEXT() REPRESENTATION_CONTEXT('2D SPACE',''
  ) );
#5835 = ORIENTED_EDGE('',*,*,#3254,.T.);
#5836 = ADVANCED_FACE('',(#5837),#3342,.F.);
#5837 = FACE_BOUND('',#5838,.F.);
#5838 = EDGE_LOOP('',(#5839,#5840,#5861,#5881));
#5839 = ORIENTED_EDGE('',*,*,#5809,.F.);
#5840 = ORIENTED_EDGE('',*,*,#5841,.F.);
#5841 = EDGE_CURVE('',#5842,#5766,#5844,.T.);
#5842 = VERTEX_POINT('',#5843);
#5843 = CARTESIAN_POINT('',(2.02345938178,-0.549581560484,0.285567668855
    ));
#5844 = SURFACE_CURVE('',#5845,(#5849,#5855),.PCURVE_S1.);
#5845 = LINE('',#5846,#5847);
#5846 = CARTESIAN_POINT('',(4.043250773045E-17,-0.549581560484,
    0.285567668855));
#5847 = VECTOR('',#5848,1.);
#5848 = DIRECTION('',(-1.,0.,0.));
#5849 = PCURVE('',#3342,#5850);
#5850 = DEFINITIONAL_REPRESENTATION('',(#5851),#5854);
#5851 = B_SPLINE_CURVE_WITH_KNOTS('',1,(#5852,#5853),.UNSPECIFIED.,.F.,
  .F.,(2,2),(-2.024994623894,-1.674239909218),.PIECEWISE_BEZIER_KNOTS.);
#5852 = CARTESIAN_POINT('',(5.340988685462,2.024994623894));
#5853 = CARTESIAN_POINT('',(5.340988685462,1.674239909218));
#5854 = ( GEOMETRIC_REPRESENTATION_CONTEXT(2) 
PARAMETRIC_REPRESENTATION_CONTEXT() REPRESENTATION_CONTEXT('2D SPACE',''
  ) );
#5855 = PCURVE('',#5666,#5856);
#5856 = DEFINITIONAL_REPRESENTATION('',(#5857),#5860);
#5857 = B_SPLINE_CURVE_WITH_KNOTS('',1,(#5858,#5859),.UNSPECIFIED.,.F.,
  .F.,(2,2),(-2.024994623894,-1.674239909218),.PIECEWISE_BEZIER_KNOTS.);
#5858 = CARTESIAN_POINT('',(0.211561523316,-2.024994623894));
#5859 = CARTESIAN_POINT('',(0.211561523316,-1.674239909218));
#5860 = ( GEOMETRIC_REPRESENTATION_CONTEXT(2) 
PARAMETRIC_REPRESENTATION_CONTEXT() REPRESENTATION_CONTEXT('2D SPACE',''
  ) );
#5861 = ORIENTED_EDGE('',*,*,#5862,.T.);
#5862 = EDGE_CURVE('',#5842,#3328,#5863,.T.);
#5863 = SURFACE_CURVE('',#5864,(#5868,#5875),.PCURVE_S1.);
#5864 = LINE('',#5865,#5866);
#5865 = CARTESIAN_POINT('',(2.025,-0.55,-1.E-03));
#5866 = VECTOR('',#5867,1.);
#5867 = DIRECTION('',(-5.376022773886E-03,1.460154333648E-03,
    0.999984483044));
#5868 = PCURVE('',#3342,#5869);
#5869 = DEFINITIONAL_REPRESENTATION('',(#5870),#5874);
#5870 = LINE('',#5871,#5872);
#5871 = CARTESIAN_POINT('',(5.627556659815,2.025));
#5872 = VECTOR('',#5873,1.);
#5873 = DIRECTION('',(-0.999985549085,-5.376022773886E-03));
#5874 = ( GEOMETRIC_REPRESENTATION_CONTEXT(2) 
PARAMETRIC_REPRESENTATION_CONTEXT() REPRESENTATION_CONTEXT('2D SPACE',''
  ) );
#5875 = PCURVE('',#3368,#5876);
#5876 = DEFINITIONAL_REPRESENTATION('',(#5877),#5880);
#5877 = B_SPLINE_CURVE_WITH_KNOTS('',1,(#5878,#5879),.UNSPECIFIED.,.F.,
  .F.,(2,2),(0.,11.300175344325),.PIECEWISE_BEZIER_KNOTS.);
#5878 = CARTESIAN_POINT('',(-5.642553484353,0.55));
#5879 = CARTESIAN_POINT('',(5.657609813693,0.5335));
#5880 = ( GEOMETRIC_REPRESENTATION_CONTEXT(2) 
PARAMETRIC_REPRESENTATION_CONTEXT() REPRESENTATION_CONTEXT('2D SPACE',''
  ) );
#5881 = ORIENTED_EDGE('',*,*,#3327,.T.);
#5882 = ADVANCED_FACE('',(#5883),#3368,.F.);
#5883 = FACE_BOUND('',#5884,.F.);
#5884 = EDGE_LOOP('',(#5885,#5886,#5907,#5933,#5960));
#5885 = ORIENTED_EDGE('',*,*,#5862,.F.);
#5886 = ORIENTED_EDGE('',*,*,#5887,.F.);
#5887 = EDGE_CURVE('',#5888,#5842,#5890,.T.);
#5888 = VERTEX_POINT('',#5889);
#5889 = CARTESIAN_POINT('',(2.023417656473,-0.541445182752,
    0.293328919474));
#5890 = SURFACE_CURVE('',#5891,(#5895,#5901),.PCURVE_S1.);
#5891 = LINE('',#5892,#5893);
#5892 = CARTESIAN_POINT('',(2.016241097306,0.857974010472,1.628227990911
    ));
#5893 = VECTOR('',#5894,1.);
#5894 = DIRECTION('',(3.710721342345E-03,-0.723585571605,-0.690224710593
    ));
#5895 = PCURVE('',#3368,#5896);
#5896 = DEFINITIONAL_REPRESENTATION('',(#5897),#5900);
#5897 = B_SPLINE_CURVE_WITH_KNOTS('',1,(#5898,#5899),.UNSPECIFIED.,.F.,
  .F.,(2,2),(1.925790210799,1.945827287811),.PIECEWISE_BEZIER_KNOTS.);
#5898 = CARTESIAN_POINT('',(-5.342549149007,0.5355));
#5899 = CARTESIAN_POINT('',(-5.356379434549,0.549998539823));
#5900 = ( GEOMETRIC_REPRESENTATION_CONTEXT(2) 
PARAMETRIC_REPRESENTATION_CONTEXT() REPRESENTATION_CONTEXT('2D SPACE',''
  ) );
#5901 = PCURVE('',#5666,#5902);
#5902 = DEFINITIONAL_REPRESENTATION('',(#5903),#5906);
#5903 = B_SPLINE_CURVE_WITH_KNOTS('',1,(#5904,#5905),.UNSPECIFIED.,.F.,
  .F.,(2,2),(1.925790210799,1.945827287811),.PIECEWISE_BEZIER_KNOTS.);
#5904 = CARTESIAN_POINT('',(0.231022198166,-2.023387168142));
#5905 = CARTESIAN_POINT('',(0.210985259104,-2.023461520151));
#5906 = ( GEOMETRIC_REPRESENTATION_CONTEXT(2) 
PARAMETRIC_REPRESENTATION_CONTEXT() REPRESENTATION_CONTEXT('2D SPACE',''
  ) );
#5907 = ORIENTED_EDGE('',*,*,#5908,.F.);
#5908 = EDGE_CURVE('',#5909,#5888,#5911,.T.);
#5909 = VERTEX_POINT('',#5910);
#5910 = CARTESIAN_POINT('',(2.023417656473,-0.188001824596,
    0.293328919474));
#5911 = SURFACE_CURVE('',#5912,(#5916,#5922),.PCURVE_S1.);
#5912 = LINE('',#5913,#5914);
#5913 = CARTESIAN_POINT('',(2.023417656473,-8.965214233704E-18,
    0.293328919474));
#5914 = VECTOR('',#5915,1.);
#5915 = DIRECTION('',(0.,-1.,0.));
#5916 = PCURVE('',#3368,#5917);
#5917 = DEFINITIONAL_REPRESENTATION('',(#5918),#5921);
#5918 = B_SPLINE_CURVE_WITH_KNOTS('',1,(#5919,#5920),.UNSPECIFIED.,.F.,
  .F.,(2,2),(0.185097384832,0.549998539823),.PIECEWISE_BEZIER_KNOTS.);
#5919 = CARTESIAN_POINT('',(-5.348220311487,0.185097384832));
#5920 = CARTESIAN_POINT('',(-5.348220311487,0.549998539823));
#5921 = ( GEOMETRIC_REPRESENTATION_CONTEXT(2) 
PARAMETRIC_REPRESENTATION_CONTEXT() REPRESENTATION_CONTEXT('2D SPACE',''
  ) );
#5922 = PCURVE('',#5923,#5928);
#5923 = PLANE('',#5924);
#5924 = AXIS2_PLACEMENT_3D('',#5925,#5926,#5927);
#5925 = CARTESIAN_POINT('',(2.19650740114,0.,0.124402194772));
#5926 = DIRECTION('',(0.698448148582,0.,0.715660662425));
#5927 = DIRECTION('',(0.715660662425,0.,-0.698448148582));
#5928 = DEFINITIONAL_REPRESENTATION('',(#5929),#5932);
#5929 = B_SPLINE_CURVE_WITH_KNOTS('',1,(#5930,#5931),.UNSPECIFIED.,.F.,
  .F.,(2,2),(0.185097384832,0.549998539823),.PIECEWISE_BEZIER_KNOTS.);
#5930 = CARTESIAN_POINT('',(-0.241860079441,-0.185097384832));
#5931 = CARTESIAN_POINT('',(-0.241860079441,-0.549998539823));
#5932 = ( GEOMETRIC_REPRESENTATION_CONTEXT(2) 
PARAMETRIC_REPRESENTATION_CONTEXT() REPRESENTATION_CONTEXT('2D SPACE',''
  ) );
#5933 = ORIENTED_EDGE('',*,*,#5934,.T.);
#5934 = EDGE_CURVE('',#5909,#3354,#5935,.T.);
#5935 = SURFACE_CURVE('',#5936,(#5942,#5951),.PCURVE_S1.);
#5936 = B_SPLINE_CURVE_WITH_KNOTS('',4,(#5937,#5938,#5939,#5940,#5941),
  .UNSPECIFIED.,.F.,.F.,(5,5),(0.,1.),.PIECEWISE_BEZIER_KNOTS.);
#5937 = CARTESIAN_POINT('',(2.025,-0.188148844896,-1.000000000003E-03));
#5938 = CARTESIAN_POINT('',(2.0098125,-0.186737728559,2.824));
#5939 = CARTESIAN_POINT('',(1.994625,-0.185326612222,5.649));
#5940 = CARTESIAN_POINT('',(1.9794375,-0.183915495885,8.474));
#5941 = CARTESIAN_POINT('',(1.96425,-0.182504379549,11.299));
#5942 = PCURVE('',#3368,#5943);
#5943 = DEFINITIONAL_REPRESENTATION('',(#5944),#5950);
#5944 = B_SPLINE_CURVE_WITH_KNOTS('',4,(#5945,#5946,#5947,#5948,#5949),
  .UNSPECIFIED.,.F.,.F.,(5,5),(0.,1.),.PIECEWISE_BEZIER_KNOTS.);
#5945 = CARTESIAN_POINT('',(-5.642553484353,0.188148844896));
#5946 = CARTESIAN_POINT('',(-2.817512659842,0.186737728559));
#5947 = CARTESIAN_POINT('',(7.52816466975E-03,0.185326612222));
#5948 = CARTESIAN_POINT('',(2.832568989181,0.183915495885));
#5949 = CARTESIAN_POINT('',(5.657609813693,0.182504379549));
#5950 = ( GEOMETRIC_REPRESENTATION_CONTEXT(2) 
PARAMETRIC_REPRESENTATION_CONTEXT() REPRESENTATION_CONTEXT('2D SPACE',''
  ) );
#5951 = PCURVE('',#3409,#5952);
#5952 = DEFINITIONAL_REPRESENTATION('',(#5953),#5959);
#5953 = B_SPLINE_CURVE_WITH_KNOTS('',4,(#5954,#5955,#5956,#5957,#5958),
  .UNSPECIFIED.,.F.,.F.,(5,5),(8.84955752215E-05,0.540611001485),
  .PIECEWISE_BEZIER_KNOTS.);
#5954 = CARTESIAN_POINT('',(5.96695098383,8.84955752215E-05));
#5955 = CARTESIAN_POINT('',(5.96695098383,0.135219122053));
#5956 = CARTESIAN_POINT('',(5.96695098383,0.27034974853));
#5957 = CARTESIAN_POINT('',(5.96695098383,0.405480375008));
#5958 = CARTESIAN_POINT('',(5.96695098383,0.540611001485));
#5959 = ( GEOMETRIC_REPRESENTATION_CONTEXT(2) 
PARAMETRIC_REPRESENTATION_CONTEXT() REPRESENTATION_CONTEXT('2D SPACE',''
  ) );
#5960 = ORIENTED_EDGE('',*,*,#3353,.T.);
#5961 = ADVANCED_FACE('',(#5962),#3409,.F.);
#5962 = FACE_BOUND('',#5963,.F.);
#5963 = EDGE_LOOP('',(#5964,#5993,#5994,#5995));
#5964 = ORIENTED_EDGE('',*,*,#5965,.T.);
#5965 = EDGE_CURVE('',#5966,#3380,#5968,.T.);
#5966 = VERTEX_POINT('',#5967);
#5967 = CARTESIAN_POINT('',(2.023417656473,0.188001824596,0.293328919474
    ));
#5968 = SURFACE_CURVE('',#5969,(#5975,#5984),.PCURVE_S1.);
#5969 = B_SPLINE_CURVE_WITH_KNOTS('',4,(#5970,#5971,#5972,#5973,#5974),
  .UNSPECIFIED.,.F.,.F.,(5,5),(0.,1.),.PIECEWISE_BEZIER_KNOTS.);
#5970 = CARTESIAN_POINT('',(2.025,0.188148844896,-1.000000000003E-03));
#5971 = CARTESIAN_POINT('',(2.0098125,0.186737728559,2.824));
#5972 = CARTESIAN_POINT('',(1.994625,0.185326612222,5.649));
#5973 = CARTESIAN_POINT('',(1.9794375,0.183915495885,8.474));
#5974 = CARTESIAN_POINT('',(1.96425,0.182504379549,11.299));
#5975 = PCURVE('',#3409,#5976);
#5976 = DEFINITIONAL_REPRESENTATION('',(#5977),#5983);
#5977 = B_SPLINE_CURVE_WITH_KNOTS('',4,(#5978,#5979,#5980,#5981,#5982),
  .UNSPECIFIED.,.F.,.F.,(5,5),(8.84955752215E-05,0.536588258988),
  .PIECEWISE_BEZIER_KNOTS.);
#5978 = CARTESIAN_POINT('',(6.599419630529,8.84955752215E-05));
#5979 = CARTESIAN_POINT('',(6.599419630529,0.134213436428));
#5980 = CARTESIAN_POINT('',(6.599419630529,0.268338377282));
#5981 = CARTESIAN_POINT('',(6.599419630529,0.402463318135));
#5982 = CARTESIAN_POINT('',(6.599419630529,0.536588258988));
#5983 = ( GEOMETRIC_REPRESENTATION_CONTEXT(2) 
PARAMETRIC_REPRESENTATION_CONTEXT() REPRESENTATION_CONTEXT('2D SPACE',''
  ) );
#5984 = PCURVE('',#3482,#5985);
#5985 = DEFINITIONAL_REPRESENTATION('',(#5986),#5992);
#5986 = B_SPLINE_CURVE_WITH_KNOTS('',4,(#5987,#5988,#5989,#5990,#5991),
  .UNSPECIFIED.,.F.,.F.,(5,5),(0.,1.),.PIECEWISE_BEZIER_KNOTS.);
#5987 = CARTESIAN_POINT('',(-5.642553484353,-0.188148844896));
#5988 = CARTESIAN_POINT('',(-2.817512659842,-0.186737728559));
#5989 = CARTESIAN_POINT('',(7.528164669806E-03,-0.185326612222));
#5990 = CARTESIAN_POINT('',(2.832568989181,-0.183915495885));
#5991 = CARTESIAN_POINT('',(5.657609813693,-0.182504379549));
#5992 = ( GEOMETRIC_REPRESENTATION_CONTEXT(2) 
PARAMETRIC_REPRESENTATION_CONTEXT() REPRESENTATION_CONTEXT('2D SPACE',''
  ) );
#5993 = ORIENTED_EDGE('',*,*,#3379,.T.);
#5994 = ORIENTED_EDGE('',*,*,#5934,.F.);
#5995 = ORIENTED_EDGE('',*,*,#5996,.F.);
#5996 = EDGE_CURVE('',#5966,#5909,#5997,.T.);
#5997 = SURFACE_CURVE('',#5998,(#6009,#6023),.PCURVE_S1.);
#5998 = B_SPLINE_CURVE_WITH_KNOTS('',5,(#5999,#6000,#6001,#6002,#6003,
    #6004,#6005,#6006,#6007,#6008),.UNSPECIFIED.,.F.,.F.,(6,4,6),(0.,
    0.49900436037,1.),.UNSPECIFIED.);
#5999 = CARTESIAN_POINT('',(2.023417532216,0.188002202283,0.293329040742
    ));
#6000 = CARTESIAN_POINT('',(2.035248951347,0.152039854125,0.281782181706
    ));
#6001 = CARTESIAN_POINT('',(2.044322576194,0.114937401761,0.272926788629
    ));
#6002 = CARTESIAN_POINT('',(2.050452989667,7.70289051035E-02,
    0.266943819094));
#6003 = CARTESIAN_POINT('',(2.053530191948,3.870544866358E-02,
    0.26394062729));
#6004 = CARTESIAN_POINT('',(2.05357902213,-3.809367763946E-02,
    0.263892971534));
#6005 = CARTESIAN_POINT('',(2.05052623994,-7.657500377162E-02,
    0.26687233058));
#6006 = CARTESIAN_POINT('',(2.044394960299,-0.114641238481,0.27285614545
    ));
#6007 = CARTESIAN_POINT('',(2.03529616277,-0.151896352013,0.281736105775
    ));
#6008 = CARTESIAN_POINT('',(2.023417532216,-0.188002202283,
    0.293329040742));
#6009 = PCURVE('',#3409,#6010);
#6010 = DEFINITIONAL_REPRESENTATION('',(#6011),#6022);
#6011 = B_SPLINE_CURVE_WITH_KNOTS('',5,(#6012,#6013,#6014,#6015,#6016,
    #6017,#6018,#6019,#6020,#6021),.UNSPECIFIED.,.F.,.F.,(6,4,6),(0.,
    0.49900436037,1.),.UNSPECIFIED.);
#6012 = CARTESIAN_POINT('',(6.599420287995,2.604681776479E-02));
#6013 = CARTESIAN_POINT('',(6.536818111732,2.502497183235E-02));
#6014 = CARTESIAN_POINT('',(6.473841523206,2.424130872823E-02));
#6015 = CARTESIAN_POINT('',(6.410598473006,2.371184239768E-02));
#6016 = CARTESIAN_POINT('',(6.347206295284,2.34460732115E-02));
#6017 = CARTESIAN_POINT('',(6.220176222575,2.344185588796E-02));
#6018 = CARTESIAN_POINT('',(6.156529331227,2.37055159805E-02));
#6019 = CARTESIAN_POINT('',(6.093031768984,2.423505711945E-02));
#6020 = CARTESIAN_POINT('',(6.029802306796,2.502089431637E-02));
#6021 = CARTESIAN_POINT('',(5.966950326364,2.604681776479E-02));
#6022 = ( GEOMETRIC_REPRESENTATION_CONTEXT(2) 
PARAMETRIC_REPRESENTATION_CONTEXT() REPRESENTATION_CONTEXT('2D SPACE',''
  ) );
#6023 = PCURVE('',#5923,#6024);
#6024 = DEFINITIONAL_REPRESENTATION('',(#6025),#6036);
#6025 = B_SPLINE_CURVE_WITH_KNOTS('',5,(#6026,#6027,#6028,#6029,#6030,
    #6031,#6032,#6033,#6034,#6035),.UNSPECIFIED.,.F.,.F.,(6,4,6),(0.,
    0.49900436037,1.),.UNSPECIFIED.);
#6026 = CARTESIAN_POINT('',(-0.241860253067,0.188002202283));
#6027 = CARTESIAN_POINT('',(-0.225328089498,0.152039854125));
#6028 = CARTESIAN_POINT('',(-0.21264942023,0.114937401761));
#6029 = CARTESIAN_POINT('',(-0.204083330468,7.70289051035E-02));
#6030 = CARTESIAN_POINT('',(-0.19978352409,3.870544866358E-02));
#6031 = CARTESIAN_POINT('',(-0.199715293175,-3.809367763946E-02));
#6032 = CARTESIAN_POINT('',(-0.203980977109,-7.657500377162E-02));
#6033 = CARTESIAN_POINT('',(-0.212548277176,-0.114641238481));
#6034 = CARTESIAN_POINT('',(-0.225262120491,-0.151896352013));
#6035 = CARTESIAN_POINT('',(-0.241860253067,-0.188002202283));
#6036 = ( GEOMETRIC_REPRESENTATION_CONTEXT(2) 
PARAMETRIC_REPRESENTATION_CONTEXT() REPRESENTATION_CONTEXT('2D SPACE',''
  ) );
#6037 = ADVANCED_FACE('',(#6038),#3482,.F.);
#6038 = FACE_BOUND('',#6039,.F.);
#6039 = EDGE_LOOP('',(#6040,#6041,#6062,#6088,#6108));
#6040 = ORIENTED_EDGE('',*,*,#5965,.F.);
#6041 = ORIENTED_EDGE('',*,*,#6042,.F.);
#6042 = EDGE_CURVE('',#6043,#5966,#6045,.T.);
#6043 = VERTEX_POINT('',#6044);
#6044 = CARTESIAN_POINT('',(2.023417656473,0.541445182752,0.293328919474
    ));
#6045 = SURFACE_CURVE('',#6046,(#6050,#6056),.PCURVE_S1.);
#6046 = LINE('',#6047,#6048);
#6047 = CARTESIAN_POINT('',(2.023417656473,-8.965214233704E-18,
    0.293328919474));
#6048 = VECTOR('',#6049,1.);
#6049 = DIRECTION('',(0.,-1.,0.));
#6050 = PCURVE('',#3482,#6051);
#6051 = DEFINITIONAL_REPRESENTATION('',(#6052),#6055);
#6052 = B_SPLINE_CURVE_WITH_KNOTS('',1,(#6053,#6054),.UNSPECIFIED.,.F.,
  .F.,(2,2),(-0.549998539823,-0.185120091062),.PIECEWISE_BEZIER_KNOTS.);
#6053 = CARTESIAN_POINT('',(-5.348220311487,-0.549998539823));
#6054 = CARTESIAN_POINT('',(-5.348220311487,-0.185120091062));
#6055 = ( GEOMETRIC_REPRESENTATION_CONTEXT(2) 
PARAMETRIC_REPRESENTATION_CONTEXT() REPRESENTATION_CONTEXT('2D SPACE',''
  ) );
#6056 = PCURVE('',#5923,#6057);
#6057 = DEFINITIONAL_REPRESENTATION('',(#6058),#6061);
#6058 = B_SPLINE_CURVE_WITH_KNOTS('',1,(#6059,#6060),.UNSPECIFIED.,.F.,
  .F.,(2,2),(-0.549998539823,-0.185120091062),.PIECEWISE_BEZIER_KNOTS.);
#6059 = CARTESIAN_POINT('',(-0.241860079441,0.549998539823));
#6060 = CARTESIAN_POINT('',(-0.241860079441,0.185120091062));
#6061 = ( GEOMETRIC_REPRESENTATION_CONTEXT(2) 
PARAMETRIC_REPRESENTATION_CONTEXT() REPRESENTATION_CONTEXT('2D SPACE',''
  ) );
#6062 = ORIENTED_EDGE('',*,*,#6063,.F.);
#6063 = EDGE_CURVE('',#6064,#6043,#6066,.T.);
#6064 = VERTEX_POINT('',#6065);
#6065 = CARTESIAN_POINT('',(2.02345938178,0.549581560484,0.285567668855)
  );
#6066 = SURFACE_CURVE('',#6067,(#6071,#6077),.PCURVE_S1.);
#6067 = LINE('',#6068,#6069);
#6068 = CARTESIAN_POINT('',(2.016241097306,-0.857974010472,
    1.628227990911));
#6069 = VECTOR('',#6070,1.);
#6070 = DIRECTION('',(-3.710721342345E-03,-0.723585571605,0.690224710593
    ));
#6071 = PCURVE('',#3482,#6072);
#6072 = DEFINITIONAL_REPRESENTATION('',(#6073),#6076);
#6073 = B_SPLINE_CURVE_WITH_KNOTS('',1,(#6074,#6075),.UNSPECIFIED.,.F.,
  .F.,(2,2),(-1.945827287811,-1.925790210799),.PIECEWISE_BEZIER_KNOTS.);
#6074 = CARTESIAN_POINT('',(-5.356379434549,-0.549998539823));
#6075 = CARTESIAN_POINT('',(-5.342549149007,-0.5355));
#6076 = ( GEOMETRIC_REPRESENTATION_CONTEXT(2) 
PARAMETRIC_REPRESENTATION_CONTEXT() REPRESENTATION_CONTEXT('2D SPACE',''
  ) );
#6077 = PCURVE('',#6078,#6083);
#6078 = PLANE('',#6079);
#6079 = AXIS2_PLACEMENT_3D('',#6080,#6081,#6082);
#6080 = CARTESIAN_POINT('',(2.277398851267E-17,0.702665480206,
    0.1395416723));
#6081 = DIRECTION('',(0.,0.69022946265,0.723590553345));
#6082 = DIRECTION('',(0.,0.723590553345,-0.69022946265));
#6083 = DEFINITIONAL_REPRESENTATION('',(#6084),#6087);
#6084 = B_SPLINE_CURVE_WITH_KNOTS('',1,(#6085,#6086),.UNSPECIFIED.,.F.,
  .F.,(2,2),(-1.945827287811,-1.925790210799),.PIECEWISE_BEZIER_KNOTS.);
#6085 = CARTESIAN_POINT('',(-0.210985259104,-2.023461520151));
#6086 = CARTESIAN_POINT('',(-0.231022198166,-2.023387168142));
#6087 = ( GEOMETRIC_REPRESENTATION_CONTEXT(2) 
PARAMETRIC_REPRESENTATION_CONTEXT() REPRESENTATION_CONTEXT('2D SPACE',''
  ) );
#6088 = ORIENTED_EDGE('',*,*,#6089,.T.);
#6089 = EDGE_CURVE('',#6064,#3468,#6090,.T.);
#6090 = SURFACE_CURVE('',#6091,(#6095,#6102),.PCURVE_S1.);
#6091 = LINE('',#6092,#6093);
#6092 = CARTESIAN_POINT('',(2.025,0.55,-1.E-03));
#6093 = VECTOR('',#6094,1.);
#6094 = DIRECTION('',(-5.376022773886E-03,-1.460154333648E-03,
    0.999984483044));
#6095 = PCURVE('',#3482,#6096);
#6096 = DEFINITIONAL_REPRESENTATION('',(#6097),#6101);
#6097 = LINE('',#6098,#6099);
#6098 = CARTESIAN_POINT('',(-5.642553484353,-0.55));
#6099 = VECTOR('',#6100,1.);
#6100 = DIRECTION('',(0.999998933974,1.460154333648E-03));
#6101 = ( GEOMETRIC_REPRESENTATION_CONTEXT(2) 
PARAMETRIC_REPRESENTATION_CONTEXT() REPRESENTATION_CONTEXT('2D SPACE',''
  ) );
#6102 = PCURVE('',#3508,#6103);
#6103 = DEFINITIONAL_REPRESENTATION('',(#6104),#6107);
#6104 = B_SPLINE_CURVE_WITH_KNOTS('',1,(#6105,#6106),.UNSPECIFIED.,.F.,
  .F.,(2,2),(0.,11.300175344325),.PIECEWISE_BEZIER_KNOTS.);
#6105 = CARTESIAN_POINT('',(-5.627556659815,2.025));
#6106 = CARTESIAN_POINT('',(5.672455386639,1.96425));
#6107 = ( GEOMETRIC_REPRESENTATION_CONTEXT(2) 
PARAMETRIC_REPRESENTATION_CONTEXT() REPRESENTATION_CONTEXT('2D SPACE',''
  ) );
#6108 = ORIENTED_EDGE('',*,*,#3467,.T.);
#6109 = ADVANCED_FACE('',(#6110),#3508,.F.);
#6110 = FACE_BOUND('',#6111,.F.);
#6111 = EDGE_LOOP('',(#6112,#6113,#6134,#6161));
#6112 = ORIENTED_EDGE('',*,*,#6089,.F.);
#6113 = ORIENTED_EDGE('',*,*,#6114,.F.);
#6114 = EDGE_CURVE('',#6115,#6064,#6117,.T.);
#6115 = VERTEX_POINT('',#6116);
#6116 = CARTESIAN_POINT('',(1.700746743681,0.549581560484,0.285567668855
    ));
#6117 = SURFACE_CURVE('',#6118,(#6122,#6128),.PCURVE_S1.);
#6118 = LINE('',#6119,#6120);
#6119 = CARTESIAN_POINT('',(4.043250773045E-17,0.549581560484,
    0.285567668855));
#6120 = VECTOR('',#6121,1.);
#6121 = DIRECTION('',(1.,0.,0.));
#6122 = PCURVE('',#3508,#6123);
#6123 = DEFINITIONAL_REPRESENTATION('',(#6124),#6127);
#6124 = B_SPLINE_CURVE_WITH_KNOTS('',1,(#6125,#6126),.UNSPECIFIED.,.F.,
  .F.,(2,2),(1.674840356411,2.024994623894),.PIECEWISE_BEZIER_KNOTS.);
#6125 = CARTESIAN_POINT('',(-5.340988685462,1.674840356411));
#6126 = CARTESIAN_POINT('',(-5.340988685462,2.024994623894));
#6127 = ( GEOMETRIC_REPRESENTATION_CONTEXT(2) 
PARAMETRIC_REPRESENTATION_CONTEXT() REPRESENTATION_CONTEXT('2D SPACE',''
  ) );
#6128 = PCURVE('',#6078,#6129);
#6129 = DEFINITIONAL_REPRESENTATION('',(#6130),#6133);
#6130 = B_SPLINE_CURVE_WITH_KNOTS('',1,(#6131,#6132),.UNSPECIFIED.,.F.,
  .F.,(2,2),(1.674840356411,2.024994623894),.PIECEWISE_BEZIER_KNOTS.);
#6131 = CARTESIAN_POINT('',(-0.211561523316,-1.674840356411));
#6132 = CARTESIAN_POINT('',(-0.211561523316,-2.024994623894));
#6133 = ( GEOMETRIC_REPRESENTATION_CONTEXT(2) 
PARAMETRIC_REPRESENTATION_CONTEXT() REPRESENTATION_CONTEXT('2D SPACE',''
  ) );
#6134 = ORIENTED_EDGE('',*,*,#6135,.T.);
#6135 = EDGE_CURVE('',#6115,#3494,#6136,.T.);
#6136 = SURFACE_CURVE('',#6137,(#6143,#6152),.PCURVE_S1.);
#6137 = B_SPLINE_CURVE_WITH_KNOTS('',4,(#6138,#6139,#6140,#6141,#6142),
  .UNSPECIFIED.,.F.,.F.,(5,5),(0.,1.),.PIECEWISE_BEZIER_KNOTS.);
#6138 = CARTESIAN_POINT('',(1.702041655476,0.55,-1.000000000002E-03));
#6139 = CARTESIAN_POINT('',(1.68927634306,0.545875,2.824));
#6140 = CARTESIAN_POINT('',(1.676511030644,0.54175,5.649));
#6141 = CARTESIAN_POINT('',(1.663745718228,0.537625,8.474));
#6142 = CARTESIAN_POINT('',(1.650980405812,0.5335,11.299));
#6143 = PCURVE('',#3508,#6144);
#6144 = DEFINITIONAL_REPRESENTATION('',(#6145),#6151);
#6145 = B_SPLINE_CURVE_WITH_KNOTS('',4,(#6146,#6147,#6148,#6149,#6150),
  .UNSPECIFIED.,.F.,.F.,(5,5),(0.,1.),.PIECEWISE_BEZIER_KNOTS.);
#6146 = CARTESIAN_POINT('',(-5.627556659815,1.702041655476));
#6147 = CARTESIAN_POINT('',(-2.802553648202,1.68927634306));
#6148 = CARTESIAN_POINT('',(2.244936341176E-02,1.676511030644));
#6149 = CARTESIAN_POINT('',(2.847452375025,1.663745718228));
#6150 = CARTESIAN_POINT('',(5.672455386639,1.650980405812));
#6151 = ( GEOMETRIC_REPRESENTATION_CONTEXT(2) 
PARAMETRIC_REPRESENTATION_CONTEXT() REPRESENTATION_CONTEXT('2D SPACE',''
  ) );
#6152 = PCURVE('',#3549,#6153);
#6153 = DEFINITIONAL_REPRESENTATION('',(#6154),#6160);
#6154 = B_SPLINE_CURVE_WITH_KNOTS('',4,(#6155,#6156,#6157,#6158,#6159),
  .UNSPECIFIED.,.F.,.F.,(5,5),(0.,1.),.PIECEWISE_BEZIER_KNOTS.);
#6155 = CARTESIAN_POINT('',(1.141096657772,0.));
#6156 = CARTESIAN_POINT('',(1.141096657772,0.25));
#6157 = CARTESIAN_POINT('',(1.141096657772,0.5));
#6158 = CARTESIAN_POINT('',(1.141096657772,0.75));
#6159 = CARTESIAN_POINT('',(1.141096657772,1.));
#6160 = ( GEOMETRIC_REPRESENTATION_CONTEXT(2) 
PARAMETRIC_REPRESENTATION_CONTEXT() REPRESENTATION_CONTEXT('2D SPACE',''
  ) );
#6161 = ORIENTED_EDGE('',*,*,#3493,.T.);
#6162 = ADVANCED_FACE('',(#6163),#3549,.F.);
#6163 = FACE_BOUND('',#6164,.F.);
#6164 = EDGE_LOOP('',(#6165,#6166,#6210,#6237));
#6165 = ORIENTED_EDGE('',*,*,#6135,.F.);
#6166 = ORIENTED_EDGE('',*,*,#6167,.F.);
#6167 = EDGE_CURVE('',#6168,#6115,#6170,.T.);
#6168 = VERTEX_POINT('',#6169);
#6169 = CARTESIAN_POINT('',(1.197046933734,0.549581560484,0.285567668855
    ));
#6170 = SURFACE_CURVE('',#6171,(#6182,#6196),.PCURVE_S1.);
#6171 = B_SPLINE_CURVE_WITH_KNOTS('',5,(#6172,#6173,#6174,#6175,#6176,
    #6177,#6178,#6179,#6180,#6181),.UNSPECIFIED.,.F.,.F.,(6,4,6),(0.,
    0.503705467145,1.),.UNSPECIFIED.);
#6172 = CARTESIAN_POINT('',(1.197046603526,0.549581409163,0.285567813199
    ));
#6173 = CARTESIAN_POINT('',(1.244027402849,0.571110804531,0.265031029064
    ));
#6174 = CARTESIAN_POINT('',(1.293755493314,0.58784168219,0.249071527323)
  );
#6175 = CARTESIAN_POINT('',(1.345492257216,0.599195056431,0.238241599589
    ));
#6176 = CARTESIAN_POINT('',(1.398264382373,0.604786017544,0.232908409338
    ));
#6177 = CARTESIAN_POINT('',(1.502934611062,0.604458598929,0.233220732341
    ));
#6178 = CARTESIAN_POINT('',(1.554855652323,0.598708293802,0.238705920062
    ));
#6179 = CARTESIAN_POINT('',(1.605713921513,0.587369428436,0.249522007851
    ));
#6180 = CARTESIAN_POINT('',(1.65458017425,0.570809270871,0.265318660536)
  );
#6181 = CARTESIAN_POINT('',(1.700747072777,0.549581409163,0.285567813199
    ));
#6182 = PCURVE('',#3549,#6183);
#6183 = DEFINITIONAL_REPRESENTATION('',(#6184),#6195);
#6184 = B_SPLINE_CURVE_WITH_KNOTS('',5,(#6185,#6186,#6187,#6188,#6189,
    #6190,#6191,#6192,#6193,#6194),.UNSPECIFIED.,.F.,.F.,(6,4,6),(0.,
    0.503705467145,1.),.UNSPECIFIED.);
#6185 = CARTESIAN_POINT('',(2.000496595206,2.535998346897E-02));
#6186 = CARTESIAN_POINT('',(1.915130751485,2.354256894375E-02));
#6187 = CARTESIAN_POINT('',(1.82892426853,2.213022365686E-02));
#6188 = CARTESIAN_POINT('',(1.742090335645,2.117182297246E-02));
#6189 = CARTESIAN_POINT('',(1.654874088834,2.069985923343E-02));
#6190 = CARTESIAN_POINT('',(1.481755023411,2.072749843726E-02));
#6191 = CARTESIAN_POINT('',(1.395818622881,2.121291327982E-02));
#6192 = CARTESIAN_POINT('',(1.310243166602,2.217008919038E-02));
#6193 = CARTESIAN_POINT('',(1.225266295543,2.356802305631E-02));
#6194 = CARTESIAN_POINT('',(1.141096057772,2.535998346897E-02));
#6195 = ( GEOMETRIC_REPRESENTATION_CONTEXT(2) 
PARAMETRIC_REPRESENTATION_CONTEXT() REPRESENTATION_CONTEXT('2D SPACE',''
  ) );
#6196 = PCURVE('',#6078,#6197);
#6197 = DEFINITIONAL_REPRESENTATION('',(#6198),#6209);
#6198 = B_SPLINE_CURVE_WITH_KNOTS('',5,(#6199,#6200,#6201,#6202,#6203,
    #6204,#6205,#6206,#6207,#6208),.UNSPECIFIED.,.F.,.F.,(6,4,6),(0.,
    0.503705467145,1.),.UNSPECIFIED.);
#6199 = CARTESIAN_POINT('',(-0.21156173244,-1.197046603526));
#6200 = CARTESIAN_POINT('',(-0.181808171855,-1.244027402849));
#6201 = CARTESIAN_POINT('',(-0.15868614852,-1.293755493314));
#6202 = CARTESIAN_POINT('',(-0.14299581897,-1.345492257216));
#6203 = CARTESIAN_POINT('',(-0.135269127284,-1.398264382373));
#6204 = CARTESIAN_POINT('',(-0.135721618839,-1.502934611062));
#6205 = CARTESIAN_POINT('',(-0.143668523481,-1.554855652323));
#6206 = CARTESIAN_POINT('',(-0.159338801809,-1.605713921513));
#6207 = CARTESIAN_POINT('',(-0.182224890479,-1.65458017425));
#6208 = CARTESIAN_POINT('',(-0.21156173244,-1.700747072777));
#6209 = ( GEOMETRIC_REPRESENTATION_CONTEXT(2) 
PARAMETRIC_REPRESENTATION_CONTEXT() REPRESENTATION_CONTEXT('2D SPACE',''
  ) );
#6210 = ORIENTED_EDGE('',*,*,#6211,.T.);
#6211 = EDGE_CURVE('',#6168,#3520,#6212,.T.);
#6212 = SURFACE_CURVE('',#6213,(#6219,#6228),.PCURVE_S1.);
#6213 = B_SPLINE_CURVE_WITH_KNOTS('',4,(#6214,#6215,#6216,#6217,#6218),
  .UNSPECIFIED.,.F.,.F.,(5,5),(0.,1.),.PIECEWISE_BEZIER_KNOTS.);
#6214 = CARTESIAN_POINT('',(1.197958339386,0.55,-1.000000000002E-03));
#6215 = CARTESIAN_POINT('',(1.18897365184,0.545875,2.824));
#6216 = CARTESIAN_POINT('',(1.179988964295,0.54175,5.649));
#6217 = CARTESIAN_POINT('',(1.17100427675,0.537625,8.474));
#6218 = CARTESIAN_POINT('',(1.162019589204,0.5335,11.299));
#6219 = PCURVE('',#3549,#6220);
#6220 = DEFINITIONAL_REPRESENTATION('',(#6221),#6227);
#6221 = B_SPLINE_CURVE_WITH_KNOTS('',4,(#6222,#6223,#6224,#6225,#6226),
  .UNSPECIFIED.,.F.,.F.,(5,5),(0.,1.),.PIECEWISE_BEZIER_KNOTS.);
#6222 = CARTESIAN_POINT('',(2.000495995206,0.));
#6223 = CARTESIAN_POINT('',(2.000495995206,0.25));
#6224 = CARTESIAN_POINT('',(2.000495995206,0.5));
#6225 = CARTESIAN_POINT('',(2.000495995206,0.75));
#6226 = CARTESIAN_POINT('',(2.000495995206,1.));
#6227 = ( GEOMETRIC_REPRESENTATION_CONTEXT(2) 
PARAMETRIC_REPRESENTATION_CONTEXT() REPRESENTATION_CONTEXT('2D SPACE',''
  ) );
#6228 = PCURVE('',#3607,#6229);
#6229 = DEFINITIONAL_REPRESENTATION('',(#6230),#6236);
#6230 = B_SPLINE_CURVE_WITH_KNOTS('',4,(#6231,#6232,#6233,#6234,#6235),
  .UNSPECIFIED.,.F.,.F.,(5,5),(0.,1.),.PIECEWISE_BEZIER_KNOTS.);
#6231 = CARTESIAN_POINT('',(-5.627556659815,1.197958339386));
#6232 = CARTESIAN_POINT('',(-2.802553648202,1.18897365184));
#6233 = CARTESIAN_POINT('',(2.244936341174E-02,1.179988964295));
#6234 = CARTESIAN_POINT('',(2.847452375025,1.17100427675));
#6235 = CARTESIAN_POINT('',(5.672455386639,1.162019589204));
#6236 = ( GEOMETRIC_REPRESENTATION_CONTEXT(2) 
PARAMETRIC_REPRESENTATION_CONTEXT() REPRESENTATION_CONTEXT('2D SPACE',''
  ) );
#6237 = ORIENTED_EDGE('',*,*,#3519,.T.);
#6238 = ADVANCED_FACE('',(#6239),#3607,.F.);
#6239 = FACE_BOUND('',#6240,.F.);
#6240 = EDGE_LOOP('',(#6241,#6242,#6263,#6282));
#6241 = ORIENTED_EDGE('',*,*,#6211,.F.);
#6242 = ORIENTED_EDGE('',*,*,#6243,.F.);
#6243 = EDGE_CURVE('',#6244,#6168,#6246,.T.);
#6244 = VERTEX_POINT('',#6245);
#6245 = CARTESIAN_POINT('',(0.849353320747,0.549581560484,0.285567668855
    ));
#6246 = SURFACE_CURVE('',#6247,(#6251,#6257),.PCURVE_S1.);
#6247 = LINE('',#6248,#6249);
#6248 = CARTESIAN_POINT('',(4.043250773045E-17,0.549581560484,
    0.285567668855));
#6249 = VECTOR('',#6250,1.);
#6250 = DIRECTION('',(1.,0.,0.));
#6251 = PCURVE('',#3607,#6252);
#6252 = DEFINITIONAL_REPRESENTATION('',(#6253),#6256);
#6253 = B_SPLINE_CURVE_WITH_KNOTS('',1,(#6254,#6255),.UNSPECIFIED.,.F.,
  .F.,(2,2),(0.836415664898,1.197958339386),.PIECEWISE_BEZIER_KNOTS.);
#6254 = CARTESIAN_POINT('',(-5.340988685462,0.836415664898));
#6255 = CARTESIAN_POINT('',(-5.340988685462,1.197958339386));
#6256 = ( GEOMETRIC_REPRESENTATION_CONTEXT(2) 
PARAMETRIC_REPRESENTATION_CONTEXT() REPRESENTATION_CONTEXT('2D SPACE',''
  ) );
#6257 = PCURVE('',#6078,#6258);
#6258 = DEFINITIONAL_REPRESENTATION('',(#6259),#6262);
#6259 = B_SPLINE_CURVE_WITH_KNOTS('',1,(#6260,#6261),.UNSPECIFIED.,.F.,
  .F.,(2,2),(0.836415664898,1.197958339386),.PIECEWISE_BEZIER_KNOTS.);
#6260 = CARTESIAN_POINT('',(-0.211561523316,-0.836415664898));
#6261 = CARTESIAN_POINT('',(-0.211561523316,-1.197958339386));
#6262 = ( GEOMETRIC_REPRESENTATION_CONTEXT(2) 
PARAMETRIC_REPRESENTATION_CONTEXT() REPRESENTATION_CONTEXT('2D SPACE',''
  ) );
#6263 = ORIENTED_EDGE('',*,*,#6264,.T.);
#6264 = EDGE_CURVE('',#6244,#3593,#6265,.T.);
#6265 = SURFACE_CURVE('',#6266,(#6269,#6275),.PCURVE_S1.);
#6266 = B_SPLINE_CURVE_WITH_KNOTS('',1,(#6267,#6268),.UNSPECIFIED.,.F.,
  .F.,(2,2),(0.,1.),.PIECEWISE_BEZIER_KNOTS.);
#6267 = CARTESIAN_POINT('',(0.85,0.55,-1.E-03));
#6268 = CARTESIAN_POINT('',(0.8245,0.5335,11.299));
#6269 = PCURVE('',#3607,#6270);
#6270 = DEFINITIONAL_REPRESENTATION('',(#6271),#6274);
#6271 = B_SPLINE_CURVE_WITH_KNOTS('',1,(#6272,#6273),.UNSPECIFIED.,.F.,
  .F.,(2,2),(0.,1.),.PIECEWISE_BEZIER_KNOTS.);
#6272 = CARTESIAN_POINT('',(-5.627556659815,0.85));
#6273 = CARTESIAN_POINT('',(5.672455386639,0.8245));
#6274 = ( GEOMETRIC_REPRESENTATION_CONTEXT(2) 
PARAMETRIC_REPRESENTATION_CONTEXT() REPRESENTATION_CONTEXT('2D SPACE',''
  ) );
#6275 = PCURVE('',#3652,#6276);
#6276 = DEFINITIONAL_REPRESENTATION('',(#6277),#6281);
#6277 = LINE('',#6278,#6279);
#6278 = CARTESIAN_POINT('',(1.570796326795,0.));
#6279 = VECTOR('',#6280,1.);
#6280 = DIRECTION('',(0.,1.));
#6281 = ( GEOMETRIC_REPRESENTATION_CONTEXT(2) 
PARAMETRIC_REPRESENTATION_CONTEXT() REPRESENTATION_CONTEXT('2D SPACE',''
  ) );
#6282 = ORIENTED_EDGE('',*,*,#3592,.T.);
#6283 = ADVANCED_FACE('',(#6284),#3652,.F.);
#6284 = FACE_BOUND('',#6285,.F.);
#6285 = EDGE_LOOP('',(#6286,#6343,#6362,#6363,#6364));
#6286 = ORIENTED_EDGE('',*,*,#6287,.T.);
#6287 = EDGE_CURVE('',#6288,#6290,#6292,.T.);
#6288 = VERTEX_POINT('',#6289);
#6289 = CARTESIAN_POINT('',(0.637524745612,0.637524745612,0.201679097985
    ));
#6290 = VERTEX_POINT('',#6291);
#6291 = CARTESIAN_POINT('',(0.549581560484,0.849353320747,0.285567668855
    ));
#6292 = SURFACE_CURVE('',#6293,(#6306,#6322),.PCURVE_S1.);
#6293 = B_SPLINE_CURVE_WITH_KNOTS('',6,(#6294,#6295,#6296,#6297,#6298,
    #6299,#6300,#6301,#6302,#6303,#6304,#6305),.UNSPECIFIED.,.F.,.F.,(7,
    5,7),(0.,0.579006511697,1.),.UNSPECIFIED.);
#6294 = CARTESIAN_POINT('',(0.848958774367,0.550000348918,
    -6.780000003981E-06));
#6295 = CARTESIAN_POINT('',(0.804314175024,0.550092454076,
    4.257948328355E-02));
#6296 = CARTESIAN_POINT('',(0.759709167963,0.558123456022,
    8.51279796858E-02));
#6297 = CARTESIAN_POINT('',(0.7167753067,0.574082758803,0.126082378347)
  );
#6298 = CARTESIAN_POINT('',(0.677168299469,0.597615396424,0.163863307343
    ));
#6299 = CARTESIAN_POINT('',(0.64255175688,0.627901591729,0.196883856712)
  );
#6300 = CARTESIAN_POINT('',(0.593706695041,0.689523955721,0.243476920469
    ));
#6301 = CARTESIAN_POINT('',(0.576490785355,0.718320094152,0.259899091872
    ));
#6302 = CARTESIAN_POINT('',(0.563150755376,0.749433724291,0.272624080723
    ));
#6303 = CARTESIAN_POINT('',(0.554103552259,0.782183829348,0.281254163187
    ));
#6304 = CARTESIAN_POINT('',(0.549581560484,0.815766744459,0.285567668855
    ));
#6305 = CARTESIAN_POINT('',(0.549581560484,0.849353320747,0.285567668855
    ));
#6306 = PCURVE('',#3652,#6307);
#6307 = DEFINITIONAL_REPRESENTATION('',(#6308),#6321);
#6308 = B_SPLINE_CURVE_WITH_KNOTS('',6,(#6309,#6310,#6311,#6312,#6313,
    #6314,#6315,#6316,#6317,#6318,#6319,#6320),.UNSPECIFIED.,.F.,.F.,(7,
    5,7),(0.,0.579006511697,1.),.UNSPECIFIED.);
#6309 = CARTESIAN_POINT('',(1.574259623946,8.7895575221E-05));
#6310 = CARTESIAN_POINT('',(1.722756298757,3.856591441022E-03));
#6311 = CARTESIAN_POINT('',(1.871252516812,7.621945104938E-03));
#6312 = CARTESIAN_POINT('',(2.020221015653,1.124622817229E-02));
#6313 = CARTESIAN_POINT('',(2.170012786756,1.45896732162E-02));
#6314 = CARTESIAN_POINT('',(2.320867886214,1.751184572676E-02));
#6315 = CARTESIAN_POINT('',(2.583192038464,2.163512570525E-02));
#6316 = CARTESIAN_POINT('',(2.694182309822,2.308841520988E-02));
#6317 = CARTESIAN_POINT('',(2.805650288362,2.421452041795E-02));
#6318 = CARTESIAN_POINT('',(2.91749123598,2.497824452982E-02));
#6319 = CARTESIAN_POINT('',(3.029552158987,2.535997069515E-02));
#6320 = CARTESIAN_POINT('',(3.14159265359,2.535997069515E-02));
#6321 = ( GEOMETRIC_REPRESENTATION_CONTEXT(2) 
PARAMETRIC_REPRESENTATION_CONTEXT() REPRESENTATION_CONTEXT('2D SPACE',''
  ) );
#6322 = PCURVE('',#6323,#6328);
#6323 = PLANE('',#6324);
#6324 = AXIS2_PLACEMENT_3D('',#6325,#6326,#6327);
#6325 = CARTESIAN_POINT('',(0.702665480206,0.,0.1395416723));
#6326 = DIRECTION('',(0.69022946265,0.,0.723590553345));
#6327 = DIRECTION('',(0.723590553345,0.,-0.69022946265));
#6328 = DEFINITIONAL_REPRESENTATION('',(#6329),#6342);
#6329 = B_SPLINE_CURVE_WITH_KNOTS('',6,(#6330,#6331,#6332,#6333,#6334,
    #6335,#6336,#6337,#6338,#6339,#6340,#6341),.UNSPECIFIED.,.F.,.F.,(7,
    5,7),(0.,0.579006511697,1.),.UNSPECIFIED.);
#6330 = CARTESIAN_POINT('',(0.202176898917,0.550000348918));
#6331 = CARTESIAN_POINT('',(0.140478194952,0.550092454076));
#6332 = CARTESIAN_POINT('',(7.883420740245E-02,0.558123456022));
#6333 = CARTESIAN_POINT('',(1.949973839296E-02,0.574082758803));
#6334 = CARTESIAN_POINT('',(-3.52370282052E-02,0.597615396424));
#6335 = CARTESIAN_POINT('',(-8.307698745945E-02,0.627901591729));
#6336 = CARTESIAN_POINT('',(-0.150580718144,0.689523955721));
#6337 = CARTESIAN_POINT('',(-0.174373054303,0.718320094152));
#6338 = CARTESIAN_POINT('',(-0.192808936194,0.749433724291));
#6339 = CARTESIAN_POINT('',(-0.205312144085,0.782183829348));
#6340 = CARTESIAN_POINT('',(-0.211561523316,0.815766744459));
#6341 = CARTESIAN_POINT('',(-0.211561523316,0.849353320747));
#6342 = ( GEOMETRIC_REPRESENTATION_CONTEXT(2) 
PARAMETRIC_REPRESENTATION_CONTEXT() REPRESENTATION_CONTEXT('2D SPACE',''
  ) );
#6343 = ORIENTED_EDGE('',*,*,#6344,.T.);
#6344 = EDGE_CURVE('',#6290,#3619,#6345,.T.);
#6345 = SURFACE_CURVE('',#6346,(#6349,#6356),.PCURVE_S1.);
#6346 = B_SPLINE_CURVE_WITH_KNOTS('',1,(#6347,#6348),.UNSPECIFIED.,.F.,
  .F.,(2,2),(0.,1.),.PIECEWISE_BEZIER_KNOTS.);
#6347 = CARTESIAN_POINT('',(0.55,0.85,-1.E-03));
#6348 = CARTESIAN_POINT('',(0.5335,0.8245,11.299));
#6349 = PCURVE('',#3652,#6350);
#6350 = DEFINITIONAL_REPRESENTATION('',(#6351),#6355);
#6351 = LINE('',#6352,#6353);
#6352 = CARTESIAN_POINT('',(3.14159265359,0.));
#6353 = VECTOR('',#6354,1.);
#6354 = DIRECTION('',(0.,1.));
#6355 = ( GEOMETRIC_REPRESENTATION_CONTEXT(2) 
PARAMETRIC_REPRESENTATION_CONTEXT() REPRESENTATION_CONTEXT('2D SPACE',''
  ) );
#6356 = PCURVE('',#3700,#6357);
#6357 = DEFINITIONAL_REPRESENTATION('',(#6358),#6361);
#6358 = B_SPLINE_CURVE_WITH_KNOTS('',1,(#6359,#6360),.UNSPECIFIED.,.F.,
  .F.,(2,2),(0.,1.),.PIECEWISE_BEZIER_KNOTS.);
#6359 = CARTESIAN_POINT('',(-5.627556659815,-0.85));
#6360 = CARTESIAN_POINT('',(5.672455386639,-0.8245));
#6361 = ( GEOMETRIC_REPRESENTATION_CONTEXT(2) 
PARAMETRIC_REPRESENTATION_CONTEXT() REPRESENTATION_CONTEXT('2D SPACE',''
  ) );
#6362 = ORIENTED_EDGE('',*,*,#3618,.T.);
#6363 = ORIENTED_EDGE('',*,*,#6264,.F.);
#6364 = ORIENTED_EDGE('',*,*,#6365,.F.);
#6365 = EDGE_CURVE('',#6288,#6244,#6366,.T.);
#6366 = SURFACE_CURVE('',#6367,(#6380,#6396),.PCURVE_S1.);
#6367 = B_SPLINE_CURVE_WITH_KNOTS('',6,(#6368,#6369,#6370,#6371,#6372,
    #6373,#6374,#6375,#6376,#6377,#6378,#6379),.UNSPECIFIED.,.F.,.F.,(7,
    5,7),(0.,0.579006511697,1.),.UNSPECIFIED.);
#6368 = CARTESIAN_POINT('',(0.550000348918,0.848958774367,
    -6.780000000595E-06));
#6369 = CARTESIAN_POINT('',(0.550092454076,0.804314175024,
    4.257948328354E-02));
#6370 = CARTESIAN_POINT('',(0.558123456022,0.759709167963,
    8.512797968585E-02));
#6371 = CARTESIAN_POINT('',(0.574082758803,0.7167753067,0.126082378347)
  );
#6372 = CARTESIAN_POINT('',(0.597615396424,0.677168299469,0.163863307343
    ));
#6373 = CARTESIAN_POINT('',(0.627901591729,0.64255175688,0.196883856712)
  );
#6374 = CARTESIAN_POINT('',(0.689523955721,0.593706695041,0.243476920469
    ));
#6375 = CARTESIAN_POINT('',(0.718320094152,0.576490785355,0.259899091872
    ));
#6376 = CARTESIAN_POINT('',(0.749433724291,0.563150755376,0.272624080723
    ));
#6377 = CARTESIAN_POINT('',(0.782183829348,0.554103552259,0.281254163187
    ));
#6378 = CARTESIAN_POINT('',(0.815766744459,0.549581560484,0.285567668855
    ));
#6379 = CARTESIAN_POINT('',(0.849353320747,0.549581560484,0.285567668855
    ));
#6380 = PCURVE('',#3652,#6381);
#6381 = DEFINITIONAL_REPRESENTATION('',(#6382),#6395);
#6382 = B_SPLINE_CURVE_WITH_KNOTS('',6,(#6383,#6384,#6385,#6386,#6387,
    #6388,#6389,#6390,#6391,#6392,#6393,#6394),.UNSPECIFIED.,.F.,.F.,(7,
    5,7),(0.,0.579006511697,1.),.UNSPECIFIED.);
#6383 = CARTESIAN_POINT('',(3.138129356439,8.789557522128E-05));
#6384 = CARTESIAN_POINT('',(2.989632681628,3.856591441021E-03));
#6385 = CARTESIAN_POINT('',(2.841136463573,7.621945104942E-03));
#6386 = CARTESIAN_POINT('',(2.692167964732,1.124622817228E-02));
#6387 = CARTESIAN_POINT('',(2.542376193628,1.458967321621E-02));
#6388 = CARTESIAN_POINT('',(2.391521094171,1.751184572676E-02));
#6389 = CARTESIAN_POINT('',(2.129196941921,2.163512570525E-02));
#6390 = CARTESIAN_POINT('',(2.018206670563,2.308841520988E-02));
#6391 = CARTESIAN_POINT('',(1.906738692023,2.421452041795E-02));
#6392 = CARTESIAN_POINT('',(1.794897744405,2.497824452982E-02));
#6393 = CARTESIAN_POINT('',(1.682836821398,2.535997069514E-02));
#6394 = CARTESIAN_POINT('',(1.570796326795,2.535997069515E-02));
#6395 = ( GEOMETRIC_REPRESENTATION_CONTEXT(2) 
PARAMETRIC_REPRESENTATION_CONTEXT() REPRESENTATION_CONTEXT('2D SPACE',''
  ) );
#6396 = PCURVE('',#6078,#6397);
#6397 = DEFINITIONAL_REPRESENTATION('',(#6398),#6411);
#6398 = B_SPLINE_CURVE_WITH_KNOTS('',6,(#6399,#6400,#6401,#6402,#6403,
    #6404,#6405,#6406,#6407,#6408,#6409,#6410),.UNSPECIFIED.,.F.,.F.,(7,
    5,7),(0.,0.579006511697,1.),.UNSPECIFIED.);
#6399 = CARTESIAN_POINT('',(0.202176898917,-0.550000348918));
#6400 = CARTESIAN_POINT('',(0.140478194952,-0.550092454076));
#6401 = CARTESIAN_POINT('',(7.883420740238E-02,-0.558123456022));
#6402 = CARTESIAN_POINT('',(1.949973839304E-02,-0.574082758803));
#6403 = CARTESIAN_POINT('',(-3.523702820527E-02,-0.597615396424));
#6404 = CARTESIAN_POINT('',(-8.307698745943E-02,-0.627901591729));
#6405 = CARTESIAN_POINT('',(-0.150580718144,-0.689523955721));
#6406 = CARTESIAN_POINT('',(-0.174373054303,-0.718320094152));
#6407 = CARTESIAN_POINT('',(-0.192808936194,-0.749433724291));
#6408 = CARTESIAN_POINT('',(-0.205312144085,-0.782183829348));
#6409 = CARTESIAN_POINT('',(-0.211561523316,-0.815766744459));
#6410 = CARTESIAN_POINT('',(-0.211561523316,-0.849353320747));
#6411 = ( GEOMETRIC_REPRESENTATION_CONTEXT(2) 
PARAMETRIC_REPRESENTATION_CONTEXT() REPRESENTATION_CONTEXT('2D SPACE',''
  ) );
#6412 = ADVANCED_FACE('',(#6413),#3700,.F.);
#6413 = FACE_BOUND('',#6414,.F.);
#6414 = EDGE_LOOP('',(#6415,#6416,#6437,#6464));
#6415 = ORIENTED_EDGE('',*,*,#6344,.F.);
#6416 = ORIENTED_EDGE('',*,*,#6417,.F.);
#6417 = EDGE_CURVE('',#6418,#6290,#6420,.T.);
#6418 = VERTEX_POINT('',#6419);
#6419 = CARTESIAN_POINT('',(0.549581560484,1.197046932191,0.285567668855
    ));
#6420 = SURFACE_CURVE('',#6421,(#6425,#6431),.PCURVE_S1.);
#6421 = LINE('',#6422,#6423);
#6422 = CARTESIAN_POINT('',(0.549581560484,2.904551347411E-17,
    0.285567668855));
#6423 = VECTOR('',#6424,1.);
#6424 = DIRECTION('',(0.,-1.,0.));
#6425 = PCURVE('',#3700,#6426);
#6426 = DEFINITIONAL_REPRESENTATION('',(#6427),#6430);
#6427 = B_SPLINE_CURVE_WITH_KNOTS('',1,(#6428,#6429),.UNSPECIFIED.,.F.,
  .F.,(2,2),(-1.197958337841,-0.836497483176),.PIECEWISE_BEZIER_KNOTS.);
#6428 = CARTESIAN_POINT('',(-5.340988685462,-1.197958337841));
#6429 = CARTESIAN_POINT('',(-5.340988685462,-0.836497483176));
#6430 = ( GEOMETRIC_REPRESENTATION_CONTEXT(2) 
PARAMETRIC_REPRESENTATION_CONTEXT() REPRESENTATION_CONTEXT('2D SPACE',''
  ) );
#6431 = PCURVE('',#6323,#6432);
#6432 = DEFINITIONAL_REPRESENTATION('',(#6433),#6436);
#6433 = B_SPLINE_CURVE_WITH_KNOTS('',1,(#6434,#6435),.UNSPECIFIED.,.F.,
  .F.,(2,2),(-1.197958337841,-0.836497483176),.PIECEWISE_BEZIER_KNOTS.);
#6434 = CARTESIAN_POINT('',(-0.211561523316,1.197958337841));
#6435 = CARTESIAN_POINT('',(-0.211561523316,0.836497483176));
#6436 = ( GEOMETRIC_REPRESENTATION_CONTEXT(2) 
PARAMETRIC_REPRESENTATION_CONTEXT() REPRESENTATION_CONTEXT('2D SPACE',''
  ) );
#6437 = ORIENTED_EDGE('',*,*,#6438,.T.);
#6438 = EDGE_CURVE('',#6418,#3686,#6439,.T.);
#6439 = SURFACE_CURVE('',#6440,(#6446,#6455),.PCURVE_S1.);
#6440 = B_SPLINE_CURVE_WITH_KNOTS('',4,(#6441,#6442,#6443,#6444,#6445),
  .UNSPECIFIED.,.F.,.F.,(5,5),(0.,1.),.PIECEWISE_BEZIER_KNOTS.);
#6441 = CARTESIAN_POINT('',(0.55,1.197958337841,-1.000000000002E-03));
#6442 = CARTESIAN_POINT('',(0.545875,1.188973650307,2.824));
#6443 = CARTESIAN_POINT('',(0.54175,1.179988962773,5.649));
#6444 = CARTESIAN_POINT('',(0.537625,1.171004275239,8.474));
#6445 = CARTESIAN_POINT('',(0.5335,1.162019587706,11.299));
#6446 = PCURVE('',#3700,#6447);
#6447 = DEFINITIONAL_REPRESENTATION('',(#6448),#6454);
#6448 = B_SPLINE_CURVE_WITH_KNOTS('',4,(#6449,#6450,#6451,#6452,#6453),
  .UNSPECIFIED.,.F.,.F.,(5,5),(0.,1.),.PIECEWISE_BEZIER_KNOTS.);
#6449 = CARTESIAN_POINT('',(-5.627556659815,-1.197958337841));
#6450 = CARTESIAN_POINT('',(-2.802553648202,-1.188973650307));
#6451 = CARTESIAN_POINT('',(2.244936341169E-02,-1.179988962773));
#6452 = CARTESIAN_POINT('',(2.847452375025,-1.171004275239));
#6453 = CARTESIAN_POINT('',(5.672455386639,-1.162019587706));
#6454 = ( GEOMETRIC_REPRESENTATION_CONTEXT(2) 
PARAMETRIC_REPRESENTATION_CONTEXT() REPRESENTATION_CONTEXT('2D SPACE',''
  ) );
#6455 = PCURVE('',#3737,#6456);
#6456 = DEFINITIONAL_REPRESENTATION('',(#6457),#6463);
#6457 = B_SPLINE_CURVE_WITH_KNOTS('',4,(#6458,#6459,#6460,#6461,#6462),
  .UNSPECIFIED.,.F.,.F.,(5,5),(8.849557522139E-05,0.525788193378),
  .PIECEWISE_BEZIER_KNOTS.);
#6458 = CARTESIAN_POINT('',(5.853485642,8.849557522139E-05));
#6459 = CARTESIAN_POINT('',(5.853485642,0.131513420026));
#6460 = CARTESIAN_POINT('',(5.853485642,0.262938344477));
#6461 = CARTESIAN_POINT('',(5.853485642,0.394363268927));
#6462 = CARTESIAN_POINT('',(5.853485642,0.525788193378));
#6463 = ( GEOMETRIC_REPRESENTATION_CONTEXT(2) 
PARAMETRIC_REPRESENTATION_CONTEXT() REPRESENTATION_CONTEXT('2D SPACE',''
  ) );
#6464 = ORIENTED_EDGE('',*,*,#3685,.T.);
#6465 = ADVANCED_FACE('',(#6466),#3737,.F.);
#6466 = FACE_BOUND('',#6467,.F.);
#6467 = EDGE_LOOP('',(#6468,#6497,#6498,#6499));
#6468 = ORIENTED_EDGE('',*,*,#6469,.T.);
#6469 = EDGE_CURVE('',#6470,#3712,#6472,.T.);
#6470 = VERTEX_POINT('',#6471);
#6471 = CARTESIAN_POINT('',(0.549581560484,1.700746750359,0.285567668855
    ));
#6472 = SURFACE_CURVE('',#6473,(#6479,#6488),.PCURVE_S1.);
#6473 = B_SPLINE_CURVE_WITH_KNOTS('',4,(#6474,#6475,#6476,#6477,#6478),
  .UNSPECIFIED.,.F.,.F.,(5,5),(0.,1.),.PIECEWISE_BEZIER_KNOTS.);
#6474 = CARTESIAN_POINT('',(0.55,1.702041662159,-1.000000000002E-03));
#6475 = CARTESIAN_POINT('',(0.545875,1.689276349693,2.824));
#6476 = CARTESIAN_POINT('',(0.54175,1.676511037227,5.649));
#6477 = CARTESIAN_POINT('',(0.537625,1.663745724761,8.474));
#6478 = CARTESIAN_POINT('',(0.5335,1.650980412294,11.299));
#6479 = PCURVE('',#3737,#6480);
#6480 = DEFINITIONAL_REPRESENTATION('',(#6481),#6487);
#6481 = B_SPLINE_CURVE_WITH_KNOTS('',4,(#6482,#6483,#6484,#6485,#6486),
  .UNSPECIFIED.,.F.,.F.,(5,5),(8.849557522139E-05,0.520394283783),
  .PIECEWISE_BEZIER_KNOTS.);
#6482 = CARTESIAN_POINT('',(6.712884972359,8.849557522139E-05));
#6483 = CARTESIAN_POINT('',(6.712884972359,0.130164942627));
#6484 = CARTESIAN_POINT('',(6.712884972359,0.260241389679));
#6485 = CARTESIAN_POINT('',(6.712884972359,0.390317836731));
#6486 = CARTESIAN_POINT('',(6.712884972359,0.520394283783));
#6487 = ( GEOMETRIC_REPRESENTATION_CONTEXT(2) 
PARAMETRIC_REPRESENTATION_CONTEXT() REPRESENTATION_CONTEXT('2D SPACE',''
  ) );
#6488 = PCURVE('',#3810,#6489);
#6489 = DEFINITIONAL_REPRESENTATION('',(#6490),#6496);
#6490 = B_SPLINE_CURVE_WITH_KNOTS('',4,(#6491,#6492,#6493,#6494,#6495),
  .UNSPECIFIED.,.F.,.F.,(5,5),(0.,1.),.PIECEWISE_BEZIER_KNOTS.);
#6491 = CARTESIAN_POINT('',(-5.627556659815,-1.702041662159));
#6492 = CARTESIAN_POINT('',(-2.802553648202,-1.689276349693));
#6493 = CARTESIAN_POINT('',(2.244936341174E-02,-1.676511037227));
#6494 = CARTESIAN_POINT('',(2.847452375025,-1.663745724761));
#6495 = CARTESIAN_POINT('',(5.672455386639,-1.650980412294));
#6496 = ( GEOMETRIC_REPRESENTATION_CONTEXT(2) 
PARAMETRIC_REPRESENTATION_CONTEXT() REPRESENTATION_CONTEXT('2D SPACE',''
  ) );
#6497 = ORIENTED_EDGE('',*,*,#3711,.T.);
#6498 = ORIENTED_EDGE('',*,*,#6438,.F.);
#6499 = ORIENTED_EDGE('',*,*,#6500,.F.);
#6500 = EDGE_CURVE('',#6470,#6418,#6501,.T.);
#6501 = SURFACE_CURVE('',#6502,(#6513,#6527),.PCURVE_S1.);
#6502 = B_SPLINE_CURVE_WITH_KNOTS('',5,(#6503,#6504,#6505,#6506,#6507,
    #6508,#6509,#6510,#6511,#6512),.UNSPECIFIED.,.F.,.F.,(6,4,6),(0.,
    0.495931565478,1.),.UNSPECIFIED.);
#6503 = CARTESIAN_POINT('',(0.549581408918,1.700747079988,0.285567813433
    ));
#6504 = CARTESIAN_POINT('',(0.570793740643,1.654613940804,0.265333474745
    ));
#6505 = CARTESIAN_POINT('',(0.587345177719,1.605785421846,0.24954514049)
  );
#6506 = CARTESIAN_POINT('',(0.598683378376,1.554967269432,0.238729686764
    ));
#6507 = CARTESIAN_POINT('',(0.604441755923,1.503086503379,0.233236798802
    ));
#6508 = CARTESIAN_POINT('',(0.604802119604,1.398416495059,0.232893049662
    ));
#6509 = CARTESIAN_POINT('',(0.599219564533,1.345604126627,0.238218221431
    ));
#6510 = CARTESIAN_POINT('',(0.587865787863,1.293827176074,0.24904853304)
  );
#6511 = CARTESIAN_POINT('',(0.571126309582,1.244061249281,0.265016238872
    ));
#6512 = CARTESIAN_POINT('',(0.549581408918,1.197046601448,0.285567813433
    ));
#6513 = PCURVE('',#3737,#6514);
#6514 = DEFINITIONAL_REPRESENTATION('',(#6515),#6526);
#6515 = B_SPLINE_CURVE_WITH_KNOTS('',5,(#6516,#6517,#6518,#6519,#6520,
    #6521,#6522,#6523,#6524,#6525),.UNSPECIFIED.,.F.,.F.,(6,4,6),(0.,
    0.495931565478,1.),.UNSPECIFIED.);
#6516 = CARTESIAN_POINT('',(6.71288557333,2.535998348964E-02));
#6517 = CARTESIAN_POINT('',(6.628776882631,2.35693340482E-02));
#6518 = CARTESIAN_POINT('',(6.543862796294,2.217213632659E-02));
#6519 = CARTESIAN_POINT('',(6.45835080682,2.12150165278E-02));
#6520 = CARTESIAN_POINT('',(6.372478023124,2.072892024793E-02));
#6521 = CARTESIAN_POINT('',(6.199358953988,2.06984999701E-02));
#6522 = CARTESIAN_POINT('',(6.112079068114,2.116975410897E-02));
#6523 = CARTESIAN_POINT('',(6.025181653409,2.212818876458E-02));
#6524 = CARTESIAN_POINT('',(5.938912395722,2.35412600772E-02));
#6525 = CARTESIAN_POINT('',(5.853485041029,2.535998348963E-02));
#6526 = ( GEOMETRIC_REPRESENTATION_CONTEXT(2) 
PARAMETRIC_REPRESENTATION_CONTEXT() REPRESENTATION_CONTEXT('2D SPACE',''
  ) );
#6527 = PCURVE('',#6323,#6528);
#6528 = DEFINITIONAL_REPRESENTATION('',(#6529),#6540);
#6529 = B_SPLINE_CURVE_WITH_KNOTS('',5,(#6530,#6531,#6532,#6533,#6534,
    #6535,#6536,#6537,#6538,#6539),.UNSPECIFIED.,.F.,.F.,(6,4,6),(0.,
    0.495931565478,1.),.UNSPECIFIED.);
#6530 = CARTESIAN_POINT('',(-0.211561732779,1.700747079988));
#6531 = CARTESIAN_POINT('',(-0.182246353209,1.654613940804));
#6532 = CARTESIAN_POINT('',(-0.159372316227,1.605785421846));
#6533 = CARTESIAN_POINT('',(-0.143702956527,1.554967269432));
#6534 = CARTESIAN_POINT('',(-0.135744895824,1.503086503379));
#6535 = CARTESIAN_POINT('',(-0.135246874284,1.398416495059));
#6536 = CARTESIAN_POINT('',(-0.142961948846,1.345604126627));
#6537 = CARTESIAN_POINT('',(-0.158652834551,1.293827176074));
#6538 = CARTESIAN_POINT('',(-0.18178674392,1.244061249281));
#6539 = CARTESIAN_POINT('',(-0.211561732779,1.197046601448));
#6540 = ( GEOMETRIC_REPRESENTATION_CONTEXT(2) 
PARAMETRIC_REPRESENTATION_CONTEXT() REPRESENTATION_CONTEXT('2D SPACE',''
  ) );
#6541 = ADVANCED_FACE('',(#6542),#3810,.F.);
#6542 = FACE_BOUND('',#6543,.F.);
#6543 = EDGE_LOOP('',(#6544,#6545,#6566,#6586));
#6544 = ORIENTED_EDGE('',*,*,#6469,.F.);
#6545 = ORIENTED_EDGE('',*,*,#6546,.F.);
#6546 = EDGE_CURVE('',#6547,#6470,#6549,.T.);
#6547 = VERTEX_POINT('',#6548);
#6548 = CARTESIAN_POINT('',(0.549581560484,2.02345938178,0.285567668855)
  );
#6549 = SURFACE_CURVE('',#6550,(#6554,#6560),.PCURVE_S1.);
#6550 = LINE('',#6551,#6552);
#6551 = CARTESIAN_POINT('',(0.549581560484,2.904551347411E-17,
    0.285567668855));
#6552 = VECTOR('',#6553,1.);
#6553 = DIRECTION('',(0.,-1.,0.));
#6554 = PCURVE('',#3810,#6555);
#6555 = DEFINITIONAL_REPRESENTATION('',(#6556),#6559);
#6556 = B_SPLINE_CURVE_WITH_KNOTS('',1,(#6557,#6558),.UNSPECIFIED.,.F.,
  .F.,(2,2),(-2.024994623894,-1.675469679607),.PIECEWISE_BEZIER_KNOTS.);
#6557 = CARTESIAN_POINT('',(-5.340988685462,-2.024994623894));
#6558 = CARTESIAN_POINT('',(-5.340988685462,-1.675469679607));
#6559 = ( GEOMETRIC_REPRESENTATION_CONTEXT(2) 
PARAMETRIC_REPRESENTATION_CONTEXT() REPRESENTATION_CONTEXT('2D SPACE',''
  ) );
#6560 = PCURVE('',#6323,#6561);
#6561 = DEFINITIONAL_REPRESENTATION('',(#6562),#6565);
#6562 = B_SPLINE_CURVE_WITH_KNOTS('',1,(#6563,#6564),.UNSPECIFIED.,.F.,
  .F.,(2,2),(-2.024994623894,-1.675469679607),.PIECEWISE_BEZIER_KNOTS.);
#6563 = CARTESIAN_POINT('',(-0.211561523316,2.024994623894));
#6564 = CARTESIAN_POINT('',(-0.211561523316,1.675469679607));
#6565 = ( GEOMETRIC_REPRESENTATION_CONTEXT(2) 
PARAMETRIC_REPRESENTATION_CONTEXT() REPRESENTATION_CONTEXT('2D SPACE',''
  ) );
#6566 = ORIENTED_EDGE('',*,*,#6567,.T.);
#6567 = EDGE_CURVE('',#6547,#3796,#6568,.T.);
#6568 = SURFACE_CURVE('',#6569,(#6573,#6580),.PCURVE_S1.);
#6569 = LINE('',#6570,#6571);
#6570 = CARTESIAN_POINT('',(0.55,2.025,-1.E-03));
#6571 = VECTOR('',#6572,1.);
#6572 = DIRECTION('',(-1.460154333648E-03,-5.376022773886E-03,
    0.999984483044));
#6573 = PCURVE('',#3810,#6574);
#6574 = DEFINITIONAL_REPRESENTATION('',(#6575),#6579);
#6575 = LINE('',#6576,#6577);
#6576 = CARTESIAN_POINT('',(-5.627556659815,-2.025));
#6577 = VECTOR('',#6578,1.);
#6578 = DIRECTION('',(0.999985549085,5.376022773886E-03));
#6579 = ( GEOMETRIC_REPRESENTATION_CONTEXT(2) 
PARAMETRIC_REPRESENTATION_CONTEXT() REPRESENTATION_CONTEXT('2D SPACE',''
  ) );
#6580 = PCURVE('',#3836,#6581);
#6581 = DEFINITIONAL_REPRESENTATION('',(#6582),#6585);
#6582 = B_SPLINE_CURVE_WITH_KNOTS('',1,(#6583,#6584),.UNSPECIFIED.,.F.,
  .F.,(2,2),(0.,11.300175344325),.PIECEWISE_BEZIER_KNOTS.);
#6583 = CARTESIAN_POINT('',(-5.642553484353,0.55));
#6584 = CARTESIAN_POINT('',(5.657609813693,0.5335));
#6585 = ( GEOMETRIC_REPRESENTATION_CONTEXT(2) 
PARAMETRIC_REPRESENTATION_CONTEXT() REPRESENTATION_CONTEXT('2D SPACE',''
  ) );
#6586 = ORIENTED_EDGE('',*,*,#3795,.T.);
#6587 = ADVANCED_FACE('',(#6588),#3836,.F.);
#6588 = FACE_BOUND('',#6589,.F.);
#6589 = EDGE_LOOP('',(#6590,#6591,#6612,#6638,#6665));
#6590 = ORIENTED_EDGE('',*,*,#6567,.F.);
#6591 = ORIENTED_EDGE('',*,*,#6592,.F.);
#6592 = EDGE_CURVE('',#6593,#6547,#6595,.T.);
#6593 = VERTEX_POINT('',#6594);
#6594 = CARTESIAN_POINT('',(0.541445182752,2.023417656473,0.293328919474
    ));
#6595 = SURFACE_CURVE('',#6596,(#6600,#6606),.PCURVE_S1.);
#6596 = LINE('',#6597,#6598);
#6597 = CARTESIAN_POINT('',(-0.857974010472,2.016241097306,
    1.628227990911));
#6598 = VECTOR('',#6599,1.);
#6599 = DIRECTION('',(0.723585571605,3.710721342345E-03,-0.690224710593)
  );
#6600 = PCURVE('',#3836,#6601);
#6601 = DEFINITIONAL_REPRESENTATION('',(#6602),#6605);
#6602 = B_SPLINE_CURVE_WITH_KNOTS('',1,(#6603,#6604),.UNSPECIFIED.,.F.,
  .F.,(2,2),(1.925790210799,1.945827287811),.PIECEWISE_BEZIER_KNOTS.);
#6603 = CARTESIAN_POINT('',(-5.342549149007,0.5355));
#6604 = CARTESIAN_POINT('',(-5.356379434549,0.549998539823));
#6605 = ( GEOMETRIC_REPRESENTATION_CONTEXT(2) 
PARAMETRIC_REPRESENTATION_CONTEXT() REPRESENTATION_CONTEXT('2D SPACE',''
  ) );
#6606 = PCURVE('',#6323,#6607);
#6607 = DEFINITIONAL_REPRESENTATION('',(#6608),#6611);
#6608 = B_SPLINE_CURVE_WITH_KNOTS('',1,(#6609,#6610),.UNSPECIFIED.,.F.,
  .F.,(2,2),(1.925790210799,1.945827287811),.PIECEWISE_BEZIER_KNOTS.);
#6609 = CARTESIAN_POINT('',(-0.231022198166,2.023387168142));
#6610 = CARTESIAN_POINT('',(-0.210985259104,2.023461520151));
#6611 = ( GEOMETRIC_REPRESENTATION_CONTEXT(2) 
PARAMETRIC_REPRESENTATION_CONTEXT() REPRESENTATION_CONTEXT('2D SPACE',''
  ) );
#6612 = ORIENTED_EDGE('',*,*,#6613,.F.);
#6613 = EDGE_CURVE('',#6614,#6593,#6616,.T.);
#6614 = VERTEX_POINT('',#6615);
#6615 = CARTESIAN_POINT('',(0.188001849272,2.023417656473,0.293328919474
    ));
#6616 = SURFACE_CURVE('',#6617,(#6621,#6627),.PCURVE_S1.);
#6617 = LINE('',#6618,#6619);
#6618 = CARTESIAN_POINT('',(-8.965214233704E-18,2.023417656473,
    0.293328919474));
#6619 = VECTOR('',#6620,1.);
#6620 = DIRECTION('',(1.,0.,0.));
#6621 = PCURVE('',#3836,#6622);
#6622 = DEFINITIONAL_REPRESENTATION('',(#6623),#6626);
#6623 = B_SPLINE_CURVE_WITH_KNOTS('',1,(#6624,#6625),.UNSPECIFIED.,.F.,
  .F.,(2,2),(0.185231033078,0.549998539823),.PIECEWISE_BEZIER_KNOTS.);
#6624 = CARTESIAN_POINT('',(-5.348220311487,0.185231033078));
#6625 = CARTESIAN_POINT('',(-5.348220311487,0.549998539823));
#6626 = ( GEOMETRIC_REPRESENTATION_CONTEXT(2) 
PARAMETRIC_REPRESENTATION_CONTEXT() REPRESENTATION_CONTEXT('2D SPACE',''
  ) );
#6627 = PCURVE('',#6628,#6633);
#6628 = PLANE('',#6629);
#6629 = AXIS2_PLACEMENT_3D('',#6630,#6631,#6632);
#6630 = CARTESIAN_POINT('',(0.,2.19650740114,0.124402194772));
#6631 = DIRECTION('',(0.,0.698448148582,0.715660662425));
#6632 = DIRECTION('',(0.,0.715660662425,-0.698448148582));
#6633 = DEFINITIONAL_REPRESENTATION('',(#6634),#6637);
#6634 = B_SPLINE_CURVE_WITH_KNOTS('',1,(#6635,#6636),.UNSPECIFIED.,.F.,
  .F.,(2,2),(0.185231033078,0.549998539823),.PIECEWISE_BEZIER_KNOTS.);
#6635 = CARTESIAN_POINT('',(-0.241860079441,-0.185231033078));
#6636 = CARTESIAN_POINT('',(-0.241860079441,-0.549998539823));
#6637 = ( GEOMETRIC_REPRESENTATION_CONTEXT(2) 
PARAMETRIC_REPRESENTATION_CONTEXT() REPRESENTATION_CONTEXT('2D SPACE',''
  ) );
#6638 = ORIENTED_EDGE('',*,*,#6639,.T.);
#6639 = EDGE_CURVE('',#6614,#3822,#6640,.T.);
#6640 = SURFACE_CURVE('',#6641,(#6647,#6656),.PCURVE_S1.);
#6641 = B_SPLINE_CURVE_WITH_KNOTS('',4,(#6642,#6643,#6644,#6645,#6646),
  .UNSPECIFIED.,.F.,.F.,(5,5),(0.,1.),.PIECEWISE_BEZIER_KNOTS.);
#6642 = CARTESIAN_POINT('',(0.188148869591,2.025,-1.000000000003E-03));
#6643 = CARTESIAN_POINT('',(0.186737753069,2.0098125,2.824));
#6644 = CARTESIAN_POINT('',(0.185326636547,1.994625,5.649));
#6645 = CARTESIAN_POINT('',(0.183915520025,1.9794375,8.474));
#6646 = CARTESIAN_POINT('',(0.182504403503,1.96425,11.299));
#6647 = PCURVE('',#3836,#6648);
#6648 = DEFINITIONAL_REPRESENTATION('',(#6649),#6655);
#6649 = B_SPLINE_CURVE_WITH_KNOTS('',4,(#6650,#6651,#6652,#6653,#6654),
  .UNSPECIFIED.,.F.,.F.,(5,5),(0.,1.),.PIECEWISE_BEZIER_KNOTS.);
#6650 = CARTESIAN_POINT('',(-5.642553484353,0.188148869591));
#6651 = CARTESIAN_POINT('',(-2.817512659842,0.186737753069));
#6652 = CARTESIAN_POINT('',(7.528164669814E-03,0.185326636547));
#6653 = CARTESIAN_POINT('',(2.832568989181,0.183915520025));
#6654 = CARTESIAN_POINT('',(5.657609813693,0.182504403503));
#6655 = ( GEOMETRIC_REPRESENTATION_CONTEXT(2) 
PARAMETRIC_REPRESENTATION_CONTEXT() REPRESENTATION_CONTEXT('2D SPACE',''
  ) );
#6656 = PCURVE('',#3877,#6657);
#6657 = DEFINITIONAL_REPRESENTATION('',(#6658),#6664);
#6658 = B_SPLINE_CURVE_WITH_KNOTS('',4,(#6659,#6660,#6661,#6662,#6663),
  .UNSPECIFIED.,.F.,.F.,(5,5),(0.,1.),.PIECEWISE_BEZIER_KNOTS.);
#6659 = CARTESIAN_POINT('',(1.254561945072,0.));
#6660 = CARTESIAN_POINT('',(1.254561945072,0.25));
#6661 = CARTESIAN_POINT('',(1.254561945072,0.5));
#6662 = CARTESIAN_POINT('',(1.254561945072,0.75));
#6663 = CARTESIAN_POINT('',(1.254561945072,1.));
#6664 = ( GEOMETRIC_REPRESENTATION_CONTEXT(2) 
PARAMETRIC_REPRESENTATION_CONTEXT() REPRESENTATION_CONTEXT('2D SPACE',''
  ) );
#6665 = ORIENTED_EDGE('',*,*,#3821,.T.);
#6666 = ADVANCED_FACE('',(#6667),#3877,.F.);
#6667 = FACE_BOUND('',#6668,.F.);
#6668 = EDGE_LOOP('',(#6669,#6670,#6714,#6741));
#6669 = ORIENTED_EDGE('',*,*,#6639,.F.);
#6670 = ORIENTED_EDGE('',*,*,#6671,.F.);
#6671 = EDGE_CURVE('',#6672,#6614,#6674,.T.);
#6672 = VERTEX_POINT('',#6673);
#6673 = CARTESIAN_POINT('',(-0.188001849981,2.023417656473,
    0.293328919474));
#6674 = SURFACE_CURVE('',#6675,(#6686,#6700),.PCURVE_S1.);
#6675 = B_SPLINE_CURVE_WITH_KNOTS('',5,(#6676,#6677,#6678,#6679,#6680,
    #6681,#6682,#6683,#6684,#6685),.UNSPECIFIED.,.F.,.F.,(6,4,6),(0.,
    0.499004363931,1.),.UNSPECIFIED.);
#6676 = CARTESIAN_POINT('',(-0.188002194656,2.023417543077,
    0.293329030143));
#6677 = CARTESIAN_POINT('',(-0.152039846037,2.035248966398,
    0.281782167016));
#6678 = CARTESIAN_POINT('',(-0.114937392552,2.044322593468,0.27292677177
    ));
#6679 = CARTESIAN_POINT('',(-7.702889574375E-02,2.050453005252,
    0.266943803884));
#6680 = CARTESIAN_POINT('',(-3.87054419395E-02,2.053530191199,
    0.263940628021));
#6681 = CARTESIAN_POINT('',(3.809368015655E-02,2.053579021071,
    0.263892972567));
#6682 = CARTESIAN_POINT('',(7.65750021101E-02,2.050526255519,
    0.266872315376));
#6683 = CARTESIAN_POINT('',(0.114641234311,2.04439497763,0.272856128535)
  );
#6684 = CARTESIAN_POINT('',(0.151896346006,2.035296177849,0.281736091059
    ));
#6685 = CARTESIAN_POINT('',(0.188002193947,2.023417543077,0.293329030143
    ));
#6686 = PCURVE('',#3877,#6687);
#6687 = DEFINITIONAL_REPRESENTATION('',(#6688),#6699);
#6688 = B_SPLINE_CURVE_WITH_KNOTS('',5,(#6689,#6690,#6691,#6692,#6693,
    #6694,#6695,#6696,#6697,#6698),.UNSPECIFIED.,.F.,.F.,(6,4,6),(0.,
    0.499004363931,1.),.UNSPECIFIED.);
#6689 = CARTESIAN_POINT('',(1.887031308232,2.604681682679E-02));
#6690 = CARTESIAN_POINT('',(1.824429134843,2.50249705324E-02));
#6691 = CARTESIAN_POINT('',(1.761452546208,2.424130723632E-02));
#6692 = CARTESIAN_POINT('',(1.698209495416,2.371184105171E-02));
#6693 = CARTESIAN_POINT('',(1.634817315648,2.34460732762E-02));
#6694 = CARTESIAN_POINT('',(1.507787242061,2.34418559794E-02));
#6695 = CARTESIAN_POINT('',(1.444140348994,2.370551463503E-02));
#6696 = CARTESIAN_POINT('',(1.380642785786,2.423505562259E-02));
#6697 = CARTESIAN_POINT('',(1.317413322941,2.502089301404E-02));
#6698 = CARTESIAN_POINT('',(1.254561345072,2.604681682679E-02));
#6699 = ( GEOMETRIC_REPRESENTATION_CONTEXT(2) 
PARAMETRIC_REPRESENTATION_CONTEXT() REPRESENTATION_CONTEXT('2D SPACE',''
  ) );
#6700 = PCURVE('',#6628,#6701);
#6701 = DEFINITIONAL_REPRESENTATION('',(#6702),#6713);
#6702 = B_SPLINE_CURVE_WITH_KNOTS('',5,(#6703,#6704,#6705,#6706,#6707,
    #6708,#6709,#6710,#6711,#6712),.UNSPECIFIED.,.F.,.F.,(6,4,6),(0.,
    0.499004363931,1.),.UNSPECIFIED.);
#6703 = CARTESIAN_POINT('',(-0.241860237891,0.188002194656));
#6704 = CARTESIAN_POINT('',(-0.225328068466,0.152039846037));
#6705 = CARTESIAN_POINT('',(-0.212649396093,0.114937392552));
#6706 = CARTESIAN_POINT('',(-0.204083308692,7.702889574375E-02));
#6707 = CARTESIAN_POINT('',(-0.199783525137,3.87054419395E-02));
#6708 = CARTESIAN_POINT('',(-0.199715294655,-3.809368015655E-02));
#6709 = CARTESIAN_POINT('',(-0.203980955341,-7.65750021101E-02));
#6710 = CARTESIAN_POINT('',(-0.212548252958,-0.114641234311));
#6711 = CARTESIAN_POINT('',(-0.225262099421,-0.151896346006));
#6712 = CARTESIAN_POINT('',(-0.241860237891,-0.188002193947));
#6713 = ( GEOMETRIC_REPRESENTATION_CONTEXT(2) 
PARAMETRIC_REPRESENTATION_CONTEXT() REPRESENTATION_CONTEXT('2D SPACE',''
  ) );
#6714 = ORIENTED_EDGE('',*,*,#6715,.T.);
#6715 = EDGE_CURVE('',#6672,#3848,#6716,.T.);
#6716 = SURFACE_CURVE('',#6717,(#6723,#6732),.PCURVE_S1.);
#6717 = B_SPLINE_CURVE_WITH_KNOTS('',4,(#6718,#6719,#6720,#6721,#6722),
  .UNSPECIFIED.,.F.,.F.,(5,5),(0.,1.),.PIECEWISE_BEZIER_KNOTS.);
#6718 = CARTESIAN_POINT('',(-0.1881488703,2.025,-1.000000000003E-03));
#6719 = CARTESIAN_POINT('',(-0.186737753773,2.0098125,2.824));
#6720 = CARTESIAN_POINT('',(-0.185326637246,1.994625,5.649));
#6721 = CARTESIAN_POINT('',(-0.183915520719,1.9794375,8.474));
#6722 = CARTESIAN_POINT('',(-0.182504404191,1.96425,11.299));
#6723 = PCURVE('',#3877,#6724);
#6724 = DEFINITIONAL_REPRESENTATION('',(#6725),#6731);
#6725 = B_SPLINE_CURVE_WITH_KNOTS('',4,(#6726,#6727,#6728,#6729,#6730),
  .UNSPECIFIED.,.F.,.F.,(5,5),(0.,1.),.PIECEWISE_BEZIER_KNOTS.);
#6726 = CARTESIAN_POINT('',(1.887030708232,0.));
#6727 = CARTESIAN_POINT('',(1.887030708232,0.25));
#6728 = CARTESIAN_POINT('',(1.887030708232,0.5));
#6729 = CARTESIAN_POINT('',(1.887030708232,0.75));
#6730 = CARTESIAN_POINT('',(1.887030708232,1.));
#6731 = ( GEOMETRIC_REPRESENTATION_CONTEXT(2) 
PARAMETRIC_REPRESENTATION_CONTEXT() REPRESENTATION_CONTEXT('2D SPACE',''
  ) );
#6732 = PCURVE('',#3935,#6733);
#6733 = DEFINITIONAL_REPRESENTATION('',(#6734),#6740);
#6734 = B_SPLINE_CURVE_WITH_KNOTS('',4,(#6735,#6736,#6737,#6738,#6739),
  .UNSPECIFIED.,.F.,.F.,(5,5),(0.,1.),.PIECEWISE_BEZIER_KNOTS.);
#6735 = CARTESIAN_POINT('',(-5.642553484353,-0.1881488703));
#6736 = CARTESIAN_POINT('',(-2.817512659842,-0.186737753773));
#6737 = CARTESIAN_POINT('',(7.528164669742E-03,-0.185326637246));
#6738 = CARTESIAN_POINT('',(2.832568989181,-0.183915520719));
#6739 = CARTESIAN_POINT('',(5.657609813693,-0.182504404191));
#6740 = ( GEOMETRIC_REPRESENTATION_CONTEXT(2) 
PARAMETRIC_REPRESENTATION_CONTEXT() REPRESENTATION_CONTEXT('2D SPACE',''
  ) );
#6741 = ORIENTED_EDGE('',*,*,#3847,.T.);
#6742 = ADVANCED_FACE('',(#6743),#3935,.F.);
#6743 = FACE_BOUND('',#6744,.F.);
#6744 = EDGE_LOOP('',(#6745,#6767,#6768,#6769,#6790));
#6745 = ORIENTED_EDGE('',*,*,#6746,.F.);
#6746 = EDGE_CURVE('',#3921,#6747,#6749,.T.);
#6747 = VERTEX_POINT('',#6748);
#6748 = CARTESIAN_POINT('',(-0.549581560484,2.02345938178,0.285567668855
    ));
#6749 = SURFACE_CURVE('',#6750,(#6754,#6760),.PCURVE_S1.);
#6750 = LINE('',#6751,#6752);
#6751 = CARTESIAN_POINT('',(-0.5335,1.96425,11.299));
#6752 = VECTOR('',#6753,1.);
#6753 = DIRECTION('',(-1.460154333648E-03,5.376022773886E-03,
    -0.999984483044));
#6754 = PCURVE('',#3935,#6755);
#6755 = DEFINITIONAL_REPRESENTATION('',(#6756),#6759);
#6756 = B_SPLINE_CURVE_WITH_KNOTS('',1,(#6757,#6758),.UNSPECIFIED.,.F.,
  .F.,(2,2),(0.,11.300175344325),.PIECEWISE_BEZIER_KNOTS.);
#6757 = CARTESIAN_POINT('',(5.657609813693,-0.5335));
#6758 = CARTESIAN_POINT('',(-5.642553484353,-0.55));
#6759 = ( GEOMETRIC_REPRESENTATION_CONTEXT(2) 
PARAMETRIC_REPRESENTATION_CONTEXT() REPRESENTATION_CONTEXT('2D SPACE',''
  ) );
#6760 = PCURVE('',#3961,#6761);
#6761 = DEFINITIONAL_REPRESENTATION('',(#6762),#6766);
#6762 = LINE('',#6763,#6764);
#6763 = CARTESIAN_POINT('',(-5.672455386639,-1.96425));
#6764 = VECTOR('',#6765,1.);
#6765 = DIRECTION('',(0.999985549085,-5.376022773886E-03));
#6766 = ( GEOMETRIC_REPRESENTATION_CONTEXT(2) 
PARAMETRIC_REPRESENTATION_CONTEXT() REPRESENTATION_CONTEXT('2D SPACE',''
  ) );
#6767 = ORIENTED_EDGE('',*,*,#3920,.T.);
#6768 = ORIENTED_EDGE('',*,*,#6715,.F.);
#6769 = ORIENTED_EDGE('',*,*,#6770,.F.);
#6770 = EDGE_CURVE('',#6771,#6672,#6773,.T.);
#6771 = VERTEX_POINT('',#6772);
#6772 = CARTESIAN_POINT('',(-0.541445182752,2.023417656473,
    0.293328919474));
#6773 = SURFACE_CURVE('',#6774,(#6778,#6784),.PCURVE_S1.);
#6774 = LINE('',#6775,#6776);
#6775 = CARTESIAN_POINT('',(-8.965214233704E-18,2.023417656473,
    0.293328919474));
#6776 = VECTOR('',#6777,1.);
#6777 = DIRECTION('',(1.,0.,0.));
#6778 = PCURVE('',#3935,#6779);
#6779 = DEFINITIONAL_REPRESENTATION('',(#6780),#6783);
#6780 = B_SPLINE_CURVE_WITH_KNOTS('',1,(#6781,#6782),.UNSPECIFIED.,.F.,
  .F.,(2,2),(-0.549998539823,-0.185231033776),.PIECEWISE_BEZIER_KNOTS.);
#6781 = CARTESIAN_POINT('',(-5.348220311487,-0.549998539823));
#6782 = CARTESIAN_POINT('',(-5.348220311487,-0.185231033776));
#6783 = ( GEOMETRIC_REPRESENTATION_CONTEXT(2) 
PARAMETRIC_REPRESENTATION_CONTEXT() REPRESENTATION_CONTEXT('2D SPACE',''
  ) );
#6784 = PCURVE('',#6628,#6785);
#6785 = DEFINITIONAL_REPRESENTATION('',(#6786),#6789);
#6786 = B_SPLINE_CURVE_WITH_KNOTS('',1,(#6787,#6788),.UNSPECIFIED.,.F.,
  .F.,(2,2),(-0.549998539823,-0.185231033776),.PIECEWISE_BEZIER_KNOTS.);
#6787 = CARTESIAN_POINT('',(-0.241860079441,0.549998539823));
#6788 = CARTESIAN_POINT('',(-0.241860079441,0.185231033776));
#6789 = ( GEOMETRIC_REPRESENTATION_CONTEXT(2) 
PARAMETRIC_REPRESENTATION_CONTEXT() REPRESENTATION_CONTEXT('2D SPACE',''
  ) );
#6790 = ORIENTED_EDGE('',*,*,#6791,.F.);
#6791 = EDGE_CURVE('',#6747,#6771,#6792,.T.);
#6792 = SURFACE_CURVE('',#6793,(#6797,#6803),.PCURVE_S1.);
#6793 = LINE('',#6794,#6795);
#6794 = CARTESIAN_POINT('',(0.857974010472,2.016241097306,1.628227990911
    ));
#6795 = VECTOR('',#6796,1.);
#6796 = DIRECTION('',(0.723585571605,-3.710721342345E-03,0.690224710593)
  );
#6797 = PCURVE('',#3935,#6798);
#6798 = DEFINITIONAL_REPRESENTATION('',(#6799),#6802);
#6799 = B_SPLINE_CURVE_WITH_KNOTS('',1,(#6800,#6801),.UNSPECIFIED.,.F.,
  .F.,(2,2),(-1.945827287811,-1.925790210799),.PIECEWISE_BEZIER_KNOTS.);
#6800 = CARTESIAN_POINT('',(-5.356379434549,-0.549998539823));
#6801 = CARTESIAN_POINT('',(-5.342549149007,-0.5355));
#6802 = ( GEOMETRIC_REPRESENTATION_CONTEXT(2) 
PARAMETRIC_REPRESENTATION_CONTEXT() REPRESENTATION_CONTEXT('2D SPACE',''
  ) );
#6803 = PCURVE('',#6804,#6809);
#6804 = PLANE('',#6805);
#6805 = AXIS2_PLACEMENT_3D('',#6806,#6807,#6808);
#6806 = CARTESIAN_POINT('',(-0.702665480206,-2.277398851267E-17,
    0.1395416723));
#6807 = DIRECTION('',(-0.69022946265,0.,0.723590553345));
#6808 = DIRECTION('',(0.723590553345,0.,0.69022946265));
#6809 = DEFINITIONAL_REPRESENTATION('',(#6810),#6813);
#6810 = B_SPLINE_CURVE_WITH_KNOTS('',1,(#6811,#6812),.UNSPECIFIED.,.F.,
  .F.,(2,2),(-1.945827287811,-1.925790210799),.PIECEWISE_BEZIER_KNOTS.);
#6811 = CARTESIAN_POINT('',(0.210985259104,2.023461520151));
#6812 = CARTESIAN_POINT('',(0.231022198166,2.023387168142));
#6813 = ( GEOMETRIC_REPRESENTATION_CONTEXT(2) 
PARAMETRIC_REPRESENTATION_CONTEXT() REPRESENTATION_CONTEXT('2D SPACE',''
  ) );
#6814 = ADVANCED_FACE('',(#6815),#3961,.F.);
#6815 = FACE_BOUND('',#6816,.F.);
#6816 = EDGE_LOOP('',(#6817,#6818,#6839,#6866));
#6817 = ORIENTED_EDGE('',*,*,#6746,.T.);
#6818 = ORIENTED_EDGE('',*,*,#6819,.F.);
#6819 = EDGE_CURVE('',#6820,#6747,#6822,.T.);
#6820 = VERTEX_POINT('',#6821);
#6821 = CARTESIAN_POINT('',(-0.549581560484,1.700746756775,
    0.285567668855));
#6822 = SURFACE_CURVE('',#6823,(#6827,#6833),.PCURVE_S1.);
#6823 = LINE('',#6824,#6825);
#6824 = CARTESIAN_POINT('',(-0.549581560484,1.765851921778E-17,
    0.285567668855));
#6825 = VECTOR('',#6826,1.);
#6826 = DIRECTION('',(-0.,1.,-0.));
#6827 = PCURVE('',#3961,#6828);
#6828 = DEFINITIONAL_REPRESENTATION('',(#6829),#6832);
#6829 = B_SPLINE_CURVE_WITH_KNOTS('',1,(#6830,#6831),.UNSPECIFIED.,.F.,
  .F.,(2,2),(1.675469685931,2.024994623894),.PIECEWISE_BEZIER_KNOTS.);
#6830 = CARTESIAN_POINT('',(5.340988685462,-1.675469685931));
#6831 = CARTESIAN_POINT('',(5.340988685462,-2.024994623894));
#6832 = ( GEOMETRIC_REPRESENTATION_CONTEXT(2) 
PARAMETRIC_REPRESENTATION_CONTEXT() REPRESENTATION_CONTEXT('2D SPACE',''
  ) );
#6833 = PCURVE('',#6804,#6834);
#6834 = DEFINITIONAL_REPRESENTATION('',(#6835),#6838);
#6835 = B_SPLINE_CURVE_WITH_KNOTS('',1,(#6836,#6837),.UNSPECIFIED.,.F.,
  .F.,(2,2),(1.675469685931,2.024994623894),.PIECEWISE_BEZIER_KNOTS.);
#6836 = CARTESIAN_POINT('',(0.211561523316,1.675469685931));
#6837 = CARTESIAN_POINT('',(0.211561523316,2.024994623894));
#6838 = ( GEOMETRIC_REPRESENTATION_CONTEXT(2) 
PARAMETRIC_REPRESENTATION_CONTEXT() REPRESENTATION_CONTEXT('2D SPACE',''
  ) );
#6839 = ORIENTED_EDGE('',*,*,#6840,.T.);
#6840 = EDGE_CURVE('',#6820,#3947,#6841,.T.);
#6841 = SURFACE_CURVE('',#6842,(#6848,#6857),.PCURVE_S1.);
#6842 = B_SPLINE_CURVE_WITH_KNOTS('',4,(#6843,#6844,#6845,#6846,#6847),
  .UNSPECIFIED.,.F.,.F.,(5,5),(0.,1.),.PIECEWISE_BEZIER_KNOTS.);
#6843 = CARTESIAN_POINT('',(-0.55,1.70204166858,-1.000000000003E-03));
#6844 = CARTESIAN_POINT('',(-0.545875,1.689276356065,2.824));
#6845 = CARTESIAN_POINT('',(-0.54175,1.676511043551,5.649));
#6846 = CARTESIAN_POINT('',(-0.537625,1.663745731037,8.474));
#6847 = CARTESIAN_POINT('',(-0.5335,1.650980418522,11.299));
#6848 = PCURVE('',#3961,#6849);
#6849 = DEFINITIONAL_REPRESENTATION('',(#6850),#6856);
#6850 = B_SPLINE_CURVE_WITH_KNOTS('',4,(#6851,#6852,#6853,#6854,#6855),
  .UNSPECIFIED.,.F.,.F.,(5,5),(0.,1.),.PIECEWISE_BEZIER_KNOTS.);
#6851 = CARTESIAN_POINT('',(5.627556659815,-1.70204166858));
#6852 = CARTESIAN_POINT('',(2.802553648202,-1.689276356065));
#6853 = CARTESIAN_POINT('',(-2.244936341165E-02,-1.676511043551));
#6854 = CARTESIAN_POINT('',(-2.847452375025,-1.663745731037));
#6855 = CARTESIAN_POINT('',(-5.672455386639,-1.650980418522));
#6856 = ( GEOMETRIC_REPRESENTATION_CONTEXT(2) 
PARAMETRIC_REPRESENTATION_CONTEXT() REPRESENTATION_CONTEXT('2D SPACE',''
  ) );
#6857 = PCURVE('',#4002,#6858);
#6858 = DEFINITIONAL_REPRESENTATION('',(#6859),#6865);
#6859 = B_SPLINE_CURVE_WITH_KNOTS('',4,(#6860,#6861,#6862,#6863,#6864),
  .UNSPECIFIED.,.F.,.F.,(5,5),(0.,1.),.PIECEWISE_BEZIER_KNOTS.);
#6860 = CARTESIAN_POINT('',(2.711892976347,0.));
#6861 = CARTESIAN_POINT('',(2.711892976347,0.25));
#6862 = CARTESIAN_POINT('',(2.711892976347,0.5));
#6863 = CARTESIAN_POINT('',(2.711892976347,0.75));
#6864 = CARTESIAN_POINT('',(2.711892976347,1.));
#6865 = ( GEOMETRIC_REPRESENTATION_CONTEXT(2) 
PARAMETRIC_REPRESENTATION_CONTEXT() REPRESENTATION_CONTEXT('2D SPACE',''
  ) );
#6866 = ORIENTED_EDGE('',*,*,#3946,.T.);
#6867 = ADVANCED_FACE('',(#6868),#4002,.F.);
#6868 = FACE_BOUND('',#6869,.F.);
#6869 = EDGE_LOOP('',(#6870,#6871,#6915,#6942));
#6870 = ORIENTED_EDGE('',*,*,#6840,.F.);
#6871 = ORIENTED_EDGE('',*,*,#6872,.F.);
#6872 = EDGE_CURVE('',#6873,#6820,#6875,.T.);
#6873 = VERTEX_POINT('',#6874);
#6874 = CARTESIAN_POINT('',(-0.549581560484,1.197046925775,
    0.285567668855));
#6875 = SURFACE_CURVE('',#6876,(#6887,#6901),.PCURVE_S1.);
#6876 = B_SPLINE_CURVE_WITH_KNOTS('',5,(#6877,#6878,#6879,#6880,#6881,
    #6882,#6883,#6884,#6885,#6886),.UNSPECIFIED.,.F.,.F.,(6,4,6),(0.,
    0.503705462125,1.),.UNSPECIFIED.);
#6877 = CARTESIAN_POINT('',(-0.549581409163,1.197046595567,
    0.285567813199));
#6878 = CARTESIAN_POINT('',(-0.571110802993,1.244027393392,
    0.265031030531));
#6879 = CARTESIAN_POINT('',(-0.587841678379,1.293755482966,
    0.249071530958));
#6880 = CARTESIAN_POINT('',(-0.599195050174,1.345492247144,
    0.238241605557));
#6881 = CARTESIAN_POINT('',(-0.604786010088,1.398264374091,0.23290841645
    ));
#6882 = CARTESIAN_POINT('',(-0.604458591731,1.502934609245,
    0.233220739208));
#6883 = CARTESIAN_POINT('',(-0.598708287789,1.554855655135,
    0.238705925797));
#6884 = CARTESIAN_POINT('',(-0.587369424837,1.605713929482,
    0.249522011285));
#6885 = CARTESIAN_POINT('',(-0.57080926955,1.654580185834,0.265318661797
    ));
#6886 = CARTESIAN_POINT('',(-0.549581409163,1.700747085871,
    0.285567813199));
#6887 = PCURVE('',#4002,#6888);
#6888 = DEFINITIONAL_REPRESENTATION('',(#6889),#6900);
#6889 = B_SPLINE_CURVE_WITH_KNOTS('',5,(#6890,#6891,#6892,#6893,#6894,
    #6895,#6896,#6897,#6898,#6899),.UNSPECIFIED.,.F.,.F.,(6,4,6),(0.,
    0.503705462125,1.),.UNSPECIFIED.);
#6890 = CARTESIAN_POINT('',(3.571292930833,2.535998346896E-02));
#6891 = CARTESIAN_POINT('',(3.485927084141,2.354256907354E-02));
#6892 = CARTESIAN_POINT('',(3.39972059839,2.213022397862E-02));
#6893 = CARTESIAN_POINT('',(3.312886663759,2.117182350063E-02));
#6894 = CARTESIAN_POINT('',(3.225670416697,2.069985986287E-02));
#6895 = CARTESIAN_POINT('',(3.052551350182,2.072749904491E-02));
#6896 = CARTESIAN_POINT('',(2.966614948816,2.121291378737E-02));
#6897 = CARTESIAN_POINT('',(2.881039491323,2.217008949422E-02));
#6898 = CARTESIAN_POINT('',(2.796062617723,2.356802316784E-02));
#6899 = CARTESIAN_POINT('',(2.711892376347,2.535998346896E-02));
#6900 = ( GEOMETRIC_REPRESENTATION_CONTEXT(2) 
PARAMETRIC_REPRESENTATION_CONTEXT() REPRESENTATION_CONTEXT('2D SPACE',''
  ) );
#6901 = PCURVE('',#6804,#6902);
#6902 = DEFINITIONAL_REPRESENTATION('',(#6903),#6914);
#6903 = B_SPLINE_CURVE_WITH_KNOTS('',5,(#6904,#6905,#6906,#6907,#6908,
    #6909,#6910,#6911,#6912,#6913),.UNSPECIFIED.,.F.,.F.,(6,4,6),(0.,
    0.503705462125,1.),.UNSPECIFIED.);
#6904 = CARTESIAN_POINT('',(0.21156173244,1.197046595567));
#6905 = CARTESIAN_POINT('',(0.18180817398,1.244027393392));
#6906 = CARTESIAN_POINT('',(0.158686153788,1.293755482966));
#6907 = CARTESIAN_POINT('',(0.142995827617,1.345492247144));
#6908 = CARTESIAN_POINT('',(0.135269137588,1.398264374091));
#6909 = CARTESIAN_POINT('',(0.135721628787,1.502934609245));
#6910 = CARTESIAN_POINT('',(0.143668531791,1.554855655135));
#6911 = CARTESIAN_POINT('',(0.159338806783,1.605713929482));
#6912 = CARTESIAN_POINT('',(0.182224892305,1.654580185834));
#6913 = CARTESIAN_POINT('',(0.21156173244,1.700747085871));
#6914 = ( GEOMETRIC_REPRESENTATION_CONTEXT(2) 
PARAMETRIC_REPRESENTATION_CONTEXT() REPRESENTATION_CONTEXT('2D SPACE',''
  ) );
#6915 = ORIENTED_EDGE('',*,*,#6916,.T.);
#6916 = EDGE_CURVE('',#6873,#3973,#6917,.T.);
#6917 = SURFACE_CURVE('',#6918,(#6924,#6933),.PCURVE_S1.);
#6918 = B_SPLINE_CURVE_WITH_KNOTS('',4,(#6919,#6920,#6921,#6922,#6923),
  .UNSPECIFIED.,.F.,.F.,(5,5),(0.,1.),.PIECEWISE_BEZIER_KNOTS.);
#6919 = CARTESIAN_POINT('',(-0.55,1.19795833142,-1.000000000003E-03));
#6920 = CARTESIAN_POINT('',(-0.545875,1.188973643935,2.824));
#6921 = CARTESIAN_POINT('',(-0.54175,1.179988956449,5.649));
#6922 = CARTESIAN_POINT('',(-0.537625,1.171004268963,8.474));
#6923 = CARTESIAN_POINT('',(-0.5335,1.162019581478,11.299));
#6924 = PCURVE('',#4002,#6925);
#6925 = DEFINITIONAL_REPRESENTATION('',(#6926),#6932);
#6926 = B_SPLINE_CURVE_WITH_KNOTS('',4,(#6927,#6928,#6929,#6930,#6931),
  .UNSPECIFIED.,.F.,.F.,(5,5),(0.,1.),.PIECEWISE_BEZIER_KNOTS.);
#6927 = CARTESIAN_POINT('',(3.571292330833,0.));
#6928 = CARTESIAN_POINT('',(3.571292330833,0.25));
#6929 = CARTESIAN_POINT('',(3.571292330833,0.5));
#6930 = CARTESIAN_POINT('',(3.571292330833,0.75));
#6931 = CARTESIAN_POINT('',(3.571292330833,1.));
#6932 = ( GEOMETRIC_REPRESENTATION_CONTEXT(2) 
PARAMETRIC_REPRESENTATION_CONTEXT() REPRESENTATION_CONTEXT('2D SPACE',''
  ) );
#6933 = PCURVE('',#4060,#6934);
#6934 = DEFINITIONAL_REPRESENTATION('',(#6935),#6941);
#6935 = B_SPLINE_CURVE_WITH_KNOTS('',4,(#6936,#6937,#6938,#6939,#6940),
  .UNSPECIFIED.,.F.,.F.,(5,5),(0.,1.),.PIECEWISE_BEZIER_KNOTS.);
#6936 = CARTESIAN_POINT('',(5.627556659815,-1.19795833142));
#6937 = CARTESIAN_POINT('',(2.802553648202,-1.188973643935));
#6938 = CARTESIAN_POINT('',(-2.244936341165E-02,-1.179988956449));
#6939 = CARTESIAN_POINT('',(-2.847452375025,-1.171004268963));
#6940 = CARTESIAN_POINT('',(-5.672455386639,-1.162019581478));
#6941 = ( GEOMETRIC_REPRESENTATION_CONTEXT(2) 
PARAMETRIC_REPRESENTATION_CONTEXT() REPRESENTATION_CONTEXT('2D SPACE',''
  ) );
#6942 = ORIENTED_EDGE('',*,*,#3972,.T.);
#6943 = ADVANCED_FACE('',(#6944),#4060,.F.);
#6944 = FACE_BOUND('',#6945,.F.);
#6945 = EDGE_LOOP('',(#6946,#6947,#6968,#6987));
#6946 = ORIENTED_EDGE('',*,*,#6916,.F.);
#6947 = ORIENTED_EDGE('',*,*,#6948,.F.);
#6948 = EDGE_CURVE('',#6949,#6873,#6951,.T.);
#6949 = VERTEX_POINT('',#6950);
#6950 = CARTESIAN_POINT('',(-0.549581560484,0.849353320747,
    0.285567668855));
#6951 = SURFACE_CURVE('',#6952,(#6956,#6962),.PCURVE_S1.);
#6952 = LINE('',#6953,#6954);
#6953 = CARTESIAN_POINT('',(-0.549581560484,1.765851921778E-17,
    0.285567668855));
#6954 = VECTOR('',#6955,1.);
#6955 = DIRECTION('',(-0.,1.,-0.));
#6956 = PCURVE('',#4060,#6957);
#6957 = DEFINITIONAL_REPRESENTATION('',(#6958),#6961);
#6958 = B_SPLINE_CURVE_WITH_KNOTS('',1,(#6959,#6960),.UNSPECIFIED.,.F.,
  .F.,(2,2),(0.836497483176,1.197958336778),.PIECEWISE_BEZIER_KNOTS.);
#6959 = CARTESIAN_POINT('',(5.340988685462,-0.836497483176));
#6960 = CARTESIAN_POINT('',(5.340988685462,-1.197958336778));
#6961 = ( GEOMETRIC_REPRESENTATION_CONTEXT(2) 
PARAMETRIC_REPRESENTATION_CONTEXT() REPRESENTATION_CONTEXT('2D SPACE',''
  ) );
#6962 = PCURVE('',#6804,#6963);
#6963 = DEFINITIONAL_REPRESENTATION('',(#6964),#6967);
#6964 = B_SPLINE_CURVE_WITH_KNOTS('',1,(#6965,#6966),.UNSPECIFIED.,.F.,
  .F.,(2,2),(0.836497483176,1.197958336778),.PIECEWISE_BEZIER_KNOTS.);
#6965 = CARTESIAN_POINT('',(0.211561523316,0.836497483176));
#6966 = CARTESIAN_POINT('',(0.211561523316,1.197958336778));
#6967 = ( GEOMETRIC_REPRESENTATION_CONTEXT(2) 
PARAMETRIC_REPRESENTATION_CONTEXT() REPRESENTATION_CONTEXT('2D SPACE',''
  ) );
#6968 = ORIENTED_EDGE('',*,*,#6969,.T.);
#6969 = EDGE_CURVE('',#6949,#4046,#6970,.T.);
#6970 = SURFACE_CURVE('',#6971,(#6974,#6980),.PCURVE_S1.);
#6971 = B_SPLINE_CURVE_WITH_KNOTS('',1,(#6972,#6973),.UNSPECIFIED.,.F.,
  .F.,(2,2),(0.,1.),.PIECEWISE_BEZIER_KNOTS.);
#6972 = CARTESIAN_POINT('',(-0.55,0.85,-1.E-03));
#6973 = CARTESIAN_POINT('',(-0.5335,0.8245,11.299));
#6974 = PCURVE('',#4060,#6975);
#6975 = DEFINITIONAL_REPRESENTATION('',(#6976),#6979);
#6976 = B_SPLINE_CURVE_WITH_KNOTS('',1,(#6977,#6978),.UNSPECIFIED.,.F.,
  .F.,(2,2),(0.,1.),.PIECEWISE_BEZIER_KNOTS.);
#6977 = CARTESIAN_POINT('',(5.627556659815,-0.85));
#6978 = CARTESIAN_POINT('',(-5.672455386639,-0.8245));
#6979 = ( GEOMETRIC_REPRESENTATION_CONTEXT(2) 
PARAMETRIC_REPRESENTATION_CONTEXT() REPRESENTATION_CONTEXT('2D SPACE',''
  ) );
#6980 = PCURVE('',#4105,#6981);
#6981 = DEFINITIONAL_REPRESENTATION('',(#6982),#6986);
#6982 = LINE('',#6983,#6984);
#6983 = CARTESIAN_POINT('',(1.570796326795,0.));
#6984 = VECTOR('',#6985,1.);
#6985 = DIRECTION('',(0.,1.));
#6986 = ( GEOMETRIC_REPRESENTATION_CONTEXT(2) 
PARAMETRIC_REPRESENTATION_CONTEXT() REPRESENTATION_CONTEXT('2D SPACE',''
  ) );
#6987 = ORIENTED_EDGE('',*,*,#4045,.T.);
#6988 = ADVANCED_FACE('',(#6989),#4105,.F.);
#6989 = FACE_BOUND('',#6990,.F.);
#6990 = EDGE_LOOP('',(#6991,#7041,#7096,#7115,#7116));
#6991 = ORIENTED_EDGE('',*,*,#6992,.F.);
#6992 = EDGE_CURVE('',#6993,#6949,#6995,.T.);
#6993 = VERTEX_POINT('',#6994);
#6994 = CARTESIAN_POINT('',(-0.637524745612,0.637524745612,
    0.201679097985));
#6995 = SURFACE_CURVE('',#6996,(#7009,#7025),.PCURVE_S1.);
#6996 = B_SPLINE_CURVE_WITH_KNOTS('',6,(#6997,#6998,#6999,#7000,#7001,
    #7002,#7003,#7004,#7005,#7006,#7007,#7008),.UNSPECIFIED.,.F.,.F.,(7,
    5,7),(0.,0.579006511697,1.),.UNSPECIFIED.);
#6997 = CARTESIAN_POINT('',(-0.848958774367,0.550000348918,
    -6.780000003981E-06));
#6998 = CARTESIAN_POINT('',(-0.804314175024,0.550092454076,
    4.257948328354E-02));
#6999 = CARTESIAN_POINT('',(-0.759709167963,0.558123456022,
    8.51279796858E-02));
#7000 = CARTESIAN_POINT('',(-0.7167753067,0.574082758803,0.126082378347)
  );
#7001 = CARTESIAN_POINT('',(-0.677168299469,0.597615396424,
    0.163863307343));
#7002 = CARTESIAN_POINT('',(-0.64255175688,0.627901591729,0.196883856712
    ));
#7003 = CARTESIAN_POINT('',(-0.593706695041,0.689523955721,
    0.243476920469));
#7004 = CARTESIAN_POINT('',(-0.576490785355,0.718320094152,
    0.259899091872));
#7005 = CARTESIAN_POINT('',(-0.563150755376,0.749433724291,
    0.272624080723));
#7006 = CARTESIAN_POINT('',(-0.554103552259,0.782183829348,
    0.281254163187));
#7007 = CARTESIAN_POINT('',(-0.549581560484,0.815766744459,
    0.285567668855));
#7008 = CARTESIAN_POINT('',(-0.549581560484,0.849353320747,
    0.285567668855));
#7009 = PCURVE('',#4105,#7010);
#7010 = DEFINITIONAL_REPRESENTATION('',(#7011),#7024);
#7011 = B_SPLINE_CURVE_WITH_KNOTS('',6,(#7012,#7013,#7014,#7015,#7016,
    #7017,#7018,#7019,#7020,#7021,#7022,#7023),.UNSPECIFIED.,.F.,.F.,(7,
    5,7),(0.,0.579006511697,1.),.UNSPECIFIED.);
#7012 = CARTESIAN_POINT('',(3.138129356439,8.7895575221E-05));
#7013 = CARTESIAN_POINT('',(2.989632681628,3.856591441022E-03));
#7014 = CARTESIAN_POINT('',(2.841136463573,7.621945104939E-03));
#7015 = CARTESIAN_POINT('',(2.692167964731,1.124622817229E-02));
#7016 = CARTESIAN_POINT('',(2.542376193628,1.45896732162E-02));
#7017 = CARTESIAN_POINT('',(2.391521094171,1.751184572676E-02));
#7018 = CARTESIAN_POINT('',(2.129196941921,2.163512570525E-02));
#7019 = CARTESIAN_POINT('',(2.018206670563,2.308841520988E-02));
#7020 = CARTESIAN_POINT('',(1.906738692023,2.421452041795E-02));
#7021 = CARTESIAN_POINT('',(1.794897744404,2.497824452982E-02));
#7022 = CARTESIAN_POINT('',(1.682836821398,2.535997069514E-02));
#7023 = CARTESIAN_POINT('',(1.570796326795,2.535997069515E-02));
#7024 = ( GEOMETRIC_REPRESENTATION_CONTEXT(2) 
PARAMETRIC_REPRESENTATION_CONTEXT() REPRESENTATION_CONTEXT('2D SPACE',''
  ) );
#7025 = PCURVE('',#6804,#7026);
#7026 = DEFINITIONAL_REPRESENTATION('',(#7027),#7040);
#7027 = B_SPLINE_CURVE_WITH_KNOTS('',6,(#7028,#7029,#7030,#7031,#7032,
    #7033,#7034,#7035,#7036,#7037,#7038,#7039),.UNSPECIFIED.,.F.,.F.,(7,
    5,7),(0.,0.579006511697,1.),.UNSPECIFIED.);
#7028 = CARTESIAN_POINT('',(-0.202176898917,0.550000348918));
#7029 = CARTESIAN_POINT('',(-0.140478194952,0.550092454076));
#7030 = CARTESIAN_POINT('',(-7.883420740244E-02,0.558123456022));
#7031 = CARTESIAN_POINT('',(-1.949973839296E-02,0.574082758803));
#7032 = CARTESIAN_POINT('',(3.523702820519E-02,0.597615396424));
#7033 = CARTESIAN_POINT('',(8.307698745944E-02,0.627901591729));
#7034 = CARTESIAN_POINT('',(0.150580718144,0.689523955721));
#7035 = CARTESIAN_POINT('',(0.174373054303,0.718320094152));
#7036 = CARTESIAN_POINT('',(0.192808936194,0.749433724291));
#7037 = CARTESIAN_POINT('',(0.205312144085,0.782183829348));
#7038 = CARTESIAN_POINT('',(0.211561523316,0.815766744459));
#7039 = CARTESIAN_POINT('',(0.211561523316,0.849353320747));
#7040 = ( GEOMETRIC_REPRESENTATION_CONTEXT(2) 
PARAMETRIC_REPRESENTATION_CONTEXT() REPRESENTATION_CONTEXT('2D SPACE',''
  ) );
#7041 = ORIENTED_EDGE('',*,*,#7042,.T.);
#7042 = EDGE_CURVE('',#6993,#7043,#7045,.T.);
#7043 = VERTEX_POINT('',#7044);
#7044 = CARTESIAN_POINT('',(-0.849353320747,0.549581560484,
    0.285567668855));
#7045 = SURFACE_CURVE('',#7046,(#7059,#7075),.PCURVE_S1.);
#7046 = B_SPLINE_CURVE_WITH_KNOTS('',6,(#7047,#7048,#7049,#7050,#7051,
    #7052,#7053,#7054,#7055,#7056,#7057,#7058),.UNSPECIFIED.,.F.,.F.,(7,
    5,7),(0.,0.579006511697,1.),.UNSPECIFIED.);
#7047 = CARTESIAN_POINT('',(-0.550000348918,0.848958774367,
    -6.780000000678E-06));
#7048 = CARTESIAN_POINT('',(-0.550092454076,0.804314175024,
    4.257948328355E-02));
#7049 = CARTESIAN_POINT('',(-0.558123456022,0.759709167963,
    8.512797968579E-02));
#7050 = CARTESIAN_POINT('',(-0.574082758803,0.7167753067,0.126082378347)
  );
#7051 = CARTESIAN_POINT('',(-0.597615396424,0.677168299469,
    0.163863307343));
#7052 = CARTESIAN_POINT('',(-0.627901591729,0.64255175688,0.196883856712
    ));
#7053 = CARTESIAN_POINT('',(-0.689523955721,0.593706695041,
    0.243476920469));
#7054 = CARTESIAN_POINT('',(-0.718320094152,0.576490785355,
    0.259899091872));
#7055 = CARTESIAN_POINT('',(-0.749433724291,0.563150755376,
    0.272624080723));
#7056 = CARTESIAN_POINT('',(-0.782183829348,0.554103552259,
    0.281254163187));
#7057 = CARTESIAN_POINT('',(-0.815766744459,0.549581560484,
    0.285567668855));
#7058 = CARTESIAN_POINT('',(-0.849353320747,0.549581560484,
    0.285567668855));
#7059 = PCURVE('',#4105,#7060);
#7060 = DEFINITIONAL_REPRESENTATION('',(#7061),#7074);
#7061 = B_SPLINE_CURVE_WITH_KNOTS('',6,(#7062,#7063,#7064,#7065,#7066,
    #7067,#7068,#7069,#7070,#7071,#7072,#7073),.UNSPECIFIED.,.F.,.F.,(7,
    5,7),(0.,0.579006511697,1.),.UNSPECIFIED.);
#7062 = CARTESIAN_POINT('',(1.574259623946,8.789557522128E-05));
#7063 = CARTESIAN_POINT('',(1.722756298757,3.856591441023E-03));
#7064 = CARTESIAN_POINT('',(1.871252516812,7.621945104937E-03));
#7065 = CARTESIAN_POINT('',(2.020221015654,1.124622817229E-02));
#7066 = CARTESIAN_POINT('',(2.170012786756,1.45896732162E-02));
#7067 = CARTESIAN_POINT('',(2.320867886214,1.751184572676E-02));
#7068 = CARTESIAN_POINT('',(2.583192038464,2.163512570525E-02));
#7069 = CARTESIAN_POINT('',(2.694182309822,2.308841520988E-02));
#7070 = CARTESIAN_POINT('',(2.805650288362,2.421452041795E-02));
#7071 = CARTESIAN_POINT('',(2.91749123598,2.497824452982E-02));
#7072 = CARTESIAN_POINT('',(3.029552158987,2.535997069515E-02));
#7073 = CARTESIAN_POINT('',(3.14159265359,2.535997069515E-02));
#7074 = ( GEOMETRIC_REPRESENTATION_CONTEXT(2) 
PARAMETRIC_REPRESENTATION_CONTEXT() REPRESENTATION_CONTEXT('2D SPACE',''
  ) );
#7075 = PCURVE('',#7076,#7081);
#7076 = PLANE('',#7077);
#7077 = AXIS2_PLACEMENT_3D('',#7078,#7079,#7080);
#7078 = CARTESIAN_POINT('',(2.277398851267E-17,0.702665480206,
    0.1395416723));
#7079 = DIRECTION('',(0.,0.69022946265,0.723590553345));
#7080 = DIRECTION('',(0.,0.723590553345,-0.69022946265));
#7081 = DEFINITIONAL_REPRESENTATION('',(#7082),#7095);
#7082 = B_SPLINE_CURVE_WITH_KNOTS('',6,(#7083,#7084,#7085,#7086,#7087,
    #7088,#7089,#7090,#7091,#7092,#7093,#7094),.UNSPECIFIED.,.F.,.F.,(7,
    5,7),(0.,0.579006511697,1.),.UNSPECIFIED.);
#7083 = CARTESIAN_POINT('',(0.202176898917,0.550000348918));
#7084 = CARTESIAN_POINT('',(0.140478194952,0.550092454076));
#7085 = CARTESIAN_POINT('',(7.883420740246E-02,0.558123456022));
#7086 = CARTESIAN_POINT('',(1.949973839292E-02,0.574082758803));
#7087 = CARTESIAN_POINT('',(-3.523702820517E-02,0.597615396424));
#7088 = CARTESIAN_POINT('',(-8.307698745946E-02,0.627901591729));
#7089 = CARTESIAN_POINT('',(-0.150580718144,0.689523955721));
#7090 = CARTESIAN_POINT('',(-0.174373054303,0.718320094152));
#7091 = CARTESIAN_POINT('',(-0.192808936194,0.749433724291));
#7092 = CARTESIAN_POINT('',(-0.205312144085,0.782183829348));
#7093 = CARTESIAN_POINT('',(-0.211561523316,0.815766744459));
#7094 = CARTESIAN_POINT('',(-0.211561523316,0.849353320747));
#7095 = ( GEOMETRIC_REPRESENTATION_CONTEXT(2) 
PARAMETRIC_REPRESENTATION_CONTEXT() REPRESENTATION_CONTEXT('2D SPACE',''
  ) );
#7096 = ORIENTED_EDGE('',*,*,#7097,.T.);
#7097 = EDGE_CURVE('',#7043,#4072,#7098,.T.);
#7098 = SURFACE_CURVE('',#7099,(#7102,#7109),.PCURVE_S1.);
#7099 = B_SPLINE_CURVE_WITH_KNOTS('',1,(#7100,#7101),.UNSPECIFIED.,.F.,
  .F.,(2,2),(0.,1.),.PIECEWISE_BEZIER_KNOTS.);
#7100 = CARTESIAN_POINT('',(-0.85,0.55,-1.E-03));
#7101 = CARTESIAN_POINT('',(-0.8245,0.5335,11.299));
#7102 = PCURVE('',#4105,#7103);
#7103 = DEFINITIONAL_REPRESENTATION('',(#7104),#7108);
#7104 = LINE('',#7105,#7106);
#7105 = CARTESIAN_POINT('',(3.14159265359,0.));
#7106 = VECTOR('',#7107,1.);
#7107 = DIRECTION('',(0.,1.));
#7108 = ( GEOMETRIC_REPRESENTATION_CONTEXT(2) 
PARAMETRIC_REPRESENTATION_CONTEXT() REPRESENTATION_CONTEXT('2D SPACE',''
  ) );
#7109 = PCURVE('',#4153,#7110);
#7110 = DEFINITIONAL_REPRESENTATION('',(#7111),#7114);
#7111 = B_SPLINE_CURVE_WITH_KNOTS('',1,(#7112,#7113),.UNSPECIFIED.,.F.,
  .F.,(2,2),(0.,1.),.PIECEWISE_BEZIER_KNOTS.);
#7112 = CARTESIAN_POINT('',(-5.627556659815,-0.85));
#7113 = CARTESIAN_POINT('',(5.672455386639,-0.8245));
#7114 = ( GEOMETRIC_REPRESENTATION_CONTEXT(2) 
PARAMETRIC_REPRESENTATION_CONTEXT() REPRESENTATION_CONTEXT('2D SPACE',''
  ) );
#7115 = ORIENTED_EDGE('',*,*,#4071,.T.);
#7116 = ORIENTED_EDGE('',*,*,#6969,.F.);
#7117 = ADVANCED_FACE('',(#7118),#4153,.F.);
#7118 = FACE_BOUND('',#7119,.F.);
#7119 = EDGE_LOOP('',(#7120,#7121,#7142,#7169));
#7120 = ORIENTED_EDGE('',*,*,#7097,.F.);
#7121 = ORIENTED_EDGE('',*,*,#7122,.F.);
#7122 = EDGE_CURVE('',#7123,#7043,#7125,.T.);
#7123 = VERTEX_POINT('',#7124);
#7124 = CARTESIAN_POINT('',(-1.197046938869,0.549581560484,
    0.285567668855));
#7125 = SURFACE_CURVE('',#7126,(#7130,#7136),.PCURVE_S1.);
#7126 = LINE('',#7127,#7128);
#7127 = CARTESIAN_POINT('',(4.043250773045E-17,0.549581560484,
    0.285567668855));
#7128 = VECTOR('',#7129,1.);
#7129 = DIRECTION('',(1.,0.,0.));
#7130 = PCURVE('',#4153,#7131);
#7131 = DEFINITIONAL_REPRESENTATION('',(#7132),#7135);
#7132 = B_SPLINE_CURVE_WITH_KNOTS('',1,(#7133,#7134),.UNSPECIFIED.,.F.,
  .F.,(2,2),(-1.197958344524,-0.836415664898),.PIECEWISE_BEZIER_KNOTS.);
#7133 = CARTESIAN_POINT('',(-5.340988685462,-1.197958344524));
#7134 = CARTESIAN_POINT('',(-5.340988685462,-0.836415664898));
#7135 = ( GEOMETRIC_REPRESENTATION_CONTEXT(2) 
PARAMETRIC_REPRESENTATION_CONTEXT() REPRESENTATION_CONTEXT('2D SPACE',''
  ) );
#7136 = PCURVE('',#7076,#7137);
#7137 = DEFINITIONAL_REPRESENTATION('',(#7138),#7141);
#7138 = B_SPLINE_CURVE_WITH_KNOTS('',1,(#7139,#7140),.UNSPECIFIED.,.F.,
  .F.,(2,2),(-1.197958344524,-0.836415664898),.PIECEWISE_BEZIER_KNOTS.);
#7139 = CARTESIAN_POINT('',(-0.211561523316,1.197958344524));
#7140 = CARTESIAN_POINT('',(-0.211561523316,0.836415664898));
#7141 = ( GEOMETRIC_REPRESENTATION_CONTEXT(2) 
PARAMETRIC_REPRESENTATION_CONTEXT() REPRESENTATION_CONTEXT('2D SPACE',''
  ) );
#7142 = ORIENTED_EDGE('',*,*,#7143,.T.);
#7143 = EDGE_CURVE('',#7123,#4139,#7144,.T.);
#7144 = SURFACE_CURVE('',#7145,(#7151,#7160),.PCURVE_S1.);
#7145 = B_SPLINE_CURVE_WITH_KNOTS('',4,(#7146,#7147,#7148,#7149,#7150),
  .UNSPECIFIED.,.F.,.F.,(5,5),(0.,1.),.PIECEWISE_BEZIER_KNOTS.);
#7146 = CARTESIAN_POINT('',(-1.197958344524,0.55,-1.000000000002E-03));
#7147 = CARTESIAN_POINT('',(-1.18897365694,0.545875,2.824));
#7148 = CARTESIAN_POINT('',(-1.179988969356,0.54175,5.649));
#7149 = CARTESIAN_POINT('',(-1.171004281772,0.537625,8.474));
#7150 = CARTESIAN_POINT('',(-1.162019594188,0.5335,11.299));
#7151 = PCURVE('',#4153,#7152);
#7152 = DEFINITIONAL_REPRESENTATION('',(#7153),#7159);
#7153 = B_SPLINE_CURVE_WITH_KNOTS('',4,(#7154,#7155,#7156,#7157,#7158),
  .UNSPECIFIED.,.F.,.F.,(5,5),(0.,1.),.PIECEWISE_BEZIER_KNOTS.);
#7154 = CARTESIAN_POINT('',(-5.627556659815,-1.197958344524));
#7155 = CARTESIAN_POINT('',(-2.802553648202,-1.18897365694));
#7156 = CARTESIAN_POINT('',(2.244936341174E-02,-1.179988969356));
#7157 = CARTESIAN_POINT('',(2.847452375025,-1.171004281772));
#7158 = CARTESIAN_POINT('',(5.672455386639,-1.162019594188));
#7159 = ( GEOMETRIC_REPRESENTATION_CONTEXT(2) 
PARAMETRIC_REPRESENTATION_CONTEXT() REPRESENTATION_CONTEXT('2D SPACE',''
  ) );
#7160 = PCURVE('',#4194,#7161);
#7161 = DEFINITIONAL_REPRESENTATION('',(#7162),#7168);
#7162 = B_SPLINE_CURVE_WITH_KNOTS('',4,(#7163,#7164,#7165,#7166,#7167),
  .UNSPECIFIED.,.F.,.F.,(5,5),(0.,1.),.PIECEWISE_BEZIER_KNOTS.);
#7163 = CARTESIAN_POINT('',(1.141096657772,0.));
#7164 = CARTESIAN_POINT('',(1.141096657772,0.25));
#7165 = CARTESIAN_POINT('',(1.141096657772,0.5));
#7166 = CARTESIAN_POINT('',(1.141096657772,0.75));
#7167 = CARTESIAN_POINT('',(1.141096657772,1.));
#7168 = ( GEOMETRIC_REPRESENTATION_CONTEXT(2) 
PARAMETRIC_REPRESENTATION_CONTEXT() REPRESENTATION_CONTEXT('2D SPACE',''
  ) );
#7169 = ORIENTED_EDGE('',*,*,#4138,.T.);
#7170 = ADVANCED_FACE('',(#7171),#4194,.F.);
#7171 = FACE_BOUND('',#7172,.F.);
#7172 = EDGE_LOOP('',(#7173,#7174,#7218,#7245));
#7173 = ORIENTED_EDGE('',*,*,#7143,.F.);
#7174 = ORIENTED_EDGE('',*,*,#7175,.F.);
#7175 = EDGE_CURVE('',#7176,#7123,#7178,.T.);
#7176 = VERTEX_POINT('',#7177);
#7177 = CARTESIAN_POINT('',(-1.700746748815,0.549581560484,
    0.285567668855));
#7178 = SURFACE_CURVE('',#7179,(#7190,#7204),.PCURVE_S1.);
#7179 = B_SPLINE_CURVE_WITH_KNOTS('',5,(#7180,#7181,#7182,#7183,#7184,
    #7185,#7186,#7187,#7188,#7189),.UNSPECIFIED.,.F.,.F.,(6,4,6),(0.,
    0.495931569069,1.),.UNSPECIFIED.);
#7180 = CARTESIAN_POINT('',(-1.700747407008,0.549581257842,
    0.285567957544));
#7181 = CARTESIAN_POINT('',(-1.654614216533,0.570793652853,
    0.265333558487));
#7182 = CARTESIAN_POINT('',(-1.605785634028,0.587345143771,
    0.249545172874));
#7183 = CARTESIAN_POINT('',(-1.554967409836,0.598683388956,
    0.238729676671));
#7184 = CARTESIAN_POINT('',(-1.503086573454,0.604441755515,0.23323679919
    ));
#7185 = CARTESIAN_POINT('',(-1.398416420171,0.604802118221,
    0.232893050982));
#7186 = CARTESIAN_POINT('',(-1.345603982751,0.599219577414,
    0.238218209144));
#7187 = CARTESIAN_POINT('',(-1.293826963767,0.587865755536,
    0.249048563876));
#7188 = CARTESIAN_POINT('',(-1.244060975926,0.57112622263,0.265016321815
    ));
#7189 = CARTESIAN_POINT('',(-1.197046278453,0.549581257842,
    0.285567957544));
#7190 = PCURVE('',#4194,#7191);
#7191 = DEFINITIONAL_REPRESENTATION('',(#7192),#7203);
#7192 = B_SPLINE_CURVE_WITH_KNOTS('',5,(#7193,#7194,#7195,#7196,#7197,
    #7198,#7199,#7200,#7201,#7202),.UNSPECIFIED.,.F.,.F.,(6,4,6),(0.,
    0.495931569069,1.),.UNSPECIFIED.);
#7193 = CARTESIAN_POINT('',(2.000497195206,2.53599962428E-02));
#7194 = CARTESIAN_POINT('',(1.916388394332,2.356934145902E-02));
#7195 = CARTESIAN_POINT('',(1.831474190561,2.217213919237E-02));
#7196 = CARTESIAN_POINT('',(1.745962081364,2.121501563463E-02));
#7197 = CARTESIAN_POINT('',(1.660089172195,2.072892028234E-02));
#7198 = CARTESIAN_POINT('',(1.486969852381,2.069850008687E-02));
#7199 = CARTESIAN_POINT('',(1.399689839333,2.116975302157E-02));
#7200 = CARTESIAN_POINT('',(1.312792301721,2.212819149347E-02));
#7201 = CARTESIAN_POINT('',(1.226522923852,2.35412674173E-02));
#7202 = CARTESIAN_POINT('',(1.141095457772,2.53599962428E-02));
#7203 = ( GEOMETRIC_REPRESENTATION_CONTEXT(2) 
PARAMETRIC_REPRESENTATION_CONTEXT() REPRESENTATION_CONTEXT('2D SPACE',''
  ) );
#7204 = PCURVE('',#7076,#7205);
#7205 = DEFINITIONAL_REPRESENTATION('',(#7206),#7217);
#7206 = B_SPLINE_CURVE_WITH_KNOTS('',5,(#7207,#7208,#7209,#7210,#7211,
    #7212,#7213,#7214,#7215,#7216),.UNSPECIFIED.,.F.,.F.,(6,4,6),(0.,
    0.495931569069,1.),.UNSPECIFIED.);
#7207 = CARTESIAN_POINT('',(-0.211561941566,1.700747407008));
#7208 = CARTESIAN_POINT('',(-0.182246474534,1.654614216533));
#7209 = CARTESIAN_POINT('',(-0.159372363144,1.605785634028));
#7210 = CARTESIAN_POINT('',(-0.143702941904,1.554967409836));
#7211 = CARTESIAN_POINT('',(-0.135744896387,1.503086573454));
#7212 = CARTESIAN_POINT('',(-0.135246876196,1.398416420171));
#7213 = CARTESIAN_POINT('',(-0.142961931044,1.345603982751));
#7214 = CARTESIAN_POINT('',(-0.158652879227,1.293826963767));
#7215 = CARTESIAN_POINT('',(-0.181786864087,1.244060975926));
#7216 = CARTESIAN_POINT('',(-0.211561941566,1.197046278453));
#7217 = ( GEOMETRIC_REPRESENTATION_CONTEXT(2) 
PARAMETRIC_REPRESENTATION_CONTEXT() REPRESENTATION_CONTEXT('2D SPACE',''
  ) );
#7218 = ORIENTED_EDGE('',*,*,#7219,.T.);
#7219 = EDGE_CURVE('',#7176,#4165,#7220,.T.);
#7220 = SURFACE_CURVE('',#7221,(#7227,#7236),.PCURVE_S1.);
#7221 = B_SPLINE_CURVE_WITH_KNOTS('',4,(#7222,#7223,#7224,#7225,#7226),
  .UNSPECIFIED.,.F.,.F.,(5,5),(0.,1.),.PIECEWISE_BEZIER_KNOTS.);
#7222 = CARTESIAN_POINT('',(-1.702041660614,0.55,-1.000000000002E-03));
#7223 = CARTESIAN_POINT('',(-1.68927634816,0.545875,2.824));
#7224 = CARTESIAN_POINT('',(-1.676511035705,0.54175,5.649));
#7225 = CARTESIAN_POINT('',(-1.66374572325,0.537625,8.474));
#7226 = CARTESIAN_POINT('',(-1.650980410796,0.5335,11.299));
#7227 = PCURVE('',#4194,#7228);
#7228 = DEFINITIONAL_REPRESENTATION('',(#7229),#7235);
#7229 = B_SPLINE_CURVE_WITH_KNOTS('',4,(#7230,#7231,#7232,#7233,#7234),
  .UNSPECIFIED.,.F.,.F.,(5,5),(0.,1.),.PIECEWISE_BEZIER_KNOTS.);
#7230 = CARTESIAN_POINT('',(2.000495995206,0.));
#7231 = CARTESIAN_POINT('',(2.000495995206,0.25));
#7232 = CARTESIAN_POINT('',(2.000495995206,0.5));
#7233 = CARTESIAN_POINT('',(2.000495995206,0.75));
#7234 = CARTESIAN_POINT('',(2.000495995206,1.));
#7235 = ( GEOMETRIC_REPRESENTATION_CONTEXT(2) 
PARAMETRIC_REPRESENTATION_CONTEXT() REPRESENTATION_CONTEXT('2D SPACE',''
  ) );
#7236 = PCURVE('',#4252,#7237);
#7237 = DEFINITIONAL_REPRESENTATION('',(#7238),#7244);
#7238 = B_SPLINE_CURVE_WITH_KNOTS('',4,(#7239,#7240,#7241,#7242,#7243),
  .UNSPECIFIED.,.F.,.F.,(5,5),(0.,1.),.PIECEWISE_BEZIER_KNOTS.);
#7239 = CARTESIAN_POINT('',(-5.627556659815,-1.702041660614));
#7240 = CARTESIAN_POINT('',(-2.802553648202,-1.68927634816));
#7241 = CARTESIAN_POINT('',(2.244936341179E-02,-1.676511035705));
#7242 = CARTESIAN_POINT('',(2.847452375025,-1.66374572325));
#7243 = CARTESIAN_POINT('',(5.672455386639,-1.650980410796));
#7244 = ( GEOMETRIC_REPRESENTATION_CONTEXT(2) 
PARAMETRIC_REPRESENTATION_CONTEXT() REPRESENTATION_CONTEXT('2D SPACE',''
  ) );
#7245 = ORIENTED_EDGE('',*,*,#4164,.T.);
#7246 = ADVANCED_FACE('',(#7247),#4252,.F.);
#7247 = FACE_BOUND('',#7248,.F.);
#7248 = EDGE_LOOP('',(#7249,#7271,#7272,#7273));
#7249 = ORIENTED_EDGE('',*,*,#7250,.F.);
#7250 = EDGE_CURVE('',#4238,#7251,#7253,.T.);
#7251 = VERTEX_POINT('',#7252);
#7252 = CARTESIAN_POINT('',(-2.02345938178,0.549581560484,0.285567668855
    ));
#7253 = SURFACE_CURVE('',#7254,(#7258,#7264),.PCURVE_S1.);
#7254 = LINE('',#7255,#7256);
#7255 = CARTESIAN_POINT('',(-1.96425,0.5335,11.299));
#7256 = VECTOR('',#7257,1.);
#7257 = DIRECTION('',(-5.376022773886E-03,1.460154333648E-03,
    -0.999984483044));
#7258 = PCURVE('',#4252,#7259);
#7259 = DEFINITIONAL_REPRESENTATION('',(#7260),#7263);
#7260 = B_SPLINE_CURVE_WITH_KNOTS('',1,(#7261,#7262),.UNSPECIFIED.,.F.,
  .F.,(2,2),(0.,11.300175344325),.PIECEWISE_BEZIER_KNOTS.);
#7261 = CARTESIAN_POINT('',(5.672455386639,-1.96425));
#7262 = CARTESIAN_POINT('',(-5.627556659815,-2.025));
#7263 = ( GEOMETRIC_REPRESENTATION_CONTEXT(2) 
PARAMETRIC_REPRESENTATION_CONTEXT() REPRESENTATION_CONTEXT('2D SPACE',''
  ) );
#7264 = PCURVE('',#4278,#7265);
#7265 = DEFINITIONAL_REPRESENTATION('',(#7266),#7270);
#7266 = LINE('',#7267,#7268);
#7267 = CARTESIAN_POINT('',(-5.657609813693,-0.5335));
#7268 = VECTOR('',#7269,1.);
#7269 = DIRECTION('',(0.999998933974,-1.460154333648E-03));
#7270 = ( GEOMETRIC_REPRESENTATION_CONTEXT(2) 
PARAMETRIC_REPRESENTATION_CONTEXT() REPRESENTATION_CONTEXT('2D SPACE',''
  ) );
#7271 = ORIENTED_EDGE('',*,*,#4237,.T.);
#7272 = ORIENTED_EDGE('',*,*,#7219,.F.);
#7273 = ORIENTED_EDGE('',*,*,#7274,.F.);
#7274 = EDGE_CURVE('',#7251,#7176,#7275,.T.);
#7275 = SURFACE_CURVE('',#7276,(#7280,#7286),.PCURVE_S1.);
#7276 = LINE('',#7277,#7278);
#7277 = CARTESIAN_POINT('',(4.043250773045E-17,0.549581560484,
    0.285567668855));
#7278 = VECTOR('',#7279,1.);
#7279 = DIRECTION('',(1.,0.,0.));
#7280 = PCURVE('',#4252,#7281);
#7281 = DEFINITIONAL_REPRESENTATION('',(#7282),#7285);
#7282 = B_SPLINE_CURVE_WITH_KNOTS('',1,(#7283,#7284),.UNSPECIFIED.,.F.,
  .F.,(2,2),(-2.024994623894,-1.674840361467),.PIECEWISE_BEZIER_KNOTS.);
#7283 = CARTESIAN_POINT('',(-5.340988685462,-2.024994623894));
#7284 = CARTESIAN_POINT('',(-5.340988685462,-1.674840361467));
#7285 = ( GEOMETRIC_REPRESENTATION_CONTEXT(2) 
PARAMETRIC_REPRESENTATION_CONTEXT() REPRESENTATION_CONTEXT('2D SPACE',''
  ) );
#7286 = PCURVE('',#7076,#7287);
#7287 = DEFINITIONAL_REPRESENTATION('',(#7288),#7291);
#7288 = B_SPLINE_CURVE_WITH_KNOTS('',1,(#7289,#7290),.UNSPECIFIED.,.F.,
  .F.,(2,2),(-2.024994623894,-1.674840361467),.PIECEWISE_BEZIER_KNOTS.);
#7289 = CARTESIAN_POINT('',(-0.211561523316,2.024994623894));
#7290 = CARTESIAN_POINT('',(-0.211561523316,1.674840361467));
#7291 = ( GEOMETRIC_REPRESENTATION_CONTEXT(2) 
PARAMETRIC_REPRESENTATION_CONTEXT() REPRESENTATION_CONTEXT('2D SPACE',''
  ) );
#7292 = ADVANCED_FACE('',(#7293),#4278,.F.);
#7293 = FACE_BOUND('',#7294,.F.);
#7294 = EDGE_LOOP('',(#7295,#7296,#7317,#7343,#7370));
#7295 = ORIENTED_EDGE('',*,*,#7250,.T.);
#7296 = ORIENTED_EDGE('',*,*,#7297,.F.);
#7297 = EDGE_CURVE('',#7298,#7251,#7300,.T.);
#7298 = VERTEX_POINT('',#7299);
#7299 = CARTESIAN_POINT('',(-2.023417656473,0.541445182752,
    0.293328919474));
#7300 = SURFACE_CURVE('',#7301,(#7305,#7311),.PCURVE_S1.);
#7301 = LINE('',#7302,#7303);
#7302 = CARTESIAN_POINT('',(-2.016241097306,-0.857974010472,
    1.628227990911));
#7303 = VECTOR('',#7304,1.);
#7304 = DIRECTION('',(-3.710721342345E-03,0.723585571605,-0.690224710593
    ));
#7305 = PCURVE('',#4278,#7306);
#7306 = DEFINITIONAL_REPRESENTATION('',(#7307),#7310);
#7307 = B_SPLINE_CURVE_WITH_KNOTS('',1,(#7308,#7309),.UNSPECIFIED.,.F.,
  .F.,(2,2),(1.925790210799,1.945827287811),.PIECEWISE_BEZIER_KNOTS.);
#7308 = CARTESIAN_POINT('',(5.342549149007,-0.5355));
#7309 = CARTESIAN_POINT('',(5.356379434549,-0.549998539823));
#7310 = ( GEOMETRIC_REPRESENTATION_CONTEXT(2) 
PARAMETRIC_REPRESENTATION_CONTEXT() REPRESENTATION_CONTEXT('2D SPACE',''
  ) );
#7311 = PCURVE('',#7076,#7312);
#7312 = DEFINITIONAL_REPRESENTATION('',(#7313),#7316);
#7313 = B_SPLINE_CURVE_WITH_KNOTS('',1,(#7314,#7315),.UNSPECIFIED.,.F.,
  .F.,(2,2),(1.925790210799,1.945827287811),.PIECEWISE_BEZIER_KNOTS.);
#7314 = CARTESIAN_POINT('',(-0.231022198166,2.023387168142));
#7315 = CARTESIAN_POINT('',(-0.210985259104,2.023461520151));
#7316 = ( GEOMETRIC_REPRESENTATION_CONTEXT(2) 
PARAMETRIC_REPRESENTATION_CONTEXT() REPRESENTATION_CONTEXT('2D SPACE',''
  ) );
#7317 = ORIENTED_EDGE('',*,*,#7318,.F.);
#7318 = EDGE_CURVE('',#7319,#7298,#7321,.T.);
#7319 = VERTEX_POINT('',#7320);
#7320 = CARTESIAN_POINT('',(-2.023417656473,0.188001851986,
    0.293328919474));
#7321 = SURFACE_CURVE('',#7322,(#7326,#7332),.PCURVE_S1.);
#7322 = LINE('',#7323,#7324);
#7323 = CARTESIAN_POINT('',(-2.023417656473,-8.965214233704E-18,
    0.293328919474));
#7324 = VECTOR('',#7325,1.);
#7325 = DIRECTION('',(-0.,1.,-0.));
#7326 = PCURVE('',#4278,#7327);
#7327 = DEFINITIONAL_REPRESENTATION('',(#7328),#7331);
#7328 = B_SPLINE_CURVE_WITH_KNOTS('',1,(#7329,#7330),.UNSPECIFIED.,.F.,
  .F.,(2,2),(0.185120118034,0.549998539823),.PIECEWISE_BEZIER_KNOTS.);
#7329 = CARTESIAN_POINT('',(5.348220311487,-0.185120118034));
#7330 = CARTESIAN_POINT('',(5.348220311487,-0.549998539823));
#7331 = ( GEOMETRIC_REPRESENTATION_CONTEXT(2) 
PARAMETRIC_REPRESENTATION_CONTEXT() REPRESENTATION_CONTEXT('2D SPACE',''
  ) );
#7332 = PCURVE('',#7333,#7338);
#7333 = PLANE('',#7334);
#7334 = AXIS2_PLACEMENT_3D('',#7335,#7336,#7337);
#7335 = CARTESIAN_POINT('',(-2.19650740114,0.,0.124402194772));
#7336 = DIRECTION('',(-0.698448148582,0.,0.715660662425));
#7337 = DIRECTION('',(0.715660662425,0.,0.698448148582));
#7338 = DEFINITIONAL_REPRESENTATION('',(#7339),#7342);
#7339 = B_SPLINE_CURVE_WITH_KNOTS('',1,(#7340,#7341),.UNSPECIFIED.,.F.,
  .F.,(2,2),(0.185120118034,0.549998539823),.PIECEWISE_BEZIER_KNOTS.);
#7340 = CARTESIAN_POINT('',(0.241860079441,0.185120118034));
#7341 = CARTESIAN_POINT('',(0.241860079441,0.549998539823));
#7342 = ( GEOMETRIC_REPRESENTATION_CONTEXT(2) 
PARAMETRIC_REPRESENTATION_CONTEXT() REPRESENTATION_CONTEXT('2D SPACE',''
  ) );
#7343 = ORIENTED_EDGE('',*,*,#7344,.T.);
#7344 = EDGE_CURVE('',#7319,#4264,#7345,.T.);
#7345 = SURFACE_CURVE('',#7346,(#7352,#7361),.PCURVE_S1.);
#7346 = B_SPLINE_CURVE_WITH_KNOTS('',4,(#7347,#7348,#7349,#7350,#7351),
  .UNSPECIFIED.,.F.,.F.,(5,5),(0.,1.),.PIECEWISE_BEZIER_KNOTS.);
#7347 = CARTESIAN_POINT('',(-2.025,0.188148872307,-1.000000000004E-03));
#7348 = CARTESIAN_POINT('',(-2.0098125,0.186737755765,2.824));
#7349 = CARTESIAN_POINT('',(-1.994625,0.185326639222,5.649));
#7350 = CARTESIAN_POINT('',(-1.9794375,0.18391552268,8.474));
#7351 = CARTESIAN_POINT('',(-1.96425,0.182504406138,11.299));
#7352 = PCURVE('',#4278,#7353);
#7353 = DEFINITIONAL_REPRESENTATION('',(#7354),#7360);
#7354 = B_SPLINE_CURVE_WITH_KNOTS('',4,(#7355,#7356,#7357,#7358,#7359),
  .UNSPECIFIED.,.F.,.F.,(5,5),(0.,1.),.PIECEWISE_BEZIER_KNOTS.);
#7355 = CARTESIAN_POINT('',(5.642553484353,-0.188148872307));
#7356 = CARTESIAN_POINT('',(2.817512659842,-0.186737755765));
#7357 = CARTESIAN_POINT('',(-7.528164669613E-03,-0.185326639222));
#7358 = CARTESIAN_POINT('',(-2.832568989181,-0.18391552268));
#7359 = CARTESIAN_POINT('',(-5.657609813693,-0.182504406138));
#7360 = ( GEOMETRIC_REPRESENTATION_CONTEXT(2) 
PARAMETRIC_REPRESENTATION_CONTEXT() REPRESENTATION_CONTEXT('2D SPACE',''
  ) );
#7361 = PCURVE('',#4319,#7362);
#7362 = DEFINITIONAL_REPRESENTATION('',(#7363),#7369);
#7363 = B_SPLINE_CURVE_WITH_KNOTS('',4,(#7364,#7365,#7366,#7367,#7368),
  .UNSPECIFIED.,.F.,.F.,(5,5),(0.,1.),.PIECEWISE_BEZIER_KNOTS.);
#7364 = CARTESIAN_POINT('',(2.825358279866,0.));
#7365 = CARTESIAN_POINT('',(2.825358279866,0.25));
#7366 = CARTESIAN_POINT('',(2.825358279866,0.5));
#7367 = CARTESIAN_POINT('',(2.825358279866,0.75));
#7368 = CARTESIAN_POINT('',(2.825358279866,1.));
#7369 = ( GEOMETRIC_REPRESENTATION_CONTEXT(2) 
PARAMETRIC_REPRESENTATION_CONTEXT() REPRESENTATION_CONTEXT('2D SPACE',''
  ) );
#7370 = ORIENTED_EDGE('',*,*,#4263,.T.);
#7371 = ADVANCED_FACE('',(#7372),#4319,.F.);
#7372 = FACE_BOUND('',#7373,.F.);
#7373 = EDGE_LOOP('',(#7374,#7375,#7419,#7446));
#7374 = ORIENTED_EDGE('',*,*,#7344,.F.);
#7375 = ORIENTED_EDGE('',*,*,#7376,.F.);
#7376 = EDGE_CURVE('',#7377,#7319,#7379,.T.);
#7377 = VERTEX_POINT('',#7378);
#7378 = CARTESIAN_POINT('',(-2.023417656473,-0.188001851986,
    0.293328919474));
#7379 = SURFACE_CURVE('',#7380,(#7391,#7405),.PCURVE_S1.);
#7380 = B_SPLINE_CURVE_WITH_KNOTS('',5,(#7381,#7382,#7383,#7384,#7385,
    #7386,#7387,#7388,#7389,#7390),.UNSPECIFIED.,.F.,.F.,(6,4,6),(0.,
    0.499004360373,1.),.UNSPECIFIED.);
#7381 = CARTESIAN_POINT('',(-2.02341742834,-0.18800254541,0.29332914212)
  );
#7382 = CARTESIAN_POINT('',(-2.035248893595,-0.152040137609,
    0.281782238069));
#7383 = CARTESIAN_POINT('',(-2.044322553085,-0.114937618225,
    0.272926811182));
#7384 = CARTESIAN_POINT('',(-2.050452986793,-7.702905029219E-02,
    0.266943821899));
#7385 = CARTESIAN_POINT('',(-2.053530183735,-3.870552227379E-02,
    0.263940635306));
#7386 = CARTESIAN_POINT('',(-2.053579013823,3.80937500949E-02,
    0.263892979641));
#7387 = CARTESIAN_POINT('',(-2.050526237316,7.657514814391E-02,
    0.266872333141));
#7388 = CARTESIAN_POINT('',(-2.044394937463,0.114641454388,
    0.272856167737));
#7389 = CARTESIAN_POINT('',(-2.035296105198,0.151896635269,
    0.281736161962));
#7390 = CARTESIAN_POINT('',(-2.02341742834,0.18800254541,0.29332914212)
  );
#7391 = PCURVE('',#4319,#7392);
#7392 = DEFINITIONAL_REPRESENTATION('',(#7393),#7404);
#7393 = B_SPLINE_CURVE_WITH_KNOTS('',5,(#7394,#7395,#7396,#7397,#7398,
    #7399,#7400,#7401,#7402,#7403),.UNSPECIFIED.,.F.,.F.,(6,4,6),(0.,
    0.499004360373,1.),.UNSPECIFIED.);
#7394 = CARTESIAN_POINT('',(3.457828234405,2.604682673627E-02));
#7395 = CARTESIAN_POINT('',(3.395225943183,2.502497682025E-02));
#7396 = CARTESIAN_POINT('',(3.332249235145,2.424131072406E-02));
#7397 = CARTESIAN_POINT('',(3.269006064126,2.371184264593E-02));
#7398 = CARTESIAN_POINT('',(3.205613763905,2.344607392087E-02));
#7399 = CARTESIAN_POINT('',(3.078583448691,2.344185660543E-02));
#7400 = CARTESIAN_POINT('',(3.014936434403,2.370551620715E-02));
#7401 = CARTESIAN_POINT('',(2.951438750808,2.423505909176E-02));
#7402 = CARTESIAN_POINT('',(2.888209168607,2.502089928866E-02));
#7403 = CARTESIAN_POINT('',(2.825357072774,2.604682673627E-02));
#7404 = ( GEOMETRIC_REPRESENTATION_CONTEXT(2) 
PARAMETRIC_REPRESENTATION_CONTEXT() REPRESENTATION_CONTEXT('2D SPACE',''
  ) );
#7405 = PCURVE('',#7333,#7406);
#7406 = DEFINITIONAL_REPRESENTATION('',(#7407),#7418);
#7407 = B_SPLINE_CURVE_WITH_KNOTS('',5,(#7408,#7409,#7410,#7411,#7412,
    #7413,#7414,#7415,#7416,#7417),.UNSPECIFIED.,.F.,.F.,(6,4,6),(0.,
    0.499004360373,1.),.UNSPECIFIED.);
#7408 = CARTESIAN_POINT('',(0.241860398214,-0.18800254541));
#7409 = CARTESIAN_POINT('',(0.225328170196,-0.152040137609));
#7410 = CARTESIAN_POINT('',(0.21264945252,-0.114937618225));
#7411 = CARTESIAN_POINT('',(0.204083334484,-7.702905029219E-02));
#7412 = CARTESIAN_POINT('',(0.199783535567,-3.870552227379E-02));
#7413 = CARTESIAN_POINT('',(0.199715304783,3.80937500949E-02));
#7414 = CARTESIAN_POINT('',(0.203980980775,7.657514814391E-02));
#7415 = CARTESIAN_POINT('',(0.212548309085,0.114641454388));
#7416 = CARTESIAN_POINT('',(0.225262200937,0.151896635269));
#7417 = CARTESIAN_POINT('',(0.241860398214,0.18800254541));
#7418 = ( GEOMETRIC_REPRESENTATION_CONTEXT(2) 
PARAMETRIC_REPRESENTATION_CONTEXT() REPRESENTATION_CONTEXT('2D SPACE',''
  ) );
#7419 = ORIENTED_EDGE('',*,*,#7420,.T.);
#7420 = EDGE_CURVE('',#7377,#4290,#7421,.T.);
#7421 = SURFACE_CURVE('',#7422,(#7428,#7437),.PCURVE_S1.);
#7422 = B_SPLINE_CURVE_WITH_KNOTS('',4,(#7423,#7424,#7425,#7426,#7427),
  .UNSPECIFIED.,.F.,.F.,(5,5),(0.,1.),.PIECEWISE_BEZIER_KNOTS.);
#7423 = CARTESIAN_POINT('',(-2.025,-0.188148872307,-1.000000000004E-03)
  );
#7424 = CARTESIAN_POINT('',(-2.0098125,-0.186737755765,2.824));
#7425 = CARTESIAN_POINT('',(-1.994625,-0.185326639222,5.649));
#7426 = CARTESIAN_POINT('',(-1.9794375,-0.18391552268,8.474));
#7427 = CARTESIAN_POINT('',(-1.96425,-0.182504406138,11.299));
#7428 = PCURVE('',#4319,#7429);
#7429 = DEFINITIONAL_REPRESENTATION('',(#7430),#7436);
#7430 = B_SPLINE_CURVE_WITH_KNOTS('',4,(#7431,#7432,#7433,#7434,#7435),
  .UNSPECIFIED.,.F.,.F.,(5,5),(0.,1.),.PIECEWISE_BEZIER_KNOTS.);
#7431 = CARTESIAN_POINT('',(3.457827027314,0.));
#7432 = CARTESIAN_POINT('',(3.457827027314,0.25));
#7433 = CARTESIAN_POINT('',(3.457827027314,0.5));
#7434 = CARTESIAN_POINT('',(3.457827027314,0.75));
#7435 = CARTESIAN_POINT('',(3.457827027314,1.));
#7436 = ( GEOMETRIC_REPRESENTATION_CONTEXT(2) 
PARAMETRIC_REPRESENTATION_CONTEXT() REPRESENTATION_CONTEXT('2D SPACE',''
  ) );
#7437 = PCURVE('',#4377,#7438);
#7438 = DEFINITIONAL_REPRESENTATION('',(#7439),#7445);
#7439 = B_SPLINE_CURVE_WITH_KNOTS('',4,(#7440,#7441,#7442,#7443,#7444),
  .UNSPECIFIED.,.F.,.F.,(5,5),(0.,1.),.PIECEWISE_BEZIER_KNOTS.);
#7440 = CARTESIAN_POINT('',(5.642553484353,0.188148872307));
#7441 = CARTESIAN_POINT('',(2.817512659842,0.186737755765));
#7442 = CARTESIAN_POINT('',(-7.528164669795E-03,0.185326639222));
#7443 = CARTESIAN_POINT('',(-2.832568989181,0.18391552268));
#7444 = CARTESIAN_POINT('',(-5.657609813693,0.182504406138));
#7445 = ( GEOMETRIC_REPRESENTATION_CONTEXT(2) 
PARAMETRIC_REPRESENTATION_CONTEXT() REPRESENTATION_CONTEXT('2D SPACE',''
  ) );
#7446 = ORIENTED_EDGE('',*,*,#4289,.T.);
#7447 = ADVANCED_FACE('',(#7448),#4377,.F.);
#7448 = FACE_BOUND('',#7449,.F.);
#7449 = EDGE_LOOP('',(#7450,#7472,#7473,#7474,#7495));
#7450 = ORIENTED_EDGE('',*,*,#7451,.F.);
#7451 = EDGE_CURVE('',#4363,#7452,#7454,.T.);
#7452 = VERTEX_POINT('',#7453);
#7453 = CARTESIAN_POINT('',(-2.02345938178,-0.549581560484,
    0.285567668855));
#7454 = SURFACE_CURVE('',#7455,(#7459,#7465),.PCURVE_S1.);
#7455 = LINE('',#7456,#7457);
#7456 = CARTESIAN_POINT('',(-1.96425,-0.5335,11.299));
#7457 = VECTOR('',#7458,1.);
#7458 = DIRECTION('',(-5.376022773886E-03,-1.460154333648E-03,
    -0.999984483044));
#7459 = PCURVE('',#4377,#7460);
#7460 = DEFINITIONAL_REPRESENTATION('',(#7461),#7464);
#7461 = B_SPLINE_CURVE_WITH_KNOTS('',1,(#7462,#7463),.UNSPECIFIED.,.F.,
  .F.,(2,2),(0.,11.300175344325),.PIECEWISE_BEZIER_KNOTS.);
#7462 = CARTESIAN_POINT('',(-5.657609813693,0.5335));
#7463 = CARTESIAN_POINT('',(5.642553484353,0.55));
#7464 = ( GEOMETRIC_REPRESENTATION_CONTEXT(2) 
PARAMETRIC_REPRESENTATION_CONTEXT() REPRESENTATION_CONTEXT('2D SPACE',''
  ) );
#7465 = PCURVE('',#4401,#7466);
#7466 = DEFINITIONAL_REPRESENTATION('',(#7467),#7471);
#7467 = LINE('',#7468,#7469);
#7468 = CARTESIAN_POINT('',(-5.672455386639,-1.96425));
#7469 = VECTOR('',#7470,1.);
#7470 = DIRECTION('',(0.999985549085,-5.376022773886E-03));
#7471 = ( GEOMETRIC_REPRESENTATION_CONTEXT(2) 
PARAMETRIC_REPRESENTATION_CONTEXT() REPRESENTATION_CONTEXT('2D SPACE',''
  ) );
#7472 = ORIENTED_EDGE('',*,*,#4362,.T.);
#7473 = ORIENTED_EDGE('',*,*,#7420,.F.);
#7474 = ORIENTED_EDGE('',*,*,#7475,.F.);
#7475 = EDGE_CURVE('',#7476,#7377,#7478,.T.);
#7476 = VERTEX_POINT('',#7477);
#7477 = CARTESIAN_POINT('',(-2.023417656473,-0.541445182752,
    0.293328919474));
#7478 = SURFACE_CURVE('',#7479,(#7483,#7489),.PCURVE_S1.);
#7479 = LINE('',#7480,#7481);
#7480 = CARTESIAN_POINT('',(-2.023417656473,-8.965214233704E-18,
    0.293328919474));
#7481 = VECTOR('',#7482,1.);
#7482 = DIRECTION('',(-0.,1.,-0.));
#7483 = PCURVE('',#4377,#7484);
#7484 = DEFINITIONAL_REPRESENTATION('',(#7485),#7488);
#7485 = B_SPLINE_CURVE_WITH_KNOTS('',1,(#7486,#7487),.UNSPECIFIED.,.F.,
  .F.,(2,2),(-0.549998539823,-0.185097411797),.PIECEWISE_BEZIER_KNOTS.);
#7486 = CARTESIAN_POINT('',(5.348220311487,0.549998539823));
#7487 = CARTESIAN_POINT('',(5.348220311487,0.185097411797));
#7488 = ( GEOMETRIC_REPRESENTATION_CONTEXT(2) 
PARAMETRIC_REPRESENTATION_CONTEXT() REPRESENTATION_CONTEXT('2D SPACE',''
  ) );
#7489 = PCURVE('',#7333,#7490);
#7490 = DEFINITIONAL_REPRESENTATION('',(#7491),#7494);
#7491 = B_SPLINE_CURVE_WITH_KNOTS('',1,(#7492,#7493),.UNSPECIFIED.,.F.,
  .F.,(2,2),(-0.549998539823,-0.185097411797),.PIECEWISE_BEZIER_KNOTS.);
#7492 = CARTESIAN_POINT('',(0.241860079441,-0.549998539823));
#7493 = CARTESIAN_POINT('',(0.241860079441,-0.185097411797));
#7494 = ( GEOMETRIC_REPRESENTATION_CONTEXT(2) 
PARAMETRIC_REPRESENTATION_CONTEXT() REPRESENTATION_CONTEXT('2D SPACE',''
  ) );
#7495 = ORIENTED_EDGE('',*,*,#7496,.F.);
#7496 = EDGE_CURVE('',#7452,#7476,#7497,.T.);
#7497 = SURFACE_CURVE('',#7498,(#7502,#7508),.PCURVE_S1.);
#7498 = LINE('',#7499,#7500);
#7499 = CARTESIAN_POINT('',(-2.016241097306,0.857974010472,
    1.628227990911));
#7500 = VECTOR('',#7501,1.);
#7501 = DIRECTION('',(3.710721342345E-03,0.723585571605,0.690224710593)
  );
#7502 = PCURVE('',#4377,#7503);
#7503 = DEFINITIONAL_REPRESENTATION('',(#7504),#7507);
#7504 = B_SPLINE_CURVE_WITH_KNOTS('',1,(#7505,#7506),.UNSPECIFIED.,.F.,
  .F.,(2,2),(-1.945827287811,-1.925790210799),.PIECEWISE_BEZIER_KNOTS.);
#7505 = CARTESIAN_POINT('',(5.356379434549,0.549998539823));
#7506 = CARTESIAN_POINT('',(5.342549149007,0.5355));
#7507 = ( GEOMETRIC_REPRESENTATION_CONTEXT(2) 
PARAMETRIC_REPRESENTATION_CONTEXT() REPRESENTATION_CONTEXT('2D SPACE',''
  ) );
#7508 = PCURVE('',#4782,#7509);
#7509 = DEFINITIONAL_REPRESENTATION('',(#7510),#7513);
#7510 = B_SPLINE_CURVE_WITH_KNOTS('',1,(#7511,#7512),.UNSPECIFIED.,.F.,
  .F.,(2,2),(-1.945827287811,-1.925790210799),.PIECEWISE_BEZIER_KNOTS.);
#7511 = CARTESIAN_POINT('',(0.210985259104,2.023461520151));
#7512 = CARTESIAN_POINT('',(0.231022198166,2.023387168142));
#7513 = ( GEOMETRIC_REPRESENTATION_CONTEXT(2) 
PARAMETRIC_REPRESENTATION_CONTEXT() REPRESENTATION_CONTEXT('2D SPACE',''
  ) );
#7514 = ADVANCED_FACE('',(#7515),#4401,.F.);
#7515 = FACE_BOUND('',#7516,.F.);
#7516 = EDGE_LOOP('',(#7517,#7518,#7537,#7538));
#7517 = ORIENTED_EDGE('',*,*,#7451,.T.);
#7518 = ORIENTED_EDGE('',*,*,#7519,.F.);
#7519 = EDGE_CURVE('',#4724,#7452,#7520,.T.);
#7520 = SURFACE_CURVE('',#7521,(#7525,#7531),.PCURVE_S1.);
#7521 = LINE('',#7522,#7523);
#7522 = CARTESIAN_POINT('',(4.043250773045E-17,-0.549581560484,
    0.285567668855));
#7523 = VECTOR('',#7524,1.);
#7524 = DIRECTION('',(-1.,0.,0.));
#7525 = PCURVE('',#4401,#7526);
#7526 = DEFINITIONAL_REPRESENTATION('',(#7527),#7530);
#7527 = B_SPLINE_CURVE_WITH_KNOTS('',1,(#7528,#7529),.UNSPECIFIED.,.F.,
  .F.,(2,2),(1.674239914273,2.024994623894),.PIECEWISE_BEZIER_KNOTS.);
#7528 = CARTESIAN_POINT('',(5.340988685462,-1.674239914273));
#7529 = CARTESIAN_POINT('',(5.340988685462,-2.024994623894));
#7530 = ( GEOMETRIC_REPRESENTATION_CONTEXT(2) 
PARAMETRIC_REPRESENTATION_CONTEXT() REPRESENTATION_CONTEXT('2D SPACE',''
  ) );
#7531 = PCURVE('',#4782,#7532);
#7532 = DEFINITIONAL_REPRESENTATION('',(#7533),#7536);
#7533 = B_SPLINE_CURVE_WITH_KNOTS('',1,(#7534,#7535),.UNSPECIFIED.,.F.,
  .F.,(2,2),(1.674239914273,2.024994623894),.PIECEWISE_BEZIER_KNOTS.);
#7534 = CARTESIAN_POINT('',(0.211561523316,1.674239914273));
#7535 = CARTESIAN_POINT('',(0.211561523316,2.024994623894));
#7536 = ( GEOMETRIC_REPRESENTATION_CONTEXT(2) 
PARAMETRIC_REPRESENTATION_CONTEXT() REPRESENTATION_CONTEXT('2D SPACE',''
  ) );
#7537 = ORIENTED_EDGE('',*,*,#4723,.T.);
#7538 = ORIENTED_EDGE('',*,*,#4388,.T.);
#7539 = ADVANCED_FACE('',(#7540),#4681,.T.);
#7540 = FACE_BOUND('',#7541,.T.);
#7541 = EDGE_LOOP('',(#7542,#7543,#7566,#7593));
#7542 = ORIENTED_EDGE('',*,*,#4664,.F.);
#7543 = ORIENTED_EDGE('',*,*,#7544,.F.);
#7544 = EDGE_CURVE('',#7545,#4665,#7547,.T.);
#7545 = VERTEX_POINT('',#7546);
#7546 = CARTESIAN_POINT('',(2.75,-6.73555739531E-16,4.));
#7547 = SEAM_CURVE('',#7548,(#7552,#7559),.PCURVE_S1.);
#7548 = LINE('',#7549,#7550);
#7549 = CARTESIAN_POINT('',(2.75,-6.73555739531E-16,4.));
#7550 = VECTOR('',#7551,1.);
#7551 = DIRECTION('',(0.650791373456,-1.593979144831E-16,0.759256602365)
  );
#7552 = PCURVE('',#4681,#7553);
#7553 = DEFINITIONAL_REPRESENTATION('',(#7554),#7558);
#7554 = LINE('',#7555,#7556);
#7555 = CARTESIAN_POINT('',(6.28318530718,-0.));
#7556 = VECTOR('',#7557,1.);
#7557 = DIRECTION('',(0.,1.));
#7558 = ( GEOMETRIC_REPRESENTATION_CONTEXT(2) 
PARAMETRIC_REPRESENTATION_CONTEXT() REPRESENTATION_CONTEXT('2D SPACE',''
  ) );
#7559 = PCURVE('',#4681,#7560);
#7560 = DEFINITIONAL_REPRESENTATION('',(#7561),#7565);
#7561 = LINE('',#7562,#7563);
#7562 = CARTESIAN_POINT('',(0.,-0.));
#7563 = VECTOR('',#7564,1.);
#7564 = DIRECTION('',(0.,1.));
#7565 = ( GEOMETRIC_REPRESENTATION_CONTEXT(2) 
PARAMETRIC_REPRESENTATION_CONTEXT() REPRESENTATION_CONTEXT('2D SPACE',''
  ) );
#7566 = ORIENTED_EDGE('',*,*,#7567,.T.);
#7567 = EDGE_CURVE('',#7545,#7545,#7568,.T.);
#7568 = SURFACE_CURVE('',#7569,(#7574,#7581),.PCURVE_S1.);
#7569 = CIRCLE('',#7570,2.75);
#7570 = AXIS2_PLACEMENT_3D('',#7571,#7572,#7573);
#7571 = CARTESIAN_POINT('',(0.,0.,4.));
#7572 = DIRECTION('',(0.,0.,1.));
#7573 = DIRECTION('',(1.,0.,-0.));
#7574 = PCURVE('',#4681,#7575);
#7575 = DEFINITIONAL_REPRESENTATION('',(#7576),#7580);
#7576 = LINE('',#7577,#7578);
#7577 = CARTESIAN_POINT('',(0.,0.));
#7578 = VECTOR('',#7579,1.);
#7579 = DIRECTION('',(1.,0.));
#7580 = ( GEOMETRIC_REPRESENTATION_CONTEXT(2) 
PARAMETRIC_REPRESENTATION_CONTEXT() REPRESENTATION_CONTEXT('2D SPACE',''
  ) );
#7581 = PCURVE('',#7582,#7587);
#7582 = CYLINDRICAL_SURFACE('',#7583,2.75);
#7583 = AXIS2_PLACEMENT_3D('',#7584,#7585,#7586);
#7584 = CARTESIAN_POINT('',(0.,0.,0.));
#7585 = DIRECTION('',(0.,0.,1.));
#7586 = DIRECTION('',(1.,0.,-0.));
#7587 = DEFINITIONAL_REPRESENTATION('',(#7588),#7592);
#7588 = LINE('',#7589,#7590);
#7589 = CARTESIAN_POINT('',(0.,4.));
#7590 = VECTOR('',#7591,1.);
#7591 = DIRECTION('',(1.,0.));
#7592 = ( GEOMETRIC_REPRESENTATION_CONTEXT(2) 
PARAMETRIC_REPRESENTATION_CONTEXT() REPRESENTATION_CONTEXT('2D SPACE',''
  ) );
#7593 = ORIENTED_EDGE('',*,*,#7544,.T.);
#7594 = ADVANCED_FACE('',(#7595),#4782,.F.);
#7595 = FACE_BOUND('',#7596,.F.);
#7596 = EDGE_LOOP('',(#7597,#7598,#7620,#7646,#7665,#7666,#7667,#7668));
#7597 = ORIENTED_EDGE('',*,*,#7496,.T.);
#7598 = ORIENTED_EDGE('',*,*,#7599,.T.);
#7599 = EDGE_CURVE('',#7476,#7600,#7602,.T.);
#7600 = VERTEX_POINT('',#7601);
#7601 = CARTESIAN_POINT('',(-2.323975356061,-0.848951666667,0.));
#7602 = SURFACE_CURVE('',#7603,(#7607,#7614),.PCURVE_S1.);
#7603 = LINE('',#7604,#7605);
#7604 = CARTESIAN_POINT('',(-2.017606818182,-0.5355,0.299));
#7605 = VECTOR('',#7606,1.);
#7606 = DIRECTION('',(-0.577422470385,-0.590772267173,-0.56353475406));
#7607 = PCURVE('',#4782,#7608);
#7608 = DEFINITIONAL_REPRESENTATION('',(#7609),#7613);
#7609 = LINE('',#7610,#7611);
#7610 = CARTESIAN_POINT('',(0.231022198166,2.017606818182));
#7611 = VECTOR('',#7612,1.);
#7612 = DIRECTION('',(-0.816445522184,0.577422470385));
#7613 = ( GEOMETRIC_REPRESENTATION_CONTEXT(2) 
PARAMETRIC_REPRESENTATION_CONTEXT() REPRESENTATION_CONTEXT('2D SPACE',''
  ) );
#7614 = PCURVE('',#7333,#7615);
#7615 = DEFINITIONAL_REPRESENTATION('',(#7616),#7619);
#7616 = B_SPLINE_CURVE_WITH_KNOTS('',1,(#7617,#7618),.UNSPECIFIED.,.F.,
  .F.,(2,2),(0.,0.532354034669),.PIECEWISE_BEZIER_KNOTS.);
#7617 = CARTESIAN_POINT('',(0.249979623516,-0.5355));
#7618 = CARTESIAN_POINT('',(-0.179544029184,-0.85));
#7619 = ( GEOMETRIC_REPRESENTATION_CONTEXT(2) 
PARAMETRIC_REPRESENTATION_CONTEXT() REPRESENTATION_CONTEXT('2D SPACE',''
  ) );
#7620 = ORIENTED_EDGE('',*,*,#7621,.T.);
#7621 = EDGE_CURVE('',#7600,#7622,#7624,.T.);
#7622 = VERTEX_POINT('',#7623);
#7623 = CARTESIAN_POINT('',(-0.848951666667,-0.848951666667,0.));
#7624 = SURFACE_CURVE('',#7625,(#7629,#7635),.PCURVE_S1.);
#7625 = LINE('',#7626,#7627);
#7626 = CARTESIAN_POINT('',(1.138699425633E-17,-0.848951666667,0.));
#7627 = VECTOR('',#7628,1.);
#7628 = DIRECTION('',(1.,0.,-0.));
#7629 = PCURVE('',#4782,#7630);
#7630 = DEFINITIONAL_REPRESENTATION('',(#7631),#7634);
#7631 = B_SPLINE_CURVE_WITH_KNOTS('',1,(#7632,#7633),.UNSPECIFIED.,.F.,
  .F.,(2,2),(-2.325,2.325),.PIECEWISE_BEZIER_KNOTS.);
#7632 = CARTESIAN_POINT('',(-0.202167076097,2.325));
#7633 = CARTESIAN_POINT('',(-0.202167076097,-2.325));
#7634 = ( GEOMETRIC_REPRESENTATION_CONTEXT(2) 
PARAMETRIC_REPRESENTATION_CONTEXT() REPRESENTATION_CONTEXT('2D SPACE',''
  ) );
#7635 = PCURVE('',#7636,#7641);
#7636 = PLANE('',#7637);
#7637 = AXIS2_PLACEMENT_3D('',#7638,#7639,#7640);
#7638 = CARTESIAN_POINT('',(0.,0.,0.));
#7639 = DIRECTION('',(0.,0.,1.));
#7640 = DIRECTION('',(1.,0.,-0.));
#7641 = DEFINITIONAL_REPRESENTATION('',(#7642),#7645);
#7642 = B_SPLINE_CURVE_WITH_KNOTS('',1,(#7643,#7644),.UNSPECIFIED.,.F.,
  .F.,(2,2),(-2.325,2.325),.PIECEWISE_BEZIER_KNOTS.);
#7643 = CARTESIAN_POINT('',(-2.325,-0.848951666667));
#7644 = CARTESIAN_POINT('',(2.325,-0.848951666667));
#7645 = ( GEOMETRIC_REPRESENTATION_CONTEXT(2) 
PARAMETRIC_REPRESENTATION_CONTEXT() REPRESENTATION_CONTEXT('2D SPACE',''
  ) );
#7646 = ORIENTED_EDGE('',*,*,#7647,.F.);
#7647 = EDGE_CURVE('',#4878,#7622,#7648,.T.);
#7648 = SURFACE_CURVE('',#7649,(#7653,#7659),.PCURVE_S1.);
#7649 = LINE('',#7650,#7651);
#7650 = CARTESIAN_POINT('',(-0.461192693127,-0.461192693127,
    0.369881373806));
#7651 = VECTOR('',#7652,1.);
#7652 = DIRECTION('',(-0.586218862101,-0.586218862101,-0.559191283403));
#7653 = PCURVE('',#4782,#7654);
#7654 = DEFINITIONAL_REPRESENTATION('',(#7655),#7658);
#7655 = B_SPLINE_CURVE_WITH_KNOTS('',1,(#7656,#7657),.UNSPECIFIED.,.F.,
  .F.,(2,2),(0.151492345737,0.661457688602),.PIECEWISE_BEZIER_KNOTS.);
#7656 = CARTESIAN_POINT('',(0.210982738565,0.550000363661));
#7657 = CARTESIAN_POINT('',(-0.202167076097,0.848951666667));
#7658 = ( GEOMETRIC_REPRESENTATION_CONTEXT(2) 
PARAMETRIC_REPRESENTATION_CONTEXT() REPRESENTATION_CONTEXT('2D SPACE',''
  ) );
#7659 = PCURVE('',#4913,#7660);
#7660 = DEFINITIONAL_REPRESENTATION('',(#7661),#7664);
#7661 = B_SPLINE_CURVE_WITH_KNOTS('',1,(#7662,#7663),.UNSPECIFIED.,.F.,
  .F.,(2,2),(0.151492345737,0.661457688602),.PIECEWISE_BEZIER_KNOTS.);
#7662 = CARTESIAN_POINT('',(0.210982738565,-0.550000363661));
#7663 = CARTESIAN_POINT('',(-0.202167076097,-0.848951666667));
#7664 = ( GEOMETRIC_REPRESENTATION_CONTEXT(2) 
PARAMETRIC_REPRESENTATION_CONTEXT() REPRESENTATION_CONTEXT('2D SPACE',''
  ) );
#7665 = ORIENTED_EDGE('',*,*,#4955,.T.);
#7666 = ORIENTED_EDGE('',*,*,#4833,.T.);
#7667 = ORIENTED_EDGE('',*,*,#4752,.T.);
#7668 = ORIENTED_EDGE('',*,*,#7519,.T.);
#7669 = ADVANCED_FACE('',(#7670),#4913,.F.);
#7670 = FACE_BOUND('',#7671,.F.);
#7671 = EDGE_LOOP('',(#7672,#7693,#7713,#7714,#7715,#7716,#7717,#7718));
#7672 = ORIENTED_EDGE('',*,*,#7673,.T.);
#7673 = EDGE_CURVE('',#7622,#7674,#7676,.T.);
#7674 = VERTEX_POINT('',#7675);
#7675 = CARTESIAN_POINT('',(-0.848951666667,-2.323975356061,0.));
#7676 = SURFACE_CURVE('',#7677,(#7681,#7687),.PCURVE_S1.);
#7677 = LINE('',#7678,#7679);
#7678 = CARTESIAN_POINT('',(-0.848951666667,-1.138699425633E-17,0.));
#7679 = VECTOR('',#7680,1.);
#7680 = DIRECTION('',(0.,-1.,0.));
#7681 = PCURVE('',#4913,#7682);
#7682 = DEFINITIONAL_REPRESENTATION('',(#7683),#7686);
#7683 = B_SPLINE_CURVE_WITH_KNOTS('',1,(#7684,#7685),.UNSPECIFIED.,.F.,
  .F.,(2,2),(-2.325,2.325),.PIECEWISE_BEZIER_KNOTS.);
#7684 = CARTESIAN_POINT('',(-0.202167076097,2.325));
#7685 = CARTESIAN_POINT('',(-0.202167076097,-2.325));
#7686 = ( GEOMETRIC_REPRESENTATION_CONTEXT(2) 
PARAMETRIC_REPRESENTATION_CONTEXT() REPRESENTATION_CONTEXT('2D SPACE',''
  ) );
#7687 = PCURVE('',#7636,#7688);
#7688 = DEFINITIONAL_REPRESENTATION('',(#7689),#7692);
#7689 = B_SPLINE_CURVE_WITH_KNOTS('',1,(#7690,#7691),.UNSPECIFIED.,.F.,
  .F.,(2,2),(-2.325,2.325),.PIECEWISE_BEZIER_KNOTS.);
#7690 = CARTESIAN_POINT('',(-0.848951666667,2.325));
#7691 = CARTESIAN_POINT('',(-0.848951666667,-2.325));
#7692 = ( GEOMETRIC_REPRESENTATION_CONTEXT(2) 
PARAMETRIC_REPRESENTATION_CONTEXT() REPRESENTATION_CONTEXT('2D SPACE',''
  ) );
#7693 = ORIENTED_EDGE('',*,*,#7694,.F.);
#7694 = EDGE_CURVE('',#5183,#7674,#7695,.T.);
#7695 = SURFACE_CURVE('',#7696,(#7700,#7706),.PCURVE_S1.);
#7696 = LINE('',#7697,#7698);
#7697 = CARTESIAN_POINT('',(-0.5355,-2.017606818182,0.299));
#7698 = VECTOR('',#7699,1.);
#7699 = DIRECTION('',(-0.590772267173,-0.577422470385,-0.56353475406));
#7700 = PCURVE('',#4913,#7701);
#7701 = DEFINITIONAL_REPRESENTATION('',(#7702),#7705);
#7702 = B_SPLINE_CURVE_WITH_KNOTS('',1,(#7703,#7704),.UNSPECIFIED.,.F.,
  .F.,(2,2),(0.,0.532354034669),.PIECEWISE_BEZIER_KNOTS.);
#7703 = CARTESIAN_POINT('',(0.231022198166,-2.017606818182));
#7704 = CARTESIAN_POINT('',(-0.203615869656,-2.325));
#7705 = ( GEOMETRIC_REPRESENTATION_CONTEXT(2) 
PARAMETRIC_REPRESENTATION_CONTEXT() REPRESENTATION_CONTEXT('2D SPACE',''
  ) );
#7706 = PCURVE('',#5218,#7707);
#7707 = DEFINITIONAL_REPRESENTATION('',(#7708),#7712);
#7708 = LINE('',#7709,#7710);
#7709 = CARTESIAN_POINT('',(0.249979623516,0.5355));
#7710 = VECTOR('',#7711,1.);
#7711 = DIRECTION('',(-0.80683835329,0.590772267173));
#7712 = ( GEOMETRIC_REPRESENTATION_CONTEXT(2) 
PARAMETRIC_REPRESENTATION_CONTEXT() REPRESENTATION_CONTEXT('2D SPACE',''
  ) );
#7713 = ORIENTED_EDGE('',*,*,#5182,.T.);
#7714 = ORIENTED_EDGE('',*,*,#5159,.T.);
#7715 = ORIENTED_EDGE('',*,*,#5060,.T.);
#7716 = ORIENTED_EDGE('',*,*,#5007,.T.);
#7717 = ORIENTED_EDGE('',*,*,#4877,.F.);
#7718 = ORIENTED_EDGE('',*,*,#7647,.T.);
#7719 = ADVANCED_FACE('',(#7720),#5218,.F.);
#7720 = FACE_BOUND('',#7721,.F.);
#7721 = EDGE_LOOP('',(#7722,#7743,#7763,#7764,#7765,#7766));
#7722 = ORIENTED_EDGE('',*,*,#7723,.T.);
#7723 = EDGE_CURVE('',#7674,#7724,#7726,.T.);
#7724 = VERTEX_POINT('',#7725);
#7725 = CARTESIAN_POINT('',(0.848951666667,-2.323975356061,0.));
#7726 = SURFACE_CURVE('',#7727,(#7731,#7737),.PCURVE_S1.);
#7727 = LINE('',#7728,#7729);
#7728 = CARTESIAN_POINT('',(0.,-2.323975356061,0.));
#7729 = VECTOR('',#7730,1.);
#7730 = DIRECTION('',(1.,0.,-0.));
#7731 = PCURVE('',#5218,#7732);
#7732 = DEFINITIONAL_REPRESENTATION('',(#7733),#7736);
#7733 = B_SPLINE_CURVE_WITH_KNOTS('',1,(#7734,#7735),.UNSPECIFIED.,.F.,
  .F.,(2,2),(-0.85,0.85),.PIECEWISE_BEZIER_KNOTS.);
#7734 = CARTESIAN_POINT('',(-0.178112283675,0.85));
#7735 = CARTESIAN_POINT('',(-0.178112283675,-0.85));
#7736 = ( GEOMETRIC_REPRESENTATION_CONTEXT(2) 
PARAMETRIC_REPRESENTATION_CONTEXT() REPRESENTATION_CONTEXT('2D SPACE',''
  ) );
#7737 = PCURVE('',#7636,#7738);
#7738 = DEFINITIONAL_REPRESENTATION('',(#7739),#7742);
#7739 = B_SPLINE_CURVE_WITH_KNOTS('',1,(#7740,#7741),.UNSPECIFIED.,.F.,
  .F.,(2,2),(-0.85,0.85),.PIECEWISE_BEZIER_KNOTS.);
#7740 = CARTESIAN_POINT('',(-0.85,-2.323975356061));
#7741 = CARTESIAN_POINT('',(0.85,-2.323975356061));
#7742 = ( GEOMETRIC_REPRESENTATION_CONTEXT(2) 
PARAMETRIC_REPRESENTATION_CONTEXT() REPRESENTATION_CONTEXT('2D SPACE',''
  ) );
#7743 = ORIENTED_EDGE('',*,*,#7744,.T.);
#7744 = EDGE_CURVE('',#7724,#5338,#7745,.T.);
#7745 = SURFACE_CURVE('',#7746,(#7750,#7757),.PCURVE_S1.);
#7746 = LINE('',#7747,#7748);
#7747 = CARTESIAN_POINT('',(0.85,-2.325,-1.E-03));
#7748 = VECTOR('',#7749,1.);
#7749 = DIRECTION('',(-0.590772267173,0.577422470385,0.56353475406));
#7750 = PCURVE('',#5218,#7751);
#7751 = DEFINITIONAL_REPRESENTATION('',(#7752),#7756);
#7752 = LINE('',#7753,#7754);
#7753 = CARTESIAN_POINT('',(-0.179544029184,-0.85));
#7754 = VECTOR('',#7755,1.);
#7755 = DIRECTION('',(0.80683835329,0.590772267173));
#7756 = ( GEOMETRIC_REPRESENTATION_CONTEXT(2) 
PARAMETRIC_REPRESENTATION_CONTEXT() REPRESENTATION_CONTEXT('2D SPACE',''
  ) );
#7757 = PCURVE('',#5373,#7758);
#7758 = DEFINITIONAL_REPRESENTATION('',(#7759),#7762);
#7759 = B_SPLINE_CURVE_WITH_KNOTS('',1,(#7760,#7761),.UNSPECIFIED.,.F.,
  .F.,(2,2),(0.,0.532354034669),.PIECEWISE_BEZIER_KNOTS.);
#7760 = CARTESIAN_POINT('',(0.203615869656,-2.325));
#7761 = CARTESIAN_POINT('',(-0.231022198166,-2.017606818182));
#7762 = ( GEOMETRIC_REPRESENTATION_CONTEXT(2) 
PARAMETRIC_REPRESENTATION_CONTEXT() REPRESENTATION_CONTEXT('2D SPACE',''
  ) );
#7763 = ORIENTED_EDGE('',*,*,#5337,.T.);
#7764 = ORIENTED_EDGE('',*,*,#5261,.T.);
#7765 = ORIENTED_EDGE('',*,*,#5203,.T.);
#7766 = ORIENTED_EDGE('',*,*,#7694,.T.);
#7767 = ADVANCED_FACE('',(#7768),#5373,.F.);
#7768 = FACE_BOUND('',#7769,.F.);
#7769 = EDGE_LOOP('',(#7770,#7771,#7792,#7811,#7812,#7813,#7814,#7815));
#7770 = ORIENTED_EDGE('',*,*,#7744,.F.);
#7771 = ORIENTED_EDGE('',*,*,#7772,.T.);
#7772 = EDGE_CURVE('',#7724,#7773,#7775,.T.);
#7773 = VERTEX_POINT('',#7774);
#7774 = CARTESIAN_POINT('',(0.848951666667,-0.848951666667,0.));
#7775 = SURFACE_CURVE('',#7776,(#7780,#7786),.PCURVE_S1.);
#7776 = LINE('',#7777,#7778);
#7777 = CARTESIAN_POINT('',(0.848951666667,0.,0.));
#7778 = VECTOR('',#7779,1.);
#7779 = DIRECTION('',(0.,1.,0.));
#7780 = PCURVE('',#5373,#7781);
#7781 = DEFINITIONAL_REPRESENTATION('',(#7782),#7785);
#7782 = B_SPLINE_CURVE_WITH_KNOTS('',1,(#7783,#7784),.UNSPECIFIED.,.F.,
  .F.,(2,2),(-2.325,2.325),.PIECEWISE_BEZIER_KNOTS.);
#7783 = CARTESIAN_POINT('',(0.202167076097,-2.325));
#7784 = CARTESIAN_POINT('',(0.202167076097,2.325));
#7785 = ( GEOMETRIC_REPRESENTATION_CONTEXT(2) 
PARAMETRIC_REPRESENTATION_CONTEXT() REPRESENTATION_CONTEXT('2D SPACE',''
  ) );
#7786 = PCURVE('',#7636,#7787);
#7787 = DEFINITIONAL_REPRESENTATION('',(#7788),#7791);
#7788 = B_SPLINE_CURVE_WITH_KNOTS('',1,(#7789,#7790),.UNSPECIFIED.,.F.,
  .F.,(2,2),(-2.325,2.325),.PIECEWISE_BEZIER_KNOTS.);
#7789 = CARTESIAN_POINT('',(0.848951666667,-2.325));
#7790 = CARTESIAN_POINT('',(0.848951666667,2.325));
#7791 = ( GEOMETRIC_REPRESENTATION_CONTEXT(2) 
PARAMETRIC_REPRESENTATION_CONTEXT() REPRESENTATION_CONTEXT('2D SPACE',''
  ) );
#7792 = ORIENTED_EDGE('',*,*,#7793,.T.);
#7793 = EDGE_CURVE('',#7773,#5583,#7794,.T.);
#7794 = SURFACE_CURVE('',#7795,(#7799,#7805),.PCURVE_S1.);
#7795 = LINE('',#7796,#7797);
#7796 = CARTESIAN_POINT('',(0.461192693127,-0.461192693127,
    0.369881373806));
#7797 = VECTOR('',#7798,1.);
#7798 = DIRECTION('',(-0.586218862101,0.586218862101,0.559191283403));
#7799 = PCURVE('',#5373,#7800);
#7800 = DEFINITIONAL_REPRESENTATION('',(#7801),#7804);
#7801 = B_SPLINE_CURVE_WITH_KNOTS('',1,(#7802,#7803),.UNSPECIFIED.,.F.,
  .F.,(2,2),(-0.661457688602,-0.151492345737),.PIECEWISE_BEZIER_KNOTS.);
#7802 = CARTESIAN_POINT('',(0.202167076097,-0.848951666667));
#7803 = CARTESIAN_POINT('',(-0.210982738565,-0.550000363661));
#7804 = ( GEOMETRIC_REPRESENTATION_CONTEXT(2) 
PARAMETRIC_REPRESENTATION_CONTEXT() REPRESENTATION_CONTEXT('2D SPACE',''
  ) );
#7805 = PCURVE('',#5666,#7806);
#7806 = DEFINITIONAL_REPRESENTATION('',(#7807),#7810);
#7807 = B_SPLINE_CURVE_WITH_KNOTS('',1,(#7808,#7809),.UNSPECIFIED.,.F.,
  .F.,(2,2),(-0.661457688602,-0.151492345737),.PIECEWISE_BEZIER_KNOTS.);
#7808 = CARTESIAN_POINT('',(-0.202167076097,-0.848951666667));
#7809 = CARTESIAN_POINT('',(0.210982738565,-0.550000363661));
#7810 = ( GEOMETRIC_REPRESENTATION_CONTEXT(2) 
PARAMETRIC_REPRESENTATION_CONTEXT() REPRESENTATION_CONTEXT('2D SPACE',''
  ) );
#7811 = ORIENTED_EDGE('',*,*,#5582,.T.);
#7812 = ORIENTED_EDGE('',*,*,#5538,.T.);
#7813 = ORIENTED_EDGE('',*,*,#5492,.T.);
#7814 = ORIENTED_EDGE('',*,*,#5409,.T.);
#7815 = ORIENTED_EDGE('',*,*,#5358,.T.);
#7816 = ADVANCED_FACE('',(#7817),#5666,.F.);
#7817 = FACE_BOUND('',#7818,.F.);
#7818 = EDGE_LOOP('',(#7819,#7820,#7841,#7861,#7862,#7863,#7864,#7865));
#7819 = ORIENTED_EDGE('',*,*,#7793,.F.);
#7820 = ORIENTED_EDGE('',*,*,#7821,.T.);
#7821 = EDGE_CURVE('',#7773,#7822,#7824,.T.);
#7822 = VERTEX_POINT('',#7823);
#7823 = CARTESIAN_POINT('',(2.323975356061,-0.848951666667,0.));
#7824 = SURFACE_CURVE('',#7825,(#7829,#7835),.PCURVE_S1.);
#7825 = LINE('',#7826,#7827);
#7826 = CARTESIAN_POINT('',(1.138699425633E-17,-0.848951666667,0.));
#7827 = VECTOR('',#7828,1.);
#7828 = DIRECTION('',(1.,0.,-0.));
#7829 = PCURVE('',#5666,#7830);
#7830 = DEFINITIONAL_REPRESENTATION('',(#7831),#7834);
#7831 = B_SPLINE_CURVE_WITH_KNOTS('',1,(#7832,#7833),.UNSPECIFIED.,.F.,
  .F.,(2,2),(-2.325,2.325),.PIECEWISE_BEZIER_KNOTS.);
#7832 = CARTESIAN_POINT('',(-0.202167076097,2.325));
#7833 = CARTESIAN_POINT('',(-0.202167076097,-2.325));
#7834 = ( GEOMETRIC_REPRESENTATION_CONTEXT(2) 
PARAMETRIC_REPRESENTATION_CONTEXT() REPRESENTATION_CONTEXT('2D SPACE',''
  ) );
#7835 = PCURVE('',#7636,#7836);
#7836 = DEFINITIONAL_REPRESENTATION('',(#7837),#7840);
#7837 = B_SPLINE_CURVE_WITH_KNOTS('',1,(#7838,#7839),.UNSPECIFIED.,.F.,
  .F.,(2,2),(-2.325,2.325),.PIECEWISE_BEZIER_KNOTS.);
#7838 = CARTESIAN_POINT('',(-2.325,-0.848951666667));
#7839 = CARTESIAN_POINT('',(2.325,-0.848951666667));
#7840 = ( GEOMETRIC_REPRESENTATION_CONTEXT(2) 
PARAMETRIC_REPRESENTATION_CONTEXT() REPRESENTATION_CONTEXT('2D SPACE',''
  ) );
#7841 = ORIENTED_EDGE('',*,*,#7842,.T.);
#7842 = EDGE_CURVE('',#7822,#5888,#7843,.T.);
#7843 = SURFACE_CURVE('',#7844,(#7848,#7855),.PCURVE_S1.);
#7844 = LINE('',#7845,#7846);
#7845 = CARTESIAN_POINT('',(2.325,-0.85,-1.E-03));
#7846 = VECTOR('',#7847,1.);
#7847 = DIRECTION('',(-0.577422470385,0.590772267173,0.56353475406));
#7848 = PCURVE('',#5666,#7849);
#7849 = DEFINITIONAL_REPRESENTATION('',(#7850),#7854);
#7850 = LINE('',#7851,#7852);
#7851 = CARTESIAN_POINT('',(-0.203615869656,-2.325));
#7852 = VECTOR('',#7853,1.);
#7853 = DIRECTION('',(0.816445522184,0.577422470385));
#7854 = ( GEOMETRIC_REPRESENTATION_CONTEXT(2) 
PARAMETRIC_REPRESENTATION_CONTEXT() REPRESENTATION_CONTEXT('2D SPACE',''
  ) );
#7855 = PCURVE('',#5923,#7856);
#7856 = DEFINITIONAL_REPRESENTATION('',(#7857),#7860);
#7857 = B_SPLINE_CURVE_WITH_KNOTS('',1,(#7858,#7859),.UNSPECIFIED.,.F.,
  .F.,(2,2),(0.,0.532354034669),.PIECEWISE_BEZIER_KNOTS.);
#7858 = CARTESIAN_POINT('',(0.179544029184,-0.85));
#7859 = CARTESIAN_POINT('',(-0.249979623516,-0.5355));
#7860 = ( GEOMETRIC_REPRESENTATION_CONTEXT(2) 
PARAMETRIC_REPRESENTATION_CONTEXT() REPRESENTATION_CONTEXT('2D SPACE',''
  ) );
#7861 = ORIENTED_EDGE('',*,*,#5887,.T.);
#7862 = ORIENTED_EDGE('',*,*,#5841,.T.);
#7863 = ORIENTED_EDGE('',*,*,#5765,.T.);
#7864 = ORIENTED_EDGE('',*,*,#5712,.T.);
#7865 = ORIENTED_EDGE('',*,*,#5632,.F.);
#7866 = ADVANCED_FACE('',(#7867),#5923,.F.);
#7867 = FACE_BOUND('',#7868,.F.);
#7868 = EDGE_LOOP('',(#7869,#7870,#7891,#7911,#7912,#7913));
#7869 = ORIENTED_EDGE('',*,*,#7842,.F.);
#7870 = ORIENTED_EDGE('',*,*,#7871,.T.);
#7871 = EDGE_CURVE('',#7822,#7872,#7874,.T.);
#7872 = VERTEX_POINT('',#7873);
#7873 = CARTESIAN_POINT('',(2.323975356061,0.848951666667,0.));
#7874 = SURFACE_CURVE('',#7875,(#7879,#7885),.PCURVE_S1.);
#7875 = LINE('',#7876,#7877);
#7876 = CARTESIAN_POINT('',(2.323975356061,0.,-6.938893903907E-18));
#7877 = VECTOR('',#7878,1.);
#7878 = DIRECTION('',(0.,1.,0.));
#7879 = PCURVE('',#5923,#7880);
#7880 = DEFINITIONAL_REPRESENTATION('',(#7881),#7884);
#7881 = B_SPLINE_CURVE_WITH_KNOTS('',1,(#7882,#7883),.UNSPECIFIED.,.F.,
  .F.,(2,2),(-0.85,0.85),.PIECEWISE_BEZIER_KNOTS.);
#7882 = CARTESIAN_POINT('',(0.178112283675,-0.85));
#7883 = CARTESIAN_POINT('',(0.178112283675,0.85));
#7884 = ( GEOMETRIC_REPRESENTATION_CONTEXT(2) 
PARAMETRIC_REPRESENTATION_CONTEXT() REPRESENTATION_CONTEXT('2D SPACE',''
  ) );
#7885 = PCURVE('',#7636,#7886);
#7886 = DEFINITIONAL_REPRESENTATION('',(#7887),#7890);
#7887 = B_SPLINE_CURVE_WITH_KNOTS('',1,(#7888,#7889),.UNSPECIFIED.,.F.,
  .F.,(2,2),(-0.85,0.85),.PIECEWISE_BEZIER_KNOTS.);
#7888 = CARTESIAN_POINT('',(2.323975356061,-0.85));
#7889 = CARTESIAN_POINT('',(2.323975356061,0.85));
#7890 = ( GEOMETRIC_REPRESENTATION_CONTEXT(2) 
PARAMETRIC_REPRESENTATION_CONTEXT() REPRESENTATION_CONTEXT('2D SPACE',''
  ) );
#7891 = ORIENTED_EDGE('',*,*,#7892,.T.);
#7892 = EDGE_CURVE('',#7872,#6043,#7893,.T.);
#7893 = SURFACE_CURVE('',#7894,(#7898,#7905),.PCURVE_S1.);
#7894 = LINE('',#7895,#7896);
#7895 = CARTESIAN_POINT('',(2.325,0.85,-1.E-03));
#7896 = VECTOR('',#7897,1.);
#7897 = DIRECTION('',(-0.577422470385,-0.590772267173,0.56353475406));
#7898 = PCURVE('',#5923,#7899);
#7899 = DEFINITIONAL_REPRESENTATION('',(#7900),#7904);
#7900 = LINE('',#7901,#7902);
#7901 = CARTESIAN_POINT('',(0.179544029184,0.85));
#7902 = VECTOR('',#7903,1.);
#7903 = DIRECTION('',(-0.80683835329,-0.590772267173));
#7904 = ( GEOMETRIC_REPRESENTATION_CONTEXT(2) 
PARAMETRIC_REPRESENTATION_CONTEXT() REPRESENTATION_CONTEXT('2D SPACE',''
  ) );
#7905 = PCURVE('',#6078,#7906);
#7906 = DEFINITIONAL_REPRESENTATION('',(#7907),#7910);
#7907 = B_SPLINE_CURVE_WITH_KNOTS('',1,(#7908,#7909),.UNSPECIFIED.,.F.,
  .F.,(2,2),(0.,0.532354034669),.PIECEWISE_BEZIER_KNOTS.);
#7908 = CARTESIAN_POINT('',(0.203615869656,-2.325));
#7909 = CARTESIAN_POINT('',(-0.231022198166,-2.017606818182));
#7910 = ( GEOMETRIC_REPRESENTATION_CONTEXT(2) 
PARAMETRIC_REPRESENTATION_CONTEXT() REPRESENTATION_CONTEXT('2D SPACE',''
  ) );
#7911 = ORIENTED_EDGE('',*,*,#6042,.T.);
#7912 = ORIENTED_EDGE('',*,*,#5996,.T.);
#7913 = ORIENTED_EDGE('',*,*,#5908,.T.);
#7914 = ADVANCED_FACE('',(#7915),#6078,.F.);
#7915 = FACE_BOUND('',#7916,.F.);
#7916 = EDGE_LOOP('',(#7917,#7918,#7919,#7920,#7941,#7960,#7961,#7962));
#7917 = ORIENTED_EDGE('',*,*,#6114,.T.);
#7918 = ORIENTED_EDGE('',*,*,#6063,.T.);
#7919 = ORIENTED_EDGE('',*,*,#7892,.F.);
#7920 = ORIENTED_EDGE('',*,*,#7921,.T.);
#7921 = EDGE_CURVE('',#7872,#7922,#7924,.T.);
#7922 = VERTEX_POINT('',#7923);
#7923 = CARTESIAN_POINT('',(0.848951666667,0.848951666667,0.));
#7924 = SURFACE_CURVE('',#7925,(#7929,#7935),.PCURVE_S1.);
#7925 = LINE('',#7926,#7927);
#7926 = CARTESIAN_POINT('',(1.138699425633E-17,0.848951666667,0.));
#7927 = VECTOR('',#7928,1.);
#7928 = DIRECTION('',(-1.,0.,0.));
#7929 = PCURVE('',#6078,#7930);
#7930 = DEFINITIONAL_REPRESENTATION('',(#7931),#7934);
#7931 = B_SPLINE_CURVE_WITH_KNOTS('',1,(#7932,#7933),.UNSPECIFIED.,.F.,
  .F.,(2,2),(-2.325,2.325),.PIECEWISE_BEZIER_KNOTS.);
#7932 = CARTESIAN_POINT('',(0.202167076097,-2.325));
#7933 = CARTESIAN_POINT('',(0.202167076097,2.325));
#7934 = ( GEOMETRIC_REPRESENTATION_CONTEXT(2) 
PARAMETRIC_REPRESENTATION_CONTEXT() REPRESENTATION_CONTEXT('2D SPACE',''
  ) );
#7935 = PCURVE('',#7636,#7936);
#7936 = DEFINITIONAL_REPRESENTATION('',(#7937),#7940);
#7937 = B_SPLINE_CURVE_WITH_KNOTS('',1,(#7938,#7939),.UNSPECIFIED.,.F.,
  .F.,(2,2),(-2.325,2.325),.PIECEWISE_BEZIER_KNOTS.);
#7938 = CARTESIAN_POINT('',(2.325,0.848951666667));
#7939 = CARTESIAN_POINT('',(-2.325,0.848951666667));
#7940 = ( GEOMETRIC_REPRESENTATION_CONTEXT(2) 
PARAMETRIC_REPRESENTATION_CONTEXT() REPRESENTATION_CONTEXT('2D SPACE',''
  ) );
#7941 = ORIENTED_EDGE('',*,*,#7942,.F.);
#7942 = EDGE_CURVE('',#6288,#7922,#7943,.T.);
#7943 = SURFACE_CURVE('',#7944,(#7948,#7954),.PCURVE_S1.);
#7944 = LINE('',#7945,#7946);
#7945 = CARTESIAN_POINT('',(0.461192693127,0.461192693127,0.369881373806
    ));
#7946 = VECTOR('',#7947,1.);
#7947 = DIRECTION('',(0.586218862101,0.586218862101,-0.559191283403));
#7948 = PCURVE('',#6078,#7949);
#7949 = DEFINITIONAL_REPRESENTATION('',(#7950),#7953);
#7950 = B_SPLINE_CURVE_WITH_KNOTS('',1,(#7951,#7952),.UNSPECIFIED.,.F.,
  .F.,(2,2),(0.151492345737,0.661457688602),.PIECEWISE_BEZIER_KNOTS.);
#7951 = CARTESIAN_POINT('',(-0.210982738565,-0.550000363661));
#7952 = CARTESIAN_POINT('',(0.202167076097,-0.848951666667));
#7953 = ( GEOMETRIC_REPRESENTATION_CONTEXT(2) 
PARAMETRIC_REPRESENTATION_CONTEXT() REPRESENTATION_CONTEXT('2D SPACE',''
  ) );
#7954 = PCURVE('',#6323,#7955);
#7955 = DEFINITIONAL_REPRESENTATION('',(#7956),#7959);
#7956 = B_SPLINE_CURVE_WITH_KNOTS('',1,(#7957,#7958),.UNSPECIFIED.,.F.,
  .F.,(2,2),(0.151492345737,0.661457688602),.PIECEWISE_BEZIER_KNOTS.);
#7957 = CARTESIAN_POINT('',(-0.210982738565,0.550000363661));
#7958 = CARTESIAN_POINT('',(0.202167076097,0.848951666667));
#7959 = ( GEOMETRIC_REPRESENTATION_CONTEXT(2) 
PARAMETRIC_REPRESENTATION_CONTEXT() REPRESENTATION_CONTEXT('2D SPACE',''
  ) );
#7960 = ORIENTED_EDGE('',*,*,#6365,.T.);
#7961 = ORIENTED_EDGE('',*,*,#6243,.T.);
#7962 = ORIENTED_EDGE('',*,*,#6167,.T.);
#7963 = ADVANCED_FACE('',(#7964),#6323,.F.);
#7964 = FACE_BOUND('',#7965,.F.);
#7965 = EDGE_LOOP('',(#7966,#7987,#8007,#8008,#8009,#8010,#8011,#8012));
#7966 = ORIENTED_EDGE('',*,*,#7967,.T.);
#7967 = EDGE_CURVE('',#7922,#7968,#7970,.T.);
#7968 = VERTEX_POINT('',#7969);
#7969 = CARTESIAN_POINT('',(0.848951666667,2.323975356061,0.));
#7970 = SURFACE_CURVE('',#7971,(#7975,#7981),.PCURVE_S1.);
#7971 = LINE('',#7972,#7973);
#7972 = CARTESIAN_POINT('',(0.848951666667,0.,0.));
#7973 = VECTOR('',#7974,1.);
#7974 = DIRECTION('',(0.,1.,0.));
#7975 = PCURVE('',#6323,#7976);
#7976 = DEFINITIONAL_REPRESENTATION('',(#7977),#7980);
#7977 = B_SPLINE_CURVE_WITH_KNOTS('',1,(#7978,#7979),.UNSPECIFIED.,.F.,
  .F.,(2,2),(-2.325,2.325),.PIECEWISE_BEZIER_KNOTS.);
#7978 = CARTESIAN_POINT('',(0.202167076097,-2.325));
#7979 = CARTESIAN_POINT('',(0.202167076097,2.325));
#7980 = ( GEOMETRIC_REPRESENTATION_CONTEXT(2) 
PARAMETRIC_REPRESENTATION_CONTEXT() REPRESENTATION_CONTEXT('2D SPACE',''
  ) );
#7981 = PCURVE('',#7636,#7982);
#7982 = DEFINITIONAL_REPRESENTATION('',(#7983),#7986);
#7983 = B_SPLINE_CURVE_WITH_KNOTS('',1,(#7984,#7985),.UNSPECIFIED.,.F.,
  .F.,(2,2),(-2.325,2.325),.PIECEWISE_BEZIER_KNOTS.);
#7984 = CARTESIAN_POINT('',(0.848951666667,-2.325));
#7985 = CARTESIAN_POINT('',(0.848951666667,2.325));
#7986 = ( GEOMETRIC_REPRESENTATION_CONTEXT(2) 
PARAMETRIC_REPRESENTATION_CONTEXT() REPRESENTATION_CONTEXT('2D SPACE',''
  ) );
#7987 = ORIENTED_EDGE('',*,*,#7988,.T.);
#7988 = EDGE_CURVE('',#7968,#6593,#7989,.T.);
#7989 = SURFACE_CURVE('',#7990,(#7994,#8001),.PCURVE_S1.);
#7990 = LINE('',#7991,#7992);
#7991 = CARTESIAN_POINT('',(0.85,2.325,-1.E-03));
#7992 = VECTOR('',#7993,1.);
#7993 = DIRECTION('',(-0.590772267173,-0.577422470385,0.56353475406));
#7994 = PCURVE('',#6323,#7995);
#7995 = DEFINITIONAL_REPRESENTATION('',(#7996),#8000);
#7996 = LINE('',#7997,#7998);
#7997 = CARTESIAN_POINT('',(0.203615869656,2.325));
#7998 = VECTOR('',#7999,1.);
#7999 = DIRECTION('',(-0.816445522184,-0.577422470385));
#8000 = ( GEOMETRIC_REPRESENTATION_CONTEXT(2) 
PARAMETRIC_REPRESENTATION_CONTEXT() REPRESENTATION_CONTEXT('2D SPACE',''
  ) );
#8001 = PCURVE('',#6628,#8002);
#8002 = DEFINITIONAL_REPRESENTATION('',(#8003),#8006);
#8003 = B_SPLINE_CURVE_WITH_KNOTS('',1,(#8004,#8005),.UNSPECIFIED.,.F.,
  .F.,(2,2),(0.,0.532354034669),.PIECEWISE_BEZIER_KNOTS.);
#8004 = CARTESIAN_POINT('',(0.179544029184,-0.85));
#8005 = CARTESIAN_POINT('',(-0.249979623516,-0.5355));
#8006 = ( GEOMETRIC_REPRESENTATION_CONTEXT(2) 
PARAMETRIC_REPRESENTATION_CONTEXT() REPRESENTATION_CONTEXT('2D SPACE',''
  ) );
#8007 = ORIENTED_EDGE('',*,*,#6592,.T.);
#8008 = ORIENTED_EDGE('',*,*,#6546,.T.);
#8009 = ORIENTED_EDGE('',*,*,#6500,.T.);
#8010 = ORIENTED_EDGE('',*,*,#6417,.T.);
#8011 = ORIENTED_EDGE('',*,*,#6287,.F.);
#8012 = ORIENTED_EDGE('',*,*,#7942,.T.);
#8013 = ADVANCED_FACE('',(#8014),#6628,.F.);
#8014 = FACE_BOUND('',#8015,.F.);
#8015 = EDGE_LOOP('',(#8016,#8038,#8039,#8040,#8041,#8042));
#8016 = ORIENTED_EDGE('',*,*,#8017,.F.);
#8017 = EDGE_CURVE('',#6771,#8018,#8020,.T.);
#8018 = VERTEX_POINT('',#8019);
#8019 = CARTESIAN_POINT('',(-0.848951666667,2.323975356061,0.));
#8020 = SURFACE_CURVE('',#8021,(#8025,#8031),.PCURVE_S1.);
#8021 = LINE('',#8022,#8023);
#8022 = CARTESIAN_POINT('',(-0.5355,2.017606818182,0.299));
#8023 = VECTOR('',#8024,1.);
#8024 = DIRECTION('',(-0.590772267173,0.577422470385,-0.56353475406));
#8025 = PCURVE('',#6628,#8026);
#8026 = DEFINITIONAL_REPRESENTATION('',(#8027),#8030);
#8027 = B_SPLINE_CURVE_WITH_KNOTS('',1,(#8028,#8029),.UNSPECIFIED.,.F.,
  .F.,(2,2),(0.,0.532354034669),.PIECEWISE_BEZIER_KNOTS.);
#8028 = CARTESIAN_POINT('',(-0.249979623516,0.5355));
#8029 = CARTESIAN_POINT('',(0.179544029184,0.85));
#8030 = ( GEOMETRIC_REPRESENTATION_CONTEXT(2) 
PARAMETRIC_REPRESENTATION_CONTEXT() REPRESENTATION_CONTEXT('2D SPACE',''
  ) );
#8031 = PCURVE('',#6804,#8032);
#8032 = DEFINITIONAL_REPRESENTATION('',(#8033),#8037);
#8033 = LINE('',#8034,#8035);
#8034 = CARTESIAN_POINT('',(0.231022198166,2.017606818182));
#8035 = VECTOR('',#8036,1.);
#8036 = DIRECTION('',(-0.816445522184,0.577422470385));
#8037 = ( GEOMETRIC_REPRESENTATION_CONTEXT(2) 
PARAMETRIC_REPRESENTATION_CONTEXT() REPRESENTATION_CONTEXT('2D SPACE',''
  ) );
#8038 = ORIENTED_EDGE('',*,*,#6770,.T.);
#8039 = ORIENTED_EDGE('',*,*,#6671,.T.);
#8040 = ORIENTED_EDGE('',*,*,#6613,.T.);
#8041 = ORIENTED_EDGE('',*,*,#7988,.F.);
#8042 = ORIENTED_EDGE('',*,*,#8043,.T.);
#8043 = EDGE_CURVE('',#7968,#8018,#8044,.T.);
#8044 = SURFACE_CURVE('',#8045,(#8049,#8055),.PCURVE_S1.);
#8045 = LINE('',#8046,#8047);
#8046 = CARTESIAN_POINT('',(0.,2.323975356061,-6.938893903907E-18));
#8047 = VECTOR('',#8048,1.);
#8048 = DIRECTION('',(-1.,0.,0.));
#8049 = PCURVE('',#6628,#8050);
#8050 = DEFINITIONAL_REPRESENTATION('',(#8051),#8054);
#8051 = B_SPLINE_CURVE_WITH_KNOTS('',1,(#8052,#8053),.UNSPECIFIED.,.F.,
  .F.,(2,2),(-0.85,0.85),.PIECEWISE_BEZIER_KNOTS.);
#8052 = CARTESIAN_POINT('',(0.178112283675,-0.85));
#8053 = CARTESIAN_POINT('',(0.178112283675,0.85));
#8054 = ( GEOMETRIC_REPRESENTATION_CONTEXT(2) 
PARAMETRIC_REPRESENTATION_CONTEXT() REPRESENTATION_CONTEXT('2D SPACE',''
  ) );
#8055 = PCURVE('',#7636,#8056);
#8056 = DEFINITIONAL_REPRESENTATION('',(#8057),#8060);
#8057 = B_SPLINE_CURVE_WITH_KNOTS('',1,(#8058,#8059),.UNSPECIFIED.,.F.,
  .F.,(2,2),(-0.85,0.85),.PIECEWISE_BEZIER_KNOTS.);
#8058 = CARTESIAN_POINT('',(0.85,2.323975356061));
#8059 = CARTESIAN_POINT('',(-0.85,2.323975356061));
#8060 = ( GEOMETRIC_REPRESENTATION_CONTEXT(2) 
PARAMETRIC_REPRESENTATION_CONTEXT() REPRESENTATION_CONTEXT('2D SPACE',''
  ) );
#8061 = ADVANCED_FACE('',(#8062),#6804,.F.);
#8062 = FACE_BOUND('',#8063,.F.);
#8063 = EDGE_LOOP('',(#8064,#8065,#8086,#8105,#8106,#8107,#8108,#8109));
#8064 = ORIENTED_EDGE('',*,*,#8017,.T.);
#8065 = ORIENTED_EDGE('',*,*,#8066,.T.);
#8066 = EDGE_CURVE('',#8018,#8067,#8069,.T.);
#8067 = VERTEX_POINT('',#8068);
#8068 = CARTESIAN_POINT('',(-0.848951666667,0.848951666667,0.));
#8069 = SURFACE_CURVE('',#8070,(#8074,#8080),.PCURVE_S1.);
#8070 = LINE('',#8071,#8072);
#8071 = CARTESIAN_POINT('',(-0.848951666667,-1.138699425633E-17,0.));
#8072 = VECTOR('',#8073,1.);
#8073 = DIRECTION('',(0.,-1.,0.));
#8074 = PCURVE('',#6804,#8075);
#8075 = DEFINITIONAL_REPRESENTATION('',(#8076),#8079);
#8076 = B_SPLINE_CURVE_WITH_KNOTS('',1,(#8077,#8078),.UNSPECIFIED.,.F.,
  .F.,(2,2),(-2.325,2.325),.PIECEWISE_BEZIER_KNOTS.);
#8077 = CARTESIAN_POINT('',(-0.202167076097,2.325));
#8078 = CARTESIAN_POINT('',(-0.202167076097,-2.325));
#8079 = ( GEOMETRIC_REPRESENTATION_CONTEXT(2) 
PARAMETRIC_REPRESENTATION_CONTEXT() REPRESENTATION_CONTEXT('2D SPACE',''
  ) );
#8080 = PCURVE('',#7636,#8081);
#8081 = DEFINITIONAL_REPRESENTATION('',(#8082),#8085);
#8082 = B_SPLINE_CURVE_WITH_KNOTS('',1,(#8083,#8084),.UNSPECIFIED.,.F.,
  .F.,(2,2),(-2.325,2.325),.PIECEWISE_BEZIER_KNOTS.);
#8083 = CARTESIAN_POINT('',(-0.848951666667,2.325));
#8084 = CARTESIAN_POINT('',(-0.848951666667,-2.325));
#8085 = ( GEOMETRIC_REPRESENTATION_CONTEXT(2) 
PARAMETRIC_REPRESENTATION_CONTEXT() REPRESENTATION_CONTEXT('2D SPACE',''
  ) );
#8086 = ORIENTED_EDGE('',*,*,#8087,.T.);
#8087 = EDGE_CURVE('',#8067,#6993,#8088,.T.);
#8088 = SURFACE_CURVE('',#8089,(#8093,#8099),.PCURVE_S1.);
#8089 = LINE('',#8090,#8091);
#8090 = CARTESIAN_POINT('',(-0.461192693127,0.461192693127,
    0.369881373806));
#8091 = VECTOR('',#8092,1.);
#8092 = DIRECTION('',(0.586218862101,-0.586218862101,0.559191283403));
#8093 = PCURVE('',#6804,#8094);
#8094 = DEFINITIONAL_REPRESENTATION('',(#8095),#8098);
#8095 = B_SPLINE_CURVE_WITH_KNOTS('',1,(#8096,#8097),.UNSPECIFIED.,.F.,
  .F.,(2,2),(-0.661457688602,-0.151492345737),.PIECEWISE_BEZIER_KNOTS.);
#8096 = CARTESIAN_POINT('',(-0.202167076097,0.848951666667));
#8097 = CARTESIAN_POINT('',(0.210982738565,0.550000363661));
#8098 = ( GEOMETRIC_REPRESENTATION_CONTEXT(2) 
PARAMETRIC_REPRESENTATION_CONTEXT() REPRESENTATION_CONTEXT('2D SPACE',''
  ) );
#8099 = PCURVE('',#7076,#8100);
#8100 = DEFINITIONAL_REPRESENTATION('',(#8101),#8104);
#8101 = B_SPLINE_CURVE_WITH_KNOTS('',1,(#8102,#8103),.UNSPECIFIED.,.F.,
  .F.,(2,2),(-0.661457688602,-0.151492345737),.PIECEWISE_BEZIER_KNOTS.);
#8102 = CARTESIAN_POINT('',(0.202167076097,0.848951666667));
#8103 = CARTESIAN_POINT('',(-0.210982738565,0.550000363661));
#8104 = ( GEOMETRIC_REPRESENTATION_CONTEXT(2) 
PARAMETRIC_REPRESENTATION_CONTEXT() REPRESENTATION_CONTEXT('2D SPACE',''
  ) );
#8105 = ORIENTED_EDGE('',*,*,#6992,.T.);
#8106 = ORIENTED_EDGE('',*,*,#6948,.T.);
#8107 = ORIENTED_EDGE('',*,*,#6872,.T.);
#8108 = ORIENTED_EDGE('',*,*,#6819,.T.);
#8109 = ORIENTED_EDGE('',*,*,#6791,.T.);
#8110 = ADVANCED_FACE('',(#8111),#7076,.F.);
#8111 = FACE_BOUND('',#8112,.F.);
#8112 = EDGE_LOOP('',(#8113,#8135,#8136,#8137,#8138,#8139,#8140,#8141));
#8113 = ORIENTED_EDGE('',*,*,#8114,.F.);
#8114 = EDGE_CURVE('',#7298,#8115,#8117,.T.);
#8115 = VERTEX_POINT('',#8116);
#8116 = CARTESIAN_POINT('',(-2.323975356061,0.848951666667,0.));
#8117 = SURFACE_CURVE('',#8118,(#8122,#8128),.PCURVE_S1.);
#8118 = LINE('',#8119,#8120);
#8119 = CARTESIAN_POINT('',(-2.017606818182,0.5355,0.299));
#8120 = VECTOR('',#8121,1.);
#8121 = DIRECTION('',(-0.577422470385,0.590772267173,-0.56353475406));
#8122 = PCURVE('',#7076,#8123);
#8123 = DEFINITIONAL_REPRESENTATION('',(#8124),#8127);
#8124 = B_SPLINE_CURVE_WITH_KNOTS('',1,(#8125,#8126),.UNSPECIFIED.,.F.,
  .F.,(2,2),(0.,0.532354034669),.PIECEWISE_BEZIER_KNOTS.);
#8125 = CARTESIAN_POINT('',(-0.231022198166,2.017606818182));
#8126 = CARTESIAN_POINT('',(0.203615869656,2.325));
#8127 = ( GEOMETRIC_REPRESENTATION_CONTEXT(2) 
PARAMETRIC_REPRESENTATION_CONTEXT() REPRESENTATION_CONTEXT('2D SPACE',''
  ) );
#8128 = PCURVE('',#7333,#8129);
#8129 = DEFINITIONAL_REPRESENTATION('',(#8130),#8134);
#8130 = LINE('',#8131,#8132);
#8131 = CARTESIAN_POINT('',(0.249979623516,0.5355));
#8132 = VECTOR('',#8133,1.);
#8133 = DIRECTION('',(-0.80683835329,0.590772267173));
#8134 = ( GEOMETRIC_REPRESENTATION_CONTEXT(2) 
PARAMETRIC_REPRESENTATION_CONTEXT() REPRESENTATION_CONTEXT('2D SPACE',''
  ) );
#8135 = ORIENTED_EDGE('',*,*,#7297,.T.);
#8136 = ORIENTED_EDGE('',*,*,#7274,.T.);
#8137 = ORIENTED_EDGE('',*,*,#7175,.T.);
#8138 = ORIENTED_EDGE('',*,*,#7122,.T.);
#8139 = ORIENTED_EDGE('',*,*,#7042,.F.);
#8140 = ORIENTED_EDGE('',*,*,#8087,.F.);
#8141 = ORIENTED_EDGE('',*,*,#8142,.T.);
#8142 = EDGE_CURVE('',#8067,#8115,#8143,.T.);
#8143 = SURFACE_CURVE('',#8144,(#8148,#8154),.PCURVE_S1.);
#8144 = LINE('',#8145,#8146);
#8145 = CARTESIAN_POINT('',(1.138699425633E-17,0.848951666667,0.));
#8146 = VECTOR('',#8147,1.);
#8147 = DIRECTION('',(-1.,0.,0.));
#8148 = PCURVE('',#7076,#8149);
#8149 = DEFINITIONAL_REPRESENTATION('',(#8150),#8153);
#8150 = B_SPLINE_CURVE_WITH_KNOTS('',1,(#8151,#8152),.UNSPECIFIED.,.F.,
  .F.,(2,2),(-2.325,2.325),.PIECEWISE_BEZIER_KNOTS.);
#8151 = CARTESIAN_POINT('',(0.202167076097,-2.325));
#8152 = CARTESIAN_POINT('',(0.202167076097,2.325));
#8153 = ( GEOMETRIC_REPRESENTATION_CONTEXT(2) 
PARAMETRIC_REPRESENTATION_CONTEXT() REPRESENTATION_CONTEXT('2D SPACE',''
  ) );
#8154 = PCURVE('',#7636,#8155);
#8155 = DEFINITIONAL_REPRESENTATION('',(#8156),#8159);
#8156 = B_SPLINE_CURVE_WITH_KNOTS('',1,(#8157,#8158),.UNSPECIFIED.,.F.,
  .F.,(2,2),(-2.325,2.325),.PIECEWISE_BEZIER_KNOTS.);
#8157 = CARTESIAN_POINT('',(2.325,0.848951666667));
#8158 = CARTESIAN_POINT('',(-2.325,0.848951666667));
#8159 = ( GEOMETRIC_REPRESENTATION_CONTEXT(2) 
PARAMETRIC_REPRESENTATION_CONTEXT() REPRESENTATION_CONTEXT('2D SPACE',''
  ) );
#8160 = ADVANCED_FACE('',(#8161),#7333,.F.);
#8161 = FACE_BOUND('',#8162,.F.);
#8162 = EDGE_LOOP('',(#8163,#8182,#8183,#8184,#8185,#8186));
#8163 = ORIENTED_EDGE('',*,*,#8164,.T.);
#8164 = EDGE_CURVE('',#8115,#7600,#8165,.T.);
#8165 = SURFACE_CURVE('',#8166,(#8170,#8176),.PCURVE_S1.);
#8166 = LINE('',#8167,#8168);
#8167 = CARTESIAN_POINT('',(-2.323975356061,0.,0.));
#8168 = VECTOR('',#8169,1.);
#8169 = DIRECTION('',(0.,-1.,0.));
#8170 = PCURVE('',#7333,#8171);
#8171 = DEFINITIONAL_REPRESENTATION('',(#8172),#8175);
#8172 = B_SPLINE_CURVE_WITH_KNOTS('',1,(#8173,#8174),.UNSPECIFIED.,.F.,
  .F.,(2,2),(-0.85,0.85),.PIECEWISE_BEZIER_KNOTS.);
#8173 = CARTESIAN_POINT('',(-0.178112283675,0.85));
#8174 = CARTESIAN_POINT('',(-0.178112283675,-0.85));
#8175 = ( GEOMETRIC_REPRESENTATION_CONTEXT(2) 
PARAMETRIC_REPRESENTATION_CONTEXT() REPRESENTATION_CONTEXT('2D SPACE',''
  ) );
#8176 = PCURVE('',#7636,#8177);
#8177 = DEFINITIONAL_REPRESENTATION('',(#8178),#8181);
#8178 = B_SPLINE_CURVE_WITH_KNOTS('',1,(#8179,#8180),.UNSPECIFIED.,.F.,
  .F.,(2,2),(-0.85,0.85),.PIECEWISE_BEZIER_KNOTS.);
#8179 = CARTESIAN_POINT('',(-2.323975356061,0.85));
#8180 = CARTESIAN_POINT('',(-2.323975356061,-0.85));
#8181 = ( GEOMETRIC_REPRESENTATION_CONTEXT(2) 
PARAMETRIC_REPRESENTATION_CONTEXT() REPRESENTATION_CONTEXT('2D SPACE',''
  ) );
#8182 = ORIENTED_EDGE('',*,*,#7599,.F.);
#8183 = ORIENTED_EDGE('',*,*,#7475,.T.);
#8184 = ORIENTED_EDGE('',*,*,#7376,.T.);
#8185 = ORIENTED_EDGE('',*,*,#7318,.T.);
#8186 = ORIENTED_EDGE('',*,*,#8114,.T.);
#8187 = ADVANCED_FACE('',(#8188),#7582,.T.);
#8188 = FACE_BOUND('',#8189,.T.);
#8189 = EDGE_LOOP('',(#8190,#8191,#8214,#8236));
#8190 = ORIENTED_EDGE('',*,*,#7567,.F.);
#8191 = ORIENTED_EDGE('',*,*,#8192,.F.);
#8192 = EDGE_CURVE('',#8193,#7545,#8195,.T.);
#8193 = VERTEX_POINT('',#8194);
#8194 = CARTESIAN_POINT('',(2.75,-6.73555739531E-16,0.));
#8195 = SEAM_CURVE('',#8196,(#8200,#8207),.PCURVE_S1.);
#8196 = LINE('',#8197,#8198);
#8197 = CARTESIAN_POINT('',(2.75,-6.73555739531E-16,0.));
#8198 = VECTOR('',#8199,1.);
#8199 = DIRECTION('',(0.,0.,1.));
#8200 = PCURVE('',#7582,#8201);
#8201 = DEFINITIONAL_REPRESENTATION('',(#8202),#8206);
#8202 = LINE('',#8203,#8204);
#8203 = CARTESIAN_POINT('',(6.28318530718,-0.));
#8204 = VECTOR('',#8205,1.);
#8205 = DIRECTION('',(0.,1.));
#8206 = ( GEOMETRIC_REPRESENTATION_CONTEXT(2) 
PARAMETRIC_REPRESENTATION_CONTEXT() REPRESENTATION_CONTEXT('2D SPACE',''
  ) );
#8207 = PCURVE('',#7582,#8208);
#8208 = DEFINITIONAL_REPRESENTATION('',(#8209),#8213);
#8209 = LINE('',#8210,#8211);
#8210 = CARTESIAN_POINT('',(0.,-0.));
#8211 = VECTOR('',#8212,1.);
#8212 = DIRECTION('',(0.,1.));
#8213 = ( GEOMETRIC_REPRESENTATION_CONTEXT(2) 
PARAMETRIC_REPRESENTATION_CONTEXT() REPRESENTATION_CONTEXT('2D SPACE',''
  ) );
#8214 = ORIENTED_EDGE('',*,*,#8215,.T.);
#8215 = EDGE_CURVE('',#8193,#8193,#8216,.T.);
#8216 = SURFACE_CURVE('',#8217,(#8222,#8229),.PCURVE_S1.);
#8217 = CIRCLE('',#8218,2.75);
#8218 = AXIS2_PLACEMENT_3D('',#8219,#8220,#8221);
#8219 = CARTESIAN_POINT('',(0.,0.,0.));
#8220 = DIRECTION('',(0.,0.,1.));
#8221 = DIRECTION('',(1.,0.,-0.));
#8222 = PCURVE('',#7582,#8223);
#8223 = DEFINITIONAL_REPRESENTATION('',(#8224),#8228);
#8224 = LINE('',#8225,#8226);
#8225 = CARTESIAN_POINT('',(0.,0.));
#8226 = VECTOR('',#8227,1.);
#8227 = DIRECTION('',(1.,0.));
#8228 = ( GEOMETRIC_REPRESENTATION_CONTEXT(2) 
PARAMETRIC_REPRESENTATION_CONTEXT() REPRESENTATION_CONTEXT('2D SPACE',''
  ) );
#8229 = PCURVE('',#7636,#8230);
#8230 = DEFINITIONAL_REPRESENTATION('',(#8231),#8235);
#8231 = CIRCLE('',#8232,2.75);
#8232 = AXIS2_PLACEMENT_2D('',#8233,#8234);
#8233 = CARTESIAN_POINT('',(0.,0.));
#8234 = DIRECTION('',(1.,0.));
#8235 = ( GEOMETRIC_REPRESENTATION_CONTEXT(2) 
PARAMETRIC_REPRESENTATION_CONTEXT() REPRESENTATION_CONTEXT('2D SPACE',''
  ) );
#8236 = ORIENTED_EDGE('',*,*,#8192,.T.);
#8237 = ADVANCED_FACE('',(#8238,#8241),#7636,.F.);
#8238 = FACE_BOUND('',#8239,.F.);
#8239 = EDGE_LOOP('',(#8240));
#8240 = ORIENTED_EDGE('',*,*,#8215,.T.);
#8241 = FACE_BOUND('',#8242,.F.);
#8242 = EDGE_LOOP('',(#8243,#8244,#8245,#8246,#8247,#8248,#8249,#8250,
    #8251,#8252,#8253,#8254));
#8243 = ORIENTED_EDGE('',*,*,#7673,.F.);
#8244 = ORIENTED_EDGE('',*,*,#7621,.F.);
#8245 = ORIENTED_EDGE('',*,*,#8164,.F.);
#8246 = ORIENTED_EDGE('',*,*,#8142,.F.);
#8247 = ORIENTED_EDGE('',*,*,#8066,.F.);
#8248 = ORIENTED_EDGE('',*,*,#8043,.F.);
#8249 = ORIENTED_EDGE('',*,*,#7967,.F.);
#8250 = ORIENTED_EDGE('',*,*,#7921,.F.);
#8251 = ORIENTED_EDGE('',*,*,#7871,.F.);
#8252 = ORIENTED_EDGE('',*,*,#7821,.F.);
#8253 = ORIENTED_EDGE('',*,*,#7772,.F.);
#8254 = ORIENTED_EDGE('',*,*,#7723,.F.);
#8255 = ( GEOMETRIC_REPRESENTATION_CONTEXT(3) 
GLOBAL_UNCERTAINTY_ASSIGNED_CONTEXT((#8259)) 
GLOBAL_UNIT_ASSIGNED_CONTEXT((#8256,#8257,#8258)) REPRESENTATION_CONTEXT
('Context #1','3D Context with UNIT and UNCERTAINTY') );
#8256 = ( LENGTH_UNIT() NAMED_UNIT(*) SI_UNIT(.MILLI.,.METRE.) );
#8257 = ( NAMED_UNIT(*) PLANE_ANGLE_UNIT() SI_UNIT($,.RADIAN.) );
#8258 = ( NAMED_UNIT(*) SI_UNIT($,.STERADIAN.) SOLID_ANGLE_UNIT() );
#8259 = UNCERTAINTY_MEASURE_WITH_UNIT(LENGTH_MEASURE(2.E-06),#8256,
  'distance_accuracy_value','confusion accuracy');
#8260 = PRODUCT_RELATED_PRODUCT_CATEGORY('part',$,(#7));
ENDSEC;
END-ISO-10303-21;
