ISO-10303-21;
HEADER;
FILE_DESCRIPTION(('Open CASCADE Model'),'2;1');
FILE_NAME('Open CASCADE Shape Model','2026-08-18T20:07:27',('Author'),(
    'Open CASCADE'),'Open CASCADE STEP processor 7.9','build123d',
  'Unknown');
FILE_SCHEMA(('AUTOMOTIVE_DESIGN { 1 0 10303 214 1 1 1 1 }'));
ENDSEC;
DATA;
#1 = APPLICATION_PROTOCOL_DEFINITION('international standard',
  'automotive_design',2000,#2);
#2 = APPLICATION_CONTEXT(
  'core data for automotive mechanical design processes');
#3 = SHAPE_DEFINITION_REPRESENTATION(#4,#10);
#4 = PRODUCT_DEFINITION_SHAPE('','',#5);
#5 = PRODUCT_DEFINITION('design','',#6,#9);
#6 = PRODUCT_DEFINITION_FORMATION('','',#7);
#7 = PRODUCT('SOLID','SOLID','',(#8));
#8 = PRODUCT_CONTEXT('',#2,'mechanical');
#9 = PRODUCT_DEFINITION_CONTEXT('part definition',#2,'design');
#10 = ADVANCED_BREP_SHAPE_REPRESENTATION('',(#11,#15),#8249);
#11 = AXIS2_PLACEMENT_3D('',#12,#13,#14);
#12 = CARTESIAN_POINT('',(0.,0.,0.));
#13 = DIRECTION('',(0.,0.,1.));
#14 = DIRECTION('',(1.,0.,-0.));
#15 = MANIFOLD_SOLID_BREP('',#16);
#16 = CLOSED_SHELL('',(#17,#106,#184,#609,#740,#792,#817,#863,#915,#945,
    #1019,#1226,#1272,#1370,#1416,#1514,#1560,#1753,#1805,#1851,#1903,
    #1933,#1958,#3917,#3984,#4009,#4083,#4128,#4134,#4161,#4168,#4193,
    #4219,#4396,#4423,#4470,#4477,#4504,#4511,#4557,#4624,#4649,#4675,
    #4681,#4707,#4816,#4861,#4990,#5043,#5119,#5165,#5244,#5320,#5392,
    #5445,#5521,#5566,#5695,#5748,#5824,#5870,#5949,#6025,#6097,#6150,
    #6226,#6271,#6400,#6453,#6529,#6575,#6654,#6730,#6802,#6855,#6931,
    #6976,#7105,#7158,#7234,#7280,#7359,#7435,#7502,#7527,#7533,#7588,
    #7663,#7713,#7761,#7810,#7860,#7908,#7957,#8007,#8055,#8104,#8154,
    #8181,#8231));
#17 = ADVANCED_FACE('',(#18),#32,.T.);
#18 = FACE_BOUND('',#19,.T.);
#19 = EDGE_LOOP('',(#20,#54,#81));
#20 = ORIENTED_EDGE('',*,*,#21,.T.);
#21 = EDGE_CURVE('',#22,#24,#26,.T.);
#22 = VERTEX_POINT('',#23);
#23 = CARTESIAN_POINT('',(-1.5,7.914895881675,0.830425932214));
#24 = VERTEX_POINT('',#25);
#25 = CARTESIAN_POINT('',(-1.5,7.878335078653,0.532662086722));
#26 = SURFACE_CURVE('',#27,(#31,#43),.PCURVE_S1.);
#27 = LINE('',#28,#29);
#28 = CARTESIAN_POINT('',(-1.5,7.914895881675,0.830425932214));
#29 = VECTOR('',#30,1.);
#30 = DIRECTION('',(0.,-0.121869343405,-0.992546151641));
#31 = PCURVE('',#32,#37);
#32 = PLANE('',#33);
#33 = AXIS2_PLACEMENT_3D('',#34,#35,#36);
#34 = CARTESIAN_POINT('',(-4.551835495729,7.790763603527,0.620789296844)
  );
#35 = DIRECTION('',(-3.198362857218E-02,0.992038357964,-0.121806994181)
  );
#36 = DIRECTION('',(0.999488392881,3.174522745485E-02,
    -3.897823813806E-03));
#37 = DEFINITIONAL_REPRESENTATION('',(#38),#42);
#38 = LINE('',#39,#40);
#39 = CARTESIAN_POINT('',(3.053397635697,-0.223201954913));
#40 = VECTOR('',#41,1.);
#41 = DIRECTION('',(0.,1.));
#42 = ( GEOMETRIC_REPRESENTATION_CONTEXT(2) 
PARAMETRIC_REPRESENTATION_CONTEXT() REPRESENTATION_CONTEXT('2D SPACE',''
  ) );
#43 = PCURVE('',#44,#49);
#44 = PLANE('',#45);
#45 = AXIS2_PLACEMENT_3D('',#46,#47,#48);
#46 = CARTESIAN_POINT('',(3.364312195834E-17,7.896615480164,
    0.681544009468));
#47 = DIRECTION('',(0.,0.992546151641,-0.121869343405));
#48 = DIRECTION('',(0.,0.121869343405,0.992546151641));
#49 = DEFINITIONAL_REPRESENTATION('',(#50),#53);
#50 = B_SPLINE_CURVE_WITH_KNOTS('',1,(#51,#52),.UNSPECIFIED.,.F.,.F.,(2,
    2),(0.,0.3),.PIECEWISE_BEZIER_KNOTS.);
#51 = CARTESIAN_POINT('',(0.15,-1.5));
#52 = CARTESIAN_POINT('',(-0.15,-1.5));
#53 = ( GEOMETRIC_REPRESENTATION_CONTEXT(2) 
PARAMETRIC_REPRESENTATION_CONTEXT() REPRESENTATION_CONTEXT('2D SPACE',''
  ) );
#54 = ORIENTED_EDGE('',*,*,#55,.T.);
#55 = EDGE_CURVE('',#24,#56,#58,.T.);
#56 = VERTEX_POINT('',#57);
#57 = CARTESIAN_POINT('',(-7.75,7.679825848325,0.557035955403));
#58 = SURFACE_CURVE('',#59,(#63,#70),.PCURVE_S1.);
#59 = LINE('',#60,#61);
#60 = CARTESIAN_POINT('',(-1.5,7.878335078653,0.532662086722));
#61 = VECTOR('',#62,1.);
#62 = DIRECTION('',(-0.999488392881,-3.174522745485E-02,
    3.897823813806E-03));
#63 = PCURVE('',#32,#64);
#64 = DEFINITIONAL_REPRESENTATION('',(#65),#69);
#65 = LINE('',#66,#67);
#66 = CARTESIAN_POINT('',(3.053397635697,7.67980450873E-02));
#67 = VECTOR('',#68,1.);
#68 = DIRECTION('',(-1.,3.064779442431E-33));
#69 = ( GEOMETRIC_REPRESENTATION_CONTEXT(2) 
PARAMETRIC_REPRESENTATION_CONTEXT() REPRESENTATION_CONTEXT('2D SPACE',''
  ) );
#70 = PCURVE('',#71,#76);
#71 = PLANE('',#72);
#72 = AXIS2_PLACEMENT_3D('',#73,#74,#75);
#73 = CARTESIAN_POINT('',(-5.73302945815E-17,3.043420160686E-02,
    1.496263149919));
#74 = DIRECTION('',(0.,-0.121869343405,-0.992546151641));
#75 = DIRECTION('',(-1.,0.,0.));
#76 = DEFINITIONAL_REPRESENTATION('',(#77),#80);
#77 = B_SPLINE_CURVE_WITH_KNOTS('',1,(#78,#79),.UNSPECIFIED.,.F.,.F.,(2,
    2),(0.,6.253199181219),.PIECEWISE_BEZIER_KNOTS.);
#78 = CARTESIAN_POINT('',(1.5,7.906837242851));
#79 = CARTESIAN_POINT('',(7.75,7.706837242851));
#80 = ( GEOMETRIC_REPRESENTATION_CONTEXT(2) 
PARAMETRIC_REPRESENTATION_CONTEXT() REPRESENTATION_CONTEXT('2D SPACE',''
  ) );
#81 = ORIENTED_EDGE('',*,*,#82,.T.);
#82 = EDGE_CURVE('',#56,#22,#83,.T.);
#83 = SURFACE_CURVE('',#84,(#88,#95),.PCURVE_S1.);
#84 = LINE('',#85,#86);
#85 = CARTESIAN_POINT('',(-7.75,7.679825848325,0.557035955403));
#86 = VECTOR('',#87,1.);
#87 = DIRECTION('',(0.998340141859,3.754877607059E-02,4.366979011722E-02
    ));
#88 = PCURVE('',#32,#89);
#89 = DEFINITIONAL_REPRESENTATION('',(#90),#94);
#90 = LINE('',#91,#92);
#91 = CARTESIAN_POINT('',(-3.199801545522,7.67980450873E-02));
#92 = VECTOR('',#93,1.);
#93 = DIRECTION('',(0.998851161224,-4.792032680922E-02));
#94 = ( GEOMETRIC_REPRESENTATION_CONTEXT(2) 
PARAMETRIC_REPRESENTATION_CONTEXT() REPRESENTATION_CONTEXT('2D SPACE',''
  ) );
#95 = PCURVE('',#96,#101);
#96 = PLANE('',#97);
#97 = AXIS2_PLACEMENT_3D('',#98,#99,#100);
#98 = CARTESIAN_POINT('',(-5.164594928754,7.604277912674,2.611680789863)
  );
#99 = DIRECTION('',(-4.130538231321E-02,0.995213259018,
    8.856881204052E-02));
#100 = DIRECTION('',(-1.734723475977E-18,-8.864446401634E-02,
    0.996063330818));
#101 = DEFINITIONAL_REPRESENTATION('',(#102),#105);
#102 = B_SPLINE_CURVE_WITH_KNOTS('',1,(#103,#104),.UNSPECIFIED.,.F.,.F.,
  (2,2),(0.,6.260391361568),.PIECEWISE_BEZIER_KNOTS.);
#103 = CARTESIAN_POINT('',(-2.053253283723,-2.58761342199));
#104 = CARTESIAN_POINT('',(-1.80177720992,3.667725080786));
#105 = ( GEOMETRIC_REPRESENTATION_CONTEXT(2) 
PARAMETRIC_REPRESENTATION_CONTEXT() REPRESENTATION_CONTEXT('2D SPACE',''
  ) );
#106 = ADVANCED_FACE('',(#107),#44,.T.);
#107 = FACE_BOUND('',#108,.T.);
#108 = EDGE_LOOP('',(#109,#136,#163,#183));
#109 = ORIENTED_EDGE('',*,*,#110,.F.);
#110 = EDGE_CURVE('',#111,#22,#113,.T.);
#111 = VERTEX_POINT('',#112);
#112 = CARTESIAN_POINT('',(1.5,7.914895881675,0.830425932214));
#113 = SURFACE_CURVE('',#114,(#118,#124),.PCURVE_S1.);
#114 = LINE('',#115,#116);
#115 = CARTESIAN_POINT('',(1.5,7.914895881675,0.830425932214));
#116 = VECTOR('',#117,1.);
#117 = DIRECTION('',(-1.,0.,0.));
#118 = PCURVE('',#44,#119);
#119 = DEFINITIONAL_REPRESENTATION('',(#120),#123);
#120 = B_SPLINE_CURVE_WITH_KNOTS('',1,(#121,#122),.UNSPECIFIED.,.F.,.F.,
  (2,2),(0.,3.),.PIECEWISE_BEZIER_KNOTS.);
#121 = CARTESIAN_POINT('',(0.15,1.5));
#122 = CARTESIAN_POINT('',(0.15,-1.5));
#123 = ( GEOMETRIC_REPRESENTATION_CONTEXT(2) 
PARAMETRIC_REPRESENTATION_CONTEXT() REPRESENTATION_CONTEXT('2D SPACE',''
  ) );
#124 = PCURVE('',#125,#130);
#125 = PLANE('',#126);
#126 = AXIS2_PLACEMENT_3D('',#127,#128,#129);
#127 = CARTESIAN_POINT('',(0.,7.451720215591,4.461617428879));
#128 = DIRECTION('',(0.,0.991962837731,0.126529556075));
#129 = DIRECTION('',(0.,-0.126529556075,0.991962837731));
#130 = DEFINITIONAL_REPRESENTATION('',(#131),#135);
#131 = LINE('',#132,#133);
#132 = CARTESIAN_POINT('',(-3.660612432791,1.5));
#133 = VECTOR('',#134,1.);
#134 = DIRECTION('',(0.,-1.));
#135 = ( GEOMETRIC_REPRESENTATION_CONTEXT(2) 
PARAMETRIC_REPRESENTATION_CONTEXT() REPRESENTATION_CONTEXT('2D SPACE',''
  ) );
#136 = ORIENTED_EDGE('',*,*,#137,.F.);
#137 = EDGE_CURVE('',#138,#111,#140,.T.);
#138 = VERTEX_POINT('',#139);
#139 = CARTESIAN_POINT('',(1.5,7.878335078653,0.532662086722));
#140 = SURFACE_CURVE('',#141,(#145,#151),.PCURVE_S1.);
#141 = LINE('',#142,#143);
#142 = CARTESIAN_POINT('',(1.5,7.878335078653,0.532662086722));
#143 = VECTOR('',#144,1.);
#144 = DIRECTION('',(0.,0.121869343405,0.992546151641));
#145 = PCURVE('',#44,#146);
#146 = DEFINITIONAL_REPRESENTATION('',(#147),#150);
#147 = B_SPLINE_CURVE_WITH_KNOTS('',1,(#148,#149),.UNSPECIFIED.,.F.,.F.,
  (2,2),(0.,0.3),.PIECEWISE_BEZIER_KNOTS.);
#148 = CARTESIAN_POINT('',(-0.15,1.5));
#149 = CARTESIAN_POINT('',(0.15,1.5));
#150 = ( GEOMETRIC_REPRESENTATION_CONTEXT(2) 
PARAMETRIC_REPRESENTATION_CONTEXT() REPRESENTATION_CONTEXT('2D SPACE',''
  ) );
#151 = PCURVE('',#152,#157);
#152 = PLANE('',#153);
#153 = AXIS2_PLACEMENT_3D('',#154,#155,#156);
#154 = CARTESIAN_POINT('',(4.551835495729,7.790763603527,0.620789296844)
  );
#155 = DIRECTION('',(3.198362857218E-02,0.992038357964,-0.121806994181)
  );
#156 = DIRECTION('',(0.999488392881,-3.174522745485E-02,
    3.897823813806E-03));
#157 = DEFINITIONAL_REPRESENTATION('',(#158),#162);
#158 = LINE('',#159,#160);
#159 = CARTESIAN_POINT('',(-3.053397635697,7.67980450873E-02));
#160 = VECTOR('',#161,1.);
#161 = DIRECTION('',(0.,-1.));
#162 = ( GEOMETRIC_REPRESENTATION_CONTEXT(2) 
PARAMETRIC_REPRESENTATION_CONTEXT() REPRESENTATION_CONTEXT('2D SPACE',''
  ) );
#163 = ORIENTED_EDGE('',*,*,#164,.F.);
#164 = EDGE_CURVE('',#24,#138,#165,.T.);
#165 = SURFACE_CURVE('',#166,(#170,#176),.PCURVE_S1.);
#166 = LINE('',#167,#168);
#167 = CARTESIAN_POINT('',(-1.5,7.878335078653,0.532662086722));
#168 = VECTOR('',#169,1.);
#169 = DIRECTION('',(1.,0.,0.));
#170 = PCURVE('',#44,#171);
#171 = DEFINITIONAL_REPRESENTATION('',(#172),#175);
#172 = B_SPLINE_CURVE_WITH_KNOTS('',1,(#173,#174),.UNSPECIFIED.,.F.,.F.,
  (2,2),(0.,3.),.PIECEWISE_BEZIER_KNOTS.);
#173 = CARTESIAN_POINT('',(-0.15,-1.5));
#174 = CARTESIAN_POINT('',(-0.15,1.5));
#175 = ( GEOMETRIC_REPRESENTATION_CONTEXT(2) 
PARAMETRIC_REPRESENTATION_CONTEXT() REPRESENTATION_CONTEXT('2D SPACE',''
  ) );
#176 = PCURVE('',#71,#177);
#177 = DEFINITIONAL_REPRESENTATION('',(#178),#182);
#178 = LINE('',#179,#180);
#179 = CARTESIAN_POINT('',(1.5,7.906837242851));
#180 = VECTOR('',#181,1.);
#181 = DIRECTION('',(-1.,0.));
#182 = ( GEOMETRIC_REPRESENTATION_CONTEXT(2) 
PARAMETRIC_REPRESENTATION_CONTEXT() REPRESENTATION_CONTEXT('2D SPACE',''
  ) );
#183 = ORIENTED_EDGE('',*,*,#21,.F.);
#184 = ADVANCED_FACE('',(#185),#71,.T.);
#185 = FACE_BOUND('',#186,.T.);
#186 = EDGE_LOOP('',(#187,#188,#189,#211,#238,#265,#292,#319,#346,#372,
    #398,#424,#450,#476,#503,#530,#557,#584));
#187 = ORIENTED_EDGE('',*,*,#55,.F.);
#188 = ORIENTED_EDGE('',*,*,#164,.T.);
#189 = ORIENTED_EDGE('',*,*,#190,.F.);
#190 = EDGE_CURVE('',#191,#138,#193,.T.);
#191 = VERTEX_POINT('',#192);
#192 = CARTESIAN_POINT('',(7.75,7.679825848325,0.557035955403));
#193 = SURFACE_CURVE('',#194,(#198,#204),.PCURVE_S1.);
#194 = LINE('',#195,#196);
#195 = CARTESIAN_POINT('',(7.75,7.679825848325,0.557035955403));
#196 = VECTOR('',#197,1.);
#197 = DIRECTION('',(-0.999488392881,3.174522745485E-02,
    -3.897823813806E-03));
#198 = PCURVE('',#71,#199);
#199 = DEFINITIONAL_REPRESENTATION('',(#200),#203);
#200 = B_SPLINE_CURVE_WITH_KNOTS('',1,(#201,#202),.UNSPECIFIED.,.F.,.F.,
  (2,2),(0.,6.253199181219),.PIECEWISE_BEZIER_KNOTS.);
#201 = CARTESIAN_POINT('',(-7.75,7.706837242851));
#202 = CARTESIAN_POINT('',(-1.5,7.906837242851));
#203 = ( GEOMETRIC_REPRESENTATION_CONTEXT(2) 
PARAMETRIC_REPRESENTATION_CONTEXT() REPRESENTATION_CONTEXT('2D SPACE',''
  ) );
#204 = PCURVE('',#152,#205);
#205 = DEFINITIONAL_REPRESENTATION('',(#206),#210);
#206 = LINE('',#207,#208);
#207 = CARTESIAN_POINT('',(3.199801545522,7.67980450873E-02));
#208 = VECTOR('',#209,1.);
#209 = DIRECTION('',(-1.,-2.043186294954E-33));
#210 = ( GEOMETRIC_REPRESENTATION_CONTEXT(2) 
PARAMETRIC_REPRESENTATION_CONTEXT() REPRESENTATION_CONTEXT('2D SPACE',''
  ) );
#211 = ORIENTED_EDGE('',*,*,#212,.F.);
#212 = EDGE_CURVE('',#213,#191,#215,.T.);
#213 = VERTEX_POINT('',#214);
#214 = CARTESIAN_POINT('',(7.95,1.488819227462,1.317195984892));
#215 = SURFACE_CURVE('',#216,(#220,#226),.PCURVE_S1.);
#216 = LINE('',#217,#218);
#217 = CARTESIAN_POINT('',(7.95,1.488819227462,1.317195984892));
#218 = VECTOR('',#219,1.);
#219 = DIRECTION('',(-3.20476582566E-02,0.992036322249,-0.121806744227)
  );
#220 = PCURVE('',#71,#221);
#221 = DEFINITIONAL_REPRESENTATION('',(#222),#225);
#222 = B_SPLINE_CURVE_WITH_KNOTS('',1,(#223,#224),.UNSPECIFIED.,.F.,.F.,
  (2,2),(0.,6.240705589114),.PIECEWISE_BEZIER_KNOTS.);
#223 = CARTESIAN_POINT('',(-7.95,1.469337242851));
#224 = CARTESIAN_POINT('',(-7.75,7.706837242851));
#225 = ( GEOMETRIC_REPRESENTATION_CONTEXT(2) 
PARAMETRIC_REPRESENTATION_CONTEXT() REPRESENTATION_CONTEXT('2D SPACE',''
  ) );
#226 = PCURVE('',#227,#232);
#227 = PLANE('',#228);
#228 = AXIS2_PLACEMENT_3D('',#229,#230,#231);
#229 = CARTESIAN_POINT('',(7.852345836009,4.521066872084,1.022261196753)
  );
#230 = DIRECTION('',(0.999486341878,3.180877987171E-02,
    -3.905627069405E-03));
#231 = DIRECTION('',(-3.20476582566E-02,0.992036322249,-0.121806744227)
  );
#232 = DEFINITIONAL_REPRESENTATION('',(#233),#237);
#233 = LINE('',#234,#235);
#234 = CARTESIAN_POINT('',(-3.047154435096,-7.680164053923E-02));
#235 = VECTOR('',#236,1.);
#236 = DIRECTION('',(1.,0.));
#237 = ( GEOMETRIC_REPRESENTATION_CONTEXT(2) 
PARAMETRIC_REPRESENTATION_CONTEXT() REPRESENTATION_CONTEXT('2D SPACE',''
  ) );
#238 = ORIENTED_EDGE('',*,*,#239,.T.);
#239 = EDGE_CURVE('',#213,#240,#242,.T.);
#240 = VERTEX_POINT('',#241);
#241 = CARTESIAN_POINT('',(7.95,-1.488819227462,1.682804015108));
#242 = SURFACE_CURVE('',#243,(#247,#254),.PCURVE_S1.);
#243 = LINE('',#244,#245);
#244 = CARTESIAN_POINT('',(7.95,1.488819227462,1.317195984892));
#245 = VECTOR('',#246,1.);
#246 = DIRECTION('',(0.,-0.992546151641,0.121869343405));
#247 = PCURVE('',#71,#248);
#248 = DEFINITIONAL_REPRESENTATION('',(#249),#253);
#249 = LINE('',#250,#251);
#250 = CARTESIAN_POINT('',(-7.95,1.469337242851));
#251 = VECTOR('',#252,1.);
#252 = DIRECTION('',(0.,-1.));
#253 = ( GEOMETRIC_REPRESENTATION_CONTEXT(2) 
PARAMETRIC_REPRESENTATION_CONTEXT() REPRESENTATION_CONTEXT('2D SPACE',''
  ) );
#254 = PCURVE('',#255,#260);
#255 = PLANE('',#256);
#256 = AXIS2_PLACEMENT_3D('',#257,#258,#259);
#257 = CARTESIAN_POINT('',(7.95,1.828040151077E-02,1.648881922746));
#258 = DIRECTION('',(1.,0.,0.));
#259 = DIRECTION('',(0.,0.121869343405,0.992546151641));
#260 = DEFINITIONAL_REPRESENTATION('',(#261),#264);
#261 = B_SPLINE_CURVE_WITH_KNOTS('',1,(#262,#263),.UNSPECIFIED.,.F.,.F.,
  (2,2),(0.,3.),.PIECEWISE_BEZIER_KNOTS.);
#262 = CARTESIAN_POINT('',(-0.15,-1.5));
#263 = CARTESIAN_POINT('',(-0.15,1.5));
#264 = ( GEOMETRIC_REPRESENTATION_CONTEXT(2) 
PARAMETRIC_REPRESENTATION_CONTEXT() REPRESENTATION_CONTEXT('2D SPACE',''
  ) );
#265 = ORIENTED_EDGE('',*,*,#266,.F.);
#266 = EDGE_CURVE('',#267,#240,#269,.T.);
#267 = VERTEX_POINT('',#268);
#268 = CARTESIAN_POINT('',(7.75,-7.679825848325,2.442964044597));
#269 = SURFACE_CURVE('',#270,(#274,#280),.PCURVE_S1.);
#270 = LINE('',#271,#272);
#271 = CARTESIAN_POINT('',(7.75,-7.679825848325,2.442964044597));
#272 = VECTOR('',#273,1.);
#273 = DIRECTION('',(3.20476582566E-02,0.992036322249,-0.121806744227));
#274 = PCURVE('',#71,#275);
#275 = DEFINITIONAL_REPRESENTATION('',(#276),#279);
#276 = B_SPLINE_CURVE_WITH_KNOTS('',1,(#277,#278),.UNSPECIFIED.,.F.,.F.,
  (2,2),(0.,6.240705589114),.PIECEWISE_BEZIER_KNOTS.);
#277 = CARTESIAN_POINT('',(-7.75,-7.768162757149));
#278 = CARTESIAN_POINT('',(-7.95,-1.530662757149));
#279 = ( GEOMETRIC_REPRESENTATION_CONTEXT(2) 
PARAMETRIC_REPRESENTATION_CONTEXT() REPRESENTATION_CONTEXT('2D SPACE',''
  ) );
#280 = PCURVE('',#281,#286);
#281 = PLANE('',#282);
#282 = AXIS2_PLACEMENT_3D('',#283,#284,#285);
#283 = CARTESIAN_POINT('',(7.852345836009,-4.502347341074,2.130197148761
    ));
#284 = DIRECTION('',(0.999486341878,-3.180877987171E-02,
    3.905627069405E-03));
#285 = DIRECTION('',(3.20476582566E-02,0.992036322249,-0.121806744227));
#286 = DEFINITIONAL_REPRESENTATION('',(#287),#291);
#287 = LINE('',#288,#289);
#288 = CARTESIAN_POINT('',(-3.193551154018,-7.680164053923E-02));
#289 = VECTOR('',#290,1.);
#290 = DIRECTION('',(1.,0.));
#291 = ( GEOMETRIC_REPRESENTATION_CONTEXT(2) 
PARAMETRIC_REPRESENTATION_CONTEXT() REPRESENTATION_CONTEXT('2D SPACE',''
  ) );
#292 = ORIENTED_EDGE('',*,*,#293,.F.);
#293 = EDGE_CURVE('',#294,#267,#296,.T.);
#294 = VERTEX_POINT('',#295);
#295 = CARTESIAN_POINT('',(4.5,-7.679825848325,2.442964044597));
#296 = SURFACE_CURVE('',#297,(#301,#307),.PCURVE_S1.);
#297 = LINE('',#298,#299);
#298 = CARTESIAN_POINT('',(-7.75,-7.679825848325,2.442964044597));
#299 = VECTOR('',#300,1.);
#300 = DIRECTION('',(1.,0.,0.));
#301 = PCURVE('',#71,#302);
#302 = DEFINITIONAL_REPRESENTATION('',(#303),#306);
#303 = B_SPLINE_CURVE_WITH_KNOTS('',1,(#304,#305),.UNSPECIFIED.,.F.,.F.,
  (2,2),(0.,15.5),.PIECEWISE_BEZIER_KNOTS.);
#304 = CARTESIAN_POINT('',(7.75,-7.768162757149));
#305 = CARTESIAN_POINT('',(-7.75,-7.768162757149));
#306 = ( GEOMETRIC_REPRESENTATION_CONTEXT(2) 
PARAMETRIC_REPRESENTATION_CONTEXT() REPRESENTATION_CONTEXT('2D SPACE',''
  ) );
#307 = PCURVE('',#308,#313);
#308 = PLANE('',#309);
#309 = AXIS2_PLACEMENT_3D('',#310,#311,#312);
#310 = CARTESIAN_POINT('',(1.756902867745E-16,-6.812462774449,
    5.019056039363));
#311 = DIRECTION('',(0.,-0.947722543012,0.319095567922));
#312 = DIRECTION('',(0.,-0.319095567922,-0.947722543012));
#313 = DEFINITIONAL_REPRESENTATION('',(#314),#318);
#314 = LINE('',#315,#316);
#315 = CARTESIAN_POINT('',(2.718192168964,-7.75));
#316 = VECTOR('',#317,1.);
#317 = DIRECTION('',(0.,1.));
#318 = ( GEOMETRIC_REPRESENTATION_CONTEXT(2) 
PARAMETRIC_REPRESENTATION_CONTEXT() REPRESENTATION_CONTEXT('2D SPACE',''
  ) );
#319 = ORIENTED_EDGE('',*,*,#320,.F.);
#320 = EDGE_CURVE('',#321,#294,#323,.T.);
#321 = VERTEX_POINT('',#322);
#322 = CARTESIAN_POINT('',(4.5,-7.139468416449,2.376616494594));
#323 = SURFACE_CURVE('',#324,(#328,#334),.PCURVE_S1.);
#324 = LINE('',#325,#326);
#325 = CARTESIAN_POINT('',(4.5,-3.494922364476,1.929122507912));
#326 = VECTOR('',#327,1.);
#327 = DIRECTION('',(0.,-0.992546151641,0.121869343405));
#328 = PCURVE('',#71,#329);
#329 = DEFINITIONAL_REPRESENTATION('',(#330),#333);
#330 = B_SPLINE_CURVE_WITH_KNOTS('',1,(#331,#332),.UNSPECIFIED.,.F.,.F.,
  (2,2),(1.801831378574,4.216331378574),.PIECEWISE_BEZIER_KNOTS.);
#331 = CARTESIAN_POINT('',(-4.5,-5.353662757149));
#332 = CARTESIAN_POINT('',(-4.5,-7.768162757149));
#333 = ( GEOMETRIC_REPRESENTATION_CONTEXT(2) 
PARAMETRIC_REPRESENTATION_CONTEXT() REPRESENTATION_CONTEXT('2D SPACE',''
  ) );
#334 = PCURVE('',#335,#340);
#335 = PLANE('',#336);
#336 = AXIS2_PLACEMENT_3D('',#337,#338,#339);
#337 = CARTESIAN_POINT('',(4.5,-6.741827120648,4.629789869313));
#338 = DIRECTION('',(1.,0.,0.));
#339 = DIRECTION('',(0.,0.121869343405,0.992546151641));
#340 = DEFINITIONAL_REPRESENTATION('',(#341),#345);
#341 = LINE('',#342,#343);
#342 = CARTESIAN_POINT('',(-2.284838845688,-3.551831378574));
#343 = VECTOR('',#344,1.);
#344 = DIRECTION('',(0.,1.));
#345 = ( GEOMETRIC_REPRESENTATION_CONTEXT(2) 
PARAMETRIC_REPRESENTATION_CONTEXT() REPRESENTATION_CONTEXT('2D SPACE',''
  ) );
#346 = ORIENTED_EDGE('',*,*,#347,.F.);
#347 = EDGE_CURVE('',#348,#321,#350,.T.);
#348 = VERTEX_POINT('',#349);
#349 = CARTESIAN_POINT('',(7.016017625,-7.139468416449,2.376616494594));
#350 = SURFACE_CURVE('',#351,(#355,#361),.PCURVE_S1.);
#351 = LINE('',#352,#353);
#352 = CARTESIAN_POINT('',(2.622130917221E-17,-7.139468416449,
    2.376616494594));
#353 = VECTOR('',#354,1.);
#354 = DIRECTION('',(-1.,0.,0.));
#355 = PCURVE('',#71,#356);
#356 = DEFINITIONAL_REPRESENTATION('',(#357),#360);
#357 = B_SPLINE_CURVE_WITH_KNOTS('',1,(#358,#359),.UNSPECIFIED.,.F.,.F.,
  (2,2),(-7.016666666667,7.016666666667),.PIECEWISE_BEZIER_KNOTS.);
#358 = CARTESIAN_POINT('',(-7.016666666667,-7.223747335274));
#359 = CARTESIAN_POINT('',(7.016666666667,-7.223747335274));
#360 = ( GEOMETRIC_REPRESENTATION_CONTEXT(2) 
PARAMETRIC_REPRESENTATION_CONTEXT() REPRESENTATION_CONTEXT('2D SPACE',''
  ) );
#361 = PCURVE('',#362,#367);
#362 = PLANE('',#363);
#363 = AXIS2_PLACEMENT_3D('',#364,#365,#366);
#364 = CARTESIAN_POINT('',(1.097729129259E-16,-6.107955820369,
    3.578375741627));
#365 = DIRECTION('',(0.,-0.758809261144,0.651312908825));
#366 = DIRECTION('',(0.,-0.651312908825,-0.758809261144));
#367 = DEFINITIONAL_REPRESENTATION('',(#368),#371);
#368 = B_SPLINE_CURVE_WITH_KNOTS('',1,(#369,#370),.UNSPECIFIED.,.F.,.F.,
  (2,2),(-7.016666666667,7.016666666667),.PIECEWISE_BEZIER_KNOTS.);
#369 = CARTESIAN_POINT('',(1.583743515757,7.016666666667));
#370 = CARTESIAN_POINT('',(1.583743515757,-7.016666666667));
#371 = ( GEOMETRIC_REPRESENTATION_CONTEXT(2) 
PARAMETRIC_REPRESENTATION_CONTEXT() REPRESENTATION_CONTEXT('2D SPACE',''
  ) );
#372 = ORIENTED_EDGE('',*,*,#373,.F.);
#373 = EDGE_CURVE('',#374,#348,#376,.T.);
#374 = VERTEX_POINT('',#375);
#375 = CARTESIAN_POINT('',(7.016017625,7.139468416449,0.623383505406));
#376 = SURFACE_CURVE('',#377,(#381,#387),.PCURVE_S1.);
#377 = LINE('',#378,#379);
#378 = CARTESIAN_POINT('',(7.016017625,1.521710080343E-02,1.49813157496)
  );
#379 = VECTOR('',#380,1.);
#380 = DIRECTION('',(0.,-0.992546151641,0.121869343405));
#381 = PCURVE('',#71,#382);
#382 = DEFINITIONAL_REPRESENTATION('',(#383),#386);
#383 = B_SPLINE_CURVE_WITH_KNOTS('',1,(#384,#385),.UNSPECIFIED.,.F.,.F.,
  (2,2),(-7.178418621426,7.209081378574),.PIECEWISE_BEZIER_KNOTS.);
#384 = CARTESIAN_POINT('',(-7.016017625,7.163087242851));
#385 = CARTESIAN_POINT('',(-7.016017625,-7.224412757149));
#386 = ( GEOMETRIC_REPRESENTATION_CONTEXT(2) 
PARAMETRIC_REPRESENTATION_CONTEXT() REPRESENTATION_CONTEXT('2D SPACE',''
  ) );
#387 = PCURVE('',#388,#393);
#388 = PLANE('',#389);
#389 = AXIS2_PLACEMENT_3D('',#390,#391,#392);
#390 = CARTESIAN_POINT('',(6.160983336103,0.160548193942,2.807560109853)
  );
#391 = DIRECTION('',(0.838810743397,6.634848852391E-02,0.540365075511));
#392 = DIRECTION('',(-0.544423122912,0.102225314539,0.832558375314));
#393 = DEFINITIONAL_REPRESENTATION('',(#394),#397);
#394 = B_SPLINE_CURVE_WITH_KNOTS('',1,(#395,#396),.UNSPECIFIED.,.F.,.F.,
  (2,2),(-7.178418621426,7.209081378574),.PIECEWISE_BEZIER_KNOTS.);
#395 = CARTESIAN_POINT('',(-1.570532648068,-7.19375));
#396 = CARTESIAN_POINT('',(-1.570532648068,7.19375));
#397 = ( GEOMETRIC_REPRESENTATION_CONTEXT(2) 
PARAMETRIC_REPRESENTATION_CONTEXT() REPRESENTATION_CONTEXT('2D SPACE',''
  ) );
#398 = ORIENTED_EDGE('',*,*,#399,.F.);
#399 = EDGE_CURVE('',#400,#374,#402,.T.);
#400 = VERTEX_POINT('',#401);
#401 = CARTESIAN_POINT('',(-7.016017625,7.139468416449,0.623383505406));
#402 = SURFACE_CURVE('',#403,(#407,#413),.PCURVE_S1.);
#403 = LINE('',#404,#405);
#404 = CARTESIAN_POINT('',(-2.866514729075E-17,7.139468416449,
    0.623383505406));
#405 = VECTOR('',#406,1.);
#406 = DIRECTION('',(1.,0.,0.));
#407 = PCURVE('',#71,#408);
#408 = DEFINITIONAL_REPRESENTATION('',(#409),#412);
#409 = B_SPLINE_CURVE_WITH_KNOTS('',1,(#410,#411),.UNSPECIFIED.,.F.,.F.,
  (2,2),(-7.016666666667,7.016666666667),.PIECEWISE_BEZIER_KNOTS.);
#410 = CARTESIAN_POINT('',(7.016666666667,7.162421820976));
#411 = CARTESIAN_POINT('',(-7.016666666667,7.162421820976));
#412 = ( GEOMETRIC_REPRESENTATION_CONTEXT(2) 
PARAMETRIC_REPRESENTATION_CONTEXT() REPRESENTATION_CONTEXT('2D SPACE',''
  ) );
#413 = PCURVE('',#414,#419);
#414 = PLANE('',#415);
#415 = AXIS2_PLACEMENT_3D('',#416,#417,#418);
#416 = CARTESIAN_POINT('',(0.,6.429328027969,2.038990849394));
#417 = DIRECTION('',(0.,0.893836236678,0.448393557047));
#418 = DIRECTION('',(0.,-0.448393557047,0.893836236678));
#419 = DEFINITIONAL_REPRESENTATION('',(#420),#423);
#420 = B_SPLINE_CURVE_WITH_KNOTS('',1,(#421,#422),.UNSPECIFIED.,.F.,.F.,
  (2,2),(-7.016666666667,7.016666666667),.PIECEWISE_BEZIER_KNOTS.);
#421 = CARTESIAN_POINT('',(-1.583743515757,-7.016666666667));
#422 = CARTESIAN_POINT('',(-1.583743515757,7.016666666667));
#423 = ( GEOMETRIC_REPRESENTATION_CONTEXT(2) 
PARAMETRIC_REPRESENTATION_CONTEXT() REPRESENTATION_CONTEXT('2D SPACE',''
  ) );
#424 = ORIENTED_EDGE('',*,*,#425,.F.);
#425 = EDGE_CURVE('',#426,#400,#428,.T.);
#426 = VERTEX_POINT('',#427);
#427 = CARTESIAN_POINT('',(-7.016017625,-7.139468416449,2.376616494594)
  );
#428 = SURFACE_CURVE('',#429,(#433,#439),.PCURVE_S1.);
#429 = LINE('',#430,#431);
#430 = CARTESIAN_POINT('',(-7.016017625,1.521710080343E-02,1.49813157496
    ));
#431 = VECTOR('',#432,1.);
#432 = DIRECTION('',(0.,0.992546151641,-0.121869343405));
#433 = PCURVE('',#71,#434);
#434 = DEFINITIONAL_REPRESENTATION('',(#435),#438);
#435 = B_SPLINE_CURVE_WITH_KNOTS('',1,(#436,#437),.UNSPECIFIED.,.F.,.F.,
  (2,2),(-7.209081378574,7.178418621426),.PIECEWISE_BEZIER_KNOTS.);
#436 = CARTESIAN_POINT('',(7.016017625,-7.224412757149));
#437 = CARTESIAN_POINT('',(7.016017625,7.163087242851));
#438 = ( GEOMETRIC_REPRESENTATION_CONTEXT(2) 
PARAMETRIC_REPRESENTATION_CONTEXT() REPRESENTATION_CONTEXT('2D SPACE',''
  ) );
#439 = PCURVE('',#440,#445);
#440 = PLANE('',#441);
#441 = AXIS2_PLACEMENT_3D('',#442,#443,#444);
#442 = CARTESIAN_POINT('',(-6.160983336103,0.160548193942,2.807560109853
    ));
#443 = DIRECTION('',(-0.838810743397,6.634848852391E-02,0.540365075511)
  );
#444 = DIRECTION('',(-0.544423122912,-0.102225314539,-0.832558375314));
#445 = DEFINITIONAL_REPRESENTATION('',(#446),#449);
#446 = B_SPLINE_CURVE_WITH_KNOTS('',1,(#447,#448),.UNSPECIFIED.,.F.,.F.,
  (2,2),(-7.209081378574,7.178418621426),.PIECEWISE_BEZIER_KNOTS.);
#447 = CARTESIAN_POINT('',(1.570532648068,7.19375));
#448 = CARTESIAN_POINT('',(1.570532648068,-7.19375));
#449 = ( GEOMETRIC_REPRESENTATION_CONTEXT(2) 
PARAMETRIC_REPRESENTATION_CONTEXT() REPRESENTATION_CONTEXT('2D SPACE',''
  ) );
#450 = ORIENTED_EDGE('',*,*,#451,.F.);
#451 = EDGE_CURVE('',#452,#426,#454,.T.);
#452 = VERTEX_POINT('',#453);
#453 = CARTESIAN_POINT('',(-4.5,-7.139468416449,2.376616494594));
#454 = SURFACE_CURVE('',#455,(#459,#465),.PCURVE_S1.);
#455 = LINE('',#456,#457);
#456 = CARTESIAN_POINT('',(2.622130917221E-17,-7.139468416449,
    2.376616494594));
#457 = VECTOR('',#458,1.);
#458 = DIRECTION('',(-1.,0.,0.));
#459 = PCURVE('',#71,#460);
#460 = DEFINITIONAL_REPRESENTATION('',(#461),#464);
#461 = B_SPLINE_CURVE_WITH_KNOTS('',1,(#462,#463),.UNSPECIFIED.,.F.,.F.,
  (2,2),(-7.016666666667,7.016666666667),.PIECEWISE_BEZIER_KNOTS.);
#462 = CARTESIAN_POINT('',(-7.016666666667,-7.223747335274));
#463 = CARTESIAN_POINT('',(7.016666666667,-7.223747335274));
#464 = ( GEOMETRIC_REPRESENTATION_CONTEXT(2) 
PARAMETRIC_REPRESENTATION_CONTEXT() REPRESENTATION_CONTEXT('2D SPACE',''
  ) );
#465 = PCURVE('',#466,#471);
#466 = PLANE('',#467);
#467 = AXIS2_PLACEMENT_3D('',#468,#469,#470);
#468 = CARTESIAN_POINT('',(1.097729129259E-16,-6.107955820369,
    3.578375741627));
#469 = DIRECTION('',(0.,-0.758809261144,0.651312908825));
#470 = DIRECTION('',(0.,-0.651312908825,-0.758809261144));
#471 = DEFINITIONAL_REPRESENTATION('',(#472),#475);
#472 = B_SPLINE_CURVE_WITH_KNOTS('',1,(#473,#474),.UNSPECIFIED.,.F.,.F.,
  (2,2),(-7.016666666667,7.016666666667),.PIECEWISE_BEZIER_KNOTS.);
#473 = CARTESIAN_POINT('',(1.583743515757,7.016666666667));
#474 = CARTESIAN_POINT('',(1.583743515757,-7.016666666667));
#475 = ( GEOMETRIC_REPRESENTATION_CONTEXT(2) 
PARAMETRIC_REPRESENTATION_CONTEXT() REPRESENTATION_CONTEXT('2D SPACE',''
  ) );
#476 = ORIENTED_EDGE('',*,*,#477,.F.);
#477 = EDGE_CURVE('',#478,#452,#480,.T.);
#478 = VERTEX_POINT('',#479);
#479 = CARTESIAN_POINT('',(-4.5,-7.679825848325,2.442964044597));
#480 = SURFACE_CURVE('',#481,(#485,#491),.PCURVE_S1.);
#481 = LINE('',#482,#483);
#482 = CARTESIAN_POINT('',(-4.5,-3.494922364476,1.929122507912));
#483 = VECTOR('',#484,1.);
#484 = DIRECTION('',(0.,0.992546151641,-0.121869343405));
#485 = PCURVE('',#71,#486);
#486 = DEFINITIONAL_REPRESENTATION('',(#487),#490);
#487 = B_SPLINE_CURVE_WITH_KNOTS('',1,(#488,#489),.UNSPECIFIED.,.F.,.F.,
  (2,2),(-4.216331378574,-1.801831378574),.PIECEWISE_BEZIER_KNOTS.);
#488 = CARTESIAN_POINT('',(4.5,-7.768162757149));
#489 = CARTESIAN_POINT('',(4.5,-5.353662757149));
#490 = ( GEOMETRIC_REPRESENTATION_CONTEXT(2) 
PARAMETRIC_REPRESENTATION_CONTEXT() REPRESENTATION_CONTEXT('2D SPACE',''
  ) );
#491 = PCURVE('',#492,#497);
#492 = PLANE('',#493);
#493 = AXIS2_PLACEMENT_3D('',#494,#495,#496);
#494 = CARTESIAN_POINT('',(-4.5,-6.741827120648,4.629789869313));
#495 = DIRECTION('',(-1.,-0.,0.));
#496 = DIRECTION('',(0.,-0.121869343405,-0.992546151641));
#497 = DEFINITIONAL_REPRESENTATION('',(#498),#502);
#498 = LINE('',#499,#500);
#499 = CARTESIAN_POINT('',(2.284838845688,-3.551831378574));
#500 = VECTOR('',#501,1.);
#501 = DIRECTION('',(0.,-1.));
#502 = ( GEOMETRIC_REPRESENTATION_CONTEXT(2) 
PARAMETRIC_REPRESENTATION_CONTEXT() REPRESENTATION_CONTEXT('2D SPACE',''
  ) );
#503 = ORIENTED_EDGE('',*,*,#504,.F.);
#504 = EDGE_CURVE('',#505,#478,#507,.T.);
#505 = VERTEX_POINT('',#506);
#506 = CARTESIAN_POINT('',(-7.75,-7.679825848325,2.442964044597));
#507 = SURFACE_CURVE('',#508,(#512,#518),.PCURVE_S1.);
#508 = LINE('',#509,#510);
#509 = CARTESIAN_POINT('',(-7.75,-7.679825848325,2.442964044597));
#510 = VECTOR('',#511,1.);
#511 = DIRECTION('',(1.,0.,0.));
#512 = PCURVE('',#71,#513);
#513 = DEFINITIONAL_REPRESENTATION('',(#514),#517);
#514 = B_SPLINE_CURVE_WITH_KNOTS('',1,(#515,#516),.UNSPECIFIED.,.F.,.F.,
  (2,2),(0.,15.5),.PIECEWISE_BEZIER_KNOTS.);
#515 = CARTESIAN_POINT('',(7.75,-7.768162757149));
#516 = CARTESIAN_POINT('',(-7.75,-7.768162757149));
#517 = ( GEOMETRIC_REPRESENTATION_CONTEXT(2) 
PARAMETRIC_REPRESENTATION_CONTEXT() REPRESENTATION_CONTEXT('2D SPACE',''
  ) );
#518 = PCURVE('',#519,#524);
#519 = PLANE('',#520);
#520 = AXIS2_PLACEMENT_3D('',#521,#522,#523);
#521 = CARTESIAN_POINT('',(1.756902867745E-16,-6.812462774449,
    5.019056039363));
#522 = DIRECTION('',(0.,-0.947722543012,0.319095567922));
#523 = DIRECTION('',(0.,-0.319095567922,-0.947722543012));
#524 = DEFINITIONAL_REPRESENTATION('',(#525),#529);
#525 = LINE('',#526,#527);
#526 = CARTESIAN_POINT('',(2.718192168964,-7.75));
#527 = VECTOR('',#528,1.);
#528 = DIRECTION('',(0.,1.));
#529 = ( GEOMETRIC_REPRESENTATION_CONTEXT(2) 
PARAMETRIC_REPRESENTATION_CONTEXT() REPRESENTATION_CONTEXT('2D SPACE',''
  ) );
#530 = ORIENTED_EDGE('',*,*,#531,.F.);
#531 = EDGE_CURVE('',#532,#505,#534,.T.);
#532 = VERTEX_POINT('',#533);
#533 = CARTESIAN_POINT('',(-7.95,-1.488819227462,1.682804015108));
#534 = SURFACE_CURVE('',#535,(#539,#545),.PCURVE_S1.);
#535 = LINE('',#536,#537);
#536 = CARTESIAN_POINT('',(-7.95,-1.488819227462,1.682804015108));
#537 = VECTOR('',#538,1.);
#538 = DIRECTION('',(3.20476582566E-02,-0.992036322249,0.121806744227));
#539 = PCURVE('',#71,#540);
#540 = DEFINITIONAL_REPRESENTATION('',(#541),#544);
#541 = B_SPLINE_CURVE_WITH_KNOTS('',1,(#542,#543),.UNSPECIFIED.,.F.,.F.,
  (2,2),(0.,6.240705589114),.PIECEWISE_BEZIER_KNOTS.);
#542 = CARTESIAN_POINT('',(7.95,-1.530662757149));
#543 = CARTESIAN_POINT('',(7.75,-7.768162757149));
#544 = ( GEOMETRIC_REPRESENTATION_CONTEXT(2) 
PARAMETRIC_REPRESENTATION_CONTEXT() REPRESENTATION_CONTEXT('2D SPACE',''
  ) );
#545 = PCURVE('',#546,#551);
#546 = PLANE('',#547);
#547 = AXIS2_PLACEMENT_3D('',#548,#549,#550);
#548 = CARTESIAN_POINT('',(-7.852345836009,-4.502347341074,
    2.130197148761));
#549 = DIRECTION('',(-0.999486341878,-3.180877987171E-02,
    3.905627069405E-03));
#550 = DIRECTION('',(3.20476582566E-02,-0.992036322249,0.121806744227));
#551 = DEFINITIONAL_REPRESENTATION('',(#552),#556);
#552 = LINE('',#553,#554);
#553 = CARTESIAN_POINT('',(-3.047154435096,-7.680164053923E-02));
#554 = VECTOR('',#555,1.);
#555 = DIRECTION('',(1.,0.));
#556 = ( GEOMETRIC_REPRESENTATION_CONTEXT(2) 
PARAMETRIC_REPRESENTATION_CONTEXT() REPRESENTATION_CONTEXT('2D SPACE',''
  ) );
#557 = ORIENTED_EDGE('',*,*,#558,.T.);
#558 = EDGE_CURVE('',#532,#559,#561,.T.);
#559 = VERTEX_POINT('',#560);
#560 = CARTESIAN_POINT('',(-7.95,1.488819227462,1.317195984892));
#561 = SURFACE_CURVE('',#562,(#566,#573),.PCURVE_S1.);
#562 = LINE('',#563,#564);
#563 = CARTESIAN_POINT('',(-7.95,-1.488819227462,1.682804015108));
#564 = VECTOR('',#565,1.);
#565 = DIRECTION('',(0.,0.992546151641,-0.121869343405));
#566 = PCURVE('',#71,#567);
#567 = DEFINITIONAL_REPRESENTATION('',(#568),#572);
#568 = LINE('',#569,#570);
#569 = CARTESIAN_POINT('',(7.95,-1.530662757149));
#570 = VECTOR('',#571,1.);
#571 = DIRECTION('',(0.,1.));
#572 = ( GEOMETRIC_REPRESENTATION_CONTEXT(2) 
PARAMETRIC_REPRESENTATION_CONTEXT() REPRESENTATION_CONTEXT('2D SPACE',''
  ) );
#573 = PCURVE('',#574,#579);
#574 = PLANE('',#575);
#575 = AXIS2_PLACEMENT_3D('',#576,#577,#578);
#576 = CARTESIAN_POINT('',(-7.95,1.828040151077E-02,1.648881922746));
#577 = DIRECTION('',(-1.,-0.,0.));
#578 = DIRECTION('',(0.,-0.121869343405,-0.992546151641));
#579 = DEFINITIONAL_REPRESENTATION('',(#580),#583);
#580 = B_SPLINE_CURVE_WITH_KNOTS('',1,(#581,#582),.UNSPECIFIED.,.F.,.F.,
  (2,2),(0.,3.),.PIECEWISE_BEZIER_KNOTS.);
#581 = CARTESIAN_POINT('',(0.15,1.5));
#582 = CARTESIAN_POINT('',(0.15,-1.5));
#583 = ( GEOMETRIC_REPRESENTATION_CONTEXT(2) 
PARAMETRIC_REPRESENTATION_CONTEXT() REPRESENTATION_CONTEXT('2D SPACE',''
  ) );
#584 = ORIENTED_EDGE('',*,*,#585,.F.);
#585 = EDGE_CURVE('',#56,#559,#586,.T.);
#586 = SURFACE_CURVE('',#587,(#591,#597),.PCURVE_S1.);
#587 = LINE('',#588,#589);
#588 = CARTESIAN_POINT('',(-7.75,7.679825848325,0.557035955403));
#589 = VECTOR('',#590,1.);
#590 = DIRECTION('',(-3.20476582566E-02,-0.992036322249,0.121806744227)
  );
#591 = PCURVE('',#71,#592);
#592 = DEFINITIONAL_REPRESENTATION('',(#593),#596);
#593 = B_SPLINE_CURVE_WITH_KNOTS('',1,(#594,#595),.UNSPECIFIED.,.F.,.F.,
  (2,2),(0.,6.240705589114),.PIECEWISE_BEZIER_KNOTS.);
#594 = CARTESIAN_POINT('',(7.75,7.706837242851));
#595 = CARTESIAN_POINT('',(7.95,1.469337242851));
#596 = ( GEOMETRIC_REPRESENTATION_CONTEXT(2) 
PARAMETRIC_REPRESENTATION_CONTEXT() REPRESENTATION_CONTEXT('2D SPACE',''
  ) );
#597 = PCURVE('',#598,#603);
#598 = PLANE('',#599);
#599 = AXIS2_PLACEMENT_3D('',#600,#601,#602);
#600 = CARTESIAN_POINT('',(-7.852345836009,4.521066872084,1.022261196753
    ));
#601 = DIRECTION('',(-0.999486341878,3.180877987171E-02,
    -3.905627069405E-03));
#602 = DIRECTION('',(-3.20476582566E-02,-0.992036322249,0.121806744227)
  );
#603 = DEFINITIONAL_REPRESENTATION('',(#604),#608);
#604 = LINE('',#605,#606);
#605 = CARTESIAN_POINT('',(-3.193551154018,-7.680164053923E-02));
#606 = VECTOR('',#607,1.);
#607 = DIRECTION('',(1.,0.));
#608 = ( GEOMETRIC_REPRESENTATION_CONTEXT(2) 
PARAMETRIC_REPRESENTATION_CONTEXT() REPRESENTATION_CONTEXT('2D SPACE',''
  ) );
#609 = ADVANCED_FACE('',(#610),#96,.T.);
#610 = FACE_BOUND('',#611,.T.);
#611 = EDGE_LOOP('',(#612,#639,#666,#692,#719,#739));
#612 = ORIENTED_EDGE('',*,*,#613,.T.);
#613 = EDGE_CURVE('',#56,#614,#616,.T.);
#614 = VERTEX_POINT('',#615);
#615 = CARTESIAN_POINT('',(-6.5875,7.216413761315,6.306366318866));
#616 = SURFACE_CURVE('',#617,(#621,#628),.PCURVE_S1.);
#617 = LINE('',#618,#619);
#618 = CARTESIAN_POINT('',(-7.75,7.679825848325,0.557035955403));
#619 = VECTOR('',#620,1.);
#620 = DIRECTION('',(0.197571105319,-7.875857053646E-02,0.977119616992)
  );
#621 = PCURVE('',#96,#622);
#622 = DEFINITIONAL_REPRESENTATION('',(#623),#627);
#623 = LINE('',#624,#625);
#624 = CARTESIAN_POINT('',(-2.053253283723,-2.58761342199));
#625 = VECTOR('',#626,1.);
#626 = DIRECTION('',(0.98025453158,0.197739862742));
#627 = ( GEOMETRIC_REPRESENTATION_CONTEXT(2) 
PARAMETRIC_REPRESENTATION_CONTEXT() REPRESENTATION_CONTEXT('2D SPACE',''
  ) );
#628 = PCURVE('',#629,#634);
#629 = PLANE('',#630);
#630 = AXIS2_PLACEMENT_3D('',#631,#632,#633);
#631 = CARTESIAN_POINT('',(-7.423761538591,5.366914673117,2.887266080958
    ));
#632 = DIRECTION('',(-0.976929626358,6.662528715952E-02,0.202902873946)
  );
#633 = DIRECTION('',(-0.209689832721,-0.119159938693,-0.97047982105));
#634 = DEFINITIONAL_REPRESENTATION('',(#635),#638);
#635 = B_SPLINE_CURVE_WITH_KNOTS('',1,(#636,#637),.UNSPECIFIED.,.F.,.F.,
  (2,2),(0.,5.883957566182),.PIECEWISE_BEZIER_KNOTS.);
#636 = CARTESIAN_POINT('',(2.054243849814,-2.581868370319));
#637 = CARTESIAN_POINT('',(-3.713909527135,-1.420247407775));
#638 = ( GEOMETRIC_REPRESENTATION_CONTEXT(2) 
PARAMETRIC_REPRESENTATION_CONTEXT() REPRESENTATION_CONTEXT('2D SPACE',''
  ) );
#639 = ORIENTED_EDGE('',*,*,#640,.T.);
#640 = EDGE_CURVE('',#614,#641,#643,.T.);
#641 = VERTEX_POINT('',#642);
#642 = CARTESIAN_POINT('',(-6.1,7.283344480465,5.781644758474));
#643 = SURFACE_CURVE('',#644,(#648,#655),.PCURVE_S1.);
#644 = LINE('',#645,#646);
#645 = CARTESIAN_POINT('',(-6.5875,7.216413761315,6.306366318866));
#646 = VECTOR('',#647,1.);
#647 = DIRECTION('',(0.677692348903,9.304294620402E-02,-0.729435460065)
  );
#648 = PCURVE('',#96,#649);
#649 = DEFINITIONAL_REPRESENTATION('',(#650),#654);
#650 = LINE('',#651,#652);
#651 = CARTESIAN_POINT('',(3.71452278415,-1.424120460474));
#652 = VECTOR('',#653,1.);
#653 = DIRECTION('',(-0.734811656066,0.6782712069));
#654 = ( GEOMETRIC_REPRESENTATION_CONTEXT(2) 
PARAMETRIC_REPRESENTATION_CONTEXT() REPRESENTATION_CONTEXT('2D SPACE',''
  ) );
#655 = PCURVE('',#656,#661);
#656 = PLANE('',#657);
#657 = AXIS2_PLACEMENT_3D('',#658,#659,#660);
#658 = CARTESIAN_POINT('',(0.,7.451720215591,4.461617428879));
#659 = DIRECTION('',(0.,0.991962837731,0.126529556075));
#660 = DIRECTION('',(0.,-0.126529556075,0.991962837731));
#661 = DEFINITIONAL_REPRESENTATION('',(#662),#665);
#662 = B_SPLINE_CURVE_WITH_KNOTS('',1,(#663,#664),.UNSPECIFIED.,.F.,.F.,
  (2,2),(0.,7.507093754618),.PIECEWISE_BEZIER_KNOTS.);
#663 = CARTESIAN_POINT('',(1.859695565013,-6.5875));
#664 = CARTESIAN_POINT('',(-3.660612432791,-1.5));
#665 = ( GEOMETRIC_REPRESENTATION_CONTEXT(2) 
PARAMETRIC_REPRESENTATION_CONTEXT() REPRESENTATION_CONTEXT('2D SPACE',''
  ) );
#666 = ORIENTED_EDGE('',*,*,#667,.F.);
#667 = EDGE_CURVE('',#668,#641,#670,.T.);
#668 = VERTEX_POINT('',#669);
#669 = CARTESIAN_POINT('',(-6.1,7.336498973848,5.184368410595));
#670 = SURFACE_CURVE('',#671,(#675,#681),.PCURVE_S1.);
#671 = LINE('',#672,#673);
#672 = CARTESIAN_POINT('',(-6.1,7.376366286977,4.736394934234));
#673 = VECTOR('',#674,1.);
#674 = DIRECTION('',(0.,-8.864446401634E-02,0.996063330818));
#675 = PCURVE('',#96,#676);
#676 = DEFINITIONAL_REPRESENTATION('',(#677),#680);
#677 = B_SPLINE_CURVE_WITH_KNOTS('',1,(#678,#679),.UNSPECIFIED.,.F.,.F.,
  (2,2),(0.449743969585,1.574677234388),.PIECEWISE_BEZIER_KNOTS.);
#678 = CARTESIAN_POINT('',(2.586296921166,-0.936204057257));
#679 = CARTESIAN_POINT('',(3.711230185969,-0.936204057257));
#680 = ( GEOMETRIC_REPRESENTATION_CONTEXT(2) 
PARAMETRIC_REPRESENTATION_CONTEXT() REPRESENTATION_CONTEXT('2D SPACE',''
  ) );
#681 = PCURVE('',#682,#687);
#682 = PLANE('',#683);
#683 = AXIS2_PLACEMENT_3D('',#684,#685,#686);
#684 = CARTESIAN_POINT('',(-6.1,1.956630094667,6.399063652642));
#685 = DIRECTION('',(-1.,-0.,0.));
#686 = DIRECTION('',(0.,-0.121869343405,-0.992546151641));
#687 = DEFINITIONAL_REPRESENTATION('',(#688),#691);
#688 = B_SPLINE_CURVE_WITH_KNOTS('',1,(#689,#690),.UNSPECIFIED.,.F.,.F.,
  (2,2),(0.449743969585,1.574677234388),.PIECEWISE_BEZIER_KNOTS.);
#689 = CARTESIAN_POINT('',(0.55,-5.487802263952));
#690 = CARTESIAN_POINT('',(-0.55,-5.252271267563));
#691 = ( GEOMETRIC_REPRESENTATION_CONTEXT(2) 
PARAMETRIC_REPRESENTATION_CONTEXT() REPRESENTATION_CONTEXT('2D SPACE',''
  ) );
#692 = ORIENTED_EDGE('',*,*,#693,.F.);
#693 = EDGE_CURVE('',#694,#668,#696,.T.);
#694 = VERTEX_POINT('',#695);
#695 = CARTESIAN_POINT('',(-5.542422897196,7.359896350152,5.181495574019
    ));
#696 = SURFACE_CURVE('',#697,(#701,#707),.PCURVE_S1.);
#697 = LINE('',#698,#699);
#698 = CARTESIAN_POINT('',(-2.692148498151,7.479501230528,5.1668099413)
  );
#699 = VECTOR('',#700,1.);
#700 = DIRECTION('',(-0.999107493631,-4.192513264658E-02,
    5.147759002806E-03));
#701 = PCURVE('',#96,#702);
#702 = DEFINITIONAL_REPRESENTATION('',(#703),#706);
#703 = B_SPLINE_CURVE_WITH_KNOTS('',1,(#704,#705),.UNSPECIFIED.,.F.,.F.,
  (2,2),(-1.193213448754,3.410895748027),.PIECEWISE_BEZIER_KNOTS.);
#704 = CARTESIAN_POINT('',(2.545578525241,3.667725080786));
#705 = CARTESIAN_POINT('',(2.586296921166,-0.936204057257));
#706 = ( GEOMETRIC_REPRESENTATION_CONTEXT(2) 
PARAMETRIC_REPRESENTATION_CONTEXT() REPRESENTATION_CONTEXT('2D SPACE',''
  ) );
#707 = PCURVE('',#708,#713);
#708 = PLANE('',#709);
#709 = AXIS2_PLACEMENT_3D('',#710,#711,#712);
#710 = CARTESIAN_POINT('',(0.,1.889601955794,5.85316326924));
#711 = DIRECTION('',(0.,-0.121869343405,-0.992546151641));
#712 = DIRECTION('',(-1.,0.,0.));
#713 = DEFINITIONAL_REPRESENTATION('',(#714),#718);
#714 = LINE('',#715,#716);
#715 = CARTESIAN_POINT('',(2.692148498151,5.63187844262));
#716 = VECTOR('',#717,1.);
#717 = DIRECTION('',(0.999107493631,-4.223998307509E-02));
#718 = ( GEOMETRIC_REPRESENTATION_CONTEXT(2) 
PARAMETRIC_REPRESENTATION_CONTEXT() REPRESENTATION_CONTEXT('2D SPACE',''
  ) );
#719 = ORIENTED_EDGE('',*,*,#720,.T.);
#720 = EDGE_CURVE('',#694,#22,#721,.T.);
#721 = SURFACE_CURVE('',#722,(#726,#733),.PCURVE_S1.);
#722 = LINE('',#723,#724);
#723 = CARTESIAN_POINT('',(-6.5875,7.216413761315,6.306366318866));
#724 = VECTOR('',#725,1.);
#725 = DIRECTION('',(0.677692348903,9.304294620402E-02,-0.729435460065)
  );
#726 = PCURVE('',#96,#727);
#727 = DEFINITIONAL_REPRESENTATION('',(#728),#732);
#728 = LINE('',#729,#730);
#729 = CARTESIAN_POINT('',(3.71452278415,-1.424120460474));
#730 = VECTOR('',#731,1.);
#731 = DIRECTION('',(-0.734811656066,0.6782712069));
#732 = ( GEOMETRIC_REPRESENTATION_CONTEXT(2) 
PARAMETRIC_REPRESENTATION_CONTEXT() REPRESENTATION_CONTEXT('2D SPACE',''
  ) );
#733 = PCURVE('',#125,#734);
#734 = DEFINITIONAL_REPRESENTATION('',(#735),#738);
#735 = B_SPLINE_CURVE_WITH_KNOTS('',1,(#736,#737),.UNSPECIFIED.,.F.,.F.,
  (2,2),(0.,7.507093754618),.PIECEWISE_BEZIER_KNOTS.);
#736 = CARTESIAN_POINT('',(1.859695565013,-6.5875));
#737 = CARTESIAN_POINT('',(-3.660612432791,-1.5));
#738 = ( GEOMETRIC_REPRESENTATION_CONTEXT(2) 
PARAMETRIC_REPRESENTATION_CONTEXT() REPRESENTATION_CONTEXT('2D SPACE',''
  ) );
#739 = ORIENTED_EDGE('',*,*,#82,.F.);
#740 = ADVANCED_FACE('',(#741),#125,.T.);
#741 = FACE_BOUND('',#742,.T.);
#742 = EDGE_LOOP('',(#743,#765,#790,#791));
#743 = ORIENTED_EDGE('',*,*,#744,.F.);
#744 = EDGE_CURVE('',#745,#694,#747,.T.);
#745 = VERTEX_POINT('',#746);
#746 = CARTESIAN_POINT('',(5.542422897196,7.359896350152,5.181495574019)
  );
#747 = SURFACE_CURVE('',#748,(#752,#758),.PCURVE_S1.);
#748 = LINE('',#749,#750);
#749 = CARTESIAN_POINT('',(0.,7.359896350152,5.181495574019));
#750 = VECTOR('',#751,1.);
#751 = DIRECTION('',(-1.,0.,0.));
#752 = PCURVE('',#125,#753);
#753 = DEFINITIONAL_REPRESENTATION('',(#754),#757);
#754 = B_SPLINE_CURVE_WITH_KNOTS('',1,(#755,#756),.UNSPECIFIED.,.F.,.F.,
  (2,2),(-6.1,6.1),.PIECEWISE_BEZIER_KNOTS.);
#755 = CARTESIAN_POINT('',(0.725710800605,6.1));
#756 = CARTESIAN_POINT('',(0.725710800605,-6.1));
#757 = ( GEOMETRIC_REPRESENTATION_CONTEXT(2) 
PARAMETRIC_REPRESENTATION_CONTEXT() REPRESENTATION_CONTEXT('2D SPACE',''
  ) );
#758 = PCURVE('',#708,#759);
#759 = DEFINITIONAL_REPRESENTATION('',(#760),#764);
#760 = LINE('',#761,#762);
#761 = CARTESIAN_POINT('',(0.,5.511375350467));
#762 = VECTOR('',#763,1.);
#763 = DIRECTION('',(1.,0.));
#764 = ( GEOMETRIC_REPRESENTATION_CONTEXT(2) 
PARAMETRIC_REPRESENTATION_CONTEXT() REPRESENTATION_CONTEXT('2D SPACE',''
  ) );
#765 = ORIENTED_EDGE('',*,*,#766,.F.);
#766 = EDGE_CURVE('',#111,#745,#767,.T.);
#767 = SURFACE_CURVE('',#768,(#772,#778),.PCURVE_S1.);
#768 = LINE('',#769,#770);
#769 = CARTESIAN_POINT('',(1.5,7.914895881675,0.830425932214));
#770 = VECTOR('',#771,1.);
#771 = DIRECTION('',(0.677692348903,-9.304294620402E-02,0.729435460065)
  );
#772 = PCURVE('',#125,#773);
#773 = DEFINITIONAL_REPRESENTATION('',(#774),#777);
#774 = B_SPLINE_CURVE_WITH_KNOTS('',1,(#775,#776),.UNSPECIFIED.,.F.,.F.,
  (2,2),(0.,7.507093754618),.PIECEWISE_BEZIER_KNOTS.);
#775 = CARTESIAN_POINT('',(-3.660612432791,1.5));
#776 = CARTESIAN_POINT('',(1.859695565013,6.5875));
#777 = ( GEOMETRIC_REPRESENTATION_CONTEXT(2) 
PARAMETRIC_REPRESENTATION_CONTEXT() REPRESENTATION_CONTEXT('2D SPACE',''
  ) );
#778 = PCURVE('',#779,#784);
#779 = PLANE('',#780);
#780 = AXIS2_PLACEMENT_3D('',#781,#782,#783);
#781 = CARTESIAN_POINT('',(5.164594928754,7.604277912674,2.611680789863)
  );
#782 = DIRECTION('',(4.130538231321E-02,0.995213259018,
    8.856881204052E-02));
#783 = DIRECTION('',(1.734723475977E-18,-8.864446401634E-02,
    0.996063330818));
#784 = DEFINITIONAL_REPRESENTATION('',(#785),#789);
#785 = LINE('',#786,#787);
#786 = CARTESIAN_POINT('',(-1.80177720992,-3.667725080786));
#787 = VECTOR('',#788,1.);
#788 = DIRECTION('',(0.734811656066,0.6782712069));
#789 = ( GEOMETRIC_REPRESENTATION_CONTEXT(2) 
PARAMETRIC_REPRESENTATION_CONTEXT() REPRESENTATION_CONTEXT('2D SPACE',''
  ) );
#790 = ORIENTED_EDGE('',*,*,#110,.T.);
#791 = ORIENTED_EDGE('',*,*,#720,.F.);
#792 = ADVANCED_FACE('',(#793),#152,.T.);
#793 = FACE_BOUND('',#794,.T.);
#794 = EDGE_LOOP('',(#795,#815,#816));
#795 = ORIENTED_EDGE('',*,*,#796,.T.);
#796 = EDGE_CURVE('',#111,#191,#797,.T.);
#797 = SURFACE_CURVE('',#798,(#802,#809),.PCURVE_S1.);
#798 = LINE('',#799,#800);
#799 = CARTESIAN_POINT('',(1.5,7.914895881675,0.830425932214));
#800 = VECTOR('',#801,1.);
#801 = DIRECTION('',(0.998340141859,-3.754877607059E-02,
    -4.366979011722E-02));
#802 = PCURVE('',#152,#803);
#803 = DEFINITIONAL_REPRESENTATION('',(#804),#808);
#804 = LINE('',#805,#806);
#805 = CARTESIAN_POINT('',(-3.053397635697,-0.223201954913));
#806 = VECTOR('',#807,1.);
#807 = DIRECTION('',(0.998851161224,4.792032680922E-02));
#808 = ( GEOMETRIC_REPRESENTATION_CONTEXT(2) 
PARAMETRIC_REPRESENTATION_CONTEXT() REPRESENTATION_CONTEXT('2D SPACE',''
  ) );
#809 = PCURVE('',#779,#810);
#810 = DEFINITIONAL_REPRESENTATION('',(#811),#814);
#811 = B_SPLINE_CURVE_WITH_KNOTS('',1,(#812,#813),.UNSPECIFIED.,.F.,.F.,
  (2,2),(0.,6.260391361568),.PIECEWISE_BEZIER_KNOTS.);
#812 = CARTESIAN_POINT('',(-1.80177720992,-3.667725080786));
#813 = CARTESIAN_POINT('',(-2.053253283723,2.58761342199));
#814 = ( GEOMETRIC_REPRESENTATION_CONTEXT(2) 
PARAMETRIC_REPRESENTATION_CONTEXT() REPRESENTATION_CONTEXT('2D SPACE',''
  ) );
#815 = ORIENTED_EDGE('',*,*,#190,.T.);
#816 = ORIENTED_EDGE('',*,*,#137,.T.);
#817 = ADVANCED_FACE('',(#818),#598,.T.);
#818 = FACE_BOUND('',#819,.T.);
#819 = EDGE_LOOP('',(#820,#842,#843));
#820 = ORIENTED_EDGE('',*,*,#821,.T.);
#821 = EDGE_CURVE('',#822,#56,#824,.T.);
#822 = VERTEX_POINT('',#823);
#823 = CARTESIAN_POINT('',(-7.95,1.525380030484,1.614959830385));
#824 = SURFACE_CURVE('',#825,(#829,#836),.PCURVE_S1.);
#825 = LINE('',#826,#827);
#826 = CARTESIAN_POINT('',(-7.95,1.525380030484,1.614959830385));
#827 = VECTOR('',#828,1.);
#828 = DIRECTION('',(3.201069335767E-02,0.985040389307,-0.169324383789)
  );
#829 = PCURVE('',#598,#830);
#830 = DEFINITIONAL_REPRESENTATION('',(#831),#835);
#831 = LINE('',#832,#833);
#832 = CARTESIAN_POINT('',(3.047154435096,0.223198359461));
#833 = VECTOR('',#834,1.);
#834 = DIRECTION('',(-0.998846564743,-4.801604003651E-02));
#835 = ( GEOMETRIC_REPRESENTATION_CONTEXT(2) 
PARAMETRIC_REPRESENTATION_CONTEXT() REPRESENTATION_CONTEXT('2D SPACE',''
  ) );
#836 = PCURVE('',#629,#837);
#837 = DEFINITIONAL_REPRESENTATION('',(#838),#841);
#838 = B_SPLINE_CURVE_WITH_KNOTS('',1,(#839,#840),.UNSPECIFIED.,.F.,.F.,
  (2,2),(0.,6.247912151271),.PIECEWISE_BEZIER_KNOTS.);
#839 = CARTESIAN_POINT('',(1.802851429823,3.660984190904));
#840 = CARTESIAN_POINT('',(2.054243849814,-2.581868370319));
#841 = ( GEOMETRIC_REPRESENTATION_CONTEXT(2) 
PARAMETRIC_REPRESENTATION_CONTEXT() REPRESENTATION_CONTEXT('2D SPACE',''
  ) );
#842 = ORIENTED_EDGE('',*,*,#585,.T.);
#843 = ORIENTED_EDGE('',*,*,#844,.T.);
#844 = EDGE_CURVE('',#559,#822,#845,.T.);
#845 = SURFACE_CURVE('',#846,(#850,#857),.PCURVE_S1.);
#846 = LINE('',#847,#848);
#847 = CARTESIAN_POINT('',(-7.95,1.488819227462,1.317195984892));
#848 = VECTOR('',#849,1.);
#849 = DIRECTION('',(0.,0.121869343405,0.992546151641));
#850 = PCURVE('',#598,#851);
#851 = DEFINITIONAL_REPRESENTATION('',(#852),#856);
#852 = LINE('',#853,#854);
#853 = CARTESIAN_POINT('',(3.047154435096,-7.680164053923E-02));
#854 = VECTOR('',#855,1.);
#855 = DIRECTION('',(0.,1.));
#856 = ( GEOMETRIC_REPRESENTATION_CONTEXT(2) 
PARAMETRIC_REPRESENTATION_CONTEXT() REPRESENTATION_CONTEXT('2D SPACE',''
  ) );
#857 = PCURVE('',#574,#858);
#858 = DEFINITIONAL_REPRESENTATION('',(#859),#862);
#859 = B_SPLINE_CURVE_WITH_KNOTS('',1,(#860,#861),.UNSPECIFIED.,.F.,.F.,
  (2,2),(0.,0.3),.PIECEWISE_BEZIER_KNOTS.);
#860 = CARTESIAN_POINT('',(0.15,-1.5));
#861 = CARTESIAN_POINT('',(-0.15,-1.5));
#862 = ( GEOMETRIC_REPRESENTATION_CONTEXT(2) 
PARAMETRIC_REPRESENTATION_CONTEXT() REPRESENTATION_CONTEXT('2D SPACE',''
  ) );
#863 = ADVANCED_FACE('',(#864),#574,.T.);
#864 = FACE_BOUND('',#865,.T.);
#865 = EDGE_LOOP('',(#866,#893,#894,#895));
#866 = ORIENTED_EDGE('',*,*,#867,.F.);
#867 = EDGE_CURVE('',#822,#868,#870,.T.);
#868 = VERTEX_POINT('',#869);
#869 = CARTESIAN_POINT('',(-7.95,-1.45225842444,1.9805678606));
#870 = SURFACE_CURVE('',#871,(#875,#881),.PCURVE_S1.);
#871 = LINE('',#872,#873);
#872 = CARTESIAN_POINT('',(-7.95,1.525380030484,1.614959830385));
#873 = VECTOR('',#874,1.);
#874 = DIRECTION('',(0.,-0.992546151641,0.121869343405));
#875 = PCURVE('',#574,#876);
#876 = DEFINITIONAL_REPRESENTATION('',(#877),#880);
#877 = B_SPLINE_CURVE_WITH_KNOTS('',1,(#878,#879),.UNSPECIFIED.,.F.,.F.,
  (2,2),(0.,3.),.PIECEWISE_BEZIER_KNOTS.);
#878 = CARTESIAN_POINT('',(-0.15,-1.5));
#879 = CARTESIAN_POINT('',(-0.15,1.5));
#880 = ( GEOMETRIC_REPRESENTATION_CONTEXT(2) 
PARAMETRIC_REPRESENTATION_CONTEXT() REPRESENTATION_CONTEXT('2D SPACE',''
  ) );
#881 = PCURVE('',#882,#887);
#882 = PLANE('',#883);
#883 = AXIS2_PLACEMENT_3D('',#884,#885,#886);
#884 = CARTESIAN_POINT('',(-7.046717768895,0.468811009566,5.318159271152
    ));
#885 = DIRECTION('',(-0.969067643411,3.007677681898E-02,0.244955689851)
  );
#886 = DIRECTION('',(-0.246795264327,-0.118099637418,-0.961844360148));
#887 = DEFINITIONAL_REPRESENTATION('',(#888),#892);
#888 = LINE('',#889,#890);
#889 = CARTESIAN_POINT('',(3.660046855314,-1.5));
#890 = VECTOR('',#891,1.);
#891 = DIRECTION('',(-0.,1.));
#892 = ( GEOMETRIC_REPRESENTATION_CONTEXT(2) 
PARAMETRIC_REPRESENTATION_CONTEXT() REPRESENTATION_CONTEXT('2D SPACE',''
  ) );
#893 = ORIENTED_EDGE('',*,*,#844,.F.);
#894 = ORIENTED_EDGE('',*,*,#558,.F.);
#895 = ORIENTED_EDGE('',*,*,#896,.F.);
#896 = EDGE_CURVE('',#868,#532,#897,.T.);
#897 = SURFACE_CURVE('',#898,(#902,#908),.PCURVE_S1.);
#898 = LINE('',#899,#900);
#899 = CARTESIAN_POINT('',(-7.95,-1.45225842444,1.9805678606));
#900 = VECTOR('',#901,1.);
#901 = DIRECTION('',(0.,-0.121869343405,-0.992546151641));
#902 = PCURVE('',#574,#903);
#903 = DEFINITIONAL_REPRESENTATION('',(#904),#907);
#904 = B_SPLINE_CURVE_WITH_KNOTS('',1,(#905,#906),.UNSPECIFIED.,.F.,.F.,
  (2,2),(0.,0.3),.PIECEWISE_BEZIER_KNOTS.);
#905 = CARTESIAN_POINT('',(-0.15,1.5));
#906 = CARTESIAN_POINT('',(0.15,1.5));
#907 = ( GEOMETRIC_REPRESENTATION_CONTEXT(2) 
PARAMETRIC_REPRESENTATION_CONTEXT() REPRESENTATION_CONTEXT('2D SPACE',''
  ) );
#908 = PCURVE('',#546,#909);
#909 = DEFINITIONAL_REPRESENTATION('',(#910),#914);
#910 = LINE('',#911,#912);
#911 = CARTESIAN_POINT('',(-3.047154435096,0.223198359461));
#912 = VECTOR('',#913,1.);
#913 = DIRECTION('',(0.,-1.));
#914 = ( GEOMETRIC_REPRESENTATION_CONTEXT(2) 
PARAMETRIC_REPRESENTATION_CONTEXT() REPRESENTATION_CONTEXT('2D SPACE',''
  ) );
#915 = ADVANCED_FACE('',(#916),#546,.T.);
#916 = FACE_BOUND('',#917,.T.);
#917 = EDGE_LOOP('',(#918,#919,#920));
#918 = ORIENTED_EDGE('',*,*,#896,.T.);
#919 = ORIENTED_EDGE('',*,*,#531,.T.);
#920 = ORIENTED_EDGE('',*,*,#921,.T.);
#921 = EDGE_CURVE('',#505,#868,#922,.T.);
#922 = SURFACE_CURVE('',#923,(#927,#934),.PCURVE_S1.);
#923 = LINE('',#924,#925);
#924 = CARTESIAN_POINT('',(-7.75,-7.679825848325,2.442964044597));
#925 = VECTOR('',#926,1.);
#926 = DIRECTION('',(-3.201069335767E-02,0.996743755851,
    -7.400811227846E-02));
#927 = PCURVE('',#546,#928);
#928 = DEFINITIONAL_REPRESENTATION('',(#929),#933);
#929 = LINE('',#930,#931);
#930 = CARTESIAN_POINT('',(3.193551154018,-7.680164053923E-02));
#931 = VECTOR('',#932,1.);
#932 = DIRECTION('',(-0.998846564743,4.801604003651E-02));
#933 = ( GEOMETRIC_REPRESENTATION_CONTEXT(2) 
PARAMETRIC_REPRESENTATION_CONTEXT() REPRESENTATION_CONTEXT('2D SPACE',''
  ) );
#934 = PCURVE('',#935,#940);
#935 = PLANE('',#936);
#936 = AXIS2_PLACEMENT_3D('',#937,#938,#939);
#937 = CARTESIAN_POINT('',(-7.423761538591,-4.871884330606,
    4.144432520803));
#938 = DIRECTION('',(-0.976929626358,-1.555958350518E-02,0.212993907203)
  );
#939 = DIRECTION('',(-0.209689832721,-0.119159938693,-0.97047982105));
#940 = DEFINITIONAL_REPRESENTATION('',(#941),#944);
#941 = B_SPLINE_CURVE_WITH_KNOTS('',1,(#942,#943),.UNSPECIFIED.,.F.,.F.,
  (2,2),(0.,6.247912151271),.PIECEWISE_BEZIER_KNOTS.);
#942 = CARTESIAN_POINT('',(2.054243849814,2.581868370319));
#943 = CARTESIAN_POINT('',(1.802851429823,-3.660984190904));
#944 = ( GEOMETRIC_REPRESENTATION_CONTEXT(2) 
PARAMETRIC_REPRESENTATION_CONTEXT() REPRESENTATION_CONTEXT('2D SPACE',''
  ) );
#945 = ADVANCED_FACE('',(#946),#519,.T.);
#946 = FACE_BOUND('',#947,.T.);
#947 = EDGE_LOOP('',(#948,#970,#971,#994));
#948 = ORIENTED_EDGE('',*,*,#949,.F.);
#949 = EDGE_CURVE('',#505,#950,#952,.T.);
#950 = VERTEX_POINT('',#951);
#951 = CARTESIAN_POINT('',(-6.5875,-5.839290180837,7.909405194681));
#952 = SURFACE_CURVE('',#953,(#957,#963),.PCURVE_S1.);
#953 = LINE('',#954,#955);
#954 = CARTESIAN_POINT('',(-7.75,-7.679825848325,2.442964044597));
#955 = VECTOR('',#956,1.);
#956 = DIRECTION('',(0.197571105319,0.312805734369,0.929041565749));
#957 = PCURVE('',#519,#958);
#958 = DEFINITIONAL_REPRESENTATION('',(#959),#962);
#959 = B_SPLINE_CURVE_WITH_KNOTS('',1,(#960,#961),.UNSPECIFIED.,.F.,.F.,
  (2,2),(0.,5.883957566182),.PIECEWISE_BEZIER_KNOTS.);
#960 = CARTESIAN_POINT('',(2.718192168964,-7.75));
#961 = CARTESIAN_POINT('',(-3.049784113114,-6.5875));
#962 = ( GEOMETRIC_REPRESENTATION_CONTEXT(2) 
PARAMETRIC_REPRESENTATION_CONTEXT() REPRESENTATION_CONTEXT('2D SPACE',''
  ) );
#963 = PCURVE('',#935,#964);
#964 = DEFINITIONAL_REPRESENTATION('',(#965),#969);
#965 = LINE('',#966,#967);
#966 = CARTESIAN_POINT('',(2.054243849814,2.581868370319));
#967 = VECTOR('',#968,1.);
#968 = DIRECTION('',(-0.98031865663,-0.197421709704));
#969 = ( GEOMETRIC_REPRESENTATION_CONTEXT(2) 
PARAMETRIC_REPRESENTATION_CONTEXT() REPRESENTATION_CONTEXT('2D SPACE',''
  ) );
#970 = ORIENTED_EDGE('',*,*,#504,.T.);
#971 = ORIENTED_EDGE('',*,*,#972,.T.);
#972 = EDGE_CURVE('',#478,#973,#975,.T.);
#973 = VERTEX_POINT('',#974);
#974 = CARTESIAN_POINT('',(-4.5,-5.839290180837,7.909405194681));
#975 = SURFACE_CURVE('',#976,(#980,#987),.PCURVE_S1.);
#976 = LINE('',#977,#978);
#977 = CARTESIAN_POINT('',(-4.5,-7.679825848325,2.442964044597));
#978 = VECTOR('',#979,1.);
#979 = DIRECTION('',(1.539844091349E-16,0.319095567922,0.947722543012));
#980 = PCURVE('',#519,#981);
#981 = DEFINITIONAL_REPRESENTATION('',(#982),#986);
#982 = LINE('',#983,#984);
#983 = CARTESIAN_POINT('',(2.718192168964,-4.5));
#984 = VECTOR('',#985,1.);
#985 = DIRECTION('',(-1.,1.539844091349E-16));
#986 = ( GEOMETRIC_REPRESENTATION_CONTEXT(2) 
PARAMETRIC_REPRESENTATION_CONTEXT() REPRESENTATION_CONTEXT('2D SPACE',''
  ) );
#987 = PCURVE('',#492,#988);
#988 = DEFINITIONAL_REPRESENTATION('',(#989),#993);
#989 = LINE('',#990,#991);
#990 = CARTESIAN_POINT('',(2.284838845688,0.6645));
#991 = VECTOR('',#992,1.);
#992 = DIRECTION('',(-0.979546330236,-0.201218753899));
#993 = ( GEOMETRIC_REPRESENTATION_CONTEXT(2) 
PARAMETRIC_REPRESENTATION_CONTEXT() REPRESENTATION_CONTEXT('2D SPACE',''
  ) );
#994 = ORIENTED_EDGE('',*,*,#995,.F.);
#995 = EDGE_CURVE('',#950,#973,#996,.T.);
#996 = SURFACE_CURVE('',#997,(#1001,#1007),.PCURVE_S1.);
#997 = LINE('',#998,#999);
#998 = CARTESIAN_POINT('',(-6.5875,-5.839290180837,7.909405194681));
#999 = VECTOR('',#1000,1.);
#1000 = DIRECTION('',(1.,0.,0.));
#1001 = PCURVE('',#519,#1002);
#1002 = DEFINITIONAL_REPRESENTATION('',(#1003),#1006);
#1003 = B_SPLINE_CURVE_WITH_KNOTS('',1,(#1004,#1005),.UNSPECIFIED.,.F.,
  .F.,(2,2),(0.,13.175),.PIECEWISE_BEZIER_KNOTS.);
#1004 = CARTESIAN_POINT('',(-3.049784113114,-6.5875));
#1005 = CARTESIAN_POINT('',(-3.049784113114,6.5875));
#1006 = ( GEOMETRIC_REPRESENTATION_CONTEXT(2) 
PARAMETRIC_REPRESENTATION_CONTEXT() REPRESENTATION_CONTEXT('2D SPACE',''
  ) );
#1007 = PCURVE('',#1008,#1013);
#1008 = PLANE('',#1009);
#1009 = AXIS2_PLACEMENT_3D('',#1010,#1011,#1012);
#1010 = CARTESIAN_POINT('',(0.,0.688561790239,7.107885756773));
#1011 = DIRECTION('',(0.,0.121869343405,0.992546151641));
#1012 = DIRECTION('',(1.,0.,-0.));
#1013 = DEFINITIONAL_REPRESENTATION('',(#1014),#1018);
#1014 = LINE('',#1015,#1016);
#1015 = CARTESIAN_POINT('',(-6.5875,-6.576875));
#1016 = VECTOR('',#1017,1.);
#1017 = DIRECTION('',(1.,0.));
#1018 = ( GEOMETRIC_REPRESENTATION_CONTEXT(2) 
PARAMETRIC_REPRESENTATION_CONTEXT() REPRESENTATION_CONTEXT('2D SPACE',''
  ) );
#1019 = ADVANCED_FACE('',(#1020),#492,.F.);
#1020 = FACE_BOUND('',#1021,.F.);
#1021 = EDGE_LOOP('',(#1022,#1023,#1024,#1046,#1073,#1096,#1123,#1150,
    #1178,#1206));
#1022 = ORIENTED_EDGE('',*,*,#477,.F.);
#1023 = ORIENTED_EDGE('',*,*,#972,.T.);
#1024 = ORIENTED_EDGE('',*,*,#1025,.F.);
#1025 = EDGE_CURVE('',#1026,#973,#1028,.T.);
#1026 = VERTEX_POINT('',#1027);
#1027 = CARTESIAN_POINT('',(-4.5,-3.981367853233,7.681281017495));
#1028 = SURFACE_CURVE('',#1029,(#1033,#1040),.PCURVE_S1.);
#1029 = LINE('',#1030,#1031);
#1030 = CARTESIAN_POINT('',(-4.5,-2.171956218791,7.459113204467));
#1031 = VECTOR('',#1032,1.);
#1032 = DIRECTION('',(0.,-0.992546151641,0.121869343405));
#1033 = PCURVE('',#492,#1034);
#1034 = DEFINITIONAL_REPRESENTATION('',(#1035),#1039);
#1035 = LINE('',#1036,#1037);
#1036 = CARTESIAN_POINT('',(-3.365161154312,-4.191));
#1037 = VECTOR('',#1038,1.);
#1038 = DIRECTION('',(0.,1.));
#1039 = ( GEOMETRIC_REPRESENTATION_CONTEXT(2) 
PARAMETRIC_REPRESENTATION_CONTEXT() REPRESENTATION_CONTEXT('2D SPACE',''
  ) );
#1040 = PCURVE('',#1008,#1041);
#1041 = DEFINITIONAL_REPRESENTATION('',(#1042),#1045);
#1042 = B_SPLINE_CURVE_WITH_KNOTS('',1,(#1043,#1044),.UNSPECIFIED.,.F.,
  .F.,(2,2),(1.822,3.694875),.PIECEWISE_BEZIER_KNOTS.);
#1043 = CARTESIAN_POINT('',(-4.5,-4.704));
#1044 = CARTESIAN_POINT('',(-4.5,-6.576875));
#1045 = ( GEOMETRIC_REPRESENTATION_CONTEXT(2) 
PARAMETRIC_REPRESENTATION_CONTEXT() REPRESENTATION_CONTEXT('2D SPACE',''
  ) );
#1046 = ORIENTED_EDGE('',*,*,#1047,.T.);
#1047 = EDGE_CURVE('',#1026,#1048,#1050,.T.);
#1048 = VERTEX_POINT('',#1049);
#1049 = CARTESIAN_POINT('',(-4.5,-4.115302261636,6.590472796841));
#1050 = SURFACE_CURVE('',#1051,(#1055,#1062),.PCURVE_S1.);
#1051 = LINE('',#1052,#1053);
#1052 = CARTESIAN_POINT('',(-4.5,-4.048274122763,7.136373180244));
#1053 = VECTOR('',#1054,1.);
#1054 = DIRECTION('',(0.,-0.121869343405,-0.992546151641));
#1055 = PCURVE('',#492,#1056);
#1056 = DEFINITIONAL_REPRESENTATION('',(#1057),#1061);
#1057 = LINE('',#1058,#1059);
#1058 = CARTESIAN_POINT('',(-2.816161154312,-2.368));
#1059 = VECTOR('',#1060,1.);
#1060 = DIRECTION('',(1.,0.));
#1061 = ( GEOMETRIC_REPRESENTATION_CONTEXT(2) 
PARAMETRIC_REPRESENTATION_CONTEXT() REPRESENTATION_CONTEXT('2D SPACE',''
  ) );
#1062 = PCURVE('',#1063,#1068);
#1063 = PLANE('',#1064);
#1064 = AXIS2_PLACEMENT_3D('',#1065,#1066,#1067);
#1065 = CARTESIAN_POINT('',(-6.678033230828E-17,-4.048274122763,
    7.136373180244));
#1066 = DIRECTION('',(0.,-0.992546151641,0.121869343405));
#1067 = DIRECTION('',(0.,-0.121869343405,-0.992546151641));
#1068 = DEFINITIONAL_REPRESENTATION('',(#1069),#1072);
#1069 = B_SPLINE_CURVE_WITH_KNOTS('',1,(#1070,#1071),.UNSPECIFIED.,.F.,
  .F.,(2,2),(-0.549,0.55),.PIECEWISE_BEZIER_KNOTS.);
#1070 = CARTESIAN_POINT('',(-0.549,-4.5));
#1071 = CARTESIAN_POINT('',(0.55,-4.5));
#1072 = ( GEOMETRIC_REPRESENTATION_CONTEXT(2) 
PARAMETRIC_REPRESENTATION_CONTEXT() REPRESENTATION_CONTEXT('2D SPACE',''
  ) );
#1073 = ORIENTED_EDGE('',*,*,#1074,.F.);
#1074 = EDGE_CURVE('',#1075,#1048,#1077,.T.);
#1075 = VERTEX_POINT('',#1076);
#1076 = CARTESIAN_POINT('',(-4.5,-5.277474550592,6.733169611034));
#1077 = SURFACE_CURVE('',#1078,(#1082,#1089),.PCURVE_S1.);
#1078 = LINE('',#1079,#1080);
#1079 = CARTESIAN_POINT('',(-4.5,-6.218507556964,6.848713935516));
#1080 = VECTOR('',#1081,1.);
#1081 = DIRECTION('',(0.,0.992546151641,-0.121869343405));
#1082 = PCURVE('',#492,#1083);
#1083 = DEFINITIONAL_REPRESENTATION('',(#1084),#1088);
#1084 = LINE('',#1085,#1086);
#1085 = CARTESIAN_POINT('',(-2.266161154312,-0.249));
#1086 = VECTOR('',#1087,1.);
#1087 = DIRECTION('',(0.,-1.));
#1088 = ( GEOMETRIC_REPRESENTATION_CONTEXT(2) 
PARAMETRIC_REPRESENTATION_CONTEXT() REPRESENTATION_CONTEXT('2D SPACE',''
  ) );
#1089 = PCURVE('',#708,#1090);
#1090 = DEFINITIONAL_REPRESENTATION('',(#1091),#1095);
#1091 = LINE('',#1092,#1093);
#1092 = CARTESIAN_POINT('',(4.5,-8.169));
#1093 = VECTOR('',#1094,1.);
#1094 = DIRECTION('',(0.,1.));
#1095 = ( GEOMETRIC_REPRESENTATION_CONTEXT(2) 
PARAMETRIC_REPRESENTATION_CONTEXT() REPRESENTATION_CONTEXT('2D SPACE',''
  ) );
#1096 = ORIENTED_EDGE('',*,*,#1097,.T.);
#1097 = EDGE_CURVE('',#1075,#1098,#1100,.T.);
#1098 = VERTEX_POINT('',#1099);
#1099 = CARTESIAN_POINT('',(-4.5,-5.848184163407,6.236835645966));
#1100 = SURFACE_CURVE('',#1101,(#1105,#1112),.PCURVE_S1.);
#1101 = LINE('',#1102,#1103);
#1102 = CARTESIAN_POINT('',(-4.5,-5.276459389713,6.734052474777));
#1103 = VECTOR('',#1104,1.);
#1104 = DIRECTION('',(0.,-0.754563139516,-0.656227451791));
#1105 = PCURVE('',#492,#1106);
#1106 = DEFINITIONAL_REPRESENTATION('',(#1107),#1111);
#1107 = LINE('',#1108,#1109);
#1108 = CARTESIAN_POINT('',(-2.267161154312,-1.198));
#1109 = VECTOR('',#1110,1.);
#1110 = DIRECTION('',(0.743294146247,0.668964731622));
#1111 = ( GEOMETRIC_REPRESENTATION_CONTEXT(2) 
PARAMETRIC_REPRESENTATION_CONTEXT() REPRESENTATION_CONTEXT('2D SPACE',''
  ) );
#1112 = PCURVE('',#1113,#1118);
#1113 = PLANE('',#1114);
#1114 = AXIS2_PLACEMENT_3D('',#1115,#1116,#1117);
#1115 = CARTESIAN_POINT('',(8.585280872287E-17,-5.784039829654,
    6.292620603488));
#1116 = DIRECTION('',(0.,0.656227451791,-0.754563139516));
#1117 = DIRECTION('',(0.,0.754563139516,0.656227451791));
#1118 = DEFINITIONAL_REPRESENTATION('',(#1119),#1122);
#1119 = B_SPLINE_CURVE_WITH_KNOTS('',1,(#1120,#1121),.UNSPECIFIED.,.F.,
  .F.,(2,2),(0.,1.345362404707),.PIECEWISE_BEZIER_KNOTS.);
#1120 = CARTESIAN_POINT('',(0.672681202354,-4.5));
#1121 = CARTESIAN_POINT('',(-0.672681202354,-4.5));
#1122 = ( GEOMETRIC_REPRESENTATION_CONTEXT(2) 
PARAMETRIC_REPRESENTATION_CONTEXT() REPRESENTATION_CONTEXT('2D SPACE',''
  ) );
#1123 = ORIENTED_EDGE('',*,*,#1124,.T.);
#1124 = EDGE_CURVE('',#1098,#1125,#1127,.T.);
#1125 = VERTEX_POINT('',#1126);
#1126 = CARTESIAN_POINT('',(-4.5,-5.708080755622,5.222386155728));
#1127 = SURFACE_CURVE('',#1128,(#1132,#1139),.PCURVE_S1.);
#1128 = LINE('',#1129,#1130);
#1129 = CARTESIAN_POINT('',(-4.5,-6.083458733066,7.940392832978));
#1130 = VECTOR('',#1131,1.);
#1131 = DIRECTION('',(0.,0.136809249024,-0.990597410345));
#1132 = PCURVE('',#492,#1133);
#1133 = DEFINITIONAL_REPRESENTATION('',(#1134),#1138);
#1134 = LINE('',#1135,#1136);
#1135 = CARTESIAN_POINT('',(-3.366161154312,-0.25));
#1136 = VECTOR('',#1137,1.);
#1137 = DIRECTION('',(0.966540794113,-0.256512949605));
#1138 = ( GEOMETRIC_REPRESENTATION_CONTEXT(2) 
PARAMETRIC_REPRESENTATION_CONTEXT() REPRESENTATION_CONTEXT('2D SPACE',''
  ) );
#1139 = PCURVE('',#1140,#1145);
#1140 = PLANE('',#1141);
#1141 = AXIS2_PLACEMENT_3D('',#1142,#1143,#1144);
#1142 = CARTESIAN_POINT('',(0.,-5.683451883798,5.044055400886));
#1143 = DIRECTION('',(0.,0.990597410345,0.136809249024));
#1144 = DIRECTION('',(0.,-0.136809249024,0.990597410345));
#1145 = DEFINITIONAL_REPRESENTATION('',(#1146),#1149);
#1146 = B_SPLINE_CURVE_WITH_KNOTS('',1,(#1147,#1148),.UNSPECIFIED.,.F.,
  .F.,(2,2),(0.,5.847657992735),.PIECEWISE_BEZIER_KNOTS.);
#1147 = CARTESIAN_POINT('',(2.923828996368,-4.5));
#1148 = CARTESIAN_POINT('',(-2.923828996368,-4.5));
#1149 = ( GEOMETRIC_REPRESENTATION_CONTEXT(2) 
PARAMETRIC_REPRESENTATION_CONTEXT() REPRESENTATION_CONTEXT('2D SPACE',''
  ) );
#1150 = ORIENTED_EDGE('',*,*,#1151,.T.);
#1151 = EDGE_CURVE('',#1125,#1152,#1154,.T.);
#1152 = VERTEX_POINT('',#1153);
#1153 = CARTESIAN_POINT('',(-4.5,-5.244880961281,5.16551237237));
#1154 = SURFACE_CURVE('',#1155,(#1159,#1166),.PCURVE_S1.);
#1155 = LINE('',#1156,#1157);
#1156 = CARTESIAN_POINT('',(-4.5,-8.5674292039,5.573469999419));
#1157 = VECTOR('',#1158,1.);
#1158 = DIRECTION('',(0.,0.992546151641,-0.121869343405));
#1159 = PCURVE('',#492,#1160);
#1160 = DEFINITIONAL_REPRESENTATION('',(#1161),#1165);
#1161 = LINE('',#1162,#1163);
#1162 = CARTESIAN_POINT('',(-0.714161154312,1.927));
#1163 = VECTOR('',#1164,1.);
#1164 = DIRECTION('',(0.,-1.));
#1165 = ( GEOMETRIC_REPRESENTATION_CONTEXT(2) 
PARAMETRIC_REPRESENTATION_CONTEXT() REPRESENTATION_CONTEXT('2D SPACE',''
  ) );
#1166 = PCURVE('',#1167,#1172);
#1167 = PLANE('',#1168);
#1168 = AXIS2_PLACEMENT_3D('',#1169,#1170,#1171);
#1169 = CARTESIAN_POINT('',(0.,0.365486160872,4.476645908772));
#1170 = DIRECTION('',(0.,0.121869343405,0.992546151641));
#1171 = DIRECTION('',(1.,0.,-0.));
#1172 = DEFINITIONAL_REPRESENTATION('',(#1173),#1177);
#1173 = LINE('',#1174,#1175);
#1174 = CARTESIAN_POINT('',(-4.5,-9.));
#1175 = VECTOR('',#1176,1.);
#1176 = DIRECTION('',(0.,1.));
#1177 = ( GEOMETRIC_REPRESENTATION_CONTEXT(2) 
PARAMETRIC_REPRESENTATION_CONTEXT() REPRESENTATION_CONTEXT('2D SPACE',''
  ) );
#1178 = ORIENTED_EDGE('',*,*,#1179,.F.);
#1179 = EDGE_CURVE('',#1180,#1152,#1182,.T.);
#1180 = VERTEX_POINT('',#1181);
#1181 = CARTESIAN_POINT('',(-4.5,-5.862495643289,3.864348049387));
#1182 = SURFACE_CURVE('',#1183,(#1187,#1194),.PCURVE_S1.);
#1183 = LINE('',#1184,#1185);
#1184 = CARTESIAN_POINT('',(-4.5,-5.862495643289,3.864348049387));
#1185 = VECTOR('',#1186,1.);
#1186 = DIRECTION('',(0.,0.428808467689,0.903395427284));
#1187 = PCURVE('',#492,#1188);
#1188 = DEFINITIONAL_REPRESENTATION('',(#1189),#1193);
#1189 = LINE('',#1190,#1191);
#1190 = CARTESIAN_POINT('',(0.652572782892,-0.96606096588));
#1191 = VECTOR('',#1192,1.);
#1192 = DIRECTION('',(-0.948920261165,-0.315515986837));
#1193 = ( GEOMETRIC_REPRESENTATION_CONTEXT(2) 
PARAMETRIC_REPRESENTATION_CONTEXT() REPRESENTATION_CONTEXT('2D SPACE',''
  ) );
#1194 = PCURVE('',#1195,#1200);
#1195 = PLANE('',#1196);
#1196 = AXIS2_PLACEMENT_3D('',#1197,#1198,#1199);
#1197 = CARTESIAN_POINT('',(-1.137405685758E-16,-5.966010897612,
    3.646266517757));
#1198 = DIRECTION('',(0.,-0.903395427284,0.428808467689));
#1199 = DIRECTION('',(0.,-0.428808467689,-0.903395427284));
#1200 = DEFINITIONAL_REPRESENTATION('',(#1201),#1205);
#1201 = LINE('',#1202,#1203);
#1202 = CARTESIAN_POINT('',(-0.241402076038,-4.5));
#1203 = VECTOR('',#1204,1.);
#1204 = DIRECTION('',(-1.,0.));
#1205 = ( GEOMETRIC_REPRESENTATION_CONTEXT(2) 
PARAMETRIC_REPRESENTATION_CONTEXT() REPRESENTATION_CONTEXT('2D SPACE',''
  ) );
#1206 = ORIENTED_EDGE('',*,*,#1207,.T.);
#1207 = EDGE_CURVE('',#1180,#452,#1208,.T.);
#1208 = SURFACE_CURVE('',#1209,(#1213,#1220),.PCURVE_S1.);
#1209 = LINE('',#1210,#1211);
#1210 = CARTESIAN_POINT('',(-4.5,-5.982586481827,3.7244367422));
#1211 = VECTOR('',#1212,1.);
#1212 = DIRECTION('',(0.,-0.651312908825,-0.758809261144));
#1213 = PCURVE('',#492,#1214);
#1214 = DEFINITIONAL_REPRESENTATION('',(#1215),#1219);
#1215 = LINE('',#1216,#1217);
#1216 = CARTESIAN_POINT('',(0.806076604053,-0.863916165383));
#1217 = VECTOR('',#1218,1.);
#1218 = DIRECTION('',(0.832528288528,0.553982534743));
#1219 = ( GEOMETRIC_REPRESENTATION_CONTEXT(2) 
PARAMETRIC_REPRESENTATION_CONTEXT() REPRESENTATION_CONTEXT('2D SPACE',''
  ) );
#1220 = PCURVE('',#466,#1221);
#1221 = DEFINITIONAL_REPRESENTATION('',(#1222),#1225);
#1222 = B_SPLINE_CURVE_WITH_KNOTS('',1,(#1223,#1224),.UNSPECIFIED.,.F.,
  .F.,(2,2),(-0.184382709003,1.776230624247),.PIECEWISE_BEZIER_KNOTS.);
#1223 = CARTESIAN_POINT('',(-0.376869817493,-4.5));
#1224 = CARTESIAN_POINT('',(1.583743515757,-4.5));
#1225 = ( GEOMETRIC_REPRESENTATION_CONTEXT(2) 
PARAMETRIC_REPRESENTATION_CONTEXT() REPRESENTATION_CONTEXT('2D SPACE',''
  ) );
#1226 = ADVANCED_FACE('',(#1227),#466,.F.);
#1227 = FACE_BOUND('',#1228,.F.);
#1228 = EDGE_LOOP('',(#1229,#1230,#1231,#1252));
#1229 = ORIENTED_EDGE('',*,*,#451,.F.);
#1230 = ORIENTED_EDGE('',*,*,#1207,.F.);
#1231 = ORIENTED_EDGE('',*,*,#1232,.T.);
#1232 = EDGE_CURVE('',#1180,#1233,#1235,.T.);
#1233 = VERTEX_POINT('',#1234);
#1234 = CARTESIAN_POINT('',(-5.956608939159,-5.862495643289,
    3.864348049387));
#1235 = SURFACE_CURVE('',#1236,(#1240,#1246),.PCURVE_S1.);
#1236 = LINE('',#1237,#1238);
#1237 = CARTESIAN_POINT('',(-1.983827824954E-18,-5.862495643289,
    3.864348049387));
#1238 = VECTOR('',#1239,1.);
#1239 = DIRECTION('',(-1.,0.,0.));
#1240 = PCURVE('',#466,#1241);
#1241 = DEFINITIONAL_REPRESENTATION('',(#1242),#1245);
#1242 = B_SPLINE_CURVE_WITH_KNOTS('',1,(#1243,#1244),.UNSPECIFIED.,.F.,
  .F.,(2,2),(-6.6496675,6.6496675),.PIECEWISE_BEZIER_KNOTS.);
#1243 = CARTESIAN_POINT('',(-0.376869817493,6.6496675));
#1244 = CARTESIAN_POINT('',(-0.376869817493,-6.6496675));
#1245 = ( GEOMETRIC_REPRESENTATION_CONTEXT(2) 
PARAMETRIC_REPRESENTATION_CONTEXT() REPRESENTATION_CONTEXT('2D SPACE',''
  ) );
#1246 = PCURVE('',#1195,#1247);
#1247 = DEFINITIONAL_REPRESENTATION('',(#1248),#1251);
#1248 = B_SPLINE_CURVE_WITH_KNOTS('',1,(#1249,#1250),.UNSPECIFIED.,.F.,
  .F.,(2,2),(-6.6496675,6.6496675),.PIECEWISE_BEZIER_KNOTS.);
#1249 = CARTESIAN_POINT('',(-0.241402076038,6.6496675));
#1250 = CARTESIAN_POINT('',(-0.241402076038,-6.6496675));
#1251 = ( GEOMETRIC_REPRESENTATION_CONTEXT(2) 
PARAMETRIC_REPRESENTATION_CONTEXT() REPRESENTATION_CONTEXT('2D SPACE',''
  ) );
#1252 = ORIENTED_EDGE('',*,*,#1253,.T.);
#1253 = EDGE_CURVE('',#1233,#426,#1254,.T.);
#1254 = SURFACE_CURVE('',#1255,(#1259,#1266),.PCURVE_S1.);
#1255 = LINE('',#1256,#1257);
#1256 = CARTESIAN_POINT('',(-5.069541666667,-4.79325695375,
    5.110059916912));
#1257 = VECTOR('',#1258,1.);
#1258 = DIRECTION('',(-0.475384269028,-0.57301094134,-0.66758389575));
#1259 = PCURVE('',#466,#1260);
#1260 = DEFINITIONAL_REPRESENTATION('',(#1261),#1265);
#1261 = LINE('',#1262,#1263);
#1262 = CARTESIAN_POINT('',(-2.0185364804,-5.069541666667));
#1263 = VECTOR('',#1264,1.);
#1264 = DIRECTION('',(0.879778265679,-0.475384269028));
#1265 = ( GEOMETRIC_REPRESENTATION_CONTEXT(2) 
PARAMETRIC_REPRESENTATION_CONTEXT() REPRESENTATION_CONTEXT('2D SPACE',''
  ) );
#1266 = PCURVE('',#440,#1267);
#1267 = DEFINITIONAL_REPRESENTATION('',(#1268),#1271);
#1268 = B_SPLINE_CURVE_WITH_KNOTS('',1,(#1269,#1270),.UNSPECIFIED.,.F.,
  .F.,(2,2),(0.,4.09589699714),.PIECEWISE_BEZIER_KNOTS.);
#1269 = CARTESIAN_POINT('',(-2.00476729129,5.197484375));
#1270 = CARTESIAN_POINT('',(1.571724812102,7.19375));
#1271 = ( GEOMETRIC_REPRESENTATION_CONTEXT(2) 
PARAMETRIC_REPRESENTATION_CONTEXT() REPRESENTATION_CONTEXT('2D SPACE',''
  ) );
#1272 = ADVANCED_FACE('',(#1273),#440,.F.);
#1273 = FACE_BOUND('',#1274,.F.);
#1274 = EDGE_LOOP('',(#1275,#1276,#1277,#1298,#1324,#1350));
#1275 = ORIENTED_EDGE('',*,*,#425,.F.);
#1276 = ORIENTED_EDGE('',*,*,#1253,.F.);
#1277 = ORIENTED_EDGE('',*,*,#1278,.T.);
#1278 = EDGE_CURVE('',#1233,#1279,#1281,.T.);
#1279 = VERTEX_POINT('',#1280);
#1280 = CARTESIAN_POINT('',(-6.264847966302,-6.077105013553,
    3.412218163067));
#1281 = SURFACE_CURVE('',#1282,(#1286,#1292),.PCURVE_S1.);
#1282 = LINE('',#1283,#1284);
#1283 = CARTESIAN_POINT('',(-4.85608636162,-5.096264126417,
    5.478611994112));
#1284 = VECTOR('',#1285,1.);
#1285 = DIRECTION('',(-0.524408761191,-0.365116108247,-0.769211075508));
#1286 = PCURVE('',#440,#1287);
#1287 = DEFINITIONAL_REPRESENTATION('',(#1288),#1291);
#1288 = B_SPLINE_CURVE_WITH_KNOTS('',1,(#1289,#1290),.UNSPECIFIED.,.F.,
  .F.,(2,2),(0.407039929236,3.420196745578),.PIECEWISE_BEZIER_KNOTS.);
#1289 = CARTESIAN_POINT('',(-2.00476729129,5.6525));
#1290 = CARTESIAN_POINT('',(0.897618310704,6.461988614624));
#1291 = ( GEOMETRIC_REPRESENTATION_CONTEXT(2) 
PARAMETRIC_REPRESENTATION_CONTEXT() REPRESENTATION_CONTEXT('2D SPACE',''
  ) );
#1292 = PCURVE('',#1195,#1293);
#1293 = DEFINITIONAL_REPRESENTATION('',(#1294),#1297);
#1294 = B_SPLINE_CURVE_WITH_KNOTS('',1,(#1295,#1296),.UNSPECIFIED.,.F.,
  .F.,(2,2),(0.407039929236,3.420196745578),.PIECEWISE_BEZIER_KNOTS.);
#1295 = CARTESIAN_POINT('',(-1.681706380981,-5.069541666667));
#1296 = CARTESIAN_POINT('',(0.883896150726,-6.6496675));
#1297 = ( GEOMETRIC_REPRESENTATION_CONTEXT(2) 
PARAMETRIC_REPRESENTATION_CONTEXT() REPRESENTATION_CONTEXT('2D SPACE',''
  ) );
#1298 = ORIENTED_EDGE('',*,*,#1299,.T.);
#1299 = EDGE_CURVE('',#1279,#1300,#1302,.T.);
#1300 = VERTEX_POINT('',#1301);
#1301 = CARTESIAN_POINT('',(-6.264847966302,6.35919646559,1.885232346694
    ));
#1302 = SURFACE_CURVE('',#1303,(#1307,#1313),.PCURVE_S1.);
#1303 = LINE('',#1304,#1305);
#1304 = CARTESIAN_POINT('',(-6.264847966302,0.141045726019,
    2.648725254881));
#1305 = VECTOR('',#1306,1.);
#1306 = DIRECTION('',(0.,0.992546151641,-0.121869343405));
#1307 = PCURVE('',#440,#1308);
#1308 = DEFINITIONAL_REPRESENTATION('',(#1309),#1312);
#1309 = B_SPLINE_CURVE_WITH_KNOTS('',1,(#1310,#1311),.UNSPECIFIED.,.F.,
  .F.,(2,2),(-6.6496675,6.6496675),.PIECEWISE_BEZIER_KNOTS.);
#1310 = CARTESIAN_POINT('',(0.19077924105,6.6496675));
#1311 = CARTESIAN_POINT('',(0.19077924105,-6.6496675));
#1312 = ( GEOMETRIC_REPRESENTATION_CONTEXT(2) 
PARAMETRIC_REPRESENTATION_CONTEXT() REPRESENTATION_CONTEXT('2D SPACE',''
  ) );
#1313 = PCURVE('',#1314,#1319);
#1314 = PLANE('',#1315);
#1315 = AXIS2_PLACEMENT_3D('',#1316,#1317,#1318);
#1316 = CARTESIAN_POINT('',(-6.183105248366,0.171006421847,
    2.892735540934));
#1317 = DIRECTION('',(-0.948920261165,3.845172614971E-02,0.313164178517)
  );
#1318 = DIRECTION('',(-0.315515986837,-0.115644289172,-0.941847153434));
#1319 = DEFINITIONAL_REPRESENTATION('',(#1320),#1323);
#1320 = B_SPLINE_CURVE_WITH_KNOTS('',1,(#1321,#1322),.UNSPECIFIED.,.F.,
  .F.,(2,2),(-6.6496675,6.6496675),.PIECEWISE_BEZIER_KNOTS.);
#1321 = CARTESIAN_POINT('',(0.259076311016,6.6496675));
#1322 = CARTESIAN_POINT('',(0.259076311016,-6.6496675));
#1323 = ( GEOMETRIC_REPRESENTATION_CONTEXT(2) 
PARAMETRIC_REPRESENTATION_CONTEXT() REPRESENTATION_CONTEXT('2D SPACE',''
  ) );
#1324 = ORIENTED_EDGE('',*,*,#1325,.T.);
#1325 = EDGE_CURVE('',#1300,#1326,#1328,.T.);
#1326 = VERTEX_POINT('',#1327);
#1327 = CARTESIAN_POINT('',(-5.956608939159,6.26034202996,2.37585074878)
  );
#1328 = SURFACE_CURVE('',#1329,(#1333,#1339),.PCURVE_S1.);
#1329 = LINE('',#1330,#1331);
#1330 = CARTESIAN_POINT('',(-4.85608636162,5.907396657307,4.127532336458
    ));
#1331 = VECTOR('',#1332,1.);
#1332 = DIRECTION('',(0.524408761191,-0.168181597923,0.834691800191));
#1333 = PCURVE('',#440,#1334);
#1334 = DEFINITIONAL_REPRESENTATION('',(#1335),#1338);
#1335 = B_SPLINE_CURVE_WITH_KNOTS('',1,(#1336,#1337),.UNSPECIFIED.,.F.,
  .F.,(2,2),(-3.420196745578,-0.407039929236),.PIECEWISE_BEZIER_KNOTS.);
#1336 = CARTESIAN_POINT('',(0.897618310704,-6.461988614624));
#1337 = CARTESIAN_POINT('',(-2.00476729129,-5.6525));
#1338 = ( GEOMETRIC_REPRESENTATION_CONTEXT(2) 
PARAMETRIC_REPRESENTATION_CONTEXT() REPRESENTATION_CONTEXT('2D SPACE',''
  ) );
#1339 = PCURVE('',#1340,#1345);
#1340 = PLANE('',#1341);
#1341 = AXIS2_PLACEMENT_3D('',#1342,#1343,#1344);
#1342 = CARTESIAN_POINT('',(1.137405685758E-16,6.308023741306,
    2.13920456411));
#1343 = DIRECTION('',(0.,0.980298879584,0.197519889345));
#1344 = DIRECTION('',(0.,-0.197519889345,0.980298879584));
#1345 = DEFINITIONAL_REPRESENTATION('',(#1346),#1349);
#1346 = B_SPLINE_CURVE_WITH_KNOTS('',1,(#1347,#1348),.UNSPECIFIED.,.F.,
  .F.,(2,2),(-3.420196745578,-0.407039929236),.PIECEWISE_BEZIER_KNOTS.);
#1347 = CARTESIAN_POINT('',(-0.883896150726,-6.6496675));
#1348 = CARTESIAN_POINT('',(1.681706380981,-5.069541666667));
#1349 = ( GEOMETRIC_REPRESENTATION_CONTEXT(2) 
PARAMETRIC_REPRESENTATION_CONTEXT() REPRESENTATION_CONTEXT('2D SPACE',''
  ) );
#1350 = ORIENTED_EDGE('',*,*,#1351,.T.);
#1351 = EDGE_CURVE('',#1326,#400,#1352,.T.);
#1352 = SURFACE_CURVE('',#1353,(#1357,#1364),.PCURVE_S1.);
#1353 = LINE('',#1354,#1355);
#1354 = CARTESIAN_POINT('',(-5.069541666667,5.524229275494,
    3.843231900633));
#1355 = VECTOR('',#1356,1.);
#1356 = DIRECTION('',(-0.475384269028,0.39448690596,-0.786377694106));
#1357 = PCURVE('',#440,#1358);
#1358 = DEFINITIONAL_REPRESENTATION('',(#1359),#1363);
#1359 = LINE('',#1360,#1361);
#1360 = CARTESIAN_POINT('',(-2.00476729129,-5.197484375));
#1361 = VECTOR('',#1362,1.);
#1362 = DIRECTION('',(0.873188975672,-0.487381793632));
#1363 = ( GEOMETRIC_REPRESENTATION_CONTEXT(2) 
PARAMETRIC_REPRESENTATION_CONTEXT() REPRESENTATION_CONTEXT('2D SPACE',''
  ) );
#1364 = PCURVE('',#414,#1365);
#1365 = DEFINITIONAL_REPRESENTATION('',(#1366),#1369);
#1366 = B_SPLINE_CURVE_WITH_KNOTS('',1,(#1367,#1368),.UNSPECIFIED.,.F.,
  .F.,(2,2),(0.,4.09589699714),.PIECEWISE_BEZIER_KNOTS.);
#1367 = CARTESIAN_POINT('',(2.0185364804,-5.069541666667));
#1368 = CARTESIAN_POINT('',(-1.584944676142,-7.016666666667));
#1369 = ( GEOMETRIC_REPRESENTATION_CONTEXT(2) 
PARAMETRIC_REPRESENTATION_CONTEXT() REPRESENTATION_CONTEXT('2D SPACE',''
  ) );
#1370 = ADVANCED_FACE('',(#1371),#414,.F.);
#1371 = FACE_BOUND('',#1372,.F.);
#1372 = EDGE_LOOP('',(#1373,#1374,#1395,#1415));
#1373 = ORIENTED_EDGE('',*,*,#1351,.F.);
#1374 = ORIENTED_EDGE('',*,*,#1375,.T.);
#1375 = EDGE_CURVE('',#1326,#1376,#1378,.T.);
#1376 = VERTEX_POINT('',#1377);
#1377 = CARTESIAN_POINT('',(5.956608939159,6.26034202996,2.37585074878)
  );
#1378 = SURFACE_CURVE('',#1379,(#1383,#1389),.PCURVE_S1.);
#1379 = LINE('',#1380,#1381);
#1380 = CARTESIAN_POINT('',(5.687028428792E-17,6.26034202996,
    2.37585074878));
#1381 = VECTOR('',#1382,1.);
#1382 = DIRECTION('',(1.,0.,0.));
#1383 = PCURVE('',#414,#1384);
#1384 = DEFINITIONAL_REPRESENTATION('',(#1385),#1388);
#1385 = B_SPLINE_CURVE_WITH_KNOTS('',1,(#1386,#1387),.UNSPECIFIED.,.F.,
  .F.,(2,2),(-6.6496675,6.6496675),.PIECEWISE_BEZIER_KNOTS.);
#1386 = CARTESIAN_POINT('',(0.376869817493,-6.6496675));
#1387 = CARTESIAN_POINT('',(0.376869817493,6.6496675));
#1388 = ( GEOMETRIC_REPRESENTATION_CONTEXT(2) 
PARAMETRIC_REPRESENTATION_CONTEXT() REPRESENTATION_CONTEXT('2D SPACE',''
  ) );
#1389 = PCURVE('',#1340,#1390);
#1390 = DEFINITIONAL_REPRESENTATION('',(#1391),#1394);
#1391 = B_SPLINE_CURVE_WITH_KNOTS('',1,(#1392,#1393),.UNSPECIFIED.,.F.,
  .F.,(2,2),(-6.6496675,6.6496675),.PIECEWISE_BEZIER_KNOTS.);
#1392 = CARTESIAN_POINT('',(0.241402076038,-6.6496675));
#1393 = CARTESIAN_POINT('',(0.241402076038,6.6496675));
#1394 = ( GEOMETRIC_REPRESENTATION_CONTEXT(2) 
PARAMETRIC_REPRESENTATION_CONTEXT() REPRESENTATION_CONTEXT('2D SPACE',''
  ) );
#1395 = ORIENTED_EDGE('',*,*,#1396,.F.);
#1396 = EDGE_CURVE('',#374,#1376,#1397,.T.);
#1397 = SURFACE_CURVE('',#1398,(#1402,#1408),.PCURVE_S1.);
#1398 = LINE('',#1399,#1400);
#1399 = CARTESIAN_POINT('',(7.016666666667,7.140007009026,0.622309864728
    ));
#1400 = VECTOR('',#1401,1.);
#1401 = DIRECTION('',(-0.475384269028,-0.39448690596,0.786377694106));
#1402 = PCURVE('',#414,#1403);
#1403 = DEFINITIONAL_REPRESENTATION('',(#1404),#1407);
#1404 = B_SPLINE_CURVE_WITH_KNOTS('',1,(#1405,#1406),.UNSPECIFIED.,.F.,
  .F.,(2,2),(0.,4.09589699714),.PIECEWISE_BEZIER_KNOTS.);
#1405 = CARTESIAN_POINT('',(-1.584944676142,7.016666666667));
#1406 = CARTESIAN_POINT('',(2.0185364804,5.069541666667));
#1407 = ( GEOMETRIC_REPRESENTATION_CONTEXT(2) 
PARAMETRIC_REPRESENTATION_CONTEXT() REPRESENTATION_CONTEXT('2D SPACE',''
  ) );
#1408 = PCURVE('',#388,#1409);
#1409 = DEFINITIONAL_REPRESENTATION('',(#1410),#1414);
#1410 = LINE('',#1411,#1412);
#1411 = CARTESIAN_POINT('',(-1.571724812102,-7.19375));
#1412 = VECTOR('',#1413,1.);
#1413 = DIRECTION('',(0.873188975672,0.487381793632));
#1414 = ( GEOMETRIC_REPRESENTATION_CONTEXT(2) 
PARAMETRIC_REPRESENTATION_CONTEXT() REPRESENTATION_CONTEXT('2D SPACE',''
  ) );
#1415 = ORIENTED_EDGE('',*,*,#399,.F.);
#1416 = ADVANCED_FACE('',(#1417),#388,.F.);
#1417 = FACE_BOUND('',#1418,.F.);
#1418 = EDGE_LOOP('',(#1419,#1441,#1442,#1443,#1464,#1490));
#1419 = ORIENTED_EDGE('',*,*,#1420,.F.);
#1420 = EDGE_CURVE('',#348,#1421,#1423,.T.);
#1421 = VERTEX_POINT('',#1422);
#1422 = CARTESIAN_POINT('',(5.956608939159,-5.862495643289,
    3.864348049387));
#1423 = SURFACE_CURVE('',#1424,(#1428,#1434),.PCURVE_S1.);
#1424 = LINE('',#1425,#1426);
#1425 = CARTESIAN_POINT('',(7.016666666667,-7.140250747713,
    2.375705042969));
#1426 = VECTOR('',#1427,1.);
#1427 = DIRECTION('',(-0.475384269028,0.57301094134,0.66758389575));
#1428 = PCURVE('',#388,#1429);
#1429 = DEFINITIONAL_REPRESENTATION('',(#1430),#1433);
#1430 = B_SPLINE_CURVE_WITH_KNOTS('',1,(#1431,#1432),.UNSPECIFIED.,.F.,
  .F.,(2,2),(0.,4.09589699714),.PIECEWISE_BEZIER_KNOTS.);
#1431 = CARTESIAN_POINT('',(-1.571724812102,7.19375));
#1432 = CARTESIAN_POINT('',(2.00476729129,5.197484375));
#1433 = ( GEOMETRIC_REPRESENTATION_CONTEXT(2) 
PARAMETRIC_REPRESENTATION_CONTEXT() REPRESENTATION_CONTEXT('2D SPACE',''
  ) );
#1434 = PCURVE('',#362,#1435);
#1435 = DEFINITIONAL_REPRESENTATION('',(#1436),#1440);
#1436 = LINE('',#1437,#1438);
#1437 = CARTESIAN_POINT('',(1.584944676142,7.016666666667));
#1438 = VECTOR('',#1439,1.);
#1439 = DIRECTION('',(-0.879778265679,-0.475384269028));
#1440 = ( GEOMETRIC_REPRESENTATION_CONTEXT(2) 
PARAMETRIC_REPRESENTATION_CONTEXT() REPRESENTATION_CONTEXT('2D SPACE',''
  ) );
#1441 = ORIENTED_EDGE('',*,*,#373,.F.);
#1442 = ORIENTED_EDGE('',*,*,#1396,.T.);
#1443 = ORIENTED_EDGE('',*,*,#1444,.T.);
#1444 = EDGE_CURVE('',#1376,#1445,#1447,.T.);
#1445 = VERTEX_POINT('',#1446);
#1446 = CARTESIAN_POINT('',(6.264847966302,6.35919646559,1.885232346694)
  );
#1447 = SURFACE_CURVE('',#1448,(#1452,#1458),.PCURVE_S1.);
#1448 = LINE('',#1449,#1450);
#1449 = CARTESIAN_POINT('',(4.85608636162,5.907396657307,4.127532336458)
  );
#1450 = VECTOR('',#1451,1.);
#1451 = DIRECTION('',(0.524408761191,0.168181597923,-0.834691800191));
#1452 = PCURVE('',#388,#1453);
#1453 = DEFINITIONAL_REPRESENTATION('',(#1454),#1457);
#1454 = B_SPLINE_CURVE_WITH_KNOTS('',1,(#1455,#1456),.UNSPECIFIED.,.F.,
  .F.,(2,2),(0.407039929236,3.420196745578),.PIECEWISE_BEZIER_KNOTS.);
#1455 = CARTESIAN_POINT('',(2.00476729129,-5.6525));
#1456 = CARTESIAN_POINT('',(-0.897618310704,-6.461988614624));
#1457 = ( GEOMETRIC_REPRESENTATION_CONTEXT(2) 
PARAMETRIC_REPRESENTATION_CONTEXT() REPRESENTATION_CONTEXT('2D SPACE',''
  ) );
#1458 = PCURVE('',#1340,#1459);
#1459 = DEFINITIONAL_REPRESENTATION('',(#1460),#1463);
#1460 = B_SPLINE_CURVE_WITH_KNOTS('',1,(#1461,#1462),.UNSPECIFIED.,.F.,
  .F.,(2,2),(0.407039929236,3.420196745578),.PIECEWISE_BEZIER_KNOTS.);
#1461 = CARTESIAN_POINT('',(1.681706380981,5.069541666667));
#1462 = CARTESIAN_POINT('',(-0.883896150726,6.6496675));
#1463 = ( GEOMETRIC_REPRESENTATION_CONTEXT(2) 
PARAMETRIC_REPRESENTATION_CONTEXT() REPRESENTATION_CONTEXT('2D SPACE',''
  ) );
#1464 = ORIENTED_EDGE('',*,*,#1465,.T.);
#1465 = EDGE_CURVE('',#1445,#1466,#1468,.T.);
#1466 = VERTEX_POINT('',#1467);
#1467 = CARTESIAN_POINT('',(6.264847966302,-6.077105013553,
    3.412218163067));
#1468 = SURFACE_CURVE('',#1469,(#1473,#1479),.PCURVE_S1.);
#1469 = LINE('',#1470,#1471);
#1470 = CARTESIAN_POINT('',(6.264847966302,0.141045726019,2.648725254881
    ));
#1471 = VECTOR('',#1472,1.);
#1472 = DIRECTION('',(0.,-0.992546151641,0.121869343405));
#1473 = PCURVE('',#388,#1474);
#1474 = DEFINITIONAL_REPRESENTATION('',(#1475),#1478);
#1475 = B_SPLINE_CURVE_WITH_KNOTS('',1,(#1476,#1477),.UNSPECIFIED.,.F.,
  .F.,(2,2),(-6.6496675,6.6496675),.PIECEWISE_BEZIER_KNOTS.);
#1476 = CARTESIAN_POINT('',(-0.19077924105,-6.6496675));
#1477 = CARTESIAN_POINT('',(-0.19077924105,6.6496675));
#1478 = ( GEOMETRIC_REPRESENTATION_CONTEXT(2) 
PARAMETRIC_REPRESENTATION_CONTEXT() REPRESENTATION_CONTEXT('2D SPACE',''
  ) );
#1479 = PCURVE('',#1480,#1485);
#1480 = PLANE('',#1481);
#1481 = AXIS2_PLACEMENT_3D('',#1482,#1483,#1484);
#1482 = CARTESIAN_POINT('',(6.183105248366,0.171006421847,2.892735540934
    ));
#1483 = DIRECTION('',(0.948920261165,3.845172614971E-02,0.313164178517)
  );
#1484 = DIRECTION('',(-0.315515986837,0.115644289172,0.941847153434));
#1485 = DEFINITIONAL_REPRESENTATION('',(#1486),#1489);
#1486 = B_SPLINE_CURVE_WITH_KNOTS('',1,(#1487,#1488),.UNSPECIFIED.,.F.,
  .F.,(2,2),(-6.6496675,6.6496675),.PIECEWISE_BEZIER_KNOTS.);
#1487 = CARTESIAN_POINT('',(-0.259076311016,-6.6496675));
#1488 = CARTESIAN_POINT('',(-0.259076311016,6.6496675));
#1489 = ( GEOMETRIC_REPRESENTATION_CONTEXT(2) 
PARAMETRIC_REPRESENTATION_CONTEXT() REPRESENTATION_CONTEXT('2D SPACE',''
  ) );
#1490 = ORIENTED_EDGE('',*,*,#1491,.T.);
#1491 = EDGE_CURVE('',#1466,#1421,#1492,.T.);
#1492 = SURFACE_CURVE('',#1493,(#1497,#1503),.PCURVE_S1.);
#1493 = LINE('',#1494,#1495);
#1494 = CARTESIAN_POINT('',(4.85608636162,-5.096264126417,5.478611994112
    ));
#1495 = VECTOR('',#1496,1.);
#1496 = DIRECTION('',(-0.524408761191,0.365116108247,0.769211075508));
#1497 = PCURVE('',#388,#1498);
#1498 = DEFINITIONAL_REPRESENTATION('',(#1499),#1502);
#1499 = B_SPLINE_CURVE_WITH_KNOTS('',1,(#1500,#1501),.UNSPECIFIED.,.F.,
  .F.,(2,2),(-3.420196745578,-0.407039929236),.PIECEWISE_BEZIER_KNOTS.);
#1500 = CARTESIAN_POINT('',(-0.897618310704,6.461988614624));
#1501 = CARTESIAN_POINT('',(2.00476729129,5.6525));
#1502 = ( GEOMETRIC_REPRESENTATION_CONTEXT(2) 
PARAMETRIC_REPRESENTATION_CONTEXT() REPRESENTATION_CONTEXT('2D SPACE',''
  ) );
#1503 = PCURVE('',#1504,#1509);
#1504 = PLANE('',#1505);
#1505 = AXIS2_PLACEMENT_3D('',#1506,#1507,#1508);
#1506 = CARTESIAN_POINT('',(-1.137405685758E-16,-5.966010897612,
    3.646266517757));
#1507 = DIRECTION('',(0.,-0.903395427284,0.428808467689));
#1508 = DIRECTION('',(0.,-0.428808467689,-0.903395427284));
#1509 = DEFINITIONAL_REPRESENTATION('',(#1510),#1513);
#1510 = B_SPLINE_CURVE_WITH_KNOTS('',1,(#1511,#1512),.UNSPECIFIED.,.F.,
  .F.,(2,2),(-3.420196745578,-0.407039929236),.PIECEWISE_BEZIER_KNOTS.);
#1511 = CARTESIAN_POINT('',(0.883896150726,6.6496675));
#1512 = CARTESIAN_POINT('',(-1.681706380981,5.069541666667));
#1513 = ( GEOMETRIC_REPRESENTATION_CONTEXT(2) 
PARAMETRIC_REPRESENTATION_CONTEXT() REPRESENTATION_CONTEXT('2D SPACE',''
  ) );
#1514 = ADVANCED_FACE('',(#1515),#362,.F.);
#1515 = FACE_BOUND('',#1516,.F.);
#1516 = EDGE_LOOP('',(#1517,#1518,#1519,#1540));
#1517 = ORIENTED_EDGE('',*,*,#347,.F.);
#1518 = ORIENTED_EDGE('',*,*,#1420,.T.);
#1519 = ORIENTED_EDGE('',*,*,#1520,.T.);
#1520 = EDGE_CURVE('',#1421,#1521,#1523,.T.);
#1521 = VERTEX_POINT('',#1522);
#1522 = CARTESIAN_POINT('',(4.5,-5.862495643289,3.864348049387));
#1523 = SURFACE_CURVE('',#1524,(#1528,#1534),.PCURVE_S1.);
#1524 = LINE('',#1525,#1526);
#1525 = CARTESIAN_POINT('',(-1.983827824954E-18,-5.862495643289,
    3.864348049387));
#1526 = VECTOR('',#1527,1.);
#1527 = DIRECTION('',(-1.,0.,0.));
#1528 = PCURVE('',#362,#1529);
#1529 = DEFINITIONAL_REPRESENTATION('',(#1530),#1533);
#1530 = B_SPLINE_CURVE_WITH_KNOTS('',1,(#1531,#1532),.UNSPECIFIED.,.F.,
  .F.,(2,2),(-6.6496675,6.6496675),.PIECEWISE_BEZIER_KNOTS.);
#1531 = CARTESIAN_POINT('',(-0.376869817493,6.6496675));
#1532 = CARTESIAN_POINT('',(-0.376869817493,-6.6496675));
#1533 = ( GEOMETRIC_REPRESENTATION_CONTEXT(2) 
PARAMETRIC_REPRESENTATION_CONTEXT() REPRESENTATION_CONTEXT('2D SPACE',''
  ) );
#1534 = PCURVE('',#1504,#1535);
#1535 = DEFINITIONAL_REPRESENTATION('',(#1536),#1539);
#1536 = B_SPLINE_CURVE_WITH_KNOTS('',1,(#1537,#1538),.UNSPECIFIED.,.F.,
  .F.,(2,2),(-6.6496675,6.6496675),.PIECEWISE_BEZIER_KNOTS.);
#1537 = CARTESIAN_POINT('',(-0.241402076038,6.6496675));
#1538 = CARTESIAN_POINT('',(-0.241402076038,-6.6496675));
#1539 = ( GEOMETRIC_REPRESENTATION_CONTEXT(2) 
PARAMETRIC_REPRESENTATION_CONTEXT() REPRESENTATION_CONTEXT('2D SPACE',''
  ) );
#1540 = ORIENTED_EDGE('',*,*,#1541,.F.);
#1541 = EDGE_CURVE('',#321,#1521,#1542,.T.);
#1542 = SURFACE_CURVE('',#1543,(#1547,#1553),.PCURVE_S1.);
#1543 = LINE('',#1544,#1545);
#1544 = CARTESIAN_POINT('',(4.5,-5.982586481827,3.7244367422));
#1545 = VECTOR('',#1546,1.);
#1546 = DIRECTION('',(0.,0.651312908825,0.758809261144));
#1547 = PCURVE('',#362,#1548);
#1548 = DEFINITIONAL_REPRESENTATION('',(#1549),#1552);
#1549 = B_SPLINE_CURVE_WITH_KNOTS('',1,(#1550,#1551),.UNSPECIFIED.,.F.,
  .F.,(2,2),(-1.776230624247,0.184382709003),.PIECEWISE_BEZIER_KNOTS.);
#1550 = CARTESIAN_POINT('',(1.583743515757,4.5));
#1551 = CARTESIAN_POINT('',(-0.376869817493,4.5));
#1552 = ( GEOMETRIC_REPRESENTATION_CONTEXT(2) 
PARAMETRIC_REPRESENTATION_CONTEXT() REPRESENTATION_CONTEXT('2D SPACE',''
  ) );
#1553 = PCURVE('',#335,#1554);
#1554 = DEFINITIONAL_REPRESENTATION('',(#1555),#1559);
#1555 = LINE('',#1556,#1557);
#1556 = CARTESIAN_POINT('',(-0.806076604053,-0.863916165383));
#1557 = VECTOR('',#1558,1.);
#1558 = DIRECTION('',(0.832528288528,-0.553982534743));
#1559 = ( GEOMETRIC_REPRESENTATION_CONTEXT(2) 
PARAMETRIC_REPRESENTATION_CONTEXT() REPRESENTATION_CONTEXT('2D SPACE',''
  ) );
#1560 = ADVANCED_FACE('',(#1561),#335,.F.);
#1561 = FACE_BOUND('',#1562,.F.);
#1562 = EDGE_LOOP('',(#1563,#1564,#1565,#1588,#1611,#1633,#1655,#1678,
    #1705,#1732));
#1563 = ORIENTED_EDGE('',*,*,#320,.F.);
#1564 = ORIENTED_EDGE('',*,*,#1541,.T.);
#1565 = ORIENTED_EDGE('',*,*,#1566,.F.);
#1566 = EDGE_CURVE('',#1567,#1521,#1569,.T.);
#1567 = VERTEX_POINT('',#1568);
#1568 = CARTESIAN_POINT('',(4.5,-5.244880961281,5.16551237237));
#1569 = SURFACE_CURVE('',#1570,(#1574,#1581),.PCURVE_S1.);
#1570 = LINE('',#1571,#1572);
#1571 = CARTESIAN_POINT('',(4.5,-5.244880961281,5.16551237237));
#1572 = VECTOR('',#1573,1.);
#1573 = DIRECTION('',(0.,-0.428808467689,-0.903395427284));
#1574 = PCURVE('',#335,#1575);
#1575 = DEFINITIONAL_REPRESENTATION('',(#1576),#1580);
#1576 = LINE('',#1577,#1578);
#1577 = CARTESIAN_POINT('',(0.714161154312,-1.4205));
#1578 = VECTOR('',#1579,1.);
#1579 = DIRECTION('',(-0.948920261165,0.315515986837));
#1580 = ( GEOMETRIC_REPRESENTATION_CONTEXT(2) 
PARAMETRIC_REPRESENTATION_CONTEXT() REPRESENTATION_CONTEXT('2D SPACE',''
  ) );
#1581 = PCURVE('',#1504,#1582);
#1582 = DEFINITIONAL_REPRESENTATION('',(#1583),#1587);
#1583 = LINE('',#1584,#1585);
#1584 = CARTESIAN_POINT('',(-1.681706380981,4.5));
#1585 = VECTOR('',#1586,1.);
#1586 = DIRECTION('',(1.,0.));
#1587 = ( GEOMETRIC_REPRESENTATION_CONTEXT(2) 
PARAMETRIC_REPRESENTATION_CONTEXT() REPRESENTATION_CONTEXT('2D SPACE',''
  ) );
#1588 = ORIENTED_EDGE('',*,*,#1589,.T.);
#1589 = EDGE_CURVE('',#1567,#1590,#1592,.T.);
#1590 = VERTEX_POINT('',#1591);
#1591 = CARTESIAN_POINT('',(4.5,-5.708080755622,5.222386155728));
#1592 = SURFACE_CURVE('',#1593,(#1597,#1604),.PCURVE_S1.);
#1593 = LINE('',#1594,#1595);
#1594 = CARTESIAN_POINT('',(4.5,0.365486160872,4.476645908772));
#1595 = VECTOR('',#1596,1.);
#1596 = DIRECTION('',(0.,-0.992546151641,0.121869343405));
#1597 = PCURVE('',#335,#1598);
#1598 = DEFINITIONAL_REPRESENTATION('',(#1599),#1603);
#1599 = LINE('',#1600,#1601);
#1600 = CARTESIAN_POINT('',(0.714161154312,-7.073));
#1601 = VECTOR('',#1602,1.);
#1602 = DIRECTION('',(0.,1.));
#1603 = ( GEOMETRIC_REPRESENTATION_CONTEXT(2) 
PARAMETRIC_REPRESENTATION_CONTEXT() REPRESENTATION_CONTEXT('2D SPACE',''
  ) );
#1604 = PCURVE('',#1167,#1605);
#1605 = DEFINITIONAL_REPRESENTATION('',(#1606),#1610);
#1606 = LINE('',#1607,#1608);
#1607 = CARTESIAN_POINT('',(4.5,0.));
#1608 = VECTOR('',#1609,1.);
#1609 = DIRECTION('',(0.,-1.));
#1610 = ( GEOMETRIC_REPRESENTATION_CONTEXT(2) 
PARAMETRIC_REPRESENTATION_CONTEXT() REPRESENTATION_CONTEXT('2D SPACE',''
  ) );
#1611 = ORIENTED_EDGE('',*,*,#1612,.T.);
#1612 = EDGE_CURVE('',#1590,#1613,#1615,.T.);
#1613 = VERTEX_POINT('',#1614);
#1614 = CARTESIAN_POINT('',(4.5,-5.848184163407,6.236835645966));
#1615 = SURFACE_CURVE('',#1616,(#1620,#1627),.PCURVE_S1.);
#1616 = LINE('',#1617,#1618);
#1617 = CARTESIAN_POINT('',(4.5,-5.28344503453,2.147717968794));
#1618 = VECTOR('',#1619,1.);
#1619 = DIRECTION('',(0.,-0.136809249024,0.990597410345));
#1620 = PCURVE('',#335,#1621);
#1621 = DEFINITIONAL_REPRESENTATION('',(#1622),#1626);
#1622 = LINE('',#1623,#1624);
#1623 = CARTESIAN_POINT('',(-2.285838845688,-1.75));
#1624 = VECTOR('',#1625,1.);
#1625 = DIRECTION('',(0.966540794113,0.256512949605));
#1626 = ( GEOMETRIC_REPRESENTATION_CONTEXT(2) 
PARAMETRIC_REPRESENTATION_CONTEXT() REPRESENTATION_CONTEXT('2D SPACE',''
  ) );
#1627 = PCURVE('',#1140,#1628);
#1628 = DEFINITIONAL_REPRESENTATION('',(#1629),#1632);
#1629 = B_SPLINE_CURVE_WITH_KNOTS('',1,(#1630,#1631),.UNSPECIFIED.,.F.,
  .F.,(2,2),(0.,5.847657992735),.PIECEWISE_BEZIER_KNOTS.);
#1630 = CARTESIAN_POINT('',(-2.923828996368,4.5));
#1631 = CARTESIAN_POINT('',(2.923828996368,4.5));
#1632 = ( GEOMETRIC_REPRESENTATION_CONTEXT(2) 
PARAMETRIC_REPRESENTATION_CONTEXT() REPRESENTATION_CONTEXT('2D SPACE',''
  ) );
#1633 = ORIENTED_EDGE('',*,*,#1634,.T.);
#1634 = EDGE_CURVE('',#1613,#1635,#1637,.T.);
#1635 = VERTEX_POINT('',#1636);
#1636 = CARTESIAN_POINT('',(4.5,-5.277474550592,6.733169611034));
#1637 = SURFACE_CURVE('',#1638,(#1642,#1649),.PCURVE_S1.);
#1638 = LINE('',#1639,#1640);
#1639 = CARTESIAN_POINT('',(4.5,-6.291620269595,5.8511887322));
#1640 = VECTOR('',#1641,1.);
#1641 = DIRECTION('',(0.,0.754563139516,0.656227451791));
#1642 = PCURVE('',#335,#1643);
#1643 = DEFINITIONAL_REPRESENTATION('',(#1644),#1648);
#1644 = LINE('',#1645,#1646);
#1645 = CARTESIAN_POINT('',(1.267161154312,-0.298));
#1646 = VECTOR('',#1647,1.);
#1647 = DIRECTION('',(0.743294146247,-0.668964731622));
#1648 = ( GEOMETRIC_REPRESENTATION_CONTEXT(2) 
PARAMETRIC_REPRESENTATION_CONTEXT() REPRESENTATION_CONTEXT('2D SPACE',''
  ) );
#1649 = PCURVE('',#1113,#1650);
#1650 = DEFINITIONAL_REPRESENTATION('',(#1651),#1654);
#1651 = B_SPLINE_CURVE_WITH_KNOTS('',1,(#1652,#1653),.UNSPECIFIED.,.F.,
  .F.,(2,2),(0.,1.345362404707),.PIECEWISE_BEZIER_KNOTS.);
#1652 = CARTESIAN_POINT('',(-0.672681202354,4.5));
#1653 = CARTESIAN_POINT('',(0.672681202354,4.5));
#1654 = ( GEOMETRIC_REPRESENTATION_CONTEXT(2) 
PARAMETRIC_REPRESENTATION_CONTEXT() REPRESENTATION_CONTEXT('2D SPACE',''
  ) );
#1655 = ORIENTED_EDGE('',*,*,#1656,.F.);
#1656 = EDGE_CURVE('',#1657,#1635,#1659,.T.);
#1657 = VERTEX_POINT('',#1658);
#1658 = CARTESIAN_POINT('',(4.5,-4.115302261636,6.590472796841));
#1659 = SURFACE_CURVE('',#1660,(#1664,#1671),.PCURVE_S1.);
#1660 = LINE('',#1661,#1662);
#1661 = CARTESIAN_POINT('',(4.5,-4.114309715484,6.590350927497));
#1662 = VECTOR('',#1663,1.);
#1663 = DIRECTION('',(0.,-0.992546151641,0.121869343405));
#1664 = PCURVE('',#335,#1665);
#1665 = DEFINITIONAL_REPRESENTATION('',(#1666),#1670);
#1666 = LINE('',#1667,#1668);
#1667 = CARTESIAN_POINT('',(2.266161154312,-2.369));
#1668 = VECTOR('',#1669,1.);
#1669 = DIRECTION('',(0.,1.));
#1670 = ( GEOMETRIC_REPRESENTATION_CONTEXT(2) 
PARAMETRIC_REPRESENTATION_CONTEXT() REPRESENTATION_CONTEXT('2D SPACE',''
  ) );
#1671 = PCURVE('',#708,#1672);
#1672 = DEFINITIONAL_REPRESENTATION('',(#1673),#1677);
#1673 = LINE('',#1674,#1675);
#1674 = CARTESIAN_POINT('',(-4.5,-6.049));
#1675 = VECTOR('',#1676,1.);
#1676 = DIRECTION('',(0.,-1.));
#1677 = ( GEOMETRIC_REPRESENTATION_CONTEXT(2) 
PARAMETRIC_REPRESENTATION_CONTEXT() REPRESENTATION_CONTEXT('2D SPACE',''
  ) );
#1678 = ORIENTED_EDGE('',*,*,#1679,.T.);
#1679 = EDGE_CURVE('',#1657,#1680,#1682,.T.);
#1680 = VERTEX_POINT('',#1681);
#1681 = CARTESIAN_POINT('',(4.5,-3.981367853233,7.681281017495));
#1682 = SURFACE_CURVE('',#1683,(#1687,#1694),.PCURVE_S1.);
#1683 = LINE('',#1684,#1685);
#1684 = CARTESIAN_POINT('',(4.5,-4.048274122763,7.136373180244));
#1685 = VECTOR('',#1686,1.);
#1686 = DIRECTION('',(0.,0.121869343405,0.992546151641));
#1687 = PCURVE('',#335,#1688);
#1688 = DEFINITIONAL_REPRESENTATION('',(#1689),#1693);
#1689 = LINE('',#1690,#1691);
#1690 = CARTESIAN_POINT('',(2.816161154312,-2.368));
#1691 = VECTOR('',#1692,1.);
#1692 = DIRECTION('',(1.,0.));
#1693 = ( GEOMETRIC_REPRESENTATION_CONTEXT(2) 
PARAMETRIC_REPRESENTATION_CONTEXT() REPRESENTATION_CONTEXT('2D SPACE',''
  ) );
#1694 = PCURVE('',#1695,#1700);
#1695 = PLANE('',#1696);
#1696 = AXIS2_PLACEMENT_3D('',#1697,#1698,#1699);
#1697 = CARTESIAN_POINT('',(-6.678033230828E-17,-4.048274122763,
    7.136373180244));
#1698 = DIRECTION('',(0.,-0.992546151641,0.121869343405));
#1699 = DIRECTION('',(0.,-0.121869343405,-0.992546151641));
#1700 = DEFINITIONAL_REPRESENTATION('',(#1701),#1704);
#1701 = B_SPLINE_CURVE_WITH_KNOTS('',1,(#1702,#1703),.UNSPECIFIED.,.F.,
  .F.,(2,2),(-0.55,0.549),.PIECEWISE_BEZIER_KNOTS.);
#1702 = CARTESIAN_POINT('',(0.55,4.5));
#1703 = CARTESIAN_POINT('',(-0.549,4.5));
#1704 = ( GEOMETRIC_REPRESENTATION_CONTEXT(2) 
PARAMETRIC_REPRESENTATION_CONTEXT() REPRESENTATION_CONTEXT('2D SPACE',''
  ) );
#1705 = ORIENTED_EDGE('',*,*,#1706,.F.);
#1706 = EDGE_CURVE('',#1707,#1680,#1709,.T.);
#1707 = VERTEX_POINT('',#1708);
#1708 = CARTESIAN_POINT('',(4.5,-5.839290180837,7.909405194681));
#1709 = SURFACE_CURVE('',#1710,(#1714,#1721),.PCURVE_S1.);
#1710 = LINE('',#1711,#1712);
#1711 = CARTESIAN_POINT('',(4.5,-2.171956218791,7.459113204467));
#1712 = VECTOR('',#1713,1.);
#1713 = DIRECTION('',(0.,0.992546151641,-0.121869343405));
#1714 = PCURVE('',#335,#1715);
#1715 = DEFINITIONAL_REPRESENTATION('',(#1716),#1720);
#1716 = LINE('',#1717,#1718);
#1717 = CARTESIAN_POINT('',(3.365161154312,-4.191));
#1718 = VECTOR('',#1719,1.);
#1719 = DIRECTION('',(0.,-1.));
#1720 = ( GEOMETRIC_REPRESENTATION_CONTEXT(2) 
PARAMETRIC_REPRESENTATION_CONTEXT() REPRESENTATION_CONTEXT('2D SPACE',''
  ) );
#1721 = PCURVE('',#1722,#1727);
#1722 = PLANE('',#1723);
#1723 = AXIS2_PLACEMENT_3D('',#1724,#1725,#1726);
#1724 = CARTESIAN_POINT('',(0.,0.688561790239,7.107885756773));
#1725 = DIRECTION('',(0.,0.121869343405,0.992546151641));
#1726 = DIRECTION('',(1.,0.,-0.));
#1727 = DEFINITIONAL_REPRESENTATION('',(#1728),#1731);
#1728 = B_SPLINE_CURVE_WITH_KNOTS('',1,(#1729,#1730),.UNSPECIFIED.,.F.,
  .F.,(2,2),(-3.694875,-1.822),.PIECEWISE_BEZIER_KNOTS.);
#1729 = CARTESIAN_POINT('',(4.5,-6.576875));
#1730 = CARTESIAN_POINT('',(4.5,-4.704));
#1731 = ( GEOMETRIC_REPRESENTATION_CONTEXT(2) 
PARAMETRIC_REPRESENTATION_CONTEXT() REPRESENTATION_CONTEXT('2D SPACE',''
  ) );
#1732 = ORIENTED_EDGE('',*,*,#1733,.F.);
#1733 = EDGE_CURVE('',#294,#1707,#1734,.T.);
#1734 = SURFACE_CURVE('',#1735,(#1739,#1746),.PCURVE_S1.);
#1735 = LINE('',#1736,#1737);
#1736 = CARTESIAN_POINT('',(4.5,-7.679825848325,2.442964044597));
#1737 = VECTOR('',#1738,1.);
#1738 = DIRECTION('',(-1.539844091349E-16,0.319095567922,0.947722543012)
  );
#1739 = PCURVE('',#335,#1740);
#1740 = DEFINITIONAL_REPRESENTATION('',(#1741),#1745);
#1741 = LINE('',#1742,#1743);
#1742 = CARTESIAN_POINT('',(-2.284838845688,0.6645));
#1743 = VECTOR('',#1744,1.);
#1744 = DIRECTION('',(0.979546330236,-0.201218753899));
#1745 = ( GEOMETRIC_REPRESENTATION_CONTEXT(2) 
PARAMETRIC_REPRESENTATION_CONTEXT() REPRESENTATION_CONTEXT('2D SPACE',''
  ) );
#1746 = PCURVE('',#308,#1747);
#1747 = DEFINITIONAL_REPRESENTATION('',(#1748),#1752);
#1748 = LINE('',#1749,#1750);
#1749 = CARTESIAN_POINT('',(2.718192168964,4.5));
#1750 = VECTOR('',#1751,1.);
#1751 = DIRECTION('',(-1.,-1.539844091349E-16));
#1752 = ( GEOMETRIC_REPRESENTATION_CONTEXT(2) 
PARAMETRIC_REPRESENTATION_CONTEXT() REPRESENTATION_CONTEXT('2D SPACE',''
  ) );
#1753 = ADVANCED_FACE('',(#1754),#308,.T.);
#1754 = FACE_BOUND('',#1755,.T.);
#1755 = EDGE_LOOP('',(#1756,#1757,#1758,#1785));
#1756 = ORIENTED_EDGE('',*,*,#1733,.F.);
#1757 = ORIENTED_EDGE('',*,*,#293,.T.);
#1758 = ORIENTED_EDGE('',*,*,#1759,.F.);
#1759 = EDGE_CURVE('',#1760,#267,#1762,.T.);
#1760 = VERTEX_POINT('',#1761);
#1761 = CARTESIAN_POINT('',(6.5875,-5.839290180837,7.909405194681));
#1762 = SURFACE_CURVE('',#1763,(#1767,#1773),.PCURVE_S1.);
#1763 = LINE('',#1764,#1765);
#1764 = CARTESIAN_POINT('',(6.5875,-5.839290180837,7.909405194681));
#1765 = VECTOR('',#1766,1.);
#1766 = DIRECTION('',(0.197571105319,-0.312805734369,-0.929041565749));
#1767 = PCURVE('',#308,#1768);
#1768 = DEFINITIONAL_REPRESENTATION('',(#1769),#1772);
#1769 = B_SPLINE_CURVE_WITH_KNOTS('',1,(#1770,#1771),.UNSPECIFIED.,.F.,
  .F.,(2,2),(0.,5.883957566182),.PIECEWISE_BEZIER_KNOTS.);
#1770 = CARTESIAN_POINT('',(-3.049784113114,6.5875));
#1771 = CARTESIAN_POINT('',(2.718192168964,7.75));
#1772 = ( GEOMETRIC_REPRESENTATION_CONTEXT(2) 
PARAMETRIC_REPRESENTATION_CONTEXT() REPRESENTATION_CONTEXT('2D SPACE',''
  ) );
#1773 = PCURVE('',#1774,#1779);
#1774 = PLANE('',#1775);
#1775 = AXIS2_PLACEMENT_3D('',#1776,#1777,#1778);
#1776 = CARTESIAN_POINT('',(7.423761538591,-4.871884330606,
    4.144432520803));
#1777 = DIRECTION('',(0.976929626358,-1.555958350518E-02,0.212993907203)
  );
#1778 = DIRECTION('',(-0.209689832721,0.119159938693,0.97047982105));
#1779 = DEFINITIONAL_REPRESENTATION('',(#1780),#1784);
#1780 = LINE('',#1781,#1782);
#1781 = CARTESIAN_POINT('',(3.713909527135,1.420247407775));
#1782 = VECTOR('',#1783,1.);
#1783 = DIRECTION('',(-0.98031865663,0.197421709704));
#1784 = ( GEOMETRIC_REPRESENTATION_CONTEXT(2) 
PARAMETRIC_REPRESENTATION_CONTEXT() REPRESENTATION_CONTEXT('2D SPACE',''
  ) );
#1785 = ORIENTED_EDGE('',*,*,#1786,.F.);
#1786 = EDGE_CURVE('',#1707,#1760,#1787,.T.);
#1787 = SURFACE_CURVE('',#1788,(#1792,#1798),.PCURVE_S1.);
#1788 = LINE('',#1789,#1790);
#1789 = CARTESIAN_POINT('',(-6.5875,-5.839290180837,7.909405194681));
#1790 = VECTOR('',#1791,1.);
#1791 = DIRECTION('',(1.,0.,0.));
#1792 = PCURVE('',#308,#1793);
#1793 = DEFINITIONAL_REPRESENTATION('',(#1794),#1797);
#1794 = B_SPLINE_CURVE_WITH_KNOTS('',1,(#1795,#1796),.UNSPECIFIED.,.F.,
  .F.,(2,2),(0.,13.175),.PIECEWISE_BEZIER_KNOTS.);
#1795 = CARTESIAN_POINT('',(-3.049784113114,-6.5875));
#1796 = CARTESIAN_POINT('',(-3.049784113114,6.5875));
#1797 = ( GEOMETRIC_REPRESENTATION_CONTEXT(2) 
PARAMETRIC_REPRESENTATION_CONTEXT() REPRESENTATION_CONTEXT('2D SPACE',''
  ) );
#1798 = PCURVE('',#1722,#1799);
#1799 = DEFINITIONAL_REPRESENTATION('',(#1800),#1804);
#1800 = LINE('',#1801,#1802);
#1801 = CARTESIAN_POINT('',(-6.5875,-6.576875));
#1802 = VECTOR('',#1803,1.);
#1803 = DIRECTION('',(1.,0.));
#1804 = ( GEOMETRIC_REPRESENTATION_CONTEXT(2) 
PARAMETRIC_REPRESENTATION_CONTEXT() REPRESENTATION_CONTEXT('2D SPACE',''
  ) );
#1805 = ADVANCED_FACE('',(#1806),#281,.T.);
#1806 = FACE_BOUND('',#1807,.T.);
#1807 = EDGE_LOOP('',(#1808,#1809,#1831));
#1808 = ORIENTED_EDGE('',*,*,#266,.T.);
#1809 = ORIENTED_EDGE('',*,*,#1810,.T.);
#1810 = EDGE_CURVE('',#240,#1811,#1813,.T.);
#1811 = VERTEX_POINT('',#1812);
#1812 = CARTESIAN_POINT('',(7.95,-1.45225842444,1.9805678606));
#1813 = SURFACE_CURVE('',#1814,(#1818,#1825),.PCURVE_S1.);
#1814 = LINE('',#1815,#1816);
#1815 = CARTESIAN_POINT('',(7.95,-1.488819227462,1.682804015108));
#1816 = VECTOR('',#1817,1.);
#1817 = DIRECTION('',(0.,0.121869343405,0.992546151641));
#1818 = PCURVE('',#281,#1819);
#1819 = DEFINITIONAL_REPRESENTATION('',(#1820),#1824);
#1820 = LINE('',#1821,#1822);
#1821 = CARTESIAN_POINT('',(3.047154435096,-7.680164053923E-02));
#1822 = VECTOR('',#1823,1.);
#1823 = DIRECTION('',(0.,1.));
#1824 = ( GEOMETRIC_REPRESENTATION_CONTEXT(2) 
PARAMETRIC_REPRESENTATION_CONTEXT() REPRESENTATION_CONTEXT('2D SPACE',''
  ) );
#1825 = PCURVE('',#255,#1826);
#1826 = DEFINITIONAL_REPRESENTATION('',(#1827),#1830);
#1827 = B_SPLINE_CURVE_WITH_KNOTS('',1,(#1828,#1829),.UNSPECIFIED.,.F.,
  .F.,(2,2),(0.,0.3),.PIECEWISE_BEZIER_KNOTS.);
#1828 = CARTESIAN_POINT('',(-0.15,1.5));
#1829 = CARTESIAN_POINT('',(0.15,1.5));
#1830 = ( GEOMETRIC_REPRESENTATION_CONTEXT(2) 
PARAMETRIC_REPRESENTATION_CONTEXT() REPRESENTATION_CONTEXT('2D SPACE',''
  ) );
#1831 = ORIENTED_EDGE('',*,*,#1832,.T.);
#1832 = EDGE_CURVE('',#1811,#267,#1833,.T.);
#1833 = SURFACE_CURVE('',#1834,(#1838,#1845),.PCURVE_S1.);
#1834 = LINE('',#1835,#1836);
#1835 = CARTESIAN_POINT('',(7.95,-1.45225842444,1.9805678606));
#1836 = VECTOR('',#1837,1.);
#1837 = DIRECTION('',(-3.201069335767E-02,-0.996743755851,
    7.400811227846E-02));
#1838 = PCURVE('',#281,#1839);
#1839 = DEFINITIONAL_REPRESENTATION('',(#1840),#1844);
#1840 = LINE('',#1841,#1842);
#1841 = CARTESIAN_POINT('',(3.047154435096,0.223198359461));
#1842 = VECTOR('',#1843,1.);
#1843 = DIRECTION('',(-0.998846564743,-4.801604003651E-02));
#1844 = ( GEOMETRIC_REPRESENTATION_CONTEXT(2) 
PARAMETRIC_REPRESENTATION_CONTEXT() REPRESENTATION_CONTEXT('2D SPACE',''
  ) );
#1845 = PCURVE('',#1774,#1846);
#1846 = DEFINITIONAL_REPRESENTATION('',(#1847),#1850);
#1847 = B_SPLINE_CURVE_WITH_KNOTS('',1,(#1848,#1849),.UNSPECIFIED.,.F.,
  .F.,(2,2),(0.,6.247912151271),.PIECEWISE_BEZIER_KNOTS.);
#1848 = CARTESIAN_POINT('',(-1.802851429823,-3.660984190904));
#1849 = CARTESIAN_POINT('',(-2.054243849814,2.581868370319));
#1850 = ( GEOMETRIC_REPRESENTATION_CONTEXT(2) 
PARAMETRIC_REPRESENTATION_CONTEXT() REPRESENTATION_CONTEXT('2D SPACE',''
  ) );
#1851 = ADVANCED_FACE('',(#1852),#255,.T.);
#1852 = FACE_BOUND('',#1853,.T.);
#1853 = EDGE_LOOP('',(#1854,#1855,#1877,#1902));
#1854 = ORIENTED_EDGE('',*,*,#239,.F.);
#1855 = ORIENTED_EDGE('',*,*,#1856,.F.);
#1856 = EDGE_CURVE('',#1857,#213,#1859,.T.);
#1857 = VERTEX_POINT('',#1858);
#1858 = CARTESIAN_POINT('',(7.95,1.525380030484,1.614959830385));
#1859 = SURFACE_CURVE('',#1860,(#1864,#1870),.PCURVE_S1.);
#1860 = LINE('',#1861,#1862);
#1861 = CARTESIAN_POINT('',(7.95,1.525380030484,1.614959830385));
#1862 = VECTOR('',#1863,1.);
#1863 = DIRECTION('',(0.,-0.121869343405,-0.992546151641));
#1864 = PCURVE('',#255,#1865);
#1865 = DEFINITIONAL_REPRESENTATION('',(#1866),#1869);
#1866 = B_SPLINE_CURVE_WITH_KNOTS('',1,(#1867,#1868),.UNSPECIFIED.,.F.,
  .F.,(2,2),(0.,0.3),.PIECEWISE_BEZIER_KNOTS.);
#1867 = CARTESIAN_POINT('',(0.15,-1.5));
#1868 = CARTESIAN_POINT('',(-0.15,-1.5));
#1869 = ( GEOMETRIC_REPRESENTATION_CONTEXT(2) 
PARAMETRIC_REPRESENTATION_CONTEXT() REPRESENTATION_CONTEXT('2D SPACE',''
  ) );
#1870 = PCURVE('',#227,#1871);
#1871 = DEFINITIONAL_REPRESENTATION('',(#1872),#1876);
#1872 = LINE('',#1873,#1874);
#1873 = CARTESIAN_POINT('',(-3.047154435096,0.223198359461));
#1874 = VECTOR('',#1875,1.);
#1875 = DIRECTION('',(0.,-1.));
#1876 = ( GEOMETRIC_REPRESENTATION_CONTEXT(2) 
PARAMETRIC_REPRESENTATION_CONTEXT() REPRESENTATION_CONTEXT('2D SPACE',''
  ) );
#1877 = ORIENTED_EDGE('',*,*,#1878,.T.);
#1878 = EDGE_CURVE('',#1857,#1811,#1879,.T.);
#1879 = SURFACE_CURVE('',#1880,(#1884,#1891),.PCURVE_S1.);
#1880 = LINE('',#1881,#1882);
#1881 = CARTESIAN_POINT('',(7.95,1.525380030484,1.614959830385));
#1882 = VECTOR('',#1883,1.);
#1883 = DIRECTION('',(0.,-0.992546151641,0.121869343405));
#1884 = PCURVE('',#255,#1885);
#1885 = DEFINITIONAL_REPRESENTATION('',(#1886),#1890);
#1886 = LINE('',#1887,#1888);
#1887 = CARTESIAN_POINT('',(0.15,-1.5));
#1888 = VECTOR('',#1889,1.);
#1889 = DIRECTION('',(0.,1.));
#1890 = ( GEOMETRIC_REPRESENTATION_CONTEXT(2) 
PARAMETRIC_REPRESENTATION_CONTEXT() REPRESENTATION_CONTEXT('2D SPACE',''
  ) );
#1891 = PCURVE('',#1892,#1897);
#1892 = PLANE('',#1893);
#1893 = AXIS2_PLACEMENT_3D('',#1894,#1895,#1896);
#1894 = CARTESIAN_POINT('',(7.046717768895,0.468811009566,5.318159271152
    ));
#1895 = DIRECTION('',(0.969067643411,3.007677681898E-02,0.244955689851)
  );
#1896 = DIRECTION('',(-0.246795264327,0.118099637418,0.961844360148));
#1897 = DEFINITIONAL_REPRESENTATION('',(#1898),#1901);
#1898 = B_SPLINE_CURVE_WITH_KNOTS('',1,(#1899,#1900),.UNSPECIFIED.,.F.,
  .F.,(2,2),(0.,3.),.PIECEWISE_BEZIER_KNOTS.);
#1899 = CARTESIAN_POINT('',(-3.660046855314,-1.5));
#1900 = CARTESIAN_POINT('',(-3.660046855314,1.5));
#1901 = ( GEOMETRIC_REPRESENTATION_CONTEXT(2) 
PARAMETRIC_REPRESENTATION_CONTEXT() REPRESENTATION_CONTEXT('2D SPACE',''
  ) );
#1902 = ORIENTED_EDGE('',*,*,#1810,.F.);
#1903 = ADVANCED_FACE('',(#1904),#227,.T.);
#1904 = FACE_BOUND('',#1905,.T.);
#1905 = EDGE_LOOP('',(#1906,#1907,#1932));
#1906 = ORIENTED_EDGE('',*,*,#212,.T.);
#1907 = ORIENTED_EDGE('',*,*,#1908,.F.);
#1908 = EDGE_CURVE('',#1857,#191,#1909,.T.);
#1909 = SURFACE_CURVE('',#1910,(#1914,#1920),.PCURVE_S1.);
#1910 = LINE('',#1911,#1912);
#1911 = CARTESIAN_POINT('',(7.95,1.525380030484,1.614959830385));
#1912 = VECTOR('',#1913,1.);
#1913 = DIRECTION('',(-3.201069335767E-02,0.985040389307,-0.169324383789
    ));
#1914 = PCURVE('',#227,#1915);
#1915 = DEFINITIONAL_REPRESENTATION('',(#1916),#1919);
#1916 = B_SPLINE_CURVE_WITH_KNOTS('',1,(#1917,#1918),.UNSPECIFIED.,.F.,
  .F.,(2,2),(0.,6.247912151271),.PIECEWISE_BEZIER_KNOTS.);
#1917 = CARTESIAN_POINT('',(-3.047154435096,0.223198359461));
#1918 = CARTESIAN_POINT('',(3.193551154018,-7.680164053923E-02));
#1919 = ( GEOMETRIC_REPRESENTATION_CONTEXT(2) 
PARAMETRIC_REPRESENTATION_CONTEXT() REPRESENTATION_CONTEXT('2D SPACE',''
  ) );
#1920 = PCURVE('',#1921,#1926);
#1921 = PLANE('',#1922);
#1922 = AXIS2_PLACEMENT_3D('',#1923,#1924,#1925);
#1923 = CARTESIAN_POINT('',(7.423761538591,5.366914673117,2.887266080958
    ));
#1924 = DIRECTION('',(0.976929626358,6.662528715952E-02,0.202902873946)
  );
#1925 = DIRECTION('',(-0.209689832721,0.119159938693,0.97047982105));
#1926 = DEFINITIONAL_REPRESENTATION('',(#1927),#1931);
#1927 = LINE('',#1928,#1929);
#1928 = CARTESIAN_POINT('',(-1.802851429823,3.660984190904));
#1929 = VECTOR('',#1930,1.);
#1930 = DIRECTION('',(-4.023622834387E-02,-0.999190195072));
#1931 = ( GEOMETRIC_REPRESENTATION_CONTEXT(2) 
PARAMETRIC_REPRESENTATION_CONTEXT() REPRESENTATION_CONTEXT('2D SPACE',''
  ) );
#1932 = ORIENTED_EDGE('',*,*,#1856,.T.);
#1933 = ADVANCED_FACE('',(#1934),#629,.T.);
#1934 = FACE_BOUND('',#1935,.T.);
#1935 = EDGE_LOOP('',(#1936,#1937,#1938));
#1936 = ORIENTED_EDGE('',*,*,#613,.F.);
#1937 = ORIENTED_EDGE('',*,*,#821,.F.);
#1938 = ORIENTED_EDGE('',*,*,#1939,.T.);
#1939 = EDGE_CURVE('',#822,#614,#1940,.T.);
#1940 = SURFACE_CURVE('',#1941,(#1945,#1952),.PCURVE_S1.);
#1941 = LINE('',#1942,#1943);
#1942 = CARTESIAN_POINT('',(-7.95,1.525380030484,1.614959830385));
#1943 = VECTOR('',#1944,1.);
#1944 = DIRECTION('',(0.181660908486,0.758780446066,0.625501038365));
#1945 = PCURVE('',#629,#1946);
#1946 = DEFINITIONAL_REPRESENTATION('',(#1947),#1951);
#1947 = LINE('',#1948,#1949);
#1948 = CARTESIAN_POINT('',(1.802851429823,3.660984190904));
#1949 = VECTOR('',#1950,1.);
#1950 = DIRECTION('',(-0.735544812726,-0.677476072251));
#1951 = ( GEOMETRIC_REPRESENTATION_CONTEXT(2) 
PARAMETRIC_REPRESENTATION_CONTEXT() REPRESENTATION_CONTEXT('2D SPACE',''
  ) );
#1952 = PCURVE('',#882,#1953);
#1953 = DEFINITIONAL_REPRESENTATION('',(#1954),#1957);
#1954 = B_SPLINE_CURVE_WITH_KNOTS('',1,(#1955,#1956),.UNSPECIFIED.,.F.,
  .F.,(2,2),(0.,7.500237730607),.PIECEWISE_BEZIER_KNOTS.);
#1955 = CARTESIAN_POINT('',(3.660046855314,-1.5));
#1956 = CARTESIAN_POINT('',(-1.86072358458,-6.576875));
#1957 = ( GEOMETRIC_REPRESENTATION_CONTEXT(2) 
PARAMETRIC_REPRESENTATION_CONTEXT() REPRESENTATION_CONTEXT('2D SPACE',''
  ) );
#1958 = ADVANCED_FACE('',(#1959,#2095),#708,.F.);
#1959 = FACE_BOUND('',#1960,.F.);
#1960 = EDGE_LOOP('',(#1961,#1980,#1981,#2003,#2023,#2024,#2025,#2047,
    #2074,#2094));
#1961 = ORIENTED_EDGE('',*,*,#1962,.F.);
#1962 = EDGE_CURVE('',#1075,#1635,#1963,.T.);
#1963 = SURFACE_CURVE('',#1964,(#1968,#1974),.PCURVE_S1.);
#1964 = LINE('',#1965,#1966);
#1965 = CARTESIAN_POINT('',(4.292640436144E-17,-5.277474550592,
    6.733169611034));
#1966 = VECTOR('',#1967,1.);
#1967 = DIRECTION('',(1.,0.,0.));
#1968 = PCURVE('',#708,#1969);
#1969 = DEFINITIONAL_REPRESENTATION('',(#1970),#1973);
#1970 = B_SPLINE_CURVE_WITH_KNOTS('',1,(#1971,#1972),.UNSPECIFIED.,.F.,
  .F.,(2,2),(-4.5,4.5),.PIECEWISE_BEZIER_KNOTS.);
#1971 = CARTESIAN_POINT('',(4.5,-7.2209));
#1972 = CARTESIAN_POINT('',(-4.5,-7.2209));
#1973 = ( GEOMETRIC_REPRESENTATION_CONTEXT(2) 
PARAMETRIC_REPRESENTATION_CONTEXT() REPRESENTATION_CONTEXT('2D SPACE',''
  ) );
#1974 = PCURVE('',#1113,#1975);
#1975 = DEFINITIONAL_REPRESENTATION('',(#1976),#1979);
#1976 = B_SPLINE_CURVE_WITH_KNOTS('',1,(#1977,#1978),.UNSPECIFIED.,.F.,
  .F.,(2,2),(-4.5,4.5),.PIECEWISE_BEZIER_KNOTS.);
#1977 = CARTESIAN_POINT('',(0.671335839949,-4.5));
#1978 = CARTESIAN_POINT('',(0.671335839949,4.5));
#1979 = ( GEOMETRIC_REPRESENTATION_CONTEXT(2) 
PARAMETRIC_REPRESENTATION_CONTEXT() REPRESENTATION_CONTEXT('2D SPACE',''
  ) );
#1980 = ORIENTED_EDGE('',*,*,#1074,.T.);
#1981 = ORIENTED_EDGE('',*,*,#1982,.T.);
#1982 = EDGE_CURVE('',#1048,#1983,#1985,.T.);
#1983 = VERTEX_POINT('',#1984);
#1984 = CARTESIAN_POINT('',(-6.1,-4.115302261636,6.590472796841));
#1985 = SURFACE_CURVE('',#1986,(#1990,#1997),.PCURVE_S1.);
#1986 = LINE('',#1987,#1988);
#1987 = CARTESIAN_POINT('',(6.1,-4.115302261636,6.590472796841));
#1988 = VECTOR('',#1989,1.);
#1989 = DIRECTION('',(-1.,0.,0.));
#1990 = PCURVE('',#708,#1991);
#1991 = DEFINITIONAL_REPRESENTATION('',(#1992),#1996);
#1992 = LINE('',#1993,#1994);
#1993 = CARTESIAN_POINT('',(-6.1,-6.05));
#1994 = VECTOR('',#1995,1.);
#1995 = DIRECTION('',(1.,0.));
#1996 = ( GEOMETRIC_REPRESENTATION_CONTEXT(2) 
PARAMETRIC_REPRESENTATION_CONTEXT() REPRESENTATION_CONTEXT('2D SPACE',''
  ) );
#1997 = PCURVE('',#1063,#1998);
#1998 = DEFINITIONAL_REPRESENTATION('',(#1999),#2002);
#1999 = B_SPLINE_CURVE_WITH_KNOTS('',1,(#2000,#2001),.UNSPECIFIED.,.F.,
  .F.,(2,2),(0.,12.2),.PIECEWISE_BEZIER_KNOTS.);
#2000 = CARTESIAN_POINT('',(0.55,6.1));
#2001 = CARTESIAN_POINT('',(0.55,-6.1));
#2002 = ( GEOMETRIC_REPRESENTATION_CONTEXT(2) 
PARAMETRIC_REPRESENTATION_CONTEXT() REPRESENTATION_CONTEXT('2D SPACE',''
  ) );
#2003 = ORIENTED_EDGE('',*,*,#2004,.T.);
#2004 = EDGE_CURVE('',#1983,#668,#2005,.T.);
#2005 = SURFACE_CURVE('',#2006,(#2010,#2017),.PCURVE_S1.);
#2006 = LINE('',#2007,#2008);
#2007 = CARTESIAN_POINT('',(-6.1,-4.115302261636,6.590472796841));
#2008 = VECTOR('',#2009,1.);
#2009 = DIRECTION('',(0.,0.992546151641,-0.121869343405));
#2010 = PCURVE('',#708,#2011);
#2011 = DEFINITIONAL_REPRESENTATION('',(#2012),#2016);
#2012 = LINE('',#2013,#2014);
#2013 = CARTESIAN_POINT('',(6.1,-6.05));
#2014 = VECTOR('',#2015,1.);
#2015 = DIRECTION('',(0.,1.));
#2016 = ( GEOMETRIC_REPRESENTATION_CONTEXT(2) 
PARAMETRIC_REPRESENTATION_CONTEXT() REPRESENTATION_CONTEXT('2D SPACE',''
  ) );
#2017 = PCURVE('',#682,#2018);
#2018 = DEFINITIONAL_REPRESENTATION('',(#2019),#2022);
#2019 = B_SPLINE_CURVE_WITH_KNOTS('',1,(#2020,#2021),.UNSPECIFIED.,.F.,
  .F.,(2,2),(0.,12.1),.PIECEWISE_BEZIER_KNOTS.);
#2020 = CARTESIAN_POINT('',(0.55,6.05));
#2021 = CARTESIAN_POINT('',(0.55,-6.05));
#2022 = ( GEOMETRIC_REPRESENTATION_CONTEXT(2) 
PARAMETRIC_REPRESENTATION_CONTEXT() REPRESENTATION_CONTEXT('2D SPACE',''
  ) );
#2023 = ORIENTED_EDGE('',*,*,#693,.F.);
#2024 = ORIENTED_EDGE('',*,*,#744,.F.);
#2025 = ORIENTED_EDGE('',*,*,#2026,.F.);
#2026 = EDGE_CURVE('',#2027,#745,#2029,.T.);
#2027 = VERTEX_POINT('',#2028);
#2028 = CARTESIAN_POINT('',(6.1,7.336498973848,5.184368410595));
#2029 = SURFACE_CURVE('',#2030,(#2034,#2041),.PCURVE_S1.);
#2030 = LINE('',#2031,#2032);
#2031 = CARTESIAN_POINT('',(2.692148498151,7.479501230528,5.1668099413)
  );
#2032 = VECTOR('',#2033,1.);
#2033 = DIRECTION('',(-0.999107493631,4.192513264658E-02,
    -5.147759002806E-03));
#2034 = PCURVE('',#708,#2035);
#2035 = DEFINITIONAL_REPRESENTATION('',(#2036),#2040);
#2036 = LINE('',#2037,#2038);
#2037 = CARTESIAN_POINT('',(-2.692148498151,5.63187844262));
#2038 = VECTOR('',#2039,1.);
#2039 = DIRECTION('',(0.999107493631,4.223998307509E-02));
#2040 = ( GEOMETRIC_REPRESENTATION_CONTEXT(2) 
PARAMETRIC_REPRESENTATION_CONTEXT() REPRESENTATION_CONTEXT('2D SPACE',''
  ) );
#2041 = PCURVE('',#779,#2042);
#2042 = DEFINITIONAL_REPRESENTATION('',(#2043),#2046);
#2043 = B_SPLINE_CURVE_WITH_KNOTS('',1,(#2044,#2045),.UNSPECIFIED.,.F.,
  .F.,(2,2),(-3.410895748027,1.193213448754),.PIECEWISE_BEZIER_KNOTS.);
#2044 = CARTESIAN_POINT('',(2.586296921166,0.936204057257));
#2045 = CARTESIAN_POINT('',(2.545578525241,-3.667725080786));
#2046 = ( GEOMETRIC_REPRESENTATION_CONTEXT(2) 
PARAMETRIC_REPRESENTATION_CONTEXT() REPRESENTATION_CONTEXT('2D SPACE',''
  ) );
#2047 = ORIENTED_EDGE('',*,*,#2048,.T.);
#2048 = EDGE_CURVE('',#2027,#2049,#2051,.T.);
#2049 = VERTEX_POINT('',#2050);
#2050 = CARTESIAN_POINT('',(6.1,-4.115302261636,6.590472796841));
#2051 = SURFACE_CURVE('',#2052,(#2056,#2063),.PCURVE_S1.);
#2052 = LINE('',#2053,#2054);
#2053 = CARTESIAN_POINT('',(6.1,7.894506173224,5.115853741639));
#2054 = VECTOR('',#2055,1.);
#2055 = DIRECTION('',(0.,-0.992546151641,0.121869343405));
#2056 = PCURVE('',#708,#2057);
#2057 = DEFINITIONAL_REPRESENTATION('',(#2058),#2062);
#2058 = LINE('',#2059,#2060);
#2059 = CARTESIAN_POINT('',(-6.1,6.05));
#2060 = VECTOR('',#2061,1.);
#2061 = DIRECTION('',(0.,-1.));
#2062 = ( GEOMETRIC_REPRESENTATION_CONTEXT(2) 
PARAMETRIC_REPRESENTATION_CONTEXT() REPRESENTATION_CONTEXT('2D SPACE',''
  ) );
#2063 = PCURVE('',#2064,#2069);
#2064 = PLANE('',#2065);
#2065 = AXIS2_PLACEMENT_3D('',#2066,#2067,#2068);
#2066 = CARTESIAN_POINT('',(6.1,1.956630094667,6.399063652642));
#2067 = DIRECTION('',(1.,0.,0.));
#2068 = DIRECTION('',(0.,0.121869343405,0.992546151641));
#2069 = DEFINITIONAL_REPRESENTATION('',(#2070),#2073);
#2070 = B_SPLINE_CURVE_WITH_KNOTS('',1,(#2071,#2072),.UNSPECIFIED.,.F.,
  .F.,(2,2),(0.,12.1),.PIECEWISE_BEZIER_KNOTS.);
#2071 = CARTESIAN_POINT('',(-0.55,-6.05));
#2072 = CARTESIAN_POINT('',(-0.55,6.05));
#2073 = ( GEOMETRIC_REPRESENTATION_CONTEXT(2) 
PARAMETRIC_REPRESENTATION_CONTEXT() REPRESENTATION_CONTEXT('2D SPACE',''
  ) );
#2074 = ORIENTED_EDGE('',*,*,#2075,.T.);
#2075 = EDGE_CURVE('',#2049,#1657,#2076,.T.);
#2076 = SURFACE_CURVE('',#2077,(#2081,#2088),.PCURVE_S1.);
#2077 = LINE('',#2078,#2079);
#2078 = CARTESIAN_POINT('',(6.1,-4.115302261636,6.590472796841));
#2079 = VECTOR('',#2080,1.);
#2080 = DIRECTION('',(-1.,0.,0.));
#2081 = PCURVE('',#708,#2082);
#2082 = DEFINITIONAL_REPRESENTATION('',(#2083),#2087);
#2083 = LINE('',#2084,#2085);
#2084 = CARTESIAN_POINT('',(-6.1,-6.05));
#2085 = VECTOR('',#2086,1.);
#2086 = DIRECTION('',(1.,0.));
#2087 = ( GEOMETRIC_REPRESENTATION_CONTEXT(2) 
PARAMETRIC_REPRESENTATION_CONTEXT() REPRESENTATION_CONTEXT('2D SPACE',''
  ) );
#2088 = PCURVE('',#1695,#2089);
#2089 = DEFINITIONAL_REPRESENTATION('',(#2090),#2093);
#2090 = B_SPLINE_CURVE_WITH_KNOTS('',1,(#2091,#2092),.UNSPECIFIED.,.F.,
  .F.,(2,2),(0.,12.2),.PIECEWISE_BEZIER_KNOTS.);
#2091 = CARTESIAN_POINT('',(0.55,6.1));
#2092 = CARTESIAN_POINT('',(0.55,-6.1));
#2093 = ( GEOMETRIC_REPRESENTATION_CONTEXT(2) 
PARAMETRIC_REPRESENTATION_CONTEXT() REPRESENTATION_CONTEXT('2D SPACE',''
  ) );
#2094 = ORIENTED_EDGE('',*,*,#1656,.T.);
#2095 = FACE_BOUND('',#2096,.F.);
#2096 = EDGE_LOOP('',(#2097,#2172,#2198,#2265,#2291,#2364,#2390,#2416,
    #2489,#2515,#2541,#2625,#2651,#2733,#2759,#2832,#2858,#2884,#2972,
    #2998,#3024,#3097,#3123,#3190,#3216,#3300,#3326,#3352,#3425,#3451,
    #3477,#3550,#3576,#3643,#3669,#3742,#3768,#3794,#3867,#3893));
#2097 = ORIENTED_EDGE('',*,*,#2098,.F.);
#2098 = EDGE_CURVE('',#2099,#2101,#2103,.T.);
#2099 = VERTEX_POINT('',#2100);
#2100 = CARTESIAN_POINT('',(-1.178390472131,-0.541016106808,
    6.151605640779));
#2101 = VERTEX_POINT('',#2102);
#2102 = CARTESIAN_POINT('',(-1.674239914273,-0.541016106808,
    6.151605640779));
#2103 = SURFACE_CURVE('',#2104,(#2115,#2129),.PCURVE_S1.);
#2104 = B_SPLINE_CURVE_WITH_KNOTS('',5,(#2105,#2106,#2107,#2108,#2109,
    #2110,#2111,#2112,#2113,#2114),.UNSPECIFIED.,.F.,.F.,(6,4,6),(0.,
    0.463992786542,1.),.UNSPECIFIED.);
#2105 = CARTESIAN_POINT('',(-1.17839014758,-0.541015958079,
    6.151605622517));
#2106 = CARTESIAN_POINT('',(-1.221520860975,-0.560780958321,
    6.154032459393));
#2107 = CARTESIAN_POINT('',(-1.266630067565,-0.576250051706,
    6.155931825232));
#2108 = CARTESIAN_POINT('',(-1.313143524264,-0.587157078412,
    6.157271039717));
#2109 = CARTESIAN_POINT('',(-1.360438527741,-0.593354317859,
    6.158031965041));
#2110 = CARTESIAN_POINT('',(-1.462686866584,-0.596518151563,
    6.158420434973));
#2111 = CARTESIAN_POINT('',(-1.517693107627,-0.591902878104,
    6.157853750648));
#2112 = CARTESIAN_POINT('',(-1.571920677526,-0.580945854253,
    6.156508397286));
#2113 = CARTESIAN_POINT('',(-1.624398467197,-0.56384646383,
    6.154408856141));
#2114 = CARTESIAN_POINT('',(-1.674240238965,-0.541015958079,
    6.151605622517));
#2115 = PCURVE('',#708,#2116);
#2116 = DEFINITIONAL_REPRESENTATION('',(#2117),#2128);
#2117 = B_SPLINE_CURVE_WITH_KNOTS('',5,(#2118,#2119,#2120,#2121,#2122,
    #2123,#2124,#2125,#2126,#2127),.UNSPECIFIED.,.F.,.F.,(6,4,6),(0.,
    0.463992786542,1.),.UNSPECIFIED.);
#2118 = CARTESIAN_POINT('',(1.17839014758,-2.448871430164));
#2119 = CARTESIAN_POINT('',(1.221520860975,-2.468784862108));
#2120 = CARTESIAN_POINT('',(1.266630067565,-2.484370125684));
#2121 = CARTESIAN_POINT('',(1.313143524264,-2.495359062257));
#2122 = CARTESIAN_POINT('',(1.360438527741,-2.501602841891));
#2123 = CARTESIAN_POINT('',(1.462686866584,-2.504790435433));
#2124 = CARTESIAN_POINT('',(1.517693107627,-2.500140502076));
#2125 = CARTESIAN_POINT('',(1.571920677526,-2.489101192889));
#2126 = CARTESIAN_POINT('',(1.624398467197,-2.471873389028));
#2127 = CARTESIAN_POINT('',(1.674240238965,-2.448871430164));
#2128 = ( GEOMETRIC_REPRESENTATION_CONTEXT(2) 
PARAMETRIC_REPRESENTATION_CONTEXT() REPRESENTATION_CONTEXT('2D SPACE',''
  ) );
#2129 = PCURVE('',#2130,#2159);
#2130 = B_SPLINE_SURFACE_WITH_KNOTS('',13,1,(
    (#2131,#2132)
    ,(#2133,#2134)
    ,(#2135,#2136)
    ,(#2137,#2138)
    ,(#2139,#2140)
    ,(#2141,#2142)
    ,(#2143,#2144)
    ,(#2145,#2146)
    ,(#2147,#2148)
    ,(#2149,#2150)
    ,(#2151,#2152)
    ,(#2153,#2154)
    ,(#2155,#2156)
    ,(#2157,#2158
    )),.UNSPECIFIED.,.T.,.F.,.F.,(14,14),(2,2),(0.,6.28318530718),(0.,1.
    ),.PIECEWISE_BEZIER_KNOTS.);
#2131 = CARTESIAN_POINT('',(-0.845,5.278006383383E-16,-1.E-03));
#2132 = CARTESIAN_POINT('',(-0.81965,-3.625542491478E-16,11.299));
#2133 = CARTESIAN_POINT('',(-0.845,0.292409777757,-9.999999999998E-04));
#2134 = CARTESIAN_POINT('',(-0.81965,0.283637484424,11.299));
#2135 = CARTESIAN_POINT('',(-0.998106241741,0.584819672445,
    -1.000000000001E-03));
#2136 = CARTESIAN_POINT('',(-0.968163054489,0.567275082272,
    11.298999999999));
#2137 = CARTESIAN_POINT('',(-1.304309610085,0.789774622555,
    -9.999999999978E-04));
#2138 = CARTESIAN_POINT('',(-1.265180321781,0.766081383878,
    11.299000000002));
#2139 = CARTESIAN_POINT('',(-1.708710813892,0.819830414649,
    -1.000000000004E-03));
#2140 = CARTESIAN_POINT('',(-1.657449489478,0.79523550221,
    11.298999999997));
#2141 = CARTESIAN_POINT('',(-2.101234851753,0.625853548823,
    -9.999999999937E-04));
#2142 = CARTESIAN_POINT('',(-2.038197806196,0.607077942359,
    11.299000000006));
#2143 = CARTESIAN_POINT('',(-2.347638487673,0.235615841821,
    -1.000000000007E-03));
#2144 = CARTESIAN_POINT('',(-2.277209333048,0.228547366566,
    11.298999999989));
#2145 = CARTESIAN_POINT('',(-2.347638487666,-0.235615841821,
    -9.99999999993E-04));
#2146 = CARTESIAN_POINT('',(-2.277209333031,-0.228547366566,
    11.299000000015));
#2147 = CARTESIAN_POINT('',(-2.101234851758,-0.625853548823,
    -1.000000000005E-03));
#2148 = CARTESIAN_POINT('',(-2.038197806209,-0.607077942359,
    11.298999999984));
#2149 = CARTESIAN_POINT('',(-1.708710813888,-0.81983041465,
    -9.999999999967E-04));
#2150 = CARTESIAN_POINT('',(-1.65744948947,-0.79523550221,
    11.299000000012));
#2151 = CARTESIAN_POINT('',(-1.304309610086,-0.789774622555,
    -1.000000000002E-03));
#2152 = CARTESIAN_POINT('',(-1.265180321785,-0.766081383878,
    11.298999999993));
#2153 = CARTESIAN_POINT('',(-0.99810624174,-0.584819672445,
    -9.999999999994E-04));
#2154 = CARTESIAN_POINT('',(-0.968163054488,-0.567275082272,
    11.299000000003));
#2155 = CARTESIAN_POINT('',(-0.845,-0.292409777757,-1.E-03));
#2156 = CARTESIAN_POINT('',(-0.81965,-0.283637484424,11.298999999999));
#2157 = CARTESIAN_POINT('',(-0.845,-5.383081431046E-16,-1.E-03));
#2158 = CARTESIAN_POINT('',(-0.81965,1.03914954888E-15,11.299));
#2159 = DEFINITIONAL_REPRESENTATION('',(#2160),#2171);
#2160 = B_SPLINE_CURVE_WITH_KNOTS('',5,(#2161,#2162,#2163,#2164,#2165,
    #2166,#2167,#2168,#2169,#2170),.UNSPECIFIED.,.F.,.F.,(6,4,6),(0.,
    0.463992786542,1.),.UNSPECIFIED.);
#2161 = CARTESIAN_POINT('',(5.142089249408,0.544478373674));
#2162 = CARTESIAN_POINT('',(5.062353280926,0.544693137999));
#2163 = CARTESIAN_POINT('',(4.982604038942,0.544861223472));
#2164 = CARTESIAN_POINT('',(4.902849669743,0.544979738028));
#2165 = CARTESIAN_POINT('',(4.823087653969,0.545047076552));
#2166 = CARTESIAN_POINT('',(4.65118787925,0.545081454422));
#2167 = CARTESIAN_POINT('',(4.559044736905,0.545031305367));
#2168 = CARTESIAN_POINT('',(4.466915071511,0.544912247547));
#2169 = CARTESIAN_POINT('',(4.374791543374,0.544726447446));
#2170 = CARTESIAN_POINT('',(4.282688711973,0.544478373674));
#2171 = ( GEOMETRIC_REPRESENTATION_CONTEXT(2) 
PARAMETRIC_REPRESENTATION_CONTEXT() REPRESENTATION_CONTEXT('2D SPACE',''
  ) );
#2172 = ORIENTED_EDGE('',*,*,#2173,.F.);
#2173 = EDGE_CURVE('',#2174,#2099,#2176,.T.);
#2174 = VERTEX_POINT('',#2175);
#2175 = CARTESIAN_POINT('',(-0.83611580143,-0.541016106808,
    6.151605640779));
#2176 = SURFACE_CURVE('',#2177,(#2181,#2187),.PCURVE_S1.);
#2177 = LINE('',#2178,#2179);
#2178 = CARTESIAN_POINT('',(2.904551347411E-17,-0.541016106808,
    6.151605640779));
#2179 = VECTOR('',#2180,1.);
#2180 = DIRECTION('',(-1.,0.,-0.));
#2181 = PCURVE('',#708,#2182);
#2182 = DEFINITIONAL_REPRESENTATION('',(#2183),#2186);
#2183 = B_SPLINE_CURVE_WITH_KNOTS('',1,(#2184,#2185),.UNSPECIFIED.,.F.,
  .F.,(2,2),(0.8245,1.197958344524),.PIECEWISE_BEZIER_KNOTS.);
#2184 = CARTESIAN_POINT('',(0.8245,-2.448871580009));
#2185 = CARTESIAN_POINT('',(1.197958344524,-2.448871580009));
#2186 = ( GEOMETRIC_REPRESENTATION_CONTEXT(2) 
PARAMETRIC_REPRESENTATION_CONTEXT() REPRESENTATION_CONTEXT('2D SPACE',''
  ) );
#2187 = PCURVE('',#2188,#2193);
#2188 = PLANE('',#2189);
#2189 = AXIS2_PLACEMENT_3D('',#2190,#2191,#2192);
#2190 = CARTESIAN_POINT('',(5.809102694823E-17,-0.541782780009,
    5.626550660521));
#2191 = DIRECTION('',(-0.,-0.999998933943,1.460175434519E-03));
#2192 = DIRECTION('',(0.,-1.460175434519E-03,-0.999998933943));
#2193 = DEFINITIONAL_REPRESENTATION('',(#2194),#2197);
#2194 = B_SPLINE_CURVE_WITH_KNOTS('',1,(#2195,#2196),.UNSPECIFIED.,.F.,
  .F.,(2,2),(0.8245,1.197958344524),.PIECEWISE_BEZIER_KNOTS.);
#2195 = CARTESIAN_POINT('',(-0.525055539997,-0.8245));
#2196 = CARTESIAN_POINT('',(-0.525055539997,-1.197958344524));
#2197 = ( GEOMETRIC_REPRESENTATION_CONTEXT(2) 
PARAMETRIC_REPRESENTATION_CONTEXT() REPRESENTATION_CONTEXT('2D SPACE',''
  ) );
#2198 = ORIENTED_EDGE('',*,*,#2199,.F.);
#2199 = EDGE_CURVE('',#2200,#2174,#2202,.T.);
#2200 = VERTEX_POINT('',#2201);
#2201 = CARTESIAN_POINT('',(-0.540963213868,-0.836034057796,
    6.18782929035));
#2202 = SURFACE_CURVE('',#2203,(#2216,#2232),.PCURVE_S1.);
#2203 = B_SPLINE_CURVE_WITH_KNOTS('',6,(#2204,#2205,#2206,#2207,#2208,
    #2209,#2210,#2211,#2212,#2213,#2214,#2215),.UNSPECIFIED.,.F.,.F.,(7,
    5,7),(0.,0.508092159969,1.),.UNSPECIFIED.);
#2204 = CARTESIAN_POINT('',(-0.540963213868,-0.836034057796,
    6.18782929035));
#2205 = CARTESIAN_POINT('',(-0.540970246779,-0.796806991671,
    6.18301281226));
#2206 = CARTESIAN_POINT('',(-0.547238741818,-0.757575787636,
    6.178195826099));
#2207 = CARTESIAN_POINT('',(-0.559770077575,-0.719594407794,
    6.173532299052));
#2208 = CARTESIAN_POINT('',(-0.578229107849,-0.684106736108,
    6.169174960867));
#2209 = CARTESIAN_POINT('',(-0.60196237212,-0.652224421912,
    6.165260304918));
#2210 = CARTESIAN_POINT('',(-0.657282137622,-0.598299950202,
    6.158639212337));
#2211 = CARTESIAN_POINT('',(-0.688598619713,-0.575972597298,
    6.155897758115));
#2212 = CARTESIAN_POINT('',(-0.723204772202,-0.558642970837,
    6.153769947539));
#2213 = CARTESIAN_POINT('',(-0.760083851469,-0.54689134401,
    6.152327029199));
#2214 = CARTESIAN_POINT('',(-0.798101994046,-0.541016106808,
    6.151605640779));
#2215 = CARTESIAN_POINT('',(-0.83611580143,-0.541016106808,
    6.151605640779));
#2216 = PCURVE('',#708,#2217);
#2217 = DEFINITIONAL_REPRESENTATION('',(#2218),#2231);
#2218 = B_SPLINE_CURVE_WITH_KNOTS('',6,(#2219,#2220,#2221,#2222,#2223,
    #2224,#2225,#2226,#2227,#2228,#2229,#2230),.UNSPECIFIED.,.F.,.F.,(7,
    5,7),(0.,0.508092159969,1.),.UNSPECIFIED.);
#2219 = CARTESIAN_POINT('',(0.540963213868,-2.746105064317));
#2220 = CARTESIAN_POINT('',(0.540970246779,-2.706583409772));
#2221 = CARTESIAN_POINT('',(0.547238741818,-2.667057586242));
#2222 = CARTESIAN_POINT('',(0.559770077575,-2.628790972867));
#2223 = CARTESIAN_POINT('',(0.578229107849,-2.593036794961));
#2224 = CARTESIAN_POINT('',(0.60196237212,-2.560915050149));
#2225 = CARTESIAN_POINT('',(0.657282137622,-2.506585615069));
#2226 = CARTESIAN_POINT('',(0.688598619713,-2.484090587641));
#2227 = CARTESIAN_POINT('',(0.723204772202,-2.466630818711));
#2228 = CARTESIAN_POINT('',(0.760083851469,-2.454790939218));
#2229 = CARTESIAN_POINT('',(0.798101994046,-2.448871580009));
#2230 = CARTESIAN_POINT('',(0.83611580143,-2.448871580009));
#2231 = ( GEOMETRIC_REPRESENTATION_CONTEXT(2) 
PARAMETRIC_REPRESENTATION_CONTEXT() REPRESENTATION_CONTEXT('2D SPACE',''
  ) );
#2232 = PCURVE('',#2233,#2250);
#2233 = B_SPLINE_SURFACE_WITH_KNOTS('',7,1,(
    (#2234,#2235)
    ,(#2236,#2237)
    ,(#2238,#2239)
    ,(#2240,#2241)
    ,(#2242,#2243)
    ,(#2244,#2245)
    ,(#2246,#2247)
    ,(#2248,#2249
    )),.UNSPECIFIED.,.F.,.F.,.F.,(8,8),(2,2),(1.570796326795,
    3.14159265359),(0.,1.),.PIECEWISE_BEZIER_KNOTS.);
#2234 = CARTESIAN_POINT('',(-0.85,-0.55,-1.E-03));
#2235 = CARTESIAN_POINT('',(-0.8245,-0.5335,11.299));
#2236 = CARTESIAN_POINT('',(-0.782680157423,-0.55,-1.E-03));
#2237 = CARTESIAN_POINT('',(-0.7591997527,-0.5335,11.299));
#2238 = CARTESIAN_POINT('',(-0.715360640505,-0.567624665965,-1.E-03));
#2239 = CARTESIAN_POINT('',(-0.69389982129,-0.550595925987,11.299));
#2240 = CARTESIAN_POINT('',(-0.653575917753,-0.602871183339,-1.E-03));
#2241 = CARTESIAN_POINT('',(-0.633968640221,-0.584785047839,11.299));
#2242 = CARTESIAN_POINT('',(-0.602871183339,-0.653575917753,-1.E-03));
#2243 = CARTESIAN_POINT('',(-0.584785047839,-0.63396864022,11.299));
#2244 = CARTESIAN_POINT('',(-0.567624665965,-0.715360640505,-1.E-03));
#2245 = CARTESIAN_POINT('',(-0.550595925987,-0.69389982129,11.299));
#2246 = CARTESIAN_POINT('',(-0.55,-0.782680157423,-1.E-03));
#2247 = CARTESIAN_POINT('',(-0.5335,-0.7591997527,11.299));
#2248 = CARTESIAN_POINT('',(-0.55,-0.85,-1.E-03));
#2249 = CARTESIAN_POINT('',(-0.5335,-0.8245,11.299));
#2250 = DEFINITIONAL_REPRESENTATION('',(#2251),#2264);
#2251 = B_SPLINE_CURVE_WITH_KNOTS('',6,(#2252,#2253,#2254,#2255,#2256,
    #2257,#2258,#2259,#2260,#2261,#2262,#2263),.UNSPECIFIED.,.F.,.F.,(7,
    5,7),(0.,0.508092159969,1.),.UNSPECIFIED.);
#2252 = CARTESIAN_POINT('',(3.14159265359,0.547684007996));
#2253 = CARTESIAN_POINT('',(3.008614638392,0.547257770996));
#2254 = CARTESIAN_POINT('',(2.875626602693,0.546831489035));
#2255 = CARTESIAN_POINT('',(2.74264683302,0.546418787527));
#2256 = CARTESIAN_POINT('',(2.609657868911,0.546033182378));
#2257 = CARTESIAN_POINT('',(2.476643927467,0.545686752648));
#2258 = CARTESIAN_POINT('',(2.214849275957,0.545100815251));
#2259 = CARTESIAN_POINT('',(2.086049063694,0.544858208683));
#2260 = CARTESIAN_POINT('',(1.957248708124,0.544669906862));
#2261 = CARTESIAN_POINT('',(1.828439331638,0.544542214973));
#2262 = CARTESIAN_POINT('',(1.699613157434,0.54447837529));
#2263 = CARTESIAN_POINT('',(1.570796326795,0.54447837529));
#2264 = ( GEOMETRIC_REPRESENTATION_CONTEXT(2) 
PARAMETRIC_REPRESENTATION_CONTEXT() REPRESENTATION_CONTEXT('2D SPACE',''
  ) );
#2265 = ORIENTED_EDGE('',*,*,#2266,.F.);
#2266 = EDGE_CURVE('',#2267,#2200,#2269,.T.);
#2267 = VERTEX_POINT('',#2268);
#2268 = CARTESIAN_POINT('',(-0.540901878358,-1.178141657562,
    6.229834821768));
#2269 = SURFACE_CURVE('',#2270,(#2274,#2280),.PCURVE_S1.);
#2270 = LINE('',#2271,#2272);
#2271 = CARTESIAN_POINT('',(-0.541287459276,0.972491170754,5.96577031428
    ));
#2272 = VECTOR('',#2273,1.);
#2273 = DIRECTION('',(-1.779508083493E-04,0.992546135926,-0.121869341476
    ));
#2274 = PCURVE('',#708,#2275);
#2275 = DEFINITIONAL_REPRESENTATION('',(#2276),#2279);
#2276 = B_SPLINE_CURVE_WITH_KNOTS('',1,(#2277,#2278),.UNSPECIFIED.,.F.,
  .F.,(2,2),(-2.186749239124,-1.810486289463),.PIECEWISE_BEZIER_KNOTS.);
#2277 = CARTESIAN_POINT('',(0.540898325481,-3.110747331463));
#2278 = CARTESIAN_POINT('',(0.540965281777,-2.73448438776));
#2279 = ( GEOMETRIC_REPRESENTATION_CONTEXT(2) 
PARAMETRIC_REPRESENTATION_CONTEXT() REPRESENTATION_CONTEXT('2D SPACE',''
  ) );
#2280 = PCURVE('',#2281,#2286);
#2281 = PLANE('',#2282);
#2282 = AXIS2_PLACEMENT_3D('',#2283,#2284,#2285);
#2283 = CARTESIAN_POINT('',(-0.541782780009,5.809102694823E-17,
    5.626550660521));
#2284 = DIRECTION('',(-0.999998933943,-0.,1.460175434519E-03));
#2285 = DIRECTION('',(-1.460175434519E-03,0.,-0.999998933943));
#2286 = DEFINITIONAL_REPRESENTATION('',(#2287),#2290);
#2287 = B_SPLINE_CURVE_WITH_KNOTS('',1,(#2288,#2289),.UNSPECIFIED.,.F.,
  .F.,(2,2),(-2.186749239124,-1.810486289463),.PIECEWISE_BEZIER_KNOTS.);
#2288 = CARTESIAN_POINT('',(-0.605717989234,1.197958336778));
#2289 = CARTESIAN_POINT('',(-0.559863022453,0.8245));
#2290 = ( GEOMETRIC_REPRESENTATION_CONTEXT(2) 
PARAMETRIC_REPRESENTATION_CONTEXT() REPRESENTATION_CONTEXT('2D SPACE',''
  ) );
#2291 = ORIENTED_EDGE('',*,*,#2292,.F.);
#2292 = EDGE_CURVE('',#2293,#2267,#2295,.T.);
#2293 = VERTEX_POINT('',#2294);
#2294 = CARTESIAN_POINT('',(-0.540813046956,-1.673611528784,
    6.290670872347));
#2295 = SURFACE_CURVE('',#2296,(#2307,#2321),.PCURVE_S1.);
#2296 = B_SPLINE_CURVE_WITH_KNOTS('',5,(#2297,#2298,#2299,#2300,#2301,
    #2302,#2303,#2304,#2305,#2306),.UNSPECIFIED.,.F.,.F.,(6,4,6),(0.,
    0.483993036072,1.),.UNSPECIFIED.);
#2297 = CARTESIAN_POINT('',(-0.540812898199,-1.673611853092,
    6.290670912167));
#2298 = CARTESIAN_POINT('',(-0.561442504597,-1.628636976517,
    6.285148691695));
#2299 = CARTESIAN_POINT('',(-0.577390135667,-1.581522541967,
    6.279363766537));
#2300 = CARTESIAN_POINT('',(-0.588360060464,-1.532919604347,
    6.273396076182));
#2301 = CARTESIAN_POINT('',(-0.594195146102,-1.483532105429,
    6.267332053814));
#2302 = CARTESIAN_POINT('',(-0.595621189647,-1.381343445864,
    6.25478486412));
#2303 = CARTESIAN_POINT('',(-0.590509036441,-1.328529782693,
    6.248300161678));
#2304 = CARTESIAN_POINT('',(-0.57953641033,-1.276497648559,
    6.241911418935));
#2305 = CARTESIAN_POINT('',(-0.562881343795,-1.226104747739,
    6.235723948735));
#2306 = CARTESIAN_POINT('',(-0.540901729692,-1.178141333148,
    6.229834781935));
#2307 = PCURVE('',#708,#2308);
#2308 = DEFINITIONAL_REPRESENTATION('',(#2309),#2320);
#2309 = B_SPLINE_CURVE_WITH_KNOTS('',5,(#2310,#2311,#2312,#2313,#2314,
    #2315,#2316,#2317,#2318,#2319),.UNSPECIFIED.,.F.,.F.,(6,4,6),(0.,
    0.483993036072,1.),.UNSPECIFIED.);
#2310 = CARTESIAN_POINT('',(0.540812898199,-3.589972922664));
#2311 = CARTESIAN_POINT('',(0.561442504597,-3.544660292616));
#2312 = CARTESIAN_POINT('',(0.577390135667,-3.497192036885));
#2313 = CARTESIAN_POINT('',(0.588360060464,-3.448224099688));
#2314 = CARTESIAN_POINT('',(0.594195146102,-3.398465709273));
#2315 = CARTESIAN_POINT('',(0.595621189647,-3.29550963071));
#2316 = CARTESIAN_POINT('',(0.590509036441,-3.242299346147));
#2317 = CARTESIAN_POINT('',(0.57953641033,-3.189876459767));
#2318 = CARTESIAN_POINT('',(0.562881343795,-3.139105117058));
#2319 = CARTESIAN_POINT('',(0.540901729692,-3.090781505595));
#2320 = ( GEOMETRIC_REPRESENTATION_CONTEXT(2) 
PARAMETRIC_REPRESENTATION_CONTEXT() REPRESENTATION_CONTEXT('2D SPACE',''
  ) );
#2321 = PCURVE('',#2322,#2351);
#2322 = B_SPLINE_SURFACE_WITH_KNOTS('',13,1,(
    (#2323,#2324)
    ,(#2325,#2326)
    ,(#2327,#2328)
    ,(#2329,#2330)
    ,(#2331,#2332)
    ,(#2333,#2334)
    ,(#2335,#2336)
    ,(#2337,#2338)
    ,(#2339,#2340)
    ,(#2341,#2342)
    ,(#2343,#2344)
    ,(#2345,#2346)
    ,(#2347,#2348)
    ,(#2349,#2350
    )),.UNSPECIFIED.,.T.,.F.,.F.,(1,13,13,1),(2,2),(-6.28318530718,0.,
    6.28318530718,12.566370614359),(0.,1.),.UNSPECIFIED.);
#2323 = CARTESIAN_POINT('',(0.605,-1.45,-1.E-03));
#2324 = CARTESIAN_POINT('',(0.58685,-1.4065,11.299));
#2325 = CARTESIAN_POINT('',(0.605,-1.157590222243,-9.999999999998E-04));
#2326 = CARTESIAN_POINT('',(0.58685,-1.122862515575,11.299));
#2327 = CARTESIAN_POINT('',(0.451893758259,-0.865180327556,
    -1.000000000001E-03));
#2328 = CARTESIAN_POINT('',(0.438336945512,-0.839224917728,
    11.298999999999));
#2329 = CARTESIAN_POINT('',(0.145690389915,-0.660225377443,
    -9.999999999978E-04));
#2330 = CARTESIAN_POINT('',(0.141319678217,-0.640418616121,
    11.299000000002));
#2331 = CARTESIAN_POINT('',(-0.258710813891,-0.630169585355,
    -1.000000000004E-03));
#2332 = CARTESIAN_POINT('',(-0.250949489474,-0.611264497792,
    11.298999999997));
#2333 = CARTESIAN_POINT('',(-0.651234851753,-0.82414645117,
    -9.999999999937E-04));
#2334 = CARTESIAN_POINT('',(-0.631697806202,-0.799422057639,
    11.299000000006));
#2335 = CARTESIAN_POINT('',(-0.897638487673,-1.214384158187,
    -1.000000000007E-03));
#2336 = CARTESIAN_POINT('',(-0.870709333041,-1.177952633437,
    11.298999999989));
#2337 = CARTESIAN_POINT('',(-0.897638487665,-1.685615841814,
    -9.99999999993E-04));
#2338 = CARTESIAN_POINT('',(-0.870709333037,-1.635047366564,
    11.299000000015));
#2339 = CARTESIAN_POINT('',(-0.651234851759,-2.075853548828,
    -1.000000000005E-03));
#2340 = CARTESIAN_POINT('',(-0.631697806205,-2.01357794236,
    11.298999999984));
#2341 = CARTESIAN_POINT('',(-0.258710813887,-2.269830414647,
    -9.999999999967E-04));
#2342 = CARTESIAN_POINT('',(-0.250949489472,-2.20173550221,
    11.299000000012));
#2343 = CARTESIAN_POINT('',(0.145690389913,-2.239774622556,
    -1.000000000002E-03));
#2344 = CARTESIAN_POINT('',(0.141319678216,-2.172581383878,
    11.298999999993));
#2345 = CARTESIAN_POINT('',(0.45189375826,-2.034819672445,
    -9.999999999994E-04));
#2346 = CARTESIAN_POINT('',(0.438336945512,-1.973775082272,
    11.299000000003));
#2347 = CARTESIAN_POINT('',(0.605,-1.742409777757,-1.E-03));
#2348 = CARTESIAN_POINT('',(0.58685,-1.690137484424,11.298999999999));
#2349 = CARTESIAN_POINT('',(0.605,-1.45,-1.E-03));
#2350 = CARTESIAN_POINT('',(0.58685,-1.4065,11.299));
#2351 = DEFINITIONAL_REPRESENTATION('',(#2352),#2363);
#2352 = B_SPLINE_CURVE_WITH_KNOTS('',5,(#2353,#2354,#2355,#2356,#2357,
    #2358,#2359,#2360,#2361,#2362),.UNSPECIFIED.,.F.,.F.,(6,4,6),(0.,
    0.483993036072,1.),.UNSPECIFIED.);
#2353 = CARTESIAN_POINT('',(3.571292930833,0.556785036475));
#2354 = CARTESIAN_POINT('',(3.48808517075,0.556296344398));
#2355 = CARTESIAN_POINT('',(3.404888136217,0.555784404118));
#2356 = CARTESIAN_POINT('',(3.32170431618,0.555256289928));
#2357 = CARTESIAN_POINT('',(3.238522304365,0.55471965078));
#2358 = CARTESIAN_POINT('',(3.066661896992,0.553609280011));
#2359 = CARTESIAN_POINT('',(2.977979169013,0.553035412538));
#2360 = CARTESIAN_POINT('',(2.889296940736,0.552470037074));
#2361 = CARTESIAN_POINT('',(2.800600069552,0.551922473339));
#2362 = CARTESIAN_POINT('',(2.711892376347,0.551401308136));
#2363 = ( GEOMETRIC_REPRESENTATION_CONTEXT(2) 
PARAMETRIC_REPRESENTATION_CONTEXT() REPRESENTATION_CONTEXT('2D SPACE',''
  ) );
#2364 = ORIENTED_EDGE('',*,*,#2365,.F.);
#2365 = EDGE_CURVE('',#2366,#2293,#2368,.T.);
#2366 = VERTEX_POINT('',#2367);
#2367 = CARTESIAN_POINT('',(-0.540756149396,-1.990965822778,
    6.329637079986));
#2368 = SURFACE_CURVE('',#2369,(#2373,#2379),.PCURVE_S1.);
#2369 = LINE('',#2370,#2371);
#2370 = CARTESIAN_POINT('',(-0.541287459276,0.972491170754,5.96577031428
    ));
#2371 = VECTOR('',#2372,1.);
#2372 = DIRECTION('',(-1.779508083493E-04,0.992546135926,-0.121869341476
    ));
#2373 = PCURVE('',#708,#2374);
#2374 = DEFINITIONAL_REPRESENTATION('',(#2375),#2378);
#2375 = B_SPLINE_CURVE_WITH_KNOTS('',1,(#2376,#2377),.UNSPECIFIED.,.F.,
  .F.,(2,2),(-3.020001854077,-2.643173439622),.PIECEWISE_BEZIER_KNOTS.);
#2376 = CARTESIAN_POINT('',(0.540750047504,-3.943999933223));
#2377 = CARTESIAN_POINT('',(0.540817104425,-3.567171524735));
#2378 = ( GEOMETRIC_REPRESENTATION_CONTEXT(2) 
PARAMETRIC_REPRESENTATION_CONTEXT() REPRESENTATION_CONTEXT('2D SPACE',''
  ) );
#2379 = PCURVE('',#2380,#2385);
#2380 = PLANE('',#2381);
#2381 = AXIS2_PLACEMENT_3D('',#2382,#2383,#2384);
#2382 = CARTESIAN_POINT('',(-0.541782780009,5.809102694823E-17,
    5.626550660521));
#2383 = DIRECTION('',(-0.999998933943,-0.,1.460175434519E-03));
#2384 = DIRECTION('',(-1.460175434519E-03,0.,-0.999998933943));
#2385 = DEFINITIONAL_REPRESENTATION('',(#2386),#2389);
#2386 = B_SPLINE_CURVE_WITH_KNOTS('',1,(#2387,#2388),.UNSPECIFIED.,.F.,
  .F.,(2,2),(-3.020001854077,-2.643173439622),.PIECEWISE_BEZIER_KNOTS.);
#2387 = CARTESIAN_POINT('',(-0.707266044957,2.025));
#2388 = CARTESIAN_POINT('',(-0.66134216528,1.650980413325));
#2389 = ( GEOMETRIC_REPRESENTATION_CONTEXT(2) 
PARAMETRIC_REPRESENTATION_CONTEXT() REPRESENTATION_CONTEXT('2D SPACE',''
  ) );
#2390 = ORIENTED_EDGE('',*,*,#2391,.F.);
#2391 = EDGE_CURVE('',#2392,#2366,#2394,.T.);
#2392 = VERTEX_POINT('',#2393);
#2393 = CARTESIAN_POINT('',(-0.184986652031,-1.990965822778,
    6.329637079986));
#2394 = SURFACE_CURVE('',#2395,(#2399,#2405),.PCURVE_S1.);
#2395 = LINE('',#2396,#2397);
#2396 = CARTESIAN_POINT('',(-8.965214233704E-18,-1.990965822778,
    6.329637079986));
#2397 = VECTOR('',#2398,1.);
#2398 = DIRECTION('',(-1.,0.,-0.));
#2399 = PCURVE('',#708,#2400);
#2400 = DEFINITIONAL_REPRESENTATION('',(#2401),#2404);
#2401 = B_SPLINE_CURVE_WITH_KNOTS('',1,(#2402,#2403),.UNSPECIFIED.,.F.,
  .F.,(2,2),(0.182504404191,0.55),.PIECEWISE_BEZIER_KNOTS.);
#2402 = CARTESIAN_POINT('',(0.182504404191,-3.909710165271));
#2403 = CARTESIAN_POINT('',(0.55,-3.909710165271));
#2404 = ( GEOMETRIC_REPRESENTATION_CONTEXT(2) 
PARAMETRIC_REPRESENTATION_CONTEXT() REPRESENTATION_CONTEXT('2D SPACE',''
  ) );
#2405 = PCURVE('',#2406,#2411);
#2406 = PLANE('',#2407);
#2407 = AXIS2_PLACEMENT_3D('',#2408,#2409,#2410);
#2408 = CARTESIAN_POINT('',(-1.793042846741E-17,-1.994665471628,
    5.641471944119));
#2409 = DIRECTION('',(-0.,-0.999985549054,5.376028504872E-03));
#2410 = DIRECTION('',(0.,-5.376028504872E-03,-0.999985549054));
#2411 = DEFINITIONAL_REPRESENTATION('',(#2412),#2415);
#2412 = B_SPLINE_CURVE_WITH_KNOTS('',1,(#2413,#2414),.UNSPECIFIED.,.F.,
  .F.,(2,2),(0.182504404191,0.55),.PIECEWISE_BEZIER_KNOTS.);
#2413 = CARTESIAN_POINT('',(-0.688175080647,-0.182504404191));
#2414 = CARTESIAN_POINT('',(-0.688175080647,-0.55));
#2415 = ( GEOMETRIC_REPRESENTATION_CONTEXT(2) 
PARAMETRIC_REPRESENTATION_CONTEXT() REPRESENTATION_CONTEXT('2D SPACE',''
  ) );
#2416 = ORIENTED_EDGE('',*,*,#2417,.F.);
#2417 = EDGE_CURVE('',#2418,#2392,#2420,.T.);
#2418 = VERTEX_POINT('',#2419);
#2419 = CARTESIAN_POINT('',(0.184986651333,-1.990965822778,
    6.329637079986));
#2420 = SURFACE_CURVE('',#2421,(#2432,#2446),.PCURVE_S1.);
#2421 = B_SPLINE_CURVE_WITH_KNOTS('',5,(#2422,#2423,#2424,#2425,#2426,
    #2427,#2428,#2429,#2430,#2431),.UNSPECIFIED.,.F.,.F.,(6,4,6),(0.,
    0.500999928213,1.),.UNSPECIFIED.);
#2422 = CARTESIAN_POINT('',(0.184986990542,-1.990965711859,
    6.329637066367));
#2423 = CARTESIAN_POINT('',(0.149163368547,-2.002679810445,
    6.331075376818));
#2424 = CARTESIAN_POINT('',(0.112408330407,-2.011559366756,6.33216564924
    ));
#2425 = CARTESIAN_POINT('',(7.502288599505E-02,-2.017504861637,
    6.332895664219));
#2426 = CARTESIAN_POINT('',(3.732222581065E-02,-2.020465574665,
    6.333259194068));
#2427 = CARTESIAN_POINT('',(-3.79241540168E-02,-2.020418015434,
    6.333253354529));
#2428 = CARTESIAN_POINT('',(-7.547055191009E-02,-2.017433522321,
    6.332886904852));
#2429 = CARTESIAN_POINT('',(-0.112701747755,-2.01148843065,
    6.332156939382));
#2430 = CARTESIAN_POINT('',(-0.14930636523,-2.002633050747,
    6.331069635449));
#2431 = CARTESIAN_POINT('',(-0.184986991239,-1.990965711859,
    6.329637066367));
#2432 = PCURVE('',#708,#2433);
#2433 = DEFINITIONAL_REPRESENTATION('',(#2434),#2445);
#2434 = B_SPLINE_CURVE_WITH_KNOTS('',5,(#2435,#2436,#2437,#2438,#2439,
    #2440,#2441,#2442,#2443,#2444),.UNSPECIFIED.,.F.,.F.,(6,4,6),(0.,
    0.500999928213,1.),.UNSPECIFIED.);
#2435 = CARTESIAN_POINT('',(-0.184986990542,-3.909710053519));
#2436 = CARTESIAN_POINT('',(-0.149163368547,-3.92151212294));
#2437 = CARTESIAN_POINT('',(-0.112408330407,-3.930458363169));
#2438 = CARTESIAN_POINT('',(-7.502288599505E-02,-3.936448507679));
#2439 = CARTESIAN_POINT('',(-3.732222581065E-02,-3.939431455145));
#2440 = CARTESIAN_POINT('',(3.79241540168E-02,-3.939383538753));
#2441 = CARTESIAN_POINT('',(7.547055191009E-02,-3.936376632618));
#2442 = CARTESIAN_POINT('',(0.112701747755,-3.930386894346));
#2443 = CARTESIAN_POINT('',(0.14930636523,-3.921465012085));
#2444 = CARTESIAN_POINT('',(0.184986991239,-3.909710053519));
#2445 = ( GEOMETRIC_REPRESENTATION_CONTEXT(2) 
PARAMETRIC_REPRESENTATION_CONTEXT() REPRESENTATION_CONTEXT('2D SPACE',''
  ) );
#2446 = PCURVE('',#2447,#2476);
#2447 = B_SPLINE_SURFACE_WITH_KNOTS('',13,1,(
    (#2448,#2449)
    ,(#2450,#2451)
    ,(#2452,#2453)
    ,(#2454,#2455)
    ,(#2456,#2457)
    ,(#2458,#2459)
    ,(#2460,#2461)
    ,(#2462,#2463)
    ,(#2464,#2465)
    ,(#2466,#2467)
    ,(#2468,#2469)
    ,(#2470,#2471)
    ,(#2472,#2473)
    ,(#2474,#2475
    )),.UNSPECIFIED.,.T.,.F.,.F.,(1,13,13,1),(2,2),(-6.28318530718,0.,
    6.28318530718,12.566370614359),(0.,1.),.UNSPECIFIED.);
#2448 = CARTESIAN_POINT('',(0.605,-1.45,-1.E-03));
#2449 = CARTESIAN_POINT('',(0.58685,-1.4065,11.299));
#2450 = CARTESIAN_POINT('',(0.605,-1.157590222243,-9.999999999998E-04));
#2451 = CARTESIAN_POINT('',(0.58685,-1.122862515575,11.299));
#2452 = CARTESIAN_POINT('',(0.451893758259,-0.865180327556,
    -1.000000000001E-03));
#2453 = CARTESIAN_POINT('',(0.438336945512,-0.839224917728,
    11.298999999999));
#2454 = CARTESIAN_POINT('',(0.145690389915,-0.660225377443,
    -9.999999999978E-04));
#2455 = CARTESIAN_POINT('',(0.141319678217,-0.640418616121,
    11.299000000002));
#2456 = CARTESIAN_POINT('',(-0.258710813891,-0.630169585355,
    -1.000000000004E-03));
#2457 = CARTESIAN_POINT('',(-0.250949489474,-0.611264497792,
    11.298999999997));
#2458 = CARTESIAN_POINT('',(-0.651234851753,-0.82414645117,
    -9.999999999937E-04));
#2459 = CARTESIAN_POINT('',(-0.631697806202,-0.799422057639,
    11.299000000006));
#2460 = CARTESIAN_POINT('',(-0.897638487673,-1.214384158187,
    -1.000000000007E-03));
#2461 = CARTESIAN_POINT('',(-0.870709333041,-1.177952633437,
    11.298999999989));
#2462 = CARTESIAN_POINT('',(-0.897638487665,-1.685615841814,
    -9.99999999993E-04));
#2463 = CARTESIAN_POINT('',(-0.870709333037,-1.635047366564,
    11.299000000015));
#2464 = CARTESIAN_POINT('',(-0.651234851759,-2.075853548828,
    -1.000000000005E-03));
#2465 = CARTESIAN_POINT('',(-0.631697806205,-2.01357794236,
    11.298999999984));
#2466 = CARTESIAN_POINT('',(-0.258710813887,-2.269830414647,
    -9.999999999967E-04));
#2467 = CARTESIAN_POINT('',(-0.250949489472,-2.20173550221,
    11.299000000012));
#2468 = CARTESIAN_POINT('',(0.145690389913,-2.239774622556,
    -1.000000000002E-03));
#2469 = CARTESIAN_POINT('',(0.141319678216,-2.172581383878,
    11.298999999993));
#2470 = CARTESIAN_POINT('',(0.45189375826,-2.034819672445,
    -9.999999999994E-04));
#2471 = CARTESIAN_POINT('',(0.438336945512,-1.973775082272,
    11.299000000003));
#2472 = CARTESIAN_POINT('',(0.605,-1.742409777757,-1.E-03));
#2473 = CARTESIAN_POINT('',(0.58685,-1.690137484424,11.298999999999));
#2474 = CARTESIAN_POINT('',(0.605,-1.45,-1.E-03));
#2475 = CARTESIAN_POINT('',(0.58685,-1.4065,11.299));
#2476 = DEFINITIONAL_REPRESENTATION('',(#2477),#2488);
#2477 = B_SPLINE_CURVE_WITH_KNOTS('',5,(#2478,#2479,#2480,#2481,#2482,
    #2483,#2484,#2485,#2486,#2487),.UNSPECIFIED.,.F.,.F.,(6,4,6),(0.,
    0.500999928213,1.),.UNSPECIFIED.);
#2478 = CARTESIAN_POINT('',(5.028623962107,0.560233368705));
#2479 = CARTESIAN_POINT('',(4.965258257897,0.560360652816));
#2480 = CARTESIAN_POINT('',(4.901886391245,0.560457137101));
#2481 = CARTESIAN_POINT('',(4.838511609816,0.560521740196));
#2482 = CARTESIAN_POINT('',(4.775133772905,0.560553910979));
#2483 = CARTESIAN_POINT('',(4.64863223187,0.560553394206));
#2484 = CARTESIAN_POINT('',(4.585507415433,0.560520965031));
#2485 = CARTESIAN_POINT('',(4.522385633888,0.560456366317));
#2486 = CARTESIAN_POINT('',(4.459266763139,0.56036014473));
#2487 = CARTESIAN_POINT('',(4.396153998948,0.560233368705));
#2488 = ( GEOMETRIC_REPRESENTATION_CONTEXT(2) 
PARAMETRIC_REPRESENTATION_CONTEXT() REPRESENTATION_CONTEXT('2D SPACE',''
  ) );
#2489 = ORIENTED_EDGE('',*,*,#2490,.F.);
#2490 = EDGE_CURVE('',#2491,#2418,#2493,.T.);
#2491 = VERTEX_POINT('',#2492);
#2492 = CARTESIAN_POINT('',(0.540756149396,-1.990965822778,
    6.329637079986));
#2493 = SURFACE_CURVE('',#2494,(#2498,#2504),.PCURVE_S1.);
#2494 = LINE('',#2495,#2496);
#2495 = CARTESIAN_POINT('',(-8.965214233704E-18,-1.990965822778,
    6.329637079986));
#2496 = VECTOR('',#2497,1.);
#2497 = DIRECTION('',(-1.,0.,-0.));
#2498 = PCURVE('',#708,#2499);
#2499 = DEFINITIONAL_REPRESENTATION('',(#2500),#2503);
#2500 = B_SPLINE_CURVE_WITH_KNOTS('',1,(#2501,#2502),.UNSPECIFIED.,.F.,
  .F.,(2,2),(-0.55,-0.182504403503),.PIECEWISE_BEZIER_KNOTS.);
#2501 = CARTESIAN_POINT('',(-0.55,-3.909710165271));
#2502 = CARTESIAN_POINT('',(-0.182504403503,-3.909710165271));
#2503 = ( GEOMETRIC_REPRESENTATION_CONTEXT(2) 
PARAMETRIC_REPRESENTATION_CONTEXT() REPRESENTATION_CONTEXT('2D SPACE',''
  ) );
#2504 = PCURVE('',#2505,#2510);
#2505 = PLANE('',#2506);
#2506 = AXIS2_PLACEMENT_3D('',#2507,#2508,#2509);
#2507 = CARTESIAN_POINT('',(-1.793042846741E-17,-1.994665471628,
    5.641471944119));
#2508 = DIRECTION('',(-0.,-0.999985549054,5.376028504872E-03));
#2509 = DIRECTION('',(0.,-5.376028504872E-03,-0.999985549054));
#2510 = DEFINITIONAL_REPRESENTATION('',(#2511),#2514);
#2511 = B_SPLINE_CURVE_WITH_KNOTS('',1,(#2512,#2513),.UNSPECIFIED.,.F.,
  .F.,(2,2),(-0.55,-0.182504403503),.PIECEWISE_BEZIER_KNOTS.);
#2512 = CARTESIAN_POINT('',(-0.688175080647,0.55));
#2513 = CARTESIAN_POINT('',(-0.688175080647,0.182504403503));
#2514 = ( GEOMETRIC_REPRESENTATION_CONTEXT(2) 
PARAMETRIC_REPRESENTATION_CONTEXT() REPRESENTATION_CONTEXT('2D SPACE',''
  ) );
#2515 = ORIENTED_EDGE('',*,*,#2516,.F.);
#2516 = EDGE_CURVE('',#2517,#2491,#2519,.T.);
#2517 = VERTEX_POINT('',#2518);
#2518 = CARTESIAN_POINT('',(0.540813046957,-1.673611522474,
    6.290670871572));
#2519 = SURFACE_CURVE('',#2520,(#2524,#2530),.PCURVE_S1.);
#2520 = LINE('',#2521,#2522);
#2521 = CARTESIAN_POINT('',(0.541287459276,0.972491170754,5.96577031428)
  );
#2522 = VECTOR('',#2523,1.);
#2523 = DIRECTION('',(-1.779508083493E-04,-0.992546135926,0.121869341476
    ));
#2524 = PCURVE('',#708,#2525);
#2525 = DEFINITIONAL_REPRESENTATION('',(#2526),#2529);
#2526 = B_SPLINE_CURVE_WITH_KNOTS('',1,(#2527,#2528),.UNSPECIFIED.,.F.,
  .F.,(2,2),(2.643173438583,3.020001854077),.PIECEWISE_BEZIER_KNOTS.);
#2527 = CARTESIAN_POINT('',(-0.540817104426,-3.567171523696));
#2528 = CARTESIAN_POINT('',(-0.540750047504,-3.943999933223));
#2529 = ( GEOMETRIC_REPRESENTATION_CONTEXT(2) 
PARAMETRIC_REPRESENTATION_CONTEXT() REPRESENTATION_CONTEXT('2D SPACE',''
  ) );
#2530 = PCURVE('',#2531,#2536);
#2531 = PLANE('',#2532);
#2532 = AXIS2_PLACEMENT_3D('',#2533,#2534,#2535);
#2533 = CARTESIAN_POINT('',(0.541782780009,5.809102694823E-17,
    5.626550660521));
#2534 = DIRECTION('',(0.999998933943,0.,1.460175434519E-03));
#2535 = DIRECTION('',(-1.460175434519E-03,0.,0.999998933943));
#2536 = DEFINITIONAL_REPRESENTATION('',(#2537),#2540);
#2537 = B_SPLINE_CURVE_WITH_KNOTS('',1,(#2538,#2539),.UNSPECIFIED.,.F.,
  .F.,(2,2),(2.643173438583,3.020001854077),.PIECEWISE_BEZIER_KNOTS.);
#2538 = CARTESIAN_POINT('',(0.661342165154,1.650980412294));
#2539 = CARTESIAN_POINT('',(0.707266044957,2.025));
#2540 = ( GEOMETRIC_REPRESENTATION_CONTEXT(2) 
PARAMETRIC_REPRESENTATION_CONTEXT() REPRESENTATION_CONTEXT('2D SPACE',''
  ) );
#2541 = ORIENTED_EDGE('',*,*,#2542,.F.);
#2542 = EDGE_CURVE('',#2543,#2517,#2545,.T.);
#2543 = VERTEX_POINT('',#2544);
#2544 = CARTESIAN_POINT('',(0.540901878356,-1.178141663874,
    6.229834822543));
#2545 = SURFACE_CURVE('',#2546,(#2555,#2567),.PCURVE_S1.);
#2546 = B_SPLINE_CURVE_WITH_KNOTS('',5,(#2547,#2548,#2549,#2550,#2551,
    #2552,#2553,#2554),.UNSPECIFIED.,.F.,.F.,(6,2,6),(0.,1.,
    1.999977726613),.UNSPECIFIED.);
#2547 = CARTESIAN_POINT('',(0.540901729451,-1.178141338935,
    6.229834782646));
#2548 = CARTESIAN_POINT('',(0.562199750023,-1.224617406957,6.23554132625
    ));
#2549 = CARTESIAN_POINT('',(0.578498286999,-1.273374500726,6.2415279446)
  );
#2550 = CARTESIAN_POINT('',(0.600445126919,-1.374012076313,
    6.253884685129));
#2551 = CARTESIAN_POINT('',(0.600424162592,-1.477782116451,
    6.266626043942));
#2552 = CARTESIAN_POINT('',(0.578439547017,-1.578404761109,
    6.278980951183));
#2553 = CARTESIAN_POINT('',(0.562124540197,-1.627150044082,
    6.284966119349));
#2554 = CARTESIAN_POINT('',(0.54081289796,-1.673611847307,6.290670911457
    ));
#2555 = PCURVE('',#708,#2556);
#2556 = DEFINITIONAL_REPRESENTATION('',(#2557),#2566);
#2557 = B_SPLINE_CURVE_WITH_KNOTS('',5,(#2558,#2559,#2560,#2561,#2562,
    #2563,#2564,#2565),.UNSPECIFIED.,.F.,.F.,(6,2,6),(0.,1.,
    1.999977726613),.UNSPECIFIED.);
#2558 = CARTESIAN_POINT('',(-0.540901729451,-3.090781511425));
#2559 = CARTESIAN_POINT('',(-0.562199750023,-3.137606606606));
#2560 = CARTESIAN_POINT('',(-0.578498286999,-3.186729857639));
#2561 = CARTESIAN_POINT('',(-0.600445126919,-3.288123203853));
#2562 = CARTESIAN_POINT('',(-0.600424162592,-3.392672538881));
#2563 = CARTESIAN_POINT('',(-0.578439547017,-3.494050842037));
#2564 = CARTESIAN_POINT('',(-0.562124540197,-3.543162193577));
#2565 = CARTESIAN_POINT('',(-0.54081289796,-3.589972916835));
#2566 = ( GEOMETRIC_REPRESENTATION_CONTEXT(2) 
PARAMETRIC_REPRESENTATION_CONTEXT() REPRESENTATION_CONTEXT('2D SPACE',''
  ) );
#2567 = PCURVE('',#2568,#2597);
#2568 = B_SPLINE_SURFACE_WITH_KNOTS('',13,1,(
    (#2569,#2570)
    ,(#2571,#2572)
    ,(#2573,#2574)
    ,(#2575,#2576)
    ,(#2577,#2578)
    ,(#2579,#2580)
    ,(#2581,#2582)
    ,(#2583,#2584)
    ,(#2585,#2586)
    ,(#2587,#2588)
    ,(#2589,#2590)
    ,(#2591,#2592)
    ,(#2593,#2594)
    ,(#2595,#2596
    )),.UNSPECIFIED.,.T.,.F.,.F.,(1,13,13,1),(2,2),(-6.28318530718,0.,
    6.28318530718,12.566370614359),(0.,1.),.UNSPECIFIED.);
#2569 = CARTESIAN_POINT('',(0.605,-1.45,-1.E-03));
#2570 = CARTESIAN_POINT('',(0.58685,-1.4065,11.299));
#2571 = CARTESIAN_POINT('',(0.605,-1.157590222243,-9.999999999998E-04));
#2572 = CARTESIAN_POINT('',(0.58685,-1.122862515575,11.299));
#2573 = CARTESIAN_POINT('',(0.451893758259,-0.865180327556,
    -1.000000000001E-03));
#2574 = CARTESIAN_POINT('',(0.438336945512,-0.839224917728,
    11.298999999999));
#2575 = CARTESIAN_POINT('',(0.145690389915,-0.660225377443,
    -9.999999999978E-04));
#2576 = CARTESIAN_POINT('',(0.141319678217,-0.640418616121,
    11.299000000002));
#2577 = CARTESIAN_POINT('',(-0.258710813891,-0.630169585355,
    -1.000000000004E-03));
#2578 = CARTESIAN_POINT('',(-0.250949489474,-0.611264497792,
    11.298999999997));
#2579 = CARTESIAN_POINT('',(-0.651234851753,-0.82414645117,
    -9.999999999937E-04));
#2580 = CARTESIAN_POINT('',(-0.631697806202,-0.799422057639,
    11.299000000006));
#2581 = CARTESIAN_POINT('',(-0.897638487673,-1.214384158187,
    -1.000000000007E-03));
#2582 = CARTESIAN_POINT('',(-0.870709333041,-1.177952633437,
    11.298999999989));
#2583 = CARTESIAN_POINT('',(-0.897638487665,-1.685615841814,
    -9.99999999993E-04));
#2584 = CARTESIAN_POINT('',(-0.870709333037,-1.635047366564,
    11.299000000015));
#2585 = CARTESIAN_POINT('',(-0.651234851759,-2.075853548828,
    -1.000000000005E-03));
#2586 = CARTESIAN_POINT('',(-0.631697806205,-2.01357794236,
    11.298999999984));
#2587 = CARTESIAN_POINT('',(-0.258710813887,-2.269830414647,
    -9.999999999967E-04));
#2588 = CARTESIAN_POINT('',(-0.250949489472,-2.20173550221,
    11.299000000012));
#2589 = CARTESIAN_POINT('',(0.145690389913,-2.239774622556,
    -1.000000000002E-03));
#2590 = CARTESIAN_POINT('',(0.141319678216,-2.172581383878,
    11.298999999993));
#2591 = CARTESIAN_POINT('',(0.45189375826,-2.034819672445,
    -9.999999999994E-04));
#2592 = CARTESIAN_POINT('',(0.438336945512,-1.973775082272,
    11.299000000003));
#2593 = CARTESIAN_POINT('',(0.605,-1.742409777757,-1.E-03));
#2594 = CARTESIAN_POINT('',(0.58685,-1.690137484424,11.298999999999));
#2595 = CARTESIAN_POINT('',(0.605,-1.45,-1.E-03));
#2596 = CARTESIAN_POINT('',(0.58685,-1.4065,11.299));
#2597 = DEFINITIONAL_REPRESENTATION('',(#2598),#2624);
#2598 = B_SPLINE_CURVE_WITH_KNOTS('',3,(#2599,#2600,#2601,#2602,#2603,
    #2604,#2605,#2606,#2607,#2608,#2609,#2610,#2611,#2612,#2613,#2614,
    #2615,#2616,#2617,#2618,#2619,#2620,#2621,#2622,#2623),
  .UNSPECIFIED.,.F.,.F.,(4,1,1,1,1,1,1,1,1,1,1,1,1,1,1,1,1,1,1,1,1,1,4),
  (0.,9.090807848239E-02,0.181816156965,0.272724235447,0.36363231393,
    0.454540392412,0.545448470894,0.636356549377,0.727264627859,
    0.818172706342,0.909080784824,0.999988863306,1.090896941789,
    1.181805020271,1.272713098754,1.363621177236,1.454529255718,
    1.545437334201,1.636345412683,1.727253491165,1.818161569648,
    1.90906964813,1.999977726613),.QUASI_UNIFORM_KNOTS.);
#2599 = CARTESIAN_POINT('',(6.71288557333,0.551401308199));
#2600 = CARTESIAN_POINT('',(6.699861942055,0.551477822679));
#2601 = CARTESIAN_POINT('',(6.673815283742,0.55163221874));
#2602 = CARTESIAN_POINT('',(6.634747075805,0.551867554113));
#2603 = CARTESIAN_POINT('',(6.595680649974,0.552106272548));
#2604 = CARTESIAN_POINT('',(6.556615883684,0.552348009529));
#2605 = CARTESIAN_POINT('',(6.517552597623,0.552592396971));
#2606 = CARTESIAN_POINT('',(6.478490561874,0.55283906305));
#2607 = CARTESIAN_POINT('',(6.439429518099,0.553087632806));
#2608 = CARTESIAN_POINT('',(6.40036919716,0.553337728542));
#2609 = CARTESIAN_POINT('',(6.361309337447,0.553588970274));
#2610 = CARTESIAN_POINT('',(6.322249704571,0.553840976167));
#2611 = CARTESIAN_POINT('',(6.283190105804,0.554093362997));
#2612 = CARTESIAN_POINT('',(6.244130426283,0.554345746505));
#2613 = CARTESIAN_POINT('',(6.205070551444,0.554597742447));
#2614 = CARTESIAN_POINT('',(6.16601028928,0.554848967658));
#2615 = CARTESIAN_POINT('',(6.12694940639,0.555099040394));
#2616 = CARTESIAN_POINT('',(6.087887642325,0.555347580796));
#2617 = CARTESIAN_POINT('',(6.048824729216,0.555594211325));
#2618 = CARTESIAN_POINT('',(6.009760410108,0.555838557213));
#2619 = CARTESIAN_POINT('',(5.970694456588,0.556080246857));
#2620 = CARTESIAN_POINT('',(5.931626691065,0.556318912425));
#2621 = CARTESIAN_POINT('',(5.892556992939,0.556554189682));
#2622 = CARTESIAN_POINT('',(5.866509242574,0.556708543715));
#2623 = CARTESIAN_POINT('',(5.853485041029,0.556785036412));
#2624 = ( GEOMETRIC_REPRESENTATION_CONTEXT(2) 
PARAMETRIC_REPRESENTATION_CONTEXT() REPRESENTATION_CONTEXT('2D SPACE',''
  ) );
#2625 = ORIENTED_EDGE('',*,*,#2626,.F.);
#2626 = EDGE_CURVE('',#2627,#2543,#2629,.T.);
#2627 = VERTEX_POINT('',#2628);
#2628 = CARTESIAN_POINT('',(0.540963213868,-0.836034057796,6.18782929035
    ));
#2629 = SURFACE_CURVE('',#2630,(#2634,#2640),.PCURVE_S1.);
#2630 = LINE('',#2631,#2632);
#2631 = CARTESIAN_POINT('',(0.541287459276,0.972491170754,5.96577031428)
  );
#2632 = VECTOR('',#2633,1.);
#2633 = DIRECTION('',(-1.779508083493E-04,-0.992546135926,0.121869341476
    ));
#2634 = PCURVE('',#708,#2635);
#2635 = DEFINITIONAL_REPRESENTATION('',(#2636),#2639);
#2636 = B_SPLINE_CURVE_WITH_KNOTS('',1,(#2637,#2638),.UNSPECIFIED.,.F.,
  .F.,(2,2),(1.810486289463,2.186749240195),.PIECEWISE_BEZIER_KNOTS.);
#2637 = CARTESIAN_POINT('',(-0.540965281777,-2.73448438776));
#2638 = CARTESIAN_POINT('',(-0.540898325481,-3.110747332534));
#2639 = ( GEOMETRIC_REPRESENTATION_CONTEXT(2) 
PARAMETRIC_REPRESENTATION_CONTEXT() REPRESENTATION_CONTEXT('2D SPACE',''
  ) );
#2640 = PCURVE('',#2641,#2646);
#2641 = PLANE('',#2642);
#2642 = AXIS2_PLACEMENT_3D('',#2643,#2644,#2645);
#2643 = CARTESIAN_POINT('',(0.541782780009,5.809102694823E-17,
    5.626550660521));
#2644 = DIRECTION('',(0.999998933943,0.,1.460175434519E-03));
#2645 = DIRECTION('',(-1.460175434519E-03,0.,0.999998933943));
#2646 = DEFINITIONAL_REPRESENTATION('',(#2647),#2650);
#2647 = B_SPLINE_CURVE_WITH_KNOTS('',1,(#2648,#2649),.UNSPECIFIED.,.F.,
  .F.,(2,2),(1.810486289463,2.186749240195),.PIECEWISE_BEZIER_KNOTS.);
#2648 = CARTESIAN_POINT('',(0.559863022453,0.8245));
#2649 = CARTESIAN_POINT('',(0.605717989364,1.197958337841));
#2650 = ( GEOMETRIC_REPRESENTATION_CONTEXT(2) 
PARAMETRIC_REPRESENTATION_CONTEXT() REPRESENTATION_CONTEXT('2D SPACE',''
  ) );
#2651 = ORIENTED_EDGE('',*,*,#2652,.F.);
#2652 = EDGE_CURVE('',#2653,#2627,#2655,.T.);
#2653 = VERTEX_POINT('',#2654);
#2654 = CARTESIAN_POINT('',(0.83611580143,-0.541016106808,6.151605640779
    ));
#2655 = SURFACE_CURVE('',#2656,(#2674,#2695),.PCURVE_S1.);
#2656 = B_SPLINE_CURVE_WITH_KNOTS('',6,(#2657,#2658,#2659,#2660,#2661,
    #2662,#2663,#2664,#2665,#2666,#2667,#2668,#2669,#2670,#2671,#2672,
    #2673),.UNSPECIFIED.,.F.,.F.,(7,5,5,7),(0.,0.491539518536,
    0.941616595172,1.),.UNSPECIFIED.);
#2657 = CARTESIAN_POINT('',(0.83611580143,-0.541016106808,6.151605640779
    ));
#2658 = CARTESIAN_POINT('',(0.798130281059,-0.541016106808,
    6.151605640779));
#2659 = CARTESIAN_POINT('',(0.760140438503,-0.546882603483,
    6.152325955997));
#2660 = CARTESIAN_POINT('',(0.723287110974,-0.558616742736,
    6.153766727133));
#2661 = CARTESIAN_POINT('',(0.688701638863,-0.575921029737,
    6.155891426414));
#2662 = CARTESIAN_POINT('',(0.657398678362,-0.598216903508,
    6.158629015485));
#2663 = CARTESIAN_POINT('',(0.605279217204,-0.64896338863,6.164859900378
    ));
#2664 = CARTESIAN_POINT('',(0.583797496582,-0.676738957242,
    6.168270311374));
#2665 = CARTESIAN_POINT('',(0.566373017153,-0.70742521185,6.172038109672
    ));
#2666 = CARTESIAN_POINT('',(0.553476599306,-0.740267251026,
    6.176070605031));
#2667 = CARTESIAN_POINT('',(0.545395759369,-0.774423784425,
    6.180264499987));
#2668 = CARTESIAN_POINT('',(0.541793709812,-0.813515388444,
    6.185064345421));
#2669 = CARTESIAN_POINT('',(0.541462436027,-0.818011582994,
    6.185616408695));
#2670 = CARTESIAN_POINT('',(0.541213662647,-0.822513436646,
    6.186169166819));
#2671 = CARTESIAN_POINT('',(0.54104750523,-0.827019061161,6.186722387946
    ));
#2672 = CARTESIAN_POINT('',(0.540964022004,-0.831526565893,
    6.187275839936));
#2673 = CARTESIAN_POINT('',(0.540963213868,-0.836034057796,6.18782929035
    ));
#2674 = PCURVE('',#708,#2675);
#2675 = DEFINITIONAL_REPRESENTATION('',(#2676),#2694);
#2676 = B_SPLINE_CURVE_WITH_KNOTS('',6,(#2677,#2678,#2679,#2680,#2681,
    #2682,#2683,#2684,#2685,#2686,#2687,#2688,#2689,#2690,#2691,#2692,
    #2693),.UNSPECIFIED.,.F.,.F.,(7,5,5,7),(0.,0.491539518536,
    0.941616595172,1.),.UNSPECIFIED.);
#2677 = CARTESIAN_POINT('',(-0.83611580143,-2.448871580009));
#2678 = CARTESIAN_POINT('',(-0.798130281059,-2.448871580009));
#2679 = CARTESIAN_POINT('',(-0.760140438503,-2.454782133051));
#2680 = CARTESIAN_POINT('',(-0.723287110974,-2.466604393641));
#2681 = CARTESIAN_POINT('',(-0.688701638863,-2.484038632818));
#2682 = CARTESIAN_POINT('',(-0.657398678362,-2.506501944709));
#2683 = CARTESIAN_POINT('',(-0.605279217204,-2.557629527077));
#2684 = CARTESIAN_POINT('',(-0.583797496582,-2.585613685361));
#2685 = CARTESIAN_POINT('',(-0.566373017153,-2.616530388386));
#2686 = CARTESIAN_POINT('',(-0.553476599306,-2.649619065543));
#2687 = CARTESIAN_POINT('',(-0.545395759369,-2.684032108546));
#2688 = CARTESIAN_POINT('',(-0.541793709812,-2.723417283689));
#2689 = CARTESIAN_POINT('',(-0.541462436027,-2.727947243875));
#2690 = CARTESIAN_POINT('',(-0.541213662647,-2.732482905662));
#2691 = CARTESIAN_POINT('',(-0.54104750523,-2.73702236663));
#2692 = CARTESIAN_POINT('',(-0.540964022004,-2.741563721937));
#2693 = CARTESIAN_POINT('',(-0.540963213868,-2.746105064317));
#2694 = ( GEOMETRIC_REPRESENTATION_CONTEXT(2) 
PARAMETRIC_REPRESENTATION_CONTEXT() REPRESENTATION_CONTEXT('2D SPACE',''
  ) );
#2695 = PCURVE('',#2696,#2713);
#2696 = B_SPLINE_SURFACE_WITH_KNOTS('',7,1,(
    (#2697,#2698)
    ,(#2699,#2700)
    ,(#2701,#2702)
    ,(#2703,#2704)
    ,(#2705,#2706)
    ,(#2707,#2708)
    ,(#2709,#2710)
    ,(#2711,#2712
    )),.UNSPECIFIED.,.F.,.F.,.F.,(8,8),(2,2),(1.570796326795,
    3.14159265359),(0.,1.),.PIECEWISE_BEZIER_KNOTS.);
#2697 = CARTESIAN_POINT('',(0.55,-0.85,-1.E-03));
#2698 = CARTESIAN_POINT('',(0.5335,-0.8245,11.299));
#2699 = CARTESIAN_POINT('',(0.55,-0.782680157423,-1.E-03));
#2700 = CARTESIAN_POINT('',(0.5335,-0.7591997527,11.299));
#2701 = CARTESIAN_POINT('',(0.567624665965,-0.715360640505,-1.E-03));
#2702 = CARTESIAN_POINT('',(0.550595925987,-0.69389982129,11.299));
#2703 = CARTESIAN_POINT('',(0.602871183339,-0.653575917753,-1.E-03));
#2704 = CARTESIAN_POINT('',(0.584785047839,-0.633968640221,11.299));
#2705 = CARTESIAN_POINT('',(0.653575917753,-0.602871183339,-1.E-03));
#2706 = CARTESIAN_POINT('',(0.63396864022,-0.584785047839,11.299));
#2707 = CARTESIAN_POINT('',(0.715360640505,-0.567624665966,-1.E-03));
#2708 = CARTESIAN_POINT('',(0.69389982129,-0.550595925987,11.299));
#2709 = CARTESIAN_POINT('',(0.782680157423,-0.55,-1.E-03));
#2710 = CARTESIAN_POINT('',(0.7591997527,-0.5335,11.299));
#2711 = CARTESIAN_POINT('',(0.85,-0.55,-1.E-03));
#2712 = CARTESIAN_POINT('',(0.8245,-0.5335,11.299));
#2713 = DEFINITIONAL_REPRESENTATION('',(#2714),#2732);
#2714 = B_SPLINE_CURVE_WITH_KNOTS('',6,(#2715,#2716,#2717,#2718,#2719,
    #2720,#2721,#2722,#2723,#2724,#2725,#2726,#2727,#2728,#2729,#2730,
    #2731),.UNSPECIFIED.,.F.,.F.,(7,5,5,7),(0.,0.491539518536,
    0.941616595172,1.),.UNSPECIFIED.);
#2715 = CARTESIAN_POINT('',(3.14159265359,0.54447837529));
#2716 = CARTESIAN_POINT('',(3.012871678735,0.54447837529));
#2717 = CARTESIAN_POINT('',(2.884141395717,0.54454212));
#2718 = CARTESIAN_POINT('',(2.755427855329,0.54466962187));
#2719 = CARTESIAN_POINT('',(2.626723316888,0.544857648355));
#2720 = CARTESIAN_POINT('',(2.498018942204,0.545099912875));
#2721 = CARTESIAN_POINT('',(2.251507527025,0.545651318618));
#2722 = CARTESIAN_POINT('',(2.133682988816,0.5459531249));
#2723 = CARTESIAN_POINT('',(2.015875126051,0.546286558378));
#2724 = CARTESIAN_POINT('',(1.898075036379,0.546643416374));
#2725 = CARTESIAN_POINT('',(1.78027268657,0.547014557521));
#2726 = CARTESIAN_POINT('',(1.647197308731,0.547439322604));
#2727 = CARTESIAN_POINT('',(1.63191709907,0.547488177761));
#2728 = CARTESIAN_POINT('',(1.616636903389,0.547537094409));
#2729 = CARTESIAN_POINT('',(1.60135671431,0.547586052031));
#2730 = CARTESIAN_POINT('',(1.586076524524,0.547635030083));
#2731 = CARTESIAN_POINT('',(1.570796326795,0.547684007996));
#2732 = ( GEOMETRIC_REPRESENTATION_CONTEXT(2) 
PARAMETRIC_REPRESENTATION_CONTEXT() REPRESENTATION_CONTEXT('2D SPACE',''
  ) );
#2733 = ORIENTED_EDGE('',*,*,#2734,.F.);
#2734 = EDGE_CURVE('',#2735,#2653,#2737,.T.);
#2735 = VERTEX_POINT('',#2736);
#2736 = CARTESIAN_POINT('',(1.178390467077,-0.541016106808,
    6.151605640779));
#2737 = SURFACE_CURVE('',#2738,(#2742,#2748),.PCURVE_S1.);
#2738 = LINE('',#2739,#2740);
#2739 = CARTESIAN_POINT('',(2.904551347411E-17,-0.541016106808,
    6.151605640779));
#2740 = VECTOR('',#2741,1.);
#2741 = DIRECTION('',(-1.,0.,-0.));
#2742 = PCURVE('',#708,#2743);
#2743 = DEFINITIONAL_REPRESENTATION('',(#2744),#2747);
#2744 = B_SPLINE_CURVE_WITH_KNOTS('',1,(#2745,#2746),.UNSPECIFIED.,.F.,
  .F.,(2,2),(-1.197958339386,-0.8245),.PIECEWISE_BEZIER_KNOTS.);
#2745 = CARTESIAN_POINT('',(-1.197958339386,-2.448871580009));
#2746 = CARTESIAN_POINT('',(-0.8245,-2.448871580009));
#2747 = ( GEOMETRIC_REPRESENTATION_CONTEXT(2) 
PARAMETRIC_REPRESENTATION_CONTEXT() REPRESENTATION_CONTEXT('2D SPACE',''
  ) );
#2748 = PCURVE('',#2749,#2754);
#2749 = PLANE('',#2750);
#2750 = AXIS2_PLACEMENT_3D('',#2751,#2752,#2753);
#2751 = CARTESIAN_POINT('',(5.809102694823E-17,-0.541782780009,
    5.626550660521));
#2752 = DIRECTION('',(-0.,-0.999998933943,1.460175434519E-03));
#2753 = DIRECTION('',(0.,-1.460175434519E-03,-0.999998933943));
#2754 = DEFINITIONAL_REPRESENTATION('',(#2755),#2758);
#2755 = B_SPLINE_CURVE_WITH_KNOTS('',1,(#2756,#2757),.UNSPECIFIED.,.F.,
  .F.,(2,2),(-1.197958339386,-0.8245),.PIECEWISE_BEZIER_KNOTS.);
#2756 = CARTESIAN_POINT('',(-0.525055539997,1.197958339386));
#2757 = CARTESIAN_POINT('',(-0.525055539997,0.8245));
#2758 = ( GEOMETRIC_REPRESENTATION_CONTEXT(2) 
PARAMETRIC_REPRESENTATION_CONTEXT() REPRESENTATION_CONTEXT('2D SPACE',''
  ) );
#2759 = ORIENTED_EDGE('',*,*,#2760,.F.);
#2760 = EDGE_CURVE('',#2761,#2735,#2763,.T.);
#2761 = VERTEX_POINT('',#2762);
#2762 = CARTESIAN_POINT('',(1.674239909218,-0.541016106808,
    6.151605640779));
#2763 = SURFACE_CURVE('',#2764,(#2775,#2789),.PCURVE_S1.);
#2764 = B_SPLINE_CURVE_WITH_KNOTS('',5,(#2765,#2766,#2767,#2768,#2769,
    #2770,#2771,#2772,#2773,#2774),.UNSPECIFIED.,.F.,.F.,(6,4,6),(0.,
    0.536641046959,1.),.UNSPECIFIED.);
#2765 = CARTESIAN_POINT('',(1.67424023391,-0.541015958079,6.151605622517
    ));
#2766 = CARTESIAN_POINT('',(1.624339526646,-0.563873461065,
    6.154412170985));
#2767 = CARTESIAN_POINT('',(1.571796558064,-0.580986289546,
    6.156513362116));
#2768 = CARTESIAN_POINT('',(1.517500725192,-0.591941723593,
    6.157858520275));
#2769 = CARTESIAN_POINT('',(1.462426684039,-0.59653992942,6.158423108958
    ));
#2770 = CARTESIAN_POINT('',(1.360180109887,-0.593320401308,
    6.158027800613));
#2771 = CARTESIAN_POINT('',(1.312952911379,-0.587112352955,
    6.157265548121));
#2772 = CARTESIAN_POINT('',(1.266506824118,-0.576207778428,
    6.155926634726));
#2773 = CARTESIAN_POINT('',(1.221461938977,-0.560753958063,
    6.154029144179));
#2774 = CARTESIAN_POINT('',(1.178390142525,-0.541015958079,
    6.151605622517));
#2775 = PCURVE('',#708,#2776);
#2776 = DEFINITIONAL_REPRESENTATION('',(#2777),#2788);
#2777 = B_SPLINE_CURVE_WITH_KNOTS('',5,(#2778,#2779,#2780,#2781,#2782,
    #2783,#2784,#2785,#2786,#2787),.UNSPECIFIED.,.F.,.F.,(6,4,6),(0.,
    0.536641046959,1.),.UNSPECIFIED.);
#2778 = CARTESIAN_POINT('',(-1.67424023391,-2.448871430164));
#2779 = CARTESIAN_POINT('',(-1.624339526646,-2.471900589008));
#2780 = CARTESIAN_POINT('',(-1.571796558064,-2.489141931844));
#2781 = CARTESIAN_POINT('',(-1.517500725192,-2.500179639288));
#2782 = CARTESIAN_POINT('',(-1.462426684039,-2.504812376839));
#2783 = CARTESIAN_POINT('',(-1.360180109887,-2.501568670632));
#2784 = CARTESIAN_POINT('',(-1.312952911379,-2.495314000919));
#2785 = CARTESIAN_POINT('',(-1.266506824118,-2.484327534941));
#2786 = CARTESIAN_POINT('',(-1.221461938977,-2.468757659083));
#2787 = CARTESIAN_POINT('',(-1.178390142525,-2.448871430164));
#2788 = ( GEOMETRIC_REPRESENTATION_CONTEXT(2) 
PARAMETRIC_REPRESENTATION_CONTEXT() REPRESENTATION_CONTEXT('2D SPACE',''
  ) );
#2789 = PCURVE('',#2790,#2819);
#2790 = B_SPLINE_SURFACE_WITH_KNOTS('',13,1,(
    (#2791,#2792)
    ,(#2793,#2794)
    ,(#2795,#2796)
    ,(#2797,#2798)
    ,(#2799,#2800)
    ,(#2801,#2802)
    ,(#2803,#2804)
    ,(#2805,#2806)
    ,(#2807,#2808)
    ,(#2809,#2810)
    ,(#2811,#2812)
    ,(#2813,#2814)
    ,(#2815,#2816)
    ,(#2817,#2818
    )),.UNSPECIFIED.,.T.,.F.,.F.,(1,13,13,1),(2,2),(-6.28318530718,0.,
    6.28318530718,12.566370614359),(0.,1.),.UNSPECIFIED.);
#2791 = CARTESIAN_POINT('',(2.055,5.278006383383E-16,-1.E-03));
#2792 = CARTESIAN_POINT('',(1.99335,-3.625542491478E-16,11.299));
#2793 = CARTESIAN_POINT('',(2.055,0.292409777757,-9.999999999998E-04));
#2794 = CARTESIAN_POINT('',(1.99335,0.283637484424,11.299));
#2795 = CARTESIAN_POINT('',(1.90189375826,0.584819672445,
    -1.000000000001E-03));
#2796 = CARTESIAN_POINT('',(1.844836945512,0.567275082272,
    11.298999999999));
#2797 = CARTESIAN_POINT('',(1.595690389912,0.789774622555,
    -9.999999999978E-04));
#2798 = CARTESIAN_POINT('',(1.547819678216,0.766081383878,
    11.299000000002));
#2799 = CARTESIAN_POINT('',(1.191289186114,0.819830414649,
    -1.000000000004E-03));
#2800 = CARTESIAN_POINT('',(1.155550510527,0.79523550221,11.298999999997
    ));
#2801 = CARTESIAN_POINT('',(0.798765148239,0.625853548823,
    -9.999999999937E-04));
#2802 = CARTESIAN_POINT('',(0.774802193796,0.607077942359,
    11.299000000006));
#2803 = CARTESIAN_POINT('',(0.552361512336,0.235615841821,
    -1.000000000007E-03));
#2804 = CARTESIAN_POINT('',(0.53579066696,0.228547366566,11.298999999989
    ));
#2805 = CARTESIAN_POINT('',(0.552361512327,-0.235615841821,
    -9.99999999993E-04));
#2806 = CARTESIAN_POINT('',(0.535790666963,-0.228547366566,
    11.299000000015));
#2807 = CARTESIAN_POINT('',(0.798765148246,-0.625853548823,
    -1.000000000005E-03));
#2808 = CARTESIAN_POINT('',(0.774802193795,-0.607077942359,
    11.298999999984));
#2809 = CARTESIAN_POINT('',(1.191289186109,-0.81983041465,
    -9.999999999967E-04));
#2810 = CARTESIAN_POINT('',(1.155550510529,-0.79523550221,
    11.299000000012));
#2811 = CARTESIAN_POINT('',(1.595690389914,-0.789774622555,
    -1.000000000002E-03));
#2812 = CARTESIAN_POINT('',(1.547819678216,-0.766081383878,
    11.298999999993));
#2813 = CARTESIAN_POINT('',(1.901893758259,-0.584819672445,
    -9.999999999994E-04));
#2814 = CARTESIAN_POINT('',(1.844836945512,-0.567275082272,
    11.299000000003));
#2815 = CARTESIAN_POINT('',(2.055,-0.292409777757,-1.E-03));
#2816 = CARTESIAN_POINT('',(1.99335,-0.283637484424,11.298999999999));
#2817 = CARTESIAN_POINT('',(2.055,5.278006383383E-16,-1.E-03));
#2818 = CARTESIAN_POINT('',(1.99335,-3.625542491478E-16,11.299));
#2819 = DEFINITIONAL_REPRESENTATION('',(#2820),#2831);
#2820 = B_SPLINE_CURVE_WITH_KNOTS('',5,(#2821,#2822,#2823,#2824,#2825,
    #2826,#2827,#2828,#2829,#2830),.UNSPECIFIED.,.F.,.F.,(6,4,6),(0.,
    0.536641046959,1.),.UNSPECIFIED.);
#2821 = CARTESIAN_POINT('',(5.142089249408,0.544478373674));
#2822 = CARTESIAN_POINT('',(5.049877505649,0.544726740795));
#2823 = CARTESIAN_POINT('',(4.957645002027,0.544912686913));
#2824 = CARTESIAN_POINT('',(4.865406375852,0.545031727458));
#2825 = CARTESIAN_POINT('',(4.773154233254,0.545081691058));
#2826 = CARTESIAN_POINT('',(4.60125446133,0.545046708019));
#2827 = CARTESIAN_POINT('',(4.521601433097,0.544979252046));
#2828 = CARTESIAN_POINT('',(4.441956029123,0.544860764135));
#2829 = CARTESIAN_POINT('',(4.362315755918,0.544692844618));
#2830 = CARTESIAN_POINT('',(4.282688711973,0.544478373674));
#2831 = ( GEOMETRIC_REPRESENTATION_CONTEXT(2) 
PARAMETRIC_REPRESENTATION_CONTEXT() REPRESENTATION_CONTEXT('2D SPACE',''
  ) );
#2832 = ORIENTED_EDGE('',*,*,#2833,.F.);
#2833 = EDGE_CURVE('',#2834,#2761,#2836,.T.);
#2834 = VERTEX_POINT('',#2835);
#2835 = CARTESIAN_POINT('',(1.991922938701,-0.541016106808,
    6.151605640779));
#2836 = SURFACE_CURVE('',#2837,(#2841,#2847),.PCURVE_S1.);
#2837 = LINE('',#2838,#2839);
#2838 = CARTESIAN_POINT('',(2.904551347411E-17,-0.541016106808,
    6.151605640779));
#2839 = VECTOR('',#2840,1.);
#2840 = DIRECTION('',(-1.,0.,-0.));
#2841 = PCURVE('',#708,#2842);
#2842 = DEFINITIONAL_REPRESENTATION('',(#2843),#2846);
#2843 = B_SPLINE_CURVE_WITH_KNOTS('',1,(#2844,#2845),.UNSPECIFIED.,.F.,
  .F.,(2,2),(-2.025,-1.650980405812),.PIECEWISE_BEZIER_KNOTS.);
#2844 = CARTESIAN_POINT('',(-2.025,-2.448871580009));
#2845 = CARTESIAN_POINT('',(-1.650980405812,-2.448871580009));
#2846 = ( GEOMETRIC_REPRESENTATION_CONTEXT(2) 
PARAMETRIC_REPRESENTATION_CONTEXT() REPRESENTATION_CONTEXT('2D SPACE',''
  ) );
#2847 = PCURVE('',#2848,#2853);
#2848 = PLANE('',#2849);
#2849 = AXIS2_PLACEMENT_3D('',#2850,#2851,#2852);
#2850 = CARTESIAN_POINT('',(5.809102694823E-17,-0.541782780009,
    5.626550660521));
#2851 = DIRECTION('',(-0.,-0.999998933943,1.460175434519E-03));
#2852 = DIRECTION('',(0.,-1.460175434519E-03,-0.999998933943));
#2853 = DEFINITIONAL_REPRESENTATION('',(#2854),#2857);
#2854 = B_SPLINE_CURVE_WITH_KNOTS('',1,(#2855,#2856),.UNSPECIFIED.,.F.,
  .F.,(2,2),(-2.025,-1.650980405812),.PIECEWISE_BEZIER_KNOTS.);
#2855 = CARTESIAN_POINT('',(-0.525055539997,2.025));
#2856 = CARTESIAN_POINT('',(-0.525055539997,1.650980405812));
#2857 = ( GEOMETRIC_REPRESENTATION_CONTEXT(2) 
PARAMETRIC_REPRESENTATION_CONTEXT() REPRESENTATION_CONTEXT('2D SPACE',''
  ) );
#2858 = ORIENTED_EDGE('',*,*,#2859,.F.);
#2859 = EDGE_CURVE('',#2860,#2834,#2862,.T.);
#2860 = VERTEX_POINT('',#2861);
#2861 = CARTESIAN_POINT('',(1.99215788166,-0.185097384832,6.107904316784
    ));
#2862 = SURFACE_CURVE('',#2863,(#2867,#2873),.PCURVE_S1.);
#2863 = LINE('',#2864,#2865);
#2864 = CARTESIAN_POINT('',(1.992921017599,0.970989053027,5.965954751146
    ));
#2865 = VECTOR('',#2866,1.);
#2866 = DIRECTION('',(-6.551823914001E-04,-0.992545938609,0.121869317248
    ));
#2867 = PCURVE('',#708,#2868);
#2868 = DEFINITIONAL_REPRESENTATION('',(#2869),#2872);
#2869 = B_SPLINE_CURVE_WITH_KNOTS('',1,(#2870,#2871),.UNSPECIFIED.,.F.,
  .F.,(2,2),(1.162156216358,1.532411744244),.PIECEWISE_BEZIER_KNOTS.);
#2870 = CARTESIAN_POINT('',(-1.99215959331,-2.087667492254));
#2871 = CARTESIAN_POINT('',(-1.991917008408,-2.457922940671));
#2872 = ( GEOMETRIC_REPRESENTATION_CONTEXT(2) 
PARAMETRIC_REPRESENTATION_CONTEXT() REPRESENTATION_CONTEXT('2D SPACE',''
  ) );
#2873 = PCURVE('',#2874,#2879);
#2874 = PLANE('',#2875);
#2875 = AXIS2_PLACEMENT_3D('',#2876,#2877,#2878);
#2876 = CARTESIAN_POINT('',(1.994665471628,-1.793042846741E-17,
    5.641471944119));
#2877 = DIRECTION('',(0.999985549054,0.,5.376028504872E-03));
#2878 = DIRECTION('',(-5.376028504872E-03,0.,0.999985549054));
#2879 = DEFINITIONAL_REPRESENTATION('',(#2880),#2883);
#2880 = B_SPLINE_CURVE_WITH_KNOTS('',1,(#2881,#2882),.UNSPECIFIED.,.F.,
  .F.,(2,2),(1.162156216358,1.532411744244),.PIECEWISE_BEZIER_KNOTS.);
#2881 = CARTESIAN_POINT('',(0.466120727535,0.182504379549));
#2882 = CARTESIAN_POINT('',(0.511244168002,0.55));
#2883 = ( GEOMETRIC_REPRESENTATION_CONTEXT(2) 
PARAMETRIC_REPRESENTATION_CONTEXT() REPRESENTATION_CONTEXT('2D SPACE',''
  ) );
#2884 = ORIENTED_EDGE('',*,*,#2885,.F.);
#2885 = EDGE_CURVE('',#2886,#2860,#2888,.T.);
#2886 = VERTEX_POINT('',#2887);
#2887 = CARTESIAN_POINT('',(1.992402263266,0.185120091062,6.062447326568
    ));
#2888 = SURFACE_CURVE('',#2889,(#2900,#2914),.PCURVE_S1.);
#2889 = B_SPLINE_CURVE_WITH_KNOTS('',5,(#2890,#2891,#2892,#2893,#2894,
    #2895,#2896,#2897,#2898,#2899),.UNSPECIFIED.,.F.,.F.,(6,4,6),(0.,
    1.144011108072,2.000021989393),.UNSPECIFIED.);
#2890 = CARTESIAN_POINT('',(1.992402141802,0.185120463042,6.062447280894
    ));
#2891 = CARTESIAN_POINT('',(2.00577135388,0.144177901477,6.067474395338)
  );
#2892 = CARTESIAN_POINT('',(2.015434655836,0.102029047459,6.072649623872
    ));
#2893 = CARTESIAN_POINT('',(2.021248106816,5.912072373363E-02,
    6.077918103559));
#2894 = CARTESIAN_POINT('',(2.023149305106,1.592326675711E-02,
    6.083222084346));
#2895 = CARTESIAN_POINT('',(2.019671717093,-5.928471099326E-02,
    6.092456462871));
#2896 = CARTESIAN_POINT('',(2.016005092898,-9.137430248827E-02,
    6.096396569272));
#2897 = CARTESIAN_POINT('',(2.01016953861,-0.123167264208,6.100300254117
    ));
#2898 = CARTESIAN_POINT('',(2.002200135032,-0.154471061264,
    6.104143877093));
#2899 = CARTESIAN_POINT('',(1.992157759719,-0.18509775672,6.107904362446
    ));
#2900 = PCURVE('',#708,#2901);
#2901 = DEFINITIONAL_REPRESENTATION('',(#2902),#2913);
#2902 = B_SPLINE_CURVE_WITH_KNOTS('',5,(#2903,#2904,#2905,#2906,#2907,
    #2908,#2909,#2910,#2911,#2912),.UNSPECIFIED.,.F.,.F.,(6,4,6),(0.,
    1.144011108072,2.000021989393),.UNSPECIFIED.);
#2903 = CARTESIAN_POINT('',(-1.992402141802,-1.71728185126));
#2904 = CARTESIAN_POINT('',(-2.00577135388,-1.758531884317));
#2905 = CARTESIAN_POINT('',(-2.015434655836,-1.800997268871));
#2906 = CARTESIAN_POINT('',(-2.021248106816,-1.844227826619));
#2907 = CARTESIAN_POINT('',(-2.023149305106,-1.887749688958));
#2908 = CARTESIAN_POINT('',(-2.019671717093,-1.963522465494));
#2909 = CARTESIAN_POINT('',(-2.016005092898,-1.995853044221));
#2910 = CARTESIAN_POINT('',(-2.01016953861,-2.027884765534));
#2911 = CARTESIAN_POINT('',(-2.002200135032,-2.059423648642));
#2912 = CARTESIAN_POINT('',(-1.992157759719,-2.090280345235));
#2913 = ( GEOMETRIC_REPRESENTATION_CONTEXT(2) 
PARAMETRIC_REPRESENTATION_CONTEXT() REPRESENTATION_CONTEXT('2D SPACE',''
  ) );
#2914 = PCURVE('',#2915,#2944);
#2915 = B_SPLINE_SURFACE_WITH_KNOTS('',13,1,(
    (#2916,#2917)
    ,(#2918,#2919)
    ,(#2920,#2921)
    ,(#2922,#2923)
    ,(#2924,#2925)
    ,(#2926,#2927)
    ,(#2928,#2929)
    ,(#2930,#2931)
    ,(#2932,#2933)
    ,(#2934,#2935)
    ,(#2936,#2937)
    ,(#2938,#2939)
    ,(#2940,#2941)
    ,(#2942,#2943
    )),.UNSPECIFIED.,.T.,.F.,.F.,(1,13,13,1),(2,2),(-6.28318530718,0.,
    6.28318530718,12.566370614359),(0.,1.),.UNSPECIFIED.);
#2916 = CARTESIAN_POINT('',(2.055,5.278006383383E-16,-1.E-03));
#2917 = CARTESIAN_POINT('',(1.99335,-3.625542491478E-16,11.299));
#2918 = CARTESIAN_POINT('',(2.055,0.292409777757,-9.999999999998E-04));
#2919 = CARTESIAN_POINT('',(1.99335,0.283637484424,11.299));
#2920 = CARTESIAN_POINT('',(1.90189375826,0.584819672445,
    -1.000000000001E-03));
#2921 = CARTESIAN_POINT('',(1.844836945512,0.567275082272,
    11.298999999999));
#2922 = CARTESIAN_POINT('',(1.595690389912,0.789774622555,
    -9.999999999978E-04));
#2923 = CARTESIAN_POINT('',(1.547819678216,0.766081383878,
    11.299000000002));
#2924 = CARTESIAN_POINT('',(1.191289186114,0.819830414649,
    -1.000000000004E-03));
#2925 = CARTESIAN_POINT('',(1.155550510527,0.79523550221,11.298999999997
    ));
#2926 = CARTESIAN_POINT('',(0.798765148239,0.625853548823,
    -9.999999999937E-04));
#2927 = CARTESIAN_POINT('',(0.774802193796,0.607077942359,
    11.299000000006));
#2928 = CARTESIAN_POINT('',(0.552361512336,0.235615841821,
    -1.000000000007E-03));
#2929 = CARTESIAN_POINT('',(0.53579066696,0.228547366566,11.298999999989
    ));
#2930 = CARTESIAN_POINT('',(0.552361512327,-0.235615841821,
    -9.99999999993E-04));
#2931 = CARTESIAN_POINT('',(0.535790666963,-0.228547366566,
    11.299000000015));
#2932 = CARTESIAN_POINT('',(0.798765148246,-0.625853548823,
    -1.000000000005E-03));
#2933 = CARTESIAN_POINT('',(0.774802193795,-0.607077942359,
    11.298999999984));
#2934 = CARTESIAN_POINT('',(1.191289186109,-0.81983041465,
    -9.999999999967E-04));
#2935 = CARTESIAN_POINT('',(1.155550510529,-0.79523550221,
    11.299000000012));
#2936 = CARTESIAN_POINT('',(1.595690389914,-0.789774622555,
    -1.000000000002E-03));
#2937 = CARTESIAN_POINT('',(1.547819678216,-0.766081383878,
    11.298999999993));
#2938 = CARTESIAN_POINT('',(1.901893758259,-0.584819672445,
    -9.999999999994E-04));
#2939 = CARTESIAN_POINT('',(1.844836945512,-0.567275082272,
    11.299000000003));
#2940 = CARTESIAN_POINT('',(2.055,-0.292409777757,-1.E-03));
#2941 = CARTESIAN_POINT('',(1.99335,-0.283637484424,11.298999999999));
#2942 = CARTESIAN_POINT('',(2.055,5.278006383383E-16,-1.E-03));
#2943 = CARTESIAN_POINT('',(1.99335,-3.625542491478E-16,11.299));
#2944 = DEFINITIONAL_REPRESENTATION('',(#2945),#2971);
#2945 = B_SPLINE_CURVE_WITH_KNOTS('',3,(#2946,#2947,#2948,#2949,#2950,
    #2951,#2952,#2953,#2954,#2955,#2956,#2957,#2958,#2959,#2960,#2961,
    #2962,#2963,#2964,#2965,#2966,#2967,#2968,#2969,#2970),
  .UNSPECIFIED.,.F.,.F.,(4,1,1,1,1,1,1,1,1,1,1,1,1,1,1,1,1,1,1,1,1,1,4),
  (0.,9.091009042694E-02,0.181820180854,0.272730271281,0.363640361708,
    0.454550452135,0.545460542562,0.636370632989,0.727280723416,
    0.818190813842,0.909100904269,1.000010994696,1.090921085123,
    1.18183117555,1.272741265977,1.363651356404,1.454561446831,
    1.545471537258,1.636381627685,1.727291718112,1.818201808539,
    1.909111898966,2.000021989393),.QUASI_UNIFORM_KNOTS.);
#2946 = CARTESIAN_POINT('',(6.599420287995,0.536588254946));
#2947 = CARTESIAN_POINT('',(6.589836012729,0.536647175966));
#2948 = CARTESIAN_POINT('',(6.570667777457,0.536765570166));
#2949 = CARTESIAN_POINT('',(6.541916317545,0.536944669963));
#2950 = CARTESIAN_POINT('',(6.51316570309,0.537125130677));
#2951 = CARTESIAN_POINT('',(6.484415868204,0.537306803316));
#2952 = CARTESIAN_POINT('',(6.455666738142,0.537489538098));
#2953 = CARTESIAN_POINT('',(6.426918229652,0.537673184421));
#2954 = CARTESIAN_POINT('',(6.398170253586,0.537857591012));
#2955 = CARTESIAN_POINT('',(6.36942271674,0.538042606018));
#2956 = CARTESIAN_POINT('',(6.340675524001,0.538228077124));
#2957 = CARTESIAN_POINT('',(6.311928579813,0.538413851657));
#2958 = CARTESIAN_POINT('',(6.283181792195,0.538599776687));
#2959 = CARTESIAN_POINT('',(6.254435067735,0.53878569918));
#2960 = CARTESIAN_POINT('',(6.225688344659,0.538971465914));
#2961 = CARTESIAN_POINT('',(6.196941388827,0.539156924896));
#2962 = CARTESIAN_POINT('',(6.168194228266,0.539341922702));
#2963 = CARTESIAN_POINT('',(6.139446798819,0.539526306879));
#2964 = CARTESIAN_POINT('',(6.110699002547,0.539709925687));
#2965 = CARTESIAN_POINT('',(6.081950715998,0.539892628164));
#2966 = CARTESIAN_POINT('',(6.053201811615,0.540074264102));
#2967 = CARTESIAN_POINT('',(6.024452178378,0.540254684078));
#2968 = CARTESIAN_POINT('',(5.995701732575,0.540433739357));
#2969 = CARTESIAN_POINT('',(5.976534222626,0.540552101288));
#2970 = CARTESIAN_POINT('',(5.966950326364,0.540611005526));
#2971 = ( GEOMETRIC_REPRESENTATION_CONTEXT(2) 
PARAMETRIC_REPRESENTATION_CONTEXT() REPRESENTATION_CONTEXT('2D SPACE',''
  ) );
#2972 = ORIENTED_EDGE('',*,*,#2973,.F.);
#2973 = EDGE_CURVE('',#2974,#2886,#2976,.T.);
#2974 = VERTEX_POINT('',#2975);
#2975 = CARTESIAN_POINT('',(1.992637319316,0.541210136111,6.018724966745
    ));
#2976 = SURFACE_CURVE('',#2977,(#2981,#2987),.PCURVE_S1.);
#2977 = LINE('',#2978,#2979);
#2978 = CARTESIAN_POINT('',(1.992921017599,0.970989053027,5.965954751146
    ));
#2979 = VECTOR('',#2980,1.);
#2980 = DIRECTION('',(-6.551823914001E-04,-0.992545938609,0.121869317248
    ));
#2981 = PCURVE('',#708,#2982);
#2982 = DEFINITIONAL_REPRESENTATION('',(#2983),#2986);
#2983 = B_SPLINE_CURVE_WITH_KNOTS('',1,(#2984,#2985),.UNSPECIFIED.,.F.,
  .F.,(2,2),(0.424150698371,0.794406226258),.PIECEWISE_BEZIER_KNOTS.);
#2984 = CARTESIAN_POINT('',(-1.99264312153,-1.349662132667));
#2985 = CARTESIAN_POINT('',(-1.992400536628,-1.719917581084));
#2986 = ( GEOMETRIC_REPRESENTATION_CONTEXT(2) 
PARAMETRIC_REPRESENTATION_CONTEXT() REPRESENTATION_CONTEXT('2D SPACE',''
  ) );
#2987 = PCURVE('',#2988,#2993);
#2988 = PLANE('',#2989);
#2989 = AXIS2_PLACEMENT_3D('',#2990,#2991,#2992);
#2990 = CARTESIAN_POINT('',(1.994665471628,-1.793042846741E-17,
    5.641471944119));
#2991 = DIRECTION('',(0.999985549054,0.,5.376028504872E-03));
#2992 = DIRECTION('',(-5.376028504872E-03,0.,0.999985549054));
#2993 = DEFINITIONAL_REPRESENTATION('',(#2994),#2997);
#2994 = B_SPLINE_CURVE_WITH_KNOTS('',1,(#2995,#2996),.UNSPECIFIED.,.F.,
  .F.,(2,2),(0.424150698371,0.794406226258),.PIECEWISE_BEZIER_KNOTS.);
#2995 = CARTESIAN_POINT('',(0.376179199192,-0.55));
#2996 = CARTESIAN_POINT('',(0.42130263966,-0.182504379549));
#2997 = ( GEOMETRIC_REPRESENTATION_CONTEXT(2) 
PARAMETRIC_REPRESENTATION_CONTEXT() REPRESENTATION_CONTEXT('2D SPACE',''
  ) );
#2998 = ORIENTED_EDGE('',*,*,#2999,.F.);
#2999 = EDGE_CURVE('',#3000,#2974,#3002,.T.);
#3000 = VERTEX_POINT('',#3001);
#3001 = CARTESIAN_POINT('',(1.674840356411,0.541210136111,6.018724966745
    ));
#3002 = SURFACE_CURVE('',#3003,(#3007,#3013),.PCURVE_S1.);
#3003 = LINE('',#3004,#3005);
#3004 = CARTESIAN_POINT('',(2.904551347411E-17,0.541210136111,
    6.018724966745));
#3005 = VECTOR('',#3006,1.);
#3006 = DIRECTION('',(1.,-0.,0.));
#3007 = PCURVE('',#708,#3008);
#3008 = DEFINITIONAL_REPRESENTATION('',(#3009),#3012);
#3009 = B_SPLINE_CURVE_WITH_KNOTS('',1,(#3010,#3011),.UNSPECIFIED.,.F.,
  .F.,(2,2),(1.650980405812,2.025),.PIECEWISE_BEZIER_KNOTS.);
#3010 = CARTESIAN_POINT('',(-1.650980405812,-1.3585180069));
#3011 = CARTESIAN_POINT('',(-2.025,-1.3585180069));
#3012 = ( GEOMETRIC_REPRESENTATION_CONTEXT(2) 
PARAMETRIC_REPRESENTATION_CONTEXT() REPRESENTATION_CONTEXT('2D SPACE',''
  ) );
#3013 = PCURVE('',#3014,#3019);
#3014 = PLANE('',#3015);
#3015 = AXIS2_PLACEMENT_3D('',#3016,#3017,#3018);
#3016 = CARTESIAN_POINT('',(5.809102694823E-17,0.541782780009,
    5.626550660521));
#3017 = DIRECTION('',(0.,0.999998933943,1.460175434519E-03));
#3018 = DIRECTION('',(0.,-1.460175434519E-03,0.999998933943));
#3019 = DEFINITIONAL_REPRESENTATION('',(#3020),#3023);
#3020 = B_SPLINE_CURVE_WITH_KNOTS('',1,(#3021,#3022),.UNSPECIFIED.,.F.,
  .F.,(2,2),(1.650980405812,2.025),.PIECEWISE_BEZIER_KNOTS.);
#3021 = CARTESIAN_POINT('',(0.392174724305,1.650980405812));
#3022 = CARTESIAN_POINT('',(0.392174724305,2.025));
#3023 = ( GEOMETRIC_REPRESENTATION_CONTEXT(2) 
PARAMETRIC_REPRESENTATION_CONTEXT() REPRESENTATION_CONTEXT('2D SPACE',''
  ) );
#3024 = ORIENTED_EDGE('',*,*,#3025,.F.);
#3025 = EDGE_CURVE('',#3026,#3000,#3028,.T.);
#3026 = VERTEX_POINT('',#3027);
#3027 = CARTESIAN_POINT('',(1.17881308348,0.541210136111,6.018724966745)
  );
#3028 = SURFACE_CURVE('',#3029,(#3040,#3054),.PCURVE_S1.);
#3029 = B_SPLINE_CURVE_WITH_KNOTS('',5,(#3030,#3031,#3032,#3033,#3034,
    #3035,#3036,#3037,#3038,#3039),.UNSPECIFIED.,.F.,.F.,(6,4,6),(0.,
    0.500012507204,1.),.UNSPECIFIED.);
#3030 = CARTESIAN_POINT('',(1.178812758695,0.541209987276,6.018724985019
    ));
#3031 = CARTESIAN_POINT('',(1.225320954286,0.562522759281,6.016108105667
    ));
#3032 = CARTESIAN_POINT('',(1.27412580213,0.578845189609,6.014103963226)
  );
#3033 = CARTESIAN_POINT('',(1.32450765121,0.589842928256,6.012753610716)
  );
#3034 = CARTESIAN_POINT('',(1.375681709551,0.595341824582,6.012078431145
    ));
#3035 = CARTESIAN_POINT('',(1.478020359547,0.59534182435,6.012078431173)
  );
#3036 = CARTESIAN_POINT('',(1.529188026897,0.589843478428,6.012753543163
    ));
#3037 = CARTESIAN_POINT('',(1.579559760097,0.578846248779,6.014103833177
    ));
#3038 = CARTESIAN_POINT('',(1.628350605654,0.562523689963,6.016107991394
    ));
#3039 = CARTESIAN_POINT('',(1.674840681054,0.541209987276,6.018724985019
    ));
#3040 = PCURVE('',#708,#3041);
#3041 = DEFINITIONAL_REPRESENTATION('',(#3042),#3053);
#3042 = B_SPLINE_CURVE_WITH_KNOTS('',5,(#3043,#3044,#3045,#3046,#3047,
    #3048,#3049,#3050,#3051,#3052),.UNSPECIFIED.,.F.,.F.,(6,4,6),(0.,
    0.500012507204,1.),.UNSPECIFIED.);
#3043 = CARTESIAN_POINT('',(-1.178812758695,-1.358518156853));
#3044 = CARTESIAN_POINT('',(-1.225320954286,-1.337045329649));
#3045 = CARTESIAN_POINT('',(-1.27412580213,-1.320600320718));
#3046 = CARTESIAN_POINT('',(-1.32450765121,-1.309519990973));
#3047 = CARTESIAN_POINT('',(-1.375681709551,-1.303979798897));
#3048 = CARTESIAN_POINT('',(-1.478020359547,-1.30397979913));
#3049 = CARTESIAN_POINT('',(-1.529188026897,-1.30951943667));
#3050 = CARTESIAN_POINT('',(-1.579559760097,-1.320599253594));
#3051 = CARTESIAN_POINT('',(-1.628350605654,-1.337044391978));
#3052 = CARTESIAN_POINT('',(-1.674840681054,-1.358518156853));
#3053 = ( GEOMETRIC_REPRESENTATION_CONTEXT(2) 
PARAMETRIC_REPRESENTATION_CONTEXT() REPRESENTATION_CONTEXT('2D SPACE',''
  ) );
#3054 = PCURVE('',#3055,#3084);
#3055 = B_SPLINE_SURFACE_WITH_KNOTS('',13,1,(
    (#3056,#3057)
    ,(#3058,#3059)
    ,(#3060,#3061)
    ,(#3062,#3063)
    ,(#3064,#3065)
    ,(#3066,#3067)
    ,(#3068,#3069)
    ,(#3070,#3071)
    ,(#3072,#3073)
    ,(#3074,#3075)
    ,(#3076,#3077)
    ,(#3078,#3079)
    ,(#3080,#3081)
    ,(#3082,#3083
    )),.UNSPECIFIED.,.T.,.F.,.F.,(1,13,13,1),(2,2),(-6.28318530718,0.,
    6.28318530718,12.566370614359),(0.,1.),.UNSPECIFIED.);
#3056 = CARTESIAN_POINT('',(2.055,5.278006383383E-16,-1.E-03));
#3057 = CARTESIAN_POINT('',(1.99335,-3.625542491478E-16,11.299));
#3058 = CARTESIAN_POINT('',(2.055,0.292409777757,-9.999999999998E-04));
#3059 = CARTESIAN_POINT('',(1.99335,0.283637484424,11.299));
#3060 = CARTESIAN_POINT('',(1.90189375826,0.584819672445,
    -1.000000000001E-03));
#3061 = CARTESIAN_POINT('',(1.844836945512,0.567275082272,
    11.298999999999));
#3062 = CARTESIAN_POINT('',(1.595690389912,0.789774622555,
    -9.999999999978E-04));
#3063 = CARTESIAN_POINT('',(1.547819678216,0.766081383878,
    11.299000000002));
#3064 = CARTESIAN_POINT('',(1.191289186114,0.819830414649,
    -1.000000000004E-03));
#3065 = CARTESIAN_POINT('',(1.155550510527,0.79523550221,11.298999999997
    ));
#3066 = CARTESIAN_POINT('',(0.798765148239,0.625853548823,
    -9.999999999937E-04));
#3067 = CARTESIAN_POINT('',(0.774802193796,0.607077942359,
    11.299000000006));
#3068 = CARTESIAN_POINT('',(0.552361512336,0.235615841821,
    -1.000000000007E-03));
#3069 = CARTESIAN_POINT('',(0.53579066696,0.228547366566,11.298999999989
    ));
#3070 = CARTESIAN_POINT('',(0.552361512327,-0.235615841821,
    -9.99999999993E-04));
#3071 = CARTESIAN_POINT('',(0.535790666963,-0.228547366566,
    11.299000000015));
#3072 = CARTESIAN_POINT('',(0.798765148246,-0.625853548823,
    -1.000000000005E-03));
#3073 = CARTESIAN_POINT('',(0.774802193795,-0.607077942359,
    11.298999999984));
#3074 = CARTESIAN_POINT('',(1.191289186109,-0.81983041465,
    -9.999999999967E-04));
#3075 = CARTESIAN_POINT('',(1.155550510529,-0.79523550221,
    11.299000000012));
#3076 = CARTESIAN_POINT('',(1.595690389914,-0.789774622555,
    -1.000000000002E-03));
#3077 = CARTESIAN_POINT('',(1.547819678216,-0.766081383878,
    11.298999999993));
#3078 = CARTESIAN_POINT('',(1.901893758259,-0.584819672445,
    -9.999999999994E-04));
#3079 = CARTESIAN_POINT('',(1.844836945512,-0.567275082272,
    11.299000000003));
#3080 = CARTESIAN_POINT('',(2.055,-0.292409777757,-1.E-03));
#3081 = CARTESIAN_POINT('',(1.99335,-0.283637484424,11.298999999999));
#3082 = CARTESIAN_POINT('',(2.055,5.278006383383E-16,-1.E-03));
#3083 = CARTESIAN_POINT('',(1.99335,-3.625542491478E-16,11.299));
#3084 = DEFINITIONAL_REPRESENTATION('',(#3085),#3096);
#3085 = B_SPLINE_CURVE_WITH_KNOTS('',5,(#3086,#3087,#3088,#3089,#3090,
    #3091,#3092,#3093,#3094,#3095),.UNSPECIFIED.,.F.,.F.,(6,4,6),(0.,
    0.500012507204,1.),.UNSPECIFIED.);
#3086 = CARTESIAN_POINT('',(2.000496595206,0.532719025223));
#3087 = CARTESIAN_POINT('',(1.914578243939,0.532487442979));
#3088 = CARTESIAN_POINT('',(1.828642848322,0.532310085241));
#3089 = CARTESIAN_POINT('',(1.742701030019,0.532190585019));
#3090 = CARTESIAN_POINT('',(1.656747968052,0.532130834615));
#3091 = CARTESIAN_POINT('',(1.484848981762,0.532130834617));
#3092 = CARTESIAN_POINT('',(1.398897916337,0.532190579041));
#3093 = CARTESIAN_POINT('',(1.312955830702,0.532310073732));
#3094 = CARTESIAN_POINT('',(1.227018161002,0.532487432867));
#3095 = CARTESIAN_POINT('',(1.141096057772,0.532719025223));
#3096 = ( GEOMETRIC_REPRESENTATION_CONTEXT(2) 
PARAMETRIC_REPRESENTATION_CONTEXT() REPRESENTATION_CONTEXT('2D SPACE',''
  ) );
#3097 = ORIENTED_EDGE('',*,*,#3098,.F.);
#3098 = EDGE_CURVE('',#3099,#3026,#3101,.T.);
#3099 = VERTEX_POINT('',#3100);
#3100 = CARTESIAN_POINT('',(0.836415664898,0.541210136111,6.018724966745
    ));
#3101 = SURFACE_CURVE('',#3102,(#3106,#3112),.PCURVE_S1.);
#3102 = LINE('',#3103,#3104);
#3103 = CARTESIAN_POINT('',(2.904551347411E-17,0.541210136111,
    6.018724966745));
#3104 = VECTOR('',#3105,1.);
#3105 = DIRECTION('',(1.,-0.,0.));
#3106 = PCURVE('',#708,#3107);
#3107 = DEFINITIONAL_REPRESENTATION('',(#3108),#3111);
#3108 = B_SPLINE_CURVE_WITH_KNOTS('',1,(#3109,#3110),.UNSPECIFIED.,.F.,
  .F.,(2,2),(0.8245,1.197958339386),.PIECEWISE_BEZIER_KNOTS.);
#3109 = CARTESIAN_POINT('',(-0.8245,-1.3585180069));
#3110 = CARTESIAN_POINT('',(-1.197958339386,-1.3585180069));
#3111 = ( GEOMETRIC_REPRESENTATION_CONTEXT(2) 
PARAMETRIC_REPRESENTATION_CONTEXT() REPRESENTATION_CONTEXT('2D SPACE',''
  ) );
#3112 = PCURVE('',#3113,#3118);
#3113 = PLANE('',#3114);
#3114 = AXIS2_PLACEMENT_3D('',#3115,#3116,#3117);
#3115 = CARTESIAN_POINT('',(5.809102694823E-17,0.541782780009,
    5.626550660521));
#3116 = DIRECTION('',(0.,0.999998933943,1.460175434519E-03));
#3117 = DIRECTION('',(0.,-1.460175434519E-03,0.999998933943));
#3118 = DEFINITIONAL_REPRESENTATION('',(#3119),#3122);
#3119 = B_SPLINE_CURVE_WITH_KNOTS('',1,(#3120,#3121),.UNSPECIFIED.,.F.,
  .F.,(2,2),(0.8245,1.197958339386),.PIECEWISE_BEZIER_KNOTS.);
#3120 = CARTESIAN_POINT('',(0.392174724305,0.8245));
#3121 = CARTESIAN_POINT('',(0.392174724305,1.197958339386));
#3122 = ( GEOMETRIC_REPRESENTATION_CONTEXT(2) 
PARAMETRIC_REPRESENTATION_CONTEXT() REPRESENTATION_CONTEXT('2D SPACE',''
  ) );
#3123 = ORIENTED_EDGE('',*,*,#3124,.F.);
#3124 = EDGE_CURVE('',#3125,#3099,#3127,.T.);
#3125 = VERTEX_POINT('',#3126);
#3126 = CARTESIAN_POINT('',(0.541263077349,0.836497483176,5.982468239495
    ));
#3127 = SURFACE_CURVE('',#3128,(#3141,#3157),.PCURVE_S1.);
#3128 = B_SPLINE_CURVE_WITH_KNOTS('',6,(#3129,#3130,#3131,#3132,#3133,
    #3134,#3135,#3136,#3137,#3138,#3139,#3140),.UNSPECIFIED.,.F.,.F.,(7,
    5,7),(0.,0.504101794382,1.),.UNSPECIFIED.);
#3129 = CARTESIAN_POINT('',(0.541263077349,0.836497483176,5.982468239495
    ));
#3130 = CARTESIAN_POINT('',(0.541256092264,0.79753716561,5.98725196498)
  );
#3131 = CARTESIAN_POINT('',(0.547415440762,0.758574887264,5.992035931219
    ));
#3132 = CARTESIAN_POINT('',(0.559742367943,0.720836245774,5.996669653743
    ));
#3133 = CARTESIAN_POINT('',(0.577912169003,0.685536857336,6.001003873652
    ));
#3134 = CARTESIAN_POINT('',(0.601291585809,0.653764967209,6.004904971231
    ));
#3135 = CARTESIAN_POINT('',(0.656271914324,0.599448787014,6.011574159566
    ));
#3136 = CARTESIAN_POINT('',(0.687737108972,0.576758531036,6.014360172683
    ));
#3137 = CARTESIAN_POINT('',(0.722573427664,0.559137717905,6.016523736486
    ));
#3138 = CARTESIAN_POINT('',(0.759741280948,0.547185533482,6.017991280202
    ));
#3139 = CARTESIAN_POINT('',(0.798079199446,0.541210136111,6.018724966745
    ));
#3140 = CARTESIAN_POINT('',(0.836415664898,0.541210136111,6.018724966745
    ));
#3141 = PCURVE('',#708,#3142);
#3142 = DEFINITIONAL_REPRESENTATION('',(#3143),#3156);
#3143 = B_SPLINE_CURVE_WITH_KNOTS('',6,(#3144,#3145,#3146,#3147,#3148,
    #3149,#3150,#3151,#3152,#3153,#3154,#3155),.UNSPECIFIED.,.F.,.F.,(7,
    5,7),(0.,0.504101794382,1.),.UNSPECIFIED.);
#3144 = CARTESIAN_POINT('',(-0.541263077349,-1.061013103397));
#3145 = CARTESIAN_POINT('',(-0.541256092264,-1.100266006149));
#3146 = CARTESIAN_POINT('',(-0.547415440762,-1.139520884404));
#3147 = CARTESIAN_POINT('',(-0.559742367943,-1.177542936505));
#3148 = CARTESIAN_POINT('',(-0.577912169003,-1.213107417189));
#3149 = CARTESIAN_POINT('',(-0.601291585809,-1.245117908665));
#3150 = CARTESIAN_POINT('',(-0.656271914324,-1.299841993894));
#3151 = CARTESIAN_POINT('',(-0.687737108972,-1.322702649733));
#3152 = CARTESIAN_POINT('',(-0.722573427664,-1.340455792096));
#3153 = CARTESIAN_POINT('',(-0.759741280948,-1.352497735337));
#3154 = CARTESIAN_POINT('',(-0.798079199446,-1.3585180069));
#3155 = CARTESIAN_POINT('',(-0.836415664898,-1.3585180069));
#3156 = ( GEOMETRIC_REPRESENTATION_CONTEXT(2) 
PARAMETRIC_REPRESENTATION_CONTEXT() REPRESENTATION_CONTEXT('2D SPACE',''
  ) );
#3157 = PCURVE('',#3158,#3175);
#3158 = B_SPLINE_SURFACE_WITH_KNOTS('',7,1,(
    (#3159,#3160)
    ,(#3161,#3162)
    ,(#3163,#3164)
    ,(#3165,#3166)
    ,(#3167,#3168)
    ,(#3169,#3170)
    ,(#3171,#3172)
    ,(#3173,#3174
    )),.UNSPECIFIED.,.F.,.F.,.F.,(8,8),(2,2),(1.570796326795,
    3.14159265359),(0.,1.),.PIECEWISE_BEZIER_KNOTS.);
#3159 = CARTESIAN_POINT('',(0.85,0.55,-1.E-03));
#3160 = CARTESIAN_POINT('',(0.8245,0.5335,11.299));
#3161 = CARTESIAN_POINT('',(0.782680157423,0.55,-1.E-03));
#3162 = CARTESIAN_POINT('',(0.7591997527,0.5335,11.299));
#3163 = CARTESIAN_POINT('',(0.715360640505,0.567624665965,-1.E-03));
#3164 = CARTESIAN_POINT('',(0.69389982129,0.550595925987,11.299));
#3165 = CARTESIAN_POINT('',(0.653575917753,0.602871183339,-1.E-03));
#3166 = CARTESIAN_POINT('',(0.633968640221,0.584785047839,11.299));
#3167 = CARTESIAN_POINT('',(0.602871183339,0.653575917753,-1.E-03));
#3168 = CARTESIAN_POINT('',(0.584785047839,0.633968640221,11.299));
#3169 = CARTESIAN_POINT('',(0.567624665966,0.715360640505,-1.E-03));
#3170 = CARTESIAN_POINT('',(0.550595925987,0.69389982129,11.299));
#3171 = CARTESIAN_POINT('',(0.55,0.782680157423,-1.E-03));
#3172 = CARTESIAN_POINT('',(0.5335,0.7591997527,11.299));
#3173 = CARTESIAN_POINT('',(0.55,0.85,-1.E-03));
#3174 = CARTESIAN_POINT('',(0.5335,0.8245,11.299));
#3175 = DEFINITIONAL_REPRESENTATION('',(#3176),#3189);
#3176 = B_SPLINE_CURVE_WITH_KNOTS('',6,(#3177,#3178,#3179,#3180,#3181,
    #3182,#3183,#3184,#3185,#3186,#3187,#3188),.UNSPECIFIED.,.F.,.F.,(7,
    5,7),(0.,0.504101794382,1.),.UNSPECIFIED.);
#3177 = CARTESIAN_POINT('',(3.14159265359,0.529510463672));
#3178 = CARTESIAN_POINT('',(3.009665203181,0.529933802211));
#3179 = CARTESIAN_POINT('',(2.877726878826,0.530357162055));
#3180 = CARTESIAN_POINT('',(2.745794777956,0.530767225995));
#3181 = CARTESIAN_POINT('',(2.613851919515,0.531150785279));
#3182 = CARTESIAN_POINT('',(2.48188323176,0.531496015153));
#3183 = CARTESIAN_POINT('',(2.220087042199,0.532086208811));
#3184 = CARTESIAN_POINT('',(2.090239642707,0.532332758645));
#3185 = CARTESIAN_POINT('',(1.960391658383,0.532524224468));
#3186 = CARTESIAN_POINT('',(1.830534307128,0.532654095593));
#3187 = CARTESIAN_POINT('',(1.700659969963,0.532719023606));
#3188 = CARTESIAN_POINT('',(1.570796326795,0.532719023606));
#3189 = ( GEOMETRIC_REPRESENTATION_CONTEXT(2) 
PARAMETRIC_REPRESENTATION_CONTEXT() REPRESENTATION_CONTEXT('2D SPACE',''
  ) );
#3190 = ORIENTED_EDGE('',*,*,#3191,.F.);
#3191 = EDGE_CURVE('',#3192,#3125,#3194,.T.);
#3192 = VERTEX_POINT('',#3193);
#3193 = CARTESIAN_POINT('',(0.541324494809,1.179062167335,5.94040658517)
  );
#3194 = SURFACE_CURVE('',#3195,(#3199,#3205),.PCURVE_S1.);
#3195 = LINE('',#3196,#3197);
#3196 = CARTESIAN_POINT('',(0.541287459276,0.972491170754,5.96577031428)
  );
#3197 = VECTOR('',#3198,1.);
#3198 = DIRECTION('',(-1.779508083493E-04,-0.992546135926,0.121869341476
    ));
#3199 = PCURVE('',#708,#3200);
#3200 = DEFINITIONAL_REPRESENTATION('',(#3201),#3204);
#3201 = B_SPLINE_CURVE_WITH_KNOTS('',1,(#3202,#3203),.UNSPECIFIED.,.F.,
  .F.,(2,2),(-0.227160389755,0.149102560976),.PIECEWISE_BEZIER_KNOTS.);
#3202 = CARTESIAN_POINT('',(-0.541327882651,-0.696837740804));
#3203 = CARTESIAN_POINT('',(-0.541260926354,-1.073100685578));
#3204 = ( GEOMETRIC_REPRESENTATION_CONTEXT(2) 
PARAMETRIC_REPRESENTATION_CONTEXT() REPRESENTATION_CONTEXT('2D SPACE',''
  ) );
#3205 = PCURVE('',#3206,#3211);
#3206 = PLANE('',#3207);
#3207 = AXIS2_PLACEMENT_3D('',#3208,#3209,#3210);
#3208 = CARTESIAN_POINT('',(0.541782780009,5.809102694823E-17,
    5.626550660521));
#3209 = DIRECTION('',(0.999998933943,0.,1.460175434519E-03));
#3210 = DIRECTION('',(-1.460175434519E-03,0.,0.999998933943));
#3211 = DEFINITIONAL_REPRESENTATION('',(#3212),#3215);
#3212 = B_SPLINE_CURVE_WITH_KNOTS('',1,(#3213,#3214),.UNSPECIFIED.,.F.,
  .F.,(2,2),(-0.227160389755,0.149102560976),.PIECEWISE_BEZIER_KNOTS.);
#3213 = CARTESIAN_POINT('',(0.311536098766,-1.197958337841));
#3214 = CARTESIAN_POINT('',(0.357391065677,-0.8245));
#3215 = ( GEOMETRIC_REPRESENTATION_CONTEXT(2) 
PARAMETRIC_REPRESENTATION_CONTEXT() REPRESENTATION_CONTEXT('2D SPACE',''
  ) );
#3216 = ORIENTED_EDGE('',*,*,#3217,.F.);
#3217 = EDGE_CURVE('',#3218,#3192,#3220,.T.);
#3218 = VERTEX_POINT('',#3219);
#3219 = CARTESIAN_POINT('',(0.541413494318,1.675469679607,5.879455406747
    ));
#3220 = SURFACE_CURVE('',#3221,(#3230,#3242),.PCURVE_S1.);
#3221 = B_SPLINE_CURVE_WITH_KNOTS('',5,(#3222,#3223,#3224,#3225,#3226,
    #3227,#3228,#3229),.UNSPECIFIED.,.F.,.F.,(6,2,6),(0.,1.,
    1.999977608491),.UNSPECIFIED.);
#3222 = CARTESIAN_POINT('',(0.541413345271,1.675470005161,5.879455366774
    ));
#3223 = CARTESIAN_POINT('',(0.562732117029,1.628904634574,5.885172875354
    ));
#3224 = CARTESIAN_POINT('',(0.579045943371,1.580054757957,5.891170886005
    ));
#3225 = CARTESIAN_POINT('',(0.601012852512,1.47922735751,5.903550934096)
  );
#3226 = CARTESIAN_POINT('',(0.6009918597,1.375263384289,5.916316104898)
  );
#3227 = CARTESIAN_POINT('',(0.578987094928,1.274450945658,5.928694315908
    ));
#3228 = CARTESIAN_POINT('',(0.562656767014,1.22561291057,5.934690872602)
  );
#3229 = CARTESIAN_POINT('',(0.54132434567,1.179061841888,5.94040662513)
  );
#3230 = PCURVE('',#708,#3231);
#3231 = DEFINITIONAL_REPRESENTATION('',(#3232),#3241);
#3232 = B_SPLINE_CURVE_WITH_KNOTS('',5,(#3233,#3234,#3235,#3236,#3237,
    #3238,#3239,#3240),.UNSPECIFIED.,.F.,.F.,(6,2,6),(0.,1.,
    1.999977608491),.UNSPECIFIED.);
#3233 = CARTESIAN_POINT('',(-0.541413345271,-0.215740044208));
#3234 = CARTESIAN_POINT('',(-0.562732117029,-0.262655112601));
#3235 = CARTESIAN_POINT('',(-0.579045943371,-0.311871843264));
#3236 = CARTESIAN_POINT('',(-0.601012852512,-0.413456439891));
#3237 = CARTESIAN_POINT('',(-0.6009918597,-0.518201164405));
#3238 = CARTESIAN_POINT('',(-0.578987094928,-0.619770686854));
#3239 = CARTESIAN_POINT('',(-0.562656767014,-0.668975487061));
#3240 = CARTESIAN_POINT('',(-0.54132434567,-0.715876146144));
#3241 = ( GEOMETRIC_REPRESENTATION_CONTEXT(2) 
PARAMETRIC_REPRESENTATION_CONTEXT() REPRESENTATION_CONTEXT('2D SPACE',''
  ) );
#3242 = PCURVE('',#3243,#3272);
#3243 = B_SPLINE_SURFACE_WITH_KNOTS('',13,1,(
    (#3244,#3245)
    ,(#3246,#3247)
    ,(#3248,#3249)
    ,(#3250,#3251)
    ,(#3252,#3253)
    ,(#3254,#3255)
    ,(#3256,#3257)
    ,(#3258,#3259)
    ,(#3260,#3261)
    ,(#3262,#3263)
    ,(#3264,#3265)
    ,(#3266,#3267)
    ,(#3268,#3269)
    ,(#3270,#3271
    )),.UNSPECIFIED.,.T.,.F.,.F.,(1,13,13,1),(2,2),(-6.28318530718,0.,
    6.28318530718,12.566370614359),(0.,1.),.UNSPECIFIED.);
#3244 = CARTESIAN_POINT('',(0.605,1.45,-1.E-03));
#3245 = CARTESIAN_POINT('',(0.58685,1.4065,11.299));
#3246 = CARTESIAN_POINT('',(0.605,1.742409777757,-9.999999999998E-04));
#3247 = CARTESIAN_POINT('',(0.58685,1.690137484424,11.299));
#3248 = CARTESIAN_POINT('',(0.451893758259,2.034819672446,
    -1.000000000001E-03));
#3249 = CARTESIAN_POINT('',(0.438336945512,1.973775082273,
    11.298999999999));
#3250 = CARTESIAN_POINT('',(0.145690389915,2.239774622553,
    -9.999999999978E-04));
#3251 = CARTESIAN_POINT('',(0.141319678217,2.172581383874,
    11.299000000002));
#3252 = CARTESIAN_POINT('',(-0.258710813891,2.269830414653,
    -1.000000000004E-03));
#3253 = CARTESIAN_POINT('',(-0.250949489474,2.201735502218,
    11.298999999997));
#3254 = CARTESIAN_POINT('',(-0.651234851753,2.075853548818,
    -9.999999999937E-04));
#3255 = CARTESIAN_POINT('',(-0.631697806202,2.013577942347,
    11.299000000006));
#3256 = CARTESIAN_POINT('',(-0.897638487673,1.685615841826,
    -1.000000000007E-03));
#3257 = CARTESIAN_POINT('',(-0.870709333041,1.635047366579,
    11.298999999989));
#3258 = CARTESIAN_POINT('',(-0.897638487665,1.214384158174,
    -9.99999999993E-04));
#3259 = CARTESIAN_POINT('',(-0.870709333037,1.177952633422,
    11.299000000015));
#3260 = CARTESIAN_POINT('',(-0.651234851759,0.82414645118,
    -1.000000000005E-03));
#3261 = CARTESIAN_POINT('',(-0.631697806205,0.799422057651,
    11.298999999984));
#3262 = CARTESIAN_POINT('',(-0.258710813887,0.630169585348,
    -9.999999999967E-04));
#3263 = CARTESIAN_POINT('',(-0.250949489472,0.611264497784,
    11.299000000012));
#3264 = CARTESIAN_POINT('',(0.145690389913,0.660225377446,
    -1.000000000002E-03));
#3265 = CARTESIAN_POINT('',(0.141319678216,0.640418616124,
    11.298999999993));
#3266 = CARTESIAN_POINT('',(0.45189375826,0.865180327554,
    -9.999999999994E-04));
#3267 = CARTESIAN_POINT('',(0.438336945512,0.839224917727,
    11.299000000003));
#3268 = CARTESIAN_POINT('',(0.605,1.157590222243,-1.E-03));
#3269 = CARTESIAN_POINT('',(0.58685,1.122862515576,11.298999999999));
#3270 = CARTESIAN_POINT('',(0.605,1.45,-1.E-03));
#3271 = CARTESIAN_POINT('',(0.58685,1.4065,11.299));
#3272 = DEFINITIONAL_REPRESENTATION('',(#3273),#3299);
#3273 = B_SPLINE_CURVE_WITH_KNOTS('',3,(#3274,#3275,#3276,#3277,#3278,
    #3279,#3280,#3281,#3282,#3283,#3284,#3285,#3286,#3287,#3288,#3289,
    #3290,#3291,#3292,#3293,#3294,#3295,#3296,#3297,#3298),
  .UNSPECIFIED.,.F.,.F.,(4,1,1,1,1,1,1,1,1,1,1,1,1,1,1,1,1,1,1,1,1,1,4),
  (0.,9.090807311323E-02,0.181816146226,0.27272421934,0.363632292453,
    0.454540365566,0.545448438679,0.636356511793,0.727264584906,
    0.818172658019,0.909080731132,0.999988804245,1.090896877359,
    1.181804950472,1.272713023585,1.363621096698,1.454529169812,
    1.545437242925,1.636345316038,1.727253389151,1.818161462265,
    1.909069535378,1.999977608491),.QUASI_UNIFORM_KNOTS.);
#3274 = CARTESIAN_POINT('',(6.71288557333,0.520394280245));
#3275 = CARTESIAN_POINT('',(6.699861567534,0.520470941744));
#3276 = CARTESIAN_POINT('',(6.673814258852,0.52062563392));
#3277 = CARTESIAN_POINT('',(6.634745347579,0.520861419068));
#3278 = CARTESIAN_POINT('',(6.595678467162,0.521100592246));
#3279 = CARTESIAN_POINT('',(6.556613470404,0.52134278833));
#3280 = CARTESIAN_POINT('',(6.517550152653,0.521587638642));
#3281 = CARTESIAN_POINT('',(6.478488257878,0.521834770783));
#3282 = CARTESIAN_POINT('',(6.439427500905,0.522083809231));
#3283 = CARTESIAN_POINT('',(6.40036758503,0.522334375739));
#3284 = CARTESIAN_POINT('',(6.36130822033,0.522586089788));
#3285 = CARTESIAN_POINT('',(6.322249143284,0.522838569014));
#3286 = CARTESIAN_POINT('',(6.283190131168,0.523091429678));
#3287 = CARTESIAN_POINT('',(6.244131037918,0.523344287013));
#3288 = CARTESIAN_POINT('',(6.205071717741,0.523596756268));
#3289 = CARTESIAN_POINT('',(6.166011948576,0.523848453761));
#3290 = CARTESIAN_POINT('',(6.126951467832,0.524098997222));
#3291 = CARTESIAN_POINT('',(6.087889986715,0.524348006255));
#3292 = CARTESIAN_POINT('',(6.048827209796,0.524595102773));
#3293 = CARTESIAN_POINT('',(6.009762853328,0.524839911444));
#3294 = CARTESIAN_POINT('',(5.970696662862,0.52508206009));
#3295 = CARTESIAN_POINT('',(5.931628435564,0.525321180287));
#3296 = CARTESIAN_POINT('',(5.892558026299,0.525556907193));
#3297 = CARTESIAN_POINT('',(5.866509619977,0.525711557247));
#3298 = CARTESIAN_POINT('',(5.853485041029,0.525788196914));
#3299 = ( GEOMETRIC_REPRESENTATION_CONTEXT(2) 
PARAMETRIC_REPRESENTATION_CONTEXT() REPRESENTATION_CONTEXT('2D SPACE',''
  ) );
#3300 = ORIENTED_EDGE('',*,*,#3301,.F.);
#3301 = EDGE_CURVE('',#3302,#3218,#3304,.T.);
#3302 = VERTEX_POINT('',#3303);
#3303 = CARTESIAN_POINT('',(0.5414705303,1.993596043376,5.84039440086));
#3304 = SURFACE_CURVE('',#3305,(#3309,#3315),.PCURVE_S1.);
#3305 = LINE('',#3306,#3307);
#3306 = CARTESIAN_POINT('',(0.541287459276,0.972491170754,5.96577031428)
  );
#3307 = VECTOR('',#3308,1.);
#3308 = DIRECTION('',(-1.779508083493E-04,-0.992546135926,0.121869341476
    ));
#3309 = PCURVE('',#708,#3310);
#3310 = DEFINITIONAL_REPRESENTATION('',(#3311),#3314);
#3311 = B_SPLINE_CURVE_WITH_KNOTS('',1,(#3312,#3313),.UNSPECIFIED.,.F.,
  .F.,(2,2),(-1.060413003638,-0.683584588144),.PIECEWISE_BEZIER_KNOTS.);
#3312 = CARTESIAN_POINT('',(-0.541476160627,0.136414859885));
#3313 = CARTESIAN_POINT('',(-0.541409103706,-0.240413549642));
#3314 = ( GEOMETRIC_REPRESENTATION_CONTEXT(2) 
PARAMETRIC_REPRESENTATION_CONTEXT() REPRESENTATION_CONTEXT('2D SPACE',''
  ) );
#3315 = PCURVE('',#3316,#3321);
#3316 = PLANE('',#3317);
#3317 = AXIS2_PLACEMENT_3D('',#3318,#3319,#3320);
#3318 = CARTESIAN_POINT('',(0.541782780009,5.809102694823E-17,
    5.626550660521));
#3319 = DIRECTION('',(0.999998933943,0.,1.460175434519E-03));
#3320 = DIRECTION('',(-1.460175434519E-03,0.,0.999998933943));
#3321 = DEFINITIONAL_REPRESENTATION('',(#3322),#3325);
#3322 = B_SPLINE_CURVE_WITH_KNOTS('',1,(#3323,#3324),.UNSPECIFIED.,.F.,
  .F.,(2,2),(-1.060413003638,-0.683584588144),.PIECEWISE_BEZIER_KNOTS.);
#3323 = CARTESIAN_POINT('',(0.209988043173,-2.025));
#3324 = CARTESIAN_POINT('',(0.255911922976,-1.650980412294));
#3325 = ( GEOMETRIC_REPRESENTATION_CONTEXT(2) 
PARAMETRIC_REPRESENTATION_CONTEXT() REPRESENTATION_CONTEXT('2D SPACE',''
  ) );
#3326 = ORIENTED_EDGE('',*,*,#3327,.F.);
#3327 = EDGE_CURVE('',#3328,#3302,#3330,.T.);
#3328 = VERTEX_POINT('',#3329);
#3329 = CARTESIAN_POINT('',(0.185231033078,1.993596043376,5.84039440086)
  );
#3330 = SURFACE_CURVE('',#3331,(#3335,#3341),.PCURVE_S1.);
#3331 = LINE('',#3332,#3333);
#3332 = CARTESIAN_POINT('',(-8.965214233704E-18,1.993596043376,
    5.84039440086));
#3333 = VECTOR('',#3334,1.);
#3334 = DIRECTION('',(1.,-0.,0.));
#3335 = PCURVE('',#708,#3336);
#3336 = DEFINITIONAL_REPRESENTATION('',(#3337),#3340);
#3337 = B_SPLINE_CURVE_WITH_KNOTS('',1,(#3338,#3339),.UNSPECIFIED.,.F.,
  .F.,(2,2),(0.182504403503,0.55),.PIECEWISE_BEZIER_KNOTS.);
#3338 = CARTESIAN_POINT('',(-0.182504403503,0.104775065028));
#3339 = CARTESIAN_POINT('',(-0.55,0.104775065028));
#3340 = ( GEOMETRIC_REPRESENTATION_CONTEXT(2) 
PARAMETRIC_REPRESENTATION_CONTEXT() REPRESENTATION_CONTEXT('2D SPACE',''
  ) );
#3341 = PCURVE('',#3342,#3347);
#3342 = PLANE('',#3343);
#3343 = AXIS2_PLACEMENT_3D('',#3344,#3345,#3346);
#3344 = CARTESIAN_POINT('',(-1.793042846741E-17,1.994665471628,
    5.641471944119));
#3345 = DIRECTION('',(0.,0.999985549054,5.376028504872E-03));
#3346 = DIRECTION('',(0.,-5.376028504872E-03,0.999985549054));
#3347 = DEFINITIONAL_REPRESENTATION('',(#3348),#3351);
#3348 = B_SPLINE_CURVE_WITH_KNOTS('',1,(#3349,#3350),.UNSPECIFIED.,.F.,
  .F.,(2,2),(0.182504403503,0.55),.PIECEWISE_BEZIER_KNOTS.);
#3349 = CARTESIAN_POINT('',(0.198925331399,0.182504403503));
#3350 = CARTESIAN_POINT('',(0.198925331399,0.55));
#3351 = ( GEOMETRIC_REPRESENTATION_CONTEXT(2) 
PARAMETRIC_REPRESENTATION_CONTEXT() REPRESENTATION_CONTEXT('2D SPACE',''
  ) );
#3352 = ORIENTED_EDGE('',*,*,#3353,.F.);
#3353 = EDGE_CURVE('',#3354,#3328,#3356,.T.);
#3354 = VERTEX_POINT('',#3355);
#3355 = CARTESIAN_POINT('',(-0.185231033776,1.993596043376,5.84039440086
    ));
#3356 = SURFACE_CURVE('',#3357,(#3368,#3382),.PCURVE_S1.);
#3357 = B_SPLINE_CURVE_WITH_KNOTS('',5,(#3358,#3359,#3360,#3361,#3362,
    #3363,#3364,#3365,#3366,#3367),.UNSPECIFIED.,.F.,.F.,(6,4,6),(0.,
    0.500999928444,1.),.UNSPECIFIED.);
#3358 = CARTESIAN_POINT('',(-0.185231373419,1.993595932164,
    5.840394414515));
#3359 = CARTESIAN_POINT('',(-0.149362331,2.005340848284,5.838952320146)
  );
#3360 = CARTESIAN_POINT('',(-0.112559276053,2.014244143212,
    5.837859132988));
#3361 = CARTESIAN_POINT('',(-7.512396757431E-02,2.020205672351,
    5.83712714925));
#3362 = CARTESIAN_POINT('',(-3.737250319988E-02,2.023174368847,
    5.836762639154));
#3363 = CARTESIAN_POINT('',(3.797525657106E-02,2.023126681611,
    5.836768494411));
#3364 = CARTESIAN_POINT('',(7.557224265276E-02,2.020134141144,
    5.837135932178));
#3365 = CARTESIAN_POINT('',(0.112853084778,2.014173018016,5.837867866064
    ));
#3366 = CARTESIAN_POINT('',(0.14950551211,2.00529396592,5.838958076577)
  );
#3367 = CARTESIAN_POINT('',(0.185231372721,1.993595932164,5.840394414515
    ));
#3368 = PCURVE('',#708,#3369);
#3369 = DEFINITIONAL_REPRESENTATION('',(#3370),#3381);
#3370 = B_SPLINE_CURVE_WITH_KNOTS('',5,(#3371,#3372,#3373,#3374,#3375,
    #3376,#3377,#3378,#3379,#3380),.UNSPECIFIED.,.F.,.F.,(6,4,6),(0.,
    0.500999928444,1.),.UNSPECIFIED.);
#3371 = CARTESIAN_POINT('',(0.185231373419,0.104774952981));
#3372 = CARTESIAN_POINT('',(0.149362331,0.116608071371));
#3373 = CARTESIAN_POINT('',(0.112559276053,0.125578228489));
#3374 = CARTESIAN_POINT('',(7.512396757431E-02,0.131584527672));
#3375 = CARTESIAN_POINT('',(3.737250319988E-02,0.13457551856));
#3376 = CARTESIAN_POINT('',(-3.797525657106E-02,0.134527473202));
#3377 = CARTESIAN_POINT('',(-7.557224265276E-02,0.131512459279));
#3378 = CARTESIAN_POINT('',(-0.112853084778,0.125506569157));
#3379 = CARTESIAN_POINT('',(-0.14950551211,0.116560836928));
#3380 = CARTESIAN_POINT('',(-0.185231372721,0.104774952981));
#3381 = ( GEOMETRIC_REPRESENTATION_CONTEXT(2) 
PARAMETRIC_REPRESENTATION_CONTEXT() REPRESENTATION_CONTEXT('2D SPACE',''
  ) );
#3382 = PCURVE('',#3383,#3412);
#3383 = B_SPLINE_SURFACE_WITH_KNOTS('',13,1,(
    (#3384,#3385)
    ,(#3386,#3387)
    ,(#3388,#3389)
    ,(#3390,#3391)
    ,(#3392,#3393)
    ,(#3394,#3395)
    ,(#3396,#3397)
    ,(#3398,#3399)
    ,(#3400,#3401)
    ,(#3402,#3403)
    ,(#3404,#3405)
    ,(#3406,#3407)
    ,(#3408,#3409)
    ,(#3410,#3411
    )),.UNSPECIFIED.,.T.,.F.,.F.,(1,13,13,1),(2,2),(-6.28318530718,0.,
    6.28318530718,12.566370614359),(0.,1.),.UNSPECIFIED.);
#3384 = CARTESIAN_POINT('',(0.605,1.45,-1.E-03));
#3385 = CARTESIAN_POINT('',(0.58685,1.4065,11.299));
#3386 = CARTESIAN_POINT('',(0.605,1.742409777757,-9.999999999998E-04));
#3387 = CARTESIAN_POINT('',(0.58685,1.690137484424,11.299));
#3388 = CARTESIAN_POINT('',(0.451893758259,2.034819672446,
    -1.000000000001E-03));
#3389 = CARTESIAN_POINT('',(0.438336945512,1.973775082273,
    11.298999999999));
#3390 = CARTESIAN_POINT('',(0.145690389915,2.239774622553,
    -9.999999999978E-04));
#3391 = CARTESIAN_POINT('',(0.141319678217,2.172581383874,
    11.299000000002));
#3392 = CARTESIAN_POINT('',(-0.258710813891,2.269830414653,
    -1.000000000004E-03));
#3393 = CARTESIAN_POINT('',(-0.250949489474,2.201735502218,
    11.298999999997));
#3394 = CARTESIAN_POINT('',(-0.651234851753,2.075853548818,
    -9.999999999937E-04));
#3395 = CARTESIAN_POINT('',(-0.631697806202,2.013577942347,
    11.299000000006));
#3396 = CARTESIAN_POINT('',(-0.897638487673,1.685615841826,
    -1.000000000007E-03));
#3397 = CARTESIAN_POINT('',(-0.870709333041,1.635047366579,
    11.298999999989));
#3398 = CARTESIAN_POINT('',(-0.897638487665,1.214384158174,
    -9.99999999993E-04));
#3399 = CARTESIAN_POINT('',(-0.870709333037,1.177952633422,
    11.299000000015));
#3400 = CARTESIAN_POINT('',(-0.651234851759,0.82414645118,
    -1.000000000005E-03));
#3401 = CARTESIAN_POINT('',(-0.631697806205,0.799422057651,
    11.298999999984));
#3402 = CARTESIAN_POINT('',(-0.258710813887,0.630169585348,
    -9.999999999967E-04));
#3403 = CARTESIAN_POINT('',(-0.250949489472,0.611264497784,
    11.299000000012));
#3404 = CARTESIAN_POINT('',(0.145690389913,0.660225377446,
    -1.000000000002E-03));
#3405 = CARTESIAN_POINT('',(0.141319678216,0.640418616124,
    11.298999999993));
#3406 = CARTESIAN_POINT('',(0.45189375826,0.865180327554,
    -9.999999999994E-04));
#3407 = CARTESIAN_POINT('',(0.438336945512,0.839224917727,
    11.299000000003));
#3408 = CARTESIAN_POINT('',(0.605,1.157590222243,-1.E-03));
#3409 = CARTESIAN_POINT('',(0.58685,1.122862515576,11.298999999999));
#3410 = CARTESIAN_POINT('',(0.605,1.45,-1.E-03));
#3411 = CARTESIAN_POINT('',(0.58685,1.4065,11.299));
#3412 = DEFINITIONAL_REPRESENTATION('',(#3413),#3424);
#3413 = B_SPLINE_CURVE_WITH_KNOTS('',5,(#3414,#3415,#3416,#3417,#3418,
    #3419,#3420,#3421,#3422,#3423),.UNSPECIFIED.,.F.,.F.,(6,4,6),(0.,
    0.500999928444,1.),.UNSPECIFIED.);
#3414 = CARTESIAN_POINT('',(1.887031308232,0.516937558807));
#3415 = CARTESIAN_POINT('',(1.823666431771,0.516809939836));
#3416 = CARTESIAN_POINT('',(1.760294784064,0.51671319761));
#3417 = CARTESIAN_POINT('',(1.696919807307,0.516648420288));
#3418 = CARTESIAN_POINT('',(1.633541539618,0.516616162757));
#3419 = CARTESIAN_POINT('',(1.507039159136,0.516616680921));
#3420 = CARTESIAN_POINT('',(1.443913915241,0.516649197538));
#3421 = CARTESIAN_POINT('',(1.38079194013,0.516713970448));
#3422 = CARTESIAN_POINT('',(1.317673287236,0.516810449255));
#3423 = CARTESIAN_POINT('',(1.254561345072,0.516937558807));
#3424 = ( GEOMETRIC_REPRESENTATION_CONTEXT(2) 
PARAMETRIC_REPRESENTATION_CONTEXT() REPRESENTATION_CONTEXT('2D SPACE',''
  ) );
#3425 = ORIENTED_EDGE('',*,*,#3426,.F.);
#3426 = EDGE_CURVE('',#3427,#3354,#3429,.T.);
#3427 = VERTEX_POINT('',#3428);
#3428 = CARTESIAN_POINT('',(-0.5414705303,1.993596043376,5.84039440086)
  );
#3429 = SURFACE_CURVE('',#3430,(#3434,#3440),.PCURVE_S1.);
#3430 = LINE('',#3431,#3432);
#3431 = CARTESIAN_POINT('',(-8.965214233704E-18,1.993596043376,
    5.84039440086));
#3432 = VECTOR('',#3433,1.);
#3433 = DIRECTION('',(1.,-0.,0.));
#3434 = PCURVE('',#708,#3435);
#3435 = DEFINITIONAL_REPRESENTATION('',(#3436),#3439);
#3436 = B_SPLINE_CURVE_WITH_KNOTS('',1,(#3437,#3438),.UNSPECIFIED.,.F.,
  .F.,(2,2),(-0.55,-0.182504404191),.PIECEWISE_BEZIER_KNOTS.);
#3437 = CARTESIAN_POINT('',(0.55,0.104775065028));
#3438 = CARTESIAN_POINT('',(0.182504404191,0.104775065028));
#3439 = ( GEOMETRIC_REPRESENTATION_CONTEXT(2) 
PARAMETRIC_REPRESENTATION_CONTEXT() REPRESENTATION_CONTEXT('2D SPACE',''
  ) );
#3440 = PCURVE('',#3441,#3446);
#3441 = PLANE('',#3442);
#3442 = AXIS2_PLACEMENT_3D('',#3443,#3444,#3445);
#3443 = CARTESIAN_POINT('',(-1.793042846741E-17,1.994665471628,
    5.641471944119));
#3444 = DIRECTION('',(0.,0.999985549054,5.376028504872E-03));
#3445 = DIRECTION('',(0.,-5.376028504872E-03,0.999985549054));
#3446 = DEFINITIONAL_REPRESENTATION('',(#3447),#3450);
#3447 = B_SPLINE_CURVE_WITH_KNOTS('',1,(#3448,#3449),.UNSPECIFIED.,.F.,
  .F.,(2,2),(-0.55,-0.182504404191),.PIECEWISE_BEZIER_KNOTS.);
#3448 = CARTESIAN_POINT('',(0.198925331399,-0.55));
#3449 = CARTESIAN_POINT('',(0.198925331399,-0.182504404191));
#3450 = ( GEOMETRIC_REPRESENTATION_CONTEXT(2) 
PARAMETRIC_REPRESENTATION_CONTEXT() REPRESENTATION_CONTEXT('2D SPACE',''
  ) );
#3451 = ORIENTED_EDGE('',*,*,#3452,.F.);
#3452 = EDGE_CURVE('',#3453,#3427,#3455,.T.);
#3453 = VERTEX_POINT('',#3454);
#3454 = CARTESIAN_POINT('',(-0.541413494319,1.675469685931,5.87945540597
    ));
#3455 = SURFACE_CURVE('',#3456,(#3460,#3466),.PCURVE_S1.);
#3456 = LINE('',#3457,#3458);
#3457 = CARTESIAN_POINT('',(-0.541287459276,0.972491170754,5.96577031428
    ));
#3458 = VECTOR('',#3459,1.);
#3459 = DIRECTION('',(-1.779508083493E-04,0.992546135926,-0.121869341476
    ));
#3460 = PCURVE('',#708,#3461);
#3461 = DEFINITIONAL_REPRESENTATION('',(#3462),#3465);
#3462 = B_SPLINE_CURVE_WITH_KNOTS('',1,(#3463,#3464),.UNSPECIFIED.,.F.,
  .F.,(2,2),(0.683584589182,1.060413003638),.PIECEWISE_BEZIER_KNOTS.);
#3463 = CARTESIAN_POINT('',(0.541409103706,-0.240413548604));
#3464 = CARTESIAN_POINT('',(0.541476160627,0.136414859885));
#3465 = ( GEOMETRIC_REPRESENTATION_CONTEXT(2) 
PARAMETRIC_REPRESENTATION_CONTEXT() REPRESENTATION_CONTEXT('2D SPACE',''
  ) );
#3466 = PCURVE('',#3467,#3472);
#3467 = PLANE('',#3468);
#3468 = AXIS2_PLACEMENT_3D('',#3469,#3470,#3471);
#3469 = CARTESIAN_POINT('',(-0.541782780009,5.809102694823E-17,
    5.626550660521));
#3470 = DIRECTION('',(-0.999998933943,-0.,1.460175434519E-03));
#3471 = DIRECTION('',(-1.460175434519E-03,0.,-0.999998933943));
#3472 = DEFINITIONAL_REPRESENTATION('',(#3473),#3476);
#3473 = B_SPLINE_CURVE_WITH_KNOTS('',1,(#3474,#3475),.UNSPECIFIED.,.F.,
  .F.,(2,2),(0.683584589182,1.060413003638),.PIECEWISE_BEZIER_KNOTS.);
#3474 = CARTESIAN_POINT('',(-0.25591192285,-1.650980413325));
#3475 = CARTESIAN_POINT('',(-0.209988043173,-2.025));
#3476 = ( GEOMETRIC_REPRESENTATION_CONTEXT(2) 
PARAMETRIC_REPRESENTATION_CONTEXT() REPRESENTATION_CONTEXT('2D SPACE',''
  ) );
#3477 = ORIENTED_EDGE('',*,*,#3478,.F.);
#3478 = EDGE_CURVE('',#3479,#3453,#3481,.T.);
#3479 = VERTEX_POINT('',#3480);
#3480 = CARTESIAN_POINT('',(-0.541324494808,1.179062161013,
    5.940406585946));
#3481 = SURFACE_CURVE('',#3482,(#3493,#3507),.PCURVE_S1.);
#3482 = B_SPLINE_CURVE_WITH_KNOTS('',5,(#3483,#3484,#3485,#3486,#3487,
    #3488,#3489,#3490,#3491,#3492),.UNSPECIFIED.,.F.,.F.,(6,4,6),(0.,
    0.485992968113,1.),.UNSPECIFIED.);
#3483 = CARTESIAN_POINT('',(-0.54132434591,1.179061836092,5.940406625841
    ));
#3484 = CARTESIAN_POINT('',(-0.56205939568,1.224309324639,5.934850932828
    ));
#3485 = CARTESIAN_POINT('',(-0.578068544962,1.271717397672,
    5.929029953397));
#3486 = CARTESIAN_POINT('',(-0.589052557481,1.320625634852,
    5.923024776971));
#3487 = CARTESIAN_POINT('',(-0.594853145949,1.370320085461,
    5.916923065674));
#3488 = CARTESIAN_POINT('',(-0.5961046462,1.472702932262,5.904352032785)
  );
#3489 = CARTESIAN_POINT('',(-0.590939716309,1.525401529672,
    5.897881458642));
#3490 = CARTESIAN_POINT('',(-0.579955727699,1.577317020354,
    5.891507037914));
#3491 = CARTESIAN_POINT('',(-0.56332910263,1.627600691175,5.885332979472
    ));
#3492 = CARTESIAN_POINT('',(-0.541413345513,1.675470010959,
    5.879455366062));
#3493 = PCURVE('',#708,#3494);
#3494 = DEFINITIONAL_REPRESENTATION('',(#3495),#3506);
#3495 = B_SPLINE_CURVE_WITH_KNOTS('',5,(#3496,#3497,#3498,#3499,#3500,
    #3501,#3502,#3503,#3504,#3505),.UNSPECIFIED.,.F.,.F.,(6,4,6),(0.,
    0.485992968113,1.),.UNSPECIFIED.);
#3496 = CARTESIAN_POINT('',(0.54132434591,-0.715876151983));
#3497 = CARTESIAN_POINT('',(0.56205939568,-0.670288862694));
#3498 = CARTESIAN_POINT('',(0.578068544962,-0.622524763307));
#3499 = CARTESIAN_POINT('',(0.589052557481,-0.573249233803));
#3500 = CARTESIAN_POINT('',(0.594853145949,-0.523181586544));
#3501 = CARTESIAN_POINT('',(0.5961046462,-0.420029862434));
#3502 = CARTESIAN_POINT('',(0.590939716309,-0.366935507755));
#3503 = CARTESIAN_POINT('',(0.579955727699,-0.314630140799));
#3504 = CARTESIAN_POINT('',(0.56332910263,-0.263968848386));
#3505 = CARTESIAN_POINT('',(0.541413345513,-0.215740038366));
#3506 = ( GEOMETRIC_REPRESENTATION_CONTEXT(2) 
PARAMETRIC_REPRESENTATION_CONTEXT() REPRESENTATION_CONTEXT('2D SPACE',''
  ) );
#3507 = PCURVE('',#3508,#3537);
#3508 = B_SPLINE_SURFACE_WITH_KNOTS('',13,1,(
    (#3509,#3510)
    ,(#3511,#3512)
    ,(#3513,#3514)
    ,(#3515,#3516)
    ,(#3517,#3518)
    ,(#3519,#3520)
    ,(#3521,#3522)
    ,(#3523,#3524)
    ,(#3525,#3526)
    ,(#3527,#3528)
    ,(#3529,#3530)
    ,(#3531,#3532)
    ,(#3533,#3534)
    ,(#3535,#3536
    )),.UNSPECIFIED.,.T.,.F.,.F.,(1,13,13,1),(2,2),(-6.28318530718,0.,
    6.28318530718,12.566370614359),(0.,1.),.UNSPECIFIED.);
#3509 = CARTESIAN_POINT('',(0.605,1.45,-1.E-03));
#3510 = CARTESIAN_POINT('',(0.58685,1.4065,11.299));
#3511 = CARTESIAN_POINT('',(0.605,1.742409777757,-9.999999999998E-04));
#3512 = CARTESIAN_POINT('',(0.58685,1.690137484424,11.299));
#3513 = CARTESIAN_POINT('',(0.451893758259,2.034819672446,
    -1.000000000001E-03));
#3514 = CARTESIAN_POINT('',(0.438336945512,1.973775082273,
    11.298999999999));
#3515 = CARTESIAN_POINT('',(0.145690389915,2.239774622553,
    -9.999999999978E-04));
#3516 = CARTESIAN_POINT('',(0.141319678217,2.172581383874,
    11.299000000002));
#3517 = CARTESIAN_POINT('',(-0.258710813891,2.269830414653,
    -1.000000000004E-03));
#3518 = CARTESIAN_POINT('',(-0.250949489474,2.201735502218,
    11.298999999997));
#3519 = CARTESIAN_POINT('',(-0.651234851753,2.075853548818,
    -9.999999999937E-04));
#3520 = CARTESIAN_POINT('',(-0.631697806202,2.013577942347,
    11.299000000006));
#3521 = CARTESIAN_POINT('',(-0.897638487673,1.685615841826,
    -1.000000000007E-03));
#3522 = CARTESIAN_POINT('',(-0.870709333041,1.635047366579,
    11.298999999989));
#3523 = CARTESIAN_POINT('',(-0.897638487665,1.214384158174,
    -9.99999999993E-04));
#3524 = CARTESIAN_POINT('',(-0.870709333037,1.177952633422,
    11.299000000015));
#3525 = CARTESIAN_POINT('',(-0.651234851759,0.82414645118,
    -1.000000000005E-03));
#3526 = CARTESIAN_POINT('',(-0.631697806205,0.799422057651,
    11.298999999984));
#3527 = CARTESIAN_POINT('',(-0.258710813887,0.630169585348,
    -9.999999999967E-04));
#3528 = CARTESIAN_POINT('',(-0.250949489472,0.611264497784,
    11.299000000012));
#3529 = CARTESIAN_POINT('',(0.145690389913,0.660225377446,
    -1.000000000002E-03));
#3530 = CARTESIAN_POINT('',(0.141319678216,0.640418616124,
    11.298999999993));
#3531 = CARTESIAN_POINT('',(0.45189375826,0.865180327554,
    -9.999999999994E-04));
#3532 = CARTESIAN_POINT('',(0.438336945512,0.839224917727,
    11.299000000003));
#3533 = CARTESIAN_POINT('',(0.605,1.157590222243,-1.E-03));
#3534 = CARTESIAN_POINT('',(0.58685,1.122862515576,11.298999999999));
#3535 = CARTESIAN_POINT('',(0.605,1.45,-1.E-03));
#3536 = CARTESIAN_POINT('',(0.58685,1.4065,11.299));
#3537 = DEFINITIONAL_REPRESENTATION('',(#3538),#3549);
#3538 = B_SPLINE_CURVE_WITH_KNOTS('',5,(#3539,#3540,#3541,#3542,#3543,
    #3544,#3545,#3546,#3547,#3548),.UNSPECIFIED.,.F.,.F.,(6,4,6),(0.,
    0.485992968113,1.),.UNSPECIFIED.);
#3539 = CARTESIAN_POINT('',(3.571292930833,0.525788196977));
#3540 = CARTESIAN_POINT('',(3.487738921983,0.525296542728));
#3541 = CARTESIAN_POINT('',(3.40419739446,0.524781411805));
#3542 = CARTESIAN_POINT('',(3.320670454611,0.524249980263));
#3543 = CARTESIAN_POINT('',(3.237145958056,0.523710005812));
#3544 = CARTESIAN_POINT('',(3.065288131671,0.522597525025));
#3545 = CARTESIAN_POINT('',(2.976950502222,0.522024907844));
#3546 = CARTESIAN_POINT('',(2.888612564467,0.521460799815));
#3547 = CARTESIAN_POINT('',(2.800258799366,0.520914422962));
#3548 = CARTESIAN_POINT('',(2.711892376347,0.520394280182));
#3549 = ( GEOMETRIC_REPRESENTATION_CONTEXT(2) 
PARAMETRIC_REPRESENTATION_CONTEXT() REPRESENTATION_CONTEXT('2D SPACE',''
  ) );
#3550 = ORIENTED_EDGE('',*,*,#3551,.F.);
#3551 = EDGE_CURVE('',#3552,#3479,#3554,.T.);
#3552 = VERTEX_POINT('',#3553);
#3553 = CARTESIAN_POINT('',(-0.541263077349,0.836497483176,
    5.982468239495));
#3554 = SURFACE_CURVE('',#3555,(#3559,#3565),.PCURVE_S1.);
#3555 = LINE('',#3556,#3557);
#3556 = CARTESIAN_POINT('',(-0.541287459276,0.972491170754,5.96577031428
    ));
#3557 = VECTOR('',#3558,1.);
#3558 = DIRECTION('',(-1.779508083493E-04,0.992546135926,-0.121869341476
    ));
#3559 = PCURVE('',#708,#3560);
#3560 = DEFINITIONAL_REPRESENTATION('',(#3561),#3564);
#3561 = B_SPLINE_CURVE_WITH_KNOTS('',1,(#3562,#3563),.UNSPECIFIED.,.F.,
  .F.,(2,2),(-0.149102560976,0.227160388684),.PIECEWISE_BEZIER_KNOTS.);
#3562 = CARTESIAN_POINT('',(0.541260926354,-1.073100685578));
#3563 = CARTESIAN_POINT('',(0.54132788265,-0.696837741875));
#3564 = ( GEOMETRIC_REPRESENTATION_CONTEXT(2) 
PARAMETRIC_REPRESENTATION_CONTEXT() REPRESENTATION_CONTEXT('2D SPACE',''
  ) );
#3565 = PCURVE('',#3566,#3571);
#3566 = PLANE('',#3567);
#3567 = AXIS2_PLACEMENT_3D('',#3568,#3569,#3570);
#3568 = CARTESIAN_POINT('',(-0.541782780009,5.809102694823E-17,
    5.626550660521));
#3569 = DIRECTION('',(-0.999998933943,-0.,1.460175434519E-03));
#3570 = DIRECTION('',(-1.460175434519E-03,0.,-0.999998933943));
#3571 = DEFINITIONAL_REPRESENTATION('',(#3572),#3575);
#3572 = B_SPLINE_CURVE_WITH_KNOTS('',1,(#3573,#3574),.UNSPECIFIED.,.F.,
  .F.,(2,2),(-0.149102560976,0.227160388684),.PIECEWISE_BEZIER_KNOTS.);
#3573 = CARTESIAN_POINT('',(-0.357391065677,-0.8245));
#3574 = CARTESIAN_POINT('',(-0.311536098897,-1.197958336778));
#3575 = ( GEOMETRIC_REPRESENTATION_CONTEXT(2) 
PARAMETRIC_REPRESENTATION_CONTEXT() REPRESENTATION_CONTEXT('2D SPACE',''
  ) );
#3576 = ORIENTED_EDGE('',*,*,#3577,.F.);
#3577 = EDGE_CURVE('',#3578,#3552,#3580,.T.);
#3578 = VERTEX_POINT('',#3579);
#3579 = CARTESIAN_POINT('',(-0.836415664898,0.541210136111,
    6.018724966745));
#3580 = SURFACE_CURVE('',#3581,(#3594,#3610),.PCURVE_S1.);
#3581 = B_SPLINE_CURVE_WITH_KNOTS('',6,(#3582,#3583,#3584,#3585,#3586,
    #3587,#3588,#3589,#3590,#3591,#3592,#3593),.UNSPECIFIED.,.F.,.F.,(7,
    5,7),(0.,0.501531636983,1.),.UNSPECIFIED.);
#3582 = CARTESIAN_POINT('',(-0.836415664898,0.541210136111,
    6.018724966745));
#3583 = CARTESIAN_POINT('',(-0.797643695863,0.541210136111,
    6.018724966745));
#3584 = CARTESIAN_POINT('',(-0.758870131577,0.547322065458,
    6.017974516184));
#3585 = CARTESIAN_POINT('',(-0.72130705016,0.559547428463,6.016473430355
    ));
#3586 = CARTESIAN_POINT('',(-0.686155849769,0.577563685579,
    6.014261312136));
#3587 = CARTESIAN_POINT('',(-0.654488958297,0.600744175138,
    6.011415105904));
#3588 = CARTESIAN_POINT('',(-0.599991704066,0.655544738294,6.00468644282
    ));
#3589 = CARTESIAN_POINT('',(-0.577104268524,0.687116697071,
    6.000809893724));
#3590 = CARTESIAN_POINT('',(-0.559331350822,0.72210205728,5.996514231633
    ));
#3591 = CARTESIAN_POINT('',(-0.547278547091,0.759445813289,
    5.991928994949));
#3592 = CARTESIAN_POINT('',(-0.541256170323,0.797972555055,
    5.987198505878));
#3593 = CARTESIAN_POINT('',(-0.541263077349,0.836497483176,
    5.982468239495));
#3594 = PCURVE('',#708,#3595);
#3595 = DEFINITIONAL_REPRESENTATION('',(#3596),#3609);
#3596 = B_SPLINE_CURVE_WITH_KNOTS('',6,(#3597,#3598,#3599,#3600,#3601,
    #3602,#3603,#3604,#3605,#3606,#3607,#3608),.UNSPECIFIED.,.F.,.F.,(7,
    5,7),(0.,0.501531636983,1.),.UNSPECIFIED.);
#3597 = CARTESIAN_POINT('',(0.836415664898,-1.3585180069));
#3598 = CARTESIAN_POINT('',(0.797643695863,-1.3585180069));
#3599 = CARTESIAN_POINT('',(0.758870131577,-1.35236017803));
#3600 = CARTESIAN_POINT('',(0.72130705016,-1.340043004682));
#3601 = CARTESIAN_POINT('',(0.686155849769,-1.32189144862));
#3602 = CARTESIAN_POINT('',(0.654488958297,-1.298536877631));
#3603 = CARTESIAN_POINT('',(0.599991704066,-1.24332477181));
#3604 = CARTESIAN_POINT('',(0.577104268524,-1.211515713133));
#3605 = CARTESIAN_POINT('',(0.559331350822,-1.176267618975));
#3606 = CARTESIAN_POINT('',(0.547278547091,-1.138643417877));
#3607 = CARTESIAN_POINT('',(0.541256170323,-1.099827347004));
#3608 = CARTESIAN_POINT('',(0.541263077349,-1.061013103397));
#3609 = ( GEOMETRIC_REPRESENTATION_CONTEXT(2) 
PARAMETRIC_REPRESENTATION_CONTEXT() REPRESENTATION_CONTEXT('2D SPACE',''
  ) );
#3610 = PCURVE('',#3611,#3628);
#3611 = B_SPLINE_SURFACE_WITH_KNOTS('',7,1,(
    (#3612,#3613)
    ,(#3614,#3615)
    ,(#3616,#3617)
    ,(#3618,#3619)
    ,(#3620,#3621)
    ,(#3622,#3623)
    ,(#3624,#3625)
    ,(#3626,#3627
    )),.UNSPECIFIED.,.F.,.F.,.F.,(8,8),(2,2),(1.570796326795,
    3.14159265359),(0.,1.),.PIECEWISE_BEZIER_KNOTS.);
#3612 = CARTESIAN_POINT('',(-0.55,0.85,-1.E-03));
#3613 = CARTESIAN_POINT('',(-0.5335,0.8245,11.299));
#3614 = CARTESIAN_POINT('',(-0.55,0.782680157423,-1.E-03));
#3615 = CARTESIAN_POINT('',(-0.5335,0.7591997527,11.299));
#3616 = CARTESIAN_POINT('',(-0.567624665965,0.715360640505,-1.E-03));
#3617 = CARTESIAN_POINT('',(-0.550595925987,0.69389982129,11.299));
#3618 = CARTESIAN_POINT('',(-0.602871183339,0.653575917753,-1.E-03));
#3619 = CARTESIAN_POINT('',(-0.584785047839,0.633968640221,11.299));
#3620 = CARTESIAN_POINT('',(-0.653575917753,0.602871183339,-1.E-03));
#3621 = CARTESIAN_POINT('',(-0.63396864022,0.584785047839,11.299));
#3622 = CARTESIAN_POINT('',(-0.715360640505,0.567624665966,-1.E-03));
#3623 = CARTESIAN_POINT('',(-0.69389982129,0.550595925987,11.299));
#3624 = CARTESIAN_POINT('',(-0.782680157423,0.55,-1.E-03));
#3625 = CARTESIAN_POINT('',(-0.7591997527,0.5335,11.299));
#3626 = CARTESIAN_POINT('',(-0.85,0.55,-1.E-03));
#3627 = CARTESIAN_POINT('',(-0.8245,0.5335,11.299));
#3628 = DEFINITIONAL_REPRESENTATION('',(#3629),#3642);
#3629 = B_SPLINE_CURVE_WITH_KNOTS('',6,(#3630,#3631,#3632,#3633,#3634,
    #3635,#3636,#3637,#3638,#3639,#3640,#3641),.UNSPECIFIED.,.F.,.F.,(7,
    5,7),(0.,0.501531636983,1.),.UNSPECIFIED.);
#3630 = CARTESIAN_POINT('',(3.14159265359,0.532719023606));
#3631 = CARTESIAN_POINT('',(3.010253754911,0.532719023606));
#3632 = CARTESIAN_POINT('',(2.878903560955,0.532652612052));
#3633 = CARTESIAN_POINT('',(2.747571242787,0.532519772598));
#3634 = CARTESIAN_POINT('',(2.616248608199,0.532324009924));
#3635 = CARTESIAN_POINT('',(2.484926245709,0.532072133266));
#3636 = CARTESIAN_POINT('',(2.223131546513,0.531476676356));
#3637 = CARTESIAN_POINT('',(2.092638682773,0.531133618914));
#3638 = CARTESIAN_POINT('',(1.962170577355,0.530753471826));
#3639 = CARTESIAN_POINT('',(1.831712889504,0.530347698668));
#3640 = CARTESIAN_POINT('',(1.701249461206,0.529929071317));
#3641 = CARTESIAN_POINT('',(1.570796326795,0.529510463672));
#3642 = ( GEOMETRIC_REPRESENTATION_CONTEXT(2) 
PARAMETRIC_REPRESENTATION_CONTEXT() REPRESENTATION_CONTEXT('2D SPACE',''
  ) );
#3643 = ORIENTED_EDGE('',*,*,#3644,.F.);
#3644 = EDGE_CURVE('',#3645,#3578,#3647,.T.);
#3645 = VERTEX_POINT('',#3646);
#3646 = CARTESIAN_POINT('',(-1.178813088536,0.541210136111,
    6.018724966745));
#3647 = SURFACE_CURVE('',#3648,(#3652,#3658),.PCURVE_S1.);
#3648 = LINE('',#3649,#3650);
#3649 = CARTESIAN_POINT('',(2.904551347411E-17,0.541210136111,
    6.018724966745));
#3650 = VECTOR('',#3651,1.);
#3651 = DIRECTION('',(1.,-0.,0.));
#3652 = PCURVE('',#708,#3653);
#3653 = DEFINITIONAL_REPRESENTATION('',(#3654),#3657);
#3654 = B_SPLINE_CURVE_WITH_KNOTS('',1,(#3655,#3656),.UNSPECIFIED.,.F.,
  .F.,(2,2),(-1.197958344524,-0.8245),.PIECEWISE_BEZIER_KNOTS.);
#3655 = CARTESIAN_POINT('',(1.197958344524,-1.3585180069));
#3656 = CARTESIAN_POINT('',(0.8245,-1.3585180069));
#3657 = ( GEOMETRIC_REPRESENTATION_CONTEXT(2) 
PARAMETRIC_REPRESENTATION_CONTEXT() REPRESENTATION_CONTEXT('2D SPACE',''
  ) );
#3658 = PCURVE('',#3659,#3664);
#3659 = PLANE('',#3660);
#3660 = AXIS2_PLACEMENT_3D('',#3661,#3662,#3663);
#3661 = CARTESIAN_POINT('',(5.809102694823E-17,0.541782780009,
    5.626550660521));
#3662 = DIRECTION('',(0.,0.999998933943,1.460175434519E-03));
#3663 = DIRECTION('',(0.,-1.460175434519E-03,0.999998933943));
#3664 = DEFINITIONAL_REPRESENTATION('',(#3665),#3668);
#3665 = B_SPLINE_CURVE_WITH_KNOTS('',1,(#3666,#3667),.UNSPECIFIED.,.F.,
  .F.,(2,2),(-1.197958344524,-0.8245),.PIECEWISE_BEZIER_KNOTS.);
#3666 = CARTESIAN_POINT('',(0.392174724305,-1.197958344524));
#3667 = CARTESIAN_POINT('',(0.392174724305,-0.8245));
#3668 = ( GEOMETRIC_REPRESENTATION_CONTEXT(2) 
PARAMETRIC_REPRESENTATION_CONTEXT() REPRESENTATION_CONTEXT('2D SPACE',''
  ) );
#3669 = ORIENTED_EDGE('',*,*,#3670,.F.);
#3670 = EDGE_CURVE('',#3671,#3645,#3673,.T.);
#3671 = VERTEX_POINT('',#3672);
#3672 = CARTESIAN_POINT('',(-1.674840361467,0.541210136111,
    6.018724966745));
#3673 = SURFACE_CURVE('',#3674,(#3685,#3699),.PCURVE_S1.);
#3674 = B_SPLINE_CURVE_WITH_KNOTS('',5,(#3675,#3676,#3677,#3678,#3679,
    #3680,#3681,#3682,#3683,#3684),.UNSPECIFIED.,.F.,.F.,(6,4,6),(0.,
    0.46399267962,1.),.UNSPECIFIED.);
#3675 = CARTESIAN_POINT('',(-1.67484068611,0.541209987276,6.018724985019
    ));
#3676 = CARTESIAN_POINT('',(-1.631697508161,0.56098928015,6.016296393229
    ));
#3677 = CARTESIAN_POINT('',(-1.586573156285,0.576470103675,6.01439558711
    ));
#3678 = CARTESIAN_POINT('',(-1.540042523016,0.587385625858,
    6.013055329512));
#3679 = CARTESIAN_POINT('',(-1.492729191668,0.593587715515,
    6.012293808656));
#3680 = CARTESIAN_POINT('',(-1.390440876419,0.596754035278,
    6.011905033475));
#3681 = CARTESIAN_POINT('',(-1.335412898246,0.592135156228,
    6.012472160511));
#3682 = CARTESIAN_POINT('',(-1.281164754423,0.581169498684,
    6.013818573957));
#3683 = CARTESIAN_POINT('',(-1.228668961929,0.564057010901,
    6.015919723256));
#3684 = CARTESIAN_POINT('',(-1.178812763752,0.541209987276,
    6.018724985019));
#3685 = PCURVE('',#708,#3686);
#3686 = DEFINITIONAL_REPRESENTATION('',(#3687),#3698);
#3687 = B_SPLINE_CURVE_WITH_KNOTS('',5,(#3688,#3689,#3690,#3691,#3692,
    #3693,#3694,#3695,#3696,#3697),.UNSPECIFIED.,.F.,.F.,(6,4,6),(0.,
    0.46399267962,1.),.UNSPECIFIED.);
#3688 = CARTESIAN_POINT('',(1.67484068611,-1.358518156853));
#3689 = CARTESIAN_POINT('',(1.631697508161,-1.338590324941));
#3690 = CARTESIAN_POINT('',(1.586573156285,-1.322993243133));
#3691 = CARTESIAN_POINT('',(1.540042523016,-1.311995747284));
#3692 = CARTESIAN_POINT('',(1.492729191668,-1.305747081016));
#3693 = CARTESIAN_POINT('',(1.390440876419,-1.302556982744));
#3694 = CARTESIAN_POINT('',(1.335412898246,-1.307210548769));
#3695 = CARTESIAN_POINT('',(1.281164754423,-1.318258556488));
#3696 = CARTESIAN_POINT('',(1.228668961929,-1.335499556067));
#3697 = CARTESIAN_POINT('',(1.178812763752,-1.358518156853));
#3698 = ( GEOMETRIC_REPRESENTATION_CONTEXT(2) 
PARAMETRIC_REPRESENTATION_CONTEXT() REPRESENTATION_CONTEXT('2D SPACE',''
  ) );
#3699 = PCURVE('',#3700,#3729);
#3700 = B_SPLINE_SURFACE_WITH_KNOTS('',13,1,(
    (#3701,#3702)
    ,(#3703,#3704)
    ,(#3705,#3706)
    ,(#3707,#3708)
    ,(#3709,#3710)
    ,(#3711,#3712)
    ,(#3713,#3714)
    ,(#3715,#3716)
    ,(#3717,#3718)
    ,(#3719,#3720)
    ,(#3721,#3722)
    ,(#3723,#3724)
    ,(#3725,#3726)
    ,(#3727,#3728
    )),.UNSPECIFIED.,.T.,.F.,.F.,(14,14),(2,2),(0.,6.28318530718),(0.,1.
    ),.PIECEWISE_BEZIER_KNOTS.);
#3701 = CARTESIAN_POINT('',(-0.845,5.278006383383E-16,-1.E-03));
#3702 = CARTESIAN_POINT('',(-0.81965,-3.625542491478E-16,11.299));
#3703 = CARTESIAN_POINT('',(-0.845,0.292409777757,-9.999999999998E-04));
#3704 = CARTESIAN_POINT('',(-0.81965,0.283637484424,11.299));
#3705 = CARTESIAN_POINT('',(-0.998106241741,0.584819672445,
    -1.000000000001E-03));
#3706 = CARTESIAN_POINT('',(-0.968163054489,0.567275082272,
    11.298999999999));
#3707 = CARTESIAN_POINT('',(-1.304309610085,0.789774622555,
    -9.999999999978E-04));
#3708 = CARTESIAN_POINT('',(-1.265180321781,0.766081383878,
    11.299000000002));
#3709 = CARTESIAN_POINT('',(-1.708710813892,0.819830414649,
    -1.000000000004E-03));
#3710 = CARTESIAN_POINT('',(-1.657449489478,0.79523550221,
    11.298999999997));
#3711 = CARTESIAN_POINT('',(-2.101234851753,0.625853548823,
    -9.999999999937E-04));
#3712 = CARTESIAN_POINT('',(-2.038197806196,0.607077942359,
    11.299000000006));
#3713 = CARTESIAN_POINT('',(-2.347638487673,0.235615841821,
    -1.000000000007E-03));
#3714 = CARTESIAN_POINT('',(-2.277209333048,0.228547366566,
    11.298999999989));
#3715 = CARTESIAN_POINT('',(-2.347638487666,-0.235615841821,
    -9.99999999993E-04));
#3716 = CARTESIAN_POINT('',(-2.277209333031,-0.228547366566,
    11.299000000015));
#3717 = CARTESIAN_POINT('',(-2.101234851758,-0.625853548823,
    -1.000000000005E-03));
#3718 = CARTESIAN_POINT('',(-2.038197806209,-0.607077942359,
    11.298999999984));
#3719 = CARTESIAN_POINT('',(-1.708710813888,-0.81983041465,
    -9.999999999967E-04));
#3720 = CARTESIAN_POINT('',(-1.65744948947,-0.79523550221,
    11.299000000012));
#3721 = CARTESIAN_POINT('',(-1.304309610086,-0.789774622555,
    -1.000000000002E-03));
#3722 = CARTESIAN_POINT('',(-1.265180321785,-0.766081383878,
    11.298999999993));
#3723 = CARTESIAN_POINT('',(-0.99810624174,-0.584819672445,
    -9.999999999994E-04));
#3724 = CARTESIAN_POINT('',(-0.968163054488,-0.567275082272,
    11.299000000003));
#3725 = CARTESIAN_POINT('',(-0.845,-0.292409777757,-1.E-03));
#3726 = CARTESIAN_POINT('',(-0.81965,-0.283637484424,11.298999999999));
#3727 = CARTESIAN_POINT('',(-0.845,-5.383081431046E-16,-1.E-03));
#3728 = CARTESIAN_POINT('',(-0.81965,1.03914954888E-15,11.299));
#3729 = DEFINITIONAL_REPRESENTATION('',(#3730),#3741);
#3730 = B_SPLINE_CURVE_WITH_KNOTS('',5,(#3731,#3732,#3733,#3734,#3735,
    #3736,#3737,#3738,#3739,#3740),.UNSPECIFIED.,.F.,.F.,(6,4,6),(0.,
    0.46399267962,1.),.UNSPECIFIED.);
#3731 = CARTESIAN_POINT('',(2.000496595206,0.532719025223));
#3732 = CARTESIAN_POINT('',(1.920760170846,0.532504105595));
#3733 = CARTESIAN_POINT('',(1.841010792987,0.532335892665));
#3734 = CARTESIAN_POINT('',(1.761256535947,0.532217285797));
#3735 = CARTESIAN_POINT('',(1.68149474398,0.532149894571));
#3736 = CARTESIAN_POINT('',(1.509595480918,0.532115489688));
#3737 = CARTESIAN_POINT('',(1.417452610138,0.532165677921));
#3738 = CARTESIAN_POINT('',(1.325323121858,0.532284829554));
#3739 = CARTESIAN_POINT('',(1.233199450187,0.53247077197));
#3740 = CARTESIAN_POINT('',(1.141096057772,0.532719025223));
#3741 = ( GEOMETRIC_REPRESENTATION_CONTEXT(2) 
PARAMETRIC_REPRESENTATION_CONTEXT() REPRESENTATION_CONTEXT('2D SPACE',''
  ) );
#3742 = ORIENTED_EDGE('',*,*,#3743,.F.);
#3743 = EDGE_CURVE('',#3744,#3671,#3746,.T.);
#3744 = VERTEX_POINT('',#3745);
#3745 = CARTESIAN_POINT('',(-1.992637319316,0.541210136111,
    6.018724966745));
#3746 = SURFACE_CURVE('',#3747,(#3751,#3757),.PCURVE_S1.);
#3747 = LINE('',#3748,#3749);
#3748 = CARTESIAN_POINT('',(2.904551347411E-17,0.541210136111,
    6.018724966745));
#3749 = VECTOR('',#3750,1.);
#3750 = DIRECTION('',(1.,-0.,0.));
#3751 = PCURVE('',#708,#3752);
#3752 = DEFINITIONAL_REPRESENTATION('',(#3753),#3756);
#3753 = B_SPLINE_CURVE_WITH_KNOTS('',1,(#3754,#3755),.UNSPECIFIED.,.F.,
  .F.,(2,2),(-2.025,-1.650980410796),.PIECEWISE_BEZIER_KNOTS.);
#3754 = CARTESIAN_POINT('',(2.025,-1.3585180069));
#3755 = CARTESIAN_POINT('',(1.650980410796,-1.3585180069));
#3756 = ( GEOMETRIC_REPRESENTATION_CONTEXT(2) 
PARAMETRIC_REPRESENTATION_CONTEXT() REPRESENTATION_CONTEXT('2D SPACE',''
  ) );
#3757 = PCURVE('',#3758,#3763);
#3758 = PLANE('',#3759);
#3759 = AXIS2_PLACEMENT_3D('',#3760,#3761,#3762);
#3760 = CARTESIAN_POINT('',(5.809102694823E-17,0.541782780009,
    5.626550660521));
#3761 = DIRECTION('',(0.,0.999998933943,1.460175434519E-03));
#3762 = DIRECTION('',(0.,-1.460175434519E-03,0.999998933943));
#3763 = DEFINITIONAL_REPRESENTATION('',(#3764),#3767);
#3764 = B_SPLINE_CURVE_WITH_KNOTS('',1,(#3765,#3766),.UNSPECIFIED.,.F.,
  .F.,(2,2),(-2.025,-1.650980410796),.PIECEWISE_BEZIER_KNOTS.);
#3765 = CARTESIAN_POINT('',(0.392174724305,-2.025));
#3766 = CARTESIAN_POINT('',(0.392174724305,-1.650980410796));
#3767 = ( GEOMETRIC_REPRESENTATION_CONTEXT(2) 
PARAMETRIC_REPRESENTATION_CONTEXT() REPRESENTATION_CONTEXT('2D SPACE',''
  ) );
#3768 = ORIENTED_EDGE('',*,*,#3769,.F.);
#3769 = EDGE_CURVE('',#3770,#3744,#3772,.T.);
#3770 = VERTEX_POINT('',#3771);
#3771 = CARTESIAN_POINT('',(-1.992402263284,0.185120118034,
    6.062447323256));
#3772 = SURFACE_CURVE('',#3773,(#3777,#3783),.PCURVE_S1.);
#3773 = LINE('',#3774,#3775);
#3774 = CARTESIAN_POINT('',(-1.992921017599,0.970989053027,
    5.965954751146));
#3775 = VECTOR('',#3776,1.);
#3776 = DIRECTION('',(-6.551823914001E-04,0.992545938609,-0.121869317248
    ));
#3777 = PCURVE('',#708,#3778);
#3778 = DEFINITIONAL_REPRESENTATION('',(#3779),#3782);
#3779 = B_SPLINE_CURVE_WITH_KNOTS('',1,(#3780,#3781),.UNSPECIFIED.,.F.,
  .F.,(2,2),(-0.794406199469,-0.424150698371),.PIECEWISE_BEZIER_KNOTS.);
#3780 = CARTESIAN_POINT('',(1.992400536645,-1.719917554296));
#3781 = CARTESIAN_POINT('',(1.99264312153,-1.349662132667));
#3782 = ( GEOMETRIC_REPRESENTATION_CONTEXT(2) 
PARAMETRIC_REPRESENTATION_CONTEXT() REPRESENTATION_CONTEXT('2D SPACE',''
  ) );
#3783 = PCURVE('',#3784,#3789);
#3784 = PLANE('',#3785);
#3785 = AXIS2_PLACEMENT_3D('',#3786,#3787,#3788);
#3786 = CARTESIAN_POINT('',(-1.994665471628,-1.793042846741E-17,
    5.641471944119));
#3787 = DIRECTION('',(-0.999985549054,-0.,5.376028504872E-03));
#3788 = DIRECTION('',(-5.376028504872E-03,0.,-0.999985549054));
#3789 = DEFINITIONAL_REPRESENTATION('',(#3790),#3793);
#3790 = B_SPLINE_CURVE_WITH_KNOTS('',1,(#3791,#3792),.UNSPECIFIED.,.F.,
  .F.,(2,2),(-0.794406199469,-0.424150698371),.PIECEWISE_BEZIER_KNOTS.);
#3791 = CARTESIAN_POINT('',(-0.421302636395,-0.182504406138));
#3792 = CARTESIAN_POINT('',(-0.376179199192,-0.55));
#3793 = ( GEOMETRIC_REPRESENTATION_CONTEXT(2) 
PARAMETRIC_REPRESENTATION_CONTEXT() REPRESENTATION_CONTEXT('2D SPACE',''
  ) );
#3794 = ORIENTED_EDGE('',*,*,#3795,.F.);
#3795 = EDGE_CURVE('',#3796,#3770,#3798,.T.);
#3796 = VERTEX_POINT('',#3797);
#3797 = CARTESIAN_POINT('',(-1.992157881642,-0.185097411797,
    6.107904320095));
#3798 = SURFACE_CURVE('',#3799,(#3810,#3824),.PCURVE_S1.);
#3799 = B_SPLINE_CURVE_WITH_KNOTS('',5,(#3800,#3801,#3802,#3803,#3804,
    #3805,#3806,#3807,#3808,#3809),.UNSPECIFIED.,.F.,.F.,(6,4,6),(0.,
    0.432001302101,1.),.UNSPECIFIED.);
#3800 = CARTESIAN_POINT('',(-1.992157769044,-0.185097755192,
    6.107904362259));
#3801 = CARTESIAN_POINT('',(-2.002294005994,-0.154184812035,
    6.104108730107));
#3802 = CARTESIAN_POINT('',(-2.010318341956,-0.122582040099,
    6.100228397631));
#3803 = CARTESIAN_POINT('',(-2.016168166717,-9.048272263689E-02,
    6.096287097031));
#3804 = CARTESIAN_POINT('',(-2.019807656696,-5.808488175179E-02,
    6.092309142364));
#3805 = CARTESIAN_POINT('',(-2.02309495756,1.713156596314E-02,
    6.083073723859));
#3806 = CARTESIAN_POINT('',(-2.021125560216,6.00211791117E-02,
    6.077807541541));
#3807 = CARTESIAN_POINT('',(-2.015299344672,0.102618465078,
    6.072577252488));
#3808 = CARTESIAN_POINT('',(-2.005677851967,0.144464282102,
    6.067439232219));
#3809 = CARTESIAN_POINT('',(-1.992402151126,0.185120461513,
    6.062447281082));
#3810 = PCURVE('',#708,#3811);
#3811 = DEFINITIONAL_REPRESENTATION('',(#3812),#3823);
#3812 = B_SPLINE_CURVE_WITH_KNOTS('',5,(#3813,#3814,#3815,#3816,#3817,
    #3818,#3819,#3820,#3821,#3822),.UNSPECIFIED.,.F.,.F.,(6,4,6),(0.,
    0.432001302101,1.),.UNSPECIFIED.);
#3813 = CARTESIAN_POINT('',(1.992157769044,-2.090280343695));
#3814 = CARTESIAN_POINT('',(2.002294005994,-2.059135249731));
#3815 = CARTESIAN_POINT('',(2.010318341956,-2.027295146494));
#3816 = CARTESIAN_POINT('',(2.016168166717,-1.99495476876));
#3817 = CARTESIAN_POINT('',(2.019807656696,-1.962313625745));
#3818 = CARTESIAN_POINT('',(2.02309495756,-1.886532315636));
#3819 = CARTESIAN_POINT('',(2.021125560216,-1.843320608978));
#3820 = CARTESIAN_POINT('',(2.015299344672,-1.800403424829));
#3821 = CARTESIAN_POINT('',(2.005677851967,-1.758243353023));
#3822 = CARTESIAN_POINT('',(1.992402151126,-1.717281852801));
#3823 = ( GEOMETRIC_REPRESENTATION_CONTEXT(2) 
PARAMETRIC_REPRESENTATION_CONTEXT() REPRESENTATION_CONTEXT('2D SPACE',''
  ) );
#3824 = PCURVE('',#3825,#3854);
#3825 = B_SPLINE_SURFACE_WITH_KNOTS('',13,1,(
    (#3826,#3827)
    ,(#3828,#3829)
    ,(#3830,#3831)
    ,(#3832,#3833)
    ,(#3834,#3835)
    ,(#3836,#3837)
    ,(#3838,#3839)
    ,(#3840,#3841)
    ,(#3842,#3843)
    ,(#3844,#3845)
    ,(#3846,#3847)
    ,(#3848,#3849)
    ,(#3850,#3851)
    ,(#3852,#3853
    )),.UNSPECIFIED.,.T.,.F.,.F.,(14,14),(2,2),(0.,6.28318530718),(0.,1.
    ),.PIECEWISE_BEZIER_KNOTS.);
#3826 = CARTESIAN_POINT('',(-0.845,5.278006383383E-16,-1.E-03));
#3827 = CARTESIAN_POINT('',(-0.81965,-3.625542491478E-16,11.299));
#3828 = CARTESIAN_POINT('',(-0.845,0.292409777757,-9.999999999998E-04));
#3829 = CARTESIAN_POINT('',(-0.81965,0.283637484424,11.299));
#3830 = CARTESIAN_POINT('',(-0.998106241741,0.584819672445,
    -1.000000000001E-03));
#3831 = CARTESIAN_POINT('',(-0.968163054489,0.567275082272,
    11.298999999999));
#3832 = CARTESIAN_POINT('',(-1.304309610085,0.789774622555,
    -9.999999999978E-04));
#3833 = CARTESIAN_POINT('',(-1.265180321781,0.766081383878,
    11.299000000002));
#3834 = CARTESIAN_POINT('',(-1.708710813892,0.819830414649,
    -1.000000000004E-03));
#3835 = CARTESIAN_POINT('',(-1.657449489478,0.79523550221,
    11.298999999997));
#3836 = CARTESIAN_POINT('',(-2.101234851753,0.625853548823,
    -9.999999999937E-04));
#3837 = CARTESIAN_POINT('',(-2.038197806196,0.607077942359,
    11.299000000006));
#3838 = CARTESIAN_POINT('',(-2.347638487673,0.235615841821,
    -1.000000000007E-03));
#3839 = CARTESIAN_POINT('',(-2.277209333048,0.228547366566,
    11.298999999989));
#3840 = CARTESIAN_POINT('',(-2.347638487666,-0.235615841821,
    -9.99999999993E-04));
#3841 = CARTESIAN_POINT('',(-2.277209333031,-0.228547366566,
    11.299000000015));
#3842 = CARTESIAN_POINT('',(-2.101234851758,-0.625853548823,
    -1.000000000005E-03));
#3843 = CARTESIAN_POINT('',(-2.038197806209,-0.607077942359,
    11.298999999984));
#3844 = CARTESIAN_POINT('',(-1.708710813888,-0.81983041465,
    -9.999999999967E-04));
#3845 = CARTESIAN_POINT('',(-1.65744948947,-0.79523550221,
    11.299000000012));
#3846 = CARTESIAN_POINT('',(-1.304309610086,-0.789774622555,
    -1.000000000002E-03));
#3847 = CARTESIAN_POINT('',(-1.265180321785,-0.766081383878,
    11.298999999993));
#3848 = CARTESIAN_POINT('',(-0.99810624174,-0.584819672445,
    -9.999999999994E-04));
#3849 = CARTESIAN_POINT('',(-0.968163054488,-0.567275082272,
    11.299000000003));
#3850 = CARTESIAN_POINT('',(-0.845,-0.292409777757,-1.E-03));
#3851 = CARTESIAN_POINT('',(-0.81965,-0.283637484424,11.298999999999));
#3852 = CARTESIAN_POINT('',(-0.845,-5.383081431046E-16,-1.E-03));
#3853 = CARTESIAN_POINT('',(-0.81965,1.03914954888E-15,11.299));
#3854 = DEFINITIONAL_REPRESENTATION('',(#3855),#3866);
#3855 = B_SPLINE_CURVE_WITH_KNOTS('',5,(#3856,#3857,#3858,#3859,#3860,
    #3861,#3862,#3863,#3864,#3865),.UNSPECIFIED.,.F.,.F.,(6,4,6),(0.,
    0.432001302101,1.),.UNSPECIFIED.);
#3856 = CARTESIAN_POINT('',(3.457827634405,0.54061100551));
#3857 = CARTESIAN_POINT('',(3.403176333387,0.540275108859));
#3858 = CARTESIAN_POINT('',(3.348529155016,0.539931716605));
#3859 = CARTESIAN_POINT('',(3.293884977335,0.539582928941));
#3860 = CARTESIAN_POINT('',(3.239242573467,0.539230897554));
#3861 = CARTESIAN_POINT('',(3.112756931893,0.538413603881));
#3862 = CARTESIAN_POINT('',(3.040913004146,0.537947570048));
#3863 = CARTESIAN_POINT('',(2.969068348144,0.53748471261));
#3864 = CARTESIAN_POINT('',(2.897216507276,0.53703002055));
#3865 = CARTESIAN_POINT('',(2.825357672774,0.536588254963));
#3866 = ( GEOMETRIC_REPRESENTATION_CONTEXT(2) 
PARAMETRIC_REPRESENTATION_CONTEXT() REPRESENTATION_CONTEXT('2D SPACE',''
  ) );
#3867 = ORIENTED_EDGE('',*,*,#3868,.F.);
#3868 = EDGE_CURVE('',#3869,#3796,#3871,.T.);
#3869 = VERTEX_POINT('',#3870);
#3870 = CARTESIAN_POINT('',(-1.991922938701,-0.541016106808,
    6.151605640779));
#3871 = SURFACE_CURVE('',#3872,(#3876,#3882),.PCURVE_S1.);
#3872 = LINE('',#3873,#3874);
#3873 = CARTESIAN_POINT('',(-1.992921017599,0.970989053027,
    5.965954751146));
#3874 = VECTOR('',#3875,1.);
#3875 = DIRECTION('',(-6.551823914001E-04,0.992545938609,-0.121869317248
    ));
#3876 = PCURVE('',#708,#3877);
#3877 = DEFINITIONAL_REPRESENTATION('',(#3878),#3881);
#3878 = B_SPLINE_CURVE_WITH_KNOTS('',1,(#3879,#3880),.UNSPECIFIED.,.F.,
  .F.,(2,2),(-1.532411744244,-1.162156243147),.PIECEWISE_BEZIER_KNOTS.);
#3879 = CARTESIAN_POINT('',(1.991917008408,-2.457922940671));
#3880 = CARTESIAN_POINT('',(1.992159593292,-2.087667519042));
#3881 = ( GEOMETRIC_REPRESENTATION_CONTEXT(2) 
PARAMETRIC_REPRESENTATION_CONTEXT() REPRESENTATION_CONTEXT('2D SPACE',''
  ) );
#3882 = PCURVE('',#3883,#3888);
#3883 = PLANE('',#3884);
#3884 = AXIS2_PLACEMENT_3D('',#3885,#3886,#3887);
#3885 = CARTESIAN_POINT('',(-1.994665471628,-1.793042846741E-17,
    5.641471944119));
#3886 = DIRECTION('',(-0.999985549054,-0.,5.376028504872E-03));
#3887 = DIRECTION('',(-5.376028504872E-03,0.,-0.999985549054));
#3888 = DEFINITIONAL_REPRESENTATION('',(#3889),#3892);
#3889 = B_SPLINE_CURVE_WITH_KNOTS('',1,(#3890,#3891),.UNSPECIFIED.,.F.,
  .F.,(2,2),(-1.532411744244,-1.162156243147),.PIECEWISE_BEZIER_KNOTS.);
#3890 = CARTESIAN_POINT('',(-0.511244168002,0.55));
#3891 = CARTESIAN_POINT('',(-0.4661207308,0.182504406138));
#3892 = ( GEOMETRIC_REPRESENTATION_CONTEXT(2) 
PARAMETRIC_REPRESENTATION_CONTEXT() REPRESENTATION_CONTEXT('2D SPACE',''
  ) );
#3893 = ORIENTED_EDGE('',*,*,#3894,.F.);
#3894 = EDGE_CURVE('',#2101,#3869,#3895,.T.);
#3895 = SURFACE_CURVE('',#3896,(#3900,#3906),.PCURVE_S1.);
#3896 = LINE('',#3897,#3898);
#3897 = CARTESIAN_POINT('',(2.904551347411E-17,-0.541016106808,
    6.151605640779));
#3898 = VECTOR('',#3899,1.);
#3899 = DIRECTION('',(-1.,0.,-0.));
#3900 = PCURVE('',#708,#3901);
#3901 = DEFINITIONAL_REPRESENTATION('',(#3902),#3905);
#3902 = B_SPLINE_CURVE_WITH_KNOTS('',1,(#3903,#3904),.UNSPECIFIED.,.F.,
  .F.,(2,2),(1.650980410796,2.025),.PIECEWISE_BEZIER_KNOTS.);
#3903 = CARTESIAN_POINT('',(1.650980410796,-2.448871580009));
#3904 = CARTESIAN_POINT('',(2.025,-2.448871580009));
#3905 = ( GEOMETRIC_REPRESENTATION_CONTEXT(2) 
PARAMETRIC_REPRESENTATION_CONTEXT() REPRESENTATION_CONTEXT('2D SPACE',''
  ) );
#3906 = PCURVE('',#3907,#3912);
#3907 = PLANE('',#3908);
#3908 = AXIS2_PLACEMENT_3D('',#3909,#3910,#3911);
#3909 = CARTESIAN_POINT('',(5.809102694823E-17,-0.541782780009,
    5.626550660521));
#3910 = DIRECTION('',(-0.,-0.999998933943,1.460175434519E-03));
#3911 = DIRECTION('',(0.,-1.460175434519E-03,-0.999998933943));
#3912 = DEFINITIONAL_REPRESENTATION('',(#3913),#3916);
#3913 = B_SPLINE_CURVE_WITH_KNOTS('',1,(#3914,#3915),.UNSPECIFIED.,.F.,
  .F.,(2,2),(1.650980410796,2.025),.PIECEWISE_BEZIER_KNOTS.);
#3914 = CARTESIAN_POINT('',(-0.525055539997,-1.650980410796));
#3915 = CARTESIAN_POINT('',(-0.525055539997,-2.025));
#3916 = ( GEOMETRIC_REPRESENTATION_CONTEXT(2) 
PARAMETRIC_REPRESENTATION_CONTEXT() REPRESENTATION_CONTEXT('2D SPACE',''
  ) );
#3917 = ADVANCED_FACE('',(#3918),#682,.F.);
#3918 = FACE_BOUND('',#3919,.F.);
#3919 = EDGE_LOOP('',(#3920,#3942,#3963,#3982,#3983));
#3920 = ORIENTED_EDGE('',*,*,#3921,.F.);
#3921 = EDGE_CURVE('',#3922,#1983,#3924,.T.);
#3922 = VERTEX_POINT('',#3923);
#3923 = CARTESIAN_POINT('',(-6.1,-3.981367853233,7.681281017495));
#3924 = SURFACE_CURVE('',#3925,(#3929,#3935),.PCURVE_S1.);
#3925 = LINE('',#3926,#3927);
#3926 = CARTESIAN_POINT('',(-6.1,-3.98124598389,7.682273563646));
#3927 = VECTOR('',#3928,1.);
#3928 = DIRECTION('',(0.,-0.121869343405,-0.992546151641));
#3929 = PCURVE('',#682,#3930);
#3930 = DEFINITIONAL_REPRESENTATION('',(#3931),#3934);
#3931 = B_SPLINE_CURVE_WITH_KNOTS('',1,(#3932,#3933),.UNSPECIFIED.,.F.,
  .F.,(2,2),(0.,1.1),.PIECEWISE_BEZIER_KNOTS.);
#3932 = CARTESIAN_POINT('',(-0.55,6.05));
#3933 = CARTESIAN_POINT('',(0.55,6.05));
#3934 = ( GEOMETRIC_REPRESENTATION_CONTEXT(2) 
PARAMETRIC_REPRESENTATION_CONTEXT() REPRESENTATION_CONTEXT('2D SPACE',''
  ) );
#3935 = PCURVE('',#1063,#3936);
#3936 = DEFINITIONAL_REPRESENTATION('',(#3937),#3941);
#3937 = LINE('',#3938,#3939);
#3938 = CARTESIAN_POINT('',(-0.55,-6.1));
#3939 = VECTOR('',#3940,1.);
#3940 = DIRECTION('',(1.,0.));
#3941 = ( GEOMETRIC_REPRESENTATION_CONTEXT(2) 
PARAMETRIC_REPRESENTATION_CONTEXT() REPRESENTATION_CONTEXT('2D SPACE',''
  ) );
#3942 = ORIENTED_EDGE('',*,*,#3943,.F.);
#3943 = EDGE_CURVE('',#3944,#3922,#3946,.T.);
#3944 = VERTEX_POINT('',#3945);
#3945 = CARTESIAN_POINT('',(-6.1,7.216413761315,6.306366318866));
#3946 = SURFACE_CURVE('',#3947,(#3951,#3957),.PCURVE_S1.);
#3947 = LINE('',#3948,#3949);
#3948 = CARTESIAN_POINT('',(-6.1,1.356049077218,7.025928623334));
#3949 = VECTOR('',#3950,1.);
#3950 = DIRECTION('',(0.,-0.992546151641,0.121869343405));
#3951 = PCURVE('',#682,#3952);
#3952 = DEFINITIONAL_REPRESENTATION('',(#3953),#3956);
#3953 = B_SPLINE_CURVE_WITH_KNOTS('',1,(#3954,#3955),.UNSPECIFIED.,.F.,
  .F.,(2,2),(-5.904375,5.3775),.PIECEWISE_BEZIER_KNOTS.);
#3954 = CARTESIAN_POINT('',(-0.549,-5.231875));
#3955 = CARTESIAN_POINT('',(-0.549,6.05));
#3956 = ( GEOMETRIC_REPRESENTATION_CONTEXT(2) 
PARAMETRIC_REPRESENTATION_CONTEXT() REPRESENTATION_CONTEXT('2D SPACE',''
  ) );
#3957 = PCURVE('',#1008,#3958);
#3958 = DEFINITIONAL_REPRESENTATION('',(#3959),#3962);
#3959 = B_SPLINE_CURVE_WITH_KNOTS('',1,(#3960,#3961),.UNSPECIFIED.,.F.,
  .F.,(2,2),(-5.904375,5.3775),.PIECEWISE_BEZIER_KNOTS.);
#3960 = CARTESIAN_POINT('',(-6.1,6.576875));
#3961 = CARTESIAN_POINT('',(-6.1,-4.705));
#3962 = ( GEOMETRIC_REPRESENTATION_CONTEXT(2) 
PARAMETRIC_REPRESENTATION_CONTEXT() REPRESENTATION_CONTEXT('2D SPACE',''
  ) );
#3963 = ORIENTED_EDGE('',*,*,#3964,.F.);
#3964 = EDGE_CURVE('',#641,#3944,#3965,.T.);
#3965 = SURFACE_CURVE('',#3966,(#3970,#3976),.PCURVE_S1.);
#3966 = LINE('',#3967,#3968);
#3967 = CARTESIAN_POINT('',(-6.1,7.286145791559,5.75968311893));
#3968 = VECTOR('',#3969,1.);
#3969 = DIRECTION('',(0.,-0.126529556075,0.991962837731));
#3970 = PCURVE('',#682,#3971);
#3971 = DEFINITIONAL_REPRESENTATION('',(#3972),#3975);
#3972 = B_SPLINE_CURVE_WITH_KNOTS('',1,(#3973,#3974),.UNSPECIFIED.,.F.,
  .F.,(2,2),(-0.582872183229,0.551112581179),.PIECEWISE_BEZIER_KNOTS.);
#3973 = CARTESIAN_POINT('',(0.55,-5.511375350467));
#3974 = CARTESIAN_POINT('',(-0.549,-5.231875));
#3975 = ( GEOMETRIC_REPRESENTATION_CONTEXT(2) 
PARAMETRIC_REPRESENTATION_CONTEXT() REPRESENTATION_CONTEXT('2D SPACE',''
  ) );
#3976 = PCURVE('',#656,#3977);
#3977 = DEFINITIONAL_REPRESENTATION('',(#3978),#3981);
#3978 = B_SPLINE_CURVE_WITH_KNOTS('',1,(#3979,#3980),.UNSPECIFIED.,.F.,
  .F.,(2,2),(-0.582872183229,0.551112581179),.PIECEWISE_BEZIER_KNOTS.);
#3979 = CARTESIAN_POINT('',(0.725710800605,-6.1));
#3980 = CARTESIAN_POINT('',(1.859695565013,-6.1));
#3981 = ( GEOMETRIC_REPRESENTATION_CONTEXT(2) 
PARAMETRIC_REPRESENTATION_CONTEXT() REPRESENTATION_CONTEXT('2D SPACE',''
  ) );
#3982 = ORIENTED_EDGE('',*,*,#667,.F.);
#3983 = ORIENTED_EDGE('',*,*,#2004,.F.);
#3984 = ADVANCED_FACE('',(#3985),#656,.T.);
#3985 = FACE_BOUND('',#3986,.T.);
#3986 = EDGE_LOOP('',(#3987,#4007,#4008));
#3987 = ORIENTED_EDGE('',*,*,#3988,.F.);
#3988 = EDGE_CURVE('',#3944,#614,#3989,.T.);
#3989 = SURFACE_CURVE('',#3990,(#3994,#4000),.PCURVE_S1.);
#3990 = LINE('',#3991,#3992);
#3991 = CARTESIAN_POINT('',(6.5875,7.216413761315,6.306366318866));
#3992 = VECTOR('',#3993,1.);
#3993 = DIRECTION('',(-1.,0.,0.));
#3994 = PCURVE('',#656,#3995);
#3995 = DEFINITIONAL_REPRESENTATION('',(#3996),#3999);
#3996 = B_SPLINE_CURVE_WITH_KNOTS('',1,(#3997,#3998),.UNSPECIFIED.,.F.,
  .F.,(2,2),(0.,13.175),.PIECEWISE_BEZIER_KNOTS.);
#3997 = CARTESIAN_POINT('',(1.859695565013,6.5875));
#3998 = CARTESIAN_POINT('',(1.859695565013,-6.5875));
#3999 = ( GEOMETRIC_REPRESENTATION_CONTEXT(2) 
PARAMETRIC_REPRESENTATION_CONTEXT() REPRESENTATION_CONTEXT('2D SPACE',''
  ) );
#4000 = PCURVE('',#1008,#4001);
#4001 = DEFINITIONAL_REPRESENTATION('',(#4002),#4006);
#4002 = LINE('',#4003,#4004);
#4003 = CARTESIAN_POINT('',(6.5875,6.576875));
#4004 = VECTOR('',#4005,1.);
#4005 = DIRECTION('',(-1.,0.));
#4006 = ( GEOMETRIC_REPRESENTATION_CONTEXT(2) 
PARAMETRIC_REPRESENTATION_CONTEXT() REPRESENTATION_CONTEXT('2D SPACE',''
  ) );
#4007 = ORIENTED_EDGE('',*,*,#3964,.F.);
#4008 = ORIENTED_EDGE('',*,*,#640,.F.);
#4009 = ADVANCED_FACE('',(#4010),#779,.T.);
#4010 = FACE_BOUND('',#4011,.T.);
#4011 = EDGE_LOOP('',(#4012,#4034,#4035,#4036,#4037,#4058));
#4012 = ORIENTED_EDGE('',*,*,#4013,.F.);
#4013 = EDGE_CURVE('',#191,#4014,#4016,.T.);
#4014 = VERTEX_POINT('',#4015);
#4015 = CARTESIAN_POINT('',(6.5875,7.216413761315,6.306366318866));
#4016 = SURFACE_CURVE('',#4017,(#4021,#4027),.PCURVE_S1.);
#4017 = LINE('',#4018,#4019);
#4018 = CARTESIAN_POINT('',(7.75,7.679825848325,0.557035955403));
#4019 = VECTOR('',#4020,1.);
#4020 = DIRECTION('',(-0.197571105319,-7.875857053646E-02,0.977119616992
    ));
#4021 = PCURVE('',#779,#4022);
#4022 = DEFINITIONAL_REPRESENTATION('',(#4023),#4026);
#4023 = B_SPLINE_CURVE_WITH_KNOTS('',1,(#4024,#4025),.UNSPECIFIED.,.F.,
  .F.,(2,2),(0.,5.883957566182),.PIECEWISE_BEZIER_KNOTS.);
#4024 = CARTESIAN_POINT('',(-2.053253283723,2.58761342199));
#4025 = CARTESIAN_POINT('',(3.71452278415,1.424120460474));
#4026 = ( GEOMETRIC_REPRESENTATION_CONTEXT(2) 
PARAMETRIC_REPRESENTATION_CONTEXT() REPRESENTATION_CONTEXT('2D SPACE',''
  ) );
#4027 = PCURVE('',#1921,#4028);
#4028 = DEFINITIONAL_REPRESENTATION('',(#4029),#4033);
#4029 = LINE('',#4030,#4031);
#4030 = CARTESIAN_POINT('',(-2.054243849814,-2.581868370319));
#4031 = VECTOR('',#4032,1.);
#4032 = DIRECTION('',(0.98031865663,0.197421709704));
#4033 = ( GEOMETRIC_REPRESENTATION_CONTEXT(2) 
PARAMETRIC_REPRESENTATION_CONTEXT() REPRESENTATION_CONTEXT('2D SPACE',''
  ) );
#4034 = ORIENTED_EDGE('',*,*,#796,.F.);
#4035 = ORIENTED_EDGE('',*,*,#766,.T.);
#4036 = ORIENTED_EDGE('',*,*,#2026,.F.);
#4037 = ORIENTED_EDGE('',*,*,#4038,.F.);
#4038 = EDGE_CURVE('',#4039,#2027,#4041,.T.);
#4039 = VERTEX_POINT('',#4040);
#4040 = CARTESIAN_POINT('',(6.1,7.283344480465,5.781644758474));
#4041 = SURFACE_CURVE('',#4042,(#4046,#4052),.PCURVE_S1.);
#4042 = LINE('',#4043,#4044);
#4043 = CARTESIAN_POINT('',(6.1,7.376366286977,4.736394934234));
#4044 = VECTOR('',#4045,1.);
#4045 = DIRECTION('',(0.,8.864446401634E-02,-0.996063330818));
#4046 = PCURVE('',#779,#4047);
#4047 = DEFINITIONAL_REPRESENTATION('',(#4048),#4051);
#4048 = B_SPLINE_CURVE_WITH_KNOTS('',1,(#4049,#4050),.UNSPECIFIED.,.F.,
  .F.,(2,2),(-1.574677234388,-0.449743969585),.PIECEWISE_BEZIER_KNOTS.);
#4049 = CARTESIAN_POINT('',(3.711230185969,0.936204057257));
#4050 = CARTESIAN_POINT('',(2.586296921166,0.936204057257));
#4051 = ( GEOMETRIC_REPRESENTATION_CONTEXT(2) 
PARAMETRIC_REPRESENTATION_CONTEXT() REPRESENTATION_CONTEXT('2D SPACE',''
  ) );
#4052 = PCURVE('',#2064,#4053);
#4053 = DEFINITIONAL_REPRESENTATION('',(#4054),#4057);
#4054 = B_SPLINE_CURVE_WITH_KNOTS('',1,(#4055,#4056),.UNSPECIFIED.,.F.,
  .F.,(2,2),(-1.574677234388,-0.449743969585),.PIECEWISE_BEZIER_KNOTS.);
#4055 = CARTESIAN_POINT('',(0.55,-5.252271267563));
#4056 = CARTESIAN_POINT('',(-0.55,-5.487802263952));
#4057 = ( GEOMETRIC_REPRESENTATION_CONTEXT(2) 
PARAMETRIC_REPRESENTATION_CONTEXT() REPRESENTATION_CONTEXT('2D SPACE',''
  ) );
#4058 = ORIENTED_EDGE('',*,*,#4059,.T.);
#4059 = EDGE_CURVE('',#4039,#4014,#4060,.T.);
#4060 = SURFACE_CURVE('',#4061,(#4065,#4072),.PCURVE_S1.);
#4061 = LINE('',#4062,#4063);
#4062 = CARTESIAN_POINT('',(1.5,7.914895881675,0.830425932214));
#4063 = VECTOR('',#4064,1.);
#4064 = DIRECTION('',(0.677692348903,-9.304294620402E-02,0.729435460065)
  );
#4065 = PCURVE('',#779,#4066);
#4066 = DEFINITIONAL_REPRESENTATION('',(#4067),#4071);
#4067 = LINE('',#4068,#4069);
#4068 = CARTESIAN_POINT('',(-1.80177720992,-3.667725080786));
#4069 = VECTOR('',#4070,1.);
#4070 = DIRECTION('',(0.734811656066,0.6782712069));
#4071 = ( GEOMETRIC_REPRESENTATION_CONTEXT(2) 
PARAMETRIC_REPRESENTATION_CONTEXT() REPRESENTATION_CONTEXT('2D SPACE',''
  ) );
#4072 = PCURVE('',#4073,#4078);
#4073 = PLANE('',#4074);
#4074 = AXIS2_PLACEMENT_3D('',#4075,#4076,#4077);
#4075 = CARTESIAN_POINT('',(0.,7.451720215591,4.461617428879));
#4076 = DIRECTION('',(0.,0.991962837731,0.126529556075));
#4077 = DIRECTION('',(0.,-0.126529556075,0.991962837731));
#4078 = DEFINITIONAL_REPRESENTATION('',(#4079),#4082);
#4079 = B_SPLINE_CURVE_WITH_KNOTS('',1,(#4080,#4081),.UNSPECIFIED.,.F.,
  .F.,(2,2),(0.,7.507093754618),.PIECEWISE_BEZIER_KNOTS.);
#4080 = CARTESIAN_POINT('',(-3.660612432791,1.5));
#4081 = CARTESIAN_POINT('',(1.859695565013,6.5875));
#4082 = ( GEOMETRIC_REPRESENTATION_CONTEXT(2) 
PARAMETRIC_REPRESENTATION_CONTEXT() REPRESENTATION_CONTEXT('2D SPACE',''
  ) );
#4083 = ADVANCED_FACE('',(#4084),#882,.T.);
#4084 = FACE_BOUND('',#4085,.T.);
#4085 = EDGE_LOOP('',(#4086,#4106,#4107,#4108));
#4086 = ORIENTED_EDGE('',*,*,#4087,.F.);
#4087 = EDGE_CURVE('',#614,#950,#4088,.T.);
#4088 = SURFACE_CURVE('',#4089,(#4093,#4099),.PCURVE_S1.);
#4089 = LINE('',#4090,#4091);
#4090 = CARTESIAN_POINT('',(-6.5875,7.216413761315,6.306366318866));
#4091 = VECTOR('',#4092,1.);
#4092 = DIRECTION('',(0.,-0.992546151641,0.121869343405));
#4093 = PCURVE('',#882,#4094);
#4094 = DEFINITIONAL_REPRESENTATION('',(#4095),#4098);
#4095 = B_SPLINE_CURVE_WITH_KNOTS('',1,(#4096,#4097),.UNSPECIFIED.,.F.,
  .F.,(2,2),(0.,13.15375),.PIECEWISE_BEZIER_KNOTS.);
#4096 = CARTESIAN_POINT('',(-1.86072358458,-6.576875));
#4097 = CARTESIAN_POINT('',(-1.86072358458,6.576875));
#4098 = ( GEOMETRIC_REPRESENTATION_CONTEXT(2) 
PARAMETRIC_REPRESENTATION_CONTEXT() REPRESENTATION_CONTEXT('2D SPACE',''
  ) );
#4099 = PCURVE('',#1008,#4100);
#4100 = DEFINITIONAL_REPRESENTATION('',(#4101),#4105);
#4101 = LINE('',#4102,#4103);
#4102 = CARTESIAN_POINT('',(-6.5875,6.576875));
#4103 = VECTOR('',#4104,1.);
#4104 = DIRECTION('',(0.,-1.));
#4105 = ( GEOMETRIC_REPRESENTATION_CONTEXT(2) 
PARAMETRIC_REPRESENTATION_CONTEXT() REPRESENTATION_CONTEXT('2D SPACE',''
  ) );
#4106 = ORIENTED_EDGE('',*,*,#1939,.F.);
#4107 = ORIENTED_EDGE('',*,*,#867,.T.);
#4108 = ORIENTED_EDGE('',*,*,#4109,.F.);
#4109 = EDGE_CURVE('',#950,#868,#4110,.T.);
#4110 = SURFACE_CURVE('',#4111,(#4115,#4121),.PCURVE_S1.);
#4111 = LINE('',#4112,#4113);
#4112 = CARTESIAN_POINT('',(-6.5875,-5.839290180837,7.909405194681));
#4113 = VECTOR('',#4114,1.);
#4114 = DIRECTION('',(-0.181660908486,0.584919027099,-0.790486588163));
#4115 = PCURVE('',#882,#4116);
#4116 = DEFINITIONAL_REPRESENTATION('',(#4117),#4120);
#4117 = B_SPLINE_CURVE_WITH_KNOTS('',1,(#4118,#4119),.UNSPECIFIED.,.F.,
  .F.,(2,2),(0.,7.500237730607),.PIECEWISE_BEZIER_KNOTS.);
#4118 = CARTESIAN_POINT('',(-1.86072358458,6.576875));
#4119 = CARTESIAN_POINT('',(3.660046855314,1.5));
#4120 = ( GEOMETRIC_REPRESENTATION_CONTEXT(2) 
PARAMETRIC_REPRESENTATION_CONTEXT() REPRESENTATION_CONTEXT('2D SPACE',''
  ) );
#4121 = PCURVE('',#935,#4122);
#4122 = DEFINITIONAL_REPRESENTATION('',(#4123),#4127);
#4123 = LINE('',#4124,#4125);
#4124 = CARTESIAN_POINT('',(-3.713909527135,1.420247407775));
#4125 = VECTOR('',#4126,1.);
#4126 = DIRECTION('',(0.735544812726,-0.677476072251));
#4127 = ( GEOMETRIC_REPRESENTATION_CONTEXT(2) 
PARAMETRIC_REPRESENTATION_CONTEXT() REPRESENTATION_CONTEXT('2D SPACE',''
  ) );
#4128 = ADVANCED_FACE('',(#4129),#935,.T.);
#4129 = FACE_BOUND('',#4130,.T.);
#4130 = EDGE_LOOP('',(#4131,#4132,#4133));
#4131 = ORIENTED_EDGE('',*,*,#4109,.T.);
#4132 = ORIENTED_EDGE('',*,*,#921,.F.);
#4133 = ORIENTED_EDGE('',*,*,#949,.T.);
#4134 = ADVANCED_FACE('',(#4135),#1008,.T.);
#4135 = FACE_BOUND('',#4136,.T.);
#4136 = EDGE_LOOP('',(#4137,#4138,#4139,#4140,#4141,#4160));
#4137 = ORIENTED_EDGE('',*,*,#3988,.T.);
#4138 = ORIENTED_EDGE('',*,*,#4087,.T.);
#4139 = ORIENTED_EDGE('',*,*,#995,.T.);
#4140 = ORIENTED_EDGE('',*,*,#1025,.F.);
#4141 = ORIENTED_EDGE('',*,*,#4142,.F.);
#4142 = EDGE_CURVE('',#3922,#1026,#4143,.T.);
#4143 = SURFACE_CURVE('',#4144,(#4148,#4154),.PCURVE_S1.);
#4144 = LINE('',#4145,#4146);
#4145 = CARTESIAN_POINT('',(-3.339016615414E-17,-3.981367853233,
    7.681281017495));
#4146 = VECTOR('',#4147,1.);
#4147 = DIRECTION('',(1.,0.,0.));
#4148 = PCURVE('',#1008,#4149);
#4149 = DEFINITIONAL_REPRESENTATION('',(#4150),#4153);
#4150 = B_SPLINE_CURVE_WITH_KNOTS('',1,(#4151,#4152),.UNSPECIFIED.,.F.,
  .F.,(2,2),(-6.1,6.1),.PIECEWISE_BEZIER_KNOTS.);
#4151 = CARTESIAN_POINT('',(-6.1,-4.705));
#4152 = CARTESIAN_POINT('',(6.1,-4.705));
#4153 = ( GEOMETRIC_REPRESENTATION_CONTEXT(2) 
PARAMETRIC_REPRESENTATION_CONTEXT() REPRESENTATION_CONTEXT('2D SPACE',''
  ) );
#4154 = PCURVE('',#1063,#4155);
#4155 = DEFINITIONAL_REPRESENTATION('',(#4156),#4159);
#4156 = B_SPLINE_CURVE_WITH_KNOTS('',1,(#4157,#4158),.UNSPECIFIED.,.F.,
  .F.,(2,2),(-6.1,6.1),.PIECEWISE_BEZIER_KNOTS.);
#4157 = CARTESIAN_POINT('',(-0.549,-6.1));
#4158 = CARTESIAN_POINT('',(-0.549,6.1));
#4159 = ( GEOMETRIC_REPRESENTATION_CONTEXT(2) 
PARAMETRIC_REPRESENTATION_CONTEXT() REPRESENTATION_CONTEXT('2D SPACE',''
  ) );
#4160 = ORIENTED_EDGE('',*,*,#3943,.F.);
#4161 = ADVANCED_FACE('',(#4162),#1063,.F.);
#4162 = FACE_BOUND('',#4163,.F.);
#4163 = EDGE_LOOP('',(#4164,#4165,#4166,#4167));
#4164 = ORIENTED_EDGE('',*,*,#1982,.F.);
#4165 = ORIENTED_EDGE('',*,*,#1047,.F.);
#4166 = ORIENTED_EDGE('',*,*,#4142,.F.);
#4167 = ORIENTED_EDGE('',*,*,#3921,.T.);
#4168 = ADVANCED_FACE('',(#4169),#1113,.F.);
#4169 = FACE_BOUND('',#4170,.F.);
#4170 = EDGE_LOOP('',(#4171,#4172,#4173,#4192));
#4171 = ORIENTED_EDGE('',*,*,#1962,.T.);
#4172 = ORIENTED_EDGE('',*,*,#1634,.F.);
#4173 = ORIENTED_EDGE('',*,*,#4174,.T.);
#4174 = EDGE_CURVE('',#1613,#1098,#4175,.T.);
#4175 = SURFACE_CURVE('',#4176,(#4180,#4186),.PCURVE_S1.);
#4176 = LINE('',#4177,#4178);
#4177 = CARTESIAN_POINT('',(4.292640436144E-17,-5.848184163407,
    6.236835645966));
#4178 = VECTOR('',#4179,1.);
#4179 = DIRECTION('',(-1.,0.,0.));
#4180 = PCURVE('',#1113,#4181);
#4181 = DEFINITIONAL_REPRESENTATION('',(#4182),#4185);
#4182 = B_SPLINE_CURVE_WITH_KNOTS('',1,(#4183,#4184),.UNSPECIFIED.,.F.,
  .F.,(2,2),(-4.5,4.5),.PIECEWISE_BEZIER_KNOTS.);
#4183 = CARTESIAN_POINT('',(-8.500857038161E-02,4.5));
#4184 = CARTESIAN_POINT('',(-8.500857038161E-02,-4.5));
#4185 = ( GEOMETRIC_REPRESENTATION_CONTEXT(2) 
PARAMETRIC_REPRESENTATION_CONTEXT() REPRESENTATION_CONTEXT('2D SPACE',''
  ) );
#4186 = PCURVE('',#1140,#4187);
#4187 = DEFINITIONAL_REPRESENTATION('',(#4188),#4191);
#4188 = B_SPLINE_CURVE_WITH_KNOTS('',1,(#4189,#4190),.UNSPECIFIED.,.F.,
  .F.,(2,2),(-4.5,4.5),.PIECEWISE_BEZIER_KNOTS.);
#4189 = CARTESIAN_POINT('',(1.20410192135,4.5));
#4190 = CARTESIAN_POINT('',(1.20410192135,-4.5));
#4191 = ( GEOMETRIC_REPRESENTATION_CONTEXT(2) 
PARAMETRIC_REPRESENTATION_CONTEXT() REPRESENTATION_CONTEXT('2D SPACE',''
  ) );
#4192 = ORIENTED_EDGE('',*,*,#1097,.F.);
#4193 = ADVANCED_FACE('',(#4194),#1140,.F.);
#4194 = FACE_BOUND('',#4195,.F.);
#4195 = EDGE_LOOP('',(#4196,#4197,#4198,#4199));
#4196 = ORIENTED_EDGE('',*,*,#1124,.F.);
#4197 = ORIENTED_EDGE('',*,*,#4174,.F.);
#4198 = ORIENTED_EDGE('',*,*,#1612,.F.);
#4199 = ORIENTED_EDGE('',*,*,#4200,.F.);
#4200 = EDGE_CURVE('',#1125,#1590,#4201,.T.);
#4201 = SURFACE_CURVE('',#4202,(#4206,#4212),.PCURVE_S1.);
#4202 = LINE('',#4203,#4204);
#4203 = CARTESIAN_POINT('',(0.,-5.708080755622,5.222386155728));
#4204 = VECTOR('',#4205,1.);
#4205 = DIRECTION('',(1.,0.,0.));
#4206 = PCURVE('',#1140,#4207);
#4207 = DEFINITIONAL_REPRESENTATION('',(#4208),#4211);
#4208 = B_SPLINE_CURVE_WITH_KNOTS('',1,(#4209,#4210),.UNSPECIFIED.,.F.,
  .F.,(2,2),(-4.5,4.5),.PIECEWISE_BEZIER_KNOTS.);
#4209 = CARTESIAN_POINT('',(0.18002344139,-4.5));
#4210 = CARTESIAN_POINT('',(0.18002344139,4.5));
#4211 = ( GEOMETRIC_REPRESENTATION_CONTEXT(2) 
PARAMETRIC_REPRESENTATION_CONTEXT() REPRESENTATION_CONTEXT('2D SPACE',''
  ) );
#4212 = PCURVE('',#1167,#4213);
#4213 = DEFINITIONAL_REPRESENTATION('',(#4214),#4218);
#4214 = LINE('',#4215,#4216);
#4215 = CARTESIAN_POINT('',(0.,-6.119178343949));
#4216 = VECTOR('',#4217,1.);
#4217 = DIRECTION('',(1.,0.));
#4218 = ( GEOMETRIC_REPRESENTATION_CONTEXT(2) 
PARAMETRIC_REPRESENTATION_CONTEXT() REPRESENTATION_CONTEXT('2D SPACE',''
  ) );
#4219 = ADVANCED_FACE('',(#4220,#4338),#1167,.F.);
#4220 = FACE_BOUND('',#4221,.F.);
#4221 = EDGE_LOOP('',(#4222,#4245,#4268,#4291,#4314,#4335,#4336,#4337));
#4222 = ORIENTED_EDGE('',*,*,#4223,.F.);
#4223 = EDGE_CURVE('',#4224,#1567,#4226,.T.);
#4224 = VERTEX_POINT('',#4225);
#4225 = CARTESIAN_POINT('',(5.6525,-5.244880961281,5.16551237237));
#4226 = SURFACE_CURVE('',#4227,(#4231,#4238),.PCURVE_S1.);
#4227 = LINE('',#4228,#4229);
#4228 = CARTESIAN_POINT('',(5.6525,-5.244880961281,5.16551237237));
#4229 = VECTOR('',#4230,1.);
#4230 = DIRECTION('',(-1.,0.,0.));
#4231 = PCURVE('',#1167,#4232);
#4232 = DEFINITIONAL_REPRESENTATION('',(#4233),#4237);
#4233 = LINE('',#4234,#4235);
#4234 = CARTESIAN_POINT('',(5.6525,-5.6525));
#4235 = VECTOR('',#4236,1.);
#4236 = DIRECTION('',(-1.,0.));
#4237 = ( GEOMETRIC_REPRESENTATION_CONTEXT(2) 
PARAMETRIC_REPRESENTATION_CONTEXT() REPRESENTATION_CONTEXT('2D SPACE',''
  ) );
#4238 = PCURVE('',#1504,#4239);
#4239 = DEFINITIONAL_REPRESENTATION('',(#4240),#4244);
#4240 = LINE('',#4241,#4242);
#4241 = CARTESIAN_POINT('',(-1.681706380981,5.6525));
#4242 = VECTOR('',#4243,1.);
#4243 = DIRECTION('',(-0.,-1.));
#4244 = ( GEOMETRIC_REPRESENTATION_CONTEXT(2) 
PARAMETRIC_REPRESENTATION_CONTEXT() REPRESENTATION_CONTEXT('2D SPACE',''
  ) );
#4245 = ORIENTED_EDGE('',*,*,#4246,.F.);
#4246 = EDGE_CURVE('',#4247,#4224,#4249,.T.);
#4247 = VERTEX_POINT('',#4248);
#4248 = CARTESIAN_POINT('',(5.6525,5.975853283025,3.787779445175));
#4249 = SURFACE_CURVE('',#4250,(#4254,#4261),.PCURVE_S1.);
#4250 = LINE('',#4251,#4252);
#4251 = CARTESIAN_POINT('',(5.6525,5.975853283025,3.787779445175));
#4252 = VECTOR('',#4253,1.);
#4253 = DIRECTION('',(0.,-0.992546151641,0.121869343405));
#4254 = PCURVE('',#1167,#4255);
#4255 = DEFINITIONAL_REPRESENTATION('',(#4256),#4260);
#4256 = LINE('',#4257,#4258);
#4257 = CARTESIAN_POINT('',(5.6525,5.6525));
#4258 = VECTOR('',#4259,1.);
#4259 = DIRECTION('',(0.,-1.));
#4260 = ( GEOMETRIC_REPRESENTATION_CONTEXT(2) 
PARAMETRIC_REPRESENTATION_CONTEXT() REPRESENTATION_CONTEXT('2D SPACE',''
  ) );
#4261 = PCURVE('',#1480,#4262);
#4262 = DEFINITIONAL_REPRESENTATION('',(#4263),#4267);
#4263 = LINE('',#4264,#4265);
#4264 = CARTESIAN_POINT('',(1.681706380981,-5.6525));
#4265 = VECTOR('',#4266,1.);
#4266 = DIRECTION('',(0.,1.));
#4267 = ( GEOMETRIC_REPRESENTATION_CONTEXT(2) 
PARAMETRIC_REPRESENTATION_CONTEXT() REPRESENTATION_CONTEXT('2D SPACE',''
  ) );
#4268 = ORIENTED_EDGE('',*,*,#4269,.F.);
#4269 = EDGE_CURVE('',#4270,#4247,#4272,.T.);
#4270 = VERTEX_POINT('',#4271);
#4271 = CARTESIAN_POINT('',(-5.6525,5.975853283025,3.787779445175));
#4272 = SURFACE_CURVE('',#4273,(#4277,#4284),.PCURVE_S1.);
#4273 = LINE('',#4274,#4275);
#4274 = CARTESIAN_POINT('',(-5.6525,5.975853283025,3.787779445175));
#4275 = VECTOR('',#4276,1.);
#4276 = DIRECTION('',(1.,0.,0.));
#4277 = PCURVE('',#1167,#4278);
#4278 = DEFINITIONAL_REPRESENTATION('',(#4279),#4283);
#4279 = LINE('',#4280,#4281);
#4280 = CARTESIAN_POINT('',(-5.6525,5.6525));
#4281 = VECTOR('',#4282,1.);
#4282 = DIRECTION('',(1.,0.));
#4283 = ( GEOMETRIC_REPRESENTATION_CONTEXT(2) 
PARAMETRIC_REPRESENTATION_CONTEXT() REPRESENTATION_CONTEXT('2D SPACE',''
  ) );
#4284 = PCURVE('',#1340,#4285);
#4285 = DEFINITIONAL_REPRESENTATION('',(#4286),#4290);
#4286 = LINE('',#4287,#4288);
#4287 = CARTESIAN_POINT('',(1.681706380981,-5.6525));
#4288 = VECTOR('',#4289,1.);
#4289 = DIRECTION('',(0.,1.));
#4290 = ( GEOMETRIC_REPRESENTATION_CONTEXT(2) 
PARAMETRIC_REPRESENTATION_CONTEXT() REPRESENTATION_CONTEXT('2D SPACE',''
  ) );
#4291 = ORIENTED_EDGE('',*,*,#4292,.F.);
#4292 = EDGE_CURVE('',#4293,#4270,#4295,.T.);
#4293 = VERTEX_POINT('',#4294);
#4294 = CARTESIAN_POINT('',(-5.6525,-5.244880961281,5.16551237237));
#4295 = SURFACE_CURVE('',#4296,(#4300,#4307),.PCURVE_S1.);
#4296 = LINE('',#4297,#4298);
#4297 = CARTESIAN_POINT('',(-5.6525,-5.244880961281,5.16551237237));
#4298 = VECTOR('',#4299,1.);
#4299 = DIRECTION('',(0.,0.992546151641,-0.121869343405));
#4300 = PCURVE('',#1167,#4301);
#4301 = DEFINITIONAL_REPRESENTATION('',(#4302),#4306);
#4302 = LINE('',#4303,#4304);
#4303 = CARTESIAN_POINT('',(-5.6525,-5.6525));
#4304 = VECTOR('',#4305,1.);
#4305 = DIRECTION('',(0.,1.));
#4306 = ( GEOMETRIC_REPRESENTATION_CONTEXT(2) 
PARAMETRIC_REPRESENTATION_CONTEXT() REPRESENTATION_CONTEXT('2D SPACE',''
  ) );
#4307 = PCURVE('',#1314,#4308);
#4308 = DEFINITIONAL_REPRESENTATION('',(#4309),#4313);
#4309 = LINE('',#4310,#4311);
#4310 = CARTESIAN_POINT('',(-1.681706380981,5.6525));
#4311 = VECTOR('',#4312,1.);
#4312 = DIRECTION('',(0.,-1.));
#4313 = ( GEOMETRIC_REPRESENTATION_CONTEXT(2) 
PARAMETRIC_REPRESENTATION_CONTEXT() REPRESENTATION_CONTEXT('2D SPACE',''
  ) );
#4314 = ORIENTED_EDGE('',*,*,#4315,.F.);
#4315 = EDGE_CURVE('',#1152,#4293,#4316,.T.);
#4316 = SURFACE_CURVE('',#4317,(#4321,#4328),.PCURVE_S1.);
#4317 = LINE('',#4318,#4319);
#4318 = CARTESIAN_POINT('',(5.6525,-5.244880961281,5.16551237237));
#4319 = VECTOR('',#4320,1.);
#4320 = DIRECTION('',(-1.,0.,0.));
#4321 = PCURVE('',#1167,#4322);
#4322 = DEFINITIONAL_REPRESENTATION('',(#4323),#4327);
#4323 = LINE('',#4324,#4325);
#4324 = CARTESIAN_POINT('',(5.6525,-5.6525));
#4325 = VECTOR('',#4326,1.);
#4326 = DIRECTION('',(-1.,0.));
#4327 = ( GEOMETRIC_REPRESENTATION_CONTEXT(2) 
PARAMETRIC_REPRESENTATION_CONTEXT() REPRESENTATION_CONTEXT('2D SPACE',''
  ) );
#4328 = PCURVE('',#1195,#4329);
#4329 = DEFINITIONAL_REPRESENTATION('',(#4330),#4334);
#4330 = LINE('',#4331,#4332);
#4331 = CARTESIAN_POINT('',(-1.681706380981,5.6525));
#4332 = VECTOR('',#4333,1.);
#4333 = DIRECTION('',(-0.,-1.));
#4334 = ( GEOMETRIC_REPRESENTATION_CONTEXT(2) 
PARAMETRIC_REPRESENTATION_CONTEXT() REPRESENTATION_CONTEXT('2D SPACE',''
  ) );
#4335 = ORIENTED_EDGE('',*,*,#1151,.F.);
#4336 = ORIENTED_EDGE('',*,*,#4200,.T.);
#4337 = ORIENTED_EDGE('',*,*,#1589,.F.);
#4338 = FACE_BOUND('',#4339,.F.);
#4339 = EDGE_LOOP('',(#4340));
#4340 = ORIENTED_EDGE('',*,*,#4341,.F.);
#4341 = EDGE_CURVE('',#4342,#4342,#4344,.T.);
#4342 = VERTEX_POINT('',#4343);
#4343 = CARTESIAN_POINT('',(3.197018828472,-7.830437750205E-16,
    4.521521966551));
#4344 = SURFACE_CURVE('',#4345,(#4350,#4357),.PCURVE_S1.);
#4345 = ELLIPSE('',#4346,3.257104484603,3.214872821593);
#4346 = AXIS2_PLACEMENT_3D('',#4347,#4348,#4349);
#4347 = CARTESIAN_POINT('',(0.,-0.340235301378,4.563297608634));
#4348 = DIRECTION('',(0.,0.121869343405,0.992546151641));
#4349 = DIRECTION('',(0.,-0.992546151641,0.121869343405));
#4350 = PCURVE('',#1167,#4351);
#4351 = DEFINITIONAL_REPRESENTATION('',(#4352),#4356);
#4352 = ELLIPSE('',#4353,3.257104484603,3.214872821593);
#4353 = AXIS2_PLACEMENT_2D('',#4354,#4355);
#4354 = CARTESIAN_POINT('',(0.,-0.711021307254));
#4355 = DIRECTION('',(0.,-1.));
#4356 = ( GEOMETRIC_REPRESENTATION_CONTEXT(2) 
PARAMETRIC_REPRESENTATION_CONTEXT() REPRESENTATION_CONTEXT('2D SPACE',''
  ) );
#4357 = PCURVE('',#4358,#4363);
#4358 = CONICAL_SURFACE('',#4359,2.75,0.708626272128);
#4359 = AXIS2_PLACEMENT_3D('',#4360,#4361,#4362);
#4360 = CARTESIAN_POINT('',(0.,0.,4.));
#4361 = DIRECTION('',(0.,0.,1.));
#4362 = DIRECTION('',(1.,0.,-0.));
#4363 = DEFINITIONAL_REPRESENTATION('',(#4364),#4395);
#4364 = B_SPLINE_CURVE_WITH_KNOTS('',8,(#4365,#4366,#4367,#4368,#4369,
    #4370,#4371,#4372,#4373,#4374,#4375,#4376,#4377,#4378,#4379,#4380,
    #4381,#4382,#4383,#4384,#4385,#4386,#4387,#4388,#4389,#4390,#4391,
    #4392,#4393,#4394),.UNSPECIFIED.,.F.,.F.,(9,7,7,7,9),(1.67623549613,
    3.247031822925,4.425129068021,6.192274935665,7.95942080331),
  .UNSPECIFIED.);
#4365 = CARTESIAN_POINT('',(0.,0.521521966551));
#4366 = CARTESIAN_POINT('',(0.197446069691,0.444015587372));
#4367 = CARTESIAN_POINT('',(0.399581095949,0.368349856999));
#4368 = CARTESIAN_POINT('',(0.606535993954,0.29907824602));
#4369 = CARTESIAN_POINT('',(0.818050425016,0.240602004707));
#4370 = CARTESIAN_POINT('',(1.033384025199,0.196611948079));
#4371 = CARTESIAN_POINT('',(1.251185040806,0.169548010062));
#4372 = CARTESIAN_POINT('',(1.469874006698,0.160358232735));
#4373 = CARTESIAN_POINT('',(1.851520320579,0.174712831983));
#4374 = CARTESIAN_POINT('',(2.014742360202,0.190647568924));
#4375 = CARTESIAN_POINT('',(2.176994458814,0.216163923529));
#4376 = CARTESIAN_POINT('',(2.337670505436,0.250602472394));
#4377 = CARTESIAN_POINT('',(2.496272562485,0.292869955696));
#4378 = CARTESIAN_POINT('',(2.652457585568,0.341503536473));
#4379 = CARTESIAN_POINT('',(2.806045853376,0.39477488036));
#4380 = CARTESIAN_POINT('',(3.183408989145,0.534922818961));
#4381 = CARTESIAN_POINT('',(3.403880496873,0.625283102332));
#4382 = CARTESIAN_POINT('',(3.618251878674,0.715662135043));
#4383 = CARTESIAN_POINT('',(3.827066113296,0.79915734991));
#4384 = CARTESIAN_POINT('',(4.031392453941,0.869179941444));
#4385 = CARTESIAN_POINT('',(4.232492175531,0.920635413786));
#4386 = CARTESIAN_POINT('',(4.431753865185,0.950639430465));
#4387 = CARTESIAN_POINT('',(4.829408896671,0.966559817408));
#4388 = CARTESIAN_POINT('',(5.027802407211,0.952476196484));
#4389 = CARTESIAN_POINT('',(5.227165847774,0.915757327044));
#4390 = CARTESIAN_POINT('',(5.428926312951,0.858104185484));
#4391 = CARTESIAN_POINT('',(5.634424151908,0.783611298639));
#4392 = CARTESIAN_POINT('',(5.844866156111,0.698240965712));
#4393 = CARTESIAN_POINT('',(6.061058478778,0.608716643127));
#4394 = CARTESIAN_POINT('',(6.28318530718,0.521521966551));
#4395 = ( GEOMETRIC_REPRESENTATION_CONTEXT(2) 
PARAMETRIC_REPRESENTATION_CONTEXT() REPRESENTATION_CONTEXT('2D SPACE',''
  ) );
#4396 = ADVANCED_FACE('',(#4397),#1195,.F.);
#4397 = FACE_BOUND('',#4398,.F.);
#4398 = EDGE_LOOP('',(#4399,#4400,#4401,#4421,#4422));
#4399 = ORIENTED_EDGE('',*,*,#1179,.T.);
#4400 = ORIENTED_EDGE('',*,*,#4315,.T.);
#4401 = ORIENTED_EDGE('',*,*,#4402,.T.);
#4402 = EDGE_CURVE('',#4293,#1279,#4403,.T.);
#4403 = SURFACE_CURVE('',#4404,(#4408,#4415),.PCURVE_S1.);
#4404 = LINE('',#4405,#4406);
#4405 = CARTESIAN_POINT('',(-5.6525,-5.244880961281,5.16551237237));
#4406 = VECTOR('',#4407,1.);
#4407 = DIRECTION('',(-0.300894196363,-0.408936423705,-0.861529850883));
#4408 = PCURVE('',#1195,#4409);
#4409 = DEFINITIONAL_REPRESENTATION('',(#4410),#4414);
#4410 = LINE('',#4411,#4412);
#4411 = CARTESIAN_POINT('',(-1.681706380981,-5.6525));
#4412 = VECTOR('',#4413,1.);
#4413 = DIRECTION('',(0.953657528988,-0.300894196363));
#4414 = ( GEOMETRIC_REPRESENTATION_CONTEXT(2) 
PARAMETRIC_REPRESENTATION_CONTEXT() REPRESENTATION_CONTEXT('2D SPACE',''
  ) );
#4415 = PCURVE('',#1314,#4416);
#4416 = DEFINITIONAL_REPRESENTATION('',(#4417),#4420);
#4417 = B_SPLINE_CURVE_WITH_KNOTS('',1,(#4418,#4419),.UNSPECIFIED.,.F.,
  .F.,(2,2),(0.,3.315118776153),.PIECEWISE_BEZIER_KNOTS.);
#4418 = CARTESIAN_POINT('',(-1.681706380981,5.6525));
#4419 = CARTESIAN_POINT('',(1.479781599385,6.65));
#4420 = ( GEOMETRIC_REPRESENTATION_CONTEXT(2) 
PARAMETRIC_REPRESENTATION_CONTEXT() REPRESENTATION_CONTEXT('2D SPACE',''
  ) );
#4421 = ORIENTED_EDGE('',*,*,#1278,.F.);
#4422 = ORIENTED_EDGE('',*,*,#1232,.F.);
#4423 = ADVANCED_FACE('',(#4424),#1340,.F.);
#4424 = FACE_BOUND('',#4425,.F.);
#4425 = EDGE_LOOP('',(#4426,#4446,#4447,#4467,#4468,#4469));
#4426 = ORIENTED_EDGE('',*,*,#4427,.F.);
#4427 = EDGE_CURVE('',#4270,#1300,#4428,.T.);
#4428 = SURFACE_CURVE('',#4429,(#4433,#4439),.PCURVE_S1.);
#4429 = LINE('',#4430,#4431);
#4430 = CARTESIAN_POINT('',(-5.6525,5.975853283025,3.787779445175));
#4431 = VECTOR('',#4432,1.);
#4432 = DIRECTION('',(-0.300894196363,0.188366329598,-0.934869407173));
#4433 = PCURVE('',#1340,#4434);
#4434 = DEFINITIONAL_REPRESENTATION('',(#4435),#4438);
#4435 = B_SPLINE_CURVE_WITH_KNOTS('',1,(#4436,#4437),.UNSPECIFIED.,.F.,
  .F.,(2,2),(0.,3.315118776153),.PIECEWISE_BEZIER_KNOTS.);
#4436 = CARTESIAN_POINT('',(1.681706380981,-5.6525));
#4437 = CARTESIAN_POINT('',(-1.479781599385,-6.65));
#4438 = ( GEOMETRIC_REPRESENTATION_CONTEXT(2) 
PARAMETRIC_REPRESENTATION_CONTEXT() REPRESENTATION_CONTEXT('2D SPACE',''
  ) );
#4439 = PCURVE('',#1314,#4440);
#4440 = DEFINITIONAL_REPRESENTATION('',(#4441),#4445);
#4441 = LINE('',#4442,#4443);
#4442 = CARTESIAN_POINT('',(-1.681706380981,-5.6525));
#4443 = VECTOR('',#4444,1.);
#4444 = DIRECTION('',(0.953657528988,-0.300894196363));
#4445 = ( GEOMETRIC_REPRESENTATION_CONTEXT(2) 
PARAMETRIC_REPRESENTATION_CONTEXT() REPRESENTATION_CONTEXT('2D SPACE',''
  ) );
#4446 = ORIENTED_EDGE('',*,*,#4269,.T.);
#4447 = ORIENTED_EDGE('',*,*,#4448,.F.);
#4448 = EDGE_CURVE('',#1445,#4247,#4449,.T.);
#4449 = SURFACE_CURVE('',#4450,(#4454,#4460),.PCURVE_S1.);
#4450 = LINE('',#4451,#4452);
#4451 = CARTESIAN_POINT('',(6.65,6.600310039071,0.688576320204));
#4452 = VECTOR('',#4453,1.);
#4453 = DIRECTION('',(-0.300894196363,-0.188366329598,0.934869407173));
#4454 = PCURVE('',#1340,#4455);
#4455 = DEFINITIONAL_REPRESENTATION('',(#4456),#4459);
#4456 = B_SPLINE_CURVE_WITH_KNOTS('',1,(#4457,#4458),.UNSPECIFIED.,.F.,
  .F.,(2,2),(0.,3.315118776153),.PIECEWISE_BEZIER_KNOTS.);
#4457 = CARTESIAN_POINT('',(-1.479781599385,6.65));
#4458 = CARTESIAN_POINT('',(1.681706380981,5.6525));
#4459 = ( GEOMETRIC_REPRESENTATION_CONTEXT(2) 
PARAMETRIC_REPRESENTATION_CONTEXT() REPRESENTATION_CONTEXT('2D SPACE',''
  ) );
#4460 = PCURVE('',#1480,#4461);
#4461 = DEFINITIONAL_REPRESENTATION('',(#4462),#4466);
#4462 = LINE('',#4463,#4464);
#4463 = CARTESIAN_POINT('',(-1.479781599385,-6.65));
#4464 = VECTOR('',#4465,1.);
#4465 = DIRECTION('',(0.953657528988,0.300894196363));
#4466 = ( GEOMETRIC_REPRESENTATION_CONTEXT(2) 
PARAMETRIC_REPRESENTATION_CONTEXT() REPRESENTATION_CONTEXT('2D SPACE',''
  ) );
#4467 = ORIENTED_EDGE('',*,*,#1444,.F.);
#4468 = ORIENTED_EDGE('',*,*,#1375,.F.);
#4469 = ORIENTED_EDGE('',*,*,#1325,.F.);
#4470 = ADVANCED_FACE('',(#4471),#1314,.F.);
#4471 = FACE_BOUND('',#4472,.F.);
#4472 = EDGE_LOOP('',(#4473,#4474,#4475,#4476));
#4473 = ORIENTED_EDGE('',*,*,#4402,.F.);
#4474 = ORIENTED_EDGE('',*,*,#4292,.T.);
#4475 = ORIENTED_EDGE('',*,*,#4427,.T.);
#4476 = ORIENTED_EDGE('',*,*,#1299,.F.);
#4477 = ADVANCED_FACE('',(#4478),#1504,.F.);
#4478 = FACE_BOUND('',#4479,.F.);
#4479 = EDGE_LOOP('',(#4480,#4481,#4501,#4502,#4503));
#4480 = ORIENTED_EDGE('',*,*,#1491,.F.);
#4481 = ORIENTED_EDGE('',*,*,#4482,.T.);
#4482 = EDGE_CURVE('',#1466,#4224,#4483,.T.);
#4483 = SURFACE_CURVE('',#4484,(#4488,#4495),.PCURVE_S1.);
#4484 = LINE('',#4485,#4486);
#4485 = CARTESIAN_POINT('',(6.65,-6.600553777758,2.309438587493));
#4486 = VECTOR('',#4487,1.);
#4487 = DIRECTION('',(-0.300894196363,0.408936423705,0.861529850883));
#4488 = PCURVE('',#1504,#4489);
#4489 = DEFINITIONAL_REPRESENTATION('',(#4490),#4494);
#4490 = LINE('',#4491,#4492);
#4491 = CARTESIAN_POINT('',(1.479781599385,6.65));
#4492 = VECTOR('',#4493,1.);
#4493 = DIRECTION('',(-0.953657528988,-0.300894196363));
#4494 = ( GEOMETRIC_REPRESENTATION_CONTEXT(2) 
PARAMETRIC_REPRESENTATION_CONTEXT() REPRESENTATION_CONTEXT('2D SPACE',''
  ) );
#4495 = PCURVE('',#1480,#4496);
#4496 = DEFINITIONAL_REPRESENTATION('',(#4497),#4500);
#4497 = B_SPLINE_CURVE_WITH_KNOTS('',1,(#4498,#4499),.UNSPECIFIED.,.F.,
  .F.,(2,2),(0.,3.315118776153),.PIECEWISE_BEZIER_KNOTS.);
#4498 = CARTESIAN_POINT('',(-1.479781599385,6.65));
#4499 = CARTESIAN_POINT('',(1.681706380981,5.6525));
#4500 = ( GEOMETRIC_REPRESENTATION_CONTEXT(2) 
PARAMETRIC_REPRESENTATION_CONTEXT() REPRESENTATION_CONTEXT('2D SPACE',''
  ) );
#4501 = ORIENTED_EDGE('',*,*,#4223,.T.);
#4502 = ORIENTED_EDGE('',*,*,#1566,.T.);
#4503 = ORIENTED_EDGE('',*,*,#1520,.F.);
#4504 = ADVANCED_FACE('',(#4505),#1480,.F.);
#4505 = FACE_BOUND('',#4506,.F.);
#4506 = EDGE_LOOP('',(#4507,#4508,#4509,#4510));
#4507 = ORIENTED_EDGE('',*,*,#1465,.F.);
#4508 = ORIENTED_EDGE('',*,*,#4448,.T.);
#4509 = ORIENTED_EDGE('',*,*,#4246,.T.);
#4510 = ORIENTED_EDGE('',*,*,#4482,.F.);
#4511 = ADVANCED_FACE('',(#4512),#1695,.F.);
#4512 = FACE_BOUND('',#4513,.F.);
#4513 = EDGE_LOOP('',(#4514,#4515,#4537,#4556));
#4514 = ORIENTED_EDGE('',*,*,#2075,.F.);
#4515 = ORIENTED_EDGE('',*,*,#4516,.T.);
#4516 = EDGE_CURVE('',#2049,#4517,#4519,.T.);
#4517 = VERTEX_POINT('',#4518);
#4518 = CARTESIAN_POINT('',(6.1,-3.981367853233,7.681281017495));
#4519 = SURFACE_CURVE('',#4520,(#4524,#4531),.PCURVE_S1.);
#4520 = LINE('',#4521,#4522);
#4521 = CARTESIAN_POINT('',(6.1,-4.115302261636,6.590472796841));
#4522 = VECTOR('',#4523,1.);
#4523 = DIRECTION('',(0.,0.121869343405,0.992546151641));
#4524 = PCURVE('',#1695,#4525);
#4525 = DEFINITIONAL_REPRESENTATION('',(#4526),#4530);
#4526 = LINE('',#4527,#4528);
#4527 = CARTESIAN_POINT('',(0.55,6.1));
#4528 = VECTOR('',#4529,1.);
#4529 = DIRECTION('',(-1.,0.));
#4530 = ( GEOMETRIC_REPRESENTATION_CONTEXT(2) 
PARAMETRIC_REPRESENTATION_CONTEXT() REPRESENTATION_CONTEXT('2D SPACE',''
  ) );
#4531 = PCURVE('',#2064,#4532);
#4532 = DEFINITIONAL_REPRESENTATION('',(#4533),#4536);
#4533 = B_SPLINE_CURVE_WITH_KNOTS('',1,(#4534,#4535),.UNSPECIFIED.,.F.,
  .F.,(2,2),(0.,1.1),.PIECEWISE_BEZIER_KNOTS.);
#4534 = CARTESIAN_POINT('',(-0.55,6.05));
#4535 = CARTESIAN_POINT('',(0.55,6.05));
#4536 = ( GEOMETRIC_REPRESENTATION_CONTEXT(2) 
PARAMETRIC_REPRESENTATION_CONTEXT() REPRESENTATION_CONTEXT('2D SPACE',''
  ) );
#4537 = ORIENTED_EDGE('',*,*,#4538,.F.);
#4538 = EDGE_CURVE('',#1680,#4517,#4539,.T.);
#4539 = SURFACE_CURVE('',#4540,(#4544,#4550),.PCURVE_S1.);
#4540 = LINE('',#4541,#4542);
#4541 = CARTESIAN_POINT('',(-3.339016615414E-17,-3.981367853233,
    7.681281017495));
#4542 = VECTOR('',#4543,1.);
#4543 = DIRECTION('',(1.,0.,0.));
#4544 = PCURVE('',#1695,#4545);
#4545 = DEFINITIONAL_REPRESENTATION('',(#4546),#4549);
#4546 = B_SPLINE_CURVE_WITH_KNOTS('',1,(#4547,#4548),.UNSPECIFIED.,.F.,
  .F.,(2,2),(-6.1,6.1),.PIECEWISE_BEZIER_KNOTS.);
#4547 = CARTESIAN_POINT('',(-0.549,-6.1));
#4548 = CARTESIAN_POINT('',(-0.549,6.1));
#4549 = ( GEOMETRIC_REPRESENTATION_CONTEXT(2) 
PARAMETRIC_REPRESENTATION_CONTEXT() REPRESENTATION_CONTEXT('2D SPACE',''
  ) );
#4550 = PCURVE('',#1722,#4551);
#4551 = DEFINITIONAL_REPRESENTATION('',(#4552),#4555);
#4552 = B_SPLINE_CURVE_WITH_KNOTS('',1,(#4553,#4554),.UNSPECIFIED.,.F.,
  .F.,(2,2),(-6.1,6.1),.PIECEWISE_BEZIER_KNOTS.);
#4553 = CARTESIAN_POINT('',(-6.1,-4.705));
#4554 = CARTESIAN_POINT('',(6.1,-4.705));
#4555 = ( GEOMETRIC_REPRESENTATION_CONTEXT(2) 
PARAMETRIC_REPRESENTATION_CONTEXT() REPRESENTATION_CONTEXT('2D SPACE',''
  ) );
#4556 = ORIENTED_EDGE('',*,*,#1679,.F.);
#4557 = ADVANCED_FACE('',(#4558),#1722,.T.);
#4558 = FACE_BOUND('',#4559,.T.);
#4559 = EDGE_LOOP('',(#4560,#4561,#4562,#4582,#4604,#4623));
#4560 = ORIENTED_EDGE('',*,*,#1706,.F.);
#4561 = ORIENTED_EDGE('',*,*,#1786,.T.);
#4562 = ORIENTED_EDGE('',*,*,#4563,.T.);
#4563 = EDGE_CURVE('',#1760,#4014,#4564,.T.);
#4564 = SURFACE_CURVE('',#4565,(#4569,#4576),.PCURVE_S1.);
#4565 = LINE('',#4566,#4567);
#4566 = CARTESIAN_POINT('',(6.5875,-5.839290180837,7.909405194681));
#4567 = VECTOR('',#4568,1.);
#4568 = DIRECTION('',(0.,0.992546151641,-0.121869343405));
#4569 = PCURVE('',#1722,#4570);
#4570 = DEFINITIONAL_REPRESENTATION('',(#4571),#4575);
#4571 = LINE('',#4572,#4573);
#4572 = CARTESIAN_POINT('',(6.5875,-6.576875));
#4573 = VECTOR('',#4574,1.);
#4574 = DIRECTION('',(0.,1.));
#4575 = ( GEOMETRIC_REPRESENTATION_CONTEXT(2) 
PARAMETRIC_REPRESENTATION_CONTEXT() REPRESENTATION_CONTEXT('2D SPACE',''
  ) );
#4576 = PCURVE('',#1892,#4577);
#4577 = DEFINITIONAL_REPRESENTATION('',(#4578),#4581);
#4578 = B_SPLINE_CURVE_WITH_KNOTS('',1,(#4579,#4580),.UNSPECIFIED.,.F.,
  .F.,(2,2),(0.,13.15375),.PIECEWISE_BEZIER_KNOTS.);
#4579 = CARTESIAN_POINT('',(1.86072358458,6.576875));
#4580 = CARTESIAN_POINT('',(1.86072358458,-6.576875));
#4581 = ( GEOMETRIC_REPRESENTATION_CONTEXT(2) 
PARAMETRIC_REPRESENTATION_CONTEXT() REPRESENTATION_CONTEXT('2D SPACE',''
  ) );
#4582 = ORIENTED_EDGE('',*,*,#4583,.T.);
#4583 = EDGE_CURVE('',#4014,#4584,#4586,.T.);
#4584 = VERTEX_POINT('',#4585);
#4585 = CARTESIAN_POINT('',(6.1,7.216413761315,6.306366318866));
#4586 = SURFACE_CURVE('',#4587,(#4591,#4598),.PCURVE_S1.);
#4587 = LINE('',#4588,#4589);
#4588 = CARTESIAN_POINT('',(6.5875,7.216413761315,6.306366318866));
#4589 = VECTOR('',#4590,1.);
#4590 = DIRECTION('',(-1.,0.,0.));
#4591 = PCURVE('',#1722,#4592);
#4592 = DEFINITIONAL_REPRESENTATION('',(#4593),#4597);
#4593 = LINE('',#4594,#4595);
#4594 = CARTESIAN_POINT('',(6.5875,6.576875));
#4595 = VECTOR('',#4596,1.);
#4596 = DIRECTION('',(-1.,0.));
#4597 = ( GEOMETRIC_REPRESENTATION_CONTEXT(2) 
PARAMETRIC_REPRESENTATION_CONTEXT() REPRESENTATION_CONTEXT('2D SPACE',''
  ) );
#4598 = PCURVE('',#4073,#4599);
#4599 = DEFINITIONAL_REPRESENTATION('',(#4600),#4603);
#4600 = B_SPLINE_CURVE_WITH_KNOTS('',1,(#4601,#4602),.UNSPECIFIED.,.F.,
  .F.,(2,2),(0.,13.175),.PIECEWISE_BEZIER_KNOTS.);
#4601 = CARTESIAN_POINT('',(1.859695565013,6.5875));
#4602 = CARTESIAN_POINT('',(1.859695565013,-6.5875));
#4603 = ( GEOMETRIC_REPRESENTATION_CONTEXT(2) 
PARAMETRIC_REPRESENTATION_CONTEXT() REPRESENTATION_CONTEXT('2D SPACE',''
  ) );
#4604 = ORIENTED_EDGE('',*,*,#4605,.F.);
#4605 = EDGE_CURVE('',#4517,#4584,#4606,.T.);
#4606 = SURFACE_CURVE('',#4607,(#4611,#4617),.PCURVE_S1.);
#4607 = LINE('',#4608,#4609);
#4608 = CARTESIAN_POINT('',(6.1,1.356049077218,7.025928623334));
#4609 = VECTOR('',#4610,1.);
#4610 = DIRECTION('',(0.,0.992546151641,-0.121869343405));
#4611 = PCURVE('',#1722,#4612);
#4612 = DEFINITIONAL_REPRESENTATION('',(#4613),#4616);
#4613 = B_SPLINE_CURVE_WITH_KNOTS('',1,(#4614,#4615),.UNSPECIFIED.,.F.,
  .F.,(2,2),(-5.3775,5.904375),.PIECEWISE_BEZIER_KNOTS.);
#4614 = CARTESIAN_POINT('',(6.1,-4.705));
#4615 = CARTESIAN_POINT('',(6.1,6.576875));
#4616 = ( GEOMETRIC_REPRESENTATION_CONTEXT(2) 
PARAMETRIC_REPRESENTATION_CONTEXT() REPRESENTATION_CONTEXT('2D SPACE',''
  ) );
#4617 = PCURVE('',#2064,#4618);
#4618 = DEFINITIONAL_REPRESENTATION('',(#4619),#4622);
#4619 = B_SPLINE_CURVE_WITH_KNOTS('',1,(#4620,#4621),.UNSPECIFIED.,.F.,
  .F.,(2,2),(-5.3775,5.904375),.PIECEWISE_BEZIER_KNOTS.);
#4620 = CARTESIAN_POINT('',(0.549,6.05));
#4621 = CARTESIAN_POINT('',(0.549,-5.231875));
#4622 = ( GEOMETRIC_REPRESENTATION_CONTEXT(2) 
PARAMETRIC_REPRESENTATION_CONTEXT() REPRESENTATION_CONTEXT('2D SPACE',''
  ) );
#4623 = ORIENTED_EDGE('',*,*,#4538,.F.);
#4624 = ADVANCED_FACE('',(#4625),#1774,.T.);
#4625 = FACE_BOUND('',#4626,.T.);
#4626 = EDGE_LOOP('',(#4627,#4628,#4648));
#4627 = ORIENTED_EDGE('',*,*,#1832,.F.);
#4628 = ORIENTED_EDGE('',*,*,#4629,.T.);
#4629 = EDGE_CURVE('',#1811,#1760,#4630,.T.);
#4630 = SURFACE_CURVE('',#4631,(#4635,#4642),.PCURVE_S1.);
#4631 = LINE('',#4632,#4633);
#4632 = CARTESIAN_POINT('',(7.95,-1.45225842444,1.9805678606));
#4633 = VECTOR('',#4634,1.);
#4634 = DIRECTION('',(-0.181660908486,-0.584919027099,0.790486588163));
#4635 = PCURVE('',#1774,#4636);
#4636 = DEFINITIONAL_REPRESENTATION('',(#4637),#4641);
#4637 = LINE('',#4638,#4639);
#4638 = CARTESIAN_POINT('',(-1.802851429823,-3.660984190904));
#4639 = VECTOR('',#4640,1.);
#4640 = DIRECTION('',(0.735544812726,0.677476072251));
#4641 = ( GEOMETRIC_REPRESENTATION_CONTEXT(2) 
PARAMETRIC_REPRESENTATION_CONTEXT() REPRESENTATION_CONTEXT('2D SPACE',''
  ) );
#4642 = PCURVE('',#1892,#4643);
#4643 = DEFINITIONAL_REPRESENTATION('',(#4644),#4647);
#4644 = B_SPLINE_CURVE_WITH_KNOTS('',1,(#4645,#4646),.UNSPECIFIED.,.F.,
  .F.,(2,2),(0.,7.500237730607),.PIECEWISE_BEZIER_KNOTS.);
#4645 = CARTESIAN_POINT('',(-3.660046855314,1.5));
#4646 = CARTESIAN_POINT('',(1.86072358458,6.576875));
#4647 = ( GEOMETRIC_REPRESENTATION_CONTEXT(2) 
PARAMETRIC_REPRESENTATION_CONTEXT() REPRESENTATION_CONTEXT('2D SPACE',''
  ) );
#4648 = ORIENTED_EDGE('',*,*,#1759,.T.);
#4649 = ADVANCED_FACE('',(#4650),#1892,.T.);
#4650 = FACE_BOUND('',#4651,.T.);
#4651 = EDGE_LOOP('',(#4652,#4653,#4673,#4674));
#4652 = ORIENTED_EDGE('',*,*,#1878,.F.);
#4653 = ORIENTED_EDGE('',*,*,#4654,.F.);
#4654 = EDGE_CURVE('',#4014,#1857,#4655,.T.);
#4655 = SURFACE_CURVE('',#4656,(#4660,#4666),.PCURVE_S1.);
#4656 = LINE('',#4657,#4658);
#4657 = CARTESIAN_POINT('',(6.5875,7.216413761315,6.306366318866));
#4658 = VECTOR('',#4659,1.);
#4659 = DIRECTION('',(0.181660908486,-0.758780446066,-0.625501038365));
#4660 = PCURVE('',#1892,#4661);
#4661 = DEFINITIONAL_REPRESENTATION('',(#4662),#4665);
#4662 = B_SPLINE_CURVE_WITH_KNOTS('',1,(#4663,#4664),.UNSPECIFIED.,.F.,
  .F.,(2,2),(0.,7.500237730607),.PIECEWISE_BEZIER_KNOTS.);
#4663 = CARTESIAN_POINT('',(1.86072358458,-6.576875));
#4664 = CARTESIAN_POINT('',(-3.660046855314,-1.5));
#4665 = ( GEOMETRIC_REPRESENTATION_CONTEXT(2) 
PARAMETRIC_REPRESENTATION_CONTEXT() REPRESENTATION_CONTEXT('2D SPACE',''
  ) );
#4666 = PCURVE('',#1921,#4667);
#4667 = DEFINITIONAL_REPRESENTATION('',(#4668),#4672);
#4668 = LINE('',#4669,#4670);
#4669 = CARTESIAN_POINT('',(3.713909527135,-1.420247407775));
#4670 = VECTOR('',#4671,1.);
#4671 = DIRECTION('',(-0.735544812726,0.677476072251));
#4672 = ( GEOMETRIC_REPRESENTATION_CONTEXT(2) 
PARAMETRIC_REPRESENTATION_CONTEXT() REPRESENTATION_CONTEXT('2D SPACE',''
  ) );
#4673 = ORIENTED_EDGE('',*,*,#4563,.F.);
#4674 = ORIENTED_EDGE('',*,*,#4629,.F.);
#4675 = ADVANCED_FACE('',(#4676),#1921,.T.);
#4676 = FACE_BOUND('',#4677,.T.);
#4677 = EDGE_LOOP('',(#4678,#4679,#4680));
#4678 = ORIENTED_EDGE('',*,*,#1908,.T.);
#4679 = ORIENTED_EDGE('',*,*,#4013,.T.);
#4680 = ORIENTED_EDGE('',*,*,#4654,.T.);
#4681 = ADVANCED_FACE('',(#4682),#2064,.F.);
#4682 = FACE_BOUND('',#4683,.F.);
#4683 = EDGE_LOOP('',(#4684,#4685,#4686,#4705,#4706));
#4684 = ORIENTED_EDGE('',*,*,#2048,.F.);
#4685 = ORIENTED_EDGE('',*,*,#4038,.F.);
#4686 = ORIENTED_EDGE('',*,*,#4687,.F.);
#4687 = EDGE_CURVE('',#4584,#4039,#4688,.T.);
#4688 = SURFACE_CURVE('',#4689,(#4693,#4699),.PCURVE_S1.);
#4689 = LINE('',#4690,#4691);
#4690 = CARTESIAN_POINT('',(6.1,7.286145791559,5.75968311893));
#4691 = VECTOR('',#4692,1.);
#4692 = DIRECTION('',(0.,0.126529556075,-0.991962837731));
#4693 = PCURVE('',#2064,#4694);
#4694 = DEFINITIONAL_REPRESENTATION('',(#4695),#4698);
#4695 = B_SPLINE_CURVE_WITH_KNOTS('',1,(#4696,#4697),.UNSPECIFIED.,.F.,
  .F.,(2,2),(-0.551112581179,0.582872183229),.PIECEWISE_BEZIER_KNOTS.);
#4696 = CARTESIAN_POINT('',(0.549,-5.231875));
#4697 = CARTESIAN_POINT('',(-0.55,-5.511375350467));
#4698 = ( GEOMETRIC_REPRESENTATION_CONTEXT(2) 
PARAMETRIC_REPRESENTATION_CONTEXT() REPRESENTATION_CONTEXT('2D SPACE',''
  ) );
#4699 = PCURVE('',#4073,#4700);
#4700 = DEFINITIONAL_REPRESENTATION('',(#4701),#4704);
#4701 = B_SPLINE_CURVE_WITH_KNOTS('',1,(#4702,#4703),.UNSPECIFIED.,.F.,
  .F.,(2,2),(-0.551112581179,0.582872183229),.PIECEWISE_BEZIER_KNOTS.);
#4702 = CARTESIAN_POINT('',(1.859695565013,6.1));
#4703 = CARTESIAN_POINT('',(0.725710800605,6.1));
#4704 = ( GEOMETRIC_REPRESENTATION_CONTEXT(2) 
PARAMETRIC_REPRESENTATION_CONTEXT() REPRESENTATION_CONTEXT('2D SPACE',''
  ) );
#4705 = ORIENTED_EDGE('',*,*,#4605,.F.);
#4706 = ORIENTED_EDGE('',*,*,#4516,.F.);
#4707 = ADVANCED_FACE('',(#4708),#2130,.F.);
#4708 = FACE_BOUND('',#4709,.F.);
#4709 = EDGE_LOOP('',(#4710,#4739,#4788,#4815));
#4710 = ORIENTED_EDGE('',*,*,#4711,.F.);
#4711 = EDGE_CURVE('',#4712,#2101,#4714,.T.);
#4712 = VERTEX_POINT('',#4713);
#4713 = CARTESIAN_POINT('',(-1.700746748815,-0.549581560484,
    0.285567668855));
#4714 = SURFACE_CURVE('',#4715,(#4721,#4730),.PCURVE_S1.);
#4715 = B_SPLINE_CURVE_WITH_KNOTS('',4,(#4716,#4717,#4718,#4719,#4720),
  .UNSPECIFIED.,.F.,.F.,(5,5),(0.,1.),.PIECEWISE_BEZIER_KNOTS.);
#4716 = CARTESIAN_POINT('',(-1.702041660614,-0.55,-1.000000000001E-03));
#4717 = CARTESIAN_POINT('',(-1.68927634816,-0.545875,2.824));
#4718 = CARTESIAN_POINT('',(-1.676511035705,-0.54175,5.649));
#4719 = CARTESIAN_POINT('',(-1.66374572325,-0.537625,8.474));
#4720 = CARTESIAN_POINT('',(-1.650980410796,-0.5335,11.299));
#4721 = PCURVE('',#2130,#4722);
#4722 = DEFINITIONAL_REPRESENTATION('',(#4723),#4729);
#4723 = B_SPLINE_CURVE_WITH_KNOTS('',4,(#4724,#4725,#4726,#4727,#4728),
  .UNSPECIFIED.,.F.,.F.,(5,5),(0.,1.),.PIECEWISE_BEZIER_KNOTS.);
#4724 = CARTESIAN_POINT('',(4.282689311973,0.));
#4725 = CARTESIAN_POINT('',(4.282689311973,0.25));
#4726 = CARTESIAN_POINT('',(4.282689311973,0.5));
#4727 = CARTESIAN_POINT('',(4.282689311973,0.75));
#4728 = CARTESIAN_POINT('',(4.282689311973,1.));
#4729 = ( GEOMETRIC_REPRESENTATION_CONTEXT(2) 
PARAMETRIC_REPRESENTATION_CONTEXT() REPRESENTATION_CONTEXT('2D SPACE',''
  ) );
#4730 = PCURVE('',#3907,#4731);
#4731 = DEFINITIONAL_REPRESENTATION('',(#4732),#4738);
#4732 = B_SPLINE_CURVE_WITH_KNOTS('',4,(#4733,#4734,#4735,#4736,#4737),
  .UNSPECIFIED.,.F.,.F.,(5,5),(0.,1.),.PIECEWISE_BEZIER_KNOTS.);
#4733 = CARTESIAN_POINT('',(5.627556659815,-1.702041660614));
#4734 = CARTESIAN_POINT('',(2.802553648202,-1.68927634816));
#4735 = CARTESIAN_POINT('',(-2.244936341172E-02,-1.676511035705));
#4736 = CARTESIAN_POINT('',(-2.847452375025,-1.66374572325));
#4737 = CARTESIAN_POINT('',(-5.672455386639,-1.650980410796));
#4738 = ( GEOMETRIC_REPRESENTATION_CONTEXT(2) 
PARAMETRIC_REPRESENTATION_CONTEXT() REPRESENTATION_CONTEXT('2D SPACE',''
  ) );
#4739 = ORIENTED_EDGE('',*,*,#4740,.F.);
#4740 = EDGE_CURVE('',#4741,#4712,#4743,.T.);
#4741 = VERTEX_POINT('',#4742);
#4742 = CARTESIAN_POINT('',(-1.197046938869,-0.549581560484,
    0.285567668855));
#4743 = SURFACE_CURVE('',#4744,(#4755,#4769),.PCURVE_S1.);
#4744 = B_SPLINE_CURVE_WITH_KNOTS('',5,(#4745,#4746,#4747,#4748,#4749,
    #4750,#4751,#4752,#4753,#4754),.UNSPECIFIED.,.F.,.F.,(6,4,6),(0.,
    0.503705457078,1.),.UNSPECIFIED.);
#4745 = CARTESIAN_POINT('',(-1.197046278453,-0.549581257842,
    0.285567957544));
#4746 = CARTESIAN_POINT('',(-1.244027125861,-0.571110710492,
    0.265031118767));
#4747 = CARTESIAN_POINT('',(-1.293755273688,-0.587841634495,
    0.249071572819));
#4748 = CARTESIAN_POINT('',(-1.345492102945,-0.599195040911,
    0.238241614394));
#4749 = CARTESIAN_POINT('',(-1.398264300053,-0.604786017808,
    0.232908409086));
#4750 = CARTESIAN_POINT('',(-1.502934677,-0.60445859866,0.233220732598)
  );
#4751 = CARTESIAN_POINT('',(-1.554855794647,-0.598708277214,
    0.238705935885));
#4752 = CARTESIAN_POINT('',(-1.605714137645,-0.587369379761,
    0.249522054283));
#4753 = CARTESIAN_POINT('',(-1.654580455487,-0.570809176441,
    0.265318750613));
#4754 = CARTESIAN_POINT('',(-1.700747407008,-0.549581257842,
    0.285567957544));
#4755 = PCURVE('',#2130,#4756);
#4756 = DEFINITIONAL_REPRESENTATION('',(#4757),#4768);
#4757 = B_SPLINE_CURVE_WITH_KNOTS('',5,(#4758,#4759,#4760,#4761,#4762,
    #4763,#4764,#4765,#4766,#4767),.UNSPECIFIED.,.F.,.F.,(6,4,6),(0.,
    0.503705457078,1.),.UNSPECIFIED.);
#4758 = CARTESIAN_POINT('',(5.142089849408,2.53599962428E-02));
#4759 = CARTESIAN_POINT('',(5.056723890164,2.354257688206E-02));
#4760 = CARTESIAN_POINT('',(4.97051728764,2.213022768309E-02));
#4761 = CARTESIAN_POINT('',(4.883683232372,2.117182428264E-02));
#4762 = CARTESIAN_POINT('',(4.796466862612,2.069985921113E-02));
#4763 = CARTESIAN_POINT('',(4.623347552225,2.072749846E-02));
#4764 = CARTESIAN_POINT('',(4.537411029445,2.121291468005E-02));
#4765 = CARTESIAN_POINT('',(4.45183545361,2.217009329934E-02));
#4766 = CARTESIAN_POINT('',(4.366858465084,2.356803102769E-02));
#4767 = CARTESIAN_POINT('',(4.282688111973,2.53599962428E-02));
#4768 = ( GEOMETRIC_REPRESENTATION_CONTEXT(2) 
PARAMETRIC_REPRESENTATION_CONTEXT() REPRESENTATION_CONTEXT('2D SPACE',''
  ) );
#4769 = PCURVE('',#4770,#4775);
#4770 = PLANE('',#4771);
#4771 = AXIS2_PLACEMENT_3D('',#4772,#4773,#4774);
#4772 = CARTESIAN_POINT('',(2.277398851267E-17,-0.702665480206,
    0.1395416723));
#4773 = DIRECTION('',(0.,-0.69022946265,0.723590553345));
#4774 = DIRECTION('',(0.,0.723590553345,0.69022946265));
#4775 = DEFINITIONAL_REPRESENTATION('',(#4776),#4787);
#4776 = B_SPLINE_CURVE_WITH_KNOTS('',5,(#4777,#4778,#4779,#4780,#4781,
    #4782,#4783,#4784,#4785,#4786),.UNSPECIFIED.,.F.,.F.,(6,4,6),(0.,
    0.503705457078,1.),.UNSPECIFIED.);
#4777 = CARTESIAN_POINT('',(0.211561941566,1.197046278453));
#4778 = CARTESIAN_POINT('',(0.181808301816,1.244027125861));
#4779 = CARTESIAN_POINT('',(0.158686214435,1.293755273688));
#4780 = CARTESIAN_POINT('',(0.14299584042,1.345492102945));
#4781 = CARTESIAN_POINT('',(0.135269126919,1.398264300053));
#4782 = CARTESIAN_POINT('',(0.135721619212,1.502934677));
#4783 = CARTESIAN_POINT('',(0.143668546405,1.554855794647));
#4784 = CARTESIAN_POINT('',(0.159338869078,1.605714137645));
#4785 = CARTESIAN_POINT('',(0.182225020981,1.654580455487));
#4786 = CARTESIAN_POINT('',(0.211561941566,1.700747407008));
#4787 = ( GEOMETRIC_REPRESENTATION_CONTEXT(2) 
PARAMETRIC_REPRESENTATION_CONTEXT() REPRESENTATION_CONTEXT('2D SPACE',''
  ) );
#4788 = ORIENTED_EDGE('',*,*,#4789,.T.);
#4789 = EDGE_CURVE('',#4741,#2099,#4790,.T.);
#4790 = SURFACE_CURVE('',#4791,(#4797,#4806),.PCURVE_S1.);
#4791 = B_SPLINE_CURVE_WITH_KNOTS('',4,(#4792,#4793,#4794,#4795,#4796),
  .UNSPECIFIED.,.F.,.F.,(5,5),(0.,1.),.PIECEWISE_BEZIER_KNOTS.);
#4792 = CARTESIAN_POINT('',(-1.197958344524,-0.55,-1.000000000001E-03));
#4793 = CARTESIAN_POINT('',(-1.18897365694,-0.545875,2.824));
#4794 = CARTESIAN_POINT('',(-1.179988969356,-0.54175,5.649));
#4795 = CARTESIAN_POINT('',(-1.171004281772,-0.537625,8.474));
#4796 = CARTESIAN_POINT('',(-1.162019594188,-0.5335,11.299));
#4797 = PCURVE('',#2130,#4798);
#4798 = DEFINITIONAL_REPRESENTATION('',(#4799),#4805);
#4799 = B_SPLINE_CURVE_WITH_KNOTS('',4,(#4800,#4801,#4802,#4803,#4804),
  .UNSPECIFIED.,.F.,.F.,(5,5),(0.,1.),.PIECEWISE_BEZIER_KNOTS.);
#4800 = CARTESIAN_POINT('',(5.142088649408,0.));
#4801 = CARTESIAN_POINT('',(5.142088649408,0.25));
#4802 = CARTESIAN_POINT('',(5.142088649408,0.5));
#4803 = CARTESIAN_POINT('',(5.142088649408,0.75));
#4804 = CARTESIAN_POINT('',(5.142088649408,1.));
#4805 = ( GEOMETRIC_REPRESENTATION_CONTEXT(2) 
PARAMETRIC_REPRESENTATION_CONTEXT() REPRESENTATION_CONTEXT('2D SPACE',''
  ) );
#4806 = PCURVE('',#2188,#4807);
#4807 = DEFINITIONAL_REPRESENTATION('',(#4808),#4814);
#4808 = B_SPLINE_CURVE_WITH_KNOTS('',4,(#4809,#4810,#4811,#4812,#4813),
  .UNSPECIFIED.,.F.,.F.,(5,5),(0.,1.),.PIECEWISE_BEZIER_KNOTS.);
#4809 = CARTESIAN_POINT('',(5.627556659815,-1.197958344524));
#4810 = CARTESIAN_POINT('',(2.802553648202,-1.18897365694));
#4811 = CARTESIAN_POINT('',(-2.244936341168E-02,-1.179988969356));
#4812 = CARTESIAN_POINT('',(-2.847452375025,-1.171004281772));
#4813 = CARTESIAN_POINT('',(-5.672455386639,-1.162019594188));
#4814 = ( GEOMETRIC_REPRESENTATION_CONTEXT(2) 
PARAMETRIC_REPRESENTATION_CONTEXT() REPRESENTATION_CONTEXT('2D SPACE',''
  ) );
#4815 = ORIENTED_EDGE('',*,*,#2098,.T.);
#4816 = ADVANCED_FACE('',(#4817),#2188,.F.);
#4817 = FACE_BOUND('',#4818,.F.);
#4818 = EDGE_LOOP('',(#4819,#4820,#4841,#4860));
#4819 = ORIENTED_EDGE('',*,*,#4789,.F.);
#4820 = ORIENTED_EDGE('',*,*,#4821,.F.);
#4821 = EDGE_CURVE('',#4822,#4741,#4824,.T.);
#4822 = VERTEX_POINT('',#4823);
#4823 = CARTESIAN_POINT('',(-0.849353320747,-0.549581560484,
    0.285567668855));
#4824 = SURFACE_CURVE('',#4825,(#4829,#4835),.PCURVE_S1.);
#4825 = LINE('',#4826,#4827);
#4826 = CARTESIAN_POINT('',(4.043250773045E-17,-0.549581560484,
    0.285567668855));
#4827 = VECTOR('',#4828,1.);
#4828 = DIRECTION('',(-1.,0.,0.));
#4829 = PCURVE('',#2188,#4830);
#4830 = DEFINITIONAL_REPRESENTATION('',(#4831),#4834);
#4831 = B_SPLINE_CURVE_WITH_KNOTS('',1,(#4832,#4833),.UNSPECIFIED.,.F.,
  .F.,(2,2),(0.83611580143,1.197958344524),.PIECEWISE_BEZIER_KNOTS.);
#4832 = CARTESIAN_POINT('',(5.340988685462,-0.83611580143));
#4833 = CARTESIAN_POINT('',(5.340988685462,-1.197958344524));
#4834 = ( GEOMETRIC_REPRESENTATION_CONTEXT(2) 
PARAMETRIC_REPRESENTATION_CONTEXT() REPRESENTATION_CONTEXT('2D SPACE',''
  ) );
#4835 = PCURVE('',#4770,#4836);
#4836 = DEFINITIONAL_REPRESENTATION('',(#4837),#4840);
#4837 = B_SPLINE_CURVE_WITH_KNOTS('',1,(#4838,#4839),.UNSPECIFIED.,.F.,
  .F.,(2,2),(0.83611580143,1.197958344524),.PIECEWISE_BEZIER_KNOTS.);
#4838 = CARTESIAN_POINT('',(0.211561523316,0.83611580143));
#4839 = CARTESIAN_POINT('',(0.211561523316,1.197958344524));
#4840 = ( GEOMETRIC_REPRESENTATION_CONTEXT(2) 
PARAMETRIC_REPRESENTATION_CONTEXT() REPRESENTATION_CONTEXT('2D SPACE',''
  ) );
#4841 = ORIENTED_EDGE('',*,*,#4842,.T.);
#4842 = EDGE_CURVE('',#4822,#2174,#4843,.T.);
#4843 = SURFACE_CURVE('',#4844,(#4847,#4853),.PCURVE_S1.);
#4844 = B_SPLINE_CURVE_WITH_KNOTS('',1,(#4845,#4846),.UNSPECIFIED.,.F.,
  .F.,(2,2),(0.,1.),.PIECEWISE_BEZIER_KNOTS.);
#4845 = CARTESIAN_POINT('',(-0.85,-0.55,-1.E-03));
#4846 = CARTESIAN_POINT('',(-0.8245,-0.5335,11.299));
#4847 = PCURVE('',#2188,#4848);
#4848 = DEFINITIONAL_REPRESENTATION('',(#4849),#4852);
#4849 = B_SPLINE_CURVE_WITH_KNOTS('',1,(#4850,#4851),.UNSPECIFIED.,.F.,
  .F.,(2,2),(0.,1.),.PIECEWISE_BEZIER_KNOTS.);
#4850 = CARTESIAN_POINT('',(5.627556659815,-0.85));
#4851 = CARTESIAN_POINT('',(-5.672455386639,-0.8245));
#4852 = ( GEOMETRIC_REPRESENTATION_CONTEXT(2) 
PARAMETRIC_REPRESENTATION_CONTEXT() REPRESENTATION_CONTEXT('2D SPACE',''
  ) );
#4853 = PCURVE('',#2233,#4854);
#4854 = DEFINITIONAL_REPRESENTATION('',(#4855),#4859);
#4855 = LINE('',#4856,#4857);
#4856 = CARTESIAN_POINT('',(1.570796326795,0.));
#4857 = VECTOR('',#4858,1.);
#4858 = DIRECTION('',(0.,1.));
#4859 = ( GEOMETRIC_REPRESENTATION_CONTEXT(2) 
PARAMETRIC_REPRESENTATION_CONTEXT() REPRESENTATION_CONTEXT('2D SPACE',''
  ) );
#4860 = ORIENTED_EDGE('',*,*,#2173,.T.);
#4861 = ADVANCED_FACE('',(#4862),#2233,.F.);
#4862 = FACE_BOUND('',#4863,.F.);
#4863 = EDGE_LOOP('',(#4864,#4921,#4940,#4941,#4942));
#4864 = ORIENTED_EDGE('',*,*,#4865,.T.);
#4865 = EDGE_CURVE('',#4866,#4868,#4870,.T.);
#4866 = VERTEX_POINT('',#4867);
#4867 = CARTESIAN_POINT('',(-0.637524745612,-0.637524745612,
    0.201679097985));
#4868 = VERTEX_POINT('',#4869);
#4869 = CARTESIAN_POINT('',(-0.549581560484,-0.849353320747,
    0.285567668855));
#4870 = SURFACE_CURVE('',#4871,(#4884,#4900),.PCURVE_S1.);
#4871 = B_SPLINE_CURVE_WITH_KNOTS('',6,(#4872,#4873,#4874,#4875,#4876,
    #4877,#4878,#4879,#4880,#4881,#4882,#4883),.UNSPECIFIED.,.F.,.F.,(7,
    5,7),(0.,0.579006511697,1.),.UNSPECIFIED.);
#4872 = CARTESIAN_POINT('',(-0.848958774367,-0.550000348918,
    -6.780000003981E-06));
#4873 = CARTESIAN_POINT('',(-0.804314175024,-0.550092454076,
    4.257948328355E-02));
#4874 = CARTESIAN_POINT('',(-0.759709167963,-0.558123456022,
    8.51279796858E-02));
#4875 = CARTESIAN_POINT('',(-0.7167753067,-0.574082758803,0.126082378347
    ));
#4876 = CARTESIAN_POINT('',(-0.677168299469,-0.597615396424,
    0.163863307343));
#4877 = CARTESIAN_POINT('',(-0.64255175688,-0.627901591729,
    0.196883856712));
#4878 = CARTESIAN_POINT('',(-0.593706695041,-0.689523955721,
    0.243476920469));
#4879 = CARTESIAN_POINT('',(-0.576490785355,-0.718320094152,
    0.259899091872));
#4880 = CARTESIAN_POINT('',(-0.563150755376,-0.749433724291,
    0.272624080723));
#4881 = CARTESIAN_POINT('',(-0.554103552259,-0.782183829348,
    0.281254163187));
#4882 = CARTESIAN_POINT('',(-0.549581560484,-0.815766744459,
    0.285567668855));
#4883 = CARTESIAN_POINT('',(-0.549581560484,-0.849353320747,
    0.285567668855));
#4884 = PCURVE('',#2233,#4885);
#4885 = DEFINITIONAL_REPRESENTATION('',(#4886),#4899);
#4886 = B_SPLINE_CURVE_WITH_KNOTS('',6,(#4887,#4888,#4889,#4890,#4891,
    #4892,#4893,#4894,#4895,#4896,#4897,#4898),.UNSPECIFIED.,.F.,.F.,(7,
    5,7),(0.,0.579006511697,1.),.UNSPECIFIED.);
#4887 = CARTESIAN_POINT('',(1.574259623946,8.789557522099E-05));
#4888 = CARTESIAN_POINT('',(1.722756298757,3.856591441022E-03));
#4889 = CARTESIAN_POINT('',(1.871252516812,7.621945104938E-03));
#4890 = CARTESIAN_POINT('',(2.020221015653,1.124622817229E-02));
#4891 = CARTESIAN_POINT('',(2.170012786756,1.45896732162E-02));
#4892 = CARTESIAN_POINT('',(2.320867886214,1.751184572676E-02));
#4893 = CARTESIAN_POINT('',(2.583192038464,2.163512570525E-02));
#4894 = CARTESIAN_POINT('',(2.694182309822,2.308841520988E-02));
#4895 = CARTESIAN_POINT('',(2.805650288361,2.421452041795E-02));
#4896 = CARTESIAN_POINT('',(2.91749123598,2.497824452982E-02));
#4897 = CARTESIAN_POINT('',(3.029552158987,2.535997069515E-02));
#4898 = CARTESIAN_POINT('',(3.14159265359,2.535997069515E-02));
#4899 = ( GEOMETRIC_REPRESENTATION_CONTEXT(2) 
PARAMETRIC_REPRESENTATION_CONTEXT() REPRESENTATION_CONTEXT('2D SPACE',''
  ) );
#4900 = PCURVE('',#4901,#4906);
#4901 = PLANE('',#4902);
#4902 = AXIS2_PLACEMENT_3D('',#4903,#4904,#4905);
#4903 = CARTESIAN_POINT('',(-0.702665480206,-2.277398851267E-17,
    0.1395416723));
#4904 = DIRECTION('',(-0.69022946265,0.,0.723590553345));
#4905 = DIRECTION('',(0.723590553345,0.,0.69022946265));
#4906 = DEFINITIONAL_REPRESENTATION('',(#4907),#4920);
#4907 = B_SPLINE_CURVE_WITH_KNOTS('',6,(#4908,#4909,#4910,#4911,#4912,
    #4913,#4914,#4915,#4916,#4917,#4918,#4919),.UNSPECIFIED.,.F.,.F.,(7,
    5,7),(0.,0.579006511697,1.),.UNSPECIFIED.);
#4908 = CARTESIAN_POINT('',(-0.202176898917,-0.550000348918));
#4909 = CARTESIAN_POINT('',(-0.140478194952,-0.550092454076));
#4910 = CARTESIAN_POINT('',(-7.883420740244E-02,-0.558123456022));
#4911 = CARTESIAN_POINT('',(-1.949973839297E-02,-0.574082758803));
#4912 = CARTESIAN_POINT('',(3.52370282052E-02,-0.597615396424));
#4913 = CARTESIAN_POINT('',(8.307698745945E-02,-0.627901591729));
#4914 = CARTESIAN_POINT('',(0.150580718144,-0.689523955721));
#4915 = CARTESIAN_POINT('',(0.174373054303,-0.718320094152));
#4916 = CARTESIAN_POINT('',(0.192808936194,-0.749433724291));
#4917 = CARTESIAN_POINT('',(0.205312144085,-0.782183829348));
#4918 = CARTESIAN_POINT('',(0.211561523316,-0.815766744459));
#4919 = CARTESIAN_POINT('',(0.211561523316,-0.849353320747));
#4920 = ( GEOMETRIC_REPRESENTATION_CONTEXT(2) 
PARAMETRIC_REPRESENTATION_CONTEXT() REPRESENTATION_CONTEXT('2D SPACE',''
  ) );
#4921 = ORIENTED_EDGE('',*,*,#4922,.T.);
#4922 = EDGE_CURVE('',#4868,#2200,#4923,.T.);
#4923 = SURFACE_CURVE('',#4924,(#4927,#4934),.PCURVE_S1.);
#4924 = B_SPLINE_CURVE_WITH_KNOTS('',1,(#4925,#4926),.UNSPECIFIED.,.F.,
  .F.,(2,2),(0.,1.),.PIECEWISE_BEZIER_KNOTS.);
#4925 = CARTESIAN_POINT('',(-0.55,-0.85,-1.E-03));
#4926 = CARTESIAN_POINT('',(-0.5335,-0.8245,11.299));
#4927 = PCURVE('',#2233,#4928);
#4928 = DEFINITIONAL_REPRESENTATION('',(#4929),#4933);
#4929 = LINE('',#4930,#4931);
#4930 = CARTESIAN_POINT('',(3.14159265359,0.));
#4931 = VECTOR('',#4932,1.);
#4932 = DIRECTION('',(0.,1.));
#4933 = ( GEOMETRIC_REPRESENTATION_CONTEXT(2) 
PARAMETRIC_REPRESENTATION_CONTEXT() REPRESENTATION_CONTEXT('2D SPACE',''
  ) );
#4934 = PCURVE('',#2281,#4935);
#4935 = DEFINITIONAL_REPRESENTATION('',(#4936),#4939);
#4936 = B_SPLINE_CURVE_WITH_KNOTS('',1,(#4937,#4938),.UNSPECIFIED.,.F.,
  .F.,(2,2),(0.,1.),.PIECEWISE_BEZIER_KNOTS.);
#4937 = CARTESIAN_POINT('',(5.627556659815,0.85));
#4938 = CARTESIAN_POINT('',(-5.672455386639,0.8245));
#4939 = ( GEOMETRIC_REPRESENTATION_CONTEXT(2) 
PARAMETRIC_REPRESENTATION_CONTEXT() REPRESENTATION_CONTEXT('2D SPACE',''
  ) );
#4940 = ORIENTED_EDGE('',*,*,#2199,.T.);
#4941 = ORIENTED_EDGE('',*,*,#4842,.F.);
#4942 = ORIENTED_EDGE('',*,*,#4943,.F.);
#4943 = EDGE_CURVE('',#4866,#4822,#4944,.T.);
#4944 = SURFACE_CURVE('',#4945,(#4958,#4974),.PCURVE_S1.);
#4945 = B_SPLINE_CURVE_WITH_KNOTS('',6,(#4946,#4947,#4948,#4949,#4950,
    #4951,#4952,#4953,#4954,#4955,#4956,#4957),.UNSPECIFIED.,.F.,.F.,(7,
    5,7),(0.,0.579006511697,1.),.UNSPECIFIED.);
#4946 = CARTESIAN_POINT('',(-0.550000348918,-0.848958774367,
    -6.780000000456E-06));
#4947 = CARTESIAN_POINT('',(-0.550092454076,-0.804314175024,
    4.257948328354E-02));
#4948 = CARTESIAN_POINT('',(-0.558123456022,-0.759709167963,
    8.512797968584E-02));
#4949 = CARTESIAN_POINT('',(-0.574082758803,-0.7167753067,0.126082378347
    ));
#4950 = CARTESIAN_POINT('',(-0.597615396424,-0.677168299469,
    0.163863307343));
#4951 = CARTESIAN_POINT('',(-0.627901591729,-0.64255175688,
    0.196883856712));
#4952 = CARTESIAN_POINT('',(-0.689523955721,-0.593706695041,
    0.243476920469));
#4953 = CARTESIAN_POINT('',(-0.718320094152,-0.576490785355,
    0.259899091872));
#4954 = CARTESIAN_POINT('',(-0.749433724291,-0.563150755376,
    0.272624080723));
#4955 = CARTESIAN_POINT('',(-0.782183829348,-0.554103552259,
    0.281254163187));
#4956 = CARTESIAN_POINT('',(-0.815766744459,-0.549581560484,
    0.285567668855));
#4957 = CARTESIAN_POINT('',(-0.849353320747,-0.549581560484,
    0.285567668855));
#4958 = PCURVE('',#2233,#4959);
#4959 = DEFINITIONAL_REPRESENTATION('',(#4960),#4973);
#4960 = B_SPLINE_CURVE_WITH_KNOTS('',6,(#4961,#4962,#4963,#4964,#4965,
    #4966,#4967,#4968,#4969,#4970,#4971,#4972),.UNSPECIFIED.,.F.,.F.,(7,
    5,7),(0.,0.579006511697,1.),.UNSPECIFIED.);
#4961 = CARTESIAN_POINT('',(3.138129356439,8.789557522128E-05));
#4962 = CARTESIAN_POINT('',(2.989632681628,3.856591441021E-03));
#4963 = CARTESIAN_POINT('',(2.841136463573,7.621945104942E-03));
#4964 = CARTESIAN_POINT('',(2.692167964731,1.124622817228E-02));
#4965 = CARTESIAN_POINT('',(2.542376193628,1.45896732162E-02));
#4966 = CARTESIAN_POINT('',(2.391521094171,1.751184572676E-02));
#4967 = CARTESIAN_POINT('',(2.129196941921,2.163512570525E-02));
#4968 = CARTESIAN_POINT('',(2.018206670563,2.308841520987E-02));
#4969 = CARTESIAN_POINT('',(1.906738692023,2.421452041796E-02));
#4970 = CARTESIAN_POINT('',(1.794897744405,2.497824452982E-02));
#4971 = CARTESIAN_POINT('',(1.682836821398,2.535997069514E-02));
#4972 = CARTESIAN_POINT('',(1.570796326795,2.535997069515E-02));
#4973 = ( GEOMETRIC_REPRESENTATION_CONTEXT(2) 
PARAMETRIC_REPRESENTATION_CONTEXT() REPRESENTATION_CONTEXT('2D SPACE',''
  ) );
#4974 = PCURVE('',#4770,#4975);
#4975 = DEFINITIONAL_REPRESENTATION('',(#4976),#4989);
#4976 = B_SPLINE_CURVE_WITH_KNOTS('',6,(#4977,#4978,#4979,#4980,#4981,
    #4982,#4983,#4984,#4985,#4986,#4987,#4988),.UNSPECIFIED.,.F.,.F.,(7,
    5,7),(0.,0.579006511697,1.),.UNSPECIFIED.);
#4977 = CARTESIAN_POINT('',(-0.202176898917,0.550000348918));
#4978 = CARTESIAN_POINT('',(-0.140478194952,0.550092454076));
#4979 = CARTESIAN_POINT('',(-7.883420740239E-02,0.558123456022));
#4980 = CARTESIAN_POINT('',(-1.949973839302E-02,0.574082758803));
#4981 = CARTESIAN_POINT('',(3.523702820523E-02,0.597615396424));
#4982 = CARTESIAN_POINT('',(8.307698745944E-02,0.627901591729));
#4983 = CARTESIAN_POINT('',(0.150580718144,0.689523955721));
#4984 = CARTESIAN_POINT('',(0.174373054303,0.718320094152));
#4985 = CARTESIAN_POINT('',(0.192808936194,0.749433724291));
#4986 = CARTESIAN_POINT('',(0.205312144085,0.782183829348));
#4987 = CARTESIAN_POINT('',(0.211561523316,0.815766744459));
#4988 = CARTESIAN_POINT('',(0.211561523316,0.849353320747));
#4989 = ( GEOMETRIC_REPRESENTATION_CONTEXT(2) 
PARAMETRIC_REPRESENTATION_CONTEXT() REPRESENTATION_CONTEXT('2D SPACE',''
  ) );
#4990 = ADVANCED_FACE('',(#4991),#2281,.F.);
#4991 = FACE_BOUND('',#4992,.F.);
#4992 = EDGE_LOOP('',(#4993,#4994,#5015,#5042));
#4993 = ORIENTED_EDGE('',*,*,#4922,.F.);
#4994 = ORIENTED_EDGE('',*,*,#4995,.F.);
#4995 = EDGE_CURVE('',#4996,#4868,#4998,.T.);
#4996 = VERTEX_POINT('',#4997);
#4997 = CARTESIAN_POINT('',(-0.549581560484,-1.197046925775,
    0.285567668855));
#4998 = SURFACE_CURVE('',#4999,(#5003,#5009),.PCURVE_S1.);
#4999 = LINE('',#5000,#5001);
#5000 = CARTESIAN_POINT('',(-0.549581560484,1.765851921778E-17,
    0.285567668855));
#5001 = VECTOR('',#5002,1.);
#5002 = DIRECTION('',(-0.,1.,-0.));
#5003 = PCURVE('',#2281,#5004);
#5004 = DEFINITIONAL_REPRESENTATION('',(#5005),#5008);
#5005 = B_SPLINE_CURVE_WITH_KNOTS('',1,(#5006,#5007),.UNSPECIFIED.,.F.,
  .F.,(2,2),(-1.197958336778,-0.836034057796),.PIECEWISE_BEZIER_KNOTS.);
#5006 = CARTESIAN_POINT('',(5.340988685462,1.197958336778));
#5007 = CARTESIAN_POINT('',(5.340988685462,0.836034057796));
#5008 = ( GEOMETRIC_REPRESENTATION_CONTEXT(2) 
PARAMETRIC_REPRESENTATION_CONTEXT() REPRESENTATION_CONTEXT('2D SPACE',''
  ) );
#5009 = PCURVE('',#4901,#5010);
#5010 = DEFINITIONAL_REPRESENTATION('',(#5011),#5014);
#5011 = B_SPLINE_CURVE_WITH_KNOTS('',1,(#5012,#5013),.UNSPECIFIED.,.F.,
  .F.,(2,2),(-1.197958336778,-0.836034057796),.PIECEWISE_BEZIER_KNOTS.);
#5012 = CARTESIAN_POINT('',(0.211561523316,-1.197958336778));
#5013 = CARTESIAN_POINT('',(0.211561523316,-0.836034057796));
#5014 = ( GEOMETRIC_REPRESENTATION_CONTEXT(2) 
PARAMETRIC_REPRESENTATION_CONTEXT() REPRESENTATION_CONTEXT('2D SPACE',''
  ) );
#5015 = ORIENTED_EDGE('',*,*,#5016,.T.);
#5016 = EDGE_CURVE('',#4996,#2267,#5017,.T.);
#5017 = SURFACE_CURVE('',#5018,(#5024,#5033),.PCURVE_S1.);
#5018 = B_SPLINE_CURVE_WITH_KNOTS('',4,(#5019,#5020,#5021,#5022,#5023),
  .UNSPECIFIED.,.F.,.F.,(5,5),(0.,1.),.PIECEWISE_BEZIER_KNOTS.);
#5019 = CARTESIAN_POINT('',(-0.55,-1.19795833142,-1.000000000003E-03));
#5020 = CARTESIAN_POINT('',(-0.545875,-1.188973643935,2.824));
#5021 = CARTESIAN_POINT('',(-0.54175,-1.179988956449,5.649));
#5022 = CARTESIAN_POINT('',(-0.537625,-1.171004268963,8.474));
#5023 = CARTESIAN_POINT('',(-0.5335,-1.162019581478,11.299));
#5024 = PCURVE('',#2281,#5025);
#5025 = DEFINITIONAL_REPRESENTATION('',(#5026),#5032);
#5026 = B_SPLINE_CURVE_WITH_KNOTS('',4,(#5027,#5028,#5029,#5030,#5031),
  .UNSPECIFIED.,.F.,.F.,(5,5),(0.,1.),.PIECEWISE_BEZIER_KNOTS.);
#5027 = CARTESIAN_POINT('',(5.627556659815,1.19795833142));
#5028 = CARTESIAN_POINT('',(2.802553648202,1.188973643935));
#5029 = CARTESIAN_POINT('',(-2.244936341173E-02,1.179988956449));
#5030 = CARTESIAN_POINT('',(-2.847452375025,1.171004268963));
#5031 = CARTESIAN_POINT('',(-5.672455386639,1.162019581478));
#5032 = ( GEOMETRIC_REPRESENTATION_CONTEXT(2) 
PARAMETRIC_REPRESENTATION_CONTEXT() REPRESENTATION_CONTEXT('2D SPACE',''
  ) );
#5033 = PCURVE('',#2322,#5034);
#5034 = DEFINITIONAL_REPRESENTATION('',(#5035),#5041);
#5035 = B_SPLINE_CURVE_WITH_KNOTS('',4,(#5036,#5037,#5038,#5039,#5040),
  .UNSPECIFIED.,.F.,.F.,(5,5),(0.,1.),.PIECEWISE_BEZIER_KNOTS.);
#5036 = CARTESIAN_POINT('',(2.711892976347,0.));
#5037 = CARTESIAN_POINT('',(2.711892976347,0.25));
#5038 = CARTESIAN_POINT('',(2.711892976347,0.5));
#5039 = CARTESIAN_POINT('',(2.711892976347,0.75));
#5040 = CARTESIAN_POINT('',(2.711892976347,1.));
#5041 = ( GEOMETRIC_REPRESENTATION_CONTEXT(2) 
PARAMETRIC_REPRESENTATION_CONTEXT() REPRESENTATION_CONTEXT('2D SPACE',''
  ) );
#5042 = ORIENTED_EDGE('',*,*,#2266,.T.);
#5043 = ADVANCED_FACE('',(#5044),#2322,.F.);
#5044 = FACE_BOUND('',#5045,.F.);
#5045 = EDGE_LOOP('',(#5046,#5047,#5091,#5118));
#5046 = ORIENTED_EDGE('',*,*,#5016,.F.);
#5047 = ORIENTED_EDGE('',*,*,#5048,.F.);
#5048 = EDGE_CURVE('',#5049,#4996,#5051,.T.);
#5049 = VERTEX_POINT('',#5050);
#5050 = CARTESIAN_POINT('',(-0.549581560484,-1.700746756775,
    0.285567668855));
#5051 = SURFACE_CURVE('',#5052,(#5063,#5077),.PCURVE_S1.);
#5052 = B_SPLINE_CURVE_WITH_KNOTS('',5,(#5053,#5054,#5055,#5056,#5057,
    #5058,#5059,#5060,#5061,#5062),.UNSPECIFIED.,.F.,.F.,(6,4,6),(0.,
    0.495931565334,1.),.UNSPECIFIED.);
#5053 = CARTESIAN_POINT('',(-0.549581409163,-1.700747085871,
    0.285567813199));
#5054 = CARTESIAN_POINT('',(-0.570793746061,-1.65461394672,
    0.265333469577));
#5055 = CARTESIAN_POINT('',(-0.587345189004,-1.605785425517,
    0.249545129726));
#5056 = CARTESIAN_POINT('',(-0.598683399697,-1.554967269771,
    0.238729666426));
#5057 = CARTESIAN_POINT('',(-0.604441748699,-1.503086504941,
    0.233236805693));
#5058 = CARTESIAN_POINT('',(-0.604802110393,-1.398416493455,
    0.232893058449));
#5059 = CARTESIAN_POINT('',(-0.599219586514,-1.345604126403,
    0.238218200463));
#5060 = CARTESIAN_POINT('',(-0.587865799263,-1.293827172701,
    0.249048522166));
#5061 = CARTESIAN_POINT('',(-0.571126315033,-1.244061243299,
    0.265016233673));
#5062 = CARTESIAN_POINT('',(-0.549581409163,-1.197046595567,
    0.285567813199));
#5063 = PCURVE('',#2322,#5064);
#5064 = DEFINITIONAL_REPRESENTATION('',(#5065),#5076);
#5065 = B_SPLINE_CURVE_WITH_KNOTS('',5,(#5066,#5067,#5068,#5069,#5070,
    #5071,#5072,#5073,#5074,#5075),.UNSPECIFIED.,.F.,.F.,(6,4,6),(0.,
    0.495931565334,1.),.UNSPECIFIED.);
#5066 = CARTESIAN_POINT('',(3.571292930833,2.535998346896E-02));
#5067 = CARTESIAN_POINT('',(3.48718424139,2.356933359085E-02));
#5068 = CARTESIAN_POINT('',(3.402270152231,2.217213537394E-02));
#5069 = CARTESIAN_POINT('',(3.316758161055,2.121501472797E-02));
#5070 = CARTESIAN_POINT('',(3.230885372976,2.072892085779E-02));
#5071 = CARTESIAN_POINT('',(3.05776629703,2.069850074766E-02));
#5072 = CARTESIAN_POINT('',(2.970486407004,2.116975225338E-02));
#5073 = CARTESIAN_POINT('',(2.883588990351,2.212818780231E-02));
#5074 = CARTESIAN_POINT('',(2.797319729572,2.35412596171E-02));
#5075 = CARTESIAN_POINT('',(2.711892376347,2.535998346896E-02));
#5076 = ( GEOMETRIC_REPRESENTATION_CONTEXT(2) 
PARAMETRIC_REPRESENTATION_CONTEXT() REPRESENTATION_CONTEXT('2D SPACE',''
  ) );
#5077 = PCURVE('',#4901,#5078);
#5078 = DEFINITIONAL_REPRESENTATION('',(#5079),#5090);
#5079 = B_SPLINE_CURVE_WITH_KNOTS('',5,(#5080,#5081,#5082,#5083,#5084,
    #5085,#5086,#5087,#5088,#5089),.UNSPECIFIED.,.F.,.F.,(6,4,6),(0.,
    0.495931565334,1.),.UNSPECIFIED.);
#5080 = CARTESIAN_POINT('',(0.21156173244,-1.700747085871));
#5081 = CARTESIAN_POINT('',(0.182246345721,-1.65461394672));
#5082 = CARTESIAN_POINT('',(0.159372300631,-1.605785425517));
#5083 = CARTESIAN_POINT('',(0.143702927061,-1.554967269771));
#5084 = CARTESIAN_POINT('',(0.135744905808,-1.503086504941));
#5085 = CARTESIAN_POINT('',(0.135246887014,-1.398416493455));
#5086 = CARTESIAN_POINT('',(0.142961918468,-1.345604126403));
#5087 = CARTESIAN_POINT('',(0.158652818797,-1.293827172701));
#5088 = CARTESIAN_POINT('',(0.181786736387,-1.244061243299));
#5089 = CARTESIAN_POINT('',(0.21156173244,-1.197046595567));
#5090 = ( GEOMETRIC_REPRESENTATION_CONTEXT(2) 
PARAMETRIC_REPRESENTATION_CONTEXT() REPRESENTATION_CONTEXT('2D SPACE',''
  ) );
#5091 = ORIENTED_EDGE('',*,*,#5092,.T.);
#5092 = EDGE_CURVE('',#5049,#2293,#5093,.T.);
#5093 = SURFACE_CURVE('',#5094,(#5100,#5109),.PCURVE_S1.);
#5094 = B_SPLINE_CURVE_WITH_KNOTS('',4,(#5095,#5096,#5097,#5098,#5099),
  .UNSPECIFIED.,.F.,.F.,(5,5),(0.,1.),.PIECEWISE_BEZIER_KNOTS.);
#5095 = CARTESIAN_POINT('',(-0.55,-1.70204166858,-1.000000000003E-03));
#5096 = CARTESIAN_POINT('',(-0.545875,-1.689276356065,2.824));
#5097 = CARTESIAN_POINT('',(-0.54175,-1.676511043551,5.649));
#5098 = CARTESIAN_POINT('',(-0.537625,-1.663745731037,8.474));
#5099 = CARTESIAN_POINT('',(-0.5335,-1.650980418522,11.299));
#5100 = PCURVE('',#2322,#5101);
#5101 = DEFINITIONAL_REPRESENTATION('',(#5102),#5108);
#5102 = B_SPLINE_CURVE_WITH_KNOTS('',4,(#5103,#5104,#5105,#5106,#5107),
  .UNSPECIFIED.,.F.,.F.,(5,5),(0.,1.),.PIECEWISE_BEZIER_KNOTS.);
#5103 = CARTESIAN_POINT('',(3.571292330833,0.));
#5104 = CARTESIAN_POINT('',(3.571292330833,0.25));
#5105 = CARTESIAN_POINT('',(3.571292330833,0.5));
#5106 = CARTESIAN_POINT('',(3.571292330833,0.75));
#5107 = CARTESIAN_POINT('',(3.571292330833,1.));
#5108 = ( GEOMETRIC_REPRESENTATION_CONTEXT(2) 
PARAMETRIC_REPRESENTATION_CONTEXT() REPRESENTATION_CONTEXT('2D SPACE',''
  ) );
#5109 = PCURVE('',#2380,#5110);
#5110 = DEFINITIONAL_REPRESENTATION('',(#5111),#5117);
#5111 = B_SPLINE_CURVE_WITH_KNOTS('',4,(#5112,#5113,#5114,#5115,#5116),
  .UNSPECIFIED.,.F.,.F.,(5,5),(0.,1.),.PIECEWISE_BEZIER_KNOTS.);
#5112 = CARTESIAN_POINT('',(5.627556659815,1.70204166858));
#5113 = CARTESIAN_POINT('',(2.802553648202,1.689276356065));
#5114 = CARTESIAN_POINT('',(-2.244936341168E-02,1.676511043551));
#5115 = CARTESIAN_POINT('',(-2.847452375025,1.663745731037));
#5116 = CARTESIAN_POINT('',(-5.672455386639,1.650980418522));
#5117 = ( GEOMETRIC_REPRESENTATION_CONTEXT(2) 
PARAMETRIC_REPRESENTATION_CONTEXT() REPRESENTATION_CONTEXT('2D SPACE',''
  ) );
#5118 = ORIENTED_EDGE('',*,*,#2292,.T.);
#5119 = ADVANCED_FACE('',(#5120),#2380,.F.);
#5120 = FACE_BOUND('',#5121,.F.);
#5121 = EDGE_LOOP('',(#5122,#5144,#5145,#5146));
#5122 = ORIENTED_EDGE('',*,*,#5123,.F.);
#5123 = EDGE_CURVE('',#2366,#5124,#5126,.T.);
#5124 = VERTEX_POINT('',#5125);
#5125 = CARTESIAN_POINT('',(-0.549581560484,-2.02345938178,
    0.285567668855));
#5126 = SURFACE_CURVE('',#5127,(#5131,#5137),.PCURVE_S1.);
#5127 = LINE('',#5128,#5129);
#5128 = CARTESIAN_POINT('',(-0.5335,-1.96425,11.299));
#5129 = VECTOR('',#5130,1.);
#5130 = DIRECTION('',(-1.460154333648E-03,-5.376022773886E-03,
    -0.999984483044));
#5131 = PCURVE('',#2380,#5132);
#5132 = DEFINITIONAL_REPRESENTATION('',(#5133),#5136);
#5133 = B_SPLINE_CURVE_WITH_KNOTS('',1,(#5134,#5135),.UNSPECIFIED.,.F.,
  .F.,(2,2),(0.,11.300175344325),.PIECEWISE_BEZIER_KNOTS.);
#5134 = CARTESIAN_POINT('',(-5.672455386639,1.96425));
#5135 = CARTESIAN_POINT('',(5.627556659815,2.025));
#5136 = ( GEOMETRIC_REPRESENTATION_CONTEXT(2) 
PARAMETRIC_REPRESENTATION_CONTEXT() REPRESENTATION_CONTEXT('2D SPACE',''
  ) );
#5137 = PCURVE('',#2406,#5138);
#5138 = DEFINITIONAL_REPRESENTATION('',(#5139),#5143);
#5139 = LINE('',#5140,#5141);
#5140 = CARTESIAN_POINT('',(-5.657609813693,-0.5335));
#5141 = VECTOR('',#5142,1.);
#5142 = DIRECTION('',(0.999998933974,-1.460154333648E-03));
#5143 = ( GEOMETRIC_REPRESENTATION_CONTEXT(2) 
PARAMETRIC_REPRESENTATION_CONTEXT() REPRESENTATION_CONTEXT('2D SPACE',''
  ) );
#5144 = ORIENTED_EDGE('',*,*,#2365,.T.);
#5145 = ORIENTED_EDGE('',*,*,#5092,.F.);
#5146 = ORIENTED_EDGE('',*,*,#5147,.F.);
#5147 = EDGE_CURVE('',#5124,#5049,#5148,.T.);
#5148 = SURFACE_CURVE('',#5149,(#5153,#5159),.PCURVE_S1.);
#5149 = LINE('',#5150,#5151);
#5150 = CARTESIAN_POINT('',(-0.549581560484,1.765851921778E-17,
    0.285567668855));
#5151 = VECTOR('',#5152,1.);
#5152 = DIRECTION('',(-0.,1.,-0.));
#5153 = PCURVE('',#2380,#5154);
#5154 = DEFINITIONAL_REPRESENTATION('',(#5155),#5158);
#5155 = B_SPLINE_CURVE_WITH_KNOTS('',1,(#5156,#5157),.UNSPECIFIED.,.F.,
  .F.,(2,2),(-2.024994623894,-1.673611528784),.PIECEWISE_BEZIER_KNOTS.);
#5156 = CARTESIAN_POINT('',(5.340988685462,2.024994623894));
#5157 = CARTESIAN_POINT('',(5.340988685462,1.673611528784));
#5158 = ( GEOMETRIC_REPRESENTATION_CONTEXT(2) 
PARAMETRIC_REPRESENTATION_CONTEXT() REPRESENTATION_CONTEXT('2D SPACE',''
  ) );
#5159 = PCURVE('',#4901,#5160);
#5160 = DEFINITIONAL_REPRESENTATION('',(#5161),#5164);
#5161 = B_SPLINE_CURVE_WITH_KNOTS('',1,(#5162,#5163),.UNSPECIFIED.,.F.,
  .F.,(2,2),(-2.024994623894,-1.673611528784),.PIECEWISE_BEZIER_KNOTS.);
#5162 = CARTESIAN_POINT('',(0.211561523316,-2.024994623894));
#5163 = CARTESIAN_POINT('',(0.211561523316,-1.673611528784));
#5164 = ( GEOMETRIC_REPRESENTATION_CONTEXT(2) 
PARAMETRIC_REPRESENTATION_CONTEXT() REPRESENTATION_CONTEXT('2D SPACE',''
  ) );
#5165 = ADVANCED_FACE('',(#5166),#2406,.F.);
#5166 = FACE_BOUND('',#5167,.F.);
#5167 = EDGE_LOOP('',(#5168,#5169,#5190,#5216,#5243));
#5168 = ORIENTED_EDGE('',*,*,#5123,.T.);
#5169 = ORIENTED_EDGE('',*,*,#5170,.F.);
#5170 = EDGE_CURVE('',#5171,#5124,#5173,.T.);
#5171 = VERTEX_POINT('',#5172);
#5172 = CARTESIAN_POINT('',(-0.541445182752,-2.023417656473,
    0.293328919474));
#5173 = SURFACE_CURVE('',#5174,(#5178,#5184),.PCURVE_S1.);
#5174 = LINE('',#5175,#5176);
#5175 = CARTESIAN_POINT('',(0.857974010472,-2.016241097306,
    1.628227990911));
#5176 = VECTOR('',#5177,1.);
#5177 = DIRECTION('',(-0.723585571605,-3.710721342345E-03,
    -0.690224710593));
#5178 = PCURVE('',#2406,#5179);
#5179 = DEFINITIONAL_REPRESENTATION('',(#5180),#5183);
#5180 = B_SPLINE_CURVE_WITH_KNOTS('',1,(#5181,#5182),.UNSPECIFIED.,.F.,
  .F.,(2,2),(1.925790210799,1.945827287811),.PIECEWISE_BEZIER_KNOTS.);
#5181 = CARTESIAN_POINT('',(5.342549149007,-0.5355));
#5182 = CARTESIAN_POINT('',(5.356379434549,-0.549998539823));
#5183 = ( GEOMETRIC_REPRESENTATION_CONTEXT(2) 
PARAMETRIC_REPRESENTATION_CONTEXT() REPRESENTATION_CONTEXT('2D SPACE',''
  ) );
#5184 = PCURVE('',#4901,#5185);
#5185 = DEFINITIONAL_REPRESENTATION('',(#5186),#5189);
#5186 = B_SPLINE_CURVE_WITH_KNOTS('',1,(#5187,#5188),.UNSPECIFIED.,.F.,
  .F.,(2,2),(1.925790210799,1.945827287811),.PIECEWISE_BEZIER_KNOTS.);
#5187 = CARTESIAN_POINT('',(0.231022198166,-2.023387168142));
#5188 = CARTESIAN_POINT('',(0.210985259104,-2.023461520151));
#5189 = ( GEOMETRIC_REPRESENTATION_CONTEXT(2) 
PARAMETRIC_REPRESENTATION_CONTEXT() REPRESENTATION_CONTEXT('2D SPACE',''
  ) );
#5190 = ORIENTED_EDGE('',*,*,#5191,.F.);
#5191 = EDGE_CURVE('',#5192,#5171,#5194,.T.);
#5192 = VERTEX_POINT('',#5193);
#5193 = CARTESIAN_POINT('',(-0.188001849981,-2.023417656473,
    0.293328919474));
#5194 = SURFACE_CURVE('',#5195,(#5199,#5205),.PCURVE_S1.);
#5195 = LINE('',#5196,#5197);
#5196 = CARTESIAN_POINT('',(-8.965214233704E-18,-2.023417656473,
    0.293328919474));
#5197 = VECTOR('',#5198,1.);
#5198 = DIRECTION('',(-1.,0.,0.));
#5199 = PCURVE('',#2406,#5200);
#5200 = DEFINITIONAL_REPRESENTATION('',(#5201),#5204);
#5201 = B_SPLINE_CURVE_WITH_KNOTS('',1,(#5202,#5203),.UNSPECIFIED.,.F.,
  .F.,(2,2),(0.184986652031,0.549998539823),.PIECEWISE_BEZIER_KNOTS.);
#5202 = CARTESIAN_POINT('',(5.348220311487,-0.184986652031));
#5203 = CARTESIAN_POINT('',(5.348220311487,-0.549998539823));
#5204 = ( GEOMETRIC_REPRESENTATION_CONTEXT(2) 
PARAMETRIC_REPRESENTATION_CONTEXT() REPRESENTATION_CONTEXT('2D SPACE',''
  ) );
#5205 = PCURVE('',#5206,#5211);
#5206 = PLANE('',#5207);
#5207 = AXIS2_PLACEMENT_3D('',#5208,#5209,#5210);
#5208 = CARTESIAN_POINT('',(0.,-2.19650740114,0.124402194772));
#5209 = DIRECTION('',(0.,-0.698448148582,0.715660662425));
#5210 = DIRECTION('',(0.,0.715660662425,0.698448148582));
#5211 = DEFINITIONAL_REPRESENTATION('',(#5212),#5215);
#5212 = B_SPLINE_CURVE_WITH_KNOTS('',1,(#5213,#5214),.UNSPECIFIED.,.F.,
  .F.,(2,2),(0.184986652031,0.549998539823),.PIECEWISE_BEZIER_KNOTS.);
#5213 = CARTESIAN_POINT('',(0.241860079441,0.184986652031));
#5214 = CARTESIAN_POINT('',(0.241860079441,0.549998539823));
#5215 = ( GEOMETRIC_REPRESENTATION_CONTEXT(2) 
PARAMETRIC_REPRESENTATION_CONTEXT() REPRESENTATION_CONTEXT('2D SPACE',''
  ) );
#5216 = ORIENTED_EDGE('',*,*,#5217,.T.);
#5217 = EDGE_CURVE('',#5192,#2392,#5218,.T.);
#5218 = SURFACE_CURVE('',#5219,(#5225,#5234),.PCURVE_S1.);
#5219 = B_SPLINE_CURVE_WITH_KNOTS('',4,(#5220,#5221,#5222,#5223,#5224),
  .UNSPECIFIED.,.F.,.F.,(5,5),(0.,1.),.PIECEWISE_BEZIER_KNOTS.);
#5220 = CARTESIAN_POINT('',(-0.1881488703,-2.025,-1.000000000002E-03));
#5221 = CARTESIAN_POINT('',(-0.186737753773,-2.0098125,2.824));
#5222 = CARTESIAN_POINT('',(-0.185326637246,-1.994625,5.649));
#5223 = CARTESIAN_POINT('',(-0.183915520719,-1.9794375,8.474));
#5224 = CARTESIAN_POINT('',(-0.182504404191,-1.96425,11.299));
#5225 = PCURVE('',#2406,#5226);
#5226 = DEFINITIONAL_REPRESENTATION('',(#5227),#5233);
#5227 = B_SPLINE_CURVE_WITH_KNOTS('',4,(#5228,#5229,#5230,#5231,#5232),
  .UNSPECIFIED.,.F.,.F.,(5,5),(0.,1.),.PIECEWISE_BEZIER_KNOTS.);
#5228 = CARTESIAN_POINT('',(5.642553484353,-0.1881488703));
#5229 = CARTESIAN_POINT('',(2.817512659842,-0.186737753773));
#5230 = CARTESIAN_POINT('',(-7.528164669677E-03,-0.185326637246));
#5231 = CARTESIAN_POINT('',(-2.832568989181,-0.183915520719));
#5232 = CARTESIAN_POINT('',(-5.657609813693,-0.182504404191));
#5233 = ( GEOMETRIC_REPRESENTATION_CONTEXT(2) 
PARAMETRIC_REPRESENTATION_CONTEXT() REPRESENTATION_CONTEXT('2D SPACE',''
  ) );
#5234 = PCURVE('',#2447,#5235);
#5235 = DEFINITIONAL_REPRESENTATION('',(#5236),#5242);
#5236 = B_SPLINE_CURVE_WITH_KNOTS('',4,(#5237,#5238,#5239,#5240,#5241),
  .UNSPECIFIED.,.F.,.F.,(5,5),(0.,1.),.PIECEWISE_BEZIER_KNOTS.);
#5237 = CARTESIAN_POINT('',(4.396154598948,0.));
#5238 = CARTESIAN_POINT('',(4.396154598948,0.25));
#5239 = CARTESIAN_POINT('',(4.396154598948,0.5));
#5240 = CARTESIAN_POINT('',(4.396154598948,0.75));
#5241 = CARTESIAN_POINT('',(4.396154598948,1.));
#5242 = ( GEOMETRIC_REPRESENTATION_CONTEXT(2) 
PARAMETRIC_REPRESENTATION_CONTEXT() REPRESENTATION_CONTEXT('2D SPACE',''
  ) );
#5243 = ORIENTED_EDGE('',*,*,#2391,.T.);
#5244 = ADVANCED_FACE('',(#5245),#2447,.F.);
#5245 = FACE_BOUND('',#5246,.F.);
#5246 = EDGE_LOOP('',(#5247,#5248,#5292,#5319));
#5247 = ORIENTED_EDGE('',*,*,#5217,.F.);
#5248 = ORIENTED_EDGE('',*,*,#5249,.F.);
#5249 = EDGE_CURVE('',#5250,#5192,#5252,.T.);
#5250 = VERTEX_POINT('',#5251);
#5251 = CARTESIAN_POINT('',(0.188001849272,-2.023417656473,
    0.293328919474));
#5252 = SURFACE_CURVE('',#5253,(#5264,#5278),.PCURVE_S1.);
#5253 = B_SPLINE_CURVE_WITH_KNOTS('',5,(#5254,#5255,#5256,#5257,#5258,
    #5259,#5260,#5261,#5262,#5263),.UNSPECIFIED.,.F.,.F.,(6,4,6),(0.,
    0.499004356799,1.),.UNSPECIFIED.);
#5254 = CARTESIAN_POINT('',(0.188002193947,-2.023417543077,
    0.293329030143));
#5255 = CARTESIAN_POINT('',(0.152039848101,-2.035248966412,
    0.281782167003));
#5256 = CARTESIAN_POINT('',(0.114937397602,-2.04432259351,0.272926771729
    ));
#5257 = CARTESIAN_POINT('',(7.702890338233E-02,-2.050453005257,
    0.266943803879));
#5258 = CARTESIAN_POINT('',(3.870545113472E-02,-2.053530191158,
    0.263940628062));
#5259 = CARTESIAN_POINT('',(-3.809367094516E-02,-2.053579021112,
    0.263892972527));
#5260 = CARTESIAN_POINT('',(-7.657499444718E-02,-2.050526255513,
    0.266872315382));
#5261 = CARTESIAN_POINT('',(-0.114641229241,-2.044394977587,
    0.272856128578));
#5262 = CARTESIAN_POINT('',(-0.151896343933,-2.035296177835,
    0.281736091072));
#5263 = CARTESIAN_POINT('',(-0.188002194656,-2.023417543077,
    0.293329030143));
#5264 = PCURVE('',#2447,#5265);
#5265 = DEFINITIONAL_REPRESENTATION('',(#5266),#5277);
#5266 = B_SPLINE_CURVE_WITH_KNOTS('',5,(#5267,#5268,#5269,#5270,#5271,
    #5272,#5273,#5274,#5275,#5276),.UNSPECIFIED.,.F.,.F.,(6,4,6),(0.,
    0.499004356799,1.),.UNSPECIFIED.);
#5267 = CARTESIAN_POINT('',(5.028623962107,2.604681682679E-02));
#5268 = CARTESIAN_POINT('',(4.966021788384,2.502497053124E-02));
#5269 = CARTESIAN_POINT('',(4.903045199225,2.424130723266E-02));
#5270 = CARTESIAN_POINT('',(4.83980214811,2.371184105124E-02));
#5271 = CARTESIAN_POINT('',(4.776409968623,2.344607327978E-02));
#5272 = CARTESIAN_POINT('',(4.649379895026,2.344185597582E-02));
#5273 = CARTESIAN_POINT('',(4.585733001673,2.370551463555E-02));
#5274 = CARTESIAN_POINT('',(4.522235438792,2.423505562636E-02));
#5275 = CARTESIAN_POINT('',(4.459005976477,2.502089301526E-02));
#5276 = CARTESIAN_POINT('',(4.396153998948,2.604681682679E-02));
#5277 = ( GEOMETRIC_REPRESENTATION_CONTEXT(2) 
PARAMETRIC_REPRESENTATION_CONTEXT() REPRESENTATION_CONTEXT('2D SPACE',''
  ) );
#5278 = PCURVE('',#5206,#5279);
#5279 = DEFINITIONAL_REPRESENTATION('',(#5280),#5291);
#5280 = B_SPLINE_CURVE_WITH_KNOTS('',5,(#5281,#5282,#5283,#5284,#5285,
    #5286,#5287,#5288,#5289,#5290),.UNSPECIFIED.,.F.,.F.,(6,4,6),(0.,
    0.499004356799,1.),.UNSPECIFIED.);
#5281 = CARTESIAN_POINT('',(0.241860237891,-0.188002193947));
#5282 = CARTESIAN_POINT('',(0.225328068448,-0.152039848101));
#5283 = CARTESIAN_POINT('',(0.212649396034,-0.114937397602));
#5284 = CARTESIAN_POINT('',(0.204083308684,-7.702890338233E-02));
#5285 = CARTESIAN_POINT('',(0.199783525195,-3.870545113472E-02));
#5286 = CARTESIAN_POINT('',(0.199715294597,3.809367094516E-02));
#5287 = CARTESIAN_POINT('',(0.203980955349,7.657499444718E-02));
#5288 = CARTESIAN_POINT('',(0.212548253019,0.114641229241));
#5289 = CARTESIAN_POINT('',(0.225262099441,0.151896343933));
#5290 = CARTESIAN_POINT('',(0.241860237891,0.188002194656));
#5291 = ( GEOMETRIC_REPRESENTATION_CONTEXT(2) 
PARAMETRIC_REPRESENTATION_CONTEXT() REPRESENTATION_CONTEXT('2D SPACE',''
  ) );
#5292 = ORIENTED_EDGE('',*,*,#5293,.T.);
#5293 = EDGE_CURVE('',#5250,#2418,#5294,.T.);
#5294 = SURFACE_CURVE('',#5295,(#5301,#5310),.PCURVE_S1.);
#5295 = B_SPLINE_CURVE_WITH_KNOTS('',4,(#5296,#5297,#5298,#5299,#5300),
  .UNSPECIFIED.,.F.,.F.,(5,5),(0.,1.),.PIECEWISE_BEZIER_KNOTS.);
#5296 = CARTESIAN_POINT('',(0.188148869591,-2.025,-1.000000000002E-03));
#5297 = CARTESIAN_POINT('',(0.186737753069,-2.0098125,2.824));
#5298 = CARTESIAN_POINT('',(0.185326636547,-1.994625,5.649));
#5299 = CARTESIAN_POINT('',(0.183915520025,-1.9794375,8.474));
#5300 = CARTESIAN_POINT('',(0.182504403503,-1.96425,11.299));
#5301 = PCURVE('',#2447,#5302);
#5302 = DEFINITIONAL_REPRESENTATION('',(#5303),#5309);
#5303 = B_SPLINE_CURVE_WITH_KNOTS('',4,(#5304,#5305,#5306,#5307,#5308),
  .UNSPECIFIED.,.F.,.F.,(5,5),(0.,1.),.PIECEWISE_BEZIER_KNOTS.);
#5304 = CARTESIAN_POINT('',(5.028623362107,0.));
#5305 = CARTESIAN_POINT('',(5.028623362107,0.25));
#5306 = CARTESIAN_POINT('',(5.028623362107,0.5));
#5307 = CARTESIAN_POINT('',(5.028623362107,0.75));
#5308 = CARTESIAN_POINT('',(5.028623362107,1.));
#5309 = ( GEOMETRIC_REPRESENTATION_CONTEXT(2) 
PARAMETRIC_REPRESENTATION_CONTEXT() REPRESENTATION_CONTEXT('2D SPACE',''
  ) );
#5310 = PCURVE('',#2505,#5311);
#5311 = DEFINITIONAL_REPRESENTATION('',(#5312),#5318);
#5312 = B_SPLINE_CURVE_WITH_KNOTS('',4,(#5313,#5314,#5315,#5316,#5317),
  .UNSPECIFIED.,.F.,.F.,(5,5),(0.,1.),.PIECEWISE_BEZIER_KNOTS.);
#5313 = CARTESIAN_POINT('',(5.642553484353,0.188148869591));
#5314 = CARTESIAN_POINT('',(2.817512659842,0.186737753069));
#5315 = CARTESIAN_POINT('',(-7.528164669697E-03,0.185326636547));
#5316 = CARTESIAN_POINT('',(-2.832568989181,0.183915520025));
#5317 = CARTESIAN_POINT('',(-5.657609813693,0.182504403503));
#5318 = ( GEOMETRIC_REPRESENTATION_CONTEXT(2) 
PARAMETRIC_REPRESENTATION_CONTEXT() REPRESENTATION_CONTEXT('2D SPACE',''
  ) );
#5319 = ORIENTED_EDGE('',*,*,#2417,.T.);
#5320 = ADVANCED_FACE('',(#5321),#2505,.F.);
#5321 = FACE_BOUND('',#5322,.F.);
#5322 = EDGE_LOOP('',(#5323,#5324,#5345,#5371,#5391));
#5323 = ORIENTED_EDGE('',*,*,#5293,.F.);
#5324 = ORIENTED_EDGE('',*,*,#5325,.F.);
#5325 = EDGE_CURVE('',#5326,#5250,#5328,.T.);
#5326 = VERTEX_POINT('',#5327);
#5327 = CARTESIAN_POINT('',(0.541445182752,-2.023417656473,
    0.293328919474));
#5328 = SURFACE_CURVE('',#5329,(#5333,#5339),.PCURVE_S1.);
#5329 = LINE('',#5330,#5331);
#5330 = CARTESIAN_POINT('',(-8.965214233704E-18,-2.023417656473,
    0.293328919474));
#5331 = VECTOR('',#5332,1.);
#5332 = DIRECTION('',(-1.,0.,0.));
#5333 = PCURVE('',#2505,#5334);
#5334 = DEFINITIONAL_REPRESENTATION('',(#5335),#5338);
#5335 = B_SPLINE_CURVE_WITH_KNOTS('',1,(#5336,#5337),.UNSPECIFIED.,.F.,
  .F.,(2,2),(-0.549998539823,-0.184986651333),.PIECEWISE_BEZIER_KNOTS.);
#5336 = CARTESIAN_POINT('',(5.348220311487,0.549998539823));
#5337 = CARTESIAN_POINT('',(5.348220311487,0.184986651333));
#5338 = ( GEOMETRIC_REPRESENTATION_CONTEXT(2) 
PARAMETRIC_REPRESENTATION_CONTEXT() REPRESENTATION_CONTEXT('2D SPACE',''
  ) );
#5339 = PCURVE('',#5206,#5340);
#5340 = DEFINITIONAL_REPRESENTATION('',(#5341),#5344);
#5341 = B_SPLINE_CURVE_WITH_KNOTS('',1,(#5342,#5343),.UNSPECIFIED.,.F.,
  .F.,(2,2),(-0.549998539823,-0.184986651333),.PIECEWISE_BEZIER_KNOTS.);
#5342 = CARTESIAN_POINT('',(0.241860079441,-0.549998539823));
#5343 = CARTESIAN_POINT('',(0.241860079441,-0.184986651333));
#5344 = ( GEOMETRIC_REPRESENTATION_CONTEXT(2) 
PARAMETRIC_REPRESENTATION_CONTEXT() REPRESENTATION_CONTEXT('2D SPACE',''
  ) );
#5345 = ORIENTED_EDGE('',*,*,#5346,.F.);
#5346 = EDGE_CURVE('',#5347,#5326,#5349,.T.);
#5347 = VERTEX_POINT('',#5348);
#5348 = CARTESIAN_POINT('',(0.549581560484,-2.02345938178,0.285567668855
    ));
#5349 = SURFACE_CURVE('',#5350,(#5354,#5360),.PCURVE_S1.);
#5350 = LINE('',#5351,#5352);
#5351 = CARTESIAN_POINT('',(-0.857974010472,-2.016241097306,
    1.628227990911));
#5352 = VECTOR('',#5353,1.);
#5353 = DIRECTION('',(-0.723585571605,3.710721342345E-03,0.690224710593)
  );
#5354 = PCURVE('',#2505,#5355);
#5355 = DEFINITIONAL_REPRESENTATION('',(#5356),#5359);
#5356 = B_SPLINE_CURVE_WITH_KNOTS('',1,(#5357,#5358),.UNSPECIFIED.,.F.,
  .F.,(2,2),(-1.945827287811,-1.925790210799),.PIECEWISE_BEZIER_KNOTS.);
#5357 = CARTESIAN_POINT('',(5.356379434549,0.549998539823));
#5358 = CARTESIAN_POINT('',(5.342549149007,0.5355));
#5359 = ( GEOMETRIC_REPRESENTATION_CONTEXT(2) 
PARAMETRIC_REPRESENTATION_CONTEXT() REPRESENTATION_CONTEXT('2D SPACE',''
  ) );
#5360 = PCURVE('',#5361,#5366);
#5361 = PLANE('',#5362);
#5362 = AXIS2_PLACEMENT_3D('',#5363,#5364,#5365);
#5363 = CARTESIAN_POINT('',(0.702665480206,0.,0.1395416723));
#5364 = DIRECTION('',(0.69022946265,0.,0.723590553345));
#5365 = DIRECTION('',(0.723590553345,0.,-0.69022946265));
#5366 = DEFINITIONAL_REPRESENTATION('',(#5367),#5370);
#5367 = B_SPLINE_CURVE_WITH_KNOTS('',1,(#5368,#5369),.UNSPECIFIED.,.F.,
  .F.,(2,2),(-1.945827287811,-1.925790210799),.PIECEWISE_BEZIER_KNOTS.);
#5368 = CARTESIAN_POINT('',(-0.210985259104,-2.023461520151));
#5369 = CARTESIAN_POINT('',(-0.231022198166,-2.023387168142));
#5370 = ( GEOMETRIC_REPRESENTATION_CONTEXT(2) 
PARAMETRIC_REPRESENTATION_CONTEXT() REPRESENTATION_CONTEXT('2D SPACE',''
  ) );
#5371 = ORIENTED_EDGE('',*,*,#5372,.T.);
#5372 = EDGE_CURVE('',#5347,#2491,#5373,.T.);
#5373 = SURFACE_CURVE('',#5374,(#5378,#5385),.PCURVE_S1.);
#5374 = LINE('',#5375,#5376);
#5375 = CARTESIAN_POINT('',(0.55,-2.025,-1.E-03));
#5376 = VECTOR('',#5377,1.);
#5377 = DIRECTION('',(-1.460154333648E-03,5.376022773886E-03,
    0.999984483044));
#5378 = PCURVE('',#2505,#5379);
#5379 = DEFINITIONAL_REPRESENTATION('',(#5380),#5384);
#5380 = LINE('',#5381,#5382);
#5381 = CARTESIAN_POINT('',(5.642553484353,0.55));
#5382 = VECTOR('',#5383,1.);
#5383 = DIRECTION('',(-0.999998933974,-1.460154333648E-03));
#5384 = ( GEOMETRIC_REPRESENTATION_CONTEXT(2) 
PARAMETRIC_REPRESENTATION_CONTEXT() REPRESENTATION_CONTEXT('2D SPACE',''
  ) );
#5385 = PCURVE('',#2531,#5386);
#5386 = DEFINITIONAL_REPRESENTATION('',(#5387),#5390);
#5387 = B_SPLINE_CURVE_WITH_KNOTS('',1,(#5388,#5389),.UNSPECIFIED.,.F.,
  .F.,(2,2),(0.,11.300175344325),.PIECEWISE_BEZIER_KNOTS.);
#5388 = CARTESIAN_POINT('',(-5.627556659815,2.025));
#5389 = CARTESIAN_POINT('',(5.672455386639,1.96425));
#5390 = ( GEOMETRIC_REPRESENTATION_CONTEXT(2) 
PARAMETRIC_REPRESENTATION_CONTEXT() REPRESENTATION_CONTEXT('2D SPACE',''
  ) );
#5391 = ORIENTED_EDGE('',*,*,#2490,.T.);
#5392 = ADVANCED_FACE('',(#5393),#2531,.F.);
#5393 = FACE_BOUND('',#5394,.F.);
#5394 = EDGE_LOOP('',(#5395,#5396,#5417,#5444));
#5395 = ORIENTED_EDGE('',*,*,#5372,.F.);
#5396 = ORIENTED_EDGE('',*,*,#5397,.F.);
#5397 = EDGE_CURVE('',#5398,#5347,#5400,.T.);
#5398 = VERTEX_POINT('',#5399);
#5399 = CARTESIAN_POINT('',(0.549581560484,-1.700746750359,
    0.285567668855));
#5400 = SURFACE_CURVE('',#5401,(#5405,#5411),.PCURVE_S1.);
#5401 = LINE('',#5402,#5403);
#5402 = CARTESIAN_POINT('',(0.549581560484,2.904551347411E-17,
    0.285567668855));
#5403 = VECTOR('',#5404,1.);
#5404 = DIRECTION('',(0.,-1.,0.));
#5405 = PCURVE('',#2531,#5406);
#5406 = DEFINITIONAL_REPRESENTATION('',(#5407),#5410);
#5407 = B_SPLINE_CURVE_WITH_KNOTS('',1,(#5408,#5409),.UNSPECIFIED.,.F.,
  .F.,(2,2),(1.673611522474,2.024994623894),.PIECEWISE_BEZIER_KNOTS.);
#5408 = CARTESIAN_POINT('',(-5.340988685462,1.673611522474));
#5409 = CARTESIAN_POINT('',(-5.340988685462,2.024994623894));
#5410 = ( GEOMETRIC_REPRESENTATION_CONTEXT(2) 
PARAMETRIC_REPRESENTATION_CONTEXT() REPRESENTATION_CONTEXT('2D SPACE',''
  ) );
#5411 = PCURVE('',#5361,#5412);
#5412 = DEFINITIONAL_REPRESENTATION('',(#5413),#5416);
#5413 = B_SPLINE_CURVE_WITH_KNOTS('',1,(#5414,#5415),.UNSPECIFIED.,.F.,
  .F.,(2,2),(1.673611522474,2.024994623894),.PIECEWISE_BEZIER_KNOTS.);
#5414 = CARTESIAN_POINT('',(-0.211561523316,-1.673611522474));
#5415 = CARTESIAN_POINT('',(-0.211561523316,-2.024994623894));
#5416 = ( GEOMETRIC_REPRESENTATION_CONTEXT(2) 
PARAMETRIC_REPRESENTATION_CONTEXT() REPRESENTATION_CONTEXT('2D SPACE',''
  ) );
#5417 = ORIENTED_EDGE('',*,*,#5418,.T.);
#5418 = EDGE_CURVE('',#5398,#2517,#5419,.T.);
#5419 = SURFACE_CURVE('',#5420,(#5426,#5435),.PCURVE_S1.);
#5420 = B_SPLINE_CURVE_WITH_KNOTS('',4,(#5421,#5422,#5423,#5424,#5425),
  .UNSPECIFIED.,.F.,.F.,(5,5),(0.,1.),.PIECEWISE_BEZIER_KNOTS.);
#5421 = CARTESIAN_POINT('',(0.55,-1.702041662159,-1.000000000002E-03));
#5422 = CARTESIAN_POINT('',(0.545875,-1.689276349693,2.824));
#5423 = CARTESIAN_POINT('',(0.54175,-1.676511037227,5.649));
#5424 = CARTESIAN_POINT('',(0.537625,-1.663745724761,8.474));
#5425 = CARTESIAN_POINT('',(0.5335,-1.650980412294,11.299));
#5426 = PCURVE('',#2531,#5427);
#5427 = DEFINITIONAL_REPRESENTATION('',(#5428),#5434);
#5428 = B_SPLINE_CURVE_WITH_KNOTS('',4,(#5429,#5430,#5431,#5432,#5433),
  .UNSPECIFIED.,.F.,.F.,(5,5),(0.,1.),.PIECEWISE_BEZIER_KNOTS.);
#5429 = CARTESIAN_POINT('',(-5.627556659815,1.702041662159));
#5430 = CARTESIAN_POINT('',(-2.802553648202,1.689276349693));
#5431 = CARTESIAN_POINT('',(2.24493634117E-02,1.676511037227));
#5432 = CARTESIAN_POINT('',(2.847452375025,1.663745724761));
#5433 = CARTESIAN_POINT('',(5.672455386639,1.650980412294));
#5434 = ( GEOMETRIC_REPRESENTATION_CONTEXT(2) 
PARAMETRIC_REPRESENTATION_CONTEXT() REPRESENTATION_CONTEXT('2D SPACE',''
  ) );
#5435 = PCURVE('',#2568,#5436);
#5436 = DEFINITIONAL_REPRESENTATION('',(#5437),#5443);
#5437 = B_SPLINE_CURVE_WITH_KNOTS('',4,(#5438,#5439,#5440,#5441,#5442),
  .UNSPECIFIED.,.F.,.F.,(5,5),(8.849557522139E-05,0.556785032883),
  .PIECEWISE_BEZIER_KNOTS.);
#5438 = CARTESIAN_POINT('',(5.853485642,8.849557522139E-05));
#5439 = CARTESIAN_POINT('',(5.853485642,0.139262629902));
#5440 = CARTESIAN_POINT('',(5.853485642,0.278436764229));
#5441 = CARTESIAN_POINT('',(5.853485642,0.417610898556));
#5442 = CARTESIAN_POINT('',(5.853485642,0.556785032883));
#5443 = ( GEOMETRIC_REPRESENTATION_CONTEXT(2) 
PARAMETRIC_REPRESENTATION_CONTEXT() REPRESENTATION_CONTEXT('2D SPACE',''
  ) );
#5444 = ORIENTED_EDGE('',*,*,#2516,.T.);
#5445 = ADVANCED_FACE('',(#5446),#2568,.F.);
#5446 = FACE_BOUND('',#5447,.F.);
#5447 = EDGE_LOOP('',(#5448,#5477,#5478,#5479));
#5448 = ORIENTED_EDGE('',*,*,#5449,.T.);
#5449 = EDGE_CURVE('',#5450,#2543,#5452,.T.);
#5450 = VERTEX_POINT('',#5451);
#5451 = CARTESIAN_POINT('',(0.549581560484,-1.197046932191,
    0.285567668855));
#5452 = SURFACE_CURVE('',#5453,(#5459,#5468),.PCURVE_S1.);
#5453 = B_SPLINE_CURVE_WITH_KNOTS('',4,(#5454,#5455,#5456,#5457,#5458),
  .UNSPECIFIED.,.F.,.F.,(5,5),(0.,1.),.PIECEWISE_BEZIER_KNOTS.);
#5454 = CARTESIAN_POINT('',(0.55,-1.197958337841,-1.000000000002E-03));
#5455 = CARTESIAN_POINT('',(0.545875,-1.188973650307,2.824));
#5456 = CARTESIAN_POINT('',(0.54175,-1.179988962773,5.649));
#5457 = CARTESIAN_POINT('',(0.537625,-1.171004275239,8.474));
#5458 = CARTESIAN_POINT('',(0.5335,-1.162019587706,11.299));
#5459 = PCURVE('',#2568,#5460);
#5460 = DEFINITIONAL_REPRESENTATION('',(#5461),#5467);
#5461 = B_SPLINE_CURVE_WITH_KNOTS('',4,(#5462,#5463,#5464,#5465,#5466),
  .UNSPECIFIED.,.F.,.F.,(5,5),(8.849557522139E-05,0.55140131173),
  .PIECEWISE_BEZIER_KNOTS.);
#5462 = CARTESIAN_POINT('',(6.712884972359,8.849557522139E-05));
#5463 = CARTESIAN_POINT('',(6.712884972359,0.137916699614));
#5464 = CARTESIAN_POINT('',(6.712884972359,0.275744903652));
#5465 = CARTESIAN_POINT('',(6.712884972359,0.413573107691));
#5466 = CARTESIAN_POINT('',(6.712884972359,0.55140131173));
#5467 = ( GEOMETRIC_REPRESENTATION_CONTEXT(2) 
PARAMETRIC_REPRESENTATION_CONTEXT() REPRESENTATION_CONTEXT('2D SPACE',''
  ) );
#5468 = PCURVE('',#2641,#5469);
#5469 = DEFINITIONAL_REPRESENTATION('',(#5470),#5476);
#5470 = B_SPLINE_CURVE_WITH_KNOTS('',4,(#5471,#5472,#5473,#5474,#5475),
  .UNSPECIFIED.,.F.,.F.,(5,5),(0.,1.),.PIECEWISE_BEZIER_KNOTS.);
#5471 = CARTESIAN_POINT('',(-5.627556659815,1.197958337841));
#5472 = CARTESIAN_POINT('',(-2.802553648202,1.188973650307));
#5473 = CARTESIAN_POINT('',(2.244936341174E-02,1.179988962773));
#5474 = CARTESIAN_POINT('',(2.847452375025,1.171004275239));
#5475 = CARTESIAN_POINT('',(5.672455386639,1.162019587706));
#5476 = ( GEOMETRIC_REPRESENTATION_CONTEXT(2) 
PARAMETRIC_REPRESENTATION_CONTEXT() REPRESENTATION_CONTEXT('2D SPACE',''
  ) );
#5477 = ORIENTED_EDGE('',*,*,#2542,.T.);
#5478 = ORIENTED_EDGE('',*,*,#5418,.F.);
#5479 = ORIENTED_EDGE('',*,*,#5480,.F.);
#5480 = EDGE_CURVE('',#5450,#5398,#5481,.T.);
#5481 = SURFACE_CURVE('',#5482,(#5493,#5507),.PCURVE_S1.);
#5482 = B_SPLINE_CURVE_WITH_KNOTS('',5,(#5483,#5484,#5485,#5486,#5487,
    #5488,#5489,#5490,#5491,#5492),.UNSPECIFIED.,.F.,.F.,(6,4,6),(0.,
    0.503705462029,1.),.UNSPECIFIED.);
#5483 = CARTESIAN_POINT('',(0.549581408918,-1.197046601448,
    0.285567813433));
#5484 = CARTESIAN_POINT('',(0.571110797546,-1.244027399373,
    0.265031035727));
#5485 = CARTESIAN_POINT('',(0.587841666994,-1.293755486367,
    0.249071541818));
#5486 = CARTESIAN_POINT('',(0.599195028214,-1.345492247365,
    0.238241626505));
#5487 = CARTESIAN_POINT('',(0.604786019215,-1.398264375723,
    0.232908407744));
#5488 = CARTESIAN_POINT('',(0.604458599044,-1.502934607691,
    0.233220732232));
#5489 = CARTESIAN_POINT('',(0.598708266432,-1.554855654823,
    0.238705946169));
#5490 = CARTESIAN_POINT('',(0.587369413544,-1.605713925823,
    0.249522022056));
#5491 = CARTESIAN_POINT('',(0.570809264128,-1.654580179917,
    0.265318666968));
#5492 = CARTESIAN_POINT('',(0.549581408918,-1.700747079988,
    0.285567813433));
#5493 = PCURVE('',#2568,#5494);
#5494 = DEFINITIONAL_REPRESENTATION('',(#5495),#5506);
#5495 = B_SPLINE_CURVE_WITH_KNOTS('',5,(#5496,#5497,#5498,#5499,#5500,
    #5501,#5502,#5503,#5504,#5505),.UNSPECIFIED.,.F.,.F.,(6,4,6),(0.,
    0.503705462029,1.),.UNSPECIFIED.);
#5496 = CARTESIAN_POINT('',(6.71288557333,2.535998348964E-02));
#5497 = CARTESIAN_POINT('',(6.627519725173,2.354256953336E-02));
#5498 = CARTESIAN_POINT('',(6.541313242494,2.213022493962E-02));
#5499 = CARTESIAN_POINT('',(6.454479309787,2.117182535445E-02));
#5500 = CARTESIAN_POINT('',(6.367263066889,2.069985909242E-02));
#5501 = CARTESIAN_POINT('',(6.194144007177,2.07274984276E-02));
#5502 = CARTESIAN_POINT('',(6.1082076102,2.121291559022E-02));
#5503 = CARTESIAN_POINT('',(6.022632154418,2.217009044746E-02));
#5504 = CARTESIAN_POINT('',(5.937655283663,2.35680236255E-02));
#5505 = CARTESIAN_POINT('',(5.853485041029,2.535998348963E-02));
#5506 = ( GEOMETRIC_REPRESENTATION_CONTEXT(2) 
PARAMETRIC_REPRESENTATION_CONTEXT() REPRESENTATION_CONTEXT('2D SPACE',''
  ) );
#5507 = PCURVE('',#5361,#5508);
#5508 = DEFINITIONAL_REPRESENTATION('',(#5509),#5520);
#5509 = B_SPLINE_CURVE_WITH_KNOTS('',5,(#5510,#5511,#5512,#5513,#5514,
    #5515,#5516,#5517,#5518,#5519),.UNSPECIFIED.,.F.,.F.,(6,4,6),(0.,
    0.503705462029,1.),.UNSPECIFIED.);
#5510 = CARTESIAN_POINT('',(-0.211561732779,-1.197046601448));
#5511 = CARTESIAN_POINT('',(-0.181808181508,-1.244027399373));
#5512 = CARTESIAN_POINT('',(-0.15868616952,-1.293755486367));
#5513 = CARTESIAN_POINT('',(-0.142995857967,-1.345492247365));
#5514 = CARTESIAN_POINT('',(-0.135269124975,-1.398264375723));
#5515 = CARTESIAN_POINT('',(-0.135721618681,-1.502934607691));
#5516 = CARTESIAN_POINT('',(-0.143668561306,-1.554855654823));
#5517 = CARTESIAN_POINT('',(-0.159338822389,-1.605713925823));
#5518 = CARTESIAN_POINT('',(-0.182224899797,-1.654580179917));
#5519 = CARTESIAN_POINT('',(-0.211561732779,-1.700747079988));
#5520 = ( GEOMETRIC_REPRESENTATION_CONTEXT(2) 
PARAMETRIC_REPRESENTATION_CONTEXT() REPRESENTATION_CONTEXT('2D SPACE',''
  ) );
#5521 = ADVANCED_FACE('',(#5522),#2641,.F.);
#5522 = FACE_BOUND('',#5523,.F.);
#5523 = EDGE_LOOP('',(#5524,#5525,#5546,#5565));
#5524 = ORIENTED_EDGE('',*,*,#5449,.F.);
#5525 = ORIENTED_EDGE('',*,*,#5526,.F.);
#5526 = EDGE_CURVE('',#5527,#5450,#5529,.T.);
#5527 = VERTEX_POINT('',#5528);
#5528 = CARTESIAN_POINT('',(0.549581560484,-0.849353320747,
    0.285567668855));
#5529 = SURFACE_CURVE('',#5530,(#5534,#5540),.PCURVE_S1.);
#5530 = LINE('',#5531,#5532);
#5531 = CARTESIAN_POINT('',(0.549581560484,2.904551347411E-17,
    0.285567668855));
#5532 = VECTOR('',#5533,1.);
#5533 = DIRECTION('',(0.,-1.,0.));
#5534 = PCURVE('',#2641,#5535);
#5535 = DEFINITIONAL_REPRESENTATION('',(#5536),#5539);
#5536 = B_SPLINE_CURVE_WITH_KNOTS('',1,(#5537,#5538),.UNSPECIFIED.,.F.,
  .F.,(2,2),(0.836034057796,1.197958337841),.PIECEWISE_BEZIER_KNOTS.);
#5537 = CARTESIAN_POINT('',(-5.340988685462,0.836034057796));
#5538 = CARTESIAN_POINT('',(-5.340988685462,1.197958337841));
#5539 = ( GEOMETRIC_REPRESENTATION_CONTEXT(2) 
PARAMETRIC_REPRESENTATION_CONTEXT() REPRESENTATION_CONTEXT('2D SPACE',''
  ) );
#5540 = PCURVE('',#5361,#5541);
#5541 = DEFINITIONAL_REPRESENTATION('',(#5542),#5545);
#5542 = B_SPLINE_CURVE_WITH_KNOTS('',1,(#5543,#5544),.UNSPECIFIED.,.F.,
  .F.,(2,2),(0.836034057796,1.197958337841),.PIECEWISE_BEZIER_KNOTS.);
#5543 = CARTESIAN_POINT('',(-0.211561523316,-0.836034057796));
#5544 = CARTESIAN_POINT('',(-0.211561523316,-1.197958337841));
#5545 = ( GEOMETRIC_REPRESENTATION_CONTEXT(2) 
PARAMETRIC_REPRESENTATION_CONTEXT() REPRESENTATION_CONTEXT('2D SPACE',''
  ) );
#5546 = ORIENTED_EDGE('',*,*,#5547,.T.);
#5547 = EDGE_CURVE('',#5527,#2627,#5548,.T.);
#5548 = SURFACE_CURVE('',#5549,(#5552,#5558),.PCURVE_S1.);
#5549 = B_SPLINE_CURVE_WITH_KNOTS('',1,(#5550,#5551),.UNSPECIFIED.,.F.,
  .F.,(2,2),(0.,1.),.PIECEWISE_BEZIER_KNOTS.);
#5550 = CARTESIAN_POINT('',(0.55,-0.85,-1.E-03));
#5551 = CARTESIAN_POINT('',(0.5335,-0.8245,11.299));
#5552 = PCURVE('',#2641,#5553);
#5553 = DEFINITIONAL_REPRESENTATION('',(#5554),#5557);
#5554 = B_SPLINE_CURVE_WITH_KNOTS('',1,(#5555,#5556),.UNSPECIFIED.,.F.,
  .F.,(2,2),(0.,1.),.PIECEWISE_BEZIER_KNOTS.);
#5555 = CARTESIAN_POINT('',(-5.627556659815,0.85));
#5556 = CARTESIAN_POINT('',(5.672455386639,0.8245));
#5557 = ( GEOMETRIC_REPRESENTATION_CONTEXT(2) 
PARAMETRIC_REPRESENTATION_CONTEXT() REPRESENTATION_CONTEXT('2D SPACE',''
  ) );
#5558 = PCURVE('',#2696,#5559);
#5559 = DEFINITIONAL_REPRESENTATION('',(#5560),#5564);
#5560 = LINE('',#5561,#5562);
#5561 = CARTESIAN_POINT('',(1.570796326795,0.));
#5562 = VECTOR('',#5563,1.);
#5563 = DIRECTION('',(0.,1.));
#5564 = ( GEOMETRIC_REPRESENTATION_CONTEXT(2) 
PARAMETRIC_REPRESENTATION_CONTEXT() REPRESENTATION_CONTEXT('2D SPACE',''
  ) );
#5565 = ORIENTED_EDGE('',*,*,#2626,.T.);
#5566 = ADVANCED_FACE('',(#5567),#2696,.F.);
#5567 = FACE_BOUND('',#5568,.F.);
#5568 = EDGE_LOOP('',(#5569,#5619,#5674,#5693,#5694));
#5569 = ORIENTED_EDGE('',*,*,#5570,.F.);
#5570 = EDGE_CURVE('',#5571,#5527,#5573,.T.);
#5571 = VERTEX_POINT('',#5572);
#5572 = CARTESIAN_POINT('',(0.637524745612,-0.637524745612,
    0.201679097985));
#5573 = SURFACE_CURVE('',#5574,(#5587,#5603),.PCURVE_S1.);
#5574 = B_SPLINE_CURVE_WITH_KNOTS('',6,(#5575,#5576,#5577,#5578,#5579,
    #5580,#5581,#5582,#5583,#5584,#5585,#5586),.UNSPECIFIED.,.F.,.F.,(7,
    5,7),(0.,0.579006511697,1.),.UNSPECIFIED.);
#5575 = CARTESIAN_POINT('',(0.848958774367,-0.550000348918,
    -6.780000003981E-06));
#5576 = CARTESIAN_POINT('',(0.804314175024,-0.550092454076,
    4.257948328352E-02));
#5577 = CARTESIAN_POINT('',(0.759709167963,-0.558123456022,
    8.512797968587E-02));
#5578 = CARTESIAN_POINT('',(0.7167753067,-0.574082758803,0.126082378347)
  );
#5579 = CARTESIAN_POINT('',(0.677168299469,-0.597615396424,
    0.163863307343));
#5580 = CARTESIAN_POINT('',(0.64255175688,-0.627901591729,0.196883856712
    ));
#5581 = CARTESIAN_POINT('',(0.593706695041,-0.689523955721,
    0.243476920469));
#5582 = CARTESIAN_POINT('',(0.576490785355,-0.718320094152,
    0.259899091872));
#5583 = CARTESIAN_POINT('',(0.563150755376,-0.749433724291,
    0.272624080723));
#5584 = CARTESIAN_POINT('',(0.554103552259,-0.782183829348,
    0.281254163187));
#5585 = CARTESIAN_POINT('',(0.549581560484,-0.815766744459,
    0.285567668855));
#5586 = CARTESIAN_POINT('',(0.549581560484,-0.849353320747,
    0.285567668855));
#5587 = PCURVE('',#2696,#5588);
#5588 = DEFINITIONAL_REPRESENTATION('',(#5589),#5602);
#5589 = B_SPLINE_CURVE_WITH_KNOTS('',6,(#5590,#5591,#5592,#5593,#5594,
    #5595,#5596,#5597,#5598,#5599,#5600,#5601),.UNSPECIFIED.,.F.,.F.,(7,
    5,7),(0.,0.579006511697,1.),.UNSPECIFIED.);
#5590 = CARTESIAN_POINT('',(3.138129356439,8.7895575221E-05));
#5591 = CARTESIAN_POINT('',(2.989632681628,3.85659144102E-03));
#5592 = CARTESIAN_POINT('',(2.841136463573,7.621945104944E-03));
#5593 = CARTESIAN_POINT('',(2.692167964732,1.124622817228E-02));
#5594 = CARTESIAN_POINT('',(2.542376193628,1.458967321621E-02));
#5595 = CARTESIAN_POINT('',(2.391521094171,1.751184572676E-02));
#5596 = CARTESIAN_POINT('',(2.129196941921,2.163512570525E-02));
#5597 = CARTESIAN_POINT('',(2.018206670563,2.308841520988E-02));
#5598 = CARTESIAN_POINT('',(1.906738692023,2.421452041795E-02));
#5599 = CARTESIAN_POINT('',(1.794897744405,2.497824452982E-02));
#5600 = CARTESIAN_POINT('',(1.682836821398,2.535997069514E-02));
#5601 = CARTESIAN_POINT('',(1.570796326795,2.535997069515E-02));
#5602 = ( GEOMETRIC_REPRESENTATION_CONTEXT(2) 
PARAMETRIC_REPRESENTATION_CONTEXT() REPRESENTATION_CONTEXT('2D SPACE',''
  ) );
#5603 = PCURVE('',#5361,#5604);
#5604 = DEFINITIONAL_REPRESENTATION('',(#5605),#5618);
#5605 = B_SPLINE_CURVE_WITH_KNOTS('',6,(#5606,#5607,#5608,#5609,#5610,
    #5611,#5612,#5613,#5614,#5615,#5616,#5617),.UNSPECIFIED.,.F.,.F.,(7,
    5,7),(0.,0.579006511697,1.),.UNSPECIFIED.);
#5606 = CARTESIAN_POINT('',(0.202176898917,-0.550000348918));
#5607 = CARTESIAN_POINT('',(0.140478194952,-0.550092454076));
#5608 = CARTESIAN_POINT('',(7.883420740234E-02,-0.558123456022));
#5609 = CARTESIAN_POINT('',(1.949973839309E-02,-0.574082758803));
#5610 = CARTESIAN_POINT('',(-3.523702820528E-02,-0.597615396424));
#5611 = CARTESIAN_POINT('',(-8.307698745943E-02,-0.627901591729));
#5612 = CARTESIAN_POINT('',(-0.150580718144,-0.689523955721));
#5613 = CARTESIAN_POINT('',(-0.174373054303,-0.718320094152));
#5614 = CARTESIAN_POINT('',(-0.192808936194,-0.749433724291));
#5615 = CARTESIAN_POINT('',(-0.205312144085,-0.782183829348));
#5616 = CARTESIAN_POINT('',(-0.211561523316,-0.815766744459));
#5617 = CARTESIAN_POINT('',(-0.211561523316,-0.849353320747));
#5618 = ( GEOMETRIC_REPRESENTATION_CONTEXT(2) 
PARAMETRIC_REPRESENTATION_CONTEXT() REPRESENTATION_CONTEXT('2D SPACE',''
  ) );
#5619 = ORIENTED_EDGE('',*,*,#5620,.T.);
#5620 = EDGE_CURVE('',#5571,#5621,#5623,.T.);
#5621 = VERTEX_POINT('',#5622);
#5622 = CARTESIAN_POINT('',(0.849353320747,-0.549581560484,
    0.285567668855));
#5623 = SURFACE_CURVE('',#5624,(#5637,#5653),.PCURVE_S1.);
#5624 = B_SPLINE_CURVE_WITH_KNOTS('',6,(#5625,#5626,#5627,#5628,#5629,
    #5630,#5631,#5632,#5633,#5634,#5635,#5636),.UNSPECIFIED.,.F.,.F.,(7,
    5,7),(0.,0.579006511697,1.),.UNSPECIFIED.);
#5625 = CARTESIAN_POINT('',(0.550000348918,-0.848958774367,
    -6.780000000456E-06));
#5626 = CARTESIAN_POINT('',(0.550092454076,-0.804314175024,
    4.257948328356E-02));
#5627 = CARTESIAN_POINT('',(0.558123456022,-0.759709167963,
    8.512797968578E-02));
#5628 = CARTESIAN_POINT('',(0.574082758803,-0.7167753067,0.126082378347)
  );
#5629 = CARTESIAN_POINT('',(0.597615396424,-0.677168299469,
    0.163863307343));
#5630 = CARTESIAN_POINT('',(0.627901591729,-0.64255175688,0.196883856712
    ));
#5631 = CARTESIAN_POINT('',(0.689523955721,-0.593706695041,
    0.243476920469));
#5632 = CARTESIAN_POINT('',(0.718320094152,-0.576490785355,
    0.259899091872));
#5633 = CARTESIAN_POINT('',(0.749433724291,-0.563150755376,
    0.272624080723));
#5634 = CARTESIAN_POINT('',(0.782183829348,-0.554103552259,
    0.281254163187));
#5635 = CARTESIAN_POINT('',(0.815766744459,-0.549581560484,
    0.285567668855));
#5636 = CARTESIAN_POINT('',(0.849353320747,-0.549581560484,
    0.285567668855));
#5637 = PCURVE('',#2696,#5638);
#5638 = DEFINITIONAL_REPRESENTATION('',(#5639),#5652);
#5639 = B_SPLINE_CURVE_WITH_KNOTS('',6,(#5640,#5641,#5642,#5643,#5644,
    #5645,#5646,#5647,#5648,#5649,#5650,#5651),.UNSPECIFIED.,.F.,.F.,(7,
    5,7),(0.,0.579006511697,1.),.UNSPECIFIED.);
#5640 = CARTESIAN_POINT('',(1.574259623946,8.789557522128E-05));
#5641 = CARTESIAN_POINT('',(1.722756298757,3.856591441023E-03));
#5642 = CARTESIAN_POINT('',(1.871252516812,7.621945104937E-03));
#5643 = CARTESIAN_POINT('',(2.020221015654,1.124622817229E-02));
#5644 = CARTESIAN_POINT('',(2.170012786756,1.45896732162E-02));
#5645 = CARTESIAN_POINT('',(2.320867886214,1.751184572676E-02));
#5646 = CARTESIAN_POINT('',(2.583192038464,2.163512570525E-02));
#5647 = CARTESIAN_POINT('',(2.694182309822,2.308841520988E-02));
#5648 = CARTESIAN_POINT('',(2.805650288362,2.421452041795E-02));
#5649 = CARTESIAN_POINT('',(2.91749123598,2.497824452982E-02));
#5650 = CARTESIAN_POINT('',(3.029552158987,2.535997069515E-02));
#5651 = CARTESIAN_POINT('',(3.14159265359,2.535997069515E-02));
#5652 = ( GEOMETRIC_REPRESENTATION_CONTEXT(2) 
PARAMETRIC_REPRESENTATION_CONTEXT() REPRESENTATION_CONTEXT('2D SPACE',''
  ) );
#5653 = PCURVE('',#5654,#5659);
#5654 = PLANE('',#5655);
#5655 = AXIS2_PLACEMENT_3D('',#5656,#5657,#5658);
#5656 = CARTESIAN_POINT('',(2.277398851267E-17,-0.702665480206,
    0.1395416723));
#5657 = DIRECTION('',(0.,-0.69022946265,0.723590553345));
#5658 = DIRECTION('',(0.,0.723590553345,0.69022946265));
#5659 = DEFINITIONAL_REPRESENTATION('',(#5660),#5673);
#5660 = B_SPLINE_CURVE_WITH_KNOTS('',6,(#5661,#5662,#5663,#5664,#5665,
    #5666,#5667,#5668,#5669,#5670,#5671,#5672),.UNSPECIFIED.,.F.,.F.,(7,
    5,7),(0.,0.579006511697,1.),.UNSPECIFIED.);
#5661 = CARTESIAN_POINT('',(-0.202176898917,-0.550000348918));
#5662 = CARTESIAN_POINT('',(-0.140478194952,-0.550092454076));
#5663 = CARTESIAN_POINT('',(-7.883420740247E-02,-0.558123456022));
#5664 = CARTESIAN_POINT('',(-1.949973839292E-02,-0.574082758803));
#5665 = CARTESIAN_POINT('',(3.523702820518E-02,-0.597615396424));
#5666 = CARTESIAN_POINT('',(8.307698745946E-02,-0.627901591729));
#5667 = CARTESIAN_POINT('',(0.150580718144,-0.689523955721));
#5668 = CARTESIAN_POINT('',(0.174373054303,-0.718320094152));
#5669 = CARTESIAN_POINT('',(0.192808936194,-0.749433724291));
#5670 = CARTESIAN_POINT('',(0.205312144085,-0.782183829348));
#5671 = CARTESIAN_POINT('',(0.211561523316,-0.815766744459));
#5672 = CARTESIAN_POINT('',(0.211561523316,-0.849353320747));
#5673 = ( GEOMETRIC_REPRESENTATION_CONTEXT(2) 
PARAMETRIC_REPRESENTATION_CONTEXT() REPRESENTATION_CONTEXT('2D SPACE',''
  ) );
#5674 = ORIENTED_EDGE('',*,*,#5675,.T.);
#5675 = EDGE_CURVE('',#5621,#2653,#5676,.T.);
#5676 = SURFACE_CURVE('',#5677,(#5680,#5687),.PCURVE_S1.);
#5677 = B_SPLINE_CURVE_WITH_KNOTS('',1,(#5678,#5679),.UNSPECIFIED.,.F.,
  .F.,(2,2),(0.,1.),.PIECEWISE_BEZIER_KNOTS.);
#5678 = CARTESIAN_POINT('',(0.85,-0.55,-1.E-03));
#5679 = CARTESIAN_POINT('',(0.8245,-0.5335,11.299));
#5680 = PCURVE('',#2696,#5681);
#5681 = DEFINITIONAL_REPRESENTATION('',(#5682),#5686);
#5682 = LINE('',#5683,#5684);
#5683 = CARTESIAN_POINT('',(3.14159265359,0.));
#5684 = VECTOR('',#5685,1.);
#5685 = DIRECTION('',(0.,1.));
#5686 = ( GEOMETRIC_REPRESENTATION_CONTEXT(2) 
PARAMETRIC_REPRESENTATION_CONTEXT() REPRESENTATION_CONTEXT('2D SPACE',''
  ) );
#5687 = PCURVE('',#2749,#5688);
#5688 = DEFINITIONAL_REPRESENTATION('',(#5689),#5692);
#5689 = B_SPLINE_CURVE_WITH_KNOTS('',1,(#5690,#5691),.UNSPECIFIED.,.F.,
  .F.,(2,2),(0.,1.),.PIECEWISE_BEZIER_KNOTS.);
#5690 = CARTESIAN_POINT('',(5.627556659815,0.85));
#5691 = CARTESIAN_POINT('',(-5.672455386639,0.8245));
#5692 = ( GEOMETRIC_REPRESENTATION_CONTEXT(2) 
PARAMETRIC_REPRESENTATION_CONTEXT() REPRESENTATION_CONTEXT('2D SPACE',''
  ) );
#5693 = ORIENTED_EDGE('',*,*,#2652,.T.);
#5694 = ORIENTED_EDGE('',*,*,#5547,.F.);
#5695 = ADVANCED_FACE('',(#5696),#2749,.F.);
#5696 = FACE_BOUND('',#5697,.F.);
#5697 = EDGE_LOOP('',(#5698,#5699,#5720,#5747));
#5698 = ORIENTED_EDGE('',*,*,#5675,.F.);
#5699 = ORIENTED_EDGE('',*,*,#5700,.F.);
#5700 = EDGE_CURVE('',#5701,#5621,#5703,.T.);
#5701 = VERTEX_POINT('',#5702);
#5702 = CARTESIAN_POINT('',(1.197046933734,-0.549581560484,
    0.285567668855));
#5703 = SURFACE_CURVE('',#5704,(#5708,#5714),.PCURVE_S1.);
#5704 = LINE('',#5705,#5706);
#5705 = CARTESIAN_POINT('',(4.043250773045E-17,-0.549581560484,
    0.285567668855));
#5706 = VECTOR('',#5707,1.);
#5707 = DIRECTION('',(-1.,0.,0.));
#5708 = PCURVE('',#2749,#5709);
#5709 = DEFINITIONAL_REPRESENTATION('',(#5710),#5713);
#5710 = B_SPLINE_CURVE_WITH_KNOTS('',1,(#5711,#5712),.UNSPECIFIED.,.F.,
  .F.,(2,2),(-1.197958339386,-0.83611580143),.PIECEWISE_BEZIER_KNOTS.);
#5711 = CARTESIAN_POINT('',(5.340988685462,1.197958339386));
#5712 = CARTESIAN_POINT('',(5.340988685462,0.83611580143));
#5713 = ( GEOMETRIC_REPRESENTATION_CONTEXT(2) 
PARAMETRIC_REPRESENTATION_CONTEXT() REPRESENTATION_CONTEXT('2D SPACE',''
  ) );
#5714 = PCURVE('',#5654,#5715);
#5715 = DEFINITIONAL_REPRESENTATION('',(#5716),#5719);
#5716 = B_SPLINE_CURVE_WITH_KNOTS('',1,(#5717,#5718),.UNSPECIFIED.,.F.,
  .F.,(2,2),(-1.197958339386,-0.83611580143),.PIECEWISE_BEZIER_KNOTS.);
#5717 = CARTESIAN_POINT('',(0.211561523316,-1.197958339386));
#5718 = CARTESIAN_POINT('',(0.211561523316,-0.83611580143));
#5719 = ( GEOMETRIC_REPRESENTATION_CONTEXT(2) 
PARAMETRIC_REPRESENTATION_CONTEXT() REPRESENTATION_CONTEXT('2D SPACE',''
  ) );
#5720 = ORIENTED_EDGE('',*,*,#5721,.T.);
#5721 = EDGE_CURVE('',#5701,#2735,#5722,.T.);
#5722 = SURFACE_CURVE('',#5723,(#5729,#5738),.PCURVE_S1.);
#5723 = B_SPLINE_CURVE_WITH_KNOTS('',4,(#5724,#5725,#5726,#5727,#5728),
  .UNSPECIFIED.,.F.,.F.,(5,5),(0.,1.),.PIECEWISE_BEZIER_KNOTS.);
#5724 = CARTESIAN_POINT('',(1.197958339386,-0.55,-1.000000000001E-03));
#5725 = CARTESIAN_POINT('',(1.18897365184,-0.545875,2.824));
#5726 = CARTESIAN_POINT('',(1.179988964295,-0.54175,5.649));
#5727 = CARTESIAN_POINT('',(1.17100427675,-0.537625,8.474));
#5728 = CARTESIAN_POINT('',(1.162019589204,-0.5335,11.299));
#5729 = PCURVE('',#2749,#5730);
#5730 = DEFINITIONAL_REPRESENTATION('',(#5731),#5737);
#5731 = B_SPLINE_CURVE_WITH_KNOTS('',4,(#5732,#5733,#5734,#5735,#5736),
  .UNSPECIFIED.,.F.,.F.,(5,5),(0.,1.),.PIECEWISE_BEZIER_KNOTS.);
#5732 = CARTESIAN_POINT('',(5.627556659815,1.197958339386));
#5733 = CARTESIAN_POINT('',(2.802553648202,1.18897365184));
#5734 = CARTESIAN_POINT('',(-2.244936341156E-02,1.179988964295));
#5735 = CARTESIAN_POINT('',(-2.847452375025,1.17100427675));
#5736 = CARTESIAN_POINT('',(-5.672455386639,1.162019589204));
#5737 = ( GEOMETRIC_REPRESENTATION_CONTEXT(2) 
PARAMETRIC_REPRESENTATION_CONTEXT() REPRESENTATION_CONTEXT('2D SPACE',''
  ) );
#5738 = PCURVE('',#2790,#5739);
#5739 = DEFINITIONAL_REPRESENTATION('',(#5740),#5746);
#5740 = B_SPLINE_CURVE_WITH_KNOTS('',4,(#5741,#5742,#5743,#5744,#5745),
  .UNSPECIFIED.,.F.,.F.,(5,5),(0.,1.),.PIECEWISE_BEZIER_KNOTS.);
#5741 = CARTESIAN_POINT('',(4.282689311973,0.));
#5742 = CARTESIAN_POINT('',(4.282689311973,0.25));
#5743 = CARTESIAN_POINT('',(4.282689311973,0.5));
#5744 = CARTESIAN_POINT('',(4.282689311973,0.75));
#5745 = CARTESIAN_POINT('',(4.282689311973,1.));
#5746 = ( GEOMETRIC_REPRESENTATION_CONTEXT(2) 
PARAMETRIC_REPRESENTATION_CONTEXT() REPRESENTATION_CONTEXT('2D SPACE',''
  ) );
#5747 = ORIENTED_EDGE('',*,*,#2734,.T.);
#5748 = ADVANCED_FACE('',(#5749),#2790,.F.);
#5749 = FACE_BOUND('',#5750,.F.);
#5750 = EDGE_LOOP('',(#5751,#5752,#5796,#5823));
#5751 = ORIENTED_EDGE('',*,*,#5721,.F.);
#5752 = ORIENTED_EDGE('',*,*,#5753,.F.);
#5753 = EDGE_CURVE('',#5754,#5701,#5756,.T.);
#5754 = VERTEX_POINT('',#5755);
#5755 = CARTESIAN_POINT('',(1.700746743681,-0.549581560484,
    0.285567668855));
#5756 = SURFACE_CURVE('',#5757,(#5768,#5782),.PCURVE_S1.);
#5757 = B_SPLINE_CURVE_WITH_KNOTS('',5,(#5758,#5759,#5760,#5761,#5762,
    #5763,#5764,#5765,#5766,#5767),.UNSPECIFIED.,.F.,.F.,(6,4,6),(0.,
    0.49593156164,1.),.UNSPECIFIED.);
#5758 = CARTESIAN_POINT('',(1.700747072777,-0.549581409163,
    0.285567813199));
#5759 = CARTESIAN_POINT('',(1.654613935012,-0.570793747437,
    0.265333468263));
#5760 = CARTESIAN_POINT('',(1.605785417283,-0.587345192689,
    0.249545126211));
#5761 = CARTESIAN_POINT('',(1.554967266541,-0.598683405795,
    0.238729660609));
#5762 = CARTESIAN_POINT('',(1.503086506193,-0.604441755955,
    0.233236798771));
#5763 = CARTESIAN_POINT('',(1.398416501174,-0.604802117794,
    0.232893051389));
#5764 = CARTESIAN_POINT('',(1.345604136065,-0.599219592687,
    0.238218194576));
#5765 = CARTESIAN_POINT('',(1.293827182787,-0.587865802989,
    0.249048518611));
#5766 = CARTESIAN_POINT('',(1.244061252633,-0.571126316514,0.26501623226
    ));
#5767 = CARTESIAN_POINT('',(1.197046603526,-0.549581409163,
    0.285567813199));
#5768 = PCURVE('',#2790,#5769);
#5769 = DEFINITIONAL_REPRESENTATION('',(#5770),#5781);
#5770 = B_SPLINE_CURVE_WITH_KNOTS('',5,(#5771,#5772,#5773,#5774,#5775,
    #5776,#5777,#5778,#5779,#5780),.UNSPECIFIED.,.F.,.F.,(6,4,6),(0.,
    0.49593156164,1.),.UNSPECIFIED.);
#5771 = CARTESIAN_POINT('',(5.142089249408,2.535998346897E-02));
#5772 = CARTESIAN_POINT('',(5.057980563343,2.356933347463E-02));
#5773 = CARTESIAN_POINT('',(4.973066476496,2.217213506294E-02));
#5774 = CARTESIAN_POINT('',(4.887554486304,2.121501421321E-02));
#5775 = CARTESIAN_POINT('',(4.801681698828,2.072892024525E-02));
#5776 = CARTESIAN_POINT('',(4.628562623972,2.06985001229E-02));
#5777 = CARTESIAN_POINT('',(4.541282734426,2.116975173235E-02));
#5778 = CARTESIAN_POINT('',(4.454385319752,2.212818748773E-02));
#5779 = CARTESIAN_POINT('',(4.368116061999,2.354125949201E-02));
#5780 = CARTESIAN_POINT('',(4.282688711973,2.535998346897E-02));
#5781 = ( GEOMETRIC_REPRESENTATION_CONTEXT(2) 
PARAMETRIC_REPRESENTATION_CONTEXT() REPRESENTATION_CONTEXT('2D SPACE',''
  ) );
#5782 = PCURVE('',#5654,#5783);
#5783 = DEFINITIONAL_REPRESENTATION('',(#5784),#5795);
#5784 = B_SPLINE_CURVE_WITH_KNOTS('',5,(#5785,#5786,#5787,#5788,#5789,
    #5790,#5791,#5792,#5793,#5794),.UNSPECIFIED.,.F.,.F.,(6,4,6),(0.,
    0.49593156164,1.),.UNSPECIFIED.);
#5785 = CARTESIAN_POINT('',(0.21156173244,-1.700747072777));
#5786 = CARTESIAN_POINT('',(0.182246343818,-1.654613935012));
#5787 = CARTESIAN_POINT('',(0.15937229554,-1.605785417283));
#5788 = CARTESIAN_POINT('',(0.143702918634,-1.554967266541));
#5789 = CARTESIAN_POINT('',(0.13574489578,-1.503086506193));
#5790 = CARTESIAN_POINT('',(0.135246876786,-1.398416501174));
#5791 = CARTESIAN_POINT('',(0.142961909938,-1.345604136065));
#5792 = CARTESIAN_POINT('',(0.158652813647,-1.293827182787));
#5793 = CARTESIAN_POINT('',(0.18178673434,-1.244061252633));
#5794 = CARTESIAN_POINT('',(0.21156173244,-1.197046603526));
#5795 = ( GEOMETRIC_REPRESENTATION_CONTEXT(2) 
PARAMETRIC_REPRESENTATION_CONTEXT() REPRESENTATION_CONTEXT('2D SPACE',''
  ) );
#5796 = ORIENTED_EDGE('',*,*,#5797,.T.);
#5797 = EDGE_CURVE('',#5754,#2761,#5798,.T.);
#5798 = SURFACE_CURVE('',#5799,(#5805,#5814),.PCURVE_S1.);
#5799 = B_SPLINE_CURVE_WITH_KNOTS('',4,(#5800,#5801,#5802,#5803,#5804),
  .UNSPECIFIED.,.F.,.F.,(5,5),(0.,1.),.PIECEWISE_BEZIER_KNOTS.);
#5800 = CARTESIAN_POINT('',(1.702041655476,-0.55,-1.000000000001E-03));
#5801 = CARTESIAN_POINT('',(1.68927634306,-0.545875,2.824));
#5802 = CARTESIAN_POINT('',(1.676511030644,-0.54175,5.649));
#5803 = CARTESIAN_POINT('',(1.663745718228,-0.537625,8.474));
#5804 = CARTESIAN_POINT('',(1.650980405812,-0.5335,11.299));
#5805 = PCURVE('',#2790,#5806);
#5806 = DEFINITIONAL_REPRESENTATION('',(#5807),#5813);
#5807 = B_SPLINE_CURVE_WITH_KNOTS('',4,(#5808,#5809,#5810,#5811,#5812),
  .UNSPECIFIED.,.F.,.F.,(5,5),(0.,1.),.PIECEWISE_BEZIER_KNOTS.);
#5808 = CARTESIAN_POINT('',(5.142088649408,0.));
#5809 = CARTESIAN_POINT('',(5.142088649408,0.25));
#5810 = CARTESIAN_POINT('',(5.142088649408,0.5));
#5811 = CARTESIAN_POINT('',(5.142088649408,0.75));
#5812 = CARTESIAN_POINT('',(5.142088649408,1.));
#5813 = ( GEOMETRIC_REPRESENTATION_CONTEXT(2) 
PARAMETRIC_REPRESENTATION_CONTEXT() REPRESENTATION_CONTEXT('2D SPACE',''
  ) );
#5814 = PCURVE('',#2848,#5815);
#5815 = DEFINITIONAL_REPRESENTATION('',(#5816),#5822);
#5816 = B_SPLINE_CURVE_WITH_KNOTS('',4,(#5817,#5818,#5819,#5820,#5821),
  .UNSPECIFIED.,.F.,.F.,(5,5),(0.,1.),.PIECEWISE_BEZIER_KNOTS.);
#5817 = CARTESIAN_POINT('',(5.627556659815,1.702041655476));
#5818 = CARTESIAN_POINT('',(2.802553648202,1.68927634306));
#5819 = CARTESIAN_POINT('',(-2.244936341171E-02,1.676511030644));
#5820 = CARTESIAN_POINT('',(-2.847452375025,1.663745718228));
#5821 = CARTESIAN_POINT('',(-5.672455386639,1.650980405812));
#5822 = ( GEOMETRIC_REPRESENTATION_CONTEXT(2) 
PARAMETRIC_REPRESENTATION_CONTEXT() REPRESENTATION_CONTEXT('2D SPACE',''
  ) );
#5823 = ORIENTED_EDGE('',*,*,#2760,.T.);
#5824 = ADVANCED_FACE('',(#5825),#2848,.F.);
#5825 = FACE_BOUND('',#5826,.F.);
#5826 = EDGE_LOOP('',(#5827,#5828,#5849,#5869));
#5827 = ORIENTED_EDGE('',*,*,#5797,.F.);
#5828 = ORIENTED_EDGE('',*,*,#5829,.F.);
#5829 = EDGE_CURVE('',#5830,#5754,#5832,.T.);
#5830 = VERTEX_POINT('',#5831);
#5831 = CARTESIAN_POINT('',(2.02345938178,-0.549581560484,0.285567668855
    ));
#5832 = SURFACE_CURVE('',#5833,(#5837,#5843),.PCURVE_S1.);
#5833 = LINE('',#5834,#5835);
#5834 = CARTESIAN_POINT('',(4.043250773045E-17,-0.549581560484,
    0.285567668855));
#5835 = VECTOR('',#5836,1.);
#5836 = DIRECTION('',(-1.,0.,0.));
#5837 = PCURVE('',#2848,#5838);
#5838 = DEFINITIONAL_REPRESENTATION('',(#5839),#5842);
#5839 = B_SPLINE_CURVE_WITH_KNOTS('',1,(#5840,#5841),.UNSPECIFIED.,.F.,
  .F.,(2,2),(-2.024994623894,-1.674239909218),.PIECEWISE_BEZIER_KNOTS.);
#5840 = CARTESIAN_POINT('',(5.340988685462,2.024994623894));
#5841 = CARTESIAN_POINT('',(5.340988685462,1.674239909218));
#5842 = ( GEOMETRIC_REPRESENTATION_CONTEXT(2) 
PARAMETRIC_REPRESENTATION_CONTEXT() REPRESENTATION_CONTEXT('2D SPACE',''
  ) );
#5843 = PCURVE('',#5654,#5844);
#5844 = DEFINITIONAL_REPRESENTATION('',(#5845),#5848);
#5845 = B_SPLINE_CURVE_WITH_KNOTS('',1,(#5846,#5847),.UNSPECIFIED.,.F.,
  .F.,(2,2),(-2.024994623894,-1.674239909218),.PIECEWISE_BEZIER_KNOTS.);
#5846 = CARTESIAN_POINT('',(0.211561523316,-2.024994623894));
#5847 = CARTESIAN_POINT('',(0.211561523316,-1.674239909218));
#5848 = ( GEOMETRIC_REPRESENTATION_CONTEXT(2) 
PARAMETRIC_REPRESENTATION_CONTEXT() REPRESENTATION_CONTEXT('2D SPACE',''
  ) );
#5849 = ORIENTED_EDGE('',*,*,#5850,.T.);
#5850 = EDGE_CURVE('',#5830,#2834,#5851,.T.);
#5851 = SURFACE_CURVE('',#5852,(#5856,#5863),.PCURVE_S1.);
#5852 = LINE('',#5853,#5854);
#5853 = CARTESIAN_POINT('',(2.025,-0.55,-1.E-03));
#5854 = VECTOR('',#5855,1.);
#5855 = DIRECTION('',(-5.376022773886E-03,1.460154333648E-03,
    0.999984483044));
#5856 = PCURVE('',#2848,#5857);
#5857 = DEFINITIONAL_REPRESENTATION('',(#5858),#5862);
#5858 = LINE('',#5859,#5860);
#5859 = CARTESIAN_POINT('',(5.627556659815,2.025));
#5860 = VECTOR('',#5861,1.);
#5861 = DIRECTION('',(-0.999985549085,-5.376022773886E-03));
#5862 = ( GEOMETRIC_REPRESENTATION_CONTEXT(2) 
PARAMETRIC_REPRESENTATION_CONTEXT() REPRESENTATION_CONTEXT('2D SPACE',''
  ) );
#5863 = PCURVE('',#2874,#5864);
#5864 = DEFINITIONAL_REPRESENTATION('',(#5865),#5868);
#5865 = B_SPLINE_CURVE_WITH_KNOTS('',1,(#5866,#5867),.UNSPECIFIED.,.F.,
  .F.,(2,2),(0.,11.300175344325),.PIECEWISE_BEZIER_KNOTS.);
#5866 = CARTESIAN_POINT('',(-5.642553484353,0.55));
#5867 = CARTESIAN_POINT('',(5.657609813693,0.5335));
#5868 = ( GEOMETRIC_REPRESENTATION_CONTEXT(2) 
PARAMETRIC_REPRESENTATION_CONTEXT() REPRESENTATION_CONTEXT('2D SPACE',''
  ) );
#5869 = ORIENTED_EDGE('',*,*,#2833,.T.);
#5870 = ADVANCED_FACE('',(#5871),#2874,.F.);
#5871 = FACE_BOUND('',#5872,.F.);
#5872 = EDGE_LOOP('',(#5873,#5874,#5895,#5921,#5948));
#5873 = ORIENTED_EDGE('',*,*,#5850,.F.);
#5874 = ORIENTED_EDGE('',*,*,#5875,.F.);
#5875 = EDGE_CURVE('',#5876,#5830,#5878,.T.);
#5876 = VERTEX_POINT('',#5877);
#5877 = CARTESIAN_POINT('',(2.023417656473,-0.541445182752,
    0.293328919474));
#5878 = SURFACE_CURVE('',#5879,(#5883,#5889),.PCURVE_S1.);
#5879 = LINE('',#5880,#5881);
#5880 = CARTESIAN_POINT('',(2.016241097306,0.857974010472,1.628227990911
    ));
#5881 = VECTOR('',#5882,1.);
#5882 = DIRECTION('',(3.710721342345E-03,-0.723585571605,-0.690224710593
    ));
#5883 = PCURVE('',#2874,#5884);
#5884 = DEFINITIONAL_REPRESENTATION('',(#5885),#5888);
#5885 = B_SPLINE_CURVE_WITH_KNOTS('',1,(#5886,#5887),.UNSPECIFIED.,.F.,
  .F.,(2,2),(1.925790210799,1.945827287811),.PIECEWISE_BEZIER_KNOTS.);
#5886 = CARTESIAN_POINT('',(-5.342549149007,0.5355));
#5887 = CARTESIAN_POINT('',(-5.356379434549,0.549998539823));
#5888 = ( GEOMETRIC_REPRESENTATION_CONTEXT(2) 
PARAMETRIC_REPRESENTATION_CONTEXT() REPRESENTATION_CONTEXT('2D SPACE',''
  ) );
#5889 = PCURVE('',#5654,#5890);
#5890 = DEFINITIONAL_REPRESENTATION('',(#5891),#5894);
#5891 = B_SPLINE_CURVE_WITH_KNOTS('',1,(#5892,#5893),.UNSPECIFIED.,.F.,
  .F.,(2,2),(1.925790210799,1.945827287811),.PIECEWISE_BEZIER_KNOTS.);
#5892 = CARTESIAN_POINT('',(0.231022198166,-2.023387168142));
#5893 = CARTESIAN_POINT('',(0.210985259104,-2.023461520151));
#5894 = ( GEOMETRIC_REPRESENTATION_CONTEXT(2) 
PARAMETRIC_REPRESENTATION_CONTEXT() REPRESENTATION_CONTEXT('2D SPACE',''
  ) );
#5895 = ORIENTED_EDGE('',*,*,#5896,.F.);
#5896 = EDGE_CURVE('',#5897,#5876,#5899,.T.);
#5897 = VERTEX_POINT('',#5898);
#5898 = CARTESIAN_POINT('',(2.023417656473,-0.188001824596,
    0.293328919474));
#5899 = SURFACE_CURVE('',#5900,(#5904,#5910),.PCURVE_S1.);
#5900 = LINE('',#5901,#5902);
#5901 = CARTESIAN_POINT('',(2.023417656473,-8.965214233704E-18,
    0.293328919474));
#5902 = VECTOR('',#5903,1.);
#5903 = DIRECTION('',(0.,-1.,0.));
#5904 = PCURVE('',#2874,#5905);
#5905 = DEFINITIONAL_REPRESENTATION('',(#5906),#5909);
#5906 = B_SPLINE_CURVE_WITH_KNOTS('',1,(#5907,#5908),.UNSPECIFIED.,.F.,
  .F.,(2,2),(0.185097384832,0.549998539823),.PIECEWISE_BEZIER_KNOTS.);
#5907 = CARTESIAN_POINT('',(-5.348220311487,0.185097384832));
#5908 = CARTESIAN_POINT('',(-5.348220311487,0.549998539823));
#5909 = ( GEOMETRIC_REPRESENTATION_CONTEXT(2) 
PARAMETRIC_REPRESENTATION_CONTEXT() REPRESENTATION_CONTEXT('2D SPACE',''
  ) );
#5910 = PCURVE('',#5911,#5916);
#5911 = PLANE('',#5912);
#5912 = AXIS2_PLACEMENT_3D('',#5913,#5914,#5915);
#5913 = CARTESIAN_POINT('',(2.19650740114,0.,0.124402194772));
#5914 = DIRECTION('',(0.698448148582,0.,0.715660662425));
#5915 = DIRECTION('',(0.715660662425,0.,-0.698448148582));
#5916 = DEFINITIONAL_REPRESENTATION('',(#5917),#5920);
#5917 = B_SPLINE_CURVE_WITH_KNOTS('',1,(#5918,#5919),.UNSPECIFIED.,.F.,
  .F.,(2,2),(0.185097384832,0.549998539823),.PIECEWISE_BEZIER_KNOTS.);
#5918 = CARTESIAN_POINT('',(-0.241860079441,-0.185097384832));
#5919 = CARTESIAN_POINT('',(-0.241860079441,-0.549998539823));
#5920 = ( GEOMETRIC_REPRESENTATION_CONTEXT(2) 
PARAMETRIC_REPRESENTATION_CONTEXT() REPRESENTATION_CONTEXT('2D SPACE',''
  ) );
#5921 = ORIENTED_EDGE('',*,*,#5922,.T.);
#5922 = EDGE_CURVE('',#5897,#2860,#5923,.T.);
#5923 = SURFACE_CURVE('',#5924,(#5930,#5939),.PCURVE_S1.);
#5924 = B_SPLINE_CURVE_WITH_KNOTS('',4,(#5925,#5926,#5927,#5928,#5929),
  .UNSPECIFIED.,.F.,.F.,(5,5),(0.,1.),.PIECEWISE_BEZIER_KNOTS.);
#5925 = CARTESIAN_POINT('',(2.025,-0.188148844896,-1.000000000003E-03));
#5926 = CARTESIAN_POINT('',(2.0098125,-0.186737728559,2.824));
#5927 = CARTESIAN_POINT('',(1.994625,-0.185326612222,5.649));
#5928 = CARTESIAN_POINT('',(1.9794375,-0.183915495885,8.474));
#5929 = CARTESIAN_POINT('',(1.96425,-0.182504379549,11.299));
#5930 = PCURVE('',#2874,#5931);
#5931 = DEFINITIONAL_REPRESENTATION('',(#5932),#5938);
#5932 = B_SPLINE_CURVE_WITH_KNOTS('',4,(#5933,#5934,#5935,#5936,#5937),
  .UNSPECIFIED.,.F.,.F.,(5,5),(0.,1.),.PIECEWISE_BEZIER_KNOTS.);
#5933 = CARTESIAN_POINT('',(-5.642553484353,0.188148844896));
#5934 = CARTESIAN_POINT('',(-2.817512659842,0.186737728559));
#5935 = CARTESIAN_POINT('',(7.52816466975E-03,0.185326612222));
#5936 = CARTESIAN_POINT('',(2.832568989181,0.183915495885));
#5937 = CARTESIAN_POINT('',(5.657609813693,0.182504379549));
#5938 = ( GEOMETRIC_REPRESENTATION_CONTEXT(2) 
PARAMETRIC_REPRESENTATION_CONTEXT() REPRESENTATION_CONTEXT('2D SPACE',''
  ) );
#5939 = PCURVE('',#2915,#5940);
#5940 = DEFINITIONAL_REPRESENTATION('',(#5941),#5947);
#5941 = B_SPLINE_CURVE_WITH_KNOTS('',4,(#5942,#5943,#5944,#5945,#5946),
  .UNSPECIFIED.,.F.,.F.,(5,5),(8.84955752215E-05,0.540611001485),
  .PIECEWISE_BEZIER_KNOTS.);
#5942 = CARTESIAN_POINT('',(5.96695098383,8.84955752215E-05));
#5943 = CARTESIAN_POINT('',(5.96695098383,0.135219122053));
#5944 = CARTESIAN_POINT('',(5.96695098383,0.27034974853));
#5945 = CARTESIAN_POINT('',(5.96695098383,0.405480375008));
#5946 = CARTESIAN_POINT('',(5.96695098383,0.540611001485));
#5947 = ( GEOMETRIC_REPRESENTATION_CONTEXT(2) 
PARAMETRIC_REPRESENTATION_CONTEXT() REPRESENTATION_CONTEXT('2D SPACE',''
  ) );
#5948 = ORIENTED_EDGE('',*,*,#2859,.T.);
#5949 = ADVANCED_FACE('',(#5950),#2915,.F.);
#5950 = FACE_BOUND('',#5951,.F.);
#5951 = EDGE_LOOP('',(#5952,#5981,#5982,#5983));
#5952 = ORIENTED_EDGE('',*,*,#5953,.T.);
#5953 = EDGE_CURVE('',#5954,#2886,#5956,.T.);
#5954 = VERTEX_POINT('',#5955);
#5955 = CARTESIAN_POINT('',(2.023417656473,0.188001824596,0.293328919474
    ));
#5956 = SURFACE_CURVE('',#5957,(#5963,#5972),.PCURVE_S1.);
#5957 = B_SPLINE_CURVE_WITH_KNOTS('',4,(#5958,#5959,#5960,#5961,#5962),
  .UNSPECIFIED.,.F.,.F.,(5,5),(0.,1.),.PIECEWISE_BEZIER_KNOTS.);
#5958 = CARTESIAN_POINT('',(2.025,0.188148844896,-1.000000000003E-03));
#5959 = CARTESIAN_POINT('',(2.0098125,0.186737728559,2.824));
#5960 = CARTESIAN_POINT('',(1.994625,0.185326612222,5.649));
#5961 = CARTESIAN_POINT('',(1.9794375,0.183915495885,8.474));
#5962 = CARTESIAN_POINT('',(1.96425,0.182504379549,11.299));
#5963 = PCURVE('',#2915,#5964);
#5964 = DEFINITIONAL_REPRESENTATION('',(#5965),#5971);
#5965 = B_SPLINE_CURVE_WITH_KNOTS('',4,(#5966,#5967,#5968,#5969,#5970),
  .UNSPECIFIED.,.F.,.F.,(5,5),(8.84955752215E-05,0.536588258988),
  .PIECEWISE_BEZIER_KNOTS.);
#5966 = CARTESIAN_POINT('',(6.599419630529,8.84955752215E-05));
#5967 = CARTESIAN_POINT('',(6.599419630529,0.134213436428));
#5968 = CARTESIAN_POINT('',(6.599419630529,0.268338377282));
#5969 = CARTESIAN_POINT('',(6.599419630529,0.402463318135));
#5970 = CARTESIAN_POINT('',(6.599419630529,0.536588258988));
#5971 = ( GEOMETRIC_REPRESENTATION_CONTEXT(2) 
PARAMETRIC_REPRESENTATION_CONTEXT() REPRESENTATION_CONTEXT('2D SPACE',''
  ) );
#5972 = PCURVE('',#2988,#5973);
#5973 = DEFINITIONAL_REPRESENTATION('',(#5974),#5980);
#5974 = B_SPLINE_CURVE_WITH_KNOTS('',4,(#5975,#5976,#5977,#5978,#5979),
  .UNSPECIFIED.,.F.,.F.,(5,5),(0.,1.),.PIECEWISE_BEZIER_KNOTS.);
#5975 = CARTESIAN_POINT('',(-5.642553484353,-0.188148844896));
#5976 = CARTESIAN_POINT('',(-2.817512659842,-0.186737728559));
#5977 = CARTESIAN_POINT('',(7.528164669806E-03,-0.185326612222));
#5978 = CARTESIAN_POINT('',(2.832568989181,-0.183915495885));
#5979 = CARTESIAN_POINT('',(5.657609813693,-0.182504379549));
#5980 = ( GEOMETRIC_REPRESENTATION_CONTEXT(2) 
PARAMETRIC_REPRESENTATION_CONTEXT() REPRESENTATION_CONTEXT('2D SPACE',''
  ) );
#5981 = ORIENTED_EDGE('',*,*,#2885,.T.);
#5982 = ORIENTED_EDGE('',*,*,#5922,.F.);
#5983 = ORIENTED_EDGE('',*,*,#5984,.F.);
#5984 = EDGE_CURVE('',#5954,#5897,#5985,.T.);
#5985 = SURFACE_CURVE('',#5986,(#5997,#6011),.PCURVE_S1.);
#5986 = B_SPLINE_CURVE_WITH_KNOTS('',5,(#5987,#5988,#5989,#5990,#5991,
    #5992,#5993,#5994,#5995,#5996),.UNSPECIFIED.,.F.,.F.,(6,4,6),(0.,
    0.49900436037,1.),.UNSPECIFIED.);
#5987 = CARTESIAN_POINT('',(2.023417532216,0.188002202283,0.293329040742
    ));
#5988 = CARTESIAN_POINT('',(2.035248951347,0.152039854125,0.281782181706
    ));
#5989 = CARTESIAN_POINT('',(2.044322576194,0.114937401761,0.272926788629
    ));
#5990 = CARTESIAN_POINT('',(2.050452989667,7.70289051035E-02,
    0.266943819094));
#5991 = CARTESIAN_POINT('',(2.053530191948,3.870544866358E-02,
    0.26394062729));
#5992 = CARTESIAN_POINT('',(2.05357902213,-3.809367763946E-02,
    0.263892971534));
#5993 = CARTESIAN_POINT('',(2.05052623994,-7.657500377162E-02,
    0.26687233058));
#5994 = CARTESIAN_POINT('',(2.044394960299,-0.114641238481,0.27285614545
    ));
#5995 = CARTESIAN_POINT('',(2.03529616277,-0.151896352013,0.281736105775
    ));
#5996 = CARTESIAN_POINT('',(2.023417532216,-0.188002202283,
    0.293329040742));
#5997 = PCURVE('',#2915,#5998);
#5998 = DEFINITIONAL_REPRESENTATION('',(#5999),#6010);
#5999 = B_SPLINE_CURVE_WITH_KNOTS('',5,(#6000,#6001,#6002,#6003,#6004,
    #6005,#6006,#6007,#6008,#6009),.UNSPECIFIED.,.F.,.F.,(6,4,6),(0.,
    0.49900436037,1.),.UNSPECIFIED.);
#6000 = CARTESIAN_POINT('',(6.599420287995,2.604681776479E-02));
#6001 = CARTESIAN_POINT('',(6.536818111732,2.502497183235E-02));
#6002 = CARTESIAN_POINT('',(6.473841523206,2.424130872823E-02));
#6003 = CARTESIAN_POINT('',(6.410598473006,2.371184239768E-02));
#6004 = CARTESIAN_POINT('',(6.347206295284,2.34460732115E-02));
#6005 = CARTESIAN_POINT('',(6.220176222575,2.344185588796E-02));
#6006 = CARTESIAN_POINT('',(6.156529331227,2.37055159805E-02));
#6007 = CARTESIAN_POINT('',(6.093031768984,2.423505711945E-02));
#6008 = CARTESIAN_POINT('',(6.029802306796,2.502089431637E-02));
#6009 = CARTESIAN_POINT('',(5.966950326364,2.604681776479E-02));
#6010 = ( GEOMETRIC_REPRESENTATION_CONTEXT(2) 
PARAMETRIC_REPRESENTATION_CONTEXT() REPRESENTATION_CONTEXT('2D SPACE',''
  ) );
#6011 = PCURVE('',#5911,#6012);
#6012 = DEFINITIONAL_REPRESENTATION('',(#6013),#6024);
#6013 = B_SPLINE_CURVE_WITH_KNOTS('',5,(#6014,#6015,#6016,#6017,#6018,
    #6019,#6020,#6021,#6022,#6023),.UNSPECIFIED.,.F.,.F.,(6,4,6),(0.,
    0.49900436037,1.),.UNSPECIFIED.);
#6014 = CARTESIAN_POINT('',(-0.241860253067,0.188002202283));
#6015 = CARTESIAN_POINT('',(-0.225328089498,0.152039854125));
#6016 = CARTESIAN_POINT('',(-0.21264942023,0.114937401761));
#6017 = CARTESIAN_POINT('',(-0.204083330468,7.70289051035E-02));
#6018 = CARTESIAN_POINT('',(-0.19978352409,3.870544866358E-02));
#6019 = CARTESIAN_POINT('',(-0.199715293175,-3.809367763946E-02));
#6020 = CARTESIAN_POINT('',(-0.203980977109,-7.657500377162E-02));
#6021 = CARTESIAN_POINT('',(-0.212548277176,-0.114641238481));
#6022 = CARTESIAN_POINT('',(-0.225262120491,-0.151896352013));
#6023 = CARTESIAN_POINT('',(-0.241860253067,-0.188002202283));
#6024 = ( GEOMETRIC_REPRESENTATION_CONTEXT(2) 
PARAMETRIC_REPRESENTATION_CONTEXT() REPRESENTATION_CONTEXT('2D SPACE',''
  ) );
#6025 = ADVANCED_FACE('',(#6026),#2988,.F.);
#6026 = FACE_BOUND('',#6027,.F.);
#6027 = EDGE_LOOP('',(#6028,#6029,#6050,#6076,#6096));
#6028 = ORIENTED_EDGE('',*,*,#5953,.F.);
#6029 = ORIENTED_EDGE('',*,*,#6030,.F.);
#6030 = EDGE_CURVE('',#6031,#5954,#6033,.T.);
#6031 = VERTEX_POINT('',#6032);
#6032 = CARTESIAN_POINT('',(2.023417656473,0.541445182752,0.293328919474
    ));
#6033 = SURFACE_CURVE('',#6034,(#6038,#6044),.PCURVE_S1.);
#6034 = LINE('',#6035,#6036);
#6035 = CARTESIAN_POINT('',(2.023417656473,-8.965214233704E-18,
    0.293328919474));
#6036 = VECTOR('',#6037,1.);
#6037 = DIRECTION('',(0.,-1.,0.));
#6038 = PCURVE('',#2988,#6039);
#6039 = DEFINITIONAL_REPRESENTATION('',(#6040),#6043);
#6040 = B_SPLINE_CURVE_WITH_KNOTS('',1,(#6041,#6042),.UNSPECIFIED.,.F.,
  .F.,(2,2),(-0.549998539823,-0.185120091062),.PIECEWISE_BEZIER_KNOTS.);
#6041 = CARTESIAN_POINT('',(-5.348220311487,-0.549998539823));
#6042 = CARTESIAN_POINT('',(-5.348220311487,-0.185120091062));
#6043 = ( GEOMETRIC_REPRESENTATION_CONTEXT(2) 
PARAMETRIC_REPRESENTATION_CONTEXT() REPRESENTATION_CONTEXT('2D SPACE',''
  ) );
#6044 = PCURVE('',#5911,#6045);
#6045 = DEFINITIONAL_REPRESENTATION('',(#6046),#6049);
#6046 = B_SPLINE_CURVE_WITH_KNOTS('',1,(#6047,#6048),.UNSPECIFIED.,.F.,
  .F.,(2,2),(-0.549998539823,-0.185120091062),.PIECEWISE_BEZIER_KNOTS.);
#6047 = CARTESIAN_POINT('',(-0.241860079441,0.549998539823));
#6048 = CARTESIAN_POINT('',(-0.241860079441,0.185120091062));
#6049 = ( GEOMETRIC_REPRESENTATION_CONTEXT(2) 
PARAMETRIC_REPRESENTATION_CONTEXT() REPRESENTATION_CONTEXT('2D SPACE',''
  ) );
#6050 = ORIENTED_EDGE('',*,*,#6051,.F.);
#6051 = EDGE_CURVE('',#6052,#6031,#6054,.T.);
#6052 = VERTEX_POINT('',#6053);
#6053 = CARTESIAN_POINT('',(2.02345938178,0.549581560484,0.285567668855)
  );
#6054 = SURFACE_CURVE('',#6055,(#6059,#6065),.PCURVE_S1.);
#6055 = LINE('',#6056,#6057);
#6056 = CARTESIAN_POINT('',(2.016241097306,-0.857974010472,
    1.628227990911));
#6057 = VECTOR('',#6058,1.);
#6058 = DIRECTION('',(-3.710721342345E-03,-0.723585571605,0.690224710593
    ));
#6059 = PCURVE('',#2988,#6060);
#6060 = DEFINITIONAL_REPRESENTATION('',(#6061),#6064);
#6061 = B_SPLINE_CURVE_WITH_KNOTS('',1,(#6062,#6063),.UNSPECIFIED.,.F.,
  .F.,(2,2),(-1.945827287811,-1.925790210799),.PIECEWISE_BEZIER_KNOTS.);
#6062 = CARTESIAN_POINT('',(-5.356379434549,-0.549998539823));
#6063 = CARTESIAN_POINT('',(-5.342549149007,-0.5355));
#6064 = ( GEOMETRIC_REPRESENTATION_CONTEXT(2) 
PARAMETRIC_REPRESENTATION_CONTEXT() REPRESENTATION_CONTEXT('2D SPACE',''
  ) );
#6065 = PCURVE('',#6066,#6071);
#6066 = PLANE('',#6067);
#6067 = AXIS2_PLACEMENT_3D('',#6068,#6069,#6070);
#6068 = CARTESIAN_POINT('',(2.277398851267E-17,0.702665480206,
    0.1395416723));
#6069 = DIRECTION('',(0.,0.69022946265,0.723590553345));
#6070 = DIRECTION('',(0.,0.723590553345,-0.69022946265));
#6071 = DEFINITIONAL_REPRESENTATION('',(#6072),#6075);
#6072 = B_SPLINE_CURVE_WITH_KNOTS('',1,(#6073,#6074),.UNSPECIFIED.,.F.,
  .F.,(2,2),(-1.945827287811,-1.925790210799),.PIECEWISE_BEZIER_KNOTS.);
#6073 = CARTESIAN_POINT('',(-0.210985259104,-2.023461520151));
#6074 = CARTESIAN_POINT('',(-0.231022198166,-2.023387168142));
#6075 = ( GEOMETRIC_REPRESENTATION_CONTEXT(2) 
PARAMETRIC_REPRESENTATION_CONTEXT() REPRESENTATION_CONTEXT('2D SPACE',''
  ) );
#6076 = ORIENTED_EDGE('',*,*,#6077,.T.);
#6077 = EDGE_CURVE('',#6052,#2974,#6078,.T.);
#6078 = SURFACE_CURVE('',#6079,(#6083,#6090),.PCURVE_S1.);
#6079 = LINE('',#6080,#6081);
#6080 = CARTESIAN_POINT('',(2.025,0.55,-1.E-03));
#6081 = VECTOR('',#6082,1.);
#6082 = DIRECTION('',(-5.376022773886E-03,-1.460154333648E-03,
    0.999984483044));
#6083 = PCURVE('',#2988,#6084);
#6084 = DEFINITIONAL_REPRESENTATION('',(#6085),#6089);
#6085 = LINE('',#6086,#6087);
#6086 = CARTESIAN_POINT('',(-5.642553484353,-0.55));
#6087 = VECTOR('',#6088,1.);
#6088 = DIRECTION('',(0.999998933974,1.460154333648E-03));
#6089 = ( GEOMETRIC_REPRESENTATION_CONTEXT(2) 
PARAMETRIC_REPRESENTATION_CONTEXT() REPRESENTATION_CONTEXT('2D SPACE',''
  ) );
#6090 = PCURVE('',#3014,#6091);
#6091 = DEFINITIONAL_REPRESENTATION('',(#6092),#6095);
#6092 = B_SPLINE_CURVE_WITH_KNOTS('',1,(#6093,#6094),.UNSPECIFIED.,.F.,
  .F.,(2,2),(0.,11.300175344325),.PIECEWISE_BEZIER_KNOTS.);
#6093 = CARTESIAN_POINT('',(-5.627556659815,2.025));
#6094 = CARTESIAN_POINT('',(5.672455386639,1.96425));
#6095 = ( GEOMETRIC_REPRESENTATION_CONTEXT(2) 
PARAMETRIC_REPRESENTATION_CONTEXT() REPRESENTATION_CONTEXT('2D SPACE',''
  ) );
#6096 = ORIENTED_EDGE('',*,*,#2973,.T.);
#6097 = ADVANCED_FACE('',(#6098),#3014,.F.);
#6098 = FACE_BOUND('',#6099,.F.);
#6099 = EDGE_LOOP('',(#6100,#6101,#6122,#6149));
#6100 = ORIENTED_EDGE('',*,*,#6077,.F.);
#6101 = ORIENTED_EDGE('',*,*,#6102,.F.);
#6102 = EDGE_CURVE('',#6103,#6052,#6105,.T.);
#6103 = VERTEX_POINT('',#6104);
#6104 = CARTESIAN_POINT('',(1.700746743681,0.549581560484,0.285567668855
    ));
#6105 = SURFACE_CURVE('',#6106,(#6110,#6116),.PCURVE_S1.);
#6106 = LINE('',#6107,#6108);
#6107 = CARTESIAN_POINT('',(4.043250773045E-17,0.549581560484,
    0.285567668855));
#6108 = VECTOR('',#6109,1.);
#6109 = DIRECTION('',(1.,0.,0.));
#6110 = PCURVE('',#3014,#6111);
#6111 = DEFINITIONAL_REPRESENTATION('',(#6112),#6115);
#6112 = B_SPLINE_CURVE_WITH_KNOTS('',1,(#6113,#6114),.UNSPECIFIED.,.F.,
  .F.,(2,2),(1.674840356411,2.024994623894),.PIECEWISE_BEZIER_KNOTS.);
#6113 = CARTESIAN_POINT('',(-5.340988685462,1.674840356411));
#6114 = CARTESIAN_POINT('',(-5.340988685462,2.024994623894));
#6115 = ( GEOMETRIC_REPRESENTATION_CONTEXT(2) 
PARAMETRIC_REPRESENTATION_CONTEXT() REPRESENTATION_CONTEXT('2D SPACE',''
  ) );
#6116 = PCURVE('',#6066,#6117);
#6117 = DEFINITIONAL_REPRESENTATION('',(#6118),#6121);
#6118 = B_SPLINE_CURVE_WITH_KNOTS('',1,(#6119,#6120),.UNSPECIFIED.,.F.,
  .F.,(2,2),(1.674840356411,2.024994623894),.PIECEWISE_BEZIER_KNOTS.);
#6119 = CARTESIAN_POINT('',(-0.211561523316,-1.674840356411));
#6120 = CARTESIAN_POINT('',(-0.211561523316,-2.024994623894));
#6121 = ( GEOMETRIC_REPRESENTATION_CONTEXT(2) 
PARAMETRIC_REPRESENTATION_CONTEXT() REPRESENTATION_CONTEXT('2D SPACE',''
  ) );
#6122 = ORIENTED_EDGE('',*,*,#6123,.T.);
#6123 = EDGE_CURVE('',#6103,#3000,#6124,.T.);
#6124 = SURFACE_CURVE('',#6125,(#6131,#6140),.PCURVE_S1.);
#6125 = B_SPLINE_CURVE_WITH_KNOTS('',4,(#6126,#6127,#6128,#6129,#6130),
  .UNSPECIFIED.,.F.,.F.,(5,5),(0.,1.),.PIECEWISE_BEZIER_KNOTS.);
#6126 = CARTESIAN_POINT('',(1.702041655476,0.55,-1.000000000002E-03));
#6127 = CARTESIAN_POINT('',(1.68927634306,0.545875,2.824));
#6128 = CARTESIAN_POINT('',(1.676511030644,0.54175,5.649));
#6129 = CARTESIAN_POINT('',(1.663745718228,0.537625,8.474));
#6130 = CARTESIAN_POINT('',(1.650980405812,0.5335,11.299));
#6131 = PCURVE('',#3014,#6132);
#6132 = DEFINITIONAL_REPRESENTATION('',(#6133),#6139);
#6133 = B_SPLINE_CURVE_WITH_KNOTS('',4,(#6134,#6135,#6136,#6137,#6138),
  .UNSPECIFIED.,.F.,.F.,(5,5),(0.,1.),.PIECEWISE_BEZIER_KNOTS.);
#6134 = CARTESIAN_POINT('',(-5.627556659815,1.702041655476));
#6135 = CARTESIAN_POINT('',(-2.802553648202,1.68927634306));
#6136 = CARTESIAN_POINT('',(2.244936341176E-02,1.676511030644));
#6137 = CARTESIAN_POINT('',(2.847452375025,1.663745718228));
#6138 = CARTESIAN_POINT('',(5.672455386639,1.650980405812));
#6139 = ( GEOMETRIC_REPRESENTATION_CONTEXT(2) 
PARAMETRIC_REPRESENTATION_CONTEXT() REPRESENTATION_CONTEXT('2D SPACE',''
  ) );
#6140 = PCURVE('',#3055,#6141);
#6141 = DEFINITIONAL_REPRESENTATION('',(#6142),#6148);
#6142 = B_SPLINE_CURVE_WITH_KNOTS('',4,(#6143,#6144,#6145,#6146,#6147),
  .UNSPECIFIED.,.F.,.F.,(5,5),(0.,1.),.PIECEWISE_BEZIER_KNOTS.);
#6143 = CARTESIAN_POINT('',(1.141096657772,0.));
#6144 = CARTESIAN_POINT('',(1.141096657772,0.25));
#6145 = CARTESIAN_POINT('',(1.141096657772,0.5));
#6146 = CARTESIAN_POINT('',(1.141096657772,0.75));
#6147 = CARTESIAN_POINT('',(1.141096657772,1.));
#6148 = ( GEOMETRIC_REPRESENTATION_CONTEXT(2) 
PARAMETRIC_REPRESENTATION_CONTEXT() REPRESENTATION_CONTEXT('2D SPACE',''
  ) );
#6149 = ORIENTED_EDGE('',*,*,#2999,.T.);
#6150 = ADVANCED_FACE('',(#6151),#3055,.F.);
#6151 = FACE_BOUND('',#6152,.F.);
#6152 = EDGE_LOOP('',(#6153,#6154,#6198,#6225));
#6153 = ORIENTED_EDGE('',*,*,#6123,.F.);
#6154 = ORIENTED_EDGE('',*,*,#6155,.F.);
#6155 = EDGE_CURVE('',#6156,#6103,#6158,.T.);
#6156 = VERTEX_POINT('',#6157);
#6157 = CARTESIAN_POINT('',(1.197046933734,0.549581560484,0.285567668855
    ));
#6158 = SURFACE_CURVE('',#6159,(#6170,#6184),.PCURVE_S1.);
#6159 = B_SPLINE_CURVE_WITH_KNOTS('',5,(#6160,#6161,#6162,#6163,#6164,
    #6165,#6166,#6167,#6168,#6169),.UNSPECIFIED.,.F.,.F.,(6,4,6),(0.,
    0.503705467145,1.),.UNSPECIFIED.);
#6160 = CARTESIAN_POINT('',(1.197046603526,0.549581409163,0.285567813199
    ));
#6161 = CARTESIAN_POINT('',(1.244027402849,0.571110804531,0.265031029064
    ));
#6162 = CARTESIAN_POINT('',(1.293755493314,0.58784168219,0.249071527323)
  );
#6163 = CARTESIAN_POINT('',(1.345492257216,0.599195056431,0.238241599589
    ));
#6164 = CARTESIAN_POINT('',(1.398264382373,0.604786017544,0.232908409338
    ));
#6165 = CARTESIAN_POINT('',(1.502934611062,0.604458598929,0.233220732341
    ));
#6166 = CARTESIAN_POINT('',(1.554855652323,0.598708293802,0.238705920062
    ));
#6167 = CARTESIAN_POINT('',(1.605713921513,0.587369428436,0.249522007851
    ));
#6168 = CARTESIAN_POINT('',(1.65458017425,0.570809270871,0.265318660536)
  );
#6169 = CARTESIAN_POINT('',(1.700747072777,0.549581409163,0.285567813199
    ));
#6170 = PCURVE('',#3055,#6171);
#6171 = DEFINITIONAL_REPRESENTATION('',(#6172),#6183);
#6172 = B_SPLINE_CURVE_WITH_KNOTS('',5,(#6173,#6174,#6175,#6176,#6177,
    #6178,#6179,#6180,#6181,#6182),.UNSPECIFIED.,.F.,.F.,(6,4,6),(0.,
    0.503705467145,1.),.UNSPECIFIED.);
#6173 = CARTESIAN_POINT('',(2.000496595206,2.535998346897E-02));
#6174 = CARTESIAN_POINT('',(1.915130751485,2.354256894375E-02));
#6175 = CARTESIAN_POINT('',(1.82892426853,2.213022365686E-02));
#6176 = CARTESIAN_POINT('',(1.742090335645,2.117182297246E-02));
#6177 = CARTESIAN_POINT('',(1.654874088834,2.069985923343E-02));
#6178 = CARTESIAN_POINT('',(1.481755023411,2.072749843726E-02));
#6179 = CARTESIAN_POINT('',(1.395818622881,2.121291327982E-02));
#6180 = CARTESIAN_POINT('',(1.310243166602,2.217008919038E-02));
#6181 = CARTESIAN_POINT('',(1.225266295543,2.356802305631E-02));
#6182 = CARTESIAN_POINT('',(1.141096057772,2.535998346897E-02));
#6183 = ( GEOMETRIC_REPRESENTATION_CONTEXT(2) 
PARAMETRIC_REPRESENTATION_CONTEXT() REPRESENTATION_CONTEXT('2D SPACE',''
  ) );
#6184 = PCURVE('',#6066,#6185);
#6185 = DEFINITIONAL_REPRESENTATION('',(#6186),#6197);
#6186 = B_SPLINE_CURVE_WITH_KNOTS('',5,(#6187,#6188,#6189,#6190,#6191,
    #6192,#6193,#6194,#6195,#6196),.UNSPECIFIED.,.F.,.F.,(6,4,6),(0.,
    0.503705467145,1.),.UNSPECIFIED.);
#6187 = CARTESIAN_POINT('',(-0.21156173244,-1.197046603526));
#6188 = CARTESIAN_POINT('',(-0.181808171855,-1.244027402849));
#6189 = CARTESIAN_POINT('',(-0.15868614852,-1.293755493314));
#6190 = CARTESIAN_POINT('',(-0.14299581897,-1.345492257216));
#6191 = CARTESIAN_POINT('',(-0.135269127284,-1.398264382373));
#6192 = CARTESIAN_POINT('',(-0.135721618839,-1.502934611062));
#6193 = CARTESIAN_POINT('',(-0.143668523481,-1.554855652323));
#6194 = CARTESIAN_POINT('',(-0.159338801809,-1.605713921513));
#6195 = CARTESIAN_POINT('',(-0.182224890479,-1.65458017425));
#6196 = CARTESIAN_POINT('',(-0.21156173244,-1.700747072777));
#6197 = ( GEOMETRIC_REPRESENTATION_CONTEXT(2) 
PARAMETRIC_REPRESENTATION_CONTEXT() REPRESENTATION_CONTEXT('2D SPACE',''
  ) );
#6198 = ORIENTED_EDGE('',*,*,#6199,.T.);
#6199 = EDGE_CURVE('',#6156,#3026,#6200,.T.);
#6200 = SURFACE_CURVE('',#6201,(#6207,#6216),.PCURVE_S1.);
#6201 = B_SPLINE_CURVE_WITH_KNOTS('',4,(#6202,#6203,#6204,#6205,#6206),
  .UNSPECIFIED.,.F.,.F.,(5,5),(0.,1.),.PIECEWISE_BEZIER_KNOTS.);
#6202 = CARTESIAN_POINT('',(1.197958339386,0.55,-1.000000000002E-03));
#6203 = CARTESIAN_POINT('',(1.18897365184,0.545875,2.824));
#6204 = CARTESIAN_POINT('',(1.179988964295,0.54175,5.649));
#6205 = CARTESIAN_POINT('',(1.17100427675,0.537625,8.474));
#6206 = CARTESIAN_POINT('',(1.162019589204,0.5335,11.299));
#6207 = PCURVE('',#3055,#6208);
#6208 = DEFINITIONAL_REPRESENTATION('',(#6209),#6215);
#6209 = B_SPLINE_CURVE_WITH_KNOTS('',4,(#6210,#6211,#6212,#6213,#6214),
  .UNSPECIFIED.,.F.,.F.,(5,5),(0.,1.),.PIECEWISE_BEZIER_KNOTS.);
#6210 = CARTESIAN_POINT('',(2.000495995206,0.));
#6211 = CARTESIAN_POINT('',(2.000495995206,0.25));
#6212 = CARTESIAN_POINT('',(2.000495995206,0.5));
#6213 = CARTESIAN_POINT('',(2.000495995206,0.75));
#6214 = CARTESIAN_POINT('',(2.000495995206,1.));
#6215 = ( GEOMETRIC_REPRESENTATION_CONTEXT(2) 
PARAMETRIC_REPRESENTATION_CONTEXT() REPRESENTATION_CONTEXT('2D SPACE',''
  ) );
#6216 = PCURVE('',#3113,#6217);
#6217 = DEFINITIONAL_REPRESENTATION('',(#6218),#6224);
#6218 = B_SPLINE_CURVE_WITH_KNOTS('',4,(#6219,#6220,#6221,#6222,#6223),
  .UNSPECIFIED.,.F.,.F.,(5,5),(0.,1.),.PIECEWISE_BEZIER_KNOTS.);
#6219 = CARTESIAN_POINT('',(-5.627556659815,1.197958339386));
#6220 = CARTESIAN_POINT('',(-2.802553648202,1.18897365184));
#6221 = CARTESIAN_POINT('',(2.244936341174E-02,1.179988964295));
#6222 = CARTESIAN_POINT('',(2.847452375025,1.17100427675));
#6223 = CARTESIAN_POINT('',(5.672455386639,1.162019589204));
#6224 = ( GEOMETRIC_REPRESENTATION_CONTEXT(2) 
PARAMETRIC_REPRESENTATION_CONTEXT() REPRESENTATION_CONTEXT('2D SPACE',''
  ) );
#6225 = ORIENTED_EDGE('',*,*,#3025,.T.);
#6226 = ADVANCED_FACE('',(#6227),#3113,.F.);
#6227 = FACE_BOUND('',#6228,.F.);
#6228 = EDGE_LOOP('',(#6229,#6230,#6251,#6270));
#6229 = ORIENTED_EDGE('',*,*,#6199,.F.);
#6230 = ORIENTED_EDGE('',*,*,#6231,.F.);
#6231 = EDGE_CURVE('',#6232,#6156,#6234,.T.);
#6232 = VERTEX_POINT('',#6233);
#6233 = CARTESIAN_POINT('',(0.849353320747,0.549581560484,0.285567668855
    ));
#6234 = SURFACE_CURVE('',#6235,(#6239,#6245),.PCURVE_S1.);
#6235 = LINE('',#6236,#6237);
#6236 = CARTESIAN_POINT('',(4.043250773045E-17,0.549581560484,
    0.285567668855));
#6237 = VECTOR('',#6238,1.);
#6238 = DIRECTION('',(1.,0.,0.));
#6239 = PCURVE('',#3113,#6240);
#6240 = DEFINITIONAL_REPRESENTATION('',(#6241),#6244);
#6241 = B_SPLINE_CURVE_WITH_KNOTS('',1,(#6242,#6243),.UNSPECIFIED.,.F.,
  .F.,(2,2),(0.836415664898,1.197958339386),.PIECEWISE_BEZIER_KNOTS.);
#6242 = CARTESIAN_POINT('',(-5.340988685462,0.836415664898));
#6243 = CARTESIAN_POINT('',(-5.340988685462,1.197958339386));
#6244 = ( GEOMETRIC_REPRESENTATION_CONTEXT(2) 
PARAMETRIC_REPRESENTATION_CONTEXT() REPRESENTATION_CONTEXT('2D SPACE',''
  ) );
#6245 = PCURVE('',#6066,#6246);
#6246 = DEFINITIONAL_REPRESENTATION('',(#6247),#6250);
#6247 = B_SPLINE_CURVE_WITH_KNOTS('',1,(#6248,#6249),.UNSPECIFIED.,.F.,
  .F.,(2,2),(0.836415664898,1.197958339386),.PIECEWISE_BEZIER_KNOTS.);
#6248 = CARTESIAN_POINT('',(-0.211561523316,-0.836415664898));
#6249 = CARTESIAN_POINT('',(-0.211561523316,-1.197958339386));
#6250 = ( GEOMETRIC_REPRESENTATION_CONTEXT(2) 
PARAMETRIC_REPRESENTATION_CONTEXT() REPRESENTATION_CONTEXT('2D SPACE',''
  ) );
#6251 = ORIENTED_EDGE('',*,*,#6252,.T.);
#6252 = EDGE_CURVE('',#6232,#3099,#6253,.T.);
#6253 = SURFACE_CURVE('',#6254,(#6257,#6263),.PCURVE_S1.);
#6254 = B_SPLINE_CURVE_WITH_KNOTS('',1,(#6255,#6256),.UNSPECIFIED.,.F.,
  .F.,(2,2),(0.,1.),.PIECEWISE_BEZIER_KNOTS.);
#6255 = CARTESIAN_POINT('',(0.85,0.55,-1.E-03));
#6256 = CARTESIAN_POINT('',(0.8245,0.5335,11.299));
#6257 = PCURVE('',#3113,#6258);
#6258 = DEFINITIONAL_REPRESENTATION('',(#6259),#6262);
#6259 = B_SPLINE_CURVE_WITH_KNOTS('',1,(#6260,#6261),.UNSPECIFIED.,.F.,
  .F.,(2,2),(0.,1.),.PIECEWISE_BEZIER_KNOTS.);
#6260 = CARTESIAN_POINT('',(-5.627556659815,0.85));
#6261 = CARTESIAN_POINT('',(5.672455386639,0.8245));
#6262 = ( GEOMETRIC_REPRESENTATION_CONTEXT(2) 
PARAMETRIC_REPRESENTATION_CONTEXT() REPRESENTATION_CONTEXT('2D SPACE',''
  ) );
#6263 = PCURVE('',#3158,#6264);
#6264 = DEFINITIONAL_REPRESENTATION('',(#6265),#6269);
#6265 = LINE('',#6266,#6267);
#6266 = CARTESIAN_POINT('',(1.570796326795,0.));
#6267 = VECTOR('',#6268,1.);
#6268 = DIRECTION('',(0.,1.));
#6269 = ( GEOMETRIC_REPRESENTATION_CONTEXT(2) 
PARAMETRIC_REPRESENTATION_CONTEXT() REPRESENTATION_CONTEXT('2D SPACE',''
  ) );
#6270 = ORIENTED_EDGE('',*,*,#3098,.T.);
#6271 = ADVANCED_FACE('',(#6272),#3158,.F.);
#6272 = FACE_BOUND('',#6273,.F.);
#6273 = EDGE_LOOP('',(#6274,#6331,#6350,#6351,#6352));
#6274 = ORIENTED_EDGE('',*,*,#6275,.T.);
#6275 = EDGE_CURVE('',#6276,#6278,#6280,.T.);
#6276 = VERTEX_POINT('',#6277);
#6277 = CARTESIAN_POINT('',(0.637524745612,0.637524745612,0.201679097985
    ));
#6278 = VERTEX_POINT('',#6279);
#6279 = CARTESIAN_POINT('',(0.549581560484,0.849353320747,0.285567668855
    ));
#6280 = SURFACE_CURVE('',#6281,(#6294,#6310),.PCURVE_S1.);
#6281 = B_SPLINE_CURVE_WITH_KNOTS('',6,(#6282,#6283,#6284,#6285,#6286,
    #6287,#6288,#6289,#6290,#6291,#6292,#6293),.UNSPECIFIED.,.F.,.F.,(7,
    5,7),(0.,0.579006511697,1.),.UNSPECIFIED.);
#6282 = CARTESIAN_POINT('',(0.848958774367,0.550000348918,
    -6.780000003981E-06));
#6283 = CARTESIAN_POINT('',(0.804314175024,0.550092454076,
    4.257948328355E-02));
#6284 = CARTESIAN_POINT('',(0.759709167963,0.558123456022,
    8.51279796858E-02));
#6285 = CARTESIAN_POINT('',(0.7167753067,0.574082758803,0.126082378347)
  );
#6286 = CARTESIAN_POINT('',(0.677168299469,0.597615396424,0.163863307343
    ));
#6287 = CARTESIAN_POINT('',(0.64255175688,0.627901591729,0.196883856712)
  );
#6288 = CARTESIAN_POINT('',(0.593706695041,0.689523955721,0.243476920469
    ));
#6289 = CARTESIAN_POINT('',(0.576490785355,0.718320094152,0.259899091872
    ));
#6290 = CARTESIAN_POINT('',(0.563150755376,0.749433724291,0.272624080723
    ));
#6291 = CARTESIAN_POINT('',(0.554103552259,0.782183829348,0.281254163187
    ));
#6292 = CARTESIAN_POINT('',(0.549581560484,0.815766744459,0.285567668855
    ));
#6293 = CARTESIAN_POINT('',(0.549581560484,0.849353320747,0.285567668855
    ));
#6294 = PCURVE('',#3158,#6295);
#6295 = DEFINITIONAL_REPRESENTATION('',(#6296),#6309);
#6296 = B_SPLINE_CURVE_WITH_KNOTS('',6,(#6297,#6298,#6299,#6300,#6301,
    #6302,#6303,#6304,#6305,#6306,#6307,#6308),.UNSPECIFIED.,.F.,.F.,(7,
    5,7),(0.,0.579006511697,1.),.UNSPECIFIED.);
#6297 = CARTESIAN_POINT('',(1.574259623946,8.7895575221E-05));
#6298 = CARTESIAN_POINT('',(1.722756298757,3.856591441022E-03));
#6299 = CARTESIAN_POINT('',(1.871252516812,7.621945104938E-03));
#6300 = CARTESIAN_POINT('',(2.020221015653,1.124622817229E-02));
#6301 = CARTESIAN_POINT('',(2.170012786756,1.45896732162E-02));
#6302 = CARTESIAN_POINT('',(2.320867886214,1.751184572676E-02));
#6303 = CARTESIAN_POINT('',(2.583192038464,2.163512570525E-02));
#6304 = CARTESIAN_POINT('',(2.694182309822,2.308841520988E-02));
#6305 = CARTESIAN_POINT('',(2.805650288362,2.421452041795E-02));
#6306 = CARTESIAN_POINT('',(2.91749123598,2.497824452982E-02));
#6307 = CARTESIAN_POINT('',(3.029552158987,2.535997069515E-02));
#6308 = CARTESIAN_POINT('',(3.14159265359,2.535997069515E-02));
#6309 = ( GEOMETRIC_REPRESENTATION_CONTEXT(2) 
PARAMETRIC_REPRESENTATION_CONTEXT() REPRESENTATION_CONTEXT('2D SPACE',''
  ) );
#6310 = PCURVE('',#6311,#6316);
#6311 = PLANE('',#6312);
#6312 = AXIS2_PLACEMENT_3D('',#6313,#6314,#6315);
#6313 = CARTESIAN_POINT('',(0.702665480206,0.,0.1395416723));
#6314 = DIRECTION('',(0.69022946265,0.,0.723590553345));
#6315 = DIRECTION('',(0.723590553345,0.,-0.69022946265));
#6316 = DEFINITIONAL_REPRESENTATION('',(#6317),#6330);
#6317 = B_SPLINE_CURVE_WITH_KNOTS('',6,(#6318,#6319,#6320,#6321,#6322,
    #6323,#6324,#6325,#6326,#6327,#6328,#6329),.UNSPECIFIED.,.F.,.F.,(7,
    5,7),(0.,0.579006511697,1.),.UNSPECIFIED.);
#6318 = CARTESIAN_POINT('',(0.202176898917,0.550000348918));
#6319 = CARTESIAN_POINT('',(0.140478194952,0.550092454076));
#6320 = CARTESIAN_POINT('',(7.883420740245E-02,0.558123456022));
#6321 = CARTESIAN_POINT('',(1.949973839296E-02,0.574082758803));
#6322 = CARTESIAN_POINT('',(-3.52370282052E-02,0.597615396424));
#6323 = CARTESIAN_POINT('',(-8.307698745945E-02,0.627901591729));
#6324 = CARTESIAN_POINT('',(-0.150580718144,0.689523955721));
#6325 = CARTESIAN_POINT('',(-0.174373054303,0.718320094152));
#6326 = CARTESIAN_POINT('',(-0.192808936194,0.749433724291));
#6327 = CARTESIAN_POINT('',(-0.205312144085,0.782183829348));
#6328 = CARTESIAN_POINT('',(-0.211561523316,0.815766744459));
#6329 = CARTESIAN_POINT('',(-0.211561523316,0.849353320747));
#6330 = ( GEOMETRIC_REPRESENTATION_CONTEXT(2) 
PARAMETRIC_REPRESENTATION_CONTEXT() REPRESENTATION_CONTEXT('2D SPACE',''
  ) );
#6331 = ORIENTED_EDGE('',*,*,#6332,.T.);
#6332 = EDGE_CURVE('',#6278,#3125,#6333,.T.);
#6333 = SURFACE_CURVE('',#6334,(#6337,#6344),.PCURVE_S1.);
#6334 = B_SPLINE_CURVE_WITH_KNOTS('',1,(#6335,#6336),.UNSPECIFIED.,.F.,
  .F.,(2,2),(0.,1.),.PIECEWISE_BEZIER_KNOTS.);
#6335 = CARTESIAN_POINT('',(0.55,0.85,-1.E-03));
#6336 = CARTESIAN_POINT('',(0.5335,0.8245,11.299));
#6337 = PCURVE('',#3158,#6338);
#6338 = DEFINITIONAL_REPRESENTATION('',(#6339),#6343);
#6339 = LINE('',#6340,#6341);
#6340 = CARTESIAN_POINT('',(3.14159265359,0.));
#6341 = VECTOR('',#6342,1.);
#6342 = DIRECTION('',(0.,1.));
#6343 = ( GEOMETRIC_REPRESENTATION_CONTEXT(2) 
PARAMETRIC_REPRESENTATION_CONTEXT() REPRESENTATION_CONTEXT('2D SPACE',''
  ) );
#6344 = PCURVE('',#3206,#6345);
#6345 = DEFINITIONAL_REPRESENTATION('',(#6346),#6349);
#6346 = B_SPLINE_CURVE_WITH_KNOTS('',1,(#6347,#6348),.UNSPECIFIED.,.F.,
  .F.,(2,2),(0.,1.),.PIECEWISE_BEZIER_KNOTS.);
#6347 = CARTESIAN_POINT('',(-5.627556659815,-0.85));
#6348 = CARTESIAN_POINT('',(5.672455386639,-0.8245));
#6349 = ( GEOMETRIC_REPRESENTATION_CONTEXT(2) 
PARAMETRIC_REPRESENTATION_CONTEXT() REPRESENTATION_CONTEXT('2D SPACE',''
  ) );
#6350 = ORIENTED_EDGE('',*,*,#3124,.T.);
#6351 = ORIENTED_EDGE('',*,*,#6252,.F.);
#6352 = ORIENTED_EDGE('',*,*,#6353,.F.);
#6353 = EDGE_CURVE('',#6276,#6232,#6354,.T.);
#6354 = SURFACE_CURVE('',#6355,(#6368,#6384),.PCURVE_S1.);
#6355 = B_SPLINE_CURVE_WITH_KNOTS('',6,(#6356,#6357,#6358,#6359,#6360,
    #6361,#6362,#6363,#6364,#6365,#6366,#6367),.UNSPECIFIED.,.F.,.F.,(7,
    5,7),(0.,0.579006511697,1.),.UNSPECIFIED.);
#6356 = CARTESIAN_POINT('',(0.550000348918,0.848958774367,
    -6.780000000595E-06));
#6357 = CARTESIAN_POINT('',(0.550092454076,0.804314175024,
    4.257948328354E-02));
#6358 = CARTESIAN_POINT('',(0.558123456022,0.759709167963,
    8.512797968585E-02));
#6359 = CARTESIAN_POINT('',(0.574082758803,0.7167753067,0.126082378347)
  );
#6360 = CARTESIAN_POINT('',(0.597615396424,0.677168299469,0.163863307343
    ));
#6361 = CARTESIAN_POINT('',(0.627901591729,0.64255175688,0.196883856712)
  );
#6362 = CARTESIAN_POINT('',(0.689523955721,0.593706695041,0.243476920469
    ));
#6363 = CARTESIAN_POINT('',(0.718320094152,0.576490785355,0.259899091872
    ));
#6364 = CARTESIAN_POINT('',(0.749433724291,0.563150755376,0.272624080723
    ));
#6365 = CARTESIAN_POINT('',(0.782183829348,0.554103552259,0.281254163187
    ));
#6366 = CARTESIAN_POINT('',(0.815766744459,0.549581560484,0.285567668855
    ));
#6367 = CARTESIAN_POINT('',(0.849353320747,0.549581560484,0.285567668855
    ));
#6368 = PCURVE('',#3158,#6369);
#6369 = DEFINITIONAL_REPRESENTATION('',(#6370),#6383);
#6370 = B_SPLINE_CURVE_WITH_KNOTS('',6,(#6371,#6372,#6373,#6374,#6375,
    #6376,#6377,#6378,#6379,#6380,#6381,#6382),.UNSPECIFIED.,.F.,.F.,(7,
    5,7),(0.,0.579006511697,1.),.UNSPECIFIED.);
#6371 = CARTESIAN_POINT('',(3.138129356439,8.789557522128E-05));
#6372 = CARTESIAN_POINT('',(2.989632681628,3.856591441021E-03));
#6373 = CARTESIAN_POINT('',(2.841136463573,7.621945104942E-03));
#6374 = CARTESIAN_POINT('',(2.692167964732,1.124622817228E-02));
#6375 = CARTESIAN_POINT('',(2.542376193628,1.458967321621E-02));
#6376 = CARTESIAN_POINT('',(2.391521094171,1.751184572676E-02));
#6377 = CARTESIAN_POINT('',(2.129196941921,2.163512570525E-02));
#6378 = CARTESIAN_POINT('',(2.018206670563,2.308841520988E-02));
#6379 = CARTESIAN_POINT('',(1.906738692023,2.421452041795E-02));
#6380 = CARTESIAN_POINT('',(1.794897744405,2.497824452982E-02));
#6381 = CARTESIAN_POINT('',(1.682836821398,2.535997069514E-02));
#6382 = CARTESIAN_POINT('',(1.570796326795,2.535997069515E-02));
#6383 = ( GEOMETRIC_REPRESENTATION_CONTEXT(2) 
PARAMETRIC_REPRESENTATION_CONTEXT() REPRESENTATION_CONTEXT('2D SPACE',''
  ) );
#6384 = PCURVE('',#6066,#6385);
#6385 = DEFINITIONAL_REPRESENTATION('',(#6386),#6399);
#6386 = B_SPLINE_CURVE_WITH_KNOTS('',6,(#6387,#6388,#6389,#6390,#6391,
    #6392,#6393,#6394,#6395,#6396,#6397,#6398),.UNSPECIFIED.,.F.,.F.,(7,
    5,7),(0.,0.579006511697,1.),.UNSPECIFIED.);
#6387 = CARTESIAN_POINT('',(0.202176898917,-0.550000348918));
#6388 = CARTESIAN_POINT('',(0.140478194952,-0.550092454076));
#6389 = CARTESIAN_POINT('',(7.883420740238E-02,-0.558123456022));
#6390 = CARTESIAN_POINT('',(1.949973839304E-02,-0.574082758803));
#6391 = CARTESIAN_POINT('',(-3.523702820527E-02,-0.597615396424));
#6392 = CARTESIAN_POINT('',(-8.307698745943E-02,-0.627901591729));
#6393 = CARTESIAN_POINT('',(-0.150580718144,-0.689523955721));
#6394 = CARTESIAN_POINT('',(-0.174373054303,-0.718320094152));
#6395 = CARTESIAN_POINT('',(-0.192808936194,-0.749433724291));
#6396 = CARTESIAN_POINT('',(-0.205312144085,-0.782183829348));
#6397 = CARTESIAN_POINT('',(-0.211561523316,-0.815766744459));
#6398 = CARTESIAN_POINT('',(-0.211561523316,-0.849353320747));
#6399 = ( GEOMETRIC_REPRESENTATION_CONTEXT(2) 
PARAMETRIC_REPRESENTATION_CONTEXT() REPRESENTATION_CONTEXT('2D SPACE',''
  ) );
#6400 = ADVANCED_FACE('',(#6401),#3206,.F.);
#6401 = FACE_BOUND('',#6402,.F.);
#6402 = EDGE_LOOP('',(#6403,#6404,#6425,#6452));
#6403 = ORIENTED_EDGE('',*,*,#6332,.F.);
#6404 = ORIENTED_EDGE('',*,*,#6405,.F.);
#6405 = EDGE_CURVE('',#6406,#6278,#6408,.T.);
#6406 = VERTEX_POINT('',#6407);
#6407 = CARTESIAN_POINT('',(0.549581560484,1.197046932191,0.285567668855
    ));
#6408 = SURFACE_CURVE('',#6409,(#6413,#6419),.PCURVE_S1.);
#6409 = LINE('',#6410,#6411);
#6410 = CARTESIAN_POINT('',(0.549581560484,2.904551347411E-17,
    0.285567668855));
#6411 = VECTOR('',#6412,1.);
#6412 = DIRECTION('',(0.,-1.,0.));
#6413 = PCURVE('',#3206,#6414);
#6414 = DEFINITIONAL_REPRESENTATION('',(#6415),#6418);
#6415 = B_SPLINE_CURVE_WITH_KNOTS('',1,(#6416,#6417),.UNSPECIFIED.,.F.,
  .F.,(2,2),(-1.197958337841,-0.836497483176),.PIECEWISE_BEZIER_KNOTS.);
#6416 = CARTESIAN_POINT('',(-5.340988685462,-1.197958337841));
#6417 = CARTESIAN_POINT('',(-5.340988685462,-0.836497483176));
#6418 = ( GEOMETRIC_REPRESENTATION_CONTEXT(2) 
PARAMETRIC_REPRESENTATION_CONTEXT() REPRESENTATION_CONTEXT('2D SPACE',''
  ) );
#6419 = PCURVE('',#6311,#6420);
#6420 = DEFINITIONAL_REPRESENTATION('',(#6421),#6424);
#6421 = B_SPLINE_CURVE_WITH_KNOTS('',1,(#6422,#6423),.UNSPECIFIED.,.F.,
  .F.,(2,2),(-1.197958337841,-0.836497483176),.PIECEWISE_BEZIER_KNOTS.);
#6422 = CARTESIAN_POINT('',(-0.211561523316,1.197958337841));
#6423 = CARTESIAN_POINT('',(-0.211561523316,0.836497483176));
#6424 = ( GEOMETRIC_REPRESENTATION_CONTEXT(2) 
PARAMETRIC_REPRESENTATION_CONTEXT() REPRESENTATION_CONTEXT('2D SPACE',''
  ) );
#6425 = ORIENTED_EDGE('',*,*,#6426,.T.);
#6426 = EDGE_CURVE('',#6406,#3192,#6427,.T.);
#6427 = SURFACE_CURVE('',#6428,(#6434,#6443),.PCURVE_S1.);
#6428 = B_SPLINE_CURVE_WITH_KNOTS('',4,(#6429,#6430,#6431,#6432,#6433),
  .UNSPECIFIED.,.F.,.F.,(5,5),(0.,1.),.PIECEWISE_BEZIER_KNOTS.);
#6429 = CARTESIAN_POINT('',(0.55,1.197958337841,-1.000000000002E-03));
#6430 = CARTESIAN_POINT('',(0.545875,1.188973650307,2.824));
#6431 = CARTESIAN_POINT('',(0.54175,1.179988962773,5.649));
#6432 = CARTESIAN_POINT('',(0.537625,1.171004275239,8.474));
#6433 = CARTESIAN_POINT('',(0.5335,1.162019587706,11.299));
#6434 = PCURVE('',#3206,#6435);
#6435 = DEFINITIONAL_REPRESENTATION('',(#6436),#6442);
#6436 = B_SPLINE_CURVE_WITH_KNOTS('',4,(#6437,#6438,#6439,#6440,#6441),
  .UNSPECIFIED.,.F.,.F.,(5,5),(0.,1.),.PIECEWISE_BEZIER_KNOTS.);
#6437 = CARTESIAN_POINT('',(-5.627556659815,-1.197958337841));
#6438 = CARTESIAN_POINT('',(-2.802553648202,-1.188973650307));
#6439 = CARTESIAN_POINT('',(2.244936341169E-02,-1.179988962773));
#6440 = CARTESIAN_POINT('',(2.847452375025,-1.171004275239));
#6441 = CARTESIAN_POINT('',(5.672455386639,-1.162019587706));
#6442 = ( GEOMETRIC_REPRESENTATION_CONTEXT(2) 
PARAMETRIC_REPRESENTATION_CONTEXT() REPRESENTATION_CONTEXT('2D SPACE',''
  ) );
#6443 = PCURVE('',#3243,#6444);
#6444 = DEFINITIONAL_REPRESENTATION('',(#6445),#6451);
#6445 = B_SPLINE_CURVE_WITH_KNOTS('',4,(#6446,#6447,#6448,#6449,#6450),
  .UNSPECIFIED.,.F.,.F.,(5,5),(8.849557522139E-05,0.525788193378),
  .PIECEWISE_BEZIER_KNOTS.);
#6446 = CARTESIAN_POINT('',(5.853485642,8.849557522139E-05));
#6447 = CARTESIAN_POINT('',(5.853485642,0.131513420026));
#6448 = CARTESIAN_POINT('',(5.853485642,0.262938344477));
#6449 = CARTESIAN_POINT('',(5.853485642,0.394363268927));
#6450 = CARTESIAN_POINT('',(5.853485642,0.525788193378));
#6451 = ( GEOMETRIC_REPRESENTATION_CONTEXT(2) 
PARAMETRIC_REPRESENTATION_CONTEXT() REPRESENTATION_CONTEXT('2D SPACE',''
  ) );
#6452 = ORIENTED_EDGE('',*,*,#3191,.T.);
#6453 = ADVANCED_FACE('',(#6454),#3243,.F.);
#6454 = FACE_BOUND('',#6455,.F.);
#6455 = EDGE_LOOP('',(#6456,#6485,#6486,#6487));
#6456 = ORIENTED_EDGE('',*,*,#6457,.T.);
#6457 = EDGE_CURVE('',#6458,#3218,#6460,.T.);
#6458 = VERTEX_POINT('',#6459);
#6459 = CARTESIAN_POINT('',(0.549581560484,1.700746750359,0.285567668855
    ));
#6460 = SURFACE_CURVE('',#6461,(#6467,#6476),.PCURVE_S1.);
#6461 = B_SPLINE_CURVE_WITH_KNOTS('',4,(#6462,#6463,#6464,#6465,#6466),
  .UNSPECIFIED.,.F.,.F.,(5,5),(0.,1.),.PIECEWISE_BEZIER_KNOTS.);
#6462 = CARTESIAN_POINT('',(0.55,1.702041662159,-1.000000000002E-03));
#6463 = CARTESIAN_POINT('',(0.545875,1.689276349693,2.824));
#6464 = CARTESIAN_POINT('',(0.54175,1.676511037227,5.649));
#6465 = CARTESIAN_POINT('',(0.537625,1.663745724761,8.474));
#6466 = CARTESIAN_POINT('',(0.5335,1.650980412294,11.299));
#6467 = PCURVE('',#3243,#6468);
#6468 = DEFINITIONAL_REPRESENTATION('',(#6469),#6475);
#6469 = B_SPLINE_CURVE_WITH_KNOTS('',4,(#6470,#6471,#6472,#6473,#6474),
  .UNSPECIFIED.,.F.,.F.,(5,5),(8.849557522139E-05,0.520394283783),
  .PIECEWISE_BEZIER_KNOTS.);
#6470 = CARTESIAN_POINT('',(6.712884972359,8.849557522139E-05));
#6471 = CARTESIAN_POINT('',(6.712884972359,0.130164942627));
#6472 = CARTESIAN_POINT('',(6.712884972359,0.260241389679));
#6473 = CARTESIAN_POINT('',(6.712884972359,0.390317836731));
#6474 = CARTESIAN_POINT('',(6.712884972359,0.520394283783));
#6475 = ( GEOMETRIC_REPRESENTATION_CONTEXT(2) 
PARAMETRIC_REPRESENTATION_CONTEXT() REPRESENTATION_CONTEXT('2D SPACE',''
  ) );
#6476 = PCURVE('',#3316,#6477);
#6477 = DEFINITIONAL_REPRESENTATION('',(#6478),#6484);
#6478 = B_SPLINE_CURVE_WITH_KNOTS('',4,(#6479,#6480,#6481,#6482,#6483),
  .UNSPECIFIED.,.F.,.F.,(5,5),(0.,1.),.PIECEWISE_BEZIER_KNOTS.);
#6479 = CARTESIAN_POINT('',(-5.627556659815,-1.702041662159));
#6480 = CARTESIAN_POINT('',(-2.802553648202,-1.689276349693));
#6481 = CARTESIAN_POINT('',(2.244936341174E-02,-1.676511037227));
#6482 = CARTESIAN_POINT('',(2.847452375025,-1.663745724761));
#6483 = CARTESIAN_POINT('',(5.672455386639,-1.650980412294));
#6484 = ( GEOMETRIC_REPRESENTATION_CONTEXT(2) 
PARAMETRIC_REPRESENTATION_CONTEXT() REPRESENTATION_CONTEXT('2D SPACE',''
  ) );
#6485 = ORIENTED_EDGE('',*,*,#3217,.T.);
#6486 = ORIENTED_EDGE('',*,*,#6426,.F.);
#6487 = ORIENTED_EDGE('',*,*,#6488,.F.);
#6488 = EDGE_CURVE('',#6458,#6406,#6489,.T.);
#6489 = SURFACE_CURVE('',#6490,(#6501,#6515),.PCURVE_S1.);
#6490 = B_SPLINE_CURVE_WITH_KNOTS('',5,(#6491,#6492,#6493,#6494,#6495,
    #6496,#6497,#6498,#6499,#6500),.UNSPECIFIED.,.F.,.F.,(6,4,6),(0.,
    0.495931565478,1.),.UNSPECIFIED.);
#6491 = CARTESIAN_POINT('',(0.549581408918,1.700747079988,0.285567813433
    ));
#6492 = CARTESIAN_POINT('',(0.570793740643,1.654613940804,0.265333474745
    ));
#6493 = CARTESIAN_POINT('',(0.587345177719,1.605785421846,0.24954514049)
  );
#6494 = CARTESIAN_POINT('',(0.598683378376,1.554967269432,0.238729686764
    ));
#6495 = CARTESIAN_POINT('',(0.604441755923,1.503086503379,0.233236798802
    ));
#6496 = CARTESIAN_POINT('',(0.604802119604,1.398416495059,0.232893049662
    ));
#6497 = CARTESIAN_POINT('',(0.599219564533,1.345604126627,0.238218221431
    ));
#6498 = CARTESIAN_POINT('',(0.587865787863,1.293827176074,0.24904853304)
  );
#6499 = CARTESIAN_POINT('',(0.571126309582,1.244061249281,0.265016238872
    ));
#6500 = CARTESIAN_POINT('',(0.549581408918,1.197046601448,0.285567813433
    ));
#6501 = PCURVE('',#3243,#6502);
#6502 = DEFINITIONAL_REPRESENTATION('',(#6503),#6514);
#6503 = B_SPLINE_CURVE_WITH_KNOTS('',5,(#6504,#6505,#6506,#6507,#6508,
    #6509,#6510,#6511,#6512,#6513),.UNSPECIFIED.,.F.,.F.,(6,4,6),(0.,
    0.495931565478,1.),.UNSPECIFIED.);
#6504 = CARTESIAN_POINT('',(6.71288557333,2.535998348964E-02));
#6505 = CARTESIAN_POINT('',(6.628776882631,2.35693340482E-02));
#6506 = CARTESIAN_POINT('',(6.543862796294,2.217213632659E-02));
#6507 = CARTESIAN_POINT('',(6.45835080682,2.12150165278E-02));
#6508 = CARTESIAN_POINT('',(6.372478023124,2.072892024793E-02));
#6509 = CARTESIAN_POINT('',(6.199358953988,2.06984999701E-02));
#6510 = CARTESIAN_POINT('',(6.112079068114,2.116975410897E-02));
#6511 = CARTESIAN_POINT('',(6.025181653409,2.212818876458E-02));
#6512 = CARTESIAN_POINT('',(5.938912395722,2.35412600772E-02));
#6513 = CARTESIAN_POINT('',(5.853485041029,2.535998348963E-02));
#6514 = ( GEOMETRIC_REPRESENTATION_CONTEXT(2) 
PARAMETRIC_REPRESENTATION_CONTEXT() REPRESENTATION_CONTEXT('2D SPACE',''
  ) );
#6515 = PCURVE('',#6311,#6516);
#6516 = DEFINITIONAL_REPRESENTATION('',(#6517),#6528);
#6517 = B_SPLINE_CURVE_WITH_KNOTS('',5,(#6518,#6519,#6520,#6521,#6522,
    #6523,#6524,#6525,#6526,#6527),.UNSPECIFIED.,.F.,.F.,(6,4,6),(0.,
    0.495931565478,1.),.UNSPECIFIED.);
#6518 = CARTESIAN_POINT('',(-0.211561732779,1.700747079988));
#6519 = CARTESIAN_POINT('',(-0.182246353209,1.654613940804));
#6520 = CARTESIAN_POINT('',(-0.159372316227,1.605785421846));
#6521 = CARTESIAN_POINT('',(-0.143702956527,1.554967269432));
#6522 = CARTESIAN_POINT('',(-0.135744895824,1.503086503379));
#6523 = CARTESIAN_POINT('',(-0.135246874284,1.398416495059));
#6524 = CARTESIAN_POINT('',(-0.142961948846,1.345604126627));
#6525 = CARTESIAN_POINT('',(-0.158652834551,1.293827176074));
#6526 = CARTESIAN_POINT('',(-0.18178674392,1.244061249281));
#6527 = CARTESIAN_POINT('',(-0.211561732779,1.197046601448));
#6528 = ( GEOMETRIC_REPRESENTATION_CONTEXT(2) 
PARAMETRIC_REPRESENTATION_CONTEXT() REPRESENTATION_CONTEXT('2D SPACE',''
  ) );
#6529 = ADVANCED_FACE('',(#6530),#3316,.F.);
#6530 = FACE_BOUND('',#6531,.F.);
#6531 = EDGE_LOOP('',(#6532,#6533,#6554,#6574));
#6532 = ORIENTED_EDGE('',*,*,#6457,.F.);
#6533 = ORIENTED_EDGE('',*,*,#6534,.F.);
#6534 = EDGE_CURVE('',#6535,#6458,#6537,.T.);
#6535 = VERTEX_POINT('',#6536);
#6536 = CARTESIAN_POINT('',(0.549581560484,2.02345938178,0.285567668855)
  );
#6537 = SURFACE_CURVE('',#6538,(#6542,#6548),.PCURVE_S1.);
#6538 = LINE('',#6539,#6540);
#6539 = CARTESIAN_POINT('',(0.549581560484,2.904551347411E-17,
    0.285567668855));
#6540 = VECTOR('',#6541,1.);
#6541 = DIRECTION('',(0.,-1.,0.));
#6542 = PCURVE('',#3316,#6543);
#6543 = DEFINITIONAL_REPRESENTATION('',(#6544),#6547);
#6544 = B_SPLINE_CURVE_WITH_KNOTS('',1,(#6545,#6546),.UNSPECIFIED.,.F.,
  .F.,(2,2),(-2.024994623894,-1.675469679607),.PIECEWISE_BEZIER_KNOTS.);
#6545 = CARTESIAN_POINT('',(-5.340988685462,-2.024994623894));
#6546 = CARTESIAN_POINT('',(-5.340988685462,-1.675469679607));
#6547 = ( GEOMETRIC_REPRESENTATION_CONTEXT(2) 
PARAMETRIC_REPRESENTATION_CONTEXT() REPRESENTATION_CONTEXT('2D SPACE',''
  ) );
#6548 = PCURVE('',#6311,#6549);
#6549 = DEFINITIONAL_REPRESENTATION('',(#6550),#6553);
#6550 = B_SPLINE_CURVE_WITH_KNOTS('',1,(#6551,#6552),.UNSPECIFIED.,.F.,
  .F.,(2,2),(-2.024994623894,-1.675469679607),.PIECEWISE_BEZIER_KNOTS.);
#6551 = CARTESIAN_POINT('',(-0.211561523316,2.024994623894));
#6552 = CARTESIAN_POINT('',(-0.211561523316,1.675469679607));
#6553 = ( GEOMETRIC_REPRESENTATION_CONTEXT(2) 
PARAMETRIC_REPRESENTATION_CONTEXT() REPRESENTATION_CONTEXT('2D SPACE',''
  ) );
#6554 = ORIENTED_EDGE('',*,*,#6555,.T.);
#6555 = EDGE_CURVE('',#6535,#3302,#6556,.T.);
#6556 = SURFACE_CURVE('',#6557,(#6561,#6568),.PCURVE_S1.);
#6557 = LINE('',#6558,#6559);
#6558 = CARTESIAN_POINT('',(0.55,2.025,-1.E-03));
#6559 = VECTOR('',#6560,1.);
#6560 = DIRECTION('',(-1.460154333648E-03,-5.376022773886E-03,
    0.999984483044));
#6561 = PCURVE('',#3316,#6562);
#6562 = DEFINITIONAL_REPRESENTATION('',(#6563),#6567);
#6563 = LINE('',#6564,#6565);
#6564 = CARTESIAN_POINT('',(-5.627556659815,-2.025));
#6565 = VECTOR('',#6566,1.);
#6566 = DIRECTION('',(0.999985549085,5.376022773886E-03));
#6567 = ( GEOMETRIC_REPRESENTATION_CONTEXT(2) 
PARAMETRIC_REPRESENTATION_CONTEXT() REPRESENTATION_CONTEXT('2D SPACE',''
  ) );
#6568 = PCURVE('',#3342,#6569);
#6569 = DEFINITIONAL_REPRESENTATION('',(#6570),#6573);
#6570 = B_SPLINE_CURVE_WITH_KNOTS('',1,(#6571,#6572),.UNSPECIFIED.,.F.,
  .F.,(2,2),(0.,11.300175344325),.PIECEWISE_BEZIER_KNOTS.);
#6571 = CARTESIAN_POINT('',(-5.642553484353,0.55));
#6572 = CARTESIAN_POINT('',(5.657609813693,0.5335));
#6573 = ( GEOMETRIC_REPRESENTATION_CONTEXT(2) 
PARAMETRIC_REPRESENTATION_CONTEXT() REPRESENTATION_CONTEXT('2D SPACE',''
  ) );
#6574 = ORIENTED_EDGE('',*,*,#3301,.T.);
#6575 = ADVANCED_FACE('',(#6576),#3342,.F.);
#6576 = FACE_BOUND('',#6577,.F.);
#6577 = EDGE_LOOP('',(#6578,#6579,#6600,#6626,#6653));
#6578 = ORIENTED_EDGE('',*,*,#6555,.F.);
#6579 = ORIENTED_EDGE('',*,*,#6580,.F.);
#6580 = EDGE_CURVE('',#6581,#6535,#6583,.T.);
#6581 = VERTEX_POINT('',#6582);
#6582 = CARTESIAN_POINT('',(0.541445182752,2.023417656473,0.293328919474
    ));
#6583 = SURFACE_CURVE('',#6584,(#6588,#6594),.PCURVE_S1.);
#6584 = LINE('',#6585,#6586);
#6585 = CARTESIAN_POINT('',(-0.857974010472,2.016241097306,
    1.628227990911));
#6586 = VECTOR('',#6587,1.);
#6587 = DIRECTION('',(0.723585571605,3.710721342345E-03,-0.690224710593)
  );
#6588 = PCURVE('',#3342,#6589);
#6589 = DEFINITIONAL_REPRESENTATION('',(#6590),#6593);
#6590 = B_SPLINE_CURVE_WITH_KNOTS('',1,(#6591,#6592),.UNSPECIFIED.,.F.,
  .F.,(2,2),(1.925790210799,1.945827287811),.PIECEWISE_BEZIER_KNOTS.);
#6591 = CARTESIAN_POINT('',(-5.342549149007,0.5355));
#6592 = CARTESIAN_POINT('',(-5.356379434549,0.549998539823));
#6593 = ( GEOMETRIC_REPRESENTATION_CONTEXT(2) 
PARAMETRIC_REPRESENTATION_CONTEXT() REPRESENTATION_CONTEXT('2D SPACE',''
  ) );
#6594 = PCURVE('',#6311,#6595);
#6595 = DEFINITIONAL_REPRESENTATION('',(#6596),#6599);
#6596 = B_SPLINE_CURVE_WITH_KNOTS('',1,(#6597,#6598),.UNSPECIFIED.,.F.,
  .F.,(2,2),(1.925790210799,1.945827287811),.PIECEWISE_BEZIER_KNOTS.);
#6597 = CARTESIAN_POINT('',(-0.231022198166,2.023387168142));
#6598 = CARTESIAN_POINT('',(-0.210985259104,2.023461520151));
#6599 = ( GEOMETRIC_REPRESENTATION_CONTEXT(2) 
PARAMETRIC_REPRESENTATION_CONTEXT() REPRESENTATION_CONTEXT('2D SPACE',''
  ) );
#6600 = ORIENTED_EDGE('',*,*,#6601,.F.);
#6601 = EDGE_CURVE('',#6602,#6581,#6604,.T.);
#6602 = VERTEX_POINT('',#6603);
#6603 = CARTESIAN_POINT('',(0.188001849272,2.023417656473,0.293328919474
    ));
#6604 = SURFACE_CURVE('',#6605,(#6609,#6615),.PCURVE_S1.);
#6605 = LINE('',#6606,#6607);
#6606 = CARTESIAN_POINT('',(-8.965214233704E-18,2.023417656473,
    0.293328919474));
#6607 = VECTOR('',#6608,1.);
#6608 = DIRECTION('',(1.,0.,0.));
#6609 = PCURVE('',#3342,#6610);
#6610 = DEFINITIONAL_REPRESENTATION('',(#6611),#6614);
#6611 = B_SPLINE_CURVE_WITH_KNOTS('',1,(#6612,#6613),.UNSPECIFIED.,.F.,
  .F.,(2,2),(0.185231033078,0.549998539823),.PIECEWISE_BEZIER_KNOTS.);
#6612 = CARTESIAN_POINT('',(-5.348220311487,0.185231033078));
#6613 = CARTESIAN_POINT('',(-5.348220311487,0.549998539823));
#6614 = ( GEOMETRIC_REPRESENTATION_CONTEXT(2) 
PARAMETRIC_REPRESENTATION_CONTEXT() REPRESENTATION_CONTEXT('2D SPACE',''
  ) );
#6615 = PCURVE('',#6616,#6621);
#6616 = PLANE('',#6617);
#6617 = AXIS2_PLACEMENT_3D('',#6618,#6619,#6620);
#6618 = CARTESIAN_POINT('',(0.,2.19650740114,0.124402194772));
#6619 = DIRECTION('',(0.,0.698448148582,0.715660662425));
#6620 = DIRECTION('',(0.,0.715660662425,-0.698448148582));
#6621 = DEFINITIONAL_REPRESENTATION('',(#6622),#6625);
#6622 = B_SPLINE_CURVE_WITH_KNOTS('',1,(#6623,#6624),.UNSPECIFIED.,.F.,
  .F.,(2,2),(0.185231033078,0.549998539823),.PIECEWISE_BEZIER_KNOTS.);
#6623 = CARTESIAN_POINT('',(-0.241860079441,-0.185231033078));
#6624 = CARTESIAN_POINT('',(-0.241860079441,-0.549998539823));
#6625 = ( GEOMETRIC_REPRESENTATION_CONTEXT(2) 
PARAMETRIC_REPRESENTATION_CONTEXT() REPRESENTATION_CONTEXT('2D SPACE',''
  ) );
#6626 = ORIENTED_EDGE('',*,*,#6627,.T.);
#6627 = EDGE_CURVE('',#6602,#3328,#6628,.T.);
#6628 = SURFACE_CURVE('',#6629,(#6635,#6644),.PCURVE_S1.);
#6629 = B_SPLINE_CURVE_WITH_KNOTS('',4,(#6630,#6631,#6632,#6633,#6634),
  .UNSPECIFIED.,.F.,.F.,(5,5),(0.,1.),.PIECEWISE_BEZIER_KNOTS.);
#6630 = CARTESIAN_POINT('',(0.188148869591,2.025,-1.000000000003E-03));
#6631 = CARTESIAN_POINT('',(0.186737753069,2.0098125,2.824));
#6632 = CARTESIAN_POINT('',(0.185326636547,1.994625,5.649));
#6633 = CARTESIAN_POINT('',(0.183915520025,1.9794375,8.474));
#6634 = CARTESIAN_POINT('',(0.182504403503,1.96425,11.299));
#6635 = PCURVE('',#3342,#6636);
#6636 = DEFINITIONAL_REPRESENTATION('',(#6637),#6643);
#6637 = B_SPLINE_CURVE_WITH_KNOTS('',4,(#6638,#6639,#6640,#6641,#6642),
  .UNSPECIFIED.,.F.,.F.,(5,5),(0.,1.),.PIECEWISE_BEZIER_KNOTS.);
#6638 = CARTESIAN_POINT('',(-5.642553484353,0.188148869591));
#6639 = CARTESIAN_POINT('',(-2.817512659842,0.186737753069));
#6640 = CARTESIAN_POINT('',(7.528164669814E-03,0.185326636547));
#6641 = CARTESIAN_POINT('',(2.832568989181,0.183915520025));
#6642 = CARTESIAN_POINT('',(5.657609813693,0.182504403503));
#6643 = ( GEOMETRIC_REPRESENTATION_CONTEXT(2) 
PARAMETRIC_REPRESENTATION_CONTEXT() REPRESENTATION_CONTEXT('2D SPACE',''
  ) );
#6644 = PCURVE('',#3383,#6645);
#6645 = DEFINITIONAL_REPRESENTATION('',(#6646),#6652);
#6646 = B_SPLINE_CURVE_WITH_KNOTS('',4,(#6647,#6648,#6649,#6650,#6651),
  .UNSPECIFIED.,.F.,.F.,(5,5),(0.,1.),.PIECEWISE_BEZIER_KNOTS.);
#6647 = CARTESIAN_POINT('',(1.254561945072,0.));
#6648 = CARTESIAN_POINT('',(1.254561945072,0.25));
#6649 = CARTESIAN_POINT('',(1.254561945072,0.5));
#6650 = CARTESIAN_POINT('',(1.254561945072,0.75));
#6651 = CARTESIAN_POINT('',(1.254561945072,1.));
#6652 = ( GEOMETRIC_REPRESENTATION_CONTEXT(2) 
PARAMETRIC_REPRESENTATION_CONTEXT() REPRESENTATION_CONTEXT('2D SPACE',''
  ) );
#6653 = ORIENTED_EDGE('',*,*,#3327,.T.);
#6654 = ADVANCED_FACE('',(#6655),#3383,.F.);
#6655 = FACE_BOUND('',#6656,.F.);
#6656 = EDGE_LOOP('',(#6657,#6658,#6702,#6729));
#6657 = ORIENTED_EDGE('',*,*,#6627,.F.);
#6658 = ORIENTED_EDGE('',*,*,#6659,.F.);
#6659 = EDGE_CURVE('',#6660,#6602,#6662,.T.);
#6660 = VERTEX_POINT('',#6661);
#6661 = CARTESIAN_POINT('',(-0.188001849981,2.023417656473,
    0.293328919474));
#6662 = SURFACE_CURVE('',#6663,(#6674,#6688),.PCURVE_S1.);
#6663 = B_SPLINE_CURVE_WITH_KNOTS('',5,(#6664,#6665,#6666,#6667,#6668,
    #6669,#6670,#6671,#6672,#6673),.UNSPECIFIED.,.F.,.F.,(6,4,6),(0.,
    0.499004363931,1.),.UNSPECIFIED.);
#6664 = CARTESIAN_POINT('',(-0.188002194656,2.023417543077,
    0.293329030143));
#6665 = CARTESIAN_POINT('',(-0.152039846037,2.035248966398,
    0.281782167016));
#6666 = CARTESIAN_POINT('',(-0.114937392552,2.044322593468,0.27292677177
    ));
#6667 = CARTESIAN_POINT('',(-7.702889574375E-02,2.050453005252,
    0.266943803884));
#6668 = CARTESIAN_POINT('',(-3.87054419395E-02,2.053530191199,
    0.263940628021));
#6669 = CARTESIAN_POINT('',(3.809368015655E-02,2.053579021071,
    0.263892972567));
#6670 = CARTESIAN_POINT('',(7.65750021101E-02,2.050526255519,
    0.266872315376));
#6671 = CARTESIAN_POINT('',(0.114641234311,2.04439497763,0.272856128535)
  );
#6672 = CARTESIAN_POINT('',(0.151896346006,2.035296177849,0.281736091059
    ));
#6673 = CARTESIAN_POINT('',(0.188002193947,2.023417543077,0.293329030143
    ));
#6674 = PCURVE('',#3383,#6675);
#6675 = DEFINITIONAL_REPRESENTATION('',(#6676),#6687);
#6676 = B_SPLINE_CURVE_WITH_KNOTS('',5,(#6677,#6678,#6679,#6680,#6681,
    #6682,#6683,#6684,#6685,#6686),.UNSPECIFIED.,.F.,.F.,(6,4,6),(0.,
    0.499004363931,1.),.UNSPECIFIED.);
#6677 = CARTESIAN_POINT('',(1.887031308232,2.604681682679E-02));
#6678 = CARTESIAN_POINT('',(1.824429134843,2.50249705324E-02));
#6679 = CARTESIAN_POINT('',(1.761452546208,2.424130723632E-02));
#6680 = CARTESIAN_POINT('',(1.698209495416,2.371184105171E-02));
#6681 = CARTESIAN_POINT('',(1.634817315648,2.34460732762E-02));
#6682 = CARTESIAN_POINT('',(1.507787242061,2.34418559794E-02));
#6683 = CARTESIAN_POINT('',(1.444140348994,2.370551463503E-02));
#6684 = CARTESIAN_POINT('',(1.380642785786,2.423505562259E-02));
#6685 = CARTESIAN_POINT('',(1.317413322941,2.502089301404E-02));
#6686 = CARTESIAN_POINT('',(1.254561345072,2.604681682679E-02));
#6687 = ( GEOMETRIC_REPRESENTATION_CONTEXT(2) 
PARAMETRIC_REPRESENTATION_CONTEXT() REPRESENTATION_CONTEXT('2D SPACE',''
  ) );
#6688 = PCURVE('',#6616,#6689);
#6689 = DEFINITIONAL_REPRESENTATION('',(#6690),#6701);
#6690 = B_SPLINE_CURVE_WITH_KNOTS('',5,(#6691,#6692,#6693,#6694,#6695,
    #6696,#6697,#6698,#6699,#6700),.UNSPECIFIED.,.F.,.F.,(6,4,6),(0.,
    0.499004363931,1.),.UNSPECIFIED.);
#6691 = CARTESIAN_POINT('',(-0.241860237891,0.188002194656));
#6692 = CARTESIAN_POINT('',(-0.225328068466,0.152039846037));
#6693 = CARTESIAN_POINT('',(-0.212649396093,0.114937392552));
#6694 = CARTESIAN_POINT('',(-0.204083308692,7.702889574375E-02));
#6695 = CARTESIAN_POINT('',(-0.199783525137,3.87054419395E-02));
#6696 = CARTESIAN_POINT('',(-0.199715294655,-3.809368015655E-02));
#6697 = CARTESIAN_POINT('',(-0.203980955341,-7.65750021101E-02));
#6698 = CARTESIAN_POINT('',(-0.212548252958,-0.114641234311));
#6699 = CARTESIAN_POINT('',(-0.225262099421,-0.151896346006));
#6700 = CARTESIAN_POINT('',(-0.241860237891,-0.188002193947));
#6701 = ( GEOMETRIC_REPRESENTATION_CONTEXT(2) 
PARAMETRIC_REPRESENTATION_CONTEXT() REPRESENTATION_CONTEXT('2D SPACE',''
  ) );
#6702 = ORIENTED_EDGE('',*,*,#6703,.T.);
#6703 = EDGE_CURVE('',#6660,#3354,#6704,.T.);
#6704 = SURFACE_CURVE('',#6705,(#6711,#6720),.PCURVE_S1.);
#6705 = B_SPLINE_CURVE_WITH_KNOTS('',4,(#6706,#6707,#6708,#6709,#6710),
  .UNSPECIFIED.,.F.,.F.,(5,5),(0.,1.),.PIECEWISE_BEZIER_KNOTS.);
#6706 = CARTESIAN_POINT('',(-0.1881488703,2.025,-1.000000000003E-03));
#6707 = CARTESIAN_POINT('',(-0.186737753773,2.0098125,2.824));
#6708 = CARTESIAN_POINT('',(-0.185326637246,1.994625,5.649));
#6709 = CARTESIAN_POINT('',(-0.183915520719,1.9794375,8.474));
#6710 = CARTESIAN_POINT('',(-0.182504404191,1.96425,11.299));
#6711 = PCURVE('',#3383,#6712);
#6712 = DEFINITIONAL_REPRESENTATION('',(#6713),#6719);
#6713 = B_SPLINE_CURVE_WITH_KNOTS('',4,(#6714,#6715,#6716,#6717,#6718),
  .UNSPECIFIED.,.F.,.F.,(5,5),(0.,1.),.PIECEWISE_BEZIER_KNOTS.);
#6714 = CARTESIAN_POINT('',(1.887030708232,0.));
#6715 = CARTESIAN_POINT('',(1.887030708232,0.25));
#6716 = CARTESIAN_POINT('',(1.887030708232,0.5));
#6717 = CARTESIAN_POINT('',(1.887030708232,0.75));
#6718 = CARTESIAN_POINT('',(1.887030708232,1.));
#6719 = ( GEOMETRIC_REPRESENTATION_CONTEXT(2) 
PARAMETRIC_REPRESENTATION_CONTEXT() REPRESENTATION_CONTEXT('2D SPACE',''
  ) );
#6720 = PCURVE('',#3441,#6721);
#6721 = DEFINITIONAL_REPRESENTATION('',(#6722),#6728);
#6722 = B_SPLINE_CURVE_WITH_KNOTS('',4,(#6723,#6724,#6725,#6726,#6727),
  .UNSPECIFIED.,.F.,.F.,(5,5),(0.,1.),.PIECEWISE_BEZIER_KNOTS.);
#6723 = CARTESIAN_POINT('',(-5.642553484353,-0.1881488703));
#6724 = CARTESIAN_POINT('',(-2.817512659842,-0.186737753773));
#6725 = CARTESIAN_POINT('',(7.528164669742E-03,-0.185326637246));
#6726 = CARTESIAN_POINT('',(2.832568989181,-0.183915520719));
#6727 = CARTESIAN_POINT('',(5.657609813693,-0.182504404191));
#6728 = ( GEOMETRIC_REPRESENTATION_CONTEXT(2) 
PARAMETRIC_REPRESENTATION_CONTEXT() REPRESENTATION_CONTEXT('2D SPACE',''
  ) );
#6729 = ORIENTED_EDGE('',*,*,#3353,.T.);
#6730 = ADVANCED_FACE('',(#6731),#3441,.F.);
#6731 = FACE_BOUND('',#6732,.F.);
#6732 = EDGE_LOOP('',(#6733,#6755,#6756,#6757,#6778));
#6733 = ORIENTED_EDGE('',*,*,#6734,.F.);
#6734 = EDGE_CURVE('',#3427,#6735,#6737,.T.);
#6735 = VERTEX_POINT('',#6736);
#6736 = CARTESIAN_POINT('',(-0.549581560484,2.02345938178,0.285567668855
    ));
#6737 = SURFACE_CURVE('',#6738,(#6742,#6748),.PCURVE_S1.);
#6738 = LINE('',#6739,#6740);
#6739 = CARTESIAN_POINT('',(-0.5335,1.96425,11.299));
#6740 = VECTOR('',#6741,1.);
#6741 = DIRECTION('',(-1.460154333648E-03,5.376022773886E-03,
    -0.999984483044));
#6742 = PCURVE('',#3441,#6743);
#6743 = DEFINITIONAL_REPRESENTATION('',(#6744),#6747);
#6744 = B_SPLINE_CURVE_WITH_KNOTS('',1,(#6745,#6746),.UNSPECIFIED.,.F.,
  .F.,(2,2),(0.,11.300175344325),.PIECEWISE_BEZIER_KNOTS.);
#6745 = CARTESIAN_POINT('',(5.657609813693,-0.5335));
#6746 = CARTESIAN_POINT('',(-5.642553484353,-0.55));
#6747 = ( GEOMETRIC_REPRESENTATION_CONTEXT(2) 
PARAMETRIC_REPRESENTATION_CONTEXT() REPRESENTATION_CONTEXT('2D SPACE',''
  ) );
#6748 = PCURVE('',#3467,#6749);
#6749 = DEFINITIONAL_REPRESENTATION('',(#6750),#6754);
#6750 = LINE('',#6751,#6752);
#6751 = CARTESIAN_POINT('',(-5.672455386639,-1.96425));
#6752 = VECTOR('',#6753,1.);
#6753 = DIRECTION('',(0.999985549085,-5.376022773886E-03));
#6754 = ( GEOMETRIC_REPRESENTATION_CONTEXT(2) 
PARAMETRIC_REPRESENTATION_CONTEXT() REPRESENTATION_CONTEXT('2D SPACE',''
  ) );
#6755 = ORIENTED_EDGE('',*,*,#3426,.T.);
#6756 = ORIENTED_EDGE('',*,*,#6703,.F.);
#6757 = ORIENTED_EDGE('',*,*,#6758,.F.);
#6758 = EDGE_CURVE('',#6759,#6660,#6761,.T.);
#6759 = VERTEX_POINT('',#6760);
#6760 = CARTESIAN_POINT('',(-0.541445182752,2.023417656473,
    0.293328919474));
#6761 = SURFACE_CURVE('',#6762,(#6766,#6772),.PCURVE_S1.);
#6762 = LINE('',#6763,#6764);
#6763 = CARTESIAN_POINT('',(-8.965214233704E-18,2.023417656473,
    0.293328919474));
#6764 = VECTOR('',#6765,1.);
#6765 = DIRECTION('',(1.,0.,0.));
#6766 = PCURVE('',#3441,#6767);
#6767 = DEFINITIONAL_REPRESENTATION('',(#6768),#6771);
#6768 = B_SPLINE_CURVE_WITH_KNOTS('',1,(#6769,#6770),.UNSPECIFIED.,.F.,
  .F.,(2,2),(-0.549998539823,-0.185231033776),.PIECEWISE_BEZIER_KNOTS.);
#6769 = CARTESIAN_POINT('',(-5.348220311487,-0.549998539823));
#6770 = CARTESIAN_POINT('',(-5.348220311487,-0.185231033776));
#6771 = ( GEOMETRIC_REPRESENTATION_CONTEXT(2) 
PARAMETRIC_REPRESENTATION_CONTEXT() REPRESENTATION_CONTEXT('2D SPACE',''
  ) );
#6772 = PCURVE('',#6616,#6773);
#6773 = DEFINITIONAL_REPRESENTATION('',(#6774),#6777);
#6774 = B_SPLINE_CURVE_WITH_KNOTS('',1,(#6775,#6776),.UNSPECIFIED.,.F.,
  .F.,(2,2),(-0.549998539823,-0.185231033776),.PIECEWISE_BEZIER_KNOTS.);
#6775 = CARTESIAN_POINT('',(-0.241860079441,0.549998539823));
#6776 = CARTESIAN_POINT('',(-0.241860079441,0.185231033776));
#6777 = ( GEOMETRIC_REPRESENTATION_CONTEXT(2) 
PARAMETRIC_REPRESENTATION_CONTEXT() REPRESENTATION_CONTEXT('2D SPACE',''
  ) );
#6778 = ORIENTED_EDGE('',*,*,#6779,.F.);
#6779 = EDGE_CURVE('',#6735,#6759,#6780,.T.);
#6780 = SURFACE_CURVE('',#6781,(#6785,#6791),.PCURVE_S1.);
#6781 = LINE('',#6782,#6783);
#6782 = CARTESIAN_POINT('',(0.857974010472,2.016241097306,1.628227990911
    ));
#6783 = VECTOR('',#6784,1.);
#6784 = DIRECTION('',(0.723585571605,-3.710721342345E-03,0.690224710593)
  );
#6785 = PCURVE('',#3441,#6786);
#6786 = DEFINITIONAL_REPRESENTATION('',(#6787),#6790);
#6787 = B_SPLINE_CURVE_WITH_KNOTS('',1,(#6788,#6789),.UNSPECIFIED.,.F.,
  .F.,(2,2),(-1.945827287811,-1.925790210799),.PIECEWISE_BEZIER_KNOTS.);
#6788 = CARTESIAN_POINT('',(-5.356379434549,-0.549998539823));
#6789 = CARTESIAN_POINT('',(-5.342549149007,-0.5355));
#6790 = ( GEOMETRIC_REPRESENTATION_CONTEXT(2) 
PARAMETRIC_REPRESENTATION_CONTEXT() REPRESENTATION_CONTEXT('2D SPACE',''
  ) );
#6791 = PCURVE('',#6792,#6797);
#6792 = PLANE('',#6793);
#6793 = AXIS2_PLACEMENT_3D('',#6794,#6795,#6796);
#6794 = CARTESIAN_POINT('',(-0.702665480206,-2.277398851267E-17,
    0.1395416723));
#6795 = DIRECTION('',(-0.69022946265,0.,0.723590553345));
#6796 = DIRECTION('',(0.723590553345,0.,0.69022946265));
#6797 = DEFINITIONAL_REPRESENTATION('',(#6798),#6801);
#6798 = B_SPLINE_CURVE_WITH_KNOTS('',1,(#6799,#6800),.UNSPECIFIED.,.F.,
  .F.,(2,2),(-1.945827287811,-1.925790210799),.PIECEWISE_BEZIER_KNOTS.);
#6799 = CARTESIAN_POINT('',(0.210985259104,2.023461520151));
#6800 = CARTESIAN_POINT('',(0.231022198166,2.023387168142));
#6801 = ( GEOMETRIC_REPRESENTATION_CONTEXT(2) 
PARAMETRIC_REPRESENTATION_CONTEXT() REPRESENTATION_CONTEXT('2D SPACE',''
  ) );
#6802 = ADVANCED_FACE('',(#6803),#3467,.F.);
#6803 = FACE_BOUND('',#6804,.F.);
#6804 = EDGE_LOOP('',(#6805,#6806,#6827,#6854));
#6805 = ORIENTED_EDGE('',*,*,#6734,.T.);
#6806 = ORIENTED_EDGE('',*,*,#6807,.F.);
#6807 = EDGE_CURVE('',#6808,#6735,#6810,.T.);
#6808 = VERTEX_POINT('',#6809);
#6809 = CARTESIAN_POINT('',(-0.549581560484,1.700746756775,
    0.285567668855));
#6810 = SURFACE_CURVE('',#6811,(#6815,#6821),.PCURVE_S1.);
#6811 = LINE('',#6812,#6813);
#6812 = CARTESIAN_POINT('',(-0.549581560484,1.765851921778E-17,
    0.285567668855));
#6813 = VECTOR('',#6814,1.);
#6814 = DIRECTION('',(-0.,1.,-0.));
#6815 = PCURVE('',#3467,#6816);
#6816 = DEFINITIONAL_REPRESENTATION('',(#6817),#6820);
#6817 = B_SPLINE_CURVE_WITH_KNOTS('',1,(#6818,#6819),.UNSPECIFIED.,.F.,
  .F.,(2,2),(1.675469685931,2.024994623894),.PIECEWISE_BEZIER_KNOTS.);
#6818 = CARTESIAN_POINT('',(5.340988685462,-1.675469685931));
#6819 = CARTESIAN_POINT('',(5.340988685462,-2.024994623894));
#6820 = ( GEOMETRIC_REPRESENTATION_CONTEXT(2) 
PARAMETRIC_REPRESENTATION_CONTEXT() REPRESENTATION_CONTEXT('2D SPACE',''
  ) );
#6821 = PCURVE('',#6792,#6822);
#6822 = DEFINITIONAL_REPRESENTATION('',(#6823),#6826);
#6823 = B_SPLINE_CURVE_WITH_KNOTS('',1,(#6824,#6825),.UNSPECIFIED.,.F.,
  .F.,(2,2),(1.675469685931,2.024994623894),.PIECEWISE_BEZIER_KNOTS.);
#6824 = CARTESIAN_POINT('',(0.211561523316,1.675469685931));
#6825 = CARTESIAN_POINT('',(0.211561523316,2.024994623894));
#6826 = ( GEOMETRIC_REPRESENTATION_CONTEXT(2) 
PARAMETRIC_REPRESENTATION_CONTEXT() REPRESENTATION_CONTEXT('2D SPACE',''
  ) );
#6827 = ORIENTED_EDGE('',*,*,#6828,.T.);
#6828 = EDGE_CURVE('',#6808,#3453,#6829,.T.);
#6829 = SURFACE_CURVE('',#6830,(#6836,#6845),.PCURVE_S1.);
#6830 = B_SPLINE_CURVE_WITH_KNOTS('',4,(#6831,#6832,#6833,#6834,#6835),
  .UNSPECIFIED.,.F.,.F.,(5,5),(0.,1.),.PIECEWISE_BEZIER_KNOTS.);
#6831 = CARTESIAN_POINT('',(-0.55,1.70204166858,-1.000000000003E-03));
#6832 = CARTESIAN_POINT('',(-0.545875,1.689276356065,2.824));
#6833 = CARTESIAN_POINT('',(-0.54175,1.676511043551,5.649));
#6834 = CARTESIAN_POINT('',(-0.537625,1.663745731037,8.474));
#6835 = CARTESIAN_POINT('',(-0.5335,1.650980418522,11.299));
#6836 = PCURVE('',#3467,#6837);
#6837 = DEFINITIONAL_REPRESENTATION('',(#6838),#6844);
#6838 = B_SPLINE_CURVE_WITH_KNOTS('',4,(#6839,#6840,#6841,#6842,#6843),
  .UNSPECIFIED.,.F.,.F.,(5,5),(0.,1.),.PIECEWISE_BEZIER_KNOTS.);
#6839 = CARTESIAN_POINT('',(5.627556659815,-1.70204166858));
#6840 = CARTESIAN_POINT('',(2.802553648202,-1.689276356065));
#6841 = CARTESIAN_POINT('',(-2.244936341165E-02,-1.676511043551));
#6842 = CARTESIAN_POINT('',(-2.847452375025,-1.663745731037));
#6843 = CARTESIAN_POINT('',(-5.672455386639,-1.650980418522));
#6844 = ( GEOMETRIC_REPRESENTATION_CONTEXT(2) 
PARAMETRIC_REPRESENTATION_CONTEXT() REPRESENTATION_CONTEXT('2D SPACE',''
  ) );
#6845 = PCURVE('',#3508,#6846);
#6846 = DEFINITIONAL_REPRESENTATION('',(#6847),#6853);
#6847 = B_SPLINE_CURVE_WITH_KNOTS('',4,(#6848,#6849,#6850,#6851,#6852),
  .UNSPECIFIED.,.F.,.F.,(5,5),(0.,1.),.PIECEWISE_BEZIER_KNOTS.);
#6848 = CARTESIAN_POINT('',(2.711892976347,0.));
#6849 = CARTESIAN_POINT('',(2.711892976347,0.25));
#6850 = CARTESIAN_POINT('',(2.711892976347,0.5));
#6851 = CARTESIAN_POINT('',(2.711892976347,0.75));
#6852 = CARTESIAN_POINT('',(2.711892976347,1.));
#6853 = ( GEOMETRIC_REPRESENTATION_CONTEXT(2) 
PARAMETRIC_REPRESENTATION_CONTEXT() REPRESENTATION_CONTEXT('2D SPACE',''
  ) );
#6854 = ORIENTED_EDGE('',*,*,#3452,.T.);
#6855 = ADVANCED_FACE('',(#6856),#3508,.F.);
#6856 = FACE_BOUND('',#6857,.F.);
#6857 = EDGE_LOOP('',(#6858,#6859,#6903,#6930));
#6858 = ORIENTED_EDGE('',*,*,#6828,.F.);
#6859 = ORIENTED_EDGE('',*,*,#6860,.F.);
#6860 = EDGE_CURVE('',#6861,#6808,#6863,.T.);
#6861 = VERTEX_POINT('',#6862);
#6862 = CARTESIAN_POINT('',(-0.549581560484,1.197046925775,
    0.285567668855));
#6863 = SURFACE_CURVE('',#6864,(#6875,#6889),.PCURVE_S1.);
#6864 = B_SPLINE_CURVE_WITH_KNOTS('',5,(#6865,#6866,#6867,#6868,#6869,
    #6870,#6871,#6872,#6873,#6874),.UNSPECIFIED.,.F.,.F.,(6,4,6),(0.,
    0.503705462125,1.),.UNSPECIFIED.);
#6865 = CARTESIAN_POINT('',(-0.549581409163,1.197046595567,
    0.285567813199));
#6866 = CARTESIAN_POINT('',(-0.571110802993,1.244027393392,
    0.265031030531));
#6867 = CARTESIAN_POINT('',(-0.587841678379,1.293755482966,
    0.249071530958));
#6868 = CARTESIAN_POINT('',(-0.599195050174,1.345492247144,
    0.238241605557));
#6869 = CARTESIAN_POINT('',(-0.604786010088,1.398264374091,0.23290841645
    ));
#6870 = CARTESIAN_POINT('',(-0.604458591731,1.502934609245,
    0.233220739208));
#6871 = CARTESIAN_POINT('',(-0.598708287789,1.554855655135,
    0.238705925797));
#6872 = CARTESIAN_POINT('',(-0.587369424837,1.605713929482,
    0.249522011285));
#6873 = CARTESIAN_POINT('',(-0.57080926955,1.654580185834,0.265318661797
    ));
#6874 = CARTESIAN_POINT('',(-0.549581409163,1.700747085871,
    0.285567813199));
#6875 = PCURVE('',#3508,#6876);
#6876 = DEFINITIONAL_REPRESENTATION('',(#6877),#6888);
#6877 = B_SPLINE_CURVE_WITH_KNOTS('',5,(#6878,#6879,#6880,#6881,#6882,
    #6883,#6884,#6885,#6886,#6887),.UNSPECIFIED.,.F.,.F.,(6,4,6),(0.,
    0.503705462125,1.),.UNSPECIFIED.);
#6878 = CARTESIAN_POINT('',(3.571292930833,2.535998346896E-02));
#6879 = CARTESIAN_POINT('',(3.485927084141,2.354256907354E-02));
#6880 = CARTESIAN_POINT('',(3.39972059839,2.213022397862E-02));
#6881 = CARTESIAN_POINT('',(3.312886663759,2.117182350063E-02));
#6882 = CARTESIAN_POINT('',(3.225670416697,2.069985986287E-02));
#6883 = CARTESIAN_POINT('',(3.052551350182,2.072749904491E-02));
#6884 = CARTESIAN_POINT('',(2.966614948816,2.121291378737E-02));
#6885 = CARTESIAN_POINT('',(2.881039491323,2.217008949422E-02));
#6886 = CARTESIAN_POINT('',(2.796062617723,2.356802316784E-02));
#6887 = CARTESIAN_POINT('',(2.711892376347,2.535998346896E-02));
#6888 = ( GEOMETRIC_REPRESENTATION_CONTEXT(2) 
PARAMETRIC_REPRESENTATION_CONTEXT() REPRESENTATION_CONTEXT('2D SPACE',''
  ) );
#6889 = PCURVE('',#6792,#6890);
#6890 = DEFINITIONAL_REPRESENTATION('',(#6891),#6902);
#6891 = B_SPLINE_CURVE_WITH_KNOTS('',5,(#6892,#6893,#6894,#6895,#6896,
    #6897,#6898,#6899,#6900,#6901),.UNSPECIFIED.,.F.,.F.,(6,4,6),(0.,
    0.503705462125,1.),.UNSPECIFIED.);
#6892 = CARTESIAN_POINT('',(0.21156173244,1.197046595567));
#6893 = CARTESIAN_POINT('',(0.18180817398,1.244027393392));
#6894 = CARTESIAN_POINT('',(0.158686153788,1.293755482966));
#6895 = CARTESIAN_POINT('',(0.142995827617,1.345492247144));
#6896 = CARTESIAN_POINT('',(0.135269137588,1.398264374091));
#6897 = CARTESIAN_POINT('',(0.135721628787,1.502934609245));
#6898 = CARTESIAN_POINT('',(0.143668531791,1.554855655135));
#6899 = CARTESIAN_POINT('',(0.159338806783,1.605713929482));
#6900 = CARTESIAN_POINT('',(0.182224892305,1.654580185834));
#6901 = CARTESIAN_POINT('',(0.21156173244,1.700747085871));
#6902 = ( GEOMETRIC_REPRESENTATION_CONTEXT(2) 
PARAMETRIC_REPRESENTATION_CONTEXT() REPRESENTATION_CONTEXT('2D SPACE',''
  ) );
#6903 = ORIENTED_EDGE('',*,*,#6904,.T.);
#6904 = EDGE_CURVE('',#6861,#3479,#6905,.T.);
#6905 = SURFACE_CURVE('',#6906,(#6912,#6921),.PCURVE_S1.);
#6906 = B_SPLINE_CURVE_WITH_KNOTS('',4,(#6907,#6908,#6909,#6910,#6911),
  .UNSPECIFIED.,.F.,.F.,(5,5),(0.,1.),.PIECEWISE_BEZIER_KNOTS.);
#6907 = CARTESIAN_POINT('',(-0.55,1.19795833142,-1.000000000003E-03));
#6908 = CARTESIAN_POINT('',(-0.545875,1.188973643935,2.824));
#6909 = CARTESIAN_POINT('',(-0.54175,1.179988956449,5.649));
#6910 = CARTESIAN_POINT('',(-0.537625,1.171004268963,8.474));
#6911 = CARTESIAN_POINT('',(-0.5335,1.162019581478,11.299));
#6912 = PCURVE('',#3508,#6913);
#6913 = DEFINITIONAL_REPRESENTATION('',(#6914),#6920);
#6914 = B_SPLINE_CURVE_WITH_KNOTS('',4,(#6915,#6916,#6917,#6918,#6919),
  .UNSPECIFIED.,.F.,.F.,(5,5),(0.,1.),.PIECEWISE_BEZIER_KNOTS.);
#6915 = CARTESIAN_POINT('',(3.571292330833,0.));
#6916 = CARTESIAN_POINT('',(3.571292330833,0.25));
#6917 = CARTESIAN_POINT('',(3.571292330833,0.5));
#6918 = CARTESIAN_POINT('',(3.571292330833,0.75));
#6919 = CARTESIAN_POINT('',(3.571292330833,1.));
#6920 = ( GEOMETRIC_REPRESENTATION_CONTEXT(2) 
PARAMETRIC_REPRESENTATION_CONTEXT() REPRESENTATION_CONTEXT('2D SPACE',''
  ) );
#6921 = PCURVE('',#3566,#6922);
#6922 = DEFINITIONAL_REPRESENTATION('',(#6923),#6929);
#6923 = B_SPLINE_CURVE_WITH_KNOTS('',4,(#6924,#6925,#6926,#6927,#6928),
  .UNSPECIFIED.,.F.,.F.,(5,5),(0.,1.),.PIECEWISE_BEZIER_KNOTS.);
#6924 = CARTESIAN_POINT('',(5.627556659815,-1.19795833142));
#6925 = CARTESIAN_POINT('',(2.802553648202,-1.188973643935));
#6926 = CARTESIAN_POINT('',(-2.244936341165E-02,-1.179988956449));
#6927 = CARTESIAN_POINT('',(-2.847452375025,-1.171004268963));
#6928 = CARTESIAN_POINT('',(-5.672455386639,-1.162019581478));
#6929 = ( GEOMETRIC_REPRESENTATION_CONTEXT(2) 
PARAMETRIC_REPRESENTATION_CONTEXT() REPRESENTATION_CONTEXT('2D SPACE',''
  ) );
#6930 = ORIENTED_EDGE('',*,*,#3478,.T.);
#6931 = ADVANCED_FACE('',(#6932),#3566,.F.);
#6932 = FACE_BOUND('',#6933,.F.);
#6933 = EDGE_LOOP('',(#6934,#6935,#6956,#6975));
#6934 = ORIENTED_EDGE('',*,*,#6904,.F.);
#6935 = ORIENTED_EDGE('',*,*,#6936,.F.);
#6936 = EDGE_CURVE('',#6937,#6861,#6939,.T.);
#6937 = VERTEX_POINT('',#6938);
#6938 = CARTESIAN_POINT('',(-0.549581560484,0.849353320747,
    0.285567668855));
#6939 = SURFACE_CURVE('',#6940,(#6944,#6950),.PCURVE_S1.);
#6940 = LINE('',#6941,#6942);
#6941 = CARTESIAN_POINT('',(-0.549581560484,1.765851921778E-17,
    0.285567668855));
#6942 = VECTOR('',#6943,1.);
#6943 = DIRECTION('',(-0.,1.,-0.));
#6944 = PCURVE('',#3566,#6945);
#6945 = DEFINITIONAL_REPRESENTATION('',(#6946),#6949);
#6946 = B_SPLINE_CURVE_WITH_KNOTS('',1,(#6947,#6948),.UNSPECIFIED.,.F.,
  .F.,(2,2),(0.836497483176,1.197958336778),.PIECEWISE_BEZIER_KNOTS.);
#6947 = CARTESIAN_POINT('',(5.340988685462,-0.836497483176));
#6948 = CARTESIAN_POINT('',(5.340988685462,-1.197958336778));
#6949 = ( GEOMETRIC_REPRESENTATION_CONTEXT(2) 
PARAMETRIC_REPRESENTATION_CONTEXT() REPRESENTATION_CONTEXT('2D SPACE',''
  ) );
#6950 = PCURVE('',#6792,#6951);
#6951 = DEFINITIONAL_REPRESENTATION('',(#6952),#6955);
#6952 = B_SPLINE_CURVE_WITH_KNOTS('',1,(#6953,#6954),.UNSPECIFIED.,.F.,
  .F.,(2,2),(0.836497483176,1.197958336778),.PIECEWISE_BEZIER_KNOTS.);
#6953 = CARTESIAN_POINT('',(0.211561523316,0.836497483176));
#6954 = CARTESIAN_POINT('',(0.211561523316,1.197958336778));
#6955 = ( GEOMETRIC_REPRESENTATION_CONTEXT(2) 
PARAMETRIC_REPRESENTATION_CONTEXT() REPRESENTATION_CONTEXT('2D SPACE',''
  ) );
#6956 = ORIENTED_EDGE('',*,*,#6957,.T.);
#6957 = EDGE_CURVE('',#6937,#3552,#6958,.T.);
#6958 = SURFACE_CURVE('',#6959,(#6962,#6968),.PCURVE_S1.);
#6959 = B_SPLINE_CURVE_WITH_KNOTS('',1,(#6960,#6961),.UNSPECIFIED.,.F.,
  .F.,(2,2),(0.,1.),.PIECEWISE_BEZIER_KNOTS.);
#6960 = CARTESIAN_POINT('',(-0.55,0.85,-1.E-03));
#6961 = CARTESIAN_POINT('',(-0.5335,0.8245,11.299));
#6962 = PCURVE('',#3566,#6963);
#6963 = DEFINITIONAL_REPRESENTATION('',(#6964),#6967);
#6964 = B_SPLINE_CURVE_WITH_KNOTS('',1,(#6965,#6966),.UNSPECIFIED.,.F.,
  .F.,(2,2),(0.,1.),.PIECEWISE_BEZIER_KNOTS.);
#6965 = CARTESIAN_POINT('',(5.627556659815,-0.85));
#6966 = CARTESIAN_POINT('',(-5.672455386639,-0.8245));
#6967 = ( GEOMETRIC_REPRESENTATION_CONTEXT(2) 
PARAMETRIC_REPRESENTATION_CONTEXT() REPRESENTATION_CONTEXT('2D SPACE',''
  ) );
#6968 = PCURVE('',#3611,#6969);
#6969 = DEFINITIONAL_REPRESENTATION('',(#6970),#6974);
#6970 = LINE('',#6971,#6972);
#6971 = CARTESIAN_POINT('',(1.570796326795,0.));
#6972 = VECTOR('',#6973,1.);
#6973 = DIRECTION('',(0.,1.));
#6974 = ( GEOMETRIC_REPRESENTATION_CONTEXT(2) 
PARAMETRIC_REPRESENTATION_CONTEXT() REPRESENTATION_CONTEXT('2D SPACE',''
  ) );
#6975 = ORIENTED_EDGE('',*,*,#3551,.T.);
#6976 = ADVANCED_FACE('',(#6977),#3611,.F.);
#6977 = FACE_BOUND('',#6978,.F.);
#6978 = EDGE_LOOP('',(#6979,#7029,#7084,#7103,#7104));
#6979 = ORIENTED_EDGE('',*,*,#6980,.F.);
#6980 = EDGE_CURVE('',#6981,#6937,#6983,.T.);
#6981 = VERTEX_POINT('',#6982);
#6982 = CARTESIAN_POINT('',(-0.637524745612,0.637524745612,
    0.201679097985));
#6983 = SURFACE_CURVE('',#6984,(#6997,#7013),.PCURVE_S1.);
#6984 = B_SPLINE_CURVE_WITH_KNOTS('',6,(#6985,#6986,#6987,#6988,#6989,
    #6990,#6991,#6992,#6993,#6994,#6995,#6996),.UNSPECIFIED.,.F.,.F.,(7,
    5,7),(0.,0.579006511697,1.),.UNSPECIFIED.);
#6985 = CARTESIAN_POINT('',(-0.848958774367,0.550000348918,
    -6.780000003981E-06));
#6986 = CARTESIAN_POINT('',(-0.804314175024,0.550092454076,
    4.257948328354E-02));
#6987 = CARTESIAN_POINT('',(-0.759709167963,0.558123456022,
    8.51279796858E-02));
#6988 = CARTESIAN_POINT('',(-0.7167753067,0.574082758803,0.126082378347)
  );
#6989 = CARTESIAN_POINT('',(-0.677168299469,0.597615396424,
    0.163863307343));
#6990 = CARTESIAN_POINT('',(-0.64255175688,0.627901591729,0.196883856712
    ));
#6991 = CARTESIAN_POINT('',(-0.593706695041,0.689523955721,
    0.243476920469));
#6992 = CARTESIAN_POINT('',(-0.576490785355,0.718320094152,
    0.259899091872));
#6993 = CARTESIAN_POINT('',(-0.563150755376,0.749433724291,
    0.272624080723));
#6994 = CARTESIAN_POINT('',(-0.554103552259,0.782183829348,
    0.281254163187));
#6995 = CARTESIAN_POINT('',(-0.549581560484,0.815766744459,
    0.285567668855));
#6996 = CARTESIAN_POINT('',(-0.549581560484,0.849353320747,
    0.285567668855));
#6997 = PCURVE('',#3611,#6998);
#6998 = DEFINITIONAL_REPRESENTATION('',(#6999),#7012);
#6999 = B_SPLINE_CURVE_WITH_KNOTS('',6,(#7000,#7001,#7002,#7003,#7004,
    #7005,#7006,#7007,#7008,#7009,#7010,#7011),.UNSPECIFIED.,.F.,.F.,(7,
    5,7),(0.,0.579006511697,1.),.UNSPECIFIED.);
#7000 = CARTESIAN_POINT('',(3.138129356439,8.7895575221E-05));
#7001 = CARTESIAN_POINT('',(2.989632681628,3.856591441022E-03));
#7002 = CARTESIAN_POINT('',(2.841136463573,7.621945104939E-03));
#7003 = CARTESIAN_POINT('',(2.692167964731,1.124622817229E-02));
#7004 = CARTESIAN_POINT('',(2.542376193628,1.45896732162E-02));
#7005 = CARTESIAN_POINT('',(2.391521094171,1.751184572676E-02));
#7006 = CARTESIAN_POINT('',(2.129196941921,2.163512570525E-02));
#7007 = CARTESIAN_POINT('',(2.018206670563,2.308841520988E-02));
#7008 = CARTESIAN_POINT('',(1.906738692023,2.421452041795E-02));
#7009 = CARTESIAN_POINT('',(1.794897744404,2.497824452982E-02));
#7010 = CARTESIAN_POINT('',(1.682836821398,2.535997069514E-02));
#7011 = CARTESIAN_POINT('',(1.570796326795,2.535997069515E-02));
#7012 = ( GEOMETRIC_REPRESENTATION_CONTEXT(2) 
PARAMETRIC_REPRESENTATION_CONTEXT() REPRESENTATION_CONTEXT('2D SPACE',''
  ) );
#7013 = PCURVE('',#6792,#7014);
#7014 = DEFINITIONAL_REPRESENTATION('',(#7015),#7028);
#7015 = B_SPLINE_CURVE_WITH_KNOTS('',6,(#7016,#7017,#7018,#7019,#7020,
    #7021,#7022,#7023,#7024,#7025,#7026,#7027),.UNSPECIFIED.,.F.,.F.,(7,
    5,7),(0.,0.579006511697,1.),.UNSPECIFIED.);
#7016 = CARTESIAN_POINT('',(-0.202176898917,0.550000348918));
#7017 = CARTESIAN_POINT('',(-0.140478194952,0.550092454076));
#7018 = CARTESIAN_POINT('',(-7.883420740244E-02,0.558123456022));
#7019 = CARTESIAN_POINT('',(-1.949973839296E-02,0.574082758803));
#7020 = CARTESIAN_POINT('',(3.523702820519E-02,0.597615396424));
#7021 = CARTESIAN_POINT('',(8.307698745944E-02,0.627901591729));
#7022 = CARTESIAN_POINT('',(0.150580718144,0.689523955721));
#7023 = CARTESIAN_POINT('',(0.174373054303,0.718320094152));
#7024 = CARTESIAN_POINT('',(0.192808936194,0.749433724291));
#7025 = CARTESIAN_POINT('',(0.205312144085,0.782183829348));
#7026 = CARTESIAN_POINT('',(0.211561523316,0.815766744459));
#7027 = CARTESIAN_POINT('',(0.211561523316,0.849353320747));
#7028 = ( GEOMETRIC_REPRESENTATION_CONTEXT(2) 
PARAMETRIC_REPRESENTATION_CONTEXT() REPRESENTATION_CONTEXT('2D SPACE',''
  ) );
#7029 = ORIENTED_EDGE('',*,*,#7030,.T.);
#7030 = EDGE_CURVE('',#6981,#7031,#7033,.T.);
#7031 = VERTEX_POINT('',#7032);
#7032 = CARTESIAN_POINT('',(-0.849353320747,0.549581560484,
    0.285567668855));
#7033 = SURFACE_CURVE('',#7034,(#7047,#7063),.PCURVE_S1.);
#7034 = B_SPLINE_CURVE_WITH_KNOTS('',6,(#7035,#7036,#7037,#7038,#7039,
    #7040,#7041,#7042,#7043,#7044,#7045,#7046),.UNSPECIFIED.,.F.,.F.,(7,
    5,7),(0.,0.579006511697,1.),.UNSPECIFIED.);
#7035 = CARTESIAN_POINT('',(-0.550000348918,0.848958774367,
    -6.780000000678E-06));
#7036 = CARTESIAN_POINT('',(-0.550092454076,0.804314175024,
    4.257948328355E-02));
#7037 = CARTESIAN_POINT('',(-0.558123456022,0.759709167963,
    8.512797968579E-02));
#7038 = CARTESIAN_POINT('',(-0.574082758803,0.7167753067,0.126082378347)
  );
#7039 = CARTESIAN_POINT('',(-0.597615396424,0.677168299469,
    0.163863307343));
#7040 = CARTESIAN_POINT('',(-0.627901591729,0.64255175688,0.196883856712
    ));
#7041 = CARTESIAN_POINT('',(-0.689523955721,0.593706695041,
    0.243476920469));
#7042 = CARTESIAN_POINT('',(-0.718320094152,0.576490785355,
    0.259899091872));
#7043 = CARTESIAN_POINT('',(-0.749433724291,0.563150755376,
    0.272624080723));
#7044 = CARTESIAN_POINT('',(-0.782183829348,0.554103552259,
    0.281254163187));
#7045 = CARTESIAN_POINT('',(-0.815766744459,0.549581560484,
    0.285567668855));
#7046 = CARTESIAN_POINT('',(-0.849353320747,0.549581560484,
    0.285567668855));
#7047 = PCURVE('',#3611,#7048);
#7048 = DEFINITIONAL_REPRESENTATION('',(#7049),#7062);
#7049 = B_SPLINE_CURVE_WITH_KNOTS('',6,(#7050,#7051,#7052,#7053,#7054,
    #7055,#7056,#7057,#7058,#7059,#7060,#7061),.UNSPECIFIED.,.F.,.F.,(7,
    5,7),(0.,0.579006511697,1.),.UNSPECIFIED.);
#7050 = CARTESIAN_POINT('',(1.574259623946,8.789557522128E-05));
#7051 = CARTESIAN_POINT('',(1.722756298757,3.856591441023E-03));
#7052 = CARTESIAN_POINT('',(1.871252516812,7.621945104937E-03));
#7053 = CARTESIAN_POINT('',(2.020221015654,1.124622817229E-02));
#7054 = CARTESIAN_POINT('',(2.170012786756,1.45896732162E-02));
#7055 = CARTESIAN_POINT('',(2.320867886214,1.751184572676E-02));
#7056 = CARTESIAN_POINT('',(2.583192038464,2.163512570525E-02));
#7057 = CARTESIAN_POINT('',(2.694182309822,2.308841520988E-02));
#7058 = CARTESIAN_POINT('',(2.805650288362,2.421452041795E-02));
#7059 = CARTESIAN_POINT('',(2.91749123598,2.497824452982E-02));
#7060 = CARTESIAN_POINT('',(3.029552158987,2.535997069515E-02));
#7061 = CARTESIAN_POINT('',(3.14159265359,2.535997069515E-02));
#7062 = ( GEOMETRIC_REPRESENTATION_CONTEXT(2) 
PARAMETRIC_REPRESENTATION_CONTEXT() REPRESENTATION_CONTEXT('2D SPACE',''
  ) );
#7063 = PCURVE('',#7064,#7069);
#7064 = PLANE('',#7065);
#7065 = AXIS2_PLACEMENT_3D('',#7066,#7067,#7068);
#7066 = CARTESIAN_POINT('',(2.277398851267E-17,0.702665480206,
    0.1395416723));
#7067 = DIRECTION('',(0.,0.69022946265,0.723590553345));
#7068 = DIRECTION('',(0.,0.723590553345,-0.69022946265));
#7069 = DEFINITIONAL_REPRESENTATION('',(#7070),#7083);
#7070 = B_SPLINE_CURVE_WITH_KNOTS('',6,(#7071,#7072,#7073,#7074,#7075,
    #7076,#7077,#7078,#7079,#7080,#7081,#7082),.UNSPECIFIED.,.F.,.F.,(7,
    5,7),(0.,0.579006511697,1.),.UNSPECIFIED.);
#7071 = CARTESIAN_POINT('',(0.202176898917,0.550000348918));
#7072 = CARTESIAN_POINT('',(0.140478194952,0.550092454076));
#7073 = CARTESIAN_POINT('',(7.883420740246E-02,0.558123456022));
#7074 = CARTESIAN_POINT('',(1.949973839292E-02,0.574082758803));
#7075 = CARTESIAN_POINT('',(-3.523702820517E-02,0.597615396424));
#7076 = CARTESIAN_POINT('',(-8.307698745946E-02,0.627901591729));
#7077 = CARTESIAN_POINT('',(-0.150580718144,0.689523955721));
#7078 = CARTESIAN_POINT('',(-0.174373054303,0.718320094152));
#7079 = CARTESIAN_POINT('',(-0.192808936194,0.749433724291));
#7080 = CARTESIAN_POINT('',(-0.205312144085,0.782183829348));
#7081 = CARTESIAN_POINT('',(-0.211561523316,0.815766744459));
#7082 = CARTESIAN_POINT('',(-0.211561523316,0.849353320747));
#7083 = ( GEOMETRIC_REPRESENTATION_CONTEXT(2) 
PARAMETRIC_REPRESENTATION_CONTEXT() REPRESENTATION_CONTEXT('2D SPACE',''
  ) );
#7084 = ORIENTED_EDGE('',*,*,#7085,.T.);
#7085 = EDGE_CURVE('',#7031,#3578,#7086,.T.);
#7086 = SURFACE_CURVE('',#7087,(#7090,#7097),.PCURVE_S1.);
#7087 = B_SPLINE_CURVE_WITH_KNOTS('',1,(#7088,#7089),.UNSPECIFIED.,.F.,
  .F.,(2,2),(0.,1.),.PIECEWISE_BEZIER_KNOTS.);
#7088 = CARTESIAN_POINT('',(-0.85,0.55,-1.E-03));
#7089 = CARTESIAN_POINT('',(-0.8245,0.5335,11.299));
#7090 = PCURVE('',#3611,#7091);
#7091 = DEFINITIONAL_REPRESENTATION('',(#7092),#7096);
#7092 = LINE('',#7093,#7094);
#7093 = CARTESIAN_POINT('',(3.14159265359,0.));
#7094 = VECTOR('',#7095,1.);
#7095 = DIRECTION('',(0.,1.));
#7096 = ( GEOMETRIC_REPRESENTATION_CONTEXT(2) 
PARAMETRIC_REPRESENTATION_CONTEXT() REPRESENTATION_CONTEXT('2D SPACE',''
  ) );
#7097 = PCURVE('',#3659,#7098);
#7098 = DEFINITIONAL_REPRESENTATION('',(#7099),#7102);
#7099 = B_SPLINE_CURVE_WITH_KNOTS('',1,(#7100,#7101),.UNSPECIFIED.,.F.,
  .F.,(2,2),(0.,1.),.PIECEWISE_BEZIER_KNOTS.);
#7100 = CARTESIAN_POINT('',(-5.627556659815,-0.85));
#7101 = CARTESIAN_POINT('',(5.672455386639,-0.8245));
#7102 = ( GEOMETRIC_REPRESENTATION_CONTEXT(2) 
PARAMETRIC_REPRESENTATION_CONTEXT() REPRESENTATION_CONTEXT('2D SPACE',''
  ) );
#7103 = ORIENTED_EDGE('',*,*,#3577,.T.);
#7104 = ORIENTED_EDGE('',*,*,#6957,.F.);
#7105 = ADVANCED_FACE('',(#7106),#3659,.F.);
#7106 = FACE_BOUND('',#7107,.F.);
#7107 = EDGE_LOOP('',(#7108,#7109,#7130,#7157));
#7108 = ORIENTED_EDGE('',*,*,#7085,.F.);
#7109 = ORIENTED_EDGE('',*,*,#7110,.F.);
#7110 = EDGE_CURVE('',#7111,#7031,#7113,.T.);
#7111 = VERTEX_POINT('',#7112);
#7112 = CARTESIAN_POINT('',(-1.197046938869,0.549581560484,
    0.285567668855));
#7113 = SURFACE_CURVE('',#7114,(#7118,#7124),.PCURVE_S1.);
#7114 = LINE('',#7115,#7116);
#7115 = CARTESIAN_POINT('',(4.043250773045E-17,0.549581560484,
    0.285567668855));
#7116 = VECTOR('',#7117,1.);
#7117 = DIRECTION('',(1.,0.,0.));
#7118 = PCURVE('',#3659,#7119);
#7119 = DEFINITIONAL_REPRESENTATION('',(#7120),#7123);
#7120 = B_SPLINE_CURVE_WITH_KNOTS('',1,(#7121,#7122),.UNSPECIFIED.,.F.,
  .F.,(2,2),(-1.197958344524,-0.836415664898),.PIECEWISE_BEZIER_KNOTS.);
#7121 = CARTESIAN_POINT('',(-5.340988685462,-1.197958344524));
#7122 = CARTESIAN_POINT('',(-5.340988685462,-0.836415664898));
#7123 = ( GEOMETRIC_REPRESENTATION_CONTEXT(2) 
PARAMETRIC_REPRESENTATION_CONTEXT() REPRESENTATION_CONTEXT('2D SPACE',''
  ) );
#7124 = PCURVE('',#7064,#7125);
#7125 = DEFINITIONAL_REPRESENTATION('',(#7126),#7129);
#7126 = B_SPLINE_CURVE_WITH_KNOTS('',1,(#7127,#7128),.UNSPECIFIED.,.F.,
  .F.,(2,2),(-1.197958344524,-0.836415664898),.PIECEWISE_BEZIER_KNOTS.);
#7127 = CARTESIAN_POINT('',(-0.211561523316,1.197958344524));
#7128 = CARTESIAN_POINT('',(-0.211561523316,0.836415664898));
#7129 = ( GEOMETRIC_REPRESENTATION_CONTEXT(2) 
PARAMETRIC_REPRESENTATION_CONTEXT() REPRESENTATION_CONTEXT('2D SPACE',''
  ) );
#7130 = ORIENTED_EDGE('',*,*,#7131,.T.);
#7131 = EDGE_CURVE('',#7111,#3645,#7132,.T.);
#7132 = SURFACE_CURVE('',#7133,(#7139,#7148),.PCURVE_S1.);
#7133 = B_SPLINE_CURVE_WITH_KNOTS('',4,(#7134,#7135,#7136,#7137,#7138),
  .UNSPECIFIED.,.F.,.F.,(5,5),(0.,1.),.PIECEWISE_BEZIER_KNOTS.);
#7134 = CARTESIAN_POINT('',(-1.197958344524,0.55,-1.000000000002E-03));
#7135 = CARTESIAN_POINT('',(-1.18897365694,0.545875,2.824));
#7136 = CARTESIAN_POINT('',(-1.179988969356,0.54175,5.649));
#7137 = CARTESIAN_POINT('',(-1.171004281772,0.537625,8.474));
#7138 = CARTESIAN_POINT('',(-1.162019594188,0.5335,11.299));
#7139 = PCURVE('',#3659,#7140);
#7140 = DEFINITIONAL_REPRESENTATION('',(#7141),#7147);
#7141 = B_SPLINE_CURVE_WITH_KNOTS('',4,(#7142,#7143,#7144,#7145,#7146),
  .UNSPECIFIED.,.F.,.F.,(5,5),(0.,1.),.PIECEWISE_BEZIER_KNOTS.);
#7142 = CARTESIAN_POINT('',(-5.627556659815,-1.197958344524));
#7143 = CARTESIAN_POINT('',(-2.802553648202,-1.18897365694));
#7144 = CARTESIAN_POINT('',(2.244936341174E-02,-1.179988969356));
#7145 = CARTESIAN_POINT('',(2.847452375025,-1.171004281772));
#7146 = CARTESIAN_POINT('',(5.672455386639,-1.162019594188));
#7147 = ( GEOMETRIC_REPRESENTATION_CONTEXT(2) 
PARAMETRIC_REPRESENTATION_CONTEXT() REPRESENTATION_CONTEXT('2D SPACE',''
  ) );
#7148 = PCURVE('',#3700,#7149);
#7149 = DEFINITIONAL_REPRESENTATION('',(#7150),#7156);
#7150 = B_SPLINE_CURVE_WITH_KNOTS('',4,(#7151,#7152,#7153,#7154,#7155),
  .UNSPECIFIED.,.F.,.F.,(5,5),(0.,1.),.PIECEWISE_BEZIER_KNOTS.);
#7151 = CARTESIAN_POINT('',(1.141096657772,0.));
#7152 = CARTESIAN_POINT('',(1.141096657772,0.25));
#7153 = CARTESIAN_POINT('',(1.141096657772,0.5));
#7154 = CARTESIAN_POINT('',(1.141096657772,0.75));
#7155 = CARTESIAN_POINT('',(1.141096657772,1.));
#7156 = ( GEOMETRIC_REPRESENTATION_CONTEXT(2) 
PARAMETRIC_REPRESENTATION_CONTEXT() REPRESENTATION_CONTEXT('2D SPACE',''
  ) );
#7157 = ORIENTED_EDGE('',*,*,#3644,.T.);
#7158 = ADVANCED_FACE('',(#7159),#3700,.F.);
#7159 = FACE_BOUND('',#7160,.F.);
#7160 = EDGE_LOOP('',(#7161,#7162,#7206,#7233));
#7161 = ORIENTED_EDGE('',*,*,#7131,.F.);
#7162 = ORIENTED_EDGE('',*,*,#7163,.F.);
#7163 = EDGE_CURVE('',#7164,#7111,#7166,.T.);
#7164 = VERTEX_POINT('',#7165);
#7165 = CARTESIAN_POINT('',(-1.700746748815,0.549581560484,
    0.285567668855));
#7166 = SURFACE_CURVE('',#7167,(#7178,#7192),.PCURVE_S1.);
#7167 = B_SPLINE_CURVE_WITH_KNOTS('',5,(#7168,#7169,#7170,#7171,#7172,
    #7173,#7174,#7175,#7176,#7177),.UNSPECIFIED.,.F.,.F.,(6,4,6),(0.,
    0.495931569069,1.),.UNSPECIFIED.);
#7168 = CARTESIAN_POINT('',(-1.700747407008,0.549581257842,
    0.285567957544));
#7169 = CARTESIAN_POINT('',(-1.654614216533,0.570793652853,
    0.265333558487));
#7170 = CARTESIAN_POINT('',(-1.605785634028,0.587345143771,
    0.249545172874));
#7171 = CARTESIAN_POINT('',(-1.554967409836,0.598683388956,
    0.238729676671));
#7172 = CARTESIAN_POINT('',(-1.503086573454,0.604441755515,0.23323679919
    ));
#7173 = CARTESIAN_POINT('',(-1.398416420171,0.604802118221,
    0.232893050982));
#7174 = CARTESIAN_POINT('',(-1.345603982751,0.599219577414,
    0.238218209144));
#7175 = CARTESIAN_POINT('',(-1.293826963767,0.587865755536,
    0.249048563876));
#7176 = CARTESIAN_POINT('',(-1.244060975926,0.57112622263,0.265016321815
    ));
#7177 = CARTESIAN_POINT('',(-1.197046278453,0.549581257842,
    0.285567957544));
#7178 = PCURVE('',#3700,#7179);
#7179 = DEFINITIONAL_REPRESENTATION('',(#7180),#7191);
#7180 = B_SPLINE_CURVE_WITH_KNOTS('',5,(#7181,#7182,#7183,#7184,#7185,
    #7186,#7187,#7188,#7189,#7190),.UNSPECIFIED.,.F.,.F.,(6,4,6),(0.,
    0.495931569069,1.),.UNSPECIFIED.);
#7181 = CARTESIAN_POINT('',(2.000497195206,2.53599962428E-02));
#7182 = CARTESIAN_POINT('',(1.916388394332,2.356934145902E-02));
#7183 = CARTESIAN_POINT('',(1.831474190561,2.217213919237E-02));
#7184 = CARTESIAN_POINT('',(1.745962081364,2.121501563463E-02));
#7185 = CARTESIAN_POINT('',(1.660089172195,2.072892028234E-02));
#7186 = CARTESIAN_POINT('',(1.486969852381,2.069850008687E-02));
#7187 = CARTESIAN_POINT('',(1.399689839333,2.116975302157E-02));
#7188 = CARTESIAN_POINT('',(1.312792301721,2.212819149347E-02));
#7189 = CARTESIAN_POINT('',(1.226522923852,2.35412674173E-02));
#7190 = CARTESIAN_POINT('',(1.141095457772,2.53599962428E-02));
#7191 = ( GEOMETRIC_REPRESENTATION_CONTEXT(2) 
PARAMETRIC_REPRESENTATION_CONTEXT() REPRESENTATION_CONTEXT('2D SPACE',''
  ) );
#7192 = PCURVE('',#7064,#7193);
#7193 = DEFINITIONAL_REPRESENTATION('',(#7194),#7205);
#7194 = B_SPLINE_CURVE_WITH_KNOTS('',5,(#7195,#7196,#7197,#7198,#7199,
    #7200,#7201,#7202,#7203,#7204),.UNSPECIFIED.,.F.,.F.,(6,4,6),(0.,
    0.495931569069,1.),.UNSPECIFIED.);
#7195 = CARTESIAN_POINT('',(-0.211561941566,1.700747407008));
#7196 = CARTESIAN_POINT('',(-0.182246474534,1.654614216533));
#7197 = CARTESIAN_POINT('',(-0.159372363144,1.605785634028));
#7198 = CARTESIAN_POINT('',(-0.143702941904,1.554967409836));
#7199 = CARTESIAN_POINT('',(-0.135744896387,1.503086573454));
#7200 = CARTESIAN_POINT('',(-0.135246876196,1.398416420171));
#7201 = CARTESIAN_POINT('',(-0.142961931044,1.345603982751));
#7202 = CARTESIAN_POINT('',(-0.158652879227,1.293826963767));
#7203 = CARTESIAN_POINT('',(-0.181786864087,1.244060975926));
#7204 = CARTESIAN_POINT('',(-0.211561941566,1.197046278453));
#7205 = ( GEOMETRIC_REPRESENTATION_CONTEXT(2) 
PARAMETRIC_REPRESENTATION_CONTEXT() REPRESENTATION_CONTEXT('2D SPACE',''
  ) );
#7206 = ORIENTED_EDGE('',*,*,#7207,.T.);
#7207 = EDGE_CURVE('',#7164,#3671,#7208,.T.);
#7208 = SURFACE_CURVE('',#7209,(#7215,#7224),.PCURVE_S1.);
#7209 = B_SPLINE_CURVE_WITH_KNOTS('',4,(#7210,#7211,#7212,#7213,#7214),
  .UNSPECIFIED.,.F.,.F.,(5,5),(0.,1.),.PIECEWISE_BEZIER_KNOTS.);
#7210 = CARTESIAN_POINT('',(-1.702041660614,0.55,-1.000000000002E-03));
#7211 = CARTESIAN_POINT('',(-1.68927634816,0.545875,2.824));
#7212 = CARTESIAN_POINT('',(-1.676511035705,0.54175,5.649));
#7213 = CARTESIAN_POINT('',(-1.66374572325,0.537625,8.474));
#7214 = CARTESIAN_POINT('',(-1.650980410796,0.5335,11.299));
#7215 = PCURVE('',#3700,#7216);
#7216 = DEFINITIONAL_REPRESENTATION('',(#7217),#7223);
#7217 = B_SPLINE_CURVE_WITH_KNOTS('',4,(#7218,#7219,#7220,#7221,#7222),
  .UNSPECIFIED.,.F.,.F.,(5,5),(0.,1.),.PIECEWISE_BEZIER_KNOTS.);
#7218 = CARTESIAN_POINT('',(2.000495995206,0.));
#7219 = CARTESIAN_POINT('',(2.000495995206,0.25));
#7220 = CARTESIAN_POINT('',(2.000495995206,0.5));
#7221 = CARTESIAN_POINT('',(2.000495995206,0.75));
#7222 = CARTESIAN_POINT('',(2.000495995206,1.));
#7223 = ( GEOMETRIC_REPRESENTATION_CONTEXT(2) 
PARAMETRIC_REPRESENTATION_CONTEXT() REPRESENTATION_CONTEXT('2D SPACE',''
  ) );
#7224 = PCURVE('',#3758,#7225);
#7225 = DEFINITIONAL_REPRESENTATION('',(#7226),#7232);
#7226 = B_SPLINE_CURVE_WITH_KNOTS('',4,(#7227,#7228,#7229,#7230,#7231),
  .UNSPECIFIED.,.F.,.F.,(5,5),(0.,1.),.PIECEWISE_BEZIER_KNOTS.);
#7227 = CARTESIAN_POINT('',(-5.627556659815,-1.702041660614));
#7228 = CARTESIAN_POINT('',(-2.802553648202,-1.68927634816));
#7229 = CARTESIAN_POINT('',(2.244936341179E-02,-1.676511035705));
#7230 = CARTESIAN_POINT('',(2.847452375025,-1.66374572325));
#7231 = CARTESIAN_POINT('',(5.672455386639,-1.650980410796));
#7232 = ( GEOMETRIC_REPRESENTATION_CONTEXT(2) 
PARAMETRIC_REPRESENTATION_CONTEXT() REPRESENTATION_CONTEXT('2D SPACE',''
  ) );
#7233 = ORIENTED_EDGE('',*,*,#3670,.T.);
#7234 = ADVANCED_FACE('',(#7235),#3758,.F.);
#7235 = FACE_BOUND('',#7236,.F.);
#7236 = EDGE_LOOP('',(#7237,#7259,#7260,#7261));
#7237 = ORIENTED_EDGE('',*,*,#7238,.F.);
#7238 = EDGE_CURVE('',#3744,#7239,#7241,.T.);
#7239 = VERTEX_POINT('',#7240);
#7240 = CARTESIAN_POINT('',(-2.02345938178,0.549581560484,0.285567668855
    ));
#7241 = SURFACE_CURVE('',#7242,(#7246,#7252),.PCURVE_S1.);
#7242 = LINE('',#7243,#7244);
#7243 = CARTESIAN_POINT('',(-1.96425,0.5335,11.299));
#7244 = VECTOR('',#7245,1.);
#7245 = DIRECTION('',(-5.376022773886E-03,1.460154333648E-03,
    -0.999984483044));
#7246 = PCURVE('',#3758,#7247);
#7247 = DEFINITIONAL_REPRESENTATION('',(#7248),#7251);
#7248 = B_SPLINE_CURVE_WITH_KNOTS('',1,(#7249,#7250),.UNSPECIFIED.,.F.,
  .F.,(2,2),(0.,11.300175344325),.PIECEWISE_BEZIER_KNOTS.);
#7249 = CARTESIAN_POINT('',(5.672455386639,-1.96425));
#7250 = CARTESIAN_POINT('',(-5.627556659815,-2.025));
#7251 = ( GEOMETRIC_REPRESENTATION_CONTEXT(2) 
PARAMETRIC_REPRESENTATION_CONTEXT() REPRESENTATION_CONTEXT('2D SPACE',''
  ) );
#7252 = PCURVE('',#3784,#7253);
#7253 = DEFINITIONAL_REPRESENTATION('',(#7254),#7258);
#7254 = LINE('',#7255,#7256);
#7255 = CARTESIAN_POINT('',(-5.657609813693,-0.5335));
#7256 = VECTOR('',#7257,1.);
#7257 = DIRECTION('',(0.999998933974,-1.460154333648E-03));
#7258 = ( GEOMETRIC_REPRESENTATION_CONTEXT(2) 
PARAMETRIC_REPRESENTATION_CONTEXT() REPRESENTATION_CONTEXT('2D SPACE',''
  ) );
#7259 = ORIENTED_EDGE('',*,*,#3743,.T.);
#7260 = ORIENTED_EDGE('',*,*,#7207,.F.);
#7261 = ORIENTED_EDGE('',*,*,#7262,.F.);
#7262 = EDGE_CURVE('',#7239,#7164,#7263,.T.);
#7263 = SURFACE_CURVE('',#7264,(#7268,#7274),.PCURVE_S1.);
#7264 = LINE('',#7265,#7266);
#7265 = CARTESIAN_POINT('',(4.043250773045E-17,0.549581560484,
    0.285567668855));
#7266 = VECTOR('',#7267,1.);
#7267 = DIRECTION('',(1.,0.,0.));
#7268 = PCURVE('',#3758,#7269);
#7269 = DEFINITIONAL_REPRESENTATION('',(#7270),#7273);
#7270 = B_SPLINE_CURVE_WITH_KNOTS('',1,(#7271,#7272),.UNSPECIFIED.,.F.,
  .F.,(2,2),(-2.024994623894,-1.674840361467),.PIECEWISE_BEZIER_KNOTS.);
#7271 = CARTESIAN_POINT('',(-5.340988685462,-2.024994623894));
#7272 = CARTESIAN_POINT('',(-5.340988685462,-1.674840361467));
#7273 = ( GEOMETRIC_REPRESENTATION_CONTEXT(2) 
PARAMETRIC_REPRESENTATION_CONTEXT() REPRESENTATION_CONTEXT('2D SPACE',''
  ) );
#7274 = PCURVE('',#7064,#7275);
#7275 = DEFINITIONAL_REPRESENTATION('',(#7276),#7279);
#7276 = B_SPLINE_CURVE_WITH_KNOTS('',1,(#7277,#7278),.UNSPECIFIED.,.F.,
  .F.,(2,2),(-2.024994623894,-1.674840361467),.PIECEWISE_BEZIER_KNOTS.);
#7277 = CARTESIAN_POINT('',(-0.211561523316,2.024994623894));
#7278 = CARTESIAN_POINT('',(-0.211561523316,1.674840361467));
#7279 = ( GEOMETRIC_REPRESENTATION_CONTEXT(2) 
PARAMETRIC_REPRESENTATION_CONTEXT() REPRESENTATION_CONTEXT('2D SPACE',''
  ) );
#7280 = ADVANCED_FACE('',(#7281),#3784,.F.);
#7281 = FACE_BOUND('',#7282,.F.);
#7282 = EDGE_LOOP('',(#7283,#7284,#7305,#7331,#7358));
#7283 = ORIENTED_EDGE('',*,*,#7238,.T.);
#7284 = ORIENTED_EDGE('',*,*,#7285,.F.);
#7285 = EDGE_CURVE('',#7286,#7239,#7288,.T.);
#7286 = VERTEX_POINT('',#7287);
#7287 = CARTESIAN_POINT('',(-2.023417656473,0.541445182752,
    0.293328919474));
#7288 = SURFACE_CURVE('',#7289,(#7293,#7299),.PCURVE_S1.);
#7289 = LINE('',#7290,#7291);
#7290 = CARTESIAN_POINT('',(-2.016241097306,-0.857974010472,
    1.628227990911));
#7291 = VECTOR('',#7292,1.);
#7292 = DIRECTION('',(-3.710721342345E-03,0.723585571605,-0.690224710593
    ));
#7293 = PCURVE('',#3784,#7294);
#7294 = DEFINITIONAL_REPRESENTATION('',(#7295),#7298);
#7295 = B_SPLINE_CURVE_WITH_KNOTS('',1,(#7296,#7297),.UNSPECIFIED.,.F.,
  .F.,(2,2),(1.925790210799,1.945827287811),.PIECEWISE_BEZIER_KNOTS.);
#7296 = CARTESIAN_POINT('',(5.342549149007,-0.5355));
#7297 = CARTESIAN_POINT('',(5.356379434549,-0.549998539823));
#7298 = ( GEOMETRIC_REPRESENTATION_CONTEXT(2) 
PARAMETRIC_REPRESENTATION_CONTEXT() REPRESENTATION_CONTEXT('2D SPACE',''
  ) );
#7299 = PCURVE('',#7064,#7300);
#7300 = DEFINITIONAL_REPRESENTATION('',(#7301),#7304);
#7301 = B_SPLINE_CURVE_WITH_KNOTS('',1,(#7302,#7303),.UNSPECIFIED.,.F.,
  .F.,(2,2),(1.925790210799,1.945827287811),.PIECEWISE_BEZIER_KNOTS.);
#7302 = CARTESIAN_POINT('',(-0.231022198166,2.023387168142));
#7303 = CARTESIAN_POINT('',(-0.210985259104,2.023461520151));
#7304 = ( GEOMETRIC_REPRESENTATION_CONTEXT(2) 
PARAMETRIC_REPRESENTATION_CONTEXT() REPRESENTATION_CONTEXT('2D SPACE',''
  ) );
#7305 = ORIENTED_EDGE('',*,*,#7306,.F.);
#7306 = EDGE_CURVE('',#7307,#7286,#7309,.T.);
#7307 = VERTEX_POINT('',#7308);
#7308 = CARTESIAN_POINT('',(-2.023417656473,0.188001851986,
    0.293328919474));
#7309 = SURFACE_CURVE('',#7310,(#7314,#7320),.PCURVE_S1.);
#7310 = LINE('',#7311,#7312);
#7311 = CARTESIAN_POINT('',(-2.023417656473,-8.965214233704E-18,
    0.293328919474));
#7312 = VECTOR('',#7313,1.);
#7313 = DIRECTION('',(-0.,1.,-0.));
#7314 = PCURVE('',#3784,#7315);
#7315 = DEFINITIONAL_REPRESENTATION('',(#7316),#7319);
#7316 = B_SPLINE_CURVE_WITH_KNOTS('',1,(#7317,#7318),.UNSPECIFIED.,.F.,
  .F.,(2,2),(0.185120118034,0.549998539823),.PIECEWISE_BEZIER_KNOTS.);
#7317 = CARTESIAN_POINT('',(5.348220311487,-0.185120118034));
#7318 = CARTESIAN_POINT('',(5.348220311487,-0.549998539823));
#7319 = ( GEOMETRIC_REPRESENTATION_CONTEXT(2) 
PARAMETRIC_REPRESENTATION_CONTEXT() REPRESENTATION_CONTEXT('2D SPACE',''
  ) );
#7320 = PCURVE('',#7321,#7326);
#7321 = PLANE('',#7322);
#7322 = AXIS2_PLACEMENT_3D('',#7323,#7324,#7325);
#7323 = CARTESIAN_POINT('',(-2.19650740114,0.,0.124402194772));
#7324 = DIRECTION('',(-0.698448148582,0.,0.715660662425));
#7325 = DIRECTION('',(0.715660662425,0.,0.698448148582));
#7326 = DEFINITIONAL_REPRESENTATION('',(#7327),#7330);
#7327 = B_SPLINE_CURVE_WITH_KNOTS('',1,(#7328,#7329),.UNSPECIFIED.,.F.,
  .F.,(2,2),(0.185120118034,0.549998539823),.PIECEWISE_BEZIER_KNOTS.);
#7328 = CARTESIAN_POINT('',(0.241860079441,0.185120118034));
#7329 = CARTESIAN_POINT('',(0.241860079441,0.549998539823));
#7330 = ( GEOMETRIC_REPRESENTATION_CONTEXT(2) 
PARAMETRIC_REPRESENTATION_CONTEXT() REPRESENTATION_CONTEXT('2D SPACE',''
  ) );
#7331 = ORIENTED_EDGE('',*,*,#7332,.T.);
#7332 = EDGE_CURVE('',#7307,#3770,#7333,.T.);
#7333 = SURFACE_CURVE('',#7334,(#7340,#7349),.PCURVE_S1.);
#7334 = B_SPLINE_CURVE_WITH_KNOTS('',4,(#7335,#7336,#7337,#7338,#7339),
  .UNSPECIFIED.,.F.,.F.,(5,5),(0.,1.),.PIECEWISE_BEZIER_KNOTS.);
#7335 = CARTESIAN_POINT('',(-2.025,0.188148872307,-1.000000000004E-03));
#7336 = CARTESIAN_POINT('',(-2.0098125,0.186737755765,2.824));
#7337 = CARTESIAN_POINT('',(-1.994625,0.185326639222,5.649));
#7338 = CARTESIAN_POINT('',(-1.9794375,0.18391552268,8.474));
#7339 = CARTESIAN_POINT('',(-1.96425,0.182504406138,11.299));
#7340 = PCURVE('',#3784,#7341);
#7341 = DEFINITIONAL_REPRESENTATION('',(#7342),#7348);
#7342 = B_SPLINE_CURVE_WITH_KNOTS('',4,(#7343,#7344,#7345,#7346,#7347),
  .UNSPECIFIED.,.F.,.F.,(5,5),(0.,1.),.PIECEWISE_BEZIER_KNOTS.);
#7343 = CARTESIAN_POINT('',(5.642553484353,-0.188148872307));
#7344 = CARTESIAN_POINT('',(2.817512659842,-0.186737755765));
#7345 = CARTESIAN_POINT('',(-7.528164669613E-03,-0.185326639222));
#7346 = CARTESIAN_POINT('',(-2.832568989181,-0.18391552268));
#7347 = CARTESIAN_POINT('',(-5.657609813693,-0.182504406138));
#7348 = ( GEOMETRIC_REPRESENTATION_CONTEXT(2) 
PARAMETRIC_REPRESENTATION_CONTEXT() REPRESENTATION_CONTEXT('2D SPACE',''
  ) );
#7349 = PCURVE('',#3825,#7350);
#7350 = DEFINITIONAL_REPRESENTATION('',(#7351),#7357);
#7351 = B_SPLINE_CURVE_WITH_KNOTS('',4,(#7352,#7353,#7354,#7355,#7356),
  .UNSPECIFIED.,.F.,.F.,(5,5),(0.,1.),.PIECEWISE_BEZIER_KNOTS.);
#7352 = CARTESIAN_POINT('',(2.825358279866,0.));
#7353 = CARTESIAN_POINT('',(2.825358279866,0.25));
#7354 = CARTESIAN_POINT('',(2.825358279866,0.5));
#7355 = CARTESIAN_POINT('',(2.825358279866,0.75));
#7356 = CARTESIAN_POINT('',(2.825358279866,1.));
#7357 = ( GEOMETRIC_REPRESENTATION_CONTEXT(2) 
PARAMETRIC_REPRESENTATION_CONTEXT() REPRESENTATION_CONTEXT('2D SPACE',''
  ) );
#7358 = ORIENTED_EDGE('',*,*,#3769,.T.);
#7359 = ADVANCED_FACE('',(#7360),#3825,.F.);
#7360 = FACE_BOUND('',#7361,.F.);
#7361 = EDGE_LOOP('',(#7362,#7363,#7407,#7434));
#7362 = ORIENTED_EDGE('',*,*,#7332,.F.);
#7363 = ORIENTED_EDGE('',*,*,#7364,.F.);
#7364 = EDGE_CURVE('',#7365,#7307,#7367,.T.);
#7365 = VERTEX_POINT('',#7366);
#7366 = CARTESIAN_POINT('',(-2.023417656473,-0.188001851986,
    0.293328919474));
#7367 = SURFACE_CURVE('',#7368,(#7379,#7393),.PCURVE_S1.);
#7368 = B_SPLINE_CURVE_WITH_KNOTS('',5,(#7369,#7370,#7371,#7372,#7373,
    #7374,#7375,#7376,#7377,#7378),.UNSPECIFIED.,.F.,.F.,(6,4,6),(0.,
    0.499004360373,1.),.UNSPECIFIED.);
#7369 = CARTESIAN_POINT('',(-2.02341742834,-0.18800254541,0.29332914212)
  );
#7370 = CARTESIAN_POINT('',(-2.035248893595,-0.152040137609,
    0.281782238069));
#7371 = CARTESIAN_POINT('',(-2.044322553085,-0.114937618225,
    0.272926811182));
#7372 = CARTESIAN_POINT('',(-2.050452986793,-7.702905029219E-02,
    0.266943821899));
#7373 = CARTESIAN_POINT('',(-2.053530183735,-3.870552227379E-02,
    0.263940635306));
#7374 = CARTESIAN_POINT('',(-2.053579013823,3.80937500949E-02,
    0.263892979641));
#7375 = CARTESIAN_POINT('',(-2.050526237316,7.657514814391E-02,
    0.266872333141));
#7376 = CARTESIAN_POINT('',(-2.044394937463,0.114641454388,
    0.272856167737));
#7377 = CARTESIAN_POINT('',(-2.035296105198,0.151896635269,
    0.281736161962));
#7378 = CARTESIAN_POINT('',(-2.02341742834,0.18800254541,0.29332914212)
  );
#7379 = PCURVE('',#3825,#7380);
#7380 = DEFINITIONAL_REPRESENTATION('',(#7381),#7392);
#7381 = B_SPLINE_CURVE_WITH_KNOTS('',5,(#7382,#7383,#7384,#7385,#7386,
    #7387,#7388,#7389,#7390,#7391),.UNSPECIFIED.,.F.,.F.,(6,4,6),(0.,
    0.499004360373,1.),.UNSPECIFIED.);
#7382 = CARTESIAN_POINT('',(3.457828234405,2.604682673627E-02));
#7383 = CARTESIAN_POINT('',(3.395225943183,2.502497682025E-02));
#7384 = CARTESIAN_POINT('',(3.332249235145,2.424131072406E-02));
#7385 = CARTESIAN_POINT('',(3.269006064126,2.371184264593E-02));
#7386 = CARTESIAN_POINT('',(3.205613763905,2.344607392087E-02));
#7387 = CARTESIAN_POINT('',(3.078583448691,2.344185660543E-02));
#7388 = CARTESIAN_POINT('',(3.014936434403,2.370551620715E-02));
#7389 = CARTESIAN_POINT('',(2.951438750808,2.423505909176E-02));
#7390 = CARTESIAN_POINT('',(2.888209168607,2.502089928866E-02));
#7391 = CARTESIAN_POINT('',(2.825357072774,2.604682673627E-02));
#7392 = ( GEOMETRIC_REPRESENTATION_CONTEXT(2) 
PARAMETRIC_REPRESENTATION_CONTEXT() REPRESENTATION_CONTEXT('2D SPACE',''
  ) );
#7393 = PCURVE('',#7321,#7394);
#7394 = DEFINITIONAL_REPRESENTATION('',(#7395),#7406);
#7395 = B_SPLINE_CURVE_WITH_KNOTS('',5,(#7396,#7397,#7398,#7399,#7400,
    #7401,#7402,#7403,#7404,#7405),.UNSPECIFIED.,.F.,.F.,(6,4,6),(0.,
    0.499004360373,1.),.UNSPECIFIED.);
#7396 = CARTESIAN_POINT('',(0.241860398214,-0.18800254541));
#7397 = CARTESIAN_POINT('',(0.225328170196,-0.152040137609));
#7398 = CARTESIAN_POINT('',(0.21264945252,-0.114937618225));
#7399 = CARTESIAN_POINT('',(0.204083334484,-7.702905029219E-02));
#7400 = CARTESIAN_POINT('',(0.199783535567,-3.870552227379E-02));
#7401 = CARTESIAN_POINT('',(0.199715304783,3.80937500949E-02));
#7402 = CARTESIAN_POINT('',(0.203980980775,7.657514814391E-02));
#7403 = CARTESIAN_POINT('',(0.212548309085,0.114641454388));
#7404 = CARTESIAN_POINT('',(0.225262200937,0.151896635269));
#7405 = CARTESIAN_POINT('',(0.241860398214,0.18800254541));
#7406 = ( GEOMETRIC_REPRESENTATION_CONTEXT(2) 
PARAMETRIC_REPRESENTATION_CONTEXT() REPRESENTATION_CONTEXT('2D SPACE',''
  ) );
#7407 = ORIENTED_EDGE('',*,*,#7408,.T.);
#7408 = EDGE_CURVE('',#7365,#3796,#7409,.T.);
#7409 = SURFACE_CURVE('',#7410,(#7416,#7425),.PCURVE_S1.);
#7410 = B_SPLINE_CURVE_WITH_KNOTS('',4,(#7411,#7412,#7413,#7414,#7415),
  .UNSPECIFIED.,.F.,.F.,(5,5),(0.,1.),.PIECEWISE_BEZIER_KNOTS.);
#7411 = CARTESIAN_POINT('',(-2.025,-0.188148872307,-1.000000000004E-03)
  );
#7412 = CARTESIAN_POINT('',(-2.0098125,-0.186737755765,2.824));
#7413 = CARTESIAN_POINT('',(-1.994625,-0.185326639222,5.649));
#7414 = CARTESIAN_POINT('',(-1.9794375,-0.18391552268,8.474));
#7415 = CARTESIAN_POINT('',(-1.96425,-0.182504406138,11.299));
#7416 = PCURVE('',#3825,#7417);
#7417 = DEFINITIONAL_REPRESENTATION('',(#7418),#7424);
#7418 = B_SPLINE_CURVE_WITH_KNOTS('',4,(#7419,#7420,#7421,#7422,#7423),
  .UNSPECIFIED.,.F.,.F.,(5,5),(0.,1.),.PIECEWISE_BEZIER_KNOTS.);
#7419 = CARTESIAN_POINT('',(3.457827027314,0.));
#7420 = CARTESIAN_POINT('',(3.457827027314,0.25));
#7421 = CARTESIAN_POINT('',(3.457827027314,0.5));
#7422 = CARTESIAN_POINT('',(3.457827027314,0.75));
#7423 = CARTESIAN_POINT('',(3.457827027314,1.));
#7424 = ( GEOMETRIC_REPRESENTATION_CONTEXT(2) 
PARAMETRIC_REPRESENTATION_CONTEXT() REPRESENTATION_CONTEXT('2D SPACE',''
  ) );
#7425 = PCURVE('',#3883,#7426);
#7426 = DEFINITIONAL_REPRESENTATION('',(#7427),#7433);
#7427 = B_SPLINE_CURVE_WITH_KNOTS('',4,(#7428,#7429,#7430,#7431,#7432),
  .UNSPECIFIED.,.F.,.F.,(5,5),(0.,1.),.PIECEWISE_BEZIER_KNOTS.);
#7428 = CARTESIAN_POINT('',(5.642553484353,0.188148872307));
#7429 = CARTESIAN_POINT('',(2.817512659842,0.186737755765));
#7430 = CARTESIAN_POINT('',(-7.528164669795E-03,0.185326639222));
#7431 = CARTESIAN_POINT('',(-2.832568989181,0.18391552268));
#7432 = CARTESIAN_POINT('',(-5.657609813693,0.182504406138));
#7433 = ( GEOMETRIC_REPRESENTATION_CONTEXT(2) 
PARAMETRIC_REPRESENTATION_CONTEXT() REPRESENTATION_CONTEXT('2D SPACE',''
  ) );
#7434 = ORIENTED_EDGE('',*,*,#3795,.T.);
#7435 = ADVANCED_FACE('',(#7436),#3883,.F.);
#7436 = FACE_BOUND('',#7437,.F.);
#7437 = EDGE_LOOP('',(#7438,#7460,#7461,#7462,#7483));
#7438 = ORIENTED_EDGE('',*,*,#7439,.F.);
#7439 = EDGE_CURVE('',#3869,#7440,#7442,.T.);
#7440 = VERTEX_POINT('',#7441);
#7441 = CARTESIAN_POINT('',(-2.02345938178,-0.549581560484,
    0.285567668855));
#7442 = SURFACE_CURVE('',#7443,(#7447,#7453),.PCURVE_S1.);
#7443 = LINE('',#7444,#7445);
#7444 = CARTESIAN_POINT('',(-1.96425,-0.5335,11.299));
#7445 = VECTOR('',#7446,1.);
#7446 = DIRECTION('',(-5.376022773886E-03,-1.460154333648E-03,
    -0.999984483044));
#7447 = PCURVE('',#3883,#7448);
#7448 = DEFINITIONAL_REPRESENTATION('',(#7449),#7452);
#7449 = B_SPLINE_CURVE_WITH_KNOTS('',1,(#7450,#7451),.UNSPECIFIED.,.F.,
  .F.,(2,2),(0.,11.300175344325),.PIECEWISE_BEZIER_KNOTS.);
#7450 = CARTESIAN_POINT('',(-5.657609813693,0.5335));
#7451 = CARTESIAN_POINT('',(5.642553484353,0.55));
#7452 = ( GEOMETRIC_REPRESENTATION_CONTEXT(2) 
PARAMETRIC_REPRESENTATION_CONTEXT() REPRESENTATION_CONTEXT('2D SPACE',''
  ) );
#7453 = PCURVE('',#3907,#7454);
#7454 = DEFINITIONAL_REPRESENTATION('',(#7455),#7459);
#7455 = LINE('',#7456,#7457);
#7456 = CARTESIAN_POINT('',(-5.672455386639,-1.96425));
#7457 = VECTOR('',#7458,1.);
#7458 = DIRECTION('',(0.999985549085,-5.376022773886E-03));
#7459 = ( GEOMETRIC_REPRESENTATION_CONTEXT(2) 
PARAMETRIC_REPRESENTATION_CONTEXT() REPRESENTATION_CONTEXT('2D SPACE',''
  ) );
#7460 = ORIENTED_EDGE('',*,*,#3868,.T.);
#7461 = ORIENTED_EDGE('',*,*,#7408,.F.);
#7462 = ORIENTED_EDGE('',*,*,#7463,.F.);
#7463 = EDGE_CURVE('',#7464,#7365,#7466,.T.);
#7464 = VERTEX_POINT('',#7465);
#7465 = CARTESIAN_POINT('',(-2.023417656473,-0.541445182752,
    0.293328919474));
#7466 = SURFACE_CURVE('',#7467,(#7471,#7477),.PCURVE_S1.);
#7467 = LINE('',#7468,#7469);
#7468 = CARTESIAN_POINT('',(-2.023417656473,-8.965214233704E-18,
    0.293328919474));
#7469 = VECTOR('',#7470,1.);
#7470 = DIRECTION('',(-0.,1.,-0.));
#7471 = PCURVE('',#3883,#7472);
#7472 = DEFINITIONAL_REPRESENTATION('',(#7473),#7476);
#7473 = B_SPLINE_CURVE_WITH_KNOTS('',1,(#7474,#7475),.UNSPECIFIED.,.F.,
  .F.,(2,2),(-0.549998539823,-0.185097411797),.PIECEWISE_BEZIER_KNOTS.);
#7474 = CARTESIAN_POINT('',(5.348220311487,0.549998539823));
#7475 = CARTESIAN_POINT('',(5.348220311487,0.185097411797));
#7476 = ( GEOMETRIC_REPRESENTATION_CONTEXT(2) 
PARAMETRIC_REPRESENTATION_CONTEXT() REPRESENTATION_CONTEXT('2D SPACE',''
  ) );
#7477 = PCURVE('',#7321,#7478);
#7478 = DEFINITIONAL_REPRESENTATION('',(#7479),#7482);
#7479 = B_SPLINE_CURVE_WITH_KNOTS('',1,(#7480,#7481),.UNSPECIFIED.,.F.,
  .F.,(2,2),(-0.549998539823,-0.185097411797),.PIECEWISE_BEZIER_KNOTS.);
#7480 = CARTESIAN_POINT('',(0.241860079441,-0.549998539823));
#7481 = CARTESIAN_POINT('',(0.241860079441,-0.185097411797));
#7482 = ( GEOMETRIC_REPRESENTATION_CONTEXT(2) 
PARAMETRIC_REPRESENTATION_CONTEXT() REPRESENTATION_CONTEXT('2D SPACE',''
  ) );
#7483 = ORIENTED_EDGE('',*,*,#7484,.F.);
#7484 = EDGE_CURVE('',#7440,#7464,#7485,.T.);
#7485 = SURFACE_CURVE('',#7486,(#7490,#7496),.PCURVE_S1.);
#7486 = LINE('',#7487,#7488);
#7487 = CARTESIAN_POINT('',(-2.016241097306,0.857974010472,
    1.628227990911));
#7488 = VECTOR('',#7489,1.);
#7489 = DIRECTION('',(3.710721342345E-03,0.723585571605,0.690224710593)
  );
#7490 = PCURVE('',#3883,#7491);
#7491 = DEFINITIONAL_REPRESENTATION('',(#7492),#7495);
#7492 = B_SPLINE_CURVE_WITH_KNOTS('',1,(#7493,#7494),.UNSPECIFIED.,.F.,
  .F.,(2,2),(-1.945827287811,-1.925790210799),.PIECEWISE_BEZIER_KNOTS.);
#7493 = CARTESIAN_POINT('',(5.356379434549,0.549998539823));
#7494 = CARTESIAN_POINT('',(5.342549149007,0.5355));
#7495 = ( GEOMETRIC_REPRESENTATION_CONTEXT(2) 
PARAMETRIC_REPRESENTATION_CONTEXT() REPRESENTATION_CONTEXT('2D SPACE',''
  ) );
#7496 = PCURVE('',#4770,#7497);
#7497 = DEFINITIONAL_REPRESENTATION('',(#7498),#7501);
#7498 = B_SPLINE_CURVE_WITH_KNOTS('',1,(#7499,#7500),.UNSPECIFIED.,.F.,
  .F.,(2,2),(-1.945827287811,-1.925790210799),.PIECEWISE_BEZIER_KNOTS.);
#7499 = CARTESIAN_POINT('',(0.210985259104,2.023461520151));
#7500 = CARTESIAN_POINT('',(0.231022198166,2.023387168142));
#7501 = ( GEOMETRIC_REPRESENTATION_CONTEXT(2) 
PARAMETRIC_REPRESENTATION_CONTEXT() REPRESENTATION_CONTEXT('2D SPACE',''
  ) );
#7502 = ADVANCED_FACE('',(#7503),#3907,.F.);
#7503 = FACE_BOUND('',#7504,.F.);
#7504 = EDGE_LOOP('',(#7505,#7506,#7525,#7526));
#7505 = ORIENTED_EDGE('',*,*,#7439,.T.);
#7506 = ORIENTED_EDGE('',*,*,#7507,.F.);
#7507 = EDGE_CURVE('',#4712,#7440,#7508,.T.);
#7508 = SURFACE_CURVE('',#7509,(#7513,#7519),.PCURVE_S1.);
#7509 = LINE('',#7510,#7511);
#7510 = CARTESIAN_POINT('',(4.043250773045E-17,-0.549581560484,
    0.285567668855));
#7511 = VECTOR('',#7512,1.);
#7512 = DIRECTION('',(-1.,0.,0.));
#7513 = PCURVE('',#3907,#7514);
#7514 = DEFINITIONAL_REPRESENTATION('',(#7515),#7518);
#7515 = B_SPLINE_CURVE_WITH_KNOTS('',1,(#7516,#7517),.UNSPECIFIED.,.F.,
  .F.,(2,2),(1.674239914273,2.024994623894),.PIECEWISE_BEZIER_KNOTS.);
#7516 = CARTESIAN_POINT('',(5.340988685462,-1.674239914273));
#7517 = CARTESIAN_POINT('',(5.340988685462,-2.024994623894));
#7518 = ( GEOMETRIC_REPRESENTATION_CONTEXT(2) 
PARAMETRIC_REPRESENTATION_CONTEXT() REPRESENTATION_CONTEXT('2D SPACE',''
  ) );
#7519 = PCURVE('',#4770,#7520);
#7520 = DEFINITIONAL_REPRESENTATION('',(#7521),#7524);
#7521 = B_SPLINE_CURVE_WITH_KNOTS('',1,(#7522,#7523),.UNSPECIFIED.,.F.,
  .F.,(2,2),(1.674239914273,2.024994623894),.PIECEWISE_BEZIER_KNOTS.);
#7522 = CARTESIAN_POINT('',(0.211561523316,1.674239914273));
#7523 = CARTESIAN_POINT('',(0.211561523316,2.024994623894));
#7524 = ( GEOMETRIC_REPRESENTATION_CONTEXT(2) 
PARAMETRIC_REPRESENTATION_CONTEXT() REPRESENTATION_CONTEXT('2D SPACE',''
  ) );
#7525 = ORIENTED_EDGE('',*,*,#4711,.T.);
#7526 = ORIENTED_EDGE('',*,*,#3894,.T.);
#7527 = ADVANCED_FACE('',(#7528),#4073,.T.);
#7528 = FACE_BOUND('',#7529,.T.);
#7529 = EDGE_LOOP('',(#7530,#7531,#7532));
#7530 = ORIENTED_EDGE('',*,*,#4583,.F.);
#7531 = ORIENTED_EDGE('',*,*,#4059,.F.);
#7532 = ORIENTED_EDGE('',*,*,#4687,.F.);
#7533 = ADVANCED_FACE('',(#7534),#4358,.T.);
#7534 = FACE_BOUND('',#7535,.T.);
#7535 = EDGE_LOOP('',(#7536,#7537,#7560,#7587));
#7536 = ORIENTED_EDGE('',*,*,#4341,.F.);
#7537 = ORIENTED_EDGE('',*,*,#7538,.F.);
#7538 = EDGE_CURVE('',#7539,#4342,#7541,.T.);
#7539 = VERTEX_POINT('',#7540);
#7540 = CARTESIAN_POINT('',(2.75,-6.73555739531E-16,4.));
#7541 = SEAM_CURVE('',#7542,(#7546,#7553),.PCURVE_S1.);
#7542 = LINE('',#7543,#7544);
#7543 = CARTESIAN_POINT('',(2.75,-6.73555739531E-16,4.));
#7544 = VECTOR('',#7545,1.);
#7545 = DIRECTION('',(0.650791373456,-1.593979144831E-16,0.759256602365)
  );
#7546 = PCURVE('',#4358,#7547);
#7547 = DEFINITIONAL_REPRESENTATION('',(#7548),#7552);
#7548 = LINE('',#7549,#7550);
#7549 = CARTESIAN_POINT('',(6.28318530718,-0.));
#7550 = VECTOR('',#7551,1.);
#7551 = DIRECTION('',(0.,1.));
#7552 = ( GEOMETRIC_REPRESENTATION_CONTEXT(2) 
PARAMETRIC_REPRESENTATION_CONTEXT() REPRESENTATION_CONTEXT('2D SPACE',''
  ) );
#7553 = PCURVE('',#4358,#7554);
#7554 = DEFINITIONAL_REPRESENTATION('',(#7555),#7559);
#7555 = LINE('',#7556,#7557);
#7556 = CARTESIAN_POINT('',(0.,-0.));
#7557 = VECTOR('',#7558,1.);
#7558 = DIRECTION('',(0.,1.));
#7559 = ( GEOMETRIC_REPRESENTATION_CONTEXT(2) 
PARAMETRIC_REPRESENTATION_CONTEXT() REPRESENTATION_CONTEXT('2D SPACE',''
  ) );
#7560 = ORIENTED_EDGE('',*,*,#7561,.T.);
#7561 = EDGE_CURVE('',#7539,#7539,#7562,.T.);
#7562 = SURFACE_CURVE('',#7563,(#7568,#7575),.PCURVE_S1.);
#7563 = CIRCLE('',#7564,2.75);
#7564 = AXIS2_PLACEMENT_3D('',#7565,#7566,#7567);
#7565 = CARTESIAN_POINT('',(0.,0.,4.));
#7566 = DIRECTION('',(0.,0.,1.));
#7567 = DIRECTION('',(1.,0.,-0.));
#7568 = PCURVE('',#4358,#7569);
#7569 = DEFINITIONAL_REPRESENTATION('',(#7570),#7574);
#7570 = LINE('',#7571,#7572);
#7571 = CARTESIAN_POINT('',(0.,0.));
#7572 = VECTOR('',#7573,1.);
#7573 = DIRECTION('',(1.,0.));
#7574 = ( GEOMETRIC_REPRESENTATION_CONTEXT(2) 
PARAMETRIC_REPRESENTATION_CONTEXT() REPRESENTATION_CONTEXT('2D SPACE',''
  ) );
#7575 = PCURVE('',#7576,#7581);
#7576 = CYLINDRICAL_SURFACE('',#7577,2.75);
#7577 = AXIS2_PLACEMENT_3D('',#7578,#7579,#7580);
#7578 = CARTESIAN_POINT('',(0.,0.,0.));
#7579 = DIRECTION('',(0.,0.,1.));
#7580 = DIRECTION('',(1.,0.,-0.));
#7581 = DEFINITIONAL_REPRESENTATION('',(#7582),#7586);
#7582 = LINE('',#7583,#7584);
#7583 = CARTESIAN_POINT('',(0.,4.));
#7584 = VECTOR('',#7585,1.);
#7585 = DIRECTION('',(1.,0.));
#7586 = ( GEOMETRIC_REPRESENTATION_CONTEXT(2) 
PARAMETRIC_REPRESENTATION_CONTEXT() REPRESENTATION_CONTEXT('2D SPACE',''
  ) );
#7587 = ORIENTED_EDGE('',*,*,#7538,.T.);
#7588 = ADVANCED_FACE('',(#7589),#4770,.F.);
#7589 = FACE_BOUND('',#7590,.F.);
#7590 = EDGE_LOOP('',(#7591,#7592,#7614,#7640,#7659,#7660,#7661,#7662));
#7591 = ORIENTED_EDGE('',*,*,#7484,.T.);
#7592 = ORIENTED_EDGE('',*,*,#7593,.T.);
#7593 = EDGE_CURVE('',#7464,#7594,#7596,.T.);
#7594 = VERTEX_POINT('',#7595);
#7595 = CARTESIAN_POINT('',(-2.323975356061,-0.848951666667,0.));
#7596 = SURFACE_CURVE('',#7597,(#7601,#7608),.PCURVE_S1.);
#7597 = LINE('',#7598,#7599);
#7598 = CARTESIAN_POINT('',(-2.017606818182,-0.5355,0.299));
#7599 = VECTOR('',#7600,1.);
#7600 = DIRECTION('',(-0.577422470385,-0.590772267173,-0.56353475406));
#7601 = PCURVE('',#4770,#7602);
#7602 = DEFINITIONAL_REPRESENTATION('',(#7603),#7607);
#7603 = LINE('',#7604,#7605);
#7604 = CARTESIAN_POINT('',(0.231022198166,2.017606818182));
#7605 = VECTOR('',#7606,1.);
#7606 = DIRECTION('',(-0.816445522184,0.577422470385));
#7607 = ( GEOMETRIC_REPRESENTATION_CONTEXT(2) 
PARAMETRIC_REPRESENTATION_CONTEXT() REPRESENTATION_CONTEXT('2D SPACE',''
  ) );
#7608 = PCURVE('',#7321,#7609);
#7609 = DEFINITIONAL_REPRESENTATION('',(#7610),#7613);
#7610 = B_SPLINE_CURVE_WITH_KNOTS('',1,(#7611,#7612),.UNSPECIFIED.,.F.,
  .F.,(2,2),(0.,0.532354034669),.PIECEWISE_BEZIER_KNOTS.);
#7611 = CARTESIAN_POINT('',(0.249979623516,-0.5355));
#7612 = CARTESIAN_POINT('',(-0.179544029184,-0.85));
#7613 = ( GEOMETRIC_REPRESENTATION_CONTEXT(2) 
PARAMETRIC_REPRESENTATION_CONTEXT() REPRESENTATION_CONTEXT('2D SPACE',''
  ) );
#7614 = ORIENTED_EDGE('',*,*,#7615,.T.);
#7615 = EDGE_CURVE('',#7594,#7616,#7618,.T.);
#7616 = VERTEX_POINT('',#7617);
#7617 = CARTESIAN_POINT('',(-0.848951666667,-0.848951666667,0.));
#7618 = SURFACE_CURVE('',#7619,(#7623,#7629),.PCURVE_S1.);
#7619 = LINE('',#7620,#7621);
#7620 = CARTESIAN_POINT('',(1.138699425633E-17,-0.848951666667,0.));
#7621 = VECTOR('',#7622,1.);
#7622 = DIRECTION('',(1.,0.,-0.));
#7623 = PCURVE('',#4770,#7624);
#7624 = DEFINITIONAL_REPRESENTATION('',(#7625),#7628);
#7625 = B_SPLINE_CURVE_WITH_KNOTS('',1,(#7626,#7627),.UNSPECIFIED.,.F.,
  .F.,(2,2),(-2.325,2.325),.PIECEWISE_BEZIER_KNOTS.);
#7626 = CARTESIAN_POINT('',(-0.202167076097,2.325));
#7627 = CARTESIAN_POINT('',(-0.202167076097,-2.325));
#7628 = ( GEOMETRIC_REPRESENTATION_CONTEXT(2) 
PARAMETRIC_REPRESENTATION_CONTEXT() REPRESENTATION_CONTEXT('2D SPACE',''
  ) );
#7629 = PCURVE('',#7630,#7635);
#7630 = PLANE('',#7631);
#7631 = AXIS2_PLACEMENT_3D('',#7632,#7633,#7634);
#7632 = CARTESIAN_POINT('',(0.,0.,0.));
#7633 = DIRECTION('',(0.,0.,1.));
#7634 = DIRECTION('',(1.,0.,-0.));
#7635 = DEFINITIONAL_REPRESENTATION('',(#7636),#7639);
#7636 = B_SPLINE_CURVE_WITH_KNOTS('',1,(#7637,#7638),.UNSPECIFIED.,.F.,
  .F.,(2,2),(-2.325,2.325),.PIECEWISE_BEZIER_KNOTS.);
#7637 = CARTESIAN_POINT('',(-2.325,-0.848951666667));
#7638 = CARTESIAN_POINT('',(2.325,-0.848951666667));
#7639 = ( GEOMETRIC_REPRESENTATION_CONTEXT(2) 
PARAMETRIC_REPRESENTATION_CONTEXT() REPRESENTATION_CONTEXT('2D SPACE',''
  ) );
#7640 = ORIENTED_EDGE('',*,*,#7641,.F.);
#7641 = EDGE_CURVE('',#4866,#7616,#7642,.T.);
#7642 = SURFACE_CURVE('',#7643,(#7647,#7653),.PCURVE_S1.);
#7643 = LINE('',#7644,#7645);
#7644 = CARTESIAN_POINT('',(-0.461192693127,-0.461192693127,
    0.369881373806));
#7645 = VECTOR('',#7646,1.);
#7646 = DIRECTION('',(-0.586218862101,-0.586218862101,-0.559191283403));
#7647 = PCURVE('',#4770,#7648);
#7648 = DEFINITIONAL_REPRESENTATION('',(#7649),#7652);
#7649 = B_SPLINE_CURVE_WITH_KNOTS('',1,(#7650,#7651),.UNSPECIFIED.,.F.,
  .F.,(2,2),(0.151492345737,0.661457688602),.PIECEWISE_BEZIER_KNOTS.);
#7650 = CARTESIAN_POINT('',(0.210982738565,0.550000363661));
#7651 = CARTESIAN_POINT('',(-0.202167076097,0.848951666667));
#7652 = ( GEOMETRIC_REPRESENTATION_CONTEXT(2) 
PARAMETRIC_REPRESENTATION_CONTEXT() REPRESENTATION_CONTEXT('2D SPACE',''
  ) );
#7653 = PCURVE('',#4901,#7654);
#7654 = DEFINITIONAL_REPRESENTATION('',(#7655),#7658);
#7655 = B_SPLINE_CURVE_WITH_KNOTS('',1,(#7656,#7657),.UNSPECIFIED.,.F.,
  .F.,(2,2),(0.151492345737,0.661457688602),.PIECEWISE_BEZIER_KNOTS.);
#7656 = CARTESIAN_POINT('',(0.210982738565,-0.550000363661));
#7657 = CARTESIAN_POINT('',(-0.202167076097,-0.848951666667));
#7658 = ( GEOMETRIC_REPRESENTATION_CONTEXT(2) 
PARAMETRIC_REPRESENTATION_CONTEXT() REPRESENTATION_CONTEXT('2D SPACE',''
  ) );
#7659 = ORIENTED_EDGE('',*,*,#4943,.T.);
#7660 = ORIENTED_EDGE('',*,*,#4821,.T.);
#7661 = ORIENTED_EDGE('',*,*,#4740,.T.);
#7662 = ORIENTED_EDGE('',*,*,#7507,.T.);
#7663 = ADVANCED_FACE('',(#7664),#4901,.F.);
#7664 = FACE_BOUND('',#7665,.F.);
#7665 = EDGE_LOOP('',(#7666,#7687,#7707,#7708,#7709,#7710,#7711,#7712));
#7666 = ORIENTED_EDGE('',*,*,#7667,.T.);
#7667 = EDGE_CURVE('',#7616,#7668,#7670,.T.);
#7668 = VERTEX_POINT('',#7669);
#7669 = CARTESIAN_POINT('',(-0.848951666667,-2.323975356061,0.));
#7670 = SURFACE_CURVE('',#7671,(#7675,#7681),.PCURVE_S1.);
#7671 = LINE('',#7672,#7673);
#7672 = CARTESIAN_POINT('',(-0.848951666667,-1.138699425633E-17,0.));
#7673 = VECTOR('',#7674,1.);
#7674 = DIRECTION('',(0.,-1.,0.));
#7675 = PCURVE('',#4901,#7676);
#7676 = DEFINITIONAL_REPRESENTATION('',(#7677),#7680);
#7677 = B_SPLINE_CURVE_WITH_KNOTS('',1,(#7678,#7679),.UNSPECIFIED.,.F.,
  .F.,(2,2),(-2.325,2.325),.PIECEWISE_BEZIER_KNOTS.);
#7678 = CARTESIAN_POINT('',(-0.202167076097,2.325));
#7679 = CARTESIAN_POINT('',(-0.202167076097,-2.325));
#7680 = ( GEOMETRIC_REPRESENTATION_CONTEXT(2) 
PARAMETRIC_REPRESENTATION_CONTEXT() REPRESENTATION_CONTEXT('2D SPACE',''
  ) );
#7681 = PCURVE('',#7630,#7682);
#7682 = DEFINITIONAL_REPRESENTATION('',(#7683),#7686);
#7683 = B_SPLINE_CURVE_WITH_KNOTS('',1,(#7684,#7685),.UNSPECIFIED.,.F.,
  .F.,(2,2),(-2.325,2.325),.PIECEWISE_BEZIER_KNOTS.);
#7684 = CARTESIAN_POINT('',(-0.848951666667,2.325));
#7685 = CARTESIAN_POINT('',(-0.848951666667,-2.325));
#7686 = ( GEOMETRIC_REPRESENTATION_CONTEXT(2) 
PARAMETRIC_REPRESENTATION_CONTEXT() REPRESENTATION_CONTEXT('2D SPACE',''
  ) );
#7687 = ORIENTED_EDGE('',*,*,#7688,.F.);
#7688 = EDGE_CURVE('',#5171,#7668,#7689,.T.);
#7689 = SURFACE_CURVE('',#7690,(#7694,#7700),.PCURVE_S1.);
#7690 = LINE('',#7691,#7692);
#7691 = CARTESIAN_POINT('',(-0.5355,-2.017606818182,0.299));
#7692 = VECTOR('',#7693,1.);
#7693 = DIRECTION('',(-0.590772267173,-0.577422470385,-0.56353475406));
#7694 = PCURVE('',#4901,#7695);
#7695 = DEFINITIONAL_REPRESENTATION('',(#7696),#7699);
#7696 = B_SPLINE_CURVE_WITH_KNOTS('',1,(#7697,#7698),.UNSPECIFIED.,.F.,
  .F.,(2,2),(0.,0.532354034669),.PIECEWISE_BEZIER_KNOTS.);
#7697 = CARTESIAN_POINT('',(0.231022198166,-2.017606818182));
#7698 = CARTESIAN_POINT('',(-0.203615869656,-2.325));
#7699 = ( GEOMETRIC_REPRESENTATION_CONTEXT(2) 
PARAMETRIC_REPRESENTATION_CONTEXT() REPRESENTATION_CONTEXT('2D SPACE',''
  ) );
#7700 = PCURVE('',#5206,#7701);
#7701 = DEFINITIONAL_REPRESENTATION('',(#7702),#7706);
#7702 = LINE('',#7703,#7704);
#7703 = CARTESIAN_POINT('',(0.249979623516,0.5355));
#7704 = VECTOR('',#7705,1.);
#7705 = DIRECTION('',(-0.80683835329,0.590772267173));
#7706 = ( GEOMETRIC_REPRESENTATION_CONTEXT(2) 
PARAMETRIC_REPRESENTATION_CONTEXT() REPRESENTATION_CONTEXT('2D SPACE',''
  ) );
#7707 = ORIENTED_EDGE('',*,*,#5170,.T.);
#7708 = ORIENTED_EDGE('',*,*,#5147,.T.);
#7709 = ORIENTED_EDGE('',*,*,#5048,.T.);
#7710 = ORIENTED_EDGE('',*,*,#4995,.T.);
#7711 = ORIENTED_EDGE('',*,*,#4865,.F.);
#7712 = ORIENTED_EDGE('',*,*,#7641,.T.);
#7713 = ADVANCED_FACE('',(#7714),#5206,.F.);
#7714 = FACE_BOUND('',#7715,.F.);
#7715 = EDGE_LOOP('',(#7716,#7737,#7757,#7758,#7759,#7760));
#7716 = ORIENTED_EDGE('',*,*,#7717,.T.);
#7717 = EDGE_CURVE('',#7668,#7718,#7720,.T.);
#7718 = VERTEX_POINT('',#7719);
#7719 = CARTESIAN_POINT('',(0.848951666667,-2.323975356061,0.));
#7720 = SURFACE_CURVE('',#7721,(#7725,#7731),.PCURVE_S1.);
#7721 = LINE('',#7722,#7723);
#7722 = CARTESIAN_POINT('',(0.,-2.323975356061,0.));
#7723 = VECTOR('',#7724,1.);
#7724 = DIRECTION('',(1.,0.,-0.));
#7725 = PCURVE('',#5206,#7726);
#7726 = DEFINITIONAL_REPRESENTATION('',(#7727),#7730);
#7727 = B_SPLINE_CURVE_WITH_KNOTS('',1,(#7728,#7729),.UNSPECIFIED.,.F.,
  .F.,(2,2),(-0.85,0.85),.PIECEWISE_BEZIER_KNOTS.);
#7728 = CARTESIAN_POINT('',(-0.178112283675,0.85));
#7729 = CARTESIAN_POINT('',(-0.178112283675,-0.85));
#7730 = ( GEOMETRIC_REPRESENTATION_CONTEXT(2) 
PARAMETRIC_REPRESENTATION_CONTEXT() REPRESENTATION_CONTEXT('2D SPACE',''
  ) );
#7731 = PCURVE('',#7630,#7732);
#7732 = DEFINITIONAL_REPRESENTATION('',(#7733),#7736);
#7733 = B_SPLINE_CURVE_WITH_KNOTS('',1,(#7734,#7735),.UNSPECIFIED.,.F.,
  .F.,(2,2),(-0.85,0.85),.PIECEWISE_BEZIER_KNOTS.);
#7734 = CARTESIAN_POINT('',(-0.85,-2.323975356061));
#7735 = CARTESIAN_POINT('',(0.85,-2.323975356061));
#7736 = ( GEOMETRIC_REPRESENTATION_CONTEXT(2) 
PARAMETRIC_REPRESENTATION_CONTEXT() REPRESENTATION_CONTEXT('2D SPACE',''
  ) );
#7737 = ORIENTED_EDGE('',*,*,#7738,.T.);
#7738 = EDGE_CURVE('',#7718,#5326,#7739,.T.);
#7739 = SURFACE_CURVE('',#7740,(#7744,#7751),.PCURVE_S1.);
#7740 = LINE('',#7741,#7742);
#7741 = CARTESIAN_POINT('',(0.85,-2.325,-1.E-03));
#7742 = VECTOR('',#7743,1.);
#7743 = DIRECTION('',(-0.590772267173,0.577422470385,0.56353475406));
#7744 = PCURVE('',#5206,#7745);
#7745 = DEFINITIONAL_REPRESENTATION('',(#7746),#7750);
#7746 = LINE('',#7747,#7748);
#7747 = CARTESIAN_POINT('',(-0.179544029184,-0.85));
#7748 = VECTOR('',#7749,1.);
#7749 = DIRECTION('',(0.80683835329,0.590772267173));
#7750 = ( GEOMETRIC_REPRESENTATION_CONTEXT(2) 
PARAMETRIC_REPRESENTATION_CONTEXT() REPRESENTATION_CONTEXT('2D SPACE',''
  ) );
#7751 = PCURVE('',#5361,#7752);
#7752 = DEFINITIONAL_REPRESENTATION('',(#7753),#7756);
#7753 = B_SPLINE_CURVE_WITH_KNOTS('',1,(#7754,#7755),.UNSPECIFIED.,.F.,
  .F.,(2,2),(0.,0.532354034669),.PIECEWISE_BEZIER_KNOTS.);
#7754 = CARTESIAN_POINT('',(0.203615869656,-2.325));
#7755 = CARTESIAN_POINT('',(-0.231022198166,-2.017606818182));
#7756 = ( GEOMETRIC_REPRESENTATION_CONTEXT(2) 
PARAMETRIC_REPRESENTATION_CONTEXT() REPRESENTATION_CONTEXT('2D SPACE',''
  ) );
#7757 = ORIENTED_EDGE('',*,*,#5325,.T.);
#7758 = ORIENTED_EDGE('',*,*,#5249,.T.);
#7759 = ORIENTED_EDGE('',*,*,#5191,.T.);
#7760 = ORIENTED_EDGE('',*,*,#7688,.T.);
#7761 = ADVANCED_FACE('',(#7762),#5361,.F.);
#7762 = FACE_BOUND('',#7763,.F.);
#7763 = EDGE_LOOP('',(#7764,#7765,#7786,#7805,#7806,#7807,#7808,#7809));
#7764 = ORIENTED_EDGE('',*,*,#7738,.F.);
#7765 = ORIENTED_EDGE('',*,*,#7766,.T.);
#7766 = EDGE_CURVE('',#7718,#7767,#7769,.T.);
#7767 = VERTEX_POINT('',#7768);
#7768 = CARTESIAN_POINT('',(0.848951666667,-0.848951666667,0.));
#7769 = SURFACE_CURVE('',#7770,(#7774,#7780),.PCURVE_S1.);
#7770 = LINE('',#7771,#7772);
#7771 = CARTESIAN_POINT('',(0.848951666667,0.,0.));
#7772 = VECTOR('',#7773,1.);
#7773 = DIRECTION('',(0.,1.,0.));
#7774 = PCURVE('',#5361,#7775);
#7775 = DEFINITIONAL_REPRESENTATION('',(#7776),#7779);
#7776 = B_SPLINE_CURVE_WITH_KNOTS('',1,(#7777,#7778),.UNSPECIFIED.,.F.,
  .F.,(2,2),(-2.325,2.325),.PIECEWISE_BEZIER_KNOTS.);
#7777 = CARTESIAN_POINT('',(0.202167076097,-2.325));
#7778 = CARTESIAN_POINT('',(0.202167076097,2.325));
#7779 = ( GEOMETRIC_REPRESENTATION_CONTEXT(2) 
PARAMETRIC_REPRESENTATION_CONTEXT() REPRESENTATION_CONTEXT('2D SPACE',''
  ) );
#7780 = PCURVE('',#7630,#7781);
#7781 = DEFINITIONAL_REPRESENTATION('',(#7782),#7785);
#7782 = B_SPLINE_CURVE_WITH_KNOTS('',1,(#7783,#7784),.UNSPECIFIED.,.F.,
  .F.,(2,2),(-2.325,2.325),.PIECEWISE_BEZIER_KNOTS.);
#7783 = CARTESIAN_POINT('',(0.848951666667,-2.325));
#7784 = CARTESIAN_POINT('',(0.848951666667,2.325));
#7785 = ( GEOMETRIC_REPRESENTATION_CONTEXT(2) 
PARAMETRIC_REPRESENTATION_CONTEXT() REPRESENTATION_CONTEXT('2D SPACE',''
  ) );
#7786 = ORIENTED_EDGE('',*,*,#7787,.T.);
#7787 = EDGE_CURVE('',#7767,#5571,#7788,.T.);
#7788 = SURFACE_CURVE('',#7789,(#7793,#7799),.PCURVE_S1.);
#7789 = LINE('',#7790,#7791);
#7790 = CARTESIAN_POINT('',(0.461192693127,-0.461192693127,
    0.369881373806));
#7791 = VECTOR('',#7792,1.);
#7792 = DIRECTION('',(-0.586218862101,0.586218862101,0.559191283403));
#7793 = PCURVE('',#5361,#7794);
#7794 = DEFINITIONAL_REPRESENTATION('',(#7795),#7798);
#7795 = B_SPLINE_CURVE_WITH_KNOTS('',1,(#7796,#7797),.UNSPECIFIED.,.F.,
  .F.,(2,2),(-0.661457688602,-0.151492345737),.PIECEWISE_BEZIER_KNOTS.);
#7796 = CARTESIAN_POINT('',(0.202167076097,-0.848951666667));
#7797 = CARTESIAN_POINT('',(-0.210982738565,-0.550000363661));
#7798 = ( GEOMETRIC_REPRESENTATION_CONTEXT(2) 
PARAMETRIC_REPRESENTATION_CONTEXT() REPRESENTATION_CONTEXT('2D SPACE',''
  ) );
#7799 = PCURVE('',#5654,#7800);
#7800 = DEFINITIONAL_REPRESENTATION('',(#7801),#7804);
#7801 = B_SPLINE_CURVE_WITH_KNOTS('',1,(#7802,#7803),.UNSPECIFIED.,.F.,
  .F.,(2,2),(-0.661457688602,-0.151492345737),.PIECEWISE_BEZIER_KNOTS.);
#7802 = CARTESIAN_POINT('',(-0.202167076097,-0.848951666667));
#7803 = CARTESIAN_POINT('',(0.210982738565,-0.550000363661));
#7804 = ( GEOMETRIC_REPRESENTATION_CONTEXT(2) 
PARAMETRIC_REPRESENTATION_CONTEXT() REPRESENTATION_CONTEXT('2D SPACE',''
  ) );
#7805 = ORIENTED_EDGE('',*,*,#5570,.T.);
#7806 = ORIENTED_EDGE('',*,*,#5526,.T.);
#7807 = ORIENTED_EDGE('',*,*,#5480,.T.);
#7808 = ORIENTED_EDGE('',*,*,#5397,.T.);
#7809 = ORIENTED_EDGE('',*,*,#5346,.T.);
#7810 = ADVANCED_FACE('',(#7811),#5654,.F.);
#7811 = FACE_BOUND('',#7812,.F.);
#7812 = EDGE_LOOP('',(#7813,#7814,#7835,#7855,#7856,#7857,#7858,#7859));
#7813 = ORIENTED_EDGE('',*,*,#7787,.F.);
#7814 = ORIENTED_EDGE('',*,*,#7815,.T.);
#7815 = EDGE_CURVE('',#7767,#7816,#7818,.T.);
#7816 = VERTEX_POINT('',#7817);
#7817 = CARTESIAN_POINT('',(2.323975356061,-0.848951666667,0.));
#7818 = SURFACE_CURVE('',#7819,(#7823,#7829),.PCURVE_S1.);
#7819 = LINE('',#7820,#7821);
#7820 = CARTESIAN_POINT('',(1.138699425633E-17,-0.848951666667,0.));
#7821 = VECTOR('',#7822,1.);
#7822 = DIRECTION('',(1.,0.,-0.));
#7823 = PCURVE('',#5654,#7824);
#7824 = DEFINITIONAL_REPRESENTATION('',(#7825),#7828);
#7825 = B_SPLINE_CURVE_WITH_KNOTS('',1,(#7826,#7827),.UNSPECIFIED.,.F.,
  .F.,(2,2),(-2.325,2.325),.PIECEWISE_BEZIER_KNOTS.);
#7826 = CARTESIAN_POINT('',(-0.202167076097,2.325));
#7827 = CARTESIAN_POINT('',(-0.202167076097,-2.325));
#7828 = ( GEOMETRIC_REPRESENTATION_CONTEXT(2) 
PARAMETRIC_REPRESENTATION_CONTEXT() REPRESENTATION_CONTEXT('2D SPACE',''
  ) );
#7829 = PCURVE('',#7630,#7830);
#7830 = DEFINITIONAL_REPRESENTATION('',(#7831),#7834);
#7831 = B_SPLINE_CURVE_WITH_KNOTS('',1,(#7832,#7833),.UNSPECIFIED.,.F.,
  .F.,(2,2),(-2.325,2.325),.PIECEWISE_BEZIER_KNOTS.);
#7832 = CARTESIAN_POINT('',(-2.325,-0.848951666667));
#7833 = CARTESIAN_POINT('',(2.325,-0.848951666667));
#7834 = ( GEOMETRIC_REPRESENTATION_CONTEXT(2) 
PARAMETRIC_REPRESENTATION_CONTEXT() REPRESENTATION_CONTEXT('2D SPACE',''
  ) );
#7835 = ORIENTED_EDGE('',*,*,#7836,.T.);
#7836 = EDGE_CURVE('',#7816,#5876,#7837,.T.);
#7837 = SURFACE_CURVE('',#7838,(#7842,#7849),.PCURVE_S1.);
#7838 = LINE('',#7839,#7840);
#7839 = CARTESIAN_POINT('',(2.325,-0.85,-1.E-03));
#7840 = VECTOR('',#7841,1.);
#7841 = DIRECTION('',(-0.577422470385,0.590772267173,0.56353475406));
#7842 = PCURVE('',#5654,#7843);
#7843 = DEFINITIONAL_REPRESENTATION('',(#7844),#7848);
#7844 = LINE('',#7845,#7846);
#7845 = CARTESIAN_POINT('',(-0.203615869656,-2.325));
#7846 = VECTOR('',#7847,1.);
#7847 = DIRECTION('',(0.816445522184,0.577422470385));
#7848 = ( GEOMETRIC_REPRESENTATION_CONTEXT(2) 
PARAMETRIC_REPRESENTATION_CONTEXT() REPRESENTATION_CONTEXT('2D SPACE',''
  ) );
#7849 = PCURVE('',#5911,#7850);
#7850 = DEFINITIONAL_REPRESENTATION('',(#7851),#7854);
#7851 = B_SPLINE_CURVE_WITH_KNOTS('',1,(#7852,#7853),.UNSPECIFIED.,.F.,
  .F.,(2,2),(0.,0.532354034669),.PIECEWISE_BEZIER_KNOTS.);
#7852 = CARTESIAN_POINT('',(0.179544029184,-0.85));
#7853 = CARTESIAN_POINT('',(-0.249979623516,-0.5355));
#7854 = ( GEOMETRIC_REPRESENTATION_CONTEXT(2) 
PARAMETRIC_REPRESENTATION_CONTEXT() REPRESENTATION_CONTEXT('2D SPACE',''
  ) );
#7855 = ORIENTED_EDGE('',*,*,#5875,.T.);
#7856 = ORIENTED_EDGE('',*,*,#5829,.T.);
#7857 = ORIENTED_EDGE('',*,*,#5753,.T.);
#7858 = ORIENTED_EDGE('',*,*,#5700,.T.);
#7859 = ORIENTED_EDGE('',*,*,#5620,.F.);
#7860 = ADVANCED_FACE('',(#7861),#5911,.F.);
#7861 = FACE_BOUND('',#7862,.F.);
#7862 = EDGE_LOOP('',(#7863,#7864,#7885,#7905,#7906,#7907));
#7863 = ORIENTED_EDGE('',*,*,#7836,.F.);
#7864 = ORIENTED_EDGE('',*,*,#7865,.T.);
#7865 = EDGE_CURVE('',#7816,#7866,#7868,.T.);
#7866 = VERTEX_POINT('',#7867);
#7867 = CARTESIAN_POINT('',(2.323975356061,0.848951666667,0.));
#7868 = SURFACE_CURVE('',#7869,(#7873,#7879),.PCURVE_S1.);
#7869 = LINE('',#7870,#7871);
#7870 = CARTESIAN_POINT('',(2.323975356061,0.,-6.938893903907E-18));
#7871 = VECTOR('',#7872,1.);
#7872 = DIRECTION('',(0.,1.,0.));
#7873 = PCURVE('',#5911,#7874);
#7874 = DEFINITIONAL_REPRESENTATION('',(#7875),#7878);
#7875 = B_SPLINE_CURVE_WITH_KNOTS('',1,(#7876,#7877),.UNSPECIFIED.,.F.,
  .F.,(2,2),(-0.85,0.85),.PIECEWISE_BEZIER_KNOTS.);
#7876 = CARTESIAN_POINT('',(0.178112283675,-0.85));
#7877 = CARTESIAN_POINT('',(0.178112283675,0.85));
#7878 = ( GEOMETRIC_REPRESENTATION_CONTEXT(2) 
PARAMETRIC_REPRESENTATION_CONTEXT() REPRESENTATION_CONTEXT('2D SPACE',''
  ) );
#7879 = PCURVE('',#7630,#7880);
#7880 = DEFINITIONAL_REPRESENTATION('',(#7881),#7884);
#7881 = B_SPLINE_CURVE_WITH_KNOTS('',1,(#7882,#7883),.UNSPECIFIED.,.F.,
  .F.,(2,2),(-0.85,0.85),.PIECEWISE_BEZIER_KNOTS.);
#7882 = CARTESIAN_POINT('',(2.323975356061,-0.85));
#7883 = CARTESIAN_POINT('',(2.323975356061,0.85));
#7884 = ( GEOMETRIC_REPRESENTATION_CONTEXT(2) 
PARAMETRIC_REPRESENTATION_CONTEXT() REPRESENTATION_CONTEXT('2D SPACE',''
  ) );
#7885 = ORIENTED_EDGE('',*,*,#7886,.T.);
#7886 = EDGE_CURVE('',#7866,#6031,#7887,.T.);
#7887 = SURFACE_CURVE('',#7888,(#7892,#7899),.PCURVE_S1.);
#7888 = LINE('',#7889,#7890);
#7889 = CARTESIAN_POINT('',(2.325,0.85,-1.E-03));
#7890 = VECTOR('',#7891,1.);
#7891 = DIRECTION('',(-0.577422470385,-0.590772267173,0.56353475406));
#7892 = PCURVE('',#5911,#7893);
#7893 = DEFINITIONAL_REPRESENTATION('',(#7894),#7898);
#7894 = LINE('',#7895,#7896);
#7895 = CARTESIAN_POINT('',(0.179544029184,0.85));
#7896 = VECTOR('',#7897,1.);
#7897 = DIRECTION('',(-0.80683835329,-0.590772267173));
#7898 = ( GEOMETRIC_REPRESENTATION_CONTEXT(2) 
PARAMETRIC_REPRESENTATION_CONTEXT() REPRESENTATION_CONTEXT('2D SPACE',''
  ) );
#7899 = PCURVE('',#6066,#7900);
#7900 = DEFINITIONAL_REPRESENTATION('',(#7901),#7904);
#7901 = B_SPLINE_CURVE_WITH_KNOTS('',1,(#7902,#7903),.UNSPECIFIED.,.F.,
  .F.,(2,2),(0.,0.532354034669),.PIECEWISE_BEZIER_KNOTS.);
#7902 = CARTESIAN_POINT('',(0.203615869656,-2.325));
#7903 = CARTESIAN_POINT('',(-0.231022198166,-2.017606818182));
#7904 = ( GEOMETRIC_REPRESENTATION_CONTEXT(2) 
PARAMETRIC_REPRESENTATION_CONTEXT() REPRESENTATION_CONTEXT('2D SPACE',''
  ) );
#7905 = ORIENTED_EDGE('',*,*,#6030,.T.);
#7906 = ORIENTED_EDGE('',*,*,#5984,.T.);
#7907 = ORIENTED_EDGE('',*,*,#5896,.T.);
#7908 = ADVANCED_FACE('',(#7909),#6066,.F.);
#7909 = FACE_BOUND('',#7910,.F.);
#7910 = EDGE_LOOP('',(#7911,#7912,#7913,#7914,#7935,#7954,#7955,#7956));
#7911 = ORIENTED_EDGE('',*,*,#6102,.T.);
#7912 = ORIENTED_EDGE('',*,*,#6051,.T.);
#7913 = ORIENTED_EDGE('',*,*,#7886,.F.);
#7914 = ORIENTED_EDGE('',*,*,#7915,.T.);
#7915 = EDGE_CURVE('',#7866,#7916,#7918,.T.);
#7916 = VERTEX_POINT('',#7917);
#7917 = CARTESIAN_POINT('',(0.848951666667,0.848951666667,0.));
#7918 = SURFACE_CURVE('',#7919,(#7923,#7929),.PCURVE_S1.);
#7919 = LINE('',#7920,#7921);
#7920 = CARTESIAN_POINT('',(1.138699425633E-17,0.848951666667,0.));
#7921 = VECTOR('',#7922,1.);
#7922 = DIRECTION('',(-1.,0.,0.));
#7923 = PCURVE('',#6066,#7924);
#7924 = DEFINITIONAL_REPRESENTATION('',(#7925),#7928);
#7925 = B_SPLINE_CURVE_WITH_KNOTS('',1,(#7926,#7927),.UNSPECIFIED.,.F.,
  .F.,(2,2),(-2.325,2.325),.PIECEWISE_BEZIER_KNOTS.);
#7926 = CARTESIAN_POINT('',(0.202167076097,-2.325));
#7927 = CARTESIAN_POINT('',(0.202167076097,2.325));
#7928 = ( GEOMETRIC_REPRESENTATION_CONTEXT(2) 
PARAMETRIC_REPRESENTATION_CONTEXT() REPRESENTATION_CONTEXT('2D SPACE',''
  ) );
#7929 = PCURVE('',#7630,#7930);
#7930 = DEFINITIONAL_REPRESENTATION('',(#7931),#7934);
#7931 = B_SPLINE_CURVE_WITH_KNOTS('',1,(#7932,#7933),.UNSPECIFIED.,.F.,
  .F.,(2,2),(-2.325,2.325),.PIECEWISE_BEZIER_KNOTS.);
#7932 = CARTESIAN_POINT('',(2.325,0.848951666667));
#7933 = CARTESIAN_POINT('',(-2.325,0.848951666667));
#7934 = ( GEOMETRIC_REPRESENTATION_CONTEXT(2) 
PARAMETRIC_REPRESENTATION_CONTEXT() REPRESENTATION_CONTEXT('2D SPACE',''
  ) );
#7935 = ORIENTED_EDGE('',*,*,#7936,.F.);
#7936 = EDGE_CURVE('',#6276,#7916,#7937,.T.);
#7937 = SURFACE_CURVE('',#7938,(#7942,#7948),.PCURVE_S1.);
#7938 = LINE('',#7939,#7940);
#7939 = CARTESIAN_POINT('',(0.461192693127,0.461192693127,0.369881373806
    ));
#7940 = VECTOR('',#7941,1.);
#7941 = DIRECTION('',(0.586218862101,0.586218862101,-0.559191283403));
#7942 = PCURVE('',#6066,#7943);
#7943 = DEFINITIONAL_REPRESENTATION('',(#7944),#7947);
#7944 = B_SPLINE_CURVE_WITH_KNOTS('',1,(#7945,#7946),.UNSPECIFIED.,.F.,
  .F.,(2,2),(0.151492345737,0.661457688602),.PIECEWISE_BEZIER_KNOTS.);
#7945 = CARTESIAN_POINT('',(-0.210982738565,-0.550000363661));
#7946 = CARTESIAN_POINT('',(0.202167076097,-0.848951666667));
#7947 = ( GEOMETRIC_REPRESENTATION_CONTEXT(2) 
PARAMETRIC_REPRESENTATION_CONTEXT() REPRESENTATION_CONTEXT('2D SPACE',''
  ) );
#7948 = PCURVE('',#6311,#7949);
#7949 = DEFINITIONAL_REPRESENTATION('',(#7950),#7953);
#7950 = B_SPLINE_CURVE_WITH_KNOTS('',1,(#7951,#7952),.UNSPECIFIED.,.F.,
  .F.,(2,2),(0.151492345737,0.661457688602),.PIECEWISE_BEZIER_KNOTS.);
#7951 = CARTESIAN_POINT('',(-0.210982738565,0.550000363661));
#7952 = CARTESIAN_POINT('',(0.202167076097,0.848951666667));
#7953 = ( GEOMETRIC_REPRESENTATION_CONTEXT(2) 
PARAMETRIC_REPRESENTATION_CONTEXT() REPRESENTATION_CONTEXT('2D SPACE',''
  ) );
#7954 = ORIENTED_EDGE('',*,*,#6353,.T.);
#7955 = ORIENTED_EDGE('',*,*,#6231,.T.);
#7956 = ORIENTED_EDGE('',*,*,#6155,.T.);
#7957 = ADVANCED_FACE('',(#7958),#6311,.F.);
#7958 = FACE_BOUND('',#7959,.F.);
#7959 = EDGE_LOOP('',(#7960,#7981,#8001,#8002,#8003,#8004,#8005,#8006));
#7960 = ORIENTED_EDGE('',*,*,#7961,.T.);
#7961 = EDGE_CURVE('',#7916,#7962,#7964,.T.);
#7962 = VERTEX_POINT('',#7963);
#7963 = CARTESIAN_POINT('',(0.848951666667,2.323975356061,0.));
#7964 = SURFACE_CURVE('',#7965,(#7969,#7975),.PCURVE_S1.);
#7965 = LINE('',#7966,#7967);
#7966 = CARTESIAN_POINT('',(0.848951666667,0.,0.));
#7967 = VECTOR('',#7968,1.);
#7968 = DIRECTION('',(0.,1.,0.));
#7969 = PCURVE('',#6311,#7970);
#7970 = DEFINITIONAL_REPRESENTATION('',(#7971),#7974);
#7971 = B_SPLINE_CURVE_WITH_KNOTS('',1,(#7972,#7973),.UNSPECIFIED.,.F.,
  .F.,(2,2),(-2.325,2.325),.PIECEWISE_BEZIER_KNOTS.);
#7972 = CARTESIAN_POINT('',(0.202167076097,-2.325));
#7973 = CARTESIAN_POINT('',(0.202167076097,2.325));
#7974 = ( GEOMETRIC_REPRESENTATION_CONTEXT(2) 
PARAMETRIC_REPRESENTATION_CONTEXT() REPRESENTATION_CONTEXT('2D SPACE',''
  ) );
#7975 = PCURVE('',#7630,#7976);
#7976 = DEFINITIONAL_REPRESENTATION('',(#7977),#7980);
#7977 = B_SPLINE_CURVE_WITH_KNOTS('',1,(#7978,#7979),.UNSPECIFIED.,.F.,
  .F.,(2,2),(-2.325,2.325),.PIECEWISE_BEZIER_KNOTS.);
#7978 = CARTESIAN_POINT('',(0.848951666667,-2.325));
#7979 = CARTESIAN_POINT('',(0.848951666667,2.325));
#7980 = ( GEOMETRIC_REPRESENTATION_CONTEXT(2) 
PARAMETRIC_REPRESENTATION_CONTEXT() REPRESENTATION_CONTEXT('2D SPACE',''
  ) );
#7981 = ORIENTED_EDGE('',*,*,#7982,.T.);
#7982 = EDGE_CURVE('',#7962,#6581,#7983,.T.);
#7983 = SURFACE_CURVE('',#7984,(#7988,#7995),.PCURVE_S1.);
#7984 = LINE('',#7985,#7986);
#7985 = CARTESIAN_POINT('',(0.85,2.325,-1.E-03));
#7986 = VECTOR('',#7987,1.);
#7987 = DIRECTION('',(-0.590772267173,-0.577422470385,0.56353475406));
#7988 = PCURVE('',#6311,#7989);
#7989 = DEFINITIONAL_REPRESENTATION('',(#7990),#7994);
#7990 = LINE('',#7991,#7992);
#7991 = CARTESIAN_POINT('',(0.203615869656,2.325));
#7992 = VECTOR('',#7993,1.);
#7993 = DIRECTION('',(-0.816445522184,-0.577422470385));
#7994 = ( GEOMETRIC_REPRESENTATION_CONTEXT(2) 
PARAMETRIC_REPRESENTATION_CONTEXT() REPRESENTATION_CONTEXT('2D SPACE',''
  ) );
#7995 = PCURVE('',#6616,#7996);
#7996 = DEFINITIONAL_REPRESENTATION('',(#7997),#8000);
#7997 = B_SPLINE_CURVE_WITH_KNOTS('',1,(#7998,#7999),.UNSPECIFIED.,.F.,
  .F.,(2,2),(0.,0.532354034669),.PIECEWISE_BEZIER_KNOTS.);
#7998 = CARTESIAN_POINT('',(0.179544029184,-0.85));
#7999 = CARTESIAN_POINT('',(-0.249979623516,-0.5355));
#8000 = ( GEOMETRIC_REPRESENTATION_CONTEXT(2) 
PARAMETRIC_REPRESENTATION_CONTEXT() REPRESENTATION_CONTEXT('2D SPACE',''
  ) );
#8001 = ORIENTED_EDGE('',*,*,#6580,.T.);
#8002 = ORIENTED_EDGE('',*,*,#6534,.T.);
#8003 = ORIENTED_EDGE('',*,*,#6488,.T.);
#8004 = ORIENTED_EDGE('',*,*,#6405,.T.);
#8005 = ORIENTED_EDGE('',*,*,#6275,.F.);
#8006 = ORIENTED_EDGE('',*,*,#7936,.T.);
#8007 = ADVANCED_FACE('',(#8008),#6616,.F.);
#8008 = FACE_BOUND('',#8009,.F.);
#8009 = EDGE_LOOP('',(#8010,#8032,#8033,#8034,#8035,#8036));
#8010 = ORIENTED_EDGE('',*,*,#8011,.F.);
#8011 = EDGE_CURVE('',#6759,#8012,#8014,.T.);
#8012 = VERTEX_POINT('',#8013);
#8013 = CARTESIAN_POINT('',(-0.848951666667,2.323975356061,0.));
#8014 = SURFACE_CURVE('',#8015,(#8019,#8025),.PCURVE_S1.);
#8015 = LINE('',#8016,#8017);
#8016 = CARTESIAN_POINT('',(-0.5355,2.017606818182,0.299));
#8017 = VECTOR('',#8018,1.);
#8018 = DIRECTION('',(-0.590772267173,0.577422470385,-0.56353475406));
#8019 = PCURVE('',#6616,#8020);
#8020 = DEFINITIONAL_REPRESENTATION('',(#8021),#8024);
#8021 = B_SPLINE_CURVE_WITH_KNOTS('',1,(#8022,#8023),.UNSPECIFIED.,.F.,
  .F.,(2,2),(0.,0.532354034669),.PIECEWISE_BEZIER_KNOTS.);
#8022 = CARTESIAN_POINT('',(-0.249979623516,0.5355));
#8023 = CARTESIAN_POINT('',(0.179544029184,0.85));
#8024 = ( GEOMETRIC_REPRESENTATION_CONTEXT(2) 
PARAMETRIC_REPRESENTATION_CONTEXT() REPRESENTATION_CONTEXT('2D SPACE',''
  ) );
#8025 = PCURVE('',#6792,#8026);
#8026 = DEFINITIONAL_REPRESENTATION('',(#8027),#8031);
#8027 = LINE('',#8028,#8029);
#8028 = CARTESIAN_POINT('',(0.231022198166,2.017606818182));
#8029 = VECTOR('',#8030,1.);
#8030 = DIRECTION('',(-0.816445522184,0.577422470385));
#8031 = ( GEOMETRIC_REPRESENTATION_CONTEXT(2) 
PARAMETRIC_REPRESENTATION_CONTEXT() REPRESENTATION_CONTEXT('2D SPACE',''
  ) );
#8032 = ORIENTED_EDGE('',*,*,#6758,.T.);
#8033 = ORIENTED_EDGE('',*,*,#6659,.T.);
#8034 = ORIENTED_EDGE('',*,*,#6601,.T.);
#8035 = ORIENTED_EDGE('',*,*,#7982,.F.);
#8036 = ORIENTED_EDGE('',*,*,#8037,.T.);
#8037 = EDGE_CURVE('',#7962,#8012,#8038,.T.);
#8038 = SURFACE_CURVE('',#8039,(#8043,#8049),.PCURVE_S1.);
#8039 = LINE('',#8040,#8041);
#8040 = CARTESIAN_POINT('',(0.,2.323975356061,-6.938893903907E-18));
#8041 = VECTOR('',#8042,1.);
#8042 = DIRECTION('',(-1.,0.,0.));
#8043 = PCURVE('',#6616,#8044);
#8044 = DEFINITIONAL_REPRESENTATION('',(#8045),#8048);
#8045 = B_SPLINE_CURVE_WITH_KNOTS('',1,(#8046,#8047),.UNSPECIFIED.,.F.,
  .F.,(2,2),(-0.85,0.85),.PIECEWISE_BEZIER_KNOTS.);
#8046 = CARTESIAN_POINT('',(0.178112283675,-0.85));
#8047 = CARTESIAN_POINT('',(0.178112283675,0.85));
#8048 = ( GEOMETRIC_REPRESENTATION_CONTEXT(2) 
PARAMETRIC_REPRESENTATION_CONTEXT() REPRESENTATION_CONTEXT('2D SPACE',''
  ) );
#8049 = PCURVE('',#7630,#8050);
#8050 = DEFINITIONAL_REPRESENTATION('',(#8051),#8054);
#8051 = B_SPLINE_CURVE_WITH_KNOTS('',1,(#8052,#8053),.UNSPECIFIED.,.F.,
  .F.,(2,2),(-0.85,0.85),.PIECEWISE_BEZIER_KNOTS.);
#8052 = CARTESIAN_POINT('',(0.85,2.323975356061));
#8053 = CARTESIAN_POINT('',(-0.85,2.323975356061));
#8054 = ( GEOMETRIC_REPRESENTATION_CONTEXT(2) 
PARAMETRIC_REPRESENTATION_CONTEXT() REPRESENTATION_CONTEXT('2D SPACE',''
  ) );
#8055 = ADVANCED_FACE('',(#8056),#6792,.F.);
#8056 = FACE_BOUND('',#8057,.F.);
#8057 = EDGE_LOOP('',(#8058,#8059,#8080,#8099,#8100,#8101,#8102,#8103));
#8058 = ORIENTED_EDGE('',*,*,#8011,.T.);
#8059 = ORIENTED_EDGE('',*,*,#8060,.T.);
#8060 = EDGE_CURVE('',#8012,#8061,#8063,.T.);
#8061 = VERTEX_POINT('',#8062);
#8062 = CARTESIAN_POINT('',(-0.848951666667,0.848951666667,0.));
#8063 = SURFACE_CURVE('',#8064,(#8068,#8074),.PCURVE_S1.);
#8064 = LINE('',#8065,#8066);
#8065 = CARTESIAN_POINT('',(-0.848951666667,-1.138699425633E-17,0.));
#8066 = VECTOR('',#8067,1.);
#8067 = DIRECTION('',(0.,-1.,0.));
#8068 = PCURVE('',#6792,#8069);
#8069 = DEFINITIONAL_REPRESENTATION('',(#8070),#8073);
#8070 = B_SPLINE_CURVE_WITH_KNOTS('',1,(#8071,#8072),.UNSPECIFIED.,.F.,
  .F.,(2,2),(-2.325,2.325),.PIECEWISE_BEZIER_KNOTS.);
#8071 = CARTESIAN_POINT('',(-0.202167076097,2.325));
#8072 = CARTESIAN_POINT('',(-0.202167076097,-2.325));
#8073 = ( GEOMETRIC_REPRESENTATION_CONTEXT(2) 
PARAMETRIC_REPRESENTATION_CONTEXT() REPRESENTATION_CONTEXT('2D SPACE',''
  ) );
#8074 = PCURVE('',#7630,#8075);
#8075 = DEFINITIONAL_REPRESENTATION('',(#8076),#8079);
#8076 = B_SPLINE_CURVE_WITH_KNOTS('',1,(#8077,#8078),.UNSPECIFIED.,.F.,
  .F.,(2,2),(-2.325,2.325),.PIECEWISE_BEZIER_KNOTS.);
#8077 = CARTESIAN_POINT('',(-0.848951666667,2.325));
#8078 = CARTESIAN_POINT('',(-0.848951666667,-2.325));
#8079 = ( GEOMETRIC_REPRESENTATION_CONTEXT(2) 
PARAMETRIC_REPRESENTATION_CONTEXT() REPRESENTATION_CONTEXT('2D SPACE',''
  ) );
#8080 = ORIENTED_EDGE('',*,*,#8081,.T.);
#8081 = EDGE_CURVE('',#8061,#6981,#8082,.T.);
#8082 = SURFACE_CURVE('',#8083,(#8087,#8093),.PCURVE_S1.);
#8083 = LINE('',#8084,#8085);
#8084 = CARTESIAN_POINT('',(-0.461192693127,0.461192693127,
    0.369881373806));
#8085 = VECTOR('',#8086,1.);
#8086 = DIRECTION('',(0.586218862101,-0.586218862101,0.559191283403));
#8087 = PCURVE('',#6792,#8088);
#8088 = DEFINITIONAL_REPRESENTATION('',(#8089),#8092);
#8089 = B_SPLINE_CURVE_WITH_KNOTS('',1,(#8090,#8091),.UNSPECIFIED.,.F.,
  .F.,(2,2),(-0.661457688602,-0.151492345737),.PIECEWISE_BEZIER_KNOTS.);
#8090 = CARTESIAN_POINT('',(-0.202167076097,0.848951666667));
#8091 = CARTESIAN_POINT('',(0.210982738565,0.550000363661));
#8092 = ( GEOMETRIC_REPRESENTATION_CONTEXT(2) 
PARAMETRIC_REPRESENTATION_CONTEXT() REPRESENTATION_CONTEXT('2D SPACE',''
  ) );
#8093 = PCURVE('',#7064,#8094);
#8094 = DEFINITIONAL_REPRESENTATION('',(#8095),#8098);
#8095 = B_SPLINE_CURVE_WITH_KNOTS('',1,(#8096,#8097),.UNSPECIFIED.,.F.,
  .F.,(2,2),(-0.661457688602,-0.151492345737),.PIECEWISE_BEZIER_KNOTS.);
#8096 = CARTESIAN_POINT('',(0.202167076097,0.848951666667));
#8097 = CARTESIAN_POINT('',(-0.210982738565,0.550000363661));
#8098 = ( GEOMETRIC_REPRESENTATION_CONTEXT(2) 
PARAMETRIC_REPRESENTATION_CONTEXT() REPRESENTATION_CONTEXT('2D SPACE',''
  ) );
#8099 = ORIENTED_EDGE('',*,*,#6980,.T.);
#8100 = ORIENTED_EDGE('',*,*,#6936,.T.);
#8101 = ORIENTED_EDGE('',*,*,#6860,.T.);
#8102 = ORIENTED_EDGE('',*,*,#6807,.T.);
#8103 = ORIENTED_EDGE('',*,*,#6779,.T.);
#8104 = ADVANCED_FACE('',(#8105),#7064,.F.);
#8105 = FACE_BOUND('',#8106,.F.);
#8106 = EDGE_LOOP('',(#8107,#8129,#8130,#8131,#8132,#8133,#8134,#8135));
#8107 = ORIENTED_EDGE('',*,*,#8108,.F.);
#8108 = EDGE_CURVE('',#7286,#8109,#8111,.T.);
#8109 = VERTEX_POINT('',#8110);
#8110 = CARTESIAN_POINT('',(-2.323975356061,0.848951666667,0.));
#8111 = SURFACE_CURVE('',#8112,(#8116,#8122),.PCURVE_S1.);
#8112 = LINE('',#8113,#8114);
#8113 = CARTESIAN_POINT('',(-2.017606818182,0.5355,0.299));
#8114 = VECTOR('',#8115,1.);
#8115 = DIRECTION('',(-0.577422470385,0.590772267173,-0.56353475406));
#8116 = PCURVE('',#7064,#8117);
#8117 = DEFINITIONAL_REPRESENTATION('',(#8118),#8121);
#8118 = B_SPLINE_CURVE_WITH_KNOTS('',1,(#8119,#8120),.UNSPECIFIED.,.F.,
  .F.,(2,2),(0.,0.532354034669),.PIECEWISE_BEZIER_KNOTS.);
#8119 = CARTESIAN_POINT('',(-0.231022198166,2.017606818182));
#8120 = CARTESIAN_POINT('',(0.203615869656,2.325));
#8121 = ( GEOMETRIC_REPRESENTATION_CONTEXT(2) 
PARAMETRIC_REPRESENTATION_CONTEXT() REPRESENTATION_CONTEXT('2D SPACE',''
  ) );
#8122 = PCURVE('',#7321,#8123);
#8123 = DEFINITIONAL_REPRESENTATION('',(#8124),#8128);
#8124 = LINE('',#8125,#8126);
#8125 = CARTESIAN_POINT('',(0.249979623516,0.5355));
#8126 = VECTOR('',#8127,1.);
#8127 = DIRECTION('',(-0.80683835329,0.590772267173));
#8128 = ( GEOMETRIC_REPRESENTATION_CONTEXT(2) 
PARAMETRIC_REPRESENTATION_CONTEXT() REPRESENTATION_CONTEXT('2D SPACE',''
  ) );
#8129 = ORIENTED_EDGE('',*,*,#7285,.T.);
#8130 = ORIENTED_EDGE('',*,*,#7262,.T.);
#8131 = ORIENTED_EDGE('',*,*,#7163,.T.);
#8132 = ORIENTED_EDGE('',*,*,#7110,.T.);
#8133 = ORIENTED_EDGE('',*,*,#7030,.F.);
#8134 = ORIENTED_EDGE('',*,*,#8081,.F.);
#8135 = ORIENTED_EDGE('',*,*,#8136,.T.);
#8136 = EDGE_CURVE('',#8061,#8109,#8137,.T.);
#8137 = SURFACE_CURVE('',#8138,(#8142,#8148),.PCURVE_S1.);
#8138 = LINE('',#8139,#8140);
#8139 = CARTESIAN_POINT('',(1.138699425633E-17,0.848951666667,0.));
#8140 = VECTOR('',#8141,1.);
#8141 = DIRECTION('',(-1.,0.,0.));
#8142 = PCURVE('',#7064,#8143);
#8143 = DEFINITIONAL_REPRESENTATION('',(#8144),#8147);
#8144 = B_SPLINE_CURVE_WITH_KNOTS('',1,(#8145,#8146),.UNSPECIFIED.,.F.,
  .F.,(2,2),(-2.325,2.325),.PIECEWISE_BEZIER_KNOTS.);
#8145 = CARTESIAN_POINT('',(0.202167076097,-2.325));
#8146 = CARTESIAN_POINT('',(0.202167076097,2.325));
#8147 = ( GEOMETRIC_REPRESENTATION_CONTEXT(2) 
PARAMETRIC_REPRESENTATION_CONTEXT() REPRESENTATION_CONTEXT('2D SPACE',''
  ) );
#8148 = PCURVE('',#7630,#8149);
#8149 = DEFINITIONAL_REPRESENTATION('',(#8150),#8153);
#8150 = B_SPLINE_CURVE_WITH_KNOTS('',1,(#8151,#8152),.UNSPECIFIED.,.F.,
  .F.,(2,2),(-2.325,2.325),.PIECEWISE_BEZIER_KNOTS.);
#8151 = CARTESIAN_POINT('',(2.325,0.848951666667));
#8152 = CARTESIAN_POINT('',(-2.325,0.848951666667));
#8153 = ( GEOMETRIC_REPRESENTATION_CONTEXT(2) 
PARAMETRIC_REPRESENTATION_CONTEXT() REPRESENTATION_CONTEXT('2D SPACE',''
  ) );
#8154 = ADVANCED_FACE('',(#8155),#7321,.F.);
#8155 = FACE_BOUND('',#8156,.F.);
#8156 = EDGE_LOOP('',(#8157,#8176,#8177,#8178,#8179,#8180));
#8157 = ORIENTED_EDGE('',*,*,#8158,.T.);
#8158 = EDGE_CURVE('',#8109,#7594,#8159,.T.);
#8159 = SURFACE_CURVE('',#8160,(#8164,#8170),.PCURVE_S1.);
#8160 = LINE('',#8161,#8162);
#8161 = CARTESIAN_POINT('',(-2.323975356061,0.,0.));
#8162 = VECTOR('',#8163,1.);
#8163 = DIRECTION('',(0.,-1.,0.));
#8164 = PCURVE('',#7321,#8165);
#8165 = DEFINITIONAL_REPRESENTATION('',(#8166),#8169);
#8166 = B_SPLINE_CURVE_WITH_KNOTS('',1,(#8167,#8168),.UNSPECIFIED.,.F.,
  .F.,(2,2),(-0.85,0.85),.PIECEWISE_BEZIER_KNOTS.);
#8167 = CARTESIAN_POINT('',(-0.178112283675,0.85));
#8168 = CARTESIAN_POINT('',(-0.178112283675,-0.85));
#8169 = ( GEOMETRIC_REPRESENTATION_CONTEXT(2) 
PARAMETRIC_REPRESENTATION_CONTEXT() REPRESENTATION_CONTEXT('2D SPACE',''
  ) );
#8170 = PCURVE('',#7630,#8171);
#8171 = DEFINITIONAL_REPRESENTATION('',(#8172),#8175);
#8172 = B_SPLINE_CURVE_WITH_KNOTS('',1,(#8173,#8174),.UNSPECIFIED.,.F.,
  .F.,(2,2),(-0.85,0.85),.PIECEWISE_BEZIER_KNOTS.);
#8173 = CARTESIAN_POINT('',(-2.323975356061,0.85));
#8174 = CARTESIAN_POINT('',(-2.323975356061,-0.85));
#8175 = ( GEOMETRIC_REPRESENTATION_CONTEXT(2) 
PARAMETRIC_REPRESENTATION_CONTEXT() REPRESENTATION_CONTEXT('2D SPACE',''
  ) );
#8176 = ORIENTED_EDGE('',*,*,#7593,.F.);
#8177 = ORIENTED_EDGE('',*,*,#7463,.T.);
#8178 = ORIENTED_EDGE('',*,*,#7364,.T.);
#8179 = ORIENTED_EDGE('',*,*,#7306,.T.);
#8180 = ORIENTED_EDGE('',*,*,#8108,.T.);
#8181 = ADVANCED_FACE('',(#8182),#7576,.T.);
#8182 = FACE_BOUND('',#8183,.T.);
#8183 = EDGE_LOOP('',(#8184,#8185,#8208,#8230));
#8184 = ORIENTED_EDGE('',*,*,#7561,.F.);
#8185 = ORIENTED_EDGE('',*,*,#8186,.F.);
#8186 = EDGE_CURVE('',#8187,#7539,#8189,.T.);
#8187 = VERTEX_POINT('',#8188);
#8188 = CARTESIAN_POINT('',(2.75,-6.73555739531E-16,0.));
#8189 = SEAM_CURVE('',#8190,(#8194,#8201),.PCURVE_S1.);
#8190 = LINE('',#8191,#8192);
#8191 = CARTESIAN_POINT('',(2.75,-6.73555739531E-16,0.));
#8192 = VECTOR('',#8193,1.);
#8193 = DIRECTION('',(0.,0.,1.));
#8194 = PCURVE('',#7576,#8195);
#8195 = DEFINITIONAL_REPRESENTATION('',(#8196),#8200);
#8196 = LINE('',#8197,#8198);
#8197 = CARTESIAN_POINT('',(6.28318530718,-0.));
#8198 = VECTOR('',#8199,1.);
#8199 = DIRECTION('',(0.,1.));
#8200 = ( GEOMETRIC_REPRESENTATION_CONTEXT(2) 
PARAMETRIC_REPRESENTATION_CONTEXT() REPRESENTATION_CONTEXT('2D SPACE',''
  ) );
#8201 = PCURVE('',#7576,#8202);
#8202 = DEFINITIONAL_REPRESENTATION('',(#8203),#8207);
#8203 = LINE('',#8204,#8205);
#8204 = CARTESIAN_POINT('',(0.,-0.));
#8205 = VECTOR('',#8206,1.);
#8206 = DIRECTION('',(0.,1.));
#8207 = ( GEOMETRIC_REPRESENTATION_CONTEXT(2) 
PARAMETRIC_REPRESENTATION_CONTEXT() REPRESENTATION_CONTEXT('2D SPACE',''
  ) );
#8208 = ORIENTED_EDGE('',*,*,#8209,.T.);
#8209 = EDGE_CURVE('',#8187,#8187,#8210,.T.);
#8210 = SURFACE_CURVE('',#8211,(#8216,#8223),.PCURVE_S1.);
#8211 = CIRCLE('',#8212,2.75);
#8212 = AXIS2_PLACEMENT_3D('',#8213,#8214,#8215);
#8213 = CARTESIAN_POINT('',(0.,0.,0.));
#8214 = DIRECTION('',(0.,0.,1.));
#8215 = DIRECTION('',(1.,0.,-0.));
#8216 = PCURVE('',#7576,#8217);
#8217 = DEFINITIONAL_REPRESENTATION('',(#8218),#8222);
#8218 = LINE('',#8219,#8220);
#8219 = CARTESIAN_POINT('',(0.,0.));
#8220 = VECTOR('',#8221,1.);
#8221 = DIRECTION('',(1.,0.));
#8222 = ( GEOMETRIC_REPRESENTATION_CONTEXT(2) 
PARAMETRIC_REPRESENTATION_CONTEXT() REPRESENTATION_CONTEXT('2D SPACE',''
  ) );
#8223 = PCURVE('',#7630,#8224);
#8224 = DEFINITIONAL_REPRESENTATION('',(#8225),#8229);
#8225 = CIRCLE('',#8226,2.75);
#8226 = AXIS2_PLACEMENT_2D('',#8227,#8228);
#8227 = CARTESIAN_POINT('',(0.,0.));
#8228 = DIRECTION('',(1.,0.));
#8229 = ( GEOMETRIC_REPRESENTATION_CONTEXT(2) 
PARAMETRIC_REPRESENTATION_CONTEXT() REPRESENTATION_CONTEXT('2D SPACE',''
  ) );
#8230 = ORIENTED_EDGE('',*,*,#8186,.T.);
#8231 = ADVANCED_FACE('',(#8232,#8235),#7630,.F.);
#8232 = FACE_BOUND('',#8233,.F.);
#8233 = EDGE_LOOP('',(#8234));
#8234 = ORIENTED_EDGE('',*,*,#8209,.T.);
#8235 = FACE_BOUND('',#8236,.F.);
#8236 = EDGE_LOOP('',(#8237,#8238,#8239,#8240,#8241,#8242,#8243,#8244,
    #8245,#8246,#8247,#8248));
#8237 = ORIENTED_EDGE('',*,*,#7667,.F.);
#8238 = ORIENTED_EDGE('',*,*,#7615,.F.);
#8239 = ORIENTED_EDGE('',*,*,#8158,.F.);
#8240 = ORIENTED_EDGE('',*,*,#8136,.F.);
#8241 = ORIENTED_EDGE('',*,*,#8060,.F.);
#8242 = ORIENTED_EDGE('',*,*,#8037,.F.);
#8243 = ORIENTED_EDGE('',*,*,#7961,.F.);
#8244 = ORIENTED_EDGE('',*,*,#7915,.F.);
#8245 = ORIENTED_EDGE('',*,*,#7865,.F.);
#8246 = ORIENTED_EDGE('',*,*,#7815,.F.);
#8247 = ORIENTED_EDGE('',*,*,#7766,.F.);
#8248 = ORIENTED_EDGE('',*,*,#7717,.F.);
#8249 = ( GEOMETRIC_REPRESENTATION_CONTEXT(3) 
GLOBAL_UNCERTAINTY_ASSIGNED_CONTEXT((#8253)) 
GLOBAL_UNIT_ASSIGNED_CONTEXT((#8250,#8251,#8252)) REPRESENTATION_CONTEXT
('Context #1','3D Context with UNIT and UNCERTAINTY') );
#8250 = ( LENGTH_UNIT() NAMED_UNIT(*) SI_UNIT(.MILLI.,.METRE.) );
#8251 = ( NAMED_UNIT(*) PLANE_ANGLE_UNIT() SI_UNIT($,.RADIAN.) );
#8252 = ( NAMED_UNIT(*) SI_UNIT($,.STERADIAN.) SOLID_ANGLE_UNIT() );
#8253 = UNCERTAINTY_MEASURE_WITH_UNIT(LENGTH_MEASURE(2.E-06),#8250,
  'distance_accuracy_value','confusion accuracy');
#8254 = PRODUCT_RELATED_PRODUCT_CATEGORY('part',$,(#7));
ENDSEC;
END-ISO-10303-21;
